nose_x,nose_y,nose_z,left_eye_inner_x,left_eye_inner_y,left_eye_inner_z,left_eye_x,left_eye_y,left_eye_z,left_eye_outer_x,left_eye_outer_y,left_eye_outer_z,right_eye_inner_x,right_eye_inner_y,right_eye_inner_z,right_eye_x,right_eye_y,right_eye_z,right_eye_outer_x,right_eye_outer_y,right_eye_outer_z,left_ear_x,left_ear_y,left_ear_z,right_ear_x,right_ear_y,right_ear_z,mouth_left_x,mouth_left_y,mouth_left_z,mouth_right_x,mouth_right_y,mouth_right_z,left_shoulder_x,left_shoulder_y,left_shoulder_z,right_shoulder_x,right_shoulder_y,right_shoulder_z,left_elbow_x,left_elbow_y,left_elbow_z,right_elbow_x,right_elbow_y,right_elbow_z,left_wrist_x,left_wrist_y,left_wrist_z,right_wrist_x,right_wrist_y,right_wrist_z,left_pinky_x,left_pinky_y,left_pinky_z,right_pinky_x,right_pinky_y,right_pinky_z,left_index_x,left_index_y,left_index_z,right_index_x,right_index_y,right_index_z,left_thumb_x,left_thumb_y,left_thumb_z,right_thumb_x,right_thumb_y,right_thumb_z,left_hip_x,left_hip_y,left_hip_z,right_hip_x,right_hip_y,right_hip_z,left_knee_x,left_knee_y,left_knee_z,right_knee_x,right_knee_y,right_knee_z,left_ankle_x,left_ankle_y,left_ankle_z,right_ankle_x,right_ankle_y,right_ankle_z,left_heel_x,left_heel_y,left_heel_z,right_heel_x,right_heel_y,right_heel_z,left_foot_index_x,left_foot_index_y,left_foot_index_z,right_foot_index_x,right_foot_index_y,right_foot_index_z,GOOD,BAD
0.6157461404800415,0.21079429984092712,-0.19070829451084137,0.6263611316680908,0.19319775700569153,-0.19725003838539124,0.6307939291000366,0.1928459107875824,-0.1972992867231369,0.6351978182792664,0.1926676481962204,-0.19731037318706512,0.618816077709198,0.1938716620206833,-0.1647605001926422,0.6176528930664062,0.19381728768348694,-0.16476404666900635,0.6165662407875061,0.193439319729805,-0.16478820145130157,0.6488114595413208,0.20544397830963135,-0.17881259322166443,0.6290603876113892,0.20101803541183472,-0.03129418566823006,0.6229196786880493,0.2335023283958435,-0.18311595916748047,0.6150866150856018,0.23362161219120026,-0.1400209665298462,0.6696993708610535,0.31084394454956055,-0.256237268447876,0.6183183789253235,0.3222087025642395,0.11626259982585907,0.582216203212738,0.39267095923423767,-0.364302396774292,0.551579475402832,0.39711126685142517,0.1519097536802292,0.4842611253261566,0.43306392431259155,-0.3977959156036377,0.4791344702243805,0.45128610730171204,0.04602929204702377,0.4651342034339905,0.44913601875305176,-0.4467690885066986,0.4637477397918701,0.4619380831718445,0.03435762599110603,0.46362853050231934,0.4482521414756775,-0.4325394630432129,0.4638100564479828,0.46646416187286377,-0.004503488074988127,0.4689734876155853,0.4470149874687195,-0.3936012387275696,0.46991395950317383,0.4649181365966797,0.024711109697818756,0.6725095510482788,0.5841861367225647,-0.11939726769924164,0.6399742364883423,0.5814922451972961,0.119112528860569,0.5539283752441406,0.4758341908454895,-0.2767561972141266,0.5328413248062134,0.4708068370819092,0.07061023265123367,0.5376085638999939,0.7104611396789551,-0.19371579587459564,0.5209265351295471,0.6859291791915894,0.06143365427851677,0.543703556060791,0.7631452083587646,-0.18394796550273895,0.5297362804412842,0.7256131768226624,0.05826251953840256,0.48290032148361206,0.720617413520813,-0.22942721843719482,0.46920737624168396,0.7044390439987183,0.01336921751499176,0,1
0.6306794881820679,0.20812341570854187,-0.143014594912529,0.640137255191803,0.19218313694000244,-0.14563658833503723,0.6442459225654602,0.19218409061431885,-0.14565066993236542,0.6492136120796204,0.19227294623851776,-0.14558705687522888,0.6345974206924438,0.19164757430553436,-0.11676982790231705,0.6339533925056458,0.19128713011741638,-0.11680960655212402,0.6334071159362793,0.19098027050495148,-0.11685192584991455,0.6650103330612183,0.20531874895095825,-0.121134914457798,0.6461552381515503,0.20068742334842682,0.010511411353945732,0.6381044983863831,0.2318829596042633,-0.13432124257087708,0.6314358115196228,0.2303999364376068,-0.09607741236686707,0.6853443384170532,0.3112369775772095,-0.2023375928401947,0.6256815791130066,0.32506754994392395,0.1412632167339325,0.6078442931175232,0.3910865783691406,-0.33192211389541626,0.5521786212921143,0.40316370129585266,0.16515247523784637,0.5094687938690186,0.42998552322387695,-0.4010007381439209,0.48432451486587524,0.45162099599838257,0.05730505660176277,0.4865643382072449,0.4450383484363556,-0.44605645537376404,0.4686087965965271,0.45940810441970825,0.04185492917895317,0.48448100686073303,0.44104769825935364,-0.4318409860134125,0.46939927339553833,0.46172577142715454,0.006973215378820896,0.49208730459213257,0.44067564606666565,-0.3975270092487335,0.4752746522426605,0.46132156252861023,0.0376313142478466,0.6828272342681885,0.5882914662361145,-0.11126569658517838,0.6443382501602173,0.5826811194419861,0.11100856214761734,0.5701111555099487,0.48611390590667725,-0.3379475474357605,0.5362933874130249,0.4724104702472687,0.02964215911924839,0.534369170665741,0.7213320136070251,-0.36027857661247253,0.5174852013587952,0.6916463375091553,-0.013250203803181648,0.539648711681366,0.7780494689941406,-0.36206939816474915,0.5254125595092773,0.734995424747467,-0.020030679181218147,0.471363365650177,0.7232280373573303,-0.44040927290916443,0.4604412019252777,0.7026283740997314,-0.07660859823226929,0,1
0.6518080234527588,0.20844243466854095,-0.13114136457443237,0.6628140807151794,0.19274747371673584,-0.12848122417926788,0.6675063371658325,0.19283586740493774,-0.12847666442394257,0.6722526550292969,0.19300344586372375,-0.12839935719966888,0.6548603177070618,0.1919897496700287,-0.10356234014034271,0.6536058187484741,0.19165100157260895,-0.10362465679645538,0.6524865627288818,0.19135214388370514,-0.10366924107074738,0.6856197118759155,0.20683208107948303,-0.08741490542888641,0.6634253263473511,0.20119836926460266,0.024209454655647278,0.6589082479476929,0.2329171895980835,-0.11747084558010101,0.6502936482429504,0.2311767339706421,-0.08464211225509644,0.7037672996520996,0.3113807141780853,-0.1722451001405716,0.6415351033210754,0.32419103384017944,0.14133837819099426,0.6299023628234863,0.38523104786872864,-0.3113975524902344,0.5706365704536438,0.38912996649742126,0.1081729531288147,0.5347686409950256,0.41828078031539917,-0.37736958265304565,0.5098982453346252,0.4378281533718109,-0.07181961089372635,0.5156468152999878,0.4362454414367676,-0.4218286871910095,0.49267512559890747,0.44873639941215515,-0.09670279920101166,0.5132662057876587,0.43373653292655945,-0.4079417586326599,0.4937625825405121,0.4500141441822052,-0.12854057550430298,0.5200257897377014,0.4320141673088074,-0.37325912714004517,0.5010982751846313,0.4476299583911896,-0.09197340160608292,0.70169997215271,0.5879350304603577,-0.10926021635532379,0.6622470021247864,0.5729326605796814,0.10902533680200577,0.5885623693466187,0.5067899227142334,-0.34551888704299927,0.5521727800369263,0.47468459606170654,-0.0073740012012422085,0.537371039390564,0.7402693033218384,-0.40532463788986206,0.5162353515625,0.6988744139671326,-0.07786807417869568,0.5412970185279846,0.7947127223014832,-0.41127142310142517,0.52097487449646,0.7389249205589294,-0.0868891179561615,0.47315463423728943,0.7301012873649597,-0.49490270018577576,0.45645275712013245,0.6958556175231934,-0.14569787681102753,0,1
0.671585202217102,0.20833556354045868,-0.17594659328460693,0.6823192834854126,0.1936122328042984,-0.17164915800094604,0.6863443851470947,0.1939360797405243,-0.1716574728488922,0.6905287504196167,0.19436806440353394,-0.17160184681415558,0.6740988492965698,0.1926083266735077,-0.1491667628288269,0.6725828647613525,0.19234269857406616,-0.14924141764640808,0.6712805032730103,0.19207346439361572,-0.14927293360233307,0.7029967308044434,0.20775514841079712,-0.12031342089176178,0.681730329990387,0.20231211185455322,-0.025568580254912376,0.6782053709030151,0.23276805877685547,-0.15963491797447205,0.6695764660835266,0.23081524670124054,-0.13060763478279114,0.7233046889305115,0.3113367259502411,-0.19260865449905396,0.657713770866394,0.32424280047416687,0.09529987722635269,0.6477993130683899,0.3802836835384369,-0.3149872422218323,0.5902847647666931,0.38626086711883545,0.08199159055948257,0.5584002733230591,0.40852415561676025,-0.37306278944015503,0.5290436744689941,0.4252130389213562,-0.06831435114145279,0.5363515615463257,0.4301489591598511,-0.41298907995224,0.5090328454971313,0.4403388202190399,-0.08871249109506607,0.5340363383293152,0.42772018909454346,-0.39942610263824463,0.5140866041183472,0.43944689631462097,-0.12106281518936157,0.54169762134552,0.4224171042442322,-0.36927416920661926,0.5183647871017456,0.43560296297073364,-0.08774524927139282,0.7198415994644165,0.5827751755714417,-0.10540220886468887,0.6815164685249329,0.5636711716651917,0.10521496832370758,0.6047382354736328,0.5192025303840637,-0.3147538900375366,0.5708280801773071,0.48106521368026733,-0.007405441254377365,0.5426697134971619,0.7367479801177979,-0.3647555708885193,0.5163765549659729,0.7007753252983093,-0.06953324377536774,0.5443517565727234,0.7897355556488037,-0.36875420808792114,0.5161224603652954,0.7458909749984741,-0.07826211303472519,0.48611417412757874,0.725719690322876,-0.45139020681381226,0.45828431844711304,0.6916048526763916,-0.13850191235542297,0,1
0.6890539526939392,0.2117142528295517,-0.16271644830703735,0.6992432475090027,0.19659891724586487,-0.1590087115764618,0.7036715149879456,0.1968088299036026,-0.15901748836040497,0.708004355430603,0.19702325761318207,-0.15897716581821442,0.6909747123718262,0.19641369581222534,-0.13730882108211517,0.6895139217376709,0.19634903967380524,-0.13738712668418884,0.6882294416427612,0.19621112942695618,-0.137413889169693,0.7209264039993286,0.20948611199855804,-0.11786448955535889,0.6981973648071289,0.2062802016735077,-0.021239202469587326,0.6958874464035034,0.23384886980056763,-0.1486377716064453,0.6873918771743774,0.23304782807826996,-0.1197025403380394,0.744323194026947,0.31022027134895325,-0.19240733981132507,0.6775919795036316,0.32423874735832214,0.10082310438156128,0.6712623834609985,0.3789076805114746,-0.33327510952949524,0.615753710269928,0.38457420468330383,0.09142003208398819,0.5900753736495972,0.4034251272678375,-0.4181164801120758,0.55228590965271,0.42448121309280396,-0.06296555697917938,0.5664727091789246,0.42121627926826477,-0.46225276589393616,0.5329413414001465,0.4361969828605652,-0.08300357311964035,0.5637815594673157,0.4178602397441864,-0.4477759301662445,0.5335710048675537,0.4343301057815552,-0.11372234672307968,0.570877194404602,0.4141005575656891,-0.4144080579280853,0.5419434309005737,0.43086692690849304,-0.08192175626754761,0.7343714237213135,0.5758283138275146,-0.10459846258163452,0.6957778930664062,0.5569627285003662,0.10443588346242905,0.6176279783248901,0.5274401903152466,-0.32484155893325806,0.5851680040359497,0.4912654757499695,-0.012520991265773773,0.5462937355041504,0.7359632849693298,-0.3698422312736511,0.5183295011520386,0.6978784799575806,-0.0630996897816658,0.5471441745758057,0.7882794737815857,-0.3745729923248291,0.5214298367500305,0.7362281680107117,-0.07028158009052277,0.4963363707065582,0.7222203016281128,-0.46306076645851135,0.4633224606513977,0.6888984441757202,-0.13241831958293915,0,1
0.707882285118103,0.21962252259254456,-0.06482498347759247,0.7168043851852417,0.20340228080749512,-0.06555920094251633,0.7211427688598633,0.20307642221450806,-0.06554494798183441,0.7260954976081848,0.20275618135929108,-0.06547791510820389,0.7096092700958252,0.20377695560455322,-0.041335463523864746,0.7086392641067505,0.20391525328159332,-0.041394319385290146,0.7078335881233215,0.20399971306324005,-0.041449252516031265,0.7402945756912231,0.21347105503082275,-0.04072260856628418,0.7163180112838745,0.21210946142673492,0.06930483877658844,0.7150636911392212,0.23885105550289154,-0.05536196753382683,0.7071645259857178,0.23890575766563416,-0.023177696391940117,0.7647625207901001,0.3093286454677582,-0.12835931777954102,0.6988788843154907,0.3241173028945923,0.18177039921283722,0.6858681440353394,0.3785006105899811,-0.25498950481414795,0.634168803691864,0.3848450481891632,0.21536867320537567,0.6023734211921692,0.40450960397720337,-0.3223792612552643,0.5709353685379028,0.4163452982902527,0.12406064569950104,0.5801613926887512,0.4180608093738556,-0.3560781180858612,0.5526818037033081,0.42641913890838623,0.11945970356464386,0.5726214647293091,0.40390726923942566,-0.3411783277988434,0.5536118745803833,0.42467719316482544,0.09102672338485718,0.5836148858070374,0.41319236159324646,-0.31655916571617126,0.5602265000343323,0.42241233587265015,0.10840819776058197,0.7447791695594788,0.5744889378547668,-0.10638346523046494,0.706427812576294,0.5556166768074036,0.10624482482671738,0.625740110874176,0.537072479724884,-0.28116002678871155,0.5948819518089294,0.5050783753395081,0.016946537420153618,0.5464776754379272,0.7374303936958313,-0.3471357822418213,0.516921877861023,0.6886761784553528,-0.03131166845560074,0.5466514825820923,0.7871431708335876,-0.35322892665863037,0.5164231061935425,0.7266955971717834,-0.036545876413583755,0.49488696455955505,0.7249936461448669,-0.4218681752681732,0.4623029828071594,0.6719751358032227,-0.07520602643489838,0,1
0.7286033034324646,0.2313176840543747,-0.05165635794401169,0.7366510629653931,0.21354946494102478,-0.05280347913503647,0.7409554719924927,0.21242578327655792,-0.05280693620443344,0.7458983659744263,0.21152089536190033,-0.05274052545428276,0.7299764752388,0.21537631750106812,-0.03038305975496769,0.728476881980896,0.21554717421531677,-0.030456418171525,0.7269694805145264,0.21598349511623383,-0.030529936775565147,0.7606021165847778,0.22027789056301117,-0.0312519408762455,0.7348505258560181,0.2211887389421463,0.07057339698076248,0.7358145117759705,0.24917425215244293,-0.04317469522356987,0.7276524305343628,0.24929332733154297,-0.01341209001839161,0.7863799929618835,0.31193363666534424,-0.11073116213083267,0.7189157009124756,0.3254584074020386,0.17084552347660065,0.7171005010604858,0.38060158491134644,-0.23834721744060516,0.654602587223053,0.3879874050617218,0.193574458360672,0.6347538232803345,0.40174156427383423,-0.3207968473434448,0.5961284637451172,0.4124810993671417,0.08834760636091232,0.6156768202781677,0.41233983635902405,-0.35407939553260803,0.5760385394096375,0.4208229184150696,0.07885231822729111,0.6079611778259277,0.4012176990509033,-0.3430750370025635,0.5762428641319275,0.4183897376060486,0.05245359614491463,0.6168904304504395,0.4067787528038025,-0.31651371717453003,0.5832210779190063,0.4178198575973511,0.07297800481319427,0.7565499544143677,0.574656069278717,-0.10068728774785995,0.7159038782119751,0.5561144948005676,0.10057617723941803,0.6391252875328064,0.5603429079055786,-0.2624060809612274,0.6083759069442749,0.51945561170578,0.0035291400272399187,0.5490102171897888,0.7400725483894348,-0.3284253776073456,0.5228801965713501,0.6896125078201294,-0.04389624297618866,0.5467098355293274,0.7878871560096741,-0.33412447571754456,0.5142920613288879,0.72307288646698,-0.04954085499048233,0.49481910467147827,0.7242833375930786,-0.40207114815711975,0.4606918394565582,0.6643349528312683,-0.09250719100236893,0,1
0.7479668855667114,0.24859710037708282,0.03908918425440788,0.7544838190078735,0.2320714145898819,0.04117949679493904,0.7587554454803467,0.23007257282733917,0.041187770664691925,0.7640336751937866,0.2281341403722763,0.04123871400952339,0.7468472719192505,0.23454539477825165,0.06040762737393379,0.7450007796287537,0.23490680754184723,0.06033109501004219,0.7435017228126526,0.23524600267410278,0.0602322593331337,0.7798816561698914,0.23119907081127167,0.0682649239897728,0.7511373162269592,0.237015038728714,0.15511484444141388,0.7571560144424438,0.26590120792388916,0.049341507256031036,0.7481611371040344,0.2686825096607208,0.07478851824998856,0.807153046131134,0.314964234828949,-0.019649479538202286,0.7385739684104919,0.32736456394195557,0.23367711901664734,0.756664514541626,0.3892180919647217,-0.15012933313846588,0.6745501756668091,0.3970161974430084,0.24939873814582825,0.675332248210907,0.40235981345176697,-0.25270700454711914,0.6168177127838135,0.4137299358844757,0.14757069945335388,0.6539746522903442,0.41366589069366455,-0.2842220962047577,0.5939333438873291,0.4224448800086975,0.13479360938072205,0.6467604041099548,0.4034067690372467,-0.2776130139827728,0.5948619842529297,0.4198136627674103,0.11110913753509521,0.6522392630577087,0.4076848030090332,-0.25049513578414917,0.6049090623855591,0.41904857754707336,0.13283167779445648,0.7723219394683838,0.5721908807754517,-0.09196732938289642,0.7294599413871765,0.5541900396347046,0.09188374131917953,0.6474180221557617,0.5756568908691406,-0.2425810992717743,0.6199985146522522,0.5429779291152954,-0.03424755483865738,0.5523812770843506,0.7445127964019775,-0.3344191312789917,0.526608407497406,0.6903964877128601,-0.12378250062465668,0.5465052127838135,0.7910433411598206,-0.3443053960800171,0.5174297094345093,0.7137792706489563,-0.1336745023727417,0.4956028461456299,0.7176389098167419,-0.4191417098045349,0.46305495500564575,0.6595655083656311,-0.18274131417274475,0,1
0.7565035223960876,0.2736232876777649,0.12393927574157715,0.7611445188522339,0.25535228848457336,0.12683145701885223,0.7650386095046997,0.252626895904541,0.1268312782049179,0.7700188755989075,0.24967540800571442,0.12684553861618042,0.7540963888168335,0.2578962743282318,0.14821060001850128,0.7526842951774597,0.25833365321159363,0.14816269278526306,0.7515161037445068,0.258866548538208,0.148123636841774,0.7880455851554871,0.24740581214427948,0.15014705061912537,0.762264609336853,0.259134978055954,0.24779248237609863,0.7669869065284729,0.2876392900943756,0.13196446001529694,0.7588478326797485,0.2898600101470947,0.16060525178909302,0.8225349187850952,0.3199726939201355,0.05720687657594681,0.7528594136238098,0.3405815660953522,0.29317888617515564,0.7885823845863342,0.3953934609889984,-0.08492140471935272,0.6946760416030884,0.41295090317726135,0.2863975465297699,0.7127515077590942,0.40245458483695984,-0.2087843418121338,0.6365793943405151,0.41836273670196533,0.17212910950183868,0.693769633769989,0.41412684321403503,-0.2459677904844284,0.6214857697486877,0.42524582147598267,0.15028518438339233,0.6917095184326172,0.40384531021118164,-0.24252459406852722,0.6231836080551147,0.42177990078926086,0.12808391451835632,0.6951597929000854,0.40786033868789673,-0.2084466964006424,0.6295603513717651,0.4206896424293518,0.15642592310905457,0.7788106799125671,0.5687510967254639,-0.08450798690319061,0.7362887263298035,0.5511259436607361,0.08449050039052963,0.6560372114181519,0.6004860401153564,-0.2285935878753662,0.628630518913269,0.5634242296218872,-0.05050336569547653,0.5566962957382202,0.7569790482521057,-0.33594009280204773,0.5287263989448547,0.6953806281089783,-0.15254119038581848,0.5466161370277405,0.800370454788208,-0.34843698143959045,0.5234318971633911,0.7276453375816345,-0.16454766690731049,0.5011026263237,0.7186576128005981,-0.4372275471687317,0.46521052718162537,0.6641991138458252,-0.22392141819000244,0,1
0.7502557039260864,0.28794148564338684,0.04671759530901909,0.7548960447311401,0.27051857113838196,0.08116109669208527,0.7593328952789307,0.26804906129837036,0.0817275121808052,0.7627890110015869,0.2651157081127167,0.08230845630168915,0.7489355206489563,0.27318906784057617,0.08496979624032974,0.7480987906455994,0.27323415875434875,0.08473215997219086,0.7474703788757324,0.2735337018966675,0.08471984416246414,0.7807420492172241,0.25456702709198,0.012389716692268848,0.7595739364624023,0.2724158763885498,0.12140393257141113,0.7603223323822021,0.2998708188533783,0.053029775619506836,0.7541460394859314,0.30291518568992615,0.10164263099431992,0.8255753517150879,0.3185182511806488,-0.0529022216796875,0.7568170428276062,0.3431447744369507,0.17062059044837952,0.8124022483825684,0.4290100932121277,-0.13896557688713074,0.7289785742759705,0.4497675597667694,0.18978390097618103,0.7334634065628052,0.4023922383785248,-0.20007732510566711,0.6739580631256104,0.4419304430484772,0.08435056358575821,0.7149485349655151,0.4123879671096802,-0.22640971839427948,0.6577244400978088,0.4408210217952728,0.06719136983156204,0.714318037033081,0.3990023732185364,-0.22055256366729736,0.6576549410820007,0.43522441387176514,0.04392671212553978,0.720069169998169,0.3996588885784149,-0.19650611281394958,0.6645078063011169,0.43625950813293457,0.06953655183315277,0.778741717338562,0.568120002746582,-0.07956323772668839,0.7385467290878296,0.5513033270835876,0.07971575111150742,0.6602548360824585,0.5992040634155273,-0.21429328620433807,0.6377902030944824,0.5701752305030823,-0.05200612545013428,0.5606329441070557,0.7593593001365662,-0.32347795367240906,0.5321301221847534,0.6999974250793457,-0.17085891962051392,0.5484475493431091,0.8028339743614197,-0.334159791469574,0.529241681098938,0.7337815761566162,-0.18524256348609924,0.5029521584510803,0.7108138203620911,-0.4046699106693268,0.4737759530544281,0.670663595199585,-0.24062716960906982,0,1
0.7148303389549255,0.26603731513023376,-0.0337524451315403,0.7197840213775635,0.24826447665691376,-0.04394333437085152,0.7229446768760681,0.24721990525722504,-0.043986283242702484,0.7262595295906067,0.2453383505344391,-0.04400963336229324,0.7165611982345581,0.2489199936389923,-0.017700957134366035,0.7167145013809204,0.2487567514181137,-0.01777464710175991,0.7171356081962585,0.24835500121116638,-0.017855077981948853,0.7460473775863647,0.2410850077867508,-0.05999119207262993,0.7345074415206909,0.24902629852294922,0.059973835945129395,0.724208414554596,0.2833509147167206,-0.037830695509910583,0.7210625410079956,0.2843206524848938,-0.002791386330500245,0.8072382807731628,0.30336758494377136,-0.0934574156999588,0.7383652329444885,0.33735865354537964,0.12558713555335999,0.831025242805481,0.45110639929771423,-0.21662521362304688,0.7243168354034424,0.4587467610836029,0.0910351425409317,0.7520478963851929,0.40359991788864136,-0.2880048155784607,0.6851638555526733,0.4400329887866974,-0.09563148766756058,0.7313686609268188,0.409758985042572,-0.3107077479362488,0.6717840433120728,0.4376125633716583,-0.12509790062904358,0.7293771505355835,0.3961073160171509,-0.2944177985191345,0.6712407469749451,0.43169355392456055,-0.1364617943763733,0.7351247072219849,0.39608854055404663,-0.27667346596717834,0.6774762868881226,0.4339228868484497,-0.10778816044330597,0.7767239809036255,0.5708016157150269,-0.08155763894319534,0.7377658486366272,0.557360053062439,0.08171072602272034,0.6580168604850769,0.594269335269928,-0.21571500599384308,0.6361808180809021,0.5633448362350464,-0.06664956361055374,0.5607368350028992,0.7548450827598572,-0.3094063997268677,0.5331265330314636,0.6971863508224487,-0.17026779055595398,0.5515498518943787,0.8007939457893372,-0.32034561038017273,0.5282629728317261,0.7346808314323425,-0.18283793330192566,0.50294029712677,0.7149641513824463,-0.4106821119785309,0.4734278619289398,0.6705378890037537,-0.244481161236763,0,1
0.6790858507156372,0.2482987344264984,-0.08842918276786804,0.6863824725151062,0.23118379712104797,-0.09231549501419067,0.6897328495979309,0.22955551743507385,-0.09234771877527237,0.6937755942344666,0.22780247032642365,-0.09234193712472916,0.6819437742233276,0.23325884342193604,-0.07135491073131561,0.6816741824150085,0.23343533277511597,-0.07146148383617401,0.6815071105957031,0.23352576792240143,-0.07154752314090729,0.7110374569892883,0.2296883463859558,-0.08295043557882309,0.6970092058181763,0.23720255494117737,0.011544594541192055,0.6886735558509827,0.2670089602470398,-0.08427440375089645,0.6838113069534302,0.26899778842926025,-0.05675535649061203,0.7654201984405518,0.3145325481891632,-0.12265248596668243,0.693595826625824,0.34211331605911255,0.0928831472992897,0.771535336971283,0.47362419962882996,-0.24132072925567627,0.6689047813415527,0.4561587870121002,0.04723377153277397,0.7028985023498535,0.4086950421333313,-0.3345111310482025,0.6255072355270386,0.43112713098526,-0.16125763952732086,0.6849202513694763,0.4044501483440399,-0.3637249171733856,0.6109890937805176,0.42706918716430664,-0.1937972605228424,0.6861591339111328,0.3889690041542053,-0.35297372937202454,0.6114108562469482,0.4217202961444855,-0.2061578333377838,0.6893298029899597,0.3893565833568573,-0.3303147852420807,0.6169331073760986,0.42326274514198303,-0.17488078773021698,0.7737563848495483,0.5709460973739624,-0.08574175089597702,0.7317062616348267,0.5612232685089111,0.0859852135181427,0.6522950530052185,0.5805255174636841,-0.19120225310325623,0.6315860152244568,0.5540289878845215,-0.055878739804029465,0.5582154989242554,0.7446624040603638,-0.2450532615184784,0.5391449928283691,0.699306845664978,-0.11629781872034073,0.5514587163925171,0.7978636026382446,-0.25241491198539734,0.5384594202041626,0.7502274513244629,-0.12472403049468994,0.49708324670791626,0.7306893467903137,-0.3417946696281433,0.47609883546829224,0.6859374046325684,-0.18555839359760284,0,1
0.6391010284423828,0.25264421105384827,-0.14935606718063354,0.646058201789856,0.23420043289661407,-0.15490145981311798,0.649563193321228,0.23276202380657196,-0.15487012267112732,0.6532626152038574,0.23125870525836945,-0.15481656789779663,0.6406877040863037,0.23561662435531616,-0.1339360773563385,0.6399713754653931,0.23551644384860992,-0.13408401608467102,0.6392902731895447,0.23529930412769318,-0.1341629922389984,0.6720296144485474,0.23824059963226318,-0.14720922708511353,0.650938868522644,0.24074454605579376,-0.05191381648182869,0.6486573815345764,0.2697350084781647,-0.14555640518665314,0.6410938501358032,0.2714844048023224,-0.11772916465997696,0.7099148035049438,0.3277250826358795,-0.21705392003059387,0.6482623815536499,0.3458898663520813,0.03989621251821518,0.6568580865859985,0.46270036697387695,-0.299643337726593,0.5817059874534607,0.4304672181606293,0.03704302757978439,0.5803817510604858,0.4790235757827759,-0.30127793550491333,0.5196501016616821,0.46492457389831543,-0.06785997748374939,0.5610063672065735,0.5017143487930298,-0.3337019383907318,0.5021522045135498,0.46941715478897095,-0.08604021370410919,0.5557011365890503,0.493234246969223,-0.32675039768218994,0.5021734833717346,0.4699861407279968,-0.11002801358699799,0.5628865957260132,0.4868379831314087,-0.30003461241722107,0.5092887282371521,0.4702744483947754,-0.08461552858352661,0.7537135481834412,0.5728198289871216,-0.09406019747257233,0.7151939868927002,0.5610025525093079,0.09398959577083588,0.6249083280563354,0.5349098443984985,-0.22345170378684998,0.6026337742805481,0.5184259414672852,0.06138892099261284,0.5533910989761353,0.7266644835472107,-0.2546822428703308,0.5399425625801086,0.6916199326515198,0.022469032555818558,0.5574550032615662,0.7738037705421448,-0.25963959097862244,0.5409559607505798,0.7408907413482666,0.01611286774277687,0.4934452474117279,0.7142074704170227,-0.3328418433666229,0.47883811593055725,0.6863731741905212,-0.02094677835702896,0,1
0.5979635715484619,0.27350738644599915,-0.14543527364730835,0.6045280694961548,0.25180283188819885,-0.1574840545654297,0.6078647971153259,0.250675767660141,-0.1574750393629074,0.6112120747566223,0.2498021423816681,-0.15743820369243622,0.5998215079307556,0.25270354747772217,-0.13418050110340118,0.5993166565895081,0.25225263833999634,-0.13429208099842072,0.5988659262657166,0.2517175078392029,-0.13428127765655518,0.6276701092720032,0.25900670886039734,-0.16818058490753174,0.6130685806274414,0.25794681906700134,-0.06269432604312897,0.6056221127510071,0.2920105755329132,-0.14707931876182556,0.5996673107147217,0.29245200753211975,-0.11621236801147461,0.6581369638442993,0.34074294567108154,-0.22797627747058868,0.6227351427078247,0.3589125871658325,0.04480268061161041,0.5775743126869202,0.4353271424770355,-0.27237218618392944,0.5453449487686157,0.4249245524406433,0.07809947431087494,0.48803019523620605,0.48296865820884705,-0.2581905722618103,0.47185197472572327,0.4677014946937561,0.02356278896331787,0.4670619070529938,0.49637895822525024,-0.29342928528785706,0.4519570767879486,0.468110054731369,0.023970961570739746,0.46470722556114197,0.4891643226146698,-0.27588701248168945,0.45255857706069946,0.4694726765155792,-0.010272597894072533,0.47165361046791077,0.48804986476898193,-0.25233498215675354,0.45731958746910095,0.4701894521713257,0.006554207764565945,0.7318445444107056,0.5761592984199524,-0.0971945971250534,0.7060588598251343,0.5649572014808655,0.09719023108482361,0.6081786751747131,0.5028689503669739,-0.1931079626083374,0.5834669470787048,0.49163931608200073,0.13389822840690613,0.5452408194541931,0.7100726366043091,-0.18022988736629486,0.5311803221702576,0.6768167018890381,0.1532745063304901,0.5509040951728821,0.7606574296951294,-0.18096420168876648,0.5373063683509827,0.7091926336288452,0.15215475857257843,0.4769297242164612,0.6940895318984985,-0.23272082209587097,0.47489386796951294,0.6870648264884949,0.13357451558113098,0,1
0.5600475072860718,0.29157325625419617,-0.05537924915552139,0.5660170912742615,0.2710234224796295,-0.07437292486429214,0.5686337351799011,0.26993611454963684,-0.07439965754747391,0.5715857148170471,0.26886990666389465,-0.07440759241580963,0.5628499984741211,0.27154287695884705,-0.04385039955377579,0.5630119442939758,0.27085545659065247,-0.04392766207456589,0.5632666945457458,0.2699529528617859,-0.04391157999634743,0.5888164639472961,0.2748624086380005,-0.11466002464294434,0.5800861120223999,0.2725878655910492,0.02740894816815853,0.5671125650405884,0.3080262541770935,-0.06705614924430847,0.5626892447471619,0.30916085839271545,-0.026351381093263626,0.6234964728355408,0.35333579778671265,-0.19492006301879883,0.5934361219406128,0.37121298909187317,0.12855522334575653,0.5348814725875854,0.442667692899704,-0.23644475638866425,0.5126253366470337,0.43039703369140625,0.16293925046920776,0.43899112939834595,0.492531955242157,-0.21748170256614685,0.43666768074035645,0.47109490633010864,0.09381003677845001,0.4206995368003845,0.5102547407150269,-0.25705668330192566,0.4193061888217926,0.48330333828926086,0.0981564074754715,0.4190777838230133,0.5062453746795654,-0.23207274079322815,0.41900867223739624,0.4862230122089386,0.05989881232380867,0.42370814085006714,0.5010536909103394,-0.20961208641529083,0.42366915941238403,0.48319482803344727,0.07473215460777283,0.7081549167633057,0.5800304412841797,-0.10442902147769928,0.6853505373001099,0.5816848278045654,0.10432906448841095,0.5823466777801514,0.48340797424316406,-0.17943373322486877,0.5574480295181274,0.47859540581703186,0.1475767195224762,0.5326741933822632,0.7051509618759155,-0.1323229819536209,0.5268896818161011,0.6811867356300354,0.17811545729637146,0.5435442328453064,0.7550358176231384,-0.12915536761283875,0.5372763872146606,0.7117926478385925,0.17863589525222778,0.4689776301383972,0.6880788803100586,-0.1700468361377716,0.47255080938339233,0.6923345923423767,0.15360243618488312,0,1
0.5363045930862427,0.304869681596756,0.01471749972552061,0.5423732995986938,0.2852839529514313,-0.006419966462999582,0.5446889996528625,0.284656822681427,-0.0064606619998812675,0.5470503568649292,0.28411486744880676,-0.006491619162261486,0.540223240852356,0.28493472933769226,0.027608472853899002,0.5408529043197632,0.28380683064460754,0.027551617473363876,0.5415734052658081,0.2826944887638092,0.02754678763449192,0.5636406540870667,0.2887424826622009,-0.0574927031993866,0.5581860542297363,0.28626295924186707,0.09661418199539185,0.5432845950126648,0.320643812417984,-0.0020322147756814957,0.5398411750793457,0.3213038444519043,0.04284172132611275,0.5908387899398804,0.35799136757850647,-0.14586767554283142,0.5741817951202393,0.3869866132736206,0.192434161901474,0.49664372205734253,0.4448227286338806,-0.2054063081741333,0.48801684379577637,0.44526779651641846,0.22262835502624512,0.4060195982456207,0.49532344937324524,-0.17698514461517334,0.41327643394470215,0.49567240476608276,0.1622404158115387,0.38585758209228516,0.5106797218322754,-0.21298010647296906,0.39463311433792114,0.5131031274795532,0.16994987428188324,0.38546493649482727,0.5108568668365479,-0.18463894724845886,0.3938761055469513,0.5160468816757202,0.13664260506629944,0.3909912705421448,0.5080346465110779,-0.1668851673603058,0.3991308808326721,0.5125882625579834,0.1447935700416565,0.6874774694442749,0.5799897909164429,-0.11058910191059113,0.6745511293411255,0.5941475629806519,0.11043032258749008,0.5602009296417236,0.48356956243515015,-0.17250800132751465,0.546894371509552,0.48575693368911743,0.17265643179416656,0.5269922018051147,0.7076544165611267,-0.13139143586158752,0.5208042860031128,0.700812041759491,0.20739991962909698,0.5406642556190491,0.7584113478660583,-0.1276257336139679,0.5368233919143677,0.7318381667137146,0.20922183990478516,0.46328267455101013,0.7026041746139526,-0.16523028910160065,0.4706900715827942,0.7070934772491455,0.18428322672843933,0,1
0.5203286409378052,0.30452513694763184,0.013472954742610455,0.5265868306159973,0.2854340970516205,-0.007490980438888073,0.5287052989006042,0.28502577543258667,-0.007543984800577164,0.5311298370361328,0.2844589352607727,-0.007592000067234039,0.5248287916183472,0.28470784425735474,0.027542974799871445,0.5255526304244995,0.28371408581733704,0.027490731328725815,0.5264684557914734,0.2826578915119171,0.02748720720410347,0.5484402775764465,0.2897621989250183,-0.05713839456439018,0.5430923104286194,0.28728586435317993,0.10020718723535538,0.5266520380973816,0.3217518925666809,-0.0032804154325276613,0.5240591764450073,0.321551650762558,0.04279176518321037,0.5761586427688599,0.3629373013973236,-0.13763120770454407,0.5639693140983582,0.38851606845855713,0.2003123015165329,0.47485870122909546,0.4431423246860504,-0.20840327441692352,0.47562727332115173,0.4493871331214905,0.23180115222930908,0.38589751720428467,0.4925215542316437,-0.18217258155345917,0.3942106366157532,0.4947182834148407,0.16565588116645813,0.3681279420852661,0.5085418820381165,-0.2135809361934662,0.37638577818870544,0.510297417640686,0.17129158973693848,0.36460694670677185,0.5063221454620361,-0.19140572845935822,0.3744807839393616,0.5130689144134521,0.1390533745288849,0.37100690603256226,0.5028403997421265,-0.1736486852169037,0.3799194395542145,0.5089219212532043,0.14822986721992493,0.6715818643569946,0.585264265537262,-0.11458096653223038,0.662407636642456,0.5988826155662537,0.11446477472782135,0.548952043056488,0.48613765835762024,-0.1690119206905365,0.5384172201156616,0.48853904008865356,0.20785780251026154,0.5280207991600037,0.717262327671051,-0.12332075834274292,0.5223296880722046,0.7014709711074829,0.2856132388114929,0.5386163592338562,0.766531229019165,-0.11900223791599274,0.5357650518417358,0.7352933287620544,0.29236650466918945,0.46090346574783325,0.7099227905273438,-0.15937700867652893,0.47024622559547424,0.7087748050689697,0.2719120383262634,0,1
0.5160700082778931,0.3011963665485382,0.003531321184709668,0.5222738981246948,0.28229886293411255,-0.017538048326969147,0.5245420932769775,0.28165608644485474,-0.017596326768398285,0.527143657207489,0.28085023164749146,-0.01765052042901516,0.5201542973518372,0.28117120265960693,0.0175218153744936,0.520849347114563,0.27996164560317993,0.017475416883826256,0.5217786431312561,0.2786271274089813,0.017468230798840523,0.5441386103630066,0.2855350375175476,-0.065541110932827,0.5384307503700256,0.28313350677490234,0.0904766246676445,0.5230363011360168,0.31963953375816345,-0.013078853487968445,0.5203683376312256,0.3187304437160492,0.03296421468257904,0.5775808095932007,0.3625660836696625,-0.16313226521015167,0.5618728399276733,0.38654065132141113,0.19626356661319733,0.4847908616065979,0.43776562809944153,-0.23716863989830017,0.48031431436538696,0.4483569264411926,0.22844040393829346,0.3922269940376282,0.4826100170612335,-0.20658835768699646,0.398501455783844,0.4862849712371826,0.15684986114501953,0.3715885877609253,0.5058609247207642,-0.24313881993293762,0.37932637333869934,0.5033634901046753,0.1608465164899826,0.3680374026298523,0.5031634569168091,-0.21723389625549316,0.3742717504501343,0.5104100704193115,0.1293623149394989,0.3748994767665863,0.49931544065475464,-0.19678926467895508,0.3810088336467743,0.504207968711853,0.13917548954486847,0.6666579842567444,0.5884453058242798,-0.11714158952236176,0.6504374146461487,0.6016665697097778,0.1170291155576706,0.541869044303894,0.4865904450416565,-0.1828479915857315,0.5331012010574341,0.48978331685066223,0.21767929196357727,0.5266352891921997,0.7181040644645691,-0.12417783588171005,0.5214725732803345,0.7034534811973572,0.28564271330833435,0.538405179977417,0.7704616785049438,-0.12263796478509903,0.531899631023407,0.7357081174850464,0.29129865765571594,0.45918530225753784,0.7072373032569885,-0.1634443700313568,0.46724677085876465,0.707208514213562,0.27084091305732727,0,1
0.5230821371078491,0.2686014175415039,-0.04271246865391731,0.5287380218505859,0.24814169108867645,-0.05797827988862991,0.5305783748626709,0.24812652170658112,-0.05806441232562065,0.5332878828048706,0.24819551408290863,-0.05812397599220276,0.527230978012085,0.24735556542873383,-0.02423701621592045,0.5277105569839478,0.24651968479156494,-0.02427467331290245,0.5283076167106628,0.24562816321849823,-0.02429669350385666,0.5506707429885864,0.25936830043792725,-0.08579834550619125,0.5450949668884277,0.25507527589797974,0.06728978455066681,0.5303941965103149,0.29145529866218567,-0.05163431167602539,0.5272805094718933,0.28947412967681885,-0.007344850338995457,0.585311770439148,0.34620553255081177,-0.18587501347064972,0.5632280111312866,0.3756103515625,0.18782761693000793,0.49504414200782776,0.42215073108673096,-0.26774314045906067,0.48936110734939575,0.43662211298942566,0.2233715057373047,0.40707749128341675,0.4704749584197998,-0.25393906235694885,0.4082809090614319,0.4765405058860779,0.13914692401885986,0.3819938600063324,0.49602368474006653,-0.2937013506889343,0.389427125453949,0.49309051036834717,0.14057374000549316,0.3790304362773895,0.49670809507369995,-0.27184155583381653,0.3848720192909241,0.4971633553504944,0.10723166167736053,0.385345995426178,0.49061715602874756,-0.24603354930877686,0.39235857129096985,0.49376577138900757,0.12038661539554596,0.66488116979599,0.5927296876907349,-0.11803486198186874,0.6412137746810913,0.6039150953292847,0.11789729446172714,0.5446363687515259,0.48338761925697327,-0.20349371433258057,0.5272504687309265,0.484136164188385,0.20676067471504211,0.5275615453720093,0.7108728289604187,-0.16077344119548798,0.5176143050193787,0.7001190185546875,0.24013903737068176,0.5390418767929077,0.7687972784042358,-0.15628820657730103,0.5322874784469604,0.734662652015686,0.24026629328727722,0.4586145877838135,0.7049217224121094,-0.19782066345214844,0.4659965932369232,0.7010034322738647,0.2252662479877472,0,1
0.5522330403327942,0.23978765308856964,-0.08443690836429596,0.560982346534729,0.2187923640012741,-0.09694809466600418,0.5641015768051147,0.2183966338634491,-0.09703361243009567,0.5677570700645447,0.21836994588375092,-0.09707121551036835,0.5556434392929077,0.21894195675849915,-0.06365455687046051,0.554951548576355,0.21840481460094452,-0.06369126588106155,0.5544076561927795,0.21774567663669586,-0.06370354443788528,0.5848715305328369,0.23044005036354065,-0.11186295747756958,0.5703480839729309,0.22649413347244263,0.03859902545809746,0.5597758293151855,0.2626199424266815,-0.08931620419025421,0.553325355052948,0.2609957456588745,-0.04552174732089043,0.6167094707489014,0.33018672466278076,-0.2153971940279007,0.5728801488876343,0.36248114705085754,0.16447199881076813,0.529482901096344,0.4094458222389221,-0.3130461573600769,0.5097790360450745,0.4367351233959198,0.192877858877182,0.4318923056125641,0.45678508281707764,-0.3085945248603821,0.4275798797607422,0.47442057728767395,0.1031813994050026,0.4110974669456482,0.4815003275871277,-0.3496268093585968,0.40902048349380493,0.4877484142780304,0.10106654465198517,0.40818649530410767,0.480657696723938,-0.3284970223903656,0.4088459014892578,0.4880683422088623,0.06651172786951065,0.4144684374332428,0.47562822699546814,-0.3008878827095032,0.41532549262046814,0.4837701618671417,0.08340539783239365,0.6667314767837524,0.594799816608429,-0.11912918090820312,0.6402908563613892,0.6059482097625732,0.11895632743835449,0.5441991686820984,0.4771415591239929,-0.20764100551605225,0.5266324877738953,0.49966177344322205,0.16456882655620575,0.5328490138053894,0.7184719443321228,-0.16995207965373993,0.516879677772522,0.7122762799263,0.14781667292118073,0.5408282279968262,0.7825397849082947,-0.165891632437706,0.5305295586585999,0.7540900111198425,0.1440974920988083,0.459216833114624,0.7219910621643066,-0.22033385932445526,0.46487370133399963,0.7112550735473633,0.10823681205511093,0,1
0.5904860496520996,0.2232280671596527,-0.15258324146270752,0.6002804040908813,0.20451906323432922,-0.16278520226478577,0.603901743888855,0.20389743149280548,-0.1628471314907074,0.6080020666122437,0.20360255241394043,-0.16283640265464783,0.5947421789169312,0.20425604283809662,-0.12976571917533875,0.5941581130027771,0.2035972774028778,-0.12980321049690247,0.593756377696991,0.20294833183288574,-0.12982919812202454,0.6240001916885376,0.21494975686073303,-0.16594620048999786,0.607826292514801,0.21056972444057465,-0.01572057045996189,0.5977083444595337,0.24725684523582458,-0.15370503067970276,0.591517984867096,0.24570238590240479,-0.1099463477730751,0.6540790796279907,0.3214709460735321,-0.2598675787448883,0.5972199440002441,0.3456864356994629,0.10969922691583633,0.5752597451210022,0.40856796503067017,-0.39321812987327576,0.5350663065910339,0.42641401290893555,0.12725767493247986,0.47782206535339355,0.44923269748687744,-0.44212040305137634,0.4613858759403229,0.4614218473434448,-0.0030331616289913654,0.45482316613197327,0.4644888639450073,-0.4933391511440277,0.44317513704299927,0.47458940744400024,-0.01924382522702217,0.45115262269973755,0.4608106315135956,-0.4769251346588135,0.44369131326675415,0.4746750593185425,-0.057119570672512054,0.4564498960971832,0.4592234790325165,-0.4379102289676666,0.4501430094242096,0.4716726541519165,-0.025609666481614113,0.6731122732162476,0.5955192446708679,-0.12184871733188629,0.6398552656173706,0.6008839011192322,0.1216285452246666,0.5533487796783447,0.4809882342815399,-0.29732418060302734,0.5280166864395142,0.49076589941978455,0.0521610789000988,0.5335729718208313,0.728218138217926,-0.2713780403137207,0.5189706087112427,0.7127349972724915,0.0013540054205805063,0.5413280129432678,0.7907066345214844,-0.2691081166267395,0.5266451835632324,0.7543967366218567,-0.006587750278413296,0.46559515595436096,0.741845428943634,-0.34667402505874634,0.46540960669517517,0.7163375616073608,-0.06926257908344269,0,1
0.6279996037483215,0.21307268738746643,-0.16822871565818787,0.6381304860115051,0.19740605354309082,-0.1751525104045868,0.6419386267662048,0.1971081793308258,-0.17517313361167908,0.6460457444190979,0.19710281491279602,-0.1751295030117035,0.6324169039726257,0.19706405699253082,-0.14609554409980774,0.6316908597946167,0.1965581327676773,-0.14614804089069366,0.6311545372009277,0.1959526687860489,-0.14617027342319489,0.6607800722122192,0.2100345343351364,-0.1667923480272293,0.6439580321311951,0.20417746901512146,-0.03243539482355118,0.6344504356384277,0.23772650957107544,-0.16403786838054657,0.6281588077545166,0.23538218438625336,-0.12557150423526764,0.6873090267181396,0.31961366534233093,-0.2530089020729065,0.6261434555053711,0.3321268558502197,0.08874204754829407,0.6141605377197266,0.4046134054660797,-0.3840460479259491,0.5567361116409302,0.40247467160224915,0.09778822213411331,0.5183016061782837,0.43342864513397217,-0.4553602635860443,0.48860684037208557,0.4476920962333679,-0.047076351940631866,0.49912023544311523,0.44902700185775757,-0.506138265132904,0.4729418158531189,0.44938260316848755,-0.06696683168411255,0.4960382878780365,0.4431282877922058,-0.4927636682987213,0.47339171171188354,0.44810211658477783,-0.10328467935323715,0.5028449296951294,0.4411870837211609,-0.4522606432437897,0.4794783592224121,0.4500742554664612,-0.06879299134016037,0.6917172074317932,0.5935167670249939,-0.11470355093479156,0.6506301760673523,0.5815732479095459,0.11454524844884872,0.5827445387840271,0.4949851632118225,-0.3464336097240448,0.5461183786392212,0.4809303283691406,0.03317071497440338,0.5362306237220764,0.7306303977966309,-0.37076640129089355,0.515666127204895,0.6997846961021423,0.004124128725379705,0.5424538850784302,0.794771671295166,-0.37374675273895264,0.5215655565261841,0.7375293374061584,-0.0017541371053084731,0.4798102378845215,0.7359743118286133,-0.46066799759864807,0.4595448076725006,0.7041211724281311,-0.05809576064348221,0,1
0.6689048409461975,0.20472151041030884,-0.1680402010679245,0.6796666383743286,0.1904548853635788,-0.16777348518371582,0.68332839012146,0.19108600914478302,-0.16777750849723816,0.6871522068977356,0.19199176132678986,-0.1677187979221344,0.6721986532211304,0.18962699174880981,-0.14317581057548523,0.6707825660705566,0.18950703740119934,-0.14324083924293518,0.6694921255111694,0.18932472169399261,-0.1432717740535736,0.6998424530029297,0.20777395367622375,-0.14517614245414734,0.6797062158584595,0.20124880969524384,-0.027170855551958084,0.6736630797386169,0.23163378238677979,-0.15781238675117493,0.6659571528434753,0.2294360250234604,-0.12528564035892487,0.7219038605690002,0.31346824765205383,-0.21574223041534424,0.6593214869499207,0.322762668132782,0.09507054835557938,0.6512190103530884,0.39368903636932373,-0.32471030950546265,0.5921503901481628,0.3863009214401245,0.1154261976480484,0.5600422620773315,0.41931402683258057,-0.39838695526123047,0.5285216569900513,0.42850443720817566,-0.03893907368183136,0.5386613607406616,0.4337196350097656,-0.43401068449020386,0.5093388557434082,0.43717220425605774,-0.04457853361964226,0.535818338394165,0.4302918314933777,-0.4320521354675293,0.50948566198349,0.4366450905799866,-0.07287055253982544,0.5442804098129272,0.4272761344909668,-0.4003155827522278,0.5170015096664429,0.43475449085235596,-0.05198346823453903,0.7154180407524109,0.5818815231323242,-0.108890101313591,0.6768349409103394,0.5618703961372375,0.10873979330062866,0.5983919501304626,0.5145384669303894,-0.3104853332042694,0.566179633140564,0.481775164604187,0.006855899002403021,0.5414968729019165,0.7346246242523193,-0.34949609637260437,0.515008270740509,0.7004637122154236,-0.03869103640317917,0.5441075563430786,0.7920418381690979,-0.35411977767944336,0.5147561430931091,0.7471859455108643,-0.045787252485752106,0.4834759831428528,0.7226139307022095,-0.4350193440914154,0.4620046615600586,0.6971012353897095,-0.1003478392958641,0,1
0.7038891315460205,0.20689140260219574,-0.1274915486574173,0.7152460217475891,0.19388510286808014,-0.12430573999881744,0.7191951870918274,0.1946277767419815,-0.12429429590702057,0.7231351137161255,0.19547095894813538,-0.12423815578222275,0.7072957754135132,0.19239820539951324,-0.10044008493423462,0.7056871652603149,0.1920904815196991,-0.10049241781234741,0.7043215036392212,0.19169697165489197,-0.10052907466888428,0.7344639301300049,0.21021080017089844,-0.08877333998680115,0.7140052914619446,0.20393988490104675,0.02160104736685753,0.7079950571060181,0.23291371762752533,-0.11400865018367767,0.6996027827262878,0.2309909164905548,-0.0821458101272583,0.7543865442276001,0.311501681804657,-0.16949902474880219,0.6922979354858398,0.3209221661090851,0.1426198035478592,0.673676609992981,0.3813290596008301,-0.2816564440727234,0.6302411556243896,0.3883570432662964,0.16842028498649597,0.5855661630630493,0.4051528871059418,-0.3348695933818817,0.5669179558753967,0.41944003105163574,0.060643941164016724,0.5638560056686401,0.41812634468078613,-0.37284940481185913,0.5457226037979126,0.4309975504875183,0.05280248075723648,0.5622363090515137,0.4149763286113739,-0.3559495508670807,0.5460079312324524,0.42977774143218994,0.01932157203555107,0.5727125406265259,0.4124092161655426,-0.3288813531398773,0.5546984076499939,0.42664164304733276,0.04279148578643799,0.7380821108818054,0.5757767558097839,-0.10945607721805573,0.7007204294204712,0.5532628893852234,0.10932312160730362,0.6189290285110474,0.528778076171875,-0.3129465878009796,0.5896195769309998,0.49313104152679443,-0.0030001497361809015,0.546593189239502,0.7382591962814331,-0.34183579683303833,0.5199874639511108,0.6964406967163086,-0.021987037733197212,0.5457507371902466,0.7875203490257263,-0.3448523283004761,0.5140830874443054,0.7432518005371094,-0.025730933994054794,0.4939033091068268,0.7296556234359741,-0.41984185576438904,0.46313372254371643,0.6826474070549011,-0.07473611831665039,0,1
0.7326955795288086,0.2113737314939499,-0.0868741124868393,0.7439414262771606,0.19722408056259155,-0.08389265835285187,0.748737096786499,0.19815799593925476,-0.0839146226644516,0.7534357309341431,0.19929519295692444,-0.08386080712080002,0.7358265519142151,0.19549334049224854,-0.06285746395587921,0.7342100739479065,0.1951753795146942,-0.06292297691106796,0.7327698469161987,0.19489187002182007,-0.0630069375038147,0.7646627426147461,0.21547499299049377,-0.05015894025564194,0.7389848828315735,0.20732702314853668,0.04562465846538544,0.738470733165741,0.23547981679439545,-0.07438556104898453,0.7293271422386169,0.23366889357566833,-0.04627315327525139,0.7852670550346375,0.31228047609329224,-0.12791837751865387,0.7191576957702637,0.321797251701355,0.15640178322792053,0.7146880030632019,0.3820207417011261,-0.24868619441986084,0.6573227643966675,0.3906092345714569,0.18812622129917145,0.6293607950210571,0.40491724014282227,-0.32855743169784546,0.590730607509613,0.418235182762146,0.08630575239658356,0.6079517602920532,0.4137771725654602,-0.36341437697410583,0.5722874402999878,0.427703857421875,0.07695195078849792,0.6058388352394104,0.4076560139656067,-0.3502848744392395,0.5728135108947754,0.4248098134994507,0.04732693359255791,0.6149281859397888,0.4096750020980835,-0.32386866211891174,0.5787251591682434,0.4231969714164734,0.07004836946725845,0.7577157616615295,0.5748026371002197,-0.10340486466884613,0.7168475389480591,0.5537371039390564,0.1033077985048294,0.6395100951194763,0.5601105093955994,-0.26383382081985474,0.6092860698699951,0.521388053894043,-0.018348518759012222,0.550078809261322,0.7409073114395142,-0.312383770942688,0.5233434438705444,0.6909133195877075,-0.055213380604982376,0.5485001802444458,0.7879019975662231,-0.31735578179359436,0.5144438743591309,0.7138330936431885,-0.0605098195374012,0.4963783621788025,0.7302535176277161,-0.3910614550113678,0.462423175573349,0.6643450260162354,-0.1122940182685852,0,1
0.754848837852478,0.23759394884109497,0.06287139654159546,0.7622336149215698,0.2213953286409378,0.06864391267299652,0.7666831612586975,0.2206713855266571,0.0686403289437294,0.7718245983123779,0.21983875334262848,0.06868437677621841,0.7546511292457581,0.22249463200569153,0.08680832386016846,0.7528852820396423,0.22278615832328796,0.08671572059392929,0.7512416243553162,0.22331254184246063,0.08663137257099152,0.7867952585220337,0.22818483412265778,0.09887312352657318,0.7578251957893372,0.2293013632297516,0.18057046830654144,0.7631779909133911,0.2548357844352722,0.07278183847665787,0.753840446472168,0.2556869089603424,0.09679977595806122,0.8124545216560364,0.31438082456588745,0.004336224868893623,0.7436388731002808,0.32860416173934937,0.24557435512542725,0.7684510946273804,0.38374897837638855,-0.13628749549388885,0.6805094480514526,0.3957735598087311,0.24013063311576843,0.6943095922470093,0.39924976229667664,-0.2422817498445511,0.6188580393791199,0.41915223002433777,0.12003246694803238,0.6674757599830627,0.4074540138244629,-0.27495625615119934,0.600265622138977,0.42820727825164795,0.10333728790283203,0.6664915084838867,0.401499480009079,-0.26772862672805786,0.6011120080947876,0.424733430147171,0.07991655170917511,0.672812819480896,0.4012499153614044,-0.23985454440116882,0.6084805727005005,0.4234093427658081,0.10466955602169037,0.7764245867729187,0.5691245794296265,-0.08651335537433624,0.7323973178863525,0.5519090294837952,0.08644042164087296,0.6535879373550415,0.5859981775283813,-0.23539051413536072,0.6243115663528442,0.5516272187232971,-0.055430375039577484,0.5535446405410767,0.7493833899497986,-0.3393084406852722,0.5266793966293335,0.6903404593467712,-0.1525992602109909,0.5477129817008972,0.7942559719085693,-0.3491409420967102,0.517491340637207,0.709395706653595,-0.1635788381099701,0.5000995397567749,0.7294658422470093,-0.43372201919555664,0.4625101089477539,0.6542527675628662,-0.22029975056648254,0,1
0.765997588634491,0.2734486162662506,0.0786050483584404,0.771106481552124,0.255283385515213,0.08116725087165833,0.775082528591156,0.25286707282066345,0.08115645498037338,0.7800158262252808,0.24993787705898285,0.08116453886032104,0.764137327671051,0.2574118673801422,0.10117222368717194,0.7626807689666748,0.257842481136322,0.1011367216706276,0.7613891363143921,0.25846293568611145,0.10110850632190704,0.79840087890625,0.2487943023443222,0.1066514104604721,0.7720744609832764,0.25991401076316833,0.19760778546333313,0.7760097980499268,0.28874483704566956,0.08751226961612701,0.7681063413619995,0.290879487991333,0.11414609104394913,0.8342902064323425,0.33107855916023254,0.03441445901989937,0.7597531676292419,0.3444874584674835,0.24526163935661316,0.8007997274398804,0.41339752078056335,-0.07613180577754974,0.7069260478019714,0.4175718426704407,0.25196439027786255,0.7212673425674438,0.3988010883331299,-0.1676841378211975,0.6474190950393677,0.4244292080402374,0.07217175513505936,0.7045232057571411,0.40789613127708435,-0.1989765465259552,0.6355459690093994,0.42916178703308105,0.039894867688417435,0.7007924914360046,0.40105411410331726,-0.19831454753875732,0.6375773549079895,0.42604196071624756,0.023641306906938553,0.706633448600769,0.40037357807159424,-0.16731609404087067,0.642846405506134,0.42428600788116455,0.057868801057338715,0.7781955003738403,0.5667810440063477,-0.07263854146003723,0.7357465028762817,0.5471631288528442,0.0726102739572525,0.661902904510498,0.6047069430351257,-0.21219106018543243,0.6329619288444519,0.5691096186637878,-0.051780182868242264,0.5599777698516846,0.7570981383323669,-0.33226278424263,0.5308881402015686,0.6939184665679932,-0.17046934366226196,0.548179030418396,0.7998175024986267,-0.3437092900276184,0.5267082452774048,0.7280296087265015,-0.18429715931415558,0.5026830434799194,0.7330446243286133,-0.42641520500183105,0.4670553207397461,0.6601306200027466,-0.24564799666404724,0,1
0.7654750943183899,0.2873132824897766,0.05662517994642258,0.7697280645370483,0.269377738237381,0.05615425109863281,0.7731858491897583,0.267118901014328,0.05611015483736992,0.7771742939949036,0.2638382911682129,0.056036777794361115,0.7634977102279663,0.27254077792167664,0.07540463656187057,0.7623000741004944,0.2729743421077728,0.07541016489267349,0.7611966729164124,0.2737918496131897,0.07536325603723526,0.7933470010757446,0.25739532709121704,0.07439257949590683,0.7697956562042236,0.2770211398601532,0.16722658276557922,0.7765728235244751,0.3019426167011261,0.06356006860733032,0.7691200375556946,0.3051028251647949,0.09022228419780731,0.8418065309524536,0.3326830267906189,0.024304227903485298,0.7657335996627808,0.35569289326667786,0.2146867960691452,0.8442144393920898,0.46476516127586365,-0.041554924100637436,0.7387412786483765,0.46963798999786377,0.2034725695848465,0.7598829865455627,0.42262622714042664,-0.09174482524394989,0.7003881335258484,0.44596460461616516,0.06829781085252762,0.7426440715789795,0.4239634573459625,-0.11203096807003021,0.6832175850868225,0.4441624879837036,0.03631912171840668,0.7407640218734741,0.414029985666275,-0.10908744484186172,0.6838119029998779,0.43556642532348633,0.019872305914759636,0.74477219581604,0.4142794609069824,-0.08832305669784546,0.6885563135147095,0.43620598316192627,0.05460185557603836,0.7789127230644226,0.5644230842590332,-0.07010529190301895,0.7367730140686035,0.5464526414871216,0.07025372982025146,0.6671712398529053,0.6041045188903809,-0.20965847373008728,0.6373821496963501,0.5751450657844543,-0.06148803234100342,0.5573850870132446,0.7575747966766357,-0.35200241208076477,0.5312999486923218,0.6994835138320923,-0.202735036611557,0.5451974272727966,0.8013524413108826,-0.36055871844291687,0.523862361907959,0.751796305179596,-0.21897342801094055,0.48360586166381836,0.7309553623199463,-0.4325252175331116,0.4655177593231201,0.669844925403595,-0.2719932794570923,0,1
0.7594608068466187,0.2821383476257324,0.0001263671729248017,0.7646588087081909,0.26387080550193787,0.0019332472002133727,0.7683576941490173,0.2624422013759613,0.0019071983406320214,0.7724162340164185,0.2606547474861145,0.0018248691922053695,0.7578355669975281,0.2670966684818268,0.020429596304893494,0.7564175128936768,0.267610639333725,0.020457444712519646,0.755161464214325,0.26824647188186646,0.020412340760231018,0.7877167463302612,0.2535894513130188,0.03941044583916664,0.7632980346679688,0.2707473337650299,0.1274338662624359,0.7698680758476257,0.29783061146736145,0.015652060508728027,0.7615660429000854,0.302771657705307,0.04121557995676994,0.8332506418228149,0.3319823145866394,0.018582629039883614,0.7611590623855591,0.3541519045829773,0.19267819821834564,0.8665350675582886,0.4720802307128906,-0.059742577373981476,0.7418215870857239,0.47206947207450867,0.14883117377758026,0.7862094640731812,0.449390709400177,-0.12063749879598618,0.7144895195960999,0.45400679111480713,-0.03642287105321884,0.7637955546379089,0.4464414715766907,-0.13872765004634857,0.7043651342391968,0.4579683542251587,-0.06940366327762604,0.7610533833503723,0.43198665976524353,-0.1262529492378235,0.708173930644989,0.4476945698261261,-0.07432515919208527,0.7662038207054138,0.4337385892868042,-0.11308801174163818,0.7118476033210754,0.4464363157749176,-0.04547879844903946,0.7798784971237183,0.5656099319458008,-0.06996352970600128,0.7396546602249146,0.5493155717849731,0.07007710635662079,0.662714421749115,0.6053575873374939,-0.2126295268535614,0.6384974122047424,0.5725985765457153,-0.07434378564357758,0.55709308385849,0.7572145462036133,-0.3552250564098358,0.531995415687561,0.7001398801803589,-0.22396238148212433,0.5468631386756897,0.8017435669898987,-0.36892837285995483,0.525459885597229,0.7523647546768188,-0.24084964394569397,0.4804651141166687,0.7256678938865662,-0.4613392949104309,0.46489277482032776,0.6718159317970276,-0.3043573200702667,0,1
0.752417266368866,0.27665555477142334,-0.02900511398911476,0.7584062814712524,0.25793543457984924,-0.027849361300468445,0.7622730135917664,0.25592169165611267,-0.02788376249372959,0.7667385339736938,0.2531350553035736,-0.02790125273168087,0.7508436441421509,0.26251694560050964,-0.011608369648456573,0.7490754127502441,0.26334986090660095,-0.011649785563349724,0.7477079629898071,0.2643609941005707,-0.011718104593455791,0.7824616432189941,0.24636949598789215,-0.0014412167947739363,0.757602334022522,0.2693800628185272,0.07400935143232346,0.7629789113998413,0.2902880012989044,-0.01801852509379387,0.7541401386260986,0.2934643030166626,0.004026154056191444,0.8300713300704956,0.3352106511592865,-0.03790793567895889,0.7493458390235901,0.35415375232696533,0.13658830523490906,0.824539065361023,0.4851842224597931,-0.09202467650175095,0.7165012359619141,0.47328057885169983,0.12817971408367157,0.7441689968109131,0.4934394359588623,-0.14123159646987915,0.6705146431922913,0.48049917817115784,-0.024968121200799942,0.7216442823410034,0.5028030872344971,-0.16367170214653015,0.658158540725708,0.48919999599456787,-0.05712398886680603,0.7187237739562988,0.49094703793525696,-0.16365352272987366,0.657079815864563,0.47999152541160583,-0.07531167566776276,0.7246991395950317,0.4866292178630829,-0.1394175887107849,0.6634088754653931,0.4779394865036011,-0.039203230291604996,0.7832125425338745,0.5753138065338135,-0.06780277192592621,0.7402512431144714,0.5553083419799805,0.06795180588960648,0.66731858253479,0.6123179793357849,-0.19772067666053772,0.6405988931655884,0.5810192823410034,-0.07584864646196365,0.5592207312583923,0.7659101486206055,-0.3147731423377991,0.529626190662384,0.7015910148620605,-0.21148478984832764,0.5502849817276001,0.8059566020965576,-0.32719606161117554,0.5231977105140686,0.7409247756004333,-0.22697091102600098,0.48692965507507324,0.7513984441757202,-0.4148789048194885,0.464788019657135,0.6684648394584656,-0.2846195101737976,0,1
0.7403476238250732,0.2620203197002411,-0.04661891609430313,0.7484043836593628,0.24387536942958832,-0.04123292118310928,0.7524337768554688,0.2428455799818039,-0.04126077517867088,0.7567549347877502,0.24176011979579926,-0.04121775925159454,0.7413538694381714,0.2466849386692047,-0.028024476021528244,0.7398931980133057,0.247467502951622,-0.028094392269849777,0.7384896874427795,0.24796068668365479,-0.02821226790547371,0.7726206183433533,0.24572345614433289,-0.005646173842251301,0.7478827238082886,0.2560097277164459,0.05237603932619095,0.7479752898216248,0.2807181775569916,-0.033707305788993835,0.7411802411079407,0.28295236825942993,-0.016506193205714226,0.8013861775398254,0.34035933017730713,-0.06444169580936432,0.7299430966377258,0.3572019338607788,0.12422071397304535,0.7443355917930603,0.4583692252635956,-0.13094165921211243,0.6698226928710938,0.4534153938293457,0.13727021217346191,0.6817346811294556,0.5410547852516174,-0.18099677562713623,0.614454984664917,0.5108874440193176,0.06272564083337784,0.6595844626426697,0.5662540197372437,-0.20358610153198242,0.5981477499008179,0.5279825329780579,0.048162784427404404,0.655683159828186,0.5583776831626892,-0.20449607074260712,0.600645899772644,0.5274083614349365,0.02681073546409607,0.658906102180481,0.5499383211135864,-0.18117815256118774,0.6076785326004028,0.5235038995742798,0.050283033400774,0.7825033664703369,0.5802301168441772,-0.0656394213438034,0.7381402254104614,0.5622456669807434,0.06563933938741684,0.6693883538246155,0.6186498999595642,-0.2178165167570114,0.6421010494232178,0.579093873500824,-0.10183821618556976,0.5639782547950745,0.7642790675163269,-0.3303595185279846,0.5365387201309204,0.6987139582633972,-0.22608351707458496,0.5547239780426025,0.8095162510871887,-0.342881977558136,0.5323522090911865,0.7384027242660522,-0.23945903778076172,0.5092546939849854,0.7496080994606018,-0.4347009062767029,0.4801529049873352,0.6700008511543274,-0.3039887249469757,0,1
0.7223304510116577,0.23626276850700378,-0.05151132866740227,0.7312384843826294,0.22254417836666107,-0.04856076091527939,0.7347307801246643,0.2224881500005722,-0.048557035624980927,0.7386220693588257,0.22273099422454834,-0.0484471395611763,0.7250991463661194,0.22290311753749847,-0.031769994646310806,0.7239652872085571,0.22303491830825806,-0.031884633004665375,0.722872793674469,0.22305162250995636,-0.03199576959013939,0.7534626722335815,0.2354632467031479,-0.03011253848671913,0.7323964238166809,0.23180867731571198,0.04145531728863716,0.7286335229873657,0.2544410526752472,-0.04597073048353195,0.7218664884567261,0.25422802567481995,-0.0248520839959383,0.7835426330566406,0.3354383707046509,-0.10605940967798233,0.7126862406730652,0.35167378187179565,0.12163712084293365,0.7287830710411072,0.4457201659679413,-0.1724601835012436,0.6545040011405945,0.4432729482650757,0.15334917604923248,0.6574826836585999,0.5252281427383423,-0.20133104920387268,0.6019060015678406,0.5020430684089661,0.07862617075443268,0.6397590041160583,0.5438041090965271,-0.2257758378982544,0.5835956335067749,0.5160992741584778,0.06700129806995392,0.6387048363685608,0.5368101596832275,-0.22135749459266663,0.5851579904556274,0.5143241286277771,0.04412975162267685,0.6394933462142944,0.5305298566818237,-0.1990775763988495,0.5923134088516235,0.5118784308433533,0.06531965732574463,0.7808605432510376,0.5748962163925171,-0.07760410010814667,0.7344689965248108,0.5600690841674805,0.0775822177529335,0.6623730063438416,0.6159501075744629,-0.21953360736370087,0.6379951238632202,0.568743109703064,-0.07843942195177078,0.5544241666793823,0.7610005736351013,-0.2899158298969269,0.5379794239997864,0.6930520534515381,-0.13587619364261627,0.5489017963409424,0.8078564405441284,-0.29796746373176575,0.5406027436256409,0.7352848649024963,-0.14296741783618927,0.49979662895202637,0.7427204847335815,-0.3788844048976898,0.48233479261398315,0.6744481921195984,-0.1922648400068283,0,1
0.7027165293693542,0.23249661922454834,-0.07535728812217712,0.7125293016433716,0.21659289300441742,-0.07446688413619995,0.7162674069404602,0.21683688461780548,-0.07445169240236282,0.7200872898101807,0.2173241227865219,-0.0743800550699234,0.7070988416671753,0.2156270146369934,-0.0564383864402771,0.7064156532287598,0.2152976542711258,-0.05655558779835701,0.7058069109916687,0.21483390033245087,-0.056642431765794754,0.735495924949646,0.23280802369117737,-0.05863284319639206,0.7165249586105347,0.22749769687652588,0.02217918634414673,0.7071018218994141,0.2509608566761017,-0.06997120380401611,0.7014303207397461,0.25058674812316895,-0.0463402196764946,0.7682271599769592,0.3350013792514801,-0.12669631838798523,0.6941352486610413,0.3517262935638428,0.0992017388343811,0.7145113348960876,0.4609694480895996,-0.17633777856826782,0.6434932947158813,0.4578540325164795,0.13082370162010193,0.6377743482589722,0.5307095646858215,-0.19433817267417908,0.5876267552375793,0.5080675482749939,0.06870608776807785,0.6194511651992798,0.5432335138320923,-0.21510973572731018,0.5693756341934204,0.5217310786247253,0.05743421986699104,0.6183358430862427,0.5356353521347046,-0.21001474559307098,0.5692285895347595,0.5196236371994019,0.035165514796972275,0.6242107152938843,0.5288362503051758,-0.1915169507265091,0.5765752196311951,0.5167722702026367,0.05437241867184639,0.7753788232803345,0.5762211680412292,-0.0803820937871933,0.7310320138931274,0.5614194273948669,0.08036274462938309,0.6588194370269775,0.56551593542099,-0.23519101738929749,0.6217883825302124,0.5403156280517578,-0.07877529412508011,0.5570354461669922,0.7372802495956421,-0.30951276421546936,0.5389260649681091,0.6958927512168884,-0.16200146079063416,0.5555049180984497,0.7935266494750977,-0.31694236397743225,0.540521502494812,0.7367708683013916,-0.17231222987174988,0.5039016604423523,0.734853208065033,-0.3974154591560364,0.4831210672855377,0.6776232123374939,-0.22978107631206512,0,1
0.6854897737503052,0.23235957324504852,-0.14687402546405792,0.696374237537384,0.21585269272327423,-0.14896811544895172,0.6997755765914917,0.21635288000106812,-0.14893262088298798,0.7034361958503723,0.21688556671142578,-0.14887085556983948,0.6909593343734741,0.2144215852022171,-0.12908633053302765,0.6904270648956299,0.2138732671737671,-0.12923786044120789,0.6899358034133911,0.21317102015018463,-0.12931449711322784,0.7183717489242554,0.23278306424617767,-0.1355997771024704,0.7004858255386353,0.2274339199066162,-0.045660801231861115,0.6890493631362915,0.25190991163253784,-0.14131930470466614,0.6841335296630859,0.25146767497062683,-0.11521267890930176,0.7512558698654175,0.33888810873031616,-0.19126847386360168,0.6777337789535522,0.35281696915626526,0.04018191620707512,0.700572669506073,0.4749363362789154,-0.22858424484729767,0.6304970979690552,0.46328091621398926,0.07167529314756393,0.625665545463562,0.5346994400024414,-0.22268417477607727,0.5821132659912109,0.5149749517440796,0.005685984622687101,0.6054006218910217,0.5539535880088806,-0.24943408370018005,0.5624889731407166,0.532211184501648,-0.005266581661999226,0.6011769771575928,0.5434380769729614,-0.24518802762031555,0.5629501342773438,0.5312459468841553,-0.03256175294518471,0.6084429621696472,0.5353013873100281,-0.22094181180000305,0.5714435577392578,0.527462363243103,-0.008932488039135933,0.7629855871200562,0.5796521902084351,-0.08476443588733673,0.7207266092300415,0.5618219375610352,0.08469941467046738,0.6522156000137329,0.5511738061904907,-0.2476946860551834,0.608578085899353,0.5281640887260437,-0.06305612623691559,0.558861255645752,0.7299360632896423,-0.3002013862133026,0.536494255065918,0.698215663433075,-0.14600536227226257,0.5596608519554138,0.7849974036216736,-0.30600836873054504,0.5400675535202026,0.7451786398887634,-0.15566645562648773,0.5122746229171753,0.7272116541862488,-0.3838755488395691,0.4820842742919922,0.6878811120986938,-0.2114628553390503,0,1
0.6699084043502808,0.2229267805814743,-0.2842814326286316,0.6818283796310425,0.20845411717891693,-0.28481388092041016,0.6853520274162292,0.2097112238407135,-0.2848006784915924,0.6889592409133911,0.21119357645511627,-0.2847976088523865,0.6755365133285522,0.2065882384777069,-0.2621956467628479,0.6744245290756226,0.20618830621242523,-0.2623705267906189,0.6734095811843872,0.20565742254257202,-0.26241520047187805,0.7020184397697449,0.2304414063692093,-0.25323209166526794,0.6833489537239075,0.22169314324855804,-0.150783970952034,0.6729210615158081,0.24765847623348236,-0.2719583213329315,0.6665862202644348,0.2460051029920578,-0.24218587577342987,0.7312961220741272,0.340739369392395,-0.29263877868652344,0.6575216054916382,0.35267555713653564,-0.030136730521917343,0.6812702417373657,0.48082488775253296,-0.3232441544532776,0.605800986289978,0.46642541885375977,-0.0034174793399870396,0.6095260381698608,0.5385875701904297,-0.30897262692451477,0.5546794533729553,0.5334412455558777,-0.08157534897327423,0.5903011560440063,0.5619661808013916,-0.34505516290664673,0.538392186164856,0.5438074469566345,-0.09450395405292511,0.58531254529953,0.551028311252594,-0.3419886529445648,0.5383601784706116,0.5423219203948975,-0.12939339876174927,0.5912591218948364,0.5428935289382935,-0.3091256022453308,0.5455694198608398,0.5408405661582947,-0.1002819761633873,0.7495487928390503,0.5801870822906494,-0.09675183892250061,0.7065563201904297,0.5665749311447144,0.09665940701961517,0.6390043497085571,0.5323616862297058,-0.2780446708202362,0.5960272550582886,0.5111623406410217,-0.024131467565894127,0.5539885759353638,0.7273035049438477,-0.29966190457344055,0.5333676338195801,0.700796902179718,-0.0902886837720871,0.5590181350708008,0.7842740416526794,-0.3056586980819702,0.5350281000137329,0.7542732357978821,-0.09968897700309753,0.5064021348953247,0.7254964113235474,-0.3904344439506531,0.47664695978164673,0.7023274302482605,-0.16595730185508728,0,1
0.6520678997039795,0.21916112303733826,-0.2932540774345398,0.6642040014266968,0.20658861100673676,-0.2949899137020111,0.6674827337265015,0.20749923586845398,-0.29497700929641724,0.670755922794342,0.20901216566562653,-0.2949902415275574,0.6570889949798584,0.20500975847244263,-0.26988255977630615,0.6556288003921509,0.20465072989463806,-0.2700323760509491,0.65431147813797,0.20424312353134155,-0.2700517177581787,0.6839428544044495,0.22849217057228088,-0.26414328813552856,0.6659386157989502,0.2186552733182907,-0.14958229660987854,0.655396580696106,0.24444253742694855,-0.28130751848220825,0.6485127806663513,0.24190621078014374,-0.24798484146595,0.7118786573410034,0.3424285352230072,-0.30583125352859497,0.6418991684913635,0.3493558466434479,-0.018224935978651047,0.6595650911331177,0.4805443286895752,-0.3342726528644562,0.5891976952552795,0.463943749666214,0.011516937986016273,0.5962870717048645,0.5154196619987488,-0.31238260865211487,0.5351330041885376,0.5274375677108765,-0.08111996948719025,0.5776761770248413,0.5374329686164856,-0.34891435503959656,0.5177122354507446,0.5391575694084167,-0.09268780052661896,0.572014570236206,0.526301383972168,-0.3471745550632477,0.5168895721435547,0.5376209020614624,-0.1303144246339798,0.5782679915428162,0.5180283784866333,-0.31311699748039246,0.5240280032157898,0.5356367826461792,-0.10141117870807648,0.7337473630905151,0.5817369818687439,-0.10683675855398178,0.6926112771034241,0.5663454532623291,0.10674689710140228,0.6170770525932312,0.518964946269989,-0.2785261273384094,0.5858315229415894,0.49235501885414124,0.03265642002224922,0.5478030443191528,0.7241479754447937,-0.27846452593803406,0.5286109447479248,0.6976824402809143,0.001024710014462471,0.5512799024581909,0.783243715763092,-0.28003326058387756,0.5270829200744629,0.73600172996521,-0.005974075756967068,0.502970278263092,0.7159474492073059,-0.3680381178855896,0.4687463343143463,0.6889957189559937,-0.06541205942630768,0,1
0.6329103708267212,0.2157348394393921,-0.2769550085067749,0.6449081301689148,0.2034105360507965,-0.27951785922050476,0.6487154960632324,0.20413073897361755,-0.27951309084892273,0.6524391174316406,0.20537813007831573,-0.27951496839523315,0.6371094584465027,0.20190387964248657,-0.2538408935070038,0.6354671120643616,0.20158149302005768,-0.25396662950515747,0.6339237689971924,0.20119397342205048,-0.2540017366409302,0.6675029993057251,0.22581526637077332,-0.25239941477775574,0.646687924861908,0.21431143581867218,-0.13590608537197113,0.6372968554496765,0.24213217198848724,-0.26679009199142456,0.6296316385269165,0.23895470798015594,-0.23285479843616486,0.6923539638519287,0.34248510003089905,-0.30382439494132996,0.6239649057388306,0.34714972972869873,-0.013528679497539997,0.6274282336235046,0.478994756937027,-0.3502512276172638,0.5662545561790466,0.456942081451416,-0.012803261168301105,0.5586474537849426,0.5066105723381042,-0.34043464064598083,0.5080500245094299,0.5235148072242737,-0.13144956529140472,0.5364039540290833,0.5253345370292664,-0.3800651431083679,0.49488934874534607,0.5327069759368896,-0.14908269047737122,0.5335105657577515,0.5140864253044128,-0.37684008479118347,0.4946455955505371,0.5314640402793884,-0.18720951676368713,0.5418698787689209,0.5071205496788025,-0.3410937488079071,0.5017726421356201,0.5303780436515808,-0.1534336656332016,0.7097765207290649,0.5897683501243591,-0.10819913446903229,0.668330729007721,0.5705299973487854,0.10804103314876556,0.608298659324646,0.4973798096179962,-0.32052284479141235,0.5634772181510925,0.47727638483047485,0.041588664054870605,0.5420901775360107,0.7224900722503662,-0.3038574159145355,0.5249912142753601,0.687826931476593,0.018738213926553726,0.5462468862533569,0.7796207666397095,-0.30473995208740234,0.5171588659286499,0.7232620120048523,0.012976175174117088,0.4943130612373352,0.7264572978019714,-0.40054893493652344,0.4684537351131439,0.6844624280929565,-0.04817046597599983,0,1
0.6136271953582764,0.207821786403656,-0.30735844373703003,0.6259195804595947,0.19457602500915527,-0.31063979864120483,0.6297149658203125,0.19588536024093628,-0.3106611669063568,0.6337196230888367,0.19743815064430237,-0.3106756806373596,0.6183074712753296,0.19266198575496674,-0.2829035222530365,0.6167940497398376,0.192397803068161,-0.28298673033714294,0.6154896020889282,0.19212889671325684,-0.2830217480659485,0.6474810838699341,0.22008679807186127,-0.2799500823020935,0.6258727312088013,0.20610444247722626,-0.15544351935386658,0.6169742345809937,0.23553311824798584,-0.2956477701663971,0.6097162961959839,0.23172780871391296,-0.2595117390155792,0.6657477617263794,0.34277409315109253,-0.3388773798942566,0.602892279624939,0.34415996074676514,-0.018779177218675613,0.5849217176437378,0.4774949252605438,-0.4104803204536438,0.5435974597930908,0.44278237223625183,-0.014110425487160683,0.5029064416885376,0.5179734826087952,-0.4213933050632477,0.4732375144958496,0.516150951385498,-0.12843866646289825,0.4757874608039856,0.5288493037223816,-0.4706660807132721,0.45735129714012146,0.5180932283401489,-0.14608988165855408,0.47829633951187134,0.5190877914428711,-0.4619849622249603,0.4568522870540619,0.519591748714447,-0.187287837266922,0.48171037435531616,0.5179738998413086,-0.42047709226608276,0.46410641074180603,0.5216712355613708,-0.151497021317482,0.6820641756057739,0.599970817565918,-0.10747380554676056,0.6407712697982788,0.5757056474685669,0.10728876292705536,0.5885207056999207,0.49674171209335327,-0.35387545824050903,0.5375739336013794,0.46743425726890564,0.045640360563993454,0.5367010235786438,0.723185122013092,-0.326043039560318,0.5148674249649048,0.680610716342926,0.03083449974656105,0.5443784594535828,0.7814738154411316,-0.3297572433948517,0.5150672197341919,0.7194263935089111,0.027364924550056458,0.47756823897361755,0.7415285110473633,-0.41966861486434937,0.4574514329433441,0.697451114654541,-0.0346580371260643,0,1
0.589154839515686,0.20134733617305756,-0.3568962514400482,0.6012881994247437,0.1884910762310028,-0.36069995164871216,0.6046070456504822,0.18990181386470795,-0.3607444167137146,0.6082865595817566,0.19164788722991943,-0.36079418659210205,0.5951229333877563,0.18676552176475525,-0.3303009867668152,0.594232976436615,0.18659989535808563,-0.33036425709724426,0.5935779213905334,0.18644945323467255,-0.3304124176502228,0.6223322749137878,0.21467144787311554,-0.32309669256210327,0.6039560437202454,0.20170196890830994,-0.18667706847190857,0.5914835929870605,0.22802734375,-0.34170109033584595,0.5850870013237,0.22415266931056976,-0.30194178223609924,0.6358287930488586,0.3415907621383667,-0.38689950108528137,0.5811458826065063,0.334333598613739,-0.020548198372125626,0.5369841456413269,0.46032074093818665,-0.4833095073699951,0.5113343000411987,0.4299827516078949,-0.0038681167643517256,0.44673529267311096,0.5124006271362305,-0.5315792560577393,0.4387325644493103,0.4974903464317322,-0.1153600811958313,0.42509323358535767,0.5233479738235474,-0.593478798866272,0.4221169054508209,0.5036315321922302,-0.12991896271705627,0.423572838306427,0.5129804611206055,-0.5805070996284485,0.4217414855957031,0.504391610622406,-0.17724867165088654,0.43034347891807556,0.5120963454246521,-0.5302077531814575,0.42846551537513733,0.5061257481575012,-0.14062142372131348,0.6617622971534729,0.6058087348937988,-0.1220075860619545,0.6256515383720398,0.5897583365440369,0.12175790965557098,0.5532132983207703,0.47235316038131714,-0.34130415320396423,0.5158154964447021,0.45266860723495483,0.11515942960977554,0.5321623086929321,0.7108328342437744,-0.23274508118629456,0.5144704580307007,0.679723858833313,0.16757997870445251,0.5382786989212036,0.7741823792457581,-0.2222578525543213,0.5242549180984497,0.7254890203475952,0.1698785275220871,0.47217264771461487,0.7243167161941528,-0.28058329224586487,0.46157723665237427,0.7081263065338135,0.13255958259105682,0,1
0.5669735670089722,0.20184938609600067,-0.3414844870567322,0.5791352391242981,0.18853746354579926,-0.3428712487220764,0.582868754863739,0.1899830549955368,-0.3429282307624817,0.5865775346755981,0.19171324372291565,-0.342989981174469,0.5718316435813904,0.1870115101337433,-0.3141469359397888,0.5704804062843323,0.1869758665561676,-0.31419968605041504,0.5693491697311401,0.18694564700126648,-0.3142182230949402,0.6015559434890747,0.2137923389673233,-0.2955504357814789,0.5797306895256042,0.2012820839881897,-0.17355863749980927,0.5705245137214661,0.22807326912879944,-0.32238703966140747,0.5632506608963013,0.22426073253154755,-0.28501155972480774,0.6101938486099243,0.3351415991783142,-0.35977286100387573,0.5645151138305664,0.3308398425579071,0.02035360597074032,0.5102156400680542,0.444658100605011,-0.4448484480381012,0.49264150857925415,0.41833725571632385,0.05106208473443985,0.4207901954650879,0.4908349812030792,-0.48506230115890503,0.413168728351593,0.4706840515136719,-0.06304480880498886,0.40097564458847046,0.511995255947113,-0.544483482837677,0.39345109462738037,0.4857422709465027,-0.07321508973836899,0.39922595024108887,0.5054174661636353,-0.5304225087165833,0.39394286274909973,0.48962974548339844,-0.12426041066646576,0.40621480345726013,0.5013996362686157,-0.4827466905117035,0.4013984799385071,0.48771294951438904,-0.08919667452573776,0.6446945667266846,0.6083709001541138,-0.12894688546657562,0.6137193441390991,0.5968424677848816,0.12871620059013367,0.5267447829246521,0.47091180086135864,-0.249604269862175,0.49532222747802734,0.4711541533470154,0.18285268545150757,0.5295705795288086,0.7077426910400391,-0.07940106838941574,0.5259790420532227,0.6810436248779297,0.2624034881591797,0.5384600758552551,0.768237292766571,-0.06146281957626343,0.5431819558143616,0.7194210290908813,0.2692432999610901,0.4654240608215332,0.7299875617027283,-0.08252165466547012,0.49004387855529785,0.7187700271606445,0.25861722230911255,0,1
0.5571457147598267,0.2025040239095688,-0.32525619864463806,0.5687911510467529,0.18898411095142365,-0.31767362356185913,0.5727478265762329,0.19049452245235443,-0.3177090883255005,0.5775095820426941,0.1921876072883606,-0.3177092373371124,0.5602577924728394,0.18717139959335327,-0.2961793541908264,0.5580601096153259,0.18712183833122253,-0.29623138904571533,0.5558815598487854,0.18693748116493225,-0.29622092843055725,0.5900870561599731,0.21337653696537018,-0.24902382493019104,0.5607007145881653,0.2003166377544403,-0.13545970618724823,0.5627028942108154,0.22819733619689941,-0.2920611500740051,0.5503522753715515,0.223764106631279,-0.2652176320552826,0.5901428461074829,0.32884323596954346,-0.3046967089176178,0.5397351980209351,0.3312169909477234,0.032220445573329926,0.4895017743110657,0.43405473232269287,-0.3810667395591736,0.4692996144294739,0.4136177897453308,0.054044853895902634,0.3973565101623535,0.482522189617157,-0.43195638060569763,0.38978391885757446,0.4695644676685333,-0.05036971718072891,0.3763013780117035,0.5029045343399048,-0.4858105778694153,0.3706738352775574,0.48586201667785645,-0.05746830627322197,0.3741474151611328,0.4996632933616638,-0.4689658284187317,0.369905948638916,0.48784494400024414,-0.10329083353281021,0.3813440203666687,0.49526846408843994,-0.42811664938926697,0.37738221883773804,0.48598650097846985,-0.07333411276340485,0.6328655481338501,0.6051368117332458,-0.12133122980594635,0.5957432985305786,0.6039074659347534,0.12097404152154922,0.5211635231971741,0.47278034687042236,-0.34065261483192444,0.47265854477882385,0.5165030360221863,0.1341206580400467,0.5207521915435791,0.7205934524536133,-0.22719378769397736,0.49799782037734985,0.7083993554115295,0.20519499480724335,0.5324530601501465,0.7678825259208679,-0.21646639704704285,0.5146211385726929,0.7386217713356018,0.19804850220680237,0.4584518074989319,0.7374633550643921,-0.25830358266830444,0.4593275487422943,0.7356509566307068,0.16464616358280182,0,1
0.5593815445899963,0.2047930210828781,-0.3097987771034241,0.5704513788223267,0.19210006296634674,-0.29948553442955017,0.5752854347229004,0.19396184384822845,-0.299480140209198,0.5798669457435608,0.1959863007068634,-0.2994106113910675,0.5573288798332214,0.18863031268119812,-0.2843638062477112,0.5532726645469666,0.18807199597358704,-0.28445181250572205,0.5494216680526733,0.18762081861495972,-0.28445738554000854,0.5856929421424866,0.21299323439598083,-0.20788180828094482,0.5473484992980957,0.19900205731391907,-0.13858437538146973,0.5653868317604065,0.23145811259746552,-0.2733139395713806,0.549540102481842,0.22566866874694824,-0.254412442445755,0.5867077708244324,0.3218594491481781,-0.25521236658096313,0.5250009894371033,0.3320003151893616,0.005716270301491022,0.4903305470943451,0.42693349719047546,-0.34014803171157837,0.4585748314857483,0.41859567165374756,-0.05048861354589462,0.39744704961776733,0.48010843992233276,-0.3975997269153595,0.3860011100769043,0.4763563871383667,-0.23248879611492157,0.3739475607872009,0.5024844408035278,-0.44548410177230835,0.366920530796051,0.4930724799633026,-0.25688156485557556,0.3710567057132721,0.4971613883972168,-0.42934542894363403,0.3683408498764038,0.4953533113002777,-0.29323917627334595,0.3777919411659241,0.49186477065086365,-0.3934313952922821,0.3739554286003113,0.49179017543792725,-0.2532898187637329,0.6252447962760925,0.601992130279541,-0.10554889589548111,0.5796961188316345,0.6085112690925598,0.10508302599191666,0.5121710896492004,0.4721468985080719,-0.31305718421936035,0.4424310624599457,0.575775146484375,0.1077442616224289,0.5202914476394653,0.7115444540977478,-0.2455122172832489,0.5393030643463135,0.6847979426383972,0.12366198003292084,0.5358072519302368,0.7630137205123901,-0.23553498089313507,0.5618143677711487,0.7028849720954895,0.12174397706985474,0.46296387910842896,0.7548211812973022,-0.2685919404029846,0.5411622524261475,0.7382268309593201,0.11165016889572144,0,1
0.5649685263633728,0.211514413356781,-0.29662299156188965,0.574386715888977,0.19690372049808502,-0.28856468200683594,0.5788670778274536,0.19881653785705566,-0.2885643243789673,0.5828860998153687,0.2008320689201355,-0.28850674629211426,0.5619421601295471,0.19428206980228424,-0.27042174339294434,0.5582113862037659,0.19311589002609253,-0.27048859000205994,0.5547272562980652,0.19212684035301208,-0.27049919962882996,0.5895988345146179,0.21315869688987732,-0.19645096361637115,0.5518143773078918,0.20083795487880707,-0.13339492678642273,0.5713523626327515,0.23594604432582855,-0.26314496994018555,0.5539315938949585,0.2314613312482834,-0.24154913425445557,0.5924052000045776,0.315739244222641,-0.24410311877727509,0.5259882807731628,0.3325508236885071,0.00043783802539110184,0.5014858245849609,0.41057443618774414,-0.33233538269996643,0.46359533071517944,0.4211662709712982,-0.06431655585765839,0.40730586647987366,0.4741288125514984,-0.3889995515346527,0.3943726420402527,0.47868096828460693,-0.25950294733047485,0.3846130669116974,0.5000120401382446,-0.4348275661468506,0.3760184645652771,0.49886631965637207,-0.28688347339630127,0.380770206451416,0.494040310382843,-0.4201395511627197,0.3774060606956482,0.49802589416503906,-0.32261139154434204,0.38758978247642517,0.48863929510116577,-0.38521426916122437,0.38308897614479065,0.49308204650878906,-0.2803744673728943,0.6251727342605591,0.5955937504768372,-0.10161049664020538,0.58029705286026,0.6080713272094727,0.10120335966348648,0.5094033479690552,0.4717966318130493,-0.2825546860694885,0.4389563500881195,0.5699922442436218,0.06296570599079132,0.5206364393234253,0.7009981274604797,-0.20984764397144318,0.5386887788772583,0.6760343313217163,0.061581723392009735,0.536628782749176,0.740142822265625,-0.19802875816822052,0.5582283139228821,0.6944407224655151,0.06412597000598907,0.4640929102897644,0.76850825548172,-0.2164246141910553,0.5472151041030884,0.7394790649414062,0.048260174691677094,0,1
0.5944419503211975,0.2118292897939682,-0.20352418720722198,0.6038724780082703,0.19743183255195618,-0.18802902102470398,0.6083201766014099,0.19973969459533691,-0.1880398839712143,0.611598789691925,0.20170752704143524,-0.18798236548900604,0.5909000635147095,0.19418960809707642,-0.1771956980228424,0.5860909223556519,0.19296135008335114,-0.17730125784873962,0.5812329053878784,0.1918964982032776,-0.17732152342796326,0.6140387654304504,0.21326054632663727,-0.08934193104505539,0.5737866759300232,0.20043279230594635,-0.0398990660905838,0.5996278524398804,0.2358485609292984,-0.1666441261768341,0.5812184810638428,0.23139667510986328,-0.15286004543304443,0.6160325407981873,0.31081411242485046,-0.14857205748558044,0.5375245213508606,0.3300406038761139,0.08712425827980042,0.5276943445205688,0.4086505174636841,-0.2518019676208496,0.4781668782234192,0.4222561717033386,-0.02134024165570736,0.43368658423423767,0.4498945474624634,-0.3134818375110626,0.41000470519065857,0.46025747060775757,-0.26985183358192444,0.41139665246009827,0.4734281003475189,-0.3567696213722229,0.3913576006889343,0.4770927429199219,-0.30320972204208374,0.4062879979610443,0.46708351373672485,-0.34658411145210266,0.3951093554496765,0.4718642234802246,-0.33267897367477417,0.4153435230255127,0.4592481255531311,-0.3116433620452881,0.4018169343471527,0.4683184027671814,-0.2895660996437073,0.6298066973686218,0.5916563868522644,-0.09795592725276947,0.5838019251823425,0.6043998003005981,0.09752930700778961,0.5178303718566895,0.4651464819908142,-0.2852798402309418,0.47351041436195374,0.4963145852088928,0.022364836186170578,0.5290973782539368,0.6985089778900146,-0.27696770429611206,0.5243319272994995,0.6766198873519897,-0.07293752580881119,0.5385581851005554,0.7427009344100952,-0.2761208713054657,0.5442735552787781,0.7084149122238159,-0.08396270871162415,0.4704631268978119,0.7607628703117371,-0.32667091488838196,0.4977019429206848,0.7393523454666138,-0.13838353753089905,0,1
0.6364506483078003,0.21553294360637665,-0.23806777596473694,0.6448599100112915,0.20089925825595856,-0.22121305763721466,0.6485634446144104,0.20304428040981293,-0.22126059234142303,0.6513077616691589,0.2047046273946762,-0.22125855088233948,0.632258951663971,0.19628183543682098,-0.21378855407238007,0.6273825764656067,0.1954089105129242,-0.21394316852092743,0.6226815581321716,0.19480419158935547,-0.21400026977062225,0.6540064811706543,0.21510690450668335,-0.10930417478084564,0.6145608425140381,0.20349496603012085,-0.07943936437368393,0.6412917375564575,0.24033541977405548,-0.19780471920967102,0.6242551207542419,0.23638533055782318,-0.18815186619758606,0.6551524996757507,0.31336453557014465,-0.15656182169914246,0.5827484130859375,0.3255656063556671,0.0589144304394722,0.5739675164222717,0.4052506685256958,-0.27567264437675476,0.5227487087249756,0.41284602880477905,-0.008741009049117565,0.47448092699050903,0.4510613679885864,-0.3445548415184021,0.4575117230415344,0.4589207172393799,-0.2357131689786911,0.45654329657554626,0.4651750922203064,-0.39110833406448364,0.4414758086204529,0.4659664034843445,-0.2687537372112274,0.4516468048095703,0.45606184005737305,-0.38502436876296997,0.4406052529811859,0.46198874711990356,-0.3025661110877991,0.45794644951820374,0.45338740944862366,-0.3450140058994293,0.44567519426345825,0.4615461230278015,-0.25722604990005493,0.6598330736160278,0.58910071849823,-0.09838075935840607,0.6153420805931091,0.5929804444313049,0.09800440073013306,0.551364541053772,0.4685490131378174,-0.2974080443382263,0.5163446068763733,0.47965672612190247,0.010526820085942745,0.5382305979728699,0.7032662034034729,-0.32172101736068726,0.5050811767578125,0.6854096055030823,-0.05547701567411423,0.546644926071167,0.7648744583129883,-0.32352185249328613,0.5167062282562256,0.7283923625946045,-0.06361199915409088,0.48487091064453125,0.7362508773803711,-0.3925798237323761,0.457827627658844,0.7180051207542419,-0.11777529865503311,0,1
0.675220787525177,0.22171738743782043,-0.19452263414859772,0.6829351782798767,0.2078997790813446,-0.17635026574134827,0.6865476965904236,0.2101869434118271,-0.17636823654174805,0.6890267729759216,0.21200381219387054,-0.17629340291023254,0.671001136302948,0.20244261622428894,-0.16670720279216766,0.6660810112953186,0.20159757137298584,-0.1668340563774109,0.6612695455551147,0.2008870244026184,-0.16688522696495056,0.6909064054489136,0.22171497344970703,-0.06952965259552002,0.6525630354881287,0.20896069705486298,-0.028014764189720154,0.6790194511413574,0.24599723517894745,-0.15598924458026886,0.663128137588501,0.24151532351970673,-0.14401063323020935,0.6921449899673462,0.3162509799003601,-0.1278710961341858,0.6171630024909973,0.3273073434829712,0.09641595929861069,0.6158745884895325,0.3999466300010681,-0.2544362246990204,0.549392580986023,0.41322046518325806,0.007767291273921728,0.5227376818656921,0.4437645375728607,-0.35250043869018555,0.493293434381485,0.4522542655467987,-0.24710795283317566,0.4995322823524475,0.4553145170211792,-0.40097132325172424,0.4716596007347107,0.4565719962120056,-0.2812953293323517,0.49727949500083923,0.4520731270313263,-0.39431530237197876,0.4759042263031006,0.45626598596572876,-0.3141278624534607,0.5045312643051147,0.450786292552948,-0.353545606136322,0.4831767976284027,0.4565550982952118,-0.2660425007343292,0.6913329362869263,0.5894290208816528,-0.09812136739492416,0.6471545696258545,0.5879809260368347,0.09777413308620453,0.5786669850349426,0.48055189847946167,-0.32007157802581787,0.5456454753875732,0.4704860746860504,0.002821949077770114,0.542458176612854,0.7221286296844482,-0.38207730650901794,0.5121728777885437,0.6951267719268799,-0.0815616101026535,0.546399712562561,0.7849829792976379,-0.3889142870903015,0.5252857208251953,0.7321251630783081,-0.09294585883617401,0.48650941252708435,0.7468147277832031,-0.47543469071388245,0.4671122431755066,0.711546003818512,-0.16160055994987488,0,1
0.7038602232933044,0.2238311618566513,-0.1868475377559662,0.7114958763122559,0.20964869856834412,-0.17006345093250275,0.7158034443855286,0.21160021424293518,-0.17007361352443695,0.7194622755050659,0.21328358352184296,-0.17000524699687958,0.6980961561203003,0.20538440346717834,-0.1604531854391098,0.6936773061752319,0.2046934813261032,-0.16058263182640076,0.6893011331558228,0.20425009727478027,-0.16061237454414368,0.7228962182998657,0.22296111285686493,-0.07369980216026306,0.6819164752960205,0.21300601959228516,-0.031956613063812256,0.7103978395462036,0.24784687161445618,-0.15221938490867615,0.6944476962089539,0.24387295544147491,-0.14005956053733826,0.7290651798248291,0.3153223991394043,-0.1343906968832016,0.6544507741928101,0.3260231018066406,0.08712855726480484,0.6527780890464783,0.3870747983455658,-0.2665523588657379,0.5904015302658081,0.39431434869766235,-0.00758647033944726,0.5635116100311279,0.4139995574951172,-0.3829604685306549,0.5375227332115173,0.4266597032546997,-0.2551213800907135,0.5436586141586304,0.429729163646698,-0.43819659948349,0.515925407409668,0.4407792389392853,-0.2906162440776825,0.5405030846595764,0.427002876996994,-0.4204738736152649,0.5168315768241882,0.43962886929512024,-0.3167189955711365,0.5483914613723755,0.4238975942134857,-0.3855711817741394,0.5260341167449951,0.435581237077713,-0.27327269315719604,0.7192757725715637,0.5832228660583496,-0.09694024175405502,0.6783764362335205,0.568064272403717,0.09661082178354263,0.6001850366592407,0.5116663575172424,-0.29657673835754395,0.5684365630149841,0.47855445742607117,-0.0027996543794870377,0.5440692901611328,0.7278960943222046,-0.37588316202163696,0.5154584646224976,0.6979042291641235,-0.08951921761035919,0.5463260412216187,0.788223922252655,-0.3780120313167572,0.5166979432106018,0.74324631690979,-0.10070924460887909,0.48590564727783203,0.724731981754303,-0.45393380522727966,0.4608628749847412,0.6853882670402527,-0.16333158314228058,0,1
0.7225123047828674,0.23473048210144043,-0.10342641919851303,0.7297970056533813,0.2170737087726593,-0.09020446240901947,0.7339664101600647,0.21691609919071198,-0.0901680663228035,0.7379859685897827,0.21723005175590515,-0.09010230004787445,0.7179840207099915,0.21775192022323608,-0.07723207771778107,0.7138287425041199,0.21781541407108307,-0.07731111347675323,0.7100512981414795,0.21811501681804657,-0.07734308391809464,0.7473387122154236,0.22718581557273865,-0.008609783835709095,0.7074272632598877,0.2279064953327179,0.05059736222028732,0.7312735915184021,0.2551463544368744,-0.0734311044216156,0.7167321443557739,0.25553804636001587,-0.056208282709121704,0.7659686803817749,0.3185097277164459,-0.07610612362623215,0.6895269751548767,0.32449615001678467,0.1660197526216507,0.6972140073776245,0.38884204626083374,-0.19451069831848145,0.6294186115264893,0.38898539543151855,0.11634208261966705,0.6121806502342224,0.4131850302219391,-0.28950682282447815,0.5751335620880127,0.4174010753631592,-0.10220740735530853,0.591314435005188,0.4256247580051422,-0.3273756504058838,0.5501924753189087,0.4268582761287689,-0.12815988063812256,0.5880423784255981,0.421069473028183,-0.3201727569103241,0.5513951182365417,0.42508840560913086,-0.15281352400779724,0.5952697992324829,0.4201013743877411,-0.2875607907772064,0.5635062456130981,0.42309480905532837,-0.11885777860879898,0.7419673800468445,0.5799887180328369,-0.10021127760410309,0.7023952007293701,0.5580275654792786,0.0999184101819992,0.6187386512756348,0.526727020740509,-0.28595322370529175,0.5911513566970825,0.48780420422554016,-0.016863303259015083,0.5469207763671875,0.7392463088035583,-0.37633198499679565,0.51800537109375,0.6976510286331177,-0.08265908807516098,0.5476621389389038,0.7894588112831116,-0.38692671060562134,0.5140262246131897,0.7488512396812439,-0.0905403196811676,0.49377360939979553,0.7351309657096863,-0.46981555223464966,0.46296587586402893,0.6816983222961426,-0.14335879683494568,0,1
0.7360214591026306,0.25631028413772583,-0.05013537406921387,0.7423992156982422,0.23699021339416504,-0.04969777911901474,0.7473117113113403,0.23448505997657776,-0.049683816730976105,0.752318263053894,0.2322387844324112,-0.049630336463451385,0.7332698702812195,0.24199123680591583,-0.030194243416190147,0.7309171557426453,0.2425757795572281,-0.030267935246229172,0.728739857673645,0.24332986772060394,-0.030349712818861008,0.7661811113357544,0.23444925248622894,-0.01449044980108738,0.7351047992706299,0.24478882551193237,0.07326070964336395,0.7473732829093933,0.27266570925712585,-0.03611179441213608,0.7354393601417542,0.2782241702079773,-0.010385151952505112,0.798630952835083,0.32224196195602417,-0.08584634959697723,0.7234073877334595,0.3279086947441101,0.17326080799102783,0.748444139957428,0.40853428840637207,-0.20516102015972137,0.661109983921051,0.3961181342601776,0.17112387716770172,0.6631758213043213,0.4174143373966217,-0.2929989695549011,0.6077074408531189,0.416564017534256,0.024303384125232697,0.6396702527999878,0.42870378494262695,-0.3249821066856384,0.5904344916343689,0.42566439509391785,0.005990872625261545,0.6367685794830322,0.422307550907135,-0.318319708108902,0.5910971164703369,0.4217493236064911,-0.015360554680228233,0.642924427986145,0.42174944281578064,-0.2901083528995514,0.5978956818580627,0.42034775018692017,0.009874782525002956,0.7559000253677368,0.5810484886169434,-0.0953812226653099,0.7158180475234985,0.5600894689559937,0.0952984094619751,0.6334598660469055,0.5531920194625854,-0.234018012881279,0.6087353229522705,0.5120350122451782,-0.013139395043253899,0.5498436689376831,0.737787127494812,-0.30953776836395264,0.5217145085334778,0.6969983577728271,-0.09441705048084259,0.5485854744911194,0.784954309463501,-0.31548866629600525,0.5155593752861023,0.7448301315307617,-0.10375580936670303,0.4931570887565613,0.7294508814811707,-0.3815481960773468,0.46305856108665466,0.6758394241333008,-0.1518200784921646,0,1
0.7478141188621521,0.2746862471103668,0.022844655439257622,0.7525919079780579,0.2563340365886688,0.01872364804148674,0.7564206719398499,0.2540268898010254,0.01871759071946144,0.760784924030304,0.2515004575252533,0.01871636137366295,0.7460633516311646,0.25888821482658386,0.04132647067308426,0.7448800206184387,0.25912007689476013,0.04128012806177139,0.7438879013061523,0.2592952251434326,0.041220877319574356,0.7800558805465698,0.24705401062965393,0.02836376428604126,0.7558292746543884,0.25872206687927246,0.1316784769296646,0.7580958604812622,0.28983816504478455,0.027662407606840134,0.7512719631195068,0.29256877303123474,0.0579192154109478,0.822245717048645,0.32280057668685913,-0.037555474787950516,0.7470108270645142,0.33812883496284485,0.19222542643547058,0.791090726852417,0.4173649251461029,-0.15203876793384552,0.6913005113601685,0.41943085193634033,0.17916949093341827,0.7112365961074829,0.41342422366142273,-0.2462601214647293,0.6327974796295166,0.42367100715637207,0.034089840948581696,0.6929959058761597,0.4222586452960968,-0.27671879529953003,0.6202394366264343,0.4290294349193573,0.00828545168042183,0.6901900172233582,0.4119105041027069,-0.27662357687950134,0.6225776076316833,0.42323604226112366,-0.012316543608903885,0.6959911584854126,0.4107309877872467,-0.24578669667243958,0.627901017665863,0.4228793978691101,0.018690312281250954,0.7713738083839417,0.5750224590301514,-0.08195795118808746,0.7300434112548828,0.5545452833175659,0.0819978266954422,0.6483265161514282,0.5769232511520386,-0.23036272823810577,0.6241477131843567,0.5398845076560974,-0.0604432038962841,0.5527290105819702,0.7473866939544678,-0.35562825202941895,0.5257769227027893,0.6982877254486084,-0.20454387366771698,0.5470658540725708,0.791644275188446,-0.3689965605735779,0.5166143774986267,0.7432907223701477,-0.22037701308727264,0.49125558137893677,0.7163057327270508,-0.4492534101009369,0.4640078544616699,0.6759082078933716,-0.28122830390930176,0,1
0.7582424879074097,0.285021036863327,0.0419120267033577,0.7623832821846008,0.2685405910015106,0.03687290474772453,0.7652653455734253,0.2666625678539276,0.036812882870435715,0.7689691781997681,0.264167457818985,0.03676812723278999,0.7579410672187805,0.27052122354507446,0.058962125331163406,0.757432758808136,0.2703567147254944,0.058956217020750046,0.7570172548294067,0.2703300416469574,0.05890989303588867,0.7883197069168091,0.2559269368648529,0.03420453518629074,0.77019202709198,0.2681691348552704,0.13417232036590576,0.7674922943115234,0.30004703998565674,0.0404307097196579,0.7622469663619995,0.30131638050079346,0.07021193206310272,0.8376042246818542,0.3232370913028717,-0.029292132705450058,0.7607670426368713,0.34653836488723755,0.18522118031978607,0.8306635618209839,0.4298191964626312,-0.12584106624126434,0.7308696508407593,0.4537698030471802,0.19079890847206116,0.7468307614326477,0.40674692392349243,-0.19672557711601257,0.6795206665992737,0.44198840856552124,0.07393114268779755,0.7300205826759338,0.41415053606033325,-0.22409161925315857,0.6631019711494446,0.4417967200279236,0.050997305661439896,0.7284977436065674,0.4020286202430725,-0.22164878249168396,0.662607729434967,0.4337746202945709,0.026604289188981056,0.7325904369354248,0.40149715542793274,-0.19465801119804382,0.6684595346450806,0.43570515513420105,0.05755048245191574,0.7753998041152954,0.5733847618103027,-0.07562540471553802,0.7349244356155396,0.5539271235466003,0.07571545243263245,0.6587572693824768,0.6080485582351685,-0.2014196366071701,0.6349948644638062,0.5693022608757019,-0.044981490820646286,0.5564498901367188,0.7556982040405273,-0.3044324815273285,0.5286635160446167,0.699825644493103,-0.163680300116539,0.5466586351394653,0.8011646866798401,-0.31490015983581543,0.5207188129425049,0.7430270910263062,-0.17730823159217834,0.49333447217941284,0.7170948386192322,-0.3864597976207733,0.4664708077907562,0.6726244688034058,-0.2338123619556427,0,1
0.7605772614479065,0.2810221314430237,0.01616358384490013,0.7652894258499146,0.2637765109539032,0.011309548281133175,0.7691460847854614,0.2617865800857544,0.011285822838544846,0.7737842798233032,0.258762389421463,0.011231995187699795,0.7594826817512512,0.2661835849285126,0.03244619444012642,0.7584222555160522,0.26640933752059937,0.03245842084288597,0.757349967956543,0.26674702763557434,0.032395731657743454,0.7924366593360901,0.2512691915035248,0.019527617841959,0.7682499885559082,0.26674720644950867,0.12081513553857803,0.7717418670654297,0.2955823838710785,0.021378038451075554,0.7643406987190247,0.29748597741127014,0.050538111478090286,0.8428599238395691,0.31728312373161316,-0.0054904259741306305,0.7672954797744751,0.34275326132774353,0.17378079891204834,0.8639572858810425,0.4638177156448364,-0.06710559129714966,0.7505311965942383,0.45740190148353577,0.16406425833702087,0.78602534532547,0.41371896862983704,-0.11458271741867065,0.7196747064590454,0.43758174777030945,0.004258167929947376,0.7658191919326782,0.4149359464645386,-0.13264670968055725,0.7057667970657349,0.43896833062171936,-0.02638162299990654,0.7654823064804077,0.4027855396270752,-0.1243213638663292,0.7079849243164062,0.42894139885902405,-0.0387861542403698,0.7692068815231323,0.40283697843551636,-0.10809195041656494,0.7129475474357605,0.4289190173149109,-0.008008787408471107,0.7874748110771179,0.5712931156158447,-0.06982727348804474,0.7435355186462402,0.5479127168655396,0.0699324905872345,0.6708369851112366,0.6261438131332397,-0.180027574300766,0.6403405070304871,0.5875481367111206,-0.046979594975709915,0.5588971376419067,0.7622341513633728,-0.282528281211853,0.531383216381073,0.6988579034805298,-0.1559636890888214,0.5475401282310486,0.8045122027397156,-0.2929518520832062,0.5225771069526672,0.7433770895004272,-0.1696801483631134,0.4926508069038391,0.734774112701416,-0.3704264163970947,0.46420997381210327,0.6702166199684143,-0.22512774169445038,0,1
0.7592389583587646,0.2525193393230438,0.01739691197872162,0.7656155824661255,0.23576973378658295,0.012163795530796051,0.76966392993927,0.2342836558818817,0.012137306854128838,0.7740647196769714,0.23198683559894562,0.012081989087164402,0.7591351866722107,0.23819486796855927,0.03491521626710892,0.7581274509429932,0.23903143405914307,0.03489798679947853,0.757146954536438,0.239909365773201,0.034815192222595215,0.7927161455154419,0.23035521805286407,0.024950409308075905,0.769278347492218,0.24770420789718628,0.12698818743228912,0.7690818309783936,0.26828914880752563,0.021712685003876686,0.761505126953125,0.2697679400444031,0.053192138671875,0.8445318937301636,0.31632566452026367,-0.0005432837642729282,0.7659307718276978,0.332196980714798,0.177725151181221,0.8674017786979675,0.4613846242427826,-0.0891990140080452,0.7464074492454529,0.4561294615268707,0.12553949654102325,0.7983376979827881,0.4046435058116913,-0.14185185730457306,0.7212463617324829,0.4118506908416748,-0.07601459324359894,0.7805074453353882,0.4043457508087158,-0.15970972180366516,0.7094945311546326,0.4125257134437561,-0.09411673247814178,0.7784367203712463,0.3870575726032257,-0.14769230782985687,0.7105522751808167,0.40517789125442505,-0.12227694690227509,0.7809122204780579,0.3876938819885254,-0.1345609724521637,0.716795802116394,0.40613484382629395,-0.0875222310423851,0.7899819612503052,0.5717248916625977,-0.0660095140337944,0.7415425181388855,0.5458418726921082,0.06618645787239075,0.6740943789482117,0.6348488330841064,-0.18533894419670105,0.6421772241592407,0.6009949445724487,-0.07282354682683945,0.5575382113456726,0.7601848244667053,-0.2946355938911438,0.5313488245010376,0.6990182399749756,-0.2061644047498703,0.5469878911972046,0.8030018210411072,-0.307515412569046,0.5185128450393677,0.7449012994766235,-0.22236576676368713,0.48957520723342896,0.7321650385856628,-0.40490466356277466,0.4628327786922455,0.668834388256073,-0.2881050705909729,0,1
0.7662409543991089,0.25248801708221436,0.05381407216191292,0.7723684906959534,0.23550523817539215,0.051436979323625565,0.7761380076408386,0.23360653221607208,0.05138435959815979,0.7807298302650452,0.23117974400520325,0.051301877945661545,0.7652432918548584,0.2382580190896988,0.07333377748727798,0.7639086842536926,0.23886559903621674,0.07334629446268082,0.7628205418586731,0.23964199423789978,0.07326640188694,0.7998763918876648,0.22880810499191284,0.05895839259028435,0.7749325633049011,0.24595190584659576,0.16259709000587463,0.7769370675086975,0.2689664959907532,0.057131461799144745,0.7690445184707642,0.2707071602344513,0.08743280917406082,0.8491121530532837,0.327052503824234,0.018841424956917763,0.7680219411849976,0.3318023383617401,0.1997719705104828,0.8481005430221558,0.4786975383758545,-0.034632448107004166,0.7425762414932251,0.4585106670856476,0.22381600737571716,0.7805150747299194,0.40991443395614624,-0.07389013469219208,0.6966515779495239,0.4233717620372772,0.10769110918045044,0.7597975134849548,0.4088355600833893,-0.09366635978221893,0.6801428198814392,0.4227156341075897,0.07985188066959381,0.7627276182174683,0.3910830616950989,-0.09164439141750336,0.6807149648666382,0.41574886441230774,0.05547592043876648,0.76437908411026,0.3919903635978699,-0.07099693268537521,0.6863361597061157,0.4164171516895294,0.09083312004804611,0.7892332673072815,0.5707045793533325,-0.06620428711175919,0.7406243085861206,0.5447903275489807,0.06640277802944183,0.6755067706108093,0.630649209022522,-0.19552204012870789,0.6450783610343933,0.6040456891059875,-0.060467429459095,0.5579021573066711,0.7613793015480042,-0.3168853521347046,0.5299729108810425,0.6989928483963013,-0.1883467733860016,0.5479924082756042,0.806223452091217,-0.3287820816040039,0.5158952474594116,0.7423178553581238,-0.20435583591461182,0.48911386728286743,0.7433688640594482,-0.40776556730270386,0.4593210220336914,0.6620492935180664,-0.2617141306400299,0,1
0.7747419476509094,0.2533068358898163,-0.03265520557761192,0.782595157623291,0.2363351434469223,-0.028367117047309875,0.7868383526802063,0.23439571261405945,-0.028410430997610092,0.791810929775238,0.23268744349479675,-0.02841329574584961,0.7742211222648621,0.23849709331989288,-0.014645886607468128,0.7724720239639282,0.2390606552362442,-0.014660874381661415,0.7709542512893677,0.23961196839809418,-0.014737372286617756,0.8091920614242554,0.23406507074832916,0.008034749887883663,0.7799005508422852,0.24583253264427185,0.07083482295274734,0.7838664054870605,0.27051687240600586,-0.01990297995507717,0.7752742767333984,0.27159202098846436,-0.0006877800333313644,0.8474597930908203,0.3416004776954651,-0.04730985686182976,0.7653337717056274,0.34211254119873047,0.13225097954273224,0.8026480674743652,0.4630628824234009,-0.12479255348443985,0.7065149545669556,0.44355520606040955,0.14416086673736572,0.7232466340065002,0.4744521975517273,-0.20476789772510529,0.6479644179344177,0.45371055603027344,0.04231276363134384,0.7046220898628235,0.48662328720092773,-0.23138602077960968,0.6327542066574097,0.4630759656429291,0.010506318882107735,0.7037860155105591,0.4787280559539795,-0.2373226433992386,0.6332568526268005,0.4588482677936554,-0.006271547172218561,0.7072935700416565,0.47324904799461365,-0.20759952068328857,0.6389515399932861,0.45742067694664,0.02835671976208687,0.7875422835350037,0.5706248879432678,-0.06652705371379852,0.7396464943885803,0.5451964735984802,0.06665549427270889,0.6736689805984497,0.6246474981307983,-0.21114881336688995,0.6448273062705994,0.5943757891654968,-0.06360797584056854,0.5569819211959839,0.7600960731506348,-0.32203537225723267,0.5302700400352478,0.700283408164978,-0.19745215773582458,0.5462252497673035,0.8046266436576843,-0.33388274908065796,0.5185689926147461,0.7413020730018616,-0.21296417713165283,0.48810848593711853,0.7205652594566345,-0.41348934173583984,0.46070927381515503,0.6612071394920349,-0.2702648341655731,0,1
0.7756858468055725,0.24563439190387726,-0.1259782910346985,0.7846207618713379,0.23024438321590424,-0.12184840440750122,0.789245069026947,0.2305832803249359,-0.12185902893543243,0.7942456007003784,0.23060257732868195,-0.12181045860052109,0.7760828733444214,0.2296745926141739,-0.10763657093048096,0.7739406824111938,0.22969847917556763,-0.10770660638809204,0.7719181776046753,0.2297588586807251,-0.10780711472034454,0.8096991777420044,0.23671972751617432,-0.08027258515357971,0.7794625759124756,0.23947428166866302,-0.017261385917663574,0.7837167978286743,0.26700034737586975,-0.10972990095615387,0.7747300863265991,0.26693886518478394,-0.09115884453058243,0.8293834924697876,0.3391779661178589,-0.1321578472852707,0.7537657022476196,0.3421432077884674,0.0809038057923317,0.7653027772903442,0.43715938925743103,-0.1966899335384369,0.6902053356170654,0.4237063527107239,0.11297701299190521,0.6935597658157349,0.5036934018135071,-0.24790611863136292,0.6288195848464966,0.4618242383003235,0.053339552134275436,0.6755059361457825,0.5185663104057312,-0.2733475863933563,0.6151095032691956,0.4746130704879761,0.06606632471084595,0.6707800626754761,0.5071545243263245,-0.27737191319465637,0.6158689856529236,0.4726971983909607,0.0315246507525444,0.6766909956932068,0.5035737752914429,-0.2495705783367157,0.6222145557403564,0.4705117642879486,0.040615372359752655,0.7835677266120911,0.5701658129692078,-0.06839533150196075,0.7384493350982666,0.5445048213005066,0.06828714162111282,0.6676455736160278,0.6127161979675293,-0.21853938698768616,0.6427356600761414,0.5747835040092468,-0.07473482191562653,0.5612272620201111,0.7543711066246033,-0.2809458076953888,0.5355976223945618,0.7004835605621338,-0.14919692277908325,0.5488564968109131,0.7988201379776001,-0.28821828961372375,0.5309031009674072,0.7450774908065796,-0.15845054388046265,0.5018366575241089,0.7176970839500427,-0.37461361289024353,0.4739236831665039,0.6709796190261841,-0.22670140862464905,0,1
0.7651148438453674,0.2367071956396103,-0.08677244931459427,0.7752206325531006,0.22310009598731995,-0.08077686280012131,0.7793663740158081,0.22370293736457825,-0.0808010920882225,0.7841769456863403,0.2243766337633133,-0.08073596656322479,0.7675170302391052,0.22129559516906738,-0.06429563462734222,0.7658827304840088,0.2207438200712204,-0.06438051909208298,0.7643458843231201,0.22031313180923462,-0.06450448930263519,0.7988775372505188,0.2356487214565277,-0.03789832070469856,0.7706770300865173,0.22993801534175873,0.034286029636859894,0.7704383134841919,0.257893443107605,-0.07104016840457916,0.7623422145843506,0.25581732392311096,-0.04985161870718002,0.8135675191879272,0.33031782507896423,-0.10793183743953705,0.7417347431182861,0.33717864751815796,0.15691787004470825,0.7474318742752075,0.42294272780418396,-0.17956086993217468,0.6788867712020874,0.42175671458244324,0.1890292465686798,0.6711105108261108,0.4938080608844757,-0.23157235980033875,0.6192069053649902,0.4673178791999817,0.11039985716342926,0.6507374048233032,0.511954128742218,-0.25971630215644836,0.5976974964141846,0.47906574606895447,0.10002479702234268,0.6512458920478821,0.5028433799743652,-0.25783976912498474,0.5979745984077454,0.47759926319122314,0.07332579791545868,0.6531047224998474,0.49594539403915405,-0.23065900802612305,0.6089951992034912,0.4753597676753998,0.09571699798107147,0.7781005501747131,0.5705131888389587,-0.08370769023895264,0.7352880239486694,0.5471978187561035,0.0835799127817154,0.664171040058136,0.5886794924736023,-0.24294817447662354,0.6375607252120972,0.5560137033462524,-0.08285629749298096,0.5570996403694153,0.7454902529716492,-0.3188078701496124,0.5378998517990112,0.7046985030174255,-0.1575748771429062,0.548920750617981,0.7944367527961731,-0.32776641845703125,0.5326735377311707,0.74241042137146,-0.1660359650850296,0.5064783692359924,0.7093774676322937,-0.418425977230072,0.4802855849266052,0.6779550909996033,-0.23319634795188904,0,1
0.7448282837867737,0.23194314539432526,-0.12366865575313568,0.7555578947067261,0.21911652386188507,-0.11605620384216309,0.7598810791969299,0.2197713404893875,-0.11606071889400482,0.7648166418075562,0.22089098393917084,-0.11600605398416519,0.7471321821212769,0.21744287014007568,-0.09875254333019257,0.7454392910003662,0.216878741979599,-0.09881802648305893,0.7437791228294373,0.21634337306022644,-0.09890087693929672,0.7787530422210693,0.23414701223373413,-0.0605316087603569,0.7504006028175354,0.2251085489988327,0.016703641042113304,0.7507736682891846,0.2532334327697754,-0.10292579978704453,0.7421633005142212,0.2503092885017395,-0.0802161693572998,0.7941727638244629,0.32412511110305786,-0.12488329410552979,0.7244729399681091,0.33123913407325745,0.1456594616174698,0.725374698638916,0.4196185767650604,-0.2086724042892456,0.659777045249939,0.418594092130661,0.19538484513759613,0.6433488726615906,0.47936731576919556,-0.27414438128471375,0.5979040265083313,0.46462681889533997,0.10965796560049057,0.6270031929016113,0.5023468136787415,-0.30667316913604736,0.5816246867179871,0.475807785987854,0.10067792981863022,0.6270307302474976,0.49551329016685486,-0.30278077721595764,0.5824627876281738,0.47421765327453613,0.07141700387001038,0.6301248073577881,0.4893806576728821,-0.2728419601917267,0.5891534090042114,0.47148022055625916,0.09435489028692245,0.7613492608070374,0.5699594020843506,-0.09589432924985886,0.7181037664413452,0.5477479100227356,0.09575307369232178,0.6460152268409729,0.5552407503128052,-0.275312602519989,0.6159626841545105,0.521084725856781,-0.06822801381349564,0.5558947324752808,0.7420685887336731,-0.3309704661369324,0.532138466835022,0.7038532495498657,-0.11840885877609253,0.5491477251052856,0.7931081056594849,-0.3381612300872803,0.5214676856994629,0.7435531616210938,-0.12503260374069214,0.5030959844589233,0.7123456597328186,-0.42500728368759155,0.47879862785339355,0.6774232387542725,-0.18407562375068665,0,1
0.722505509853363,0.22913868725299835,-0.1330922693014145,0.732681393623352,0.21574443578720093,-0.12833255529403687,0.73668372631073,0.21671736240386963,-0.1282932013273239,0.7412251234054565,0.21802298724651337,-0.12821069359779358,0.7255194783210754,0.213788241147995,-0.1079951748251915,0.7240772247314453,0.21334491670131683,-0.10805265605449677,0.722631573677063,0.21287180483341217,-0.10811062157154083,0.7552333474159241,0.23374728858470917,-0.08079750835895538,0.7298993468284607,0.22370518743991852,0.009849648922681808,0.7273192405700684,0.2507180869579315,-0.11499254405498505,0.7197249531745911,0.2480885237455368,-0.08858104050159454,0.7654751539230347,0.32364562153816223,-0.1459064930677414,0.7026324272155762,0.3313227593898773,0.14924106001853943,0.6947299242019653,0.41780906915664673,-0.20606854557991028,0.6381638050079346,0.4167739450931549,0.2011905461549759,0.610644519329071,0.468708336353302,-0.24454596638679504,0.5781521797180176,0.4649696350097656,0.12121854722499847,0.5912585854530334,0.4920858144760132,-0.26979875564575195,0.5610465407371521,0.4756602942943573,0.1170174703001976,0.5857585668563843,0.48599717020988464,-0.2627089023590088,0.5614491701126099,0.4752504527568817,0.0902237743139267,0.59464430809021,0.48502418398857117,-0.24005839228630066,0.5683907270431519,0.4730609059333801,0.10747809708118439,0.7370688319206238,0.5785762667655945,-0.1027003675699234,0.6998292207717896,0.5604354739189148,0.10245821624994278,0.6236451864242554,0.5284537076950073,-0.28402382135391235,0.5967304706573486,0.5051265954971313,0.0034618000499904156,0.5544038414955139,0.7306512594223022,-0.29041990637779236,0.5286692380905151,0.6962252259254456,-0.0017837199848145247,0.550463080406189,0.7822586894035339,-0.2888585925102234,0.52032470703125,0.7355395555496216,-0.003590950043871999,0.490262508392334,0.710616409778595,-0.34175780415534973,0.47410789132118225,0.6757771372795105,-0.04030141606926918,0,1
0.6934115290641785,0.22609418630599976,-0.1270439177751541,0.7037225961685181,0.2138976901769638,-0.12424270808696747,0.7078472971916199,0.21480309963226318,-0.12415673583745956,0.7124325037002563,0.21584148705005646,-0.12403981387615204,0.6963949799537659,0.21161910891532898,-0.09988011419773102,0.6948487162590027,0.21102701127529144,-0.0999489352107048,0.693470299243927,0.2103598713874817,-0.10002031177282333,0.7271279692649841,0.23170964419841766,-0.08185239136219025,0.7018872499465942,0.22150874137878418,0.023349810391664505,0.6984666585922241,0.24942047894001007,-0.11032489687204361,0.6906694173812866,0.24677734076976776,-0.07990282028913498,0.7396454811096191,0.3249777555465698,-0.1386081725358963,0.6786786913871765,0.33124417066574097,0.15994879603385925,0.6650694608688354,0.4189022183418274,-0.17435219883918762,0.6103014945983887,0.413746178150177,0.20872816443443298,0.5883957743644714,0.46918681263923645,-0.1608208417892456,0.5460308790206909,0.4639508128166199,0.1385100930929184,0.5646845102310181,0.4918864071369171,-0.18107111752033234,0.530581533908844,0.47508367896080017,0.13468150794506073,0.5631876587867737,0.4879525601863861,-0.18006648123264313,0.5296063423156738,0.47473496198654175,0.10606615245342255,0.5729656219482422,0.4835086762905121,-0.15874657034873962,0.5371782779693604,0.47270631790161133,0.12356944382190704,0.7195209860801697,0.5872201919555664,-0.10534055531024933,0.6818723678588867,0.5675556659698486,0.10508384555578232,0.6065424680709839,0.511673629283905,-0.31931963562965393,0.5759022831916809,0.48953738808631897,0.01081929076462984,0.5490339398384094,0.7312843203544617,-0.36000320315361023,0.5230962634086609,0.6934818625450134,-0.03351917490363121,0.5500553250312805,0.781643271446228,-0.3621757924556732,0.5206888914108276,0.7374677658081055,-0.039390869438648224,0.4806588590145111,0.7130200862884521,-0.4250567555427551,0.46584469079971313,0.6827711462974548,-0.08166613429784775,0,1
0.6654061675071716,0.21880367398262024,-0.179465189576149,0.6749933362007141,0.206379234790802,-0.17609985172748566,0.6788811683654785,0.20743615925312042,-0.1760578453540802,0.683407723903656,0.20885036885738373,-0.175960510969162,0.6685043573379517,0.20409196615219116,-0.15399204194545746,0.6672669649124146,0.20369143784046173,-0.15406985580921173,0.6659623980522156,0.20322519540786743,-0.15412920713424683,0.6978890895843506,0.22707617282867432,-0.12778964638710022,0.6734594106674194,0.21590889990329742,-0.03025665320456028,0.6701023578643799,0.2434837520122528,-0.16175732016563416,0.662480354309082,0.24081651866436005,-0.13342776894569397,0.7107735872268677,0.32452529668807983,-0.19307175278663635,0.6472092866897583,0.3327066898345947,0.10607775300741196,0.6380467414855957,0.4249238669872284,-0.26074478030204773,0.577035129070282,0.4141537845134735,0.14115938544273376,0.5574506521224976,0.47353270649909973,-0.2817517817020416,0.5118293166160583,0.46026307344436646,0.040021367371082306,0.5332001447677612,0.4945704936981201,-0.3160761594772339,0.4940605163574219,0.47036078572273254,0.02723841369152069,0.5313857197761536,0.4926777184009552,-0.31232231855392456,0.4927402138710022,0.4715348482131958,-0.006689712405204773,0.535639762878418,0.48697230219841003,-0.2802630662918091,0.5001203417778015,0.4705210030078888,0.02160697989165783,0.7002582550048828,0.5907015204429626,-0.10718414932489395,0.6631503701210022,0.5722806453704834,0.1069132536649704,0.5943387746810913,0.5023820996284485,-0.34129202365875244,0.5585411787033081,0.48830196261405945,0.0009179717744700611,0.5430956482887268,0.7317013144493103,-0.37065356969833374,0.5145047903060913,0.697952926158905,-0.04147939756512642,0.5462906360626221,0.7800685167312622,-0.3731403350830078,0.5141967535018921,0.7427681088447571,-0.04766504839062691,0.4758947789669037,0.7125964760780334,-0.4518115520477295,0.46479034423828125,0.6965003609657288,-0.09971427172422409,0,1
0.6353894472122192,0.21031895279884338,-0.2843937575817108,0.6450930833816528,0.19815278053283691,-0.2892599403858185,0.6491068005561829,0.19920609891414642,-0.28925392031669617,0.6534560918807983,0.20056414604187012,-0.2892197370529175,0.6390007734298706,0.19487158954143524,-0.2597963511943817,0.6381991505622864,0.19396919012069702,-0.25984421372413635,0.6374253630638123,0.19318188726902008,-0.259889155626297,0.6688765287399292,0.22042781114578247,-0.25887593626976013,0.6470235586166382,0.20661911368370056,-0.1280175745487213,0.6398813724517822,0.23598511517047882,-0.2721635699272156,0.6328846216201782,0.2316831797361374,-0.2340599000453949,0.6795734167098999,0.32611748576164246,-0.3232440948486328,0.6267198324203491,0.3301022946834564,0.034023500978946686,0.5961690545082092,0.4280938506126404,-0.41221189498901367,0.5520681142807007,0.40918105840682983,0.06522873789072037,0.5080479979515076,0.48381906747817993,-0.4386654496192932,0.4809890389442444,0.45974647998809814,-0.040209896862506866,0.48611655831336975,0.49725499749183655,-0.4862423837184906,0.463567316532135,0.46588826179504395,-0.05385514348745346,0.4856129288673401,0.4932485818862915,-0.47928696870803833,0.46369248628616333,0.46606382727622986,-0.09235796332359314,0.49167007207870483,0.4896441698074341,-0.437244713306427,0.47036901116371155,0.46833038330078125,-0.06136766076087952,0.6782960295677185,0.5953807234764099,-0.1126241683959961,0.6425865888595581,0.5747488141059875,0.11239590495824814,0.5809494853019714,0.48647743463516235,-0.36665791273117065,0.5390955209732056,0.4672226309776306,0.02135355770587921,0.5401901006698608,0.7242787480354309,-0.3416393995285034,0.5163779258728027,0.6880342960357666,0.027702191844582558,0.5434328317642212,0.7768470644950867,-0.3387397825717926,0.5235955119132996,0.7285103797912598,0.024348225444555283,0.4749366343021393,0.709392786026001,-0.4283633232116699,0.4644232392311096,0.6934319138526917,-0.03166466951370239,0,1
0.6051112413406372,0.20406879484653473,-0.2590966522693634,0.6161468029022217,0.19083616137504578,-0.26996588706970215,0.6197667121887207,0.1916411966085434,-0.27000731229782104,0.6235987544059753,0.1928519755601883,-0.2700347304344177,0.6109267473220825,0.18935228884220123,-0.23636694252490997,0.6103777289390564,0.1889697164297104,-0.23638932406902313,0.6099634170532227,0.18857619166374207,-0.2364221066236496,0.638874351978302,0.2128038853406906,-0.26448315382003784,0.6230555772781372,0.20346423983573914,-0.11399932205677032,0.608247697353363,0.22841724753379822,-0.2559720575809479,0.6026272177696228,0.22472164034843445,-0.2121477574110031,0.6493089199066162,0.323912650346756,-0.35001876950263977,0.6003191471099854,0.329264760017395,0.047876182943582535,0.5603781938552856,0.4263249635696411,-0.4400351047515869,0.527328372001648,0.4083594083786011,0.07930056005716324,0.4601365625858307,0.485273540019989,-0.4579200744628906,0.451517254114151,0.4609964191913605,-0.022180993109941483,0.446387380361557,0.4992479681968689,-0.510435163974762,0.4359092116355896,0.467537522315979,-0.03183779865503311,0.4438760280609131,0.48972412943840027,-0.49800390005111694,0.4350336492061615,0.4676728844642639,-0.07440438866615295,0.4497542381286621,0.4902978241443634,-0.45474958419799805,0.4393714368343353,0.47024497389793396,-0.04532644897699356,0.6579563617706299,0.5994192361831665,-0.12361075729131699,0.6253504753112793,0.5838435888290405,0.12343697249889374,0.5433799028396606,0.46212315559387207,-0.27428606152534485,0.5235087871551514,0.4421859681606293,0.09959876537322998,0.5402418375015259,0.7019698023796082,-0.12739309668540955,0.5252082943916321,0.6684350371360779,0.141117662191391,0.5416142344474792,0.7489794492721558,-0.11255475133657455,0.5344735383987427,0.7088451981544495,0.14228984713554382,0.47579020261764526,0.7127492427825928,-0.14979815483093262,0.47071701288223267,0.697296679019928,0.1088659018278122,0,1
0.5799123644828796,0.1976103037595749,-0.11714061349630356,0.5917454361915588,0.18472762405872345,-0.13653762638568878,0.5944482088088989,0.1861840784549713,-0.13663515448570251,0.5974426865577698,0.1876235157251358,-0.1366729587316513,0.5880988836288452,0.1822599470615387,-0.09653695672750473,0.5880450010299683,0.1822575181722641,-0.09653014689683914,0.5882222652435303,0.18230287730693817,-0.09653883427381516,0.6098559498786926,0.2078627049922943,-0.17540483176708221,0.6005131006240845,0.20010648667812347,0.0010876982705667615,0.5814672112464905,0.21917694807052612,-0.1320633888244629,0.5775516629219055,0.21662642061710358,-0.08002252876758575,0.6223944425582886,0.3198331594467163,-0.31281378865242004,0.5773256421089172,0.3304294943809509,0.1284482330083847,0.5399301648139954,0.41634419560432434,-0.3882151246070862,0.5083936452865601,0.4128369092941284,0.15860404074192047,0.4452940821647644,0.46823349595069885,-0.4060703217983246,0.42957693338394165,0.46019884943962097,0.06750602275133133,0.42122721672058105,0.48952654004096985,-0.4524390697479248,0.41096019744873047,0.4692530035972595,0.06668047606945038,0.4172118604183197,0.47737613320350647,-0.4439851641654968,0.41000136733055115,0.46686112880706787,0.02360026352107525,0.42323213815689087,0.4760251045227051,-0.4046265482902527,0.41346365213394165,0.46909815073013306,0.04554525017738342,0.6415684223175049,0.6022890210151672,-0.12823201715946198,0.609612226486206,0.5968685150146484,0.12811051309108734,0.5262447595596313,0.4640263020992279,-0.19482778012752533,0.5092025995254517,0.4574448764324188,0.15210551023483276,0.5203565359115601,0.6952840685844421,-0.03153714910149574,0.5251448750495911,0.6706128716468811,0.17101867496967316,0.5291162729263306,0.7441307902336121,-0.013653457164764404,0.5321923494338989,0.7097941637039185,0.17143920063972473,0.4695950448513031,0.7068623304367065,-0.02799372375011444,0.47722211480140686,0.7024077773094177,0.14980407059192657,0,1
0.5574945211410522,0.19622206687927246,-0.138205423951149,0.5685495138168335,0.18299363553524017,-0.1717853546142578,0.5709574222564697,0.18460939824581146,-0.17195704579353333,0.5736092329025269,0.18615978956222534,-0.17209285497665405,0.5658487677574158,0.18038098514080048,-0.1070161908864975,0.566241443157196,0.18040430545806885,-0.10679610818624496,0.5668609738349915,0.18034514784812927,-0.1066007986664772,0.5865350961685181,0.2065078169107437,-0.23164796829223633,0.5798718929290771,0.19933299720287323,-0.025907617062330246,0.5592947006225586,0.21893642842769623,-0.16451504826545715,0.5564274787902832,0.21696186065673828,-0.09416603296995163,0.5961579084396362,0.32105547189712524,-0.34296661615371704,0.567302942276001,0.3345019817352295,0.13595256209373474,0.4936496317386627,0.4216967821121216,-0.43029171228408813,0.4915164113044739,0.41682425141334534,0.17001286149024963,0.40418314933776855,0.47012409567832947,-0.4357546865940094,0.4065076410770416,0.46974533796310425,0.07431051135063171,0.38611719012260437,0.4907732605934143,-0.4927608370780945,0.39003387093544006,0.48140737414360046,0.07097618281841278,0.3849838972091675,0.48051726818084717,-0.46997007727622986,0.3866581618785858,0.4791259467601776,0.030575763434171677,0.3900451064109802,0.4779236316680908,-0.4286978244781494,0.3935607671737671,0.4769745171070099,0.053666047751903534,0.630415678024292,0.6057223081588745,-0.13956423103809357,0.6081918478012085,0.6007813811302185,0.13953445851802826,0.5101304650306702,0.4660275876522064,-0.16926032304763794,0.4997265934944153,0.4614996910095215,0.2080543041229248,0.5187718868255615,0.6953582167625427,0.037780921906232834,0.5213459730148315,0.6715940237045288,0.30372801423072815,0.5307046175003052,0.7406927943229675,0.06053667142987251,0.5346420407295227,0.7106796503067017,0.31279903650283813,0.46995386481285095,0.7166836261749268,0.0640869289636612,0.4842642843723297,0.713260293006897,0.3092781603336334,0,1
0.5457727909088135,0.19555558264255524,-0.16019102931022644,0.5576649904251099,0.18228286504745483,-0.17840225994586945,0.560739278793335,0.18383489549160004,-0.17847400903701782,0.5639801025390625,0.1853567361831665,-0.1784811168909073,0.5533193349838257,0.1801326721906662,-0.1396389901638031,0.5532721281051636,0.18027782440185547,-0.1396178901195526,0.5535427331924438,0.1803276091814041,-0.13962681591510773,0.577772319316864,0.2048484981060028,-0.2141786366701126,0.5678884983062744,0.19844362139701843,-0.028201226145029068,0.5489603877067566,0.21849718689918518,-0.16674570739269257,0.5446008443832397,0.2166644036769867,-0.11649205535650253,0.5867785215377808,0.32008814811706543,-0.3143100142478943,0.5545092821121216,0.3352738618850708,0.11866828054189682,0.48384636640548706,0.4250544309616089,-0.39827004075050354,0.47700947523117065,0.42229732871055603,0.1369159072637558,0.39733612537384033,0.4736284017562866,-0.409700483083725,0.3954399526119232,0.48133206367492676,0.04458397626876831,0.3777184784412384,0.4953731894493103,-0.4633924067020416,0.37738901376724243,0.49713051319122314,0.03977080434560776,0.3752778172492981,0.4916316270828247,-0.43796223402023315,0.37606045603752136,0.4951709806919098,-0.004124547354876995,0.3815581202507019,0.48688745498657227,-0.40176233649253845,0.3814273774623871,0.49445727467536926,0.02183278277516365,0.6257518529891968,0.606142520904541,-0.13539797067642212,0.5992032885551453,0.6040993332862854,0.13526897132396698,0.4987131953239441,0.4615252912044525,-0.17591753602027893,0.4701501429080963,0.48373734951019287,0.17521671950817108,0.5211129188537598,0.6866764426231384,0.03594426065683365,0.5264743566513062,0.6746928095817566,0.2248895913362503,0.5390142202377319,0.7237990498542786,0.06191321462392807,0.5521289706230164,0.6978877186775208,0.23087456822395325,0.4760913848876953,0.7413488030433655,0.09165287017822266,0.5189351439476013,0.7274896502494812,0.23479123413562775,0,1
0.5451082587242126,0.19486968219280243,-0.14509299397468567,0.5568315386772156,0.1816275417804718,-0.1668105572462082,0.5597108602523804,0.18287451565265656,-0.16690181195735931,0.5628201961517334,0.1839992105960846,-0.16692392528057098,0.5532385110855103,0.17968939244747162,-0.12753216922283173,0.553291380405426,0.17982758581638336,-0.1275070607662201,0.5535523891448975,0.17986524105072021,-0.12751157581806183,0.5761620998382568,0.2024778127670288,-0.2033841907978058,0.5660431981086731,0.1960747390985489,-0.026617567986249924,0.5479468703269958,0.21715079247951508,-0.15638908743858337,0.5433289408683777,0.21584385633468628,-0.10537117719650269,0.586472749710083,0.3197757303714752,-0.31188133358955383,0.5515515208244324,0.33519965410232544,0.11255577951669693,0.4865730404853821,0.4260012209415436,-0.40079155564308167,0.4794232249259949,0.42245611548423767,0.13300760090351105,0.39744144678115845,0.47445395588874817,-0.40616798400878906,0.39974766969680786,0.48065656423568726,0.038673631846904755,0.3770042359828949,0.4963706135749817,-0.4580441415309906,0.38164466619491577,0.49850040674209595,0.038992177695035934,0.37471479177474976,0.49261826276779175,-0.4325438141822815,0.3798419237136841,0.4962799847126007,-0.007503734435886145,0.38142654299736023,0.4883172810077667,-0.397575318813324,0.3855137228965759,0.49502983689308167,0.014385886490345001,0.6250803470611572,0.605736255645752,-0.13435031473636627,0.5975791215896606,0.6034106612205505,0.134199857711792,0.5059062242507935,0.4624800682067871,-0.17371943593025208,0.4705026149749756,0.48452356457710266,0.19969455897808075,0.5212299227714539,0.6881412267684937,0.005004463717341423,0.529350757598877,0.66852867603302,0.2291380912065506,0.5393605828285217,0.7270498275756836,0.025816524401307106,0.5539416074752808,0.6903320550918579,0.23317602276802063,0.47405996918678284,0.7343412041664124,0.029881194233894348,0.518711507320404,0.7239672541618347,0.23423485457897186,0,1
0.5536445379257202,0.19506950676441193,-0.21310830116271973,0.5658067464828491,0.18132218718528748,-0.2262050211429596,0.5689936876296997,0.1820504367351532,-0.22626690566539764,0.5723360776901245,0.18286393582820892,-0.22629192471504211,0.5611485242843628,0.17984409630298615,-0.19044283032417297,0.5609002113342285,0.1799314022064209,-0.19044235348701477,0.560876190662384,0.17990559339523315,-0.19043877720832825,0.5869141817092896,0.20066411793231964,-0.22994740307331085,0.5736503005027771,0.1943514496088028,-0.06972267478704453,0.5580798983573914,0.21732376515865326,-0.21344506740570068,0.552915096282959,0.2159697264432907,-0.1667015552520752,0.6005398631095886,0.31786444783210754,-0.318595826625824,0.5550286173820496,0.3342163860797882,0.08095362782478333,0.5131579041481018,0.4243427813053131,-0.4136837422847748,0.4851275384426117,0.4202713966369629,0.11394321918487549,0.41519999504089355,0.47191616892814636,-0.4439617693424225,0.40570807456970215,0.468047559261322,0.015404756180942059,0.39122945070266724,0.49320560693740845,-0.49865207076072693,0.39020252227783203,0.47821709513664246,0.010018488392233849,0.38836923241615295,0.4836607277393341,-0.47967249155044556,0.38854560256004333,0.4766180217266083,-0.033091407269239426,0.3960234820842743,0.48099881410598755,-0.43847185373306274,0.39328473806381226,0.4766753315925598,-0.007296040654182434,0.6299921870231628,0.6030036211013794,-0.1304570734500885,0.5991594195365906,0.6014761924743652,0.13018548488616943,0.5159950256347656,0.46336081624031067,-0.2772788107395172,0.47078579664230347,0.4968309700489044,0.1783047914505005,0.5265054702758789,0.6936734318733215,-0.10597492754459381,0.5229374766349792,0.6865179538726807,0.22150304913520813,0.5408890247344971,0.7344278693199158,-0.08578979969024658,0.5423105359077454,0.7028821110725403,0.2254355400800705,0.47927021980285645,0.727906346321106,-0.09574978053569794,0.49035772681236267,0.7235121726989746,0.2116185426712036,0,1
0.5892916917800903,0.19820289313793182,-0.23790891468524933,0.6007990837097168,0.18308046460151672,-0.2421294003725052,0.6041501760482788,0.18349018692970276,-0.24215595424175262,0.6080691814422607,0.18411432206630707,-0.24214628338813782,0.5946379899978638,0.18208640813827515,-0.21158969402313232,0.5938106179237366,0.1820165365934372,-0.2116473913192749,0.593227744102478,0.1819499135017395,-0.21169154345989227,0.6238958239555359,0.2007417231798172,-0.22068297863006592,0.605097770690918,0.1943947672843933,-0.0771632045507431,0.5967236161231995,0.22306647896766663,-0.22753548622131348,0.5886315107345581,0.22113746404647827,-0.1872607171535492,0.645542323589325,0.31738388538360596,-0.28879913687705994,0.5853701829910278,0.33272603154182434,0.0709509626030922,0.5658117532730103,0.4237585663795471,-0.3804762065410614,0.5181618928909302,0.4144243001937866,0.11039578914642334,0.46483707427978516,0.47325482964515686,-0.4098260998725891,0.44823914766311646,0.46612149477005005,0.005896216258406639,0.4449285864830017,0.4894605278968811,-0.4578847885131836,0.43316611647605896,0.4739006459712982,-0.005128638818860054,0.44221562147140503,0.4781772196292877,-0.44451212882995605,0.4324520230293274,0.47194018959999084,-0.04734771326184273,0.4491698741912842,0.476505309343338,-0.40663352608680725,0.43757694959640503,0.472268670797348,-0.01691427454352379,0.6587175130844116,0.6014401912689209,-0.11953906714916229,0.6156750321388245,0.59763503074646,0.11926831305027008,0.5572145581245422,0.46465805172920227,-0.33774006366729736,0.5098401308059692,0.48102959990501404,0.06525711715221405,0.534175455570221,0.7019639015197754,-0.31048959493637085,0.505368709564209,0.6908872127532959,0.06305728852748871,0.5471420288085938,0.7638664841651917,-0.3075748682022095,0.5170587301254272,0.7285057902336121,0.060249119997024536,0.48411455750465393,0.7141251564025879,-0.37282687425613403,0.4507797360420227,0.7067460417747498,0.015057699754834175,0,1
0.6294739842414856,0.21666261553764343,-0.2656394839286804,0.6387629508972168,0.19767720997333527,-0.2676262855529785,0.6427605152130127,0.1973365843296051,-0.26763826608657837,0.646634578704834,0.19731169939041138,-0.2676127254962921,0.6315329074859619,0.19793254137039185,-0.2412506341934204,0.6301800012588501,0.1978985220193863,-0.2413308322429657,0.6290541291236877,0.19776488840579987,-0.24138084053993225,0.661676824092865,0.2084578424692154,-0.24073854088783264,0.640689492225647,0.20479708909988403,-0.11048062890768051,0.638275682926178,0.23983678221702576,-0.25076836347579956,0.6291115283966064,0.23896001279354095,-0.21603667736053467,0.6840238571166992,0.3219541609287262,-0.2894398868083954,0.6253714561462402,0.3316822350025177,0.036333583295345306,0.6094578504562378,0.4178948998451233,-0.3819805979728699,0.5572147369384766,0.4014148414134979,0.07051561772823334,0.5119894742965698,0.45786046981811523,-0.4188286364078522,0.4869309961795807,0.4591136872768402,-0.04083972051739693,0.4926246106624603,0.47069618105888367,-0.46310877799987793,0.4704219698905945,0.45912835001945496,-0.05602894350886345,0.4893318712711334,0.4644260108470917,-0.45579060912132263,0.47103601694107056,0.459788978099823,-0.09569817036390305,0.49589425325393677,0.46264219284057617,-0.41803860664367676,0.4769149422645569,0.46154099702835083,-0.06294085085391998,0.6923419833183289,0.5953184962272644,-0.1146964281797409,0.6536563634872437,0.5826864838600159,0.1144690290093422,0.5834370255470276,0.48461097478866577,-0.33528071641921997,0.5518482327461243,0.4766842722892761,0.04622457176446915,0.5400975346565247,0.7175731062889099,-0.34341293573379517,0.5152603387832642,0.6919841170310974,0.02981593832373619,0.5463224649429321,0.7810220718383789,-0.3455315828323364,0.5224902033805847,0.7285975217819214,0.025011222809553146,0.4839663505554199,0.715828537940979,-0.43007174134254456,0.46158671379089355,0.6966661214828491,-0.02437596395611763,0,1
0.6637510061264038,0.22833895683288574,-0.22113020718097687,0.6721380949020386,0.20964393019676208,-0.22153981029987335,0.6761568784713745,0.20863030850887299,-0.2214888036251068,0.6804779767990112,0.20741121470928192,-0.22141945362091064,0.664682924747467,0.21101079881191254,-0.20036470890045166,0.6634213924407959,0.21110033988952637,-0.20048360526561737,0.6623157858848572,0.21101735532283783,-0.20055527985095978,0.695071816444397,0.21358761191368103,-0.18300065398216248,0.6747492551803589,0.21484090387821198,-0.08142004162073135,0.6729106307029724,0.24790266156196594,-0.20493145287036896,0.6644359827041626,0.24895164370536804,-0.17624184489250183,0.7229520678520203,0.32068967819213867,-0.24359960854053497,0.6603097319602966,0.3301703631877899,0.044872742146253586,0.6519497632980347,0.405975341796875,-0.35323065519332886,0.5950133800506592,0.3910311758518219,0.07613528519868851,0.5583378672599792,0.43381592631340027,-0.4113141596317291,0.5307151079177856,0.43001917004585266,-0.05050135776400566,0.5382899045944214,0.4495799243450165,-0.45260685682296753,0.5140787363052368,0.439969539642334,-0.06681093573570251,0.5337703824043274,0.4445327818393707,-0.4425612986087799,0.5139628052711487,0.43820181488990784,-0.10150563716888428,0.5409363508224487,0.4403645098209381,-0.40937328338623047,0.5203861594200134,0.43667173385620117,-0.07014168798923492,0.7267508506774902,0.5797815322875977,-0.1089949980378151,0.687833845615387,0.5639263987541199,0.10879193246364594,0.6126207113265991,0.516944944858551,-0.32651567459106445,0.5742620229721069,0.48344886302948,0.040325332432985306,0.5440734624862671,0.7291452884674072,-0.37837713956832886,0.5162361860275269,0.6961143016815186,0.0051212795078754425,0.5469182133674622,0.7841190695762634,-0.38362500071525574,0.515450119972229,0.735890805721283,-0.00031891686376184225,0.493391752243042,0.7196488976478577,-0.4649601876735687,0.46290069818496704,0.6914727687835693,-0.04725678637623787,0,1
0.6983768939971924,0.23865140974521637,-0.1739492118358612,0.7056725025177002,0.2196912169456482,-0.1786728799343109,0.7096575498580933,0.21813815832138062,-0.17864185571670532,0.7142607569694519,0.2163659632205963,-0.17859052121639252,0.6989243626594543,0.22153812646865845,-0.15450310707092285,0.697672426700592,0.22132115066051483,-0.15459002554416656,0.6965844035148621,0.22126279771327972,-0.15464696288108826,0.7283052206039429,0.21934524178504944,-0.15756064653396606,0.7073501348495483,0.22491273283958435,-0.04671523720026016,0.7082539200782776,0.25538498163223267,-0.1642036736011505,0.6996919512748718,0.2570796608924866,-0.13174177706241608,0.7616838812828064,0.3204456865787506,-0.21983174979686737,0.6923885941505432,0.3278946280479431,0.07370199263095856,0.6927629709243774,0.4087744951248169,-0.32528796792030334,0.6255865693092346,0.3850824534893036,0.08465399593114853,0.6051623821258545,0.4376887083053589,-0.37989112734794617,0.5603064894676208,0.4094339609146118,-0.0372033417224884,0.5811994075775146,0.44775742292404175,-0.4197414517402649,0.5448772311210632,0.41822350025177,-0.05171705037355423,0.5784106254577637,0.4409722685813904,-0.41190338134765625,0.5448604822158813,0.4166091978549957,-0.08816192299127579,0.5864568948745728,0.43820542097091675,-0.3775929808616638,0.5503588914871216,0.41569361090660095,-0.057786256074905396,0.7476100921630859,0.5767031908035278,-0.10636647045612335,0.7085443139076233,0.5533297657966614,0.106229268014431,0.632285475730896,0.542056679725647,-0.3288409113883972,0.6033302545547485,0.503925621509552,0.029485682025551796,0.5479210615158081,0.7380601763725281,-0.3559705317020416,0.524689257144928,0.6949355602264404,0.030036097392439842,0.5484157204627991,0.7869526147842407,-0.36064761877059937,0.5232558250427246,0.7328117489814758,0.027522917836904526,0.49864476919174194,0.73432856798172,-0.45103663206100464,0.46994251012802124,0.685966432094574,-0.017125530168414116,0,1
0.7279564738273621,0.24847395718097687,-0.052461832761764526,0.7341004610061646,0.23089434206485748,-0.05768503621220589,0.7384432554244995,0.22893959283828735,-0.05768728256225586,0.7432253956794739,0.2267245650291443,-0.057626087218523026,0.7278050184249878,0.23274998366832733,-0.036941103637218475,0.7264167070388794,0.23255276679992676,-0.03702189773321152,0.7249704003334045,0.23236888647079468,-0.0371103510260582,0.7595683932304382,0.228462353348732,-0.047012291848659515,0.7346901893615723,0.2322590947151184,0.04588687792420387,0.7369180917739868,0.26638853549957275,-0.04637070745229721,0.7289102077484131,0.26810047030448914,-0.01918216608464718,0.7956315279006958,0.3245444893836975,-0.10963871330022812,0.7192997932434082,0.32275381684303284,0.1335255205631256,0.7408157587051392,0.4267803132534027,-0.19734057784080505,0.6541892886161804,0.39269283413887024,0.15643282234668732,0.6588215231895447,0.44534268975257874,-0.2535788118839264,0.5954576730728149,0.4111209511756897,0.04370498284697533,0.6384884119033813,0.45715945959091187,-0.28092992305755615,0.5790624618530273,0.4206219017505646,0.02747061289846897,0.6359432935714722,0.4492231607437134,-0.27918365597724915,0.5786303281784058,0.4170917570590973,0.004231462255120277,0.6388172507286072,0.4442512094974518,-0.25208064913749695,0.5844331383705139,0.4159652590751648,0.028998572379350662,0.7701898813247681,0.5762904286384583,-0.08405338227748871,0.7245912551879883,0.5509259700775146,0.08408965170383453,0.6504136323928833,0.5812631249427795,-0.2287733256816864,0.6214576363563538,0.5396573543548584,-0.04958440363407135,0.5513810515403748,0.7492278814315796,-0.3320251703262329,0.5281826257705688,0.6944252252578735,-0.15320543944835663,0.5476518869400024,0.7948612570762634,-0.340747594833374,0.5239652395248413,0.7338039875030518,-0.16440223157405853,0.5009593367576599,0.7329973578453064,-0.42443981766700745,0.4698762893676758,0.673347532749176,-0.22143249213695526,0,1
0.7487744092941284,0.2610582709312439,0.022927727550268173,0.7553378343582153,0.2418449968099594,0.025528091937303543,0.7595809698104858,0.23986881971359253,0.02553485333919525,0.7644935250282288,0.23767627775669098,0.0255636814981699,0.7483004331588745,0.24520134925842285,0.0433153472840786,0.7471679449081421,0.2457750141620636,0.04324859753251076,0.7461422681808472,0.24626539647579193,0.04316829890012741,0.783805251121521,0.23935484886169434,0.05557515472173691,0.7558721303939819,0.2466038316488266,0.13464830815792084,0.758529543876648,0.2777848541736603,0.03423270583152771,0.7505224943161011,0.27997082471847534,0.05740414932370186,0.8192771673202515,0.3342765271663666,-0.0070711104199290276,0.742982804775238,0.32704704999923706,0.1946578323841095,0.7801874876022339,0.4584847688674927,-0.08319395035505295,0.6844024062156677,0.41339820623397827,0.16145876049995422,0.698104739189148,0.47442513704299927,-0.1345190554857254,0.6294656991958618,0.4159809947013855,0.0004783787881024182,0.6806157827377319,0.4821210205554962,-0.15700162947177887,0.6152318120002747,0.4243718385696411,-0.03306157514452934,0.6789174675941467,0.4685507118701935,-0.15784169733524323,0.6153508424758911,0.42097824811935425,-0.04643361642956734,0.6828701496124268,0.46435919404029846,-0.13326995074748993,0.6211304068565369,0.4204385578632355,-0.013149823062121868,0.7794104218482971,0.5712171196937561,-0.0696321576833725,0.7364195585250854,0.5465599894523621,0.06961413472890854,0.6630303859710693,0.5919878482818604,-0.20768913626670837,0.6324259042739868,0.565433144569397,-0.0632145032286644,0.5548110604286194,0.7588597536087036,-0.328104704618454,0.5293857455253601,0.6955209374427795,-0.18545375764369965,0.5476239919662476,0.8049125075340271,-0.3377460837364197,0.5221198797225952,0.7323337197303772,-0.19883202016353607,0.5012533068656921,0.7351975440979004,-0.42301225662231445,0.4678053855895996,0.6614512801170349,-0.25583717226982117,0,1
0.7585788369178772,0.2663678824901581,0.015593270771205425,0.7638005018234253,0.2483629435300827,0.015908928588032722,0.7676552534103394,0.24632740020751953,0.015894565731287003,0.7717097997665405,0.24359478056430817,0.015860456973314285,0.7574660181999207,0.25121551752090454,0.03446848317980766,0.756203830242157,0.2514629662036896,0.03444289043545723,0.7551060914993286,0.2518382966518402,0.03434176743030548,0.7906023263931274,0.2411450743675232,0.0400269590318203,0.7649433016777039,0.25353339314460754,0.12763558328151703,0.7679686546325684,0.2821289896965027,0.025912905111908913,0.7610334753990173,0.28345122933387756,0.05142850801348686,0.833527684211731,0.342563271522522,0.002281144028529525,0.752490758895874,0.3325667977333069,0.1774667352437973,0.8125444650650024,0.4870499074459076,-0.049875445663928986,0.7080127596855164,0.43160736560821533,0.1566973775625229,0.7324093580245972,0.48181962966918945,-0.09130584448575974,0.6667751669883728,0.42257919907569885,-0.011729463934898376,0.7121874094009399,0.48870930075645447,-0.11005739122629166,0.6543909907341003,0.4256351590156555,-0.041319962590932846,0.7078198790550232,0.472777396440506,-0.11270008981227875,0.6541100740432739,0.4206947684288025,-0.05929499864578247,0.7139370441436768,0.46918851137161255,-0.09006009995937347,0.6603239178657532,0.4210858941078186,-0.027223747223615646,0.7805818915367126,0.565185010433197,-0.06300515681505203,0.7336057424545288,0.5406501293182373,0.06300675868988037,0.6732579469680786,0.6170899868011475,-0.20243029296398163,0.6417866945266724,0.5832489132881165,-0.08570054918527603,0.5580106973648071,0.757875919342041,-0.3361293077468872,0.5278225541114807,0.7013496160507202,-0.21540746092796326,0.54742032289505,0.8017064332962036,-0.3542609214782715,0.5158222913742065,0.7424123883247375,-0.23026791214942932,0.49554243683815,0.7395116090774536,-0.44406646490097046,0.4668065905570984,0.6668222546577454,-0.298423707485199,0,1
0.7597599029541016,0.2576403319835663,0.013137595728039742,0.7666375637054443,0.24063585698604584,0.012209784239530563,0.7708606719970703,0.23906312882900238,0.01219845749437809,0.7754868268966675,0.23701828718185425,0.012156995013356209,0.7590597867965698,0.24315443634986877,0.032734550535678864,0.757243812084198,0.24387302994728088,0.03271395340561867,0.7557217478752136,0.24456286430358887,0.032646141946315765,0.7926424741744995,0.23745538294315338,0.030017370358109474,0.7669695615768433,0.24964548647403717,0.12836191058158875,0.7691059112548828,0.275243878364563,0.021209560334682465,0.7606744766235352,0.27807924151420593,0.04978956654667854,0.833625316619873,0.34108951687812805,0.002982506062835455,0.7550404667854309,0.3345007598400116,0.19028832018375397,0.8454513549804688,0.49385866522789,-0.05420982092618942,0.7361009120941162,0.45682665705680847,0.2128722220659256,0.766686737537384,0.4887649416923523,-0.1114313155412674,0.6999821662902832,0.434495747089386,0.08889397233724594,0.7457723021507263,0.4930371642112732,-0.1303170770406723,0.6867508292198181,0.43512481451034546,0.06126708537340164,0.7436572313308716,0.4755341708660126,-0.12824581563472748,0.6852811574935913,0.4242173135280609,0.045442357659339905,0.7477923631668091,0.4709305167198181,-0.1081070527434349,0.6918431520462036,0.4257231056690216,0.07631730288267136,0.7831885814666748,0.5749068260192871,-0.06620541214942932,0.7359575033187866,0.5440918207168579,0.0662880539894104,0.6795592308044434,0.6374942064285278,-0.23174679279327393,0.6401733160018921,0.5853236317634583,-0.11869944632053375,0.5586144924163818,0.7680528163909912,-0.36083969473838806,0.5264660716056824,0.7029525637626648,-0.2657996714115143,0.5473536252975464,0.8041394352912903,-0.374117910861969,0.5121542811393738,0.7432478070259094,-0.28263360261917114,0.49196767807006836,0.7588356733322144,-0.4765707552433014,0.46230068802833557,0.6656892895698547,-0.35665473341941833,0,1
0.756454586982727,0.25004780292510986,0.006196130998432636,0.7635524272918701,0.23269787430763245,0.003651834325864911,0.7674967646598816,0.23124392330646515,0.003641681279987097,0.7720447778701782,0.22962433099746704,0.003620535833761096,0.7566733956336975,0.2346062958240509,0.02461613342165947,0.7551993131637573,0.23526105284690857,0.024568017572164536,0.7539316415786743,0.23588302731513977,0.024479007348418236,0.7895299196243286,0.23203976452350616,0.02270519733428955,0.7670787572860718,0.2429385930299759,0.11818189918994904,0.7655167579650879,0.2682909071445465,0.012291275896131992,0.7579582929611206,0.27083709836006165,0.041149940341711044,0.8319660425186157,0.34036973118782043,-0.014952178113162518,0.7534189224243164,0.33526039123535156,0.17630864679813385,0.8429087400436401,0.49298569560050964,-0.0764666348695755,0.7355369329452515,0.46020424365997314,0.20327171683311462,0.7667403817176819,0.49750077724456787,-0.12976452708244324,0.6938120126724243,0.44761237502098083,0.09451587498188019,0.7467612028121948,0.5049367547035217,-0.14813828468322754,0.6784712672233582,0.450918972492218,0.06987293809652328,0.744139552116394,0.48847201466560364,-0.14609114825725555,0.6785101890563965,0.4395337700843811,0.05270134285092354,0.7480806708335876,0.4811560809612274,-0.1266631931066513,0.6843201518058777,0.4394415616989136,0.08180458843708038,0.7839530110359192,0.5795378088951111,-0.06741879880428314,0.7369393110275269,0.5482388734817505,0.06752088665962219,0.6768356561660767,0.6428678035736084,-0.2020561695098877,0.6376935243606567,0.587971031665802,-0.10482187569141388,0.5575920343399048,0.7714017033576965,-0.307375967502594,0.5254946351051331,0.7018548846244812,-0.2359761744737625,0.5442450642585754,0.8041849732398987,-0.3190971910953522,0.5116797685623169,0.742343544960022,-0.2505097985267639,0.49032074213027954,0.7642226219177246,-0.4154071807861328,0.462430864572525,0.6670259237289429,-0.317912757396698,0,1
0.7545729875564575,0.24698001146316528,-0.002000699285417795,0.7617462873458862,0.23044870793819427,-0.004897608421742916,0.7656461000442505,0.2295142561197281,-0.00493366364389658,0.7701552510261536,0.2281440943479538,-0.004978775046765804,0.7549816370010376,0.23107783496379852,0.016667159274220467,0.7535590529441833,0.23145171999931335,0.016612352803349495,0.7523567080497742,0.23183871805667877,0.016501981765031815,0.7873847484588623,0.23033955693244934,0.002381680067628622,0.7652398347854614,0.23999759554862976,0.10200240463018417,0.7635319828987122,0.26547935605049133,0.0014222742756828666,0.7559698820114136,0.2672043442726135,0.030617479234933853,0.8291612863540649,0.33851370215415955,-0.03209536150097847,0.7513689398765564,0.3383006155490875,0.16110405325889587,0.8294597864151001,0.495285302400589,-0.08916160464286804,0.7249290943145752,0.4552226662635803,0.17654913663864136,0.7491121888160706,0.4889945983886719,-0.1348908543586731,0.6750298738479614,0.45012545585632324,0.03485538810491562,0.7278395295143127,0.49118122458457947,-0.15613944828510284,0.661549985408783,0.45646578073501587,0.004220534581691027,0.7259969711303711,0.47387173771858215,-0.15403400361537933,0.6611541509628296,0.4470239281654358,-0.017464540898799896,0.7302879095077515,0.4721970558166504,-0.13193967938423157,0.6669425368309021,0.44648653268814087,0.018301086500287056,0.7828388214111328,0.5783633589744568,-0.06559210270643234,0.7364607453346252,0.5483145713806152,0.0656893253326416,0.6769977807998657,0.6403286457061768,-0.2211563140153885,0.6377793550491333,0.5908412337303162,-0.11219324916601181,0.555901825428009,0.7707513570785522,-0.31533053517341614,0.5260225534439087,0.7029048204421997,-0.21391992270946503,0.5447983741760254,0.8021496534347534,-0.32502615451812744,0.5131514072418213,0.7450977563858032,-0.22728745639324188,0.48893219232559204,0.7584708333015442,-0.4230418801307678,0.46363013982772827,0.6689388155937195,-0.3021046221256256,0,1
0.7517620325088501,0.24548862874507904,-0.04584844410419464,0.7587817907333374,0.2282571792602539,-0.0477689728140831,0.7623125314712524,0.22740894556045532,-0.04779820889234543,0.7662614583969116,0.2264302521944046,-0.04781115800142288,0.7528415322303772,0.2291252762079239,-0.026875745505094528,0.75138920545578,0.22928479313850403,-0.02695195935666561,0.7501063346862793,0.22940269112586975,-0.027062198147177696,0.7823824286460876,0.22905631363391876,-0.03239936754107475,0.7617933750152588,0.23677238821983337,0.06274957954883575,0.7593106031417847,0.26382124423980713,-0.038895122706890106,0.7529505491256714,0.26553505659103394,-0.011142746545374393,0.8234204053878784,0.3347395062446594,-0.06695891171693802,0.7462026476860046,0.33768409490585327,0.13803191483020782,0.803014874458313,0.48894959688186646,-0.11657450348138809,0.7021394968032837,0.45123061537742615,0.16276416182518005,0.7243794798851013,0.4733469784259796,-0.16102108359336853,0.6488157510757446,0.45166486501693726,0.017948992550373077,0.7050684094429016,0.4777188301086426,-0.1839487999677658,0.6354004740715027,0.45605260133743286,-0.00650638435035944,0.7023149728775024,0.4657166302204132,-0.1839655339717865,0.6329304575920105,0.44916942715644836,-0.02997472882270813,0.7076951265335083,0.46418359875679016,-0.15935620665550232,0.6394239068031311,0.44939836859703064,0.005222826264798641,0.782166600227356,0.5691260695457458,-0.06912558525800705,0.7357366681098938,0.5445516109466553,0.0691704973578453,0.6728927493095398,0.6243427991867065,-0.20119881629943848,0.6374896168708801,0.5794491171836853,-0.07080189883708954,0.5578378438949585,0.7697572708129883,-0.2791356146335602,0.534497082233429,0.7028816938400269,-0.14887270331382751,0.5471429228782654,0.8033880591392517,-0.2885618805885315,0.5260280966758728,0.7430517673492432,-0.15880076587200165,0.5005378127098083,0.747191846370697,-0.3850647807121277,0.47211456298828125,0.6696227788925171,-0.23006419837474823,0,1
0.7379099130630493,0.23771430552005768,-0.040864232927560806,0.7456874847412109,0.22171995043754578,-0.04306189343333244,0.7495263814926147,0.22059360146522522,-0.043080057948827744,0.7534710168838501,0.21958215534687042,-0.042999546974897385,0.7401126623153687,0.22297461330890656,-0.02200043760240078,0.739246666431427,0.2229333519935608,-0.022149618715047836,0.7385041117668152,0.2229754626750946,-0.02228143811225891,0.7697407007217407,0.223642036318779,-0.029810696840286255,0.7517342567443848,0.22904804348945618,0.06561201065778732,0.746330738067627,0.25608205795288086,-0.038019634783267975,0.7400829195976257,0.2581532895565033,-0.009216876700520515,0.8090296983718872,0.33208969235420227,-0.07878704369068146,0.731652557849884,0.3371599018573761,0.1384429633617401,0.7815505862236023,0.47542765736579895,-0.1596240997314453,0.6776118278503418,0.4467177093029022,0.13635140657424927,0.6973196268081665,0.46892887353897095,-0.2170107364654541,0.6275575160980225,0.4520036578178406,-0.009761704131960869,0.6783400774002075,0.47545865178108215,-0.24054619669914246,0.612651526927948,0.4593108594417572,-0.0345117524266243,0.6758266687393188,0.4623733460903168,-0.23662571609020233,0.6139979362487793,0.45451614260673523,-0.05303057283163071,0.6826779842376709,0.45962926745414734,-0.2141541987657547,0.6207776069641113,0.4526631236076355,-0.024191977456212044,0.7753393650054932,0.5690430402755737,-0.07682532072067261,0.7308238744735718,0.5481041669845581,0.07682838290929794,0.6576328277587891,0.5773515105247498,-0.23019829392433167,0.6318963766098022,0.5540817975997925,-0.07667858898639679,0.5555728077888489,0.7508315443992615,-0.3359827697277069,0.5359124541282654,0.7015384435653687,-0.19071833789348602,0.546281099319458,0.7982137203216553,-0.34710103273391724,0.5255165100097656,0.7381768822669983,-0.20353122055530548,0.4940820634365082,0.7111464738845825,-0.4389501214027405,0.47350627183914185,0.6684264540672302,-0.2552246153354645,0,1
0.724266767501831,0.23493467271327972,-0.02398386038839817,0.7332668304443359,0.21889029443264008,-0.02231697365641594,0.7371311783790588,0.2180444747209549,-0.022342165932059288,0.7417439222335815,0.2169066071510315,-0.022316820919513702,0.7259867191314697,0.21982423961162567,-0.0006455922266468406,0.724664568901062,0.21965618431568146,-0.000775747059378773,0.7233370542526245,0.21957865357398987,-0.0008727492531761527,0.7566866874694824,0.22286604344844818,-0.0019502427894622087,0.7342554926872253,0.2264745682477951,0.0871218591928482,0.7331158518791199,0.2535547614097595,-0.017684806138277054,0.7248728275299072,0.2550632357597351,0.009027090854942799,0.7894907593727112,0.3304058611392975,-0.0778459683060646,0.7132528424263,0.3369690179824829,0.17166036367416382,0.7524786591529846,0.4548429250717163,-0.17946134507656097,0.65971839427948,0.44002565741539,0.17326700687408447,0.6693537831306458,0.4685025215148926,-0.2524040639400482,0.6119665503501892,0.4517553448677063,0.030380386859178543,0.6468616724014282,0.4747195839881897,-0.2794061601161957,0.5915310382843018,0.45897483825683594,0.012057277373969555,0.6435126662254333,0.46253082156181335,-0.2742254137992859,0.5907232761383057,0.4536212384700775,-0.009974787943065166,0.6501247882843018,0.45999714732170105,-0.24950763583183289,0.5998561978340149,0.4520602226257324,0.015399244613945484,0.7568563222885132,0.5705550909042358,-0.09027685970067978,0.7147096991539001,0.5507888197898865,0.0901561826467514,0.6407917737960815,0.5505909323692322,-0.24831242859363556,0.6140604615211487,0.5215255618095398,-0.032178670167922974,0.5557546615600586,0.7416413426399231,-0.33007532358169556,0.5325300097465515,0.7008203268051147,-0.11076942831277847,0.5483409762382507,0.7943354845046997,-0.3384585678577423,0.521744430065155,0.7433757185935974,-0.11981804668903351,0.49294692277908325,0.7155991196632385,-0.4078497290611267,0.4729309678077698,0.6735216975212097,-0.16816803812980652,0,1
0.7041596174240112,0.23234693706035614,-0.04492173343896866,0.712865948677063,0.21643687784671783,-0.042671624571084976,0.7165371179580688,0.21550334990024567,-0.04264305904507637,0.7209104299545288,0.2144210785627365,-0.0425599031150341,0.7054226994514465,0.2173490971326828,-0.02277081459760666,0.7040250897407532,0.21728400886058807,-0.022865641862154007,0.7027155756950378,0.21729078888893127,-0.022945556789636612,0.7368237972259521,0.22217532992362976,-0.011044410988688469,0.7131363749504089,0.22493262588977814,0.07600390911102295,0.7129603028297424,0.2508114278316498,-0.033625539392232895,0.7040504217147827,0.2507185935974121,-0.007815982215106487,0.7668662071228027,0.3263195753097534,-0.08917941153049469,0.6923767328262329,0.3335714638233185,0.1694433093070984,0.715609073638916,0.4359571635723114,-0.19357946515083313,0.6356374025344849,0.42794981598854065,0.17085346579551697,0.6327767968177795,0.4595809876918793,-0.26412564516067505,0.5789362192153931,0.4506969451904297,0.034933581948280334,0.614438533782959,0.47248375415802,-0.2921142578125,0.5586439967155457,0.45862632989883423,0.020514052361249924,0.6134853959083557,0.46323713660240173,-0.29094958305358887,0.5591325759887695,0.4551871716976166,-0.0020296634174883366,0.6187715530395508,0.4601496458053589,-0.26339012384414673,0.5683232545852661,0.45304760336875916,0.02092709019780159,0.7381168007850647,0.5798698663711548,-0.09634187072515488,0.6978101134300232,0.5574567317962646,0.09617117792367935,0.6314942240715027,0.5227496027946472,-0.29712995886802673,0.5978613495826721,0.48790690302848816,-0.01087119523435831,0.5556443929672241,0.7325035333633423,-0.3541257679462433,0.5277888774871826,0.6986486315727234,-0.06621953099966049,0.5514622926712036,0.7843228578567505,-0.35852131247520447,0.5227972269058228,0.7423326969146729,-0.07311506569385529,0.4913474917411804,0.7118827104568481,-0.4267435073852539,0.4722370207309723,0.6794582605361938,-0.12018071115016937,0,1
0.6795470118522644,0.22552905976772308,-0.04959164559841156,0.6882335543632507,0.21118943393230438,-0.04730533808469772,0.6918370723724365,0.21099166572093964,-0.047295548021793365,0.6960742473602295,0.21050940454006195,-0.04720696061849594,0.6819648146629333,0.21130892634391785,-0.024522464722394943,0.6809012293815613,0.21145066618919373,-0.02460075542330742,0.6799849271774292,0.2115124613046646,-0.024681376293301582,0.7122386693954468,0.22000285983085632,-0.01743347942829132,0.6914958357810974,0.2198498547077179,0.0800170749425888,0.6871460676193237,0.24497193098068237,-0.039976995438337326,0.6794857978820801,0.2448793351650238,-0.010427218861877918,0.7387257814407349,0.32139745354652405,-0.10125648975372314,0.6684139370918274,0.3331287205219269,0.1845543533563614,0.682510256767273,0.4317898154258728,-0.1992671936750412,0.6075162887573242,0.4241276979446411,0.22491414844989777,0.5981688499450684,0.47294697165489197,-0.25953447818756104,0.5455219149589539,0.46108654141426086,0.13718722760677338,0.5812407732009888,0.4932817220687866,-0.28928741812705994,0.5288299918174744,0.47231465578079224,0.12905371189117432,0.5763816237449646,0.4895167052745819,-0.28706154227256775,0.5282206535339355,0.47222667932510376,0.10071774572134018,0.5831692218780518,0.48088738322257996,-0.25817927718162537,0.5349760055541992,0.4692714214324951,0.12170316278934479,0.7191233038902283,0.5835310816764832,-0.10280861705541611,0.6784298419952393,0.562521755695343,0.10264696925878525,0.614403247833252,0.5203816294670105,-0.3544694781303406,0.5741399526596069,0.4919689893722534,-0.007004310376942158,0.5497821569442749,0.7325485944747925,-0.40770626068115234,0.5226494073867798,0.6972535252571106,-0.05748232454061508,0.5505024194717407,0.7814973592758179,-0.41198405623435974,0.5225538015365601,0.7424324154853821,-0.06433070451021194,0.48275208473205566,0.7085429430007935,-0.4916727542877197,0.46755948662757874,0.6829372644424438,-0.11617676168680191,0,1
0.652137279510498,0.22443887591362,-0.08351878076791763,0.6606679558753967,0.2090272456407547,-0.08421926200389862,0.6642462015151978,0.2087695598602295,-0.08419520407915115,0.6685829758644104,0.20845161378383636,-0.08410876989364624,0.6545928716659546,0.2090160846710205,-0.05904870480298996,0.6535789966583252,0.20899821817874908,-0.05910797789692879,0.6527224779129028,0.20896776020526886,-0.059183310717344284,0.6847178936004639,0.21936391294002533,-0.055547673255205154,0.6640609502792358,0.2176666408777237,0.056464292109012604,0.6604080200195312,0.2448885440826416,-0.0731421485543251,0.6528049111366272,0.24459081888198853,-0.04070242866873741,0.7078406810760498,0.32141971588134766,-0.135097473859787,0.6436318755149841,0.33312103152275085,0.178091898560524,0.6433135867118835,0.4317719638347626,-0.2113206386566162,0.5796786546707153,0.42350098490715027,0.21077680587768555,0.5618804097175598,0.4781235158443451,-0.2252141684293747,0.5196473598480225,0.4696957767009735,0.09981413185596466,0.5422621369361877,0.4998514950275421,-0.24629418551921844,0.5024389624595642,0.4808195233345032,0.08517341315746307,0.5392863750457764,0.49555477499961853,-0.24901285767555237,0.5018303990364075,0.48246410489082336,0.05662720650434494,0.5470632314682007,0.4874088168144226,-0.22307471930980682,0.5089598894119263,0.48048388957977295,0.08293019235134125,0.6987653970718384,0.5873166918754578,-0.10945971310138702,0.66119384765625,0.5694862008094788,0.10924861580133438,0.5981482267379761,0.4996473491191864,-0.3669484257698059,0.5527142286300659,0.48769962787628174,-0.0010523531818762422,0.5457510948181152,0.7323271632194519,-0.42924028635025024,0.5166239142417908,0.6986360549926758,-0.06328524649143219,0.5486065149307251,0.7799348831176758,-0.4345339238643646,0.5167583227157593,0.745969295501709,-0.07179617881774902,0.4785497784614563,0.7198457717895508,-0.5181552767753601,0.4639968276023865,0.7019054293632507,-0.1273566633462906,0,1
0.623532772064209,0.22238875925540924,-0.12650443613529205,0.6315826177597046,0.20704957842826843,-0.13344447314739227,0.6351549625396729,0.2064802199602127,-0.13345058262348175,0.6389887928962708,0.20597507059574127,-0.1333829164505005,0.6261588335037231,0.20731905102729797,-0.10394319146871567,0.6254256367683411,0.20713751018047333,-0.10399319976568222,0.6249097585678101,0.20683591067790985,-0.10406868159770966,0.6554012298583984,0.2165146768093109,-0.1247042641043663,0.6368317008018494,0.21408475935459137,0.006638389080762863,0.6310086250305176,0.2436855137348175,-0.12296701967716217,0.6248663663864136,0.24300719797611237,-0.08481207489967346,0.6788919568061829,0.32134369015693665,-0.2033061981201172,0.6176594495773315,0.33314070105552673,0.12858673930168152,0.6128857135772705,0.4307810962200165,-0.28993144631385803,0.5536297559738159,0.4233771860599518,0.15444564819335938,0.5310003757476807,0.48726242780685425,-0.3058069944381714,0.49394017457962036,0.48169755935668945,0.04544543847441673,0.5060721635818481,0.5112012624740601,-0.3459649384021759,0.4792848527431488,0.4919121563434601,0.0299287848174572,0.5022494792938232,0.5011810064315796,-0.3410474359989166,0.4799801707267761,0.4914155602455139,-0.0035663233138620853,0.5102158188819885,0.49465247988700867,-0.30450892448425293,0.485565185546875,0.4901547431945801,0.025930678471922874,0.6786088347434998,0.5905344486236572,-0.10930105298757553,0.6407435536384583,0.5771598815917969,0.10913357883691788,0.5817891359329224,0.48819831013679504,-0.3576674163341522,0.5412033200263977,0.4701116383075714,0.004634911194443703,0.540070652961731,0.7215160727500916,-0.3945254385471344,0.5173115134239197,0.6952648162841797,-0.041428569704294205,0.5447219610214233,0.7779711484909058,-0.3967123329639435,0.5297397971153259,0.7343323826789856,-0.048321861773729324,0.4714949131011963,0.7202702164649963,-0.4851560592651367,0.46624940633773804,0.7039616107940674,-0.1082298755645752,0,1
0.5957925319671631,0.21647748351097107,-0.26768985390663147,0.6044057607650757,0.20037692785263062,-0.27452030777931213,0.60789555311203,0.20018287003040314,-0.27454453706741333,0.6122843027114868,0.20020931959152222,-0.27454549074172974,0.5987043976783752,0.2006606161594391,-0.24342158436775208,0.5980294346809387,0.2004418969154358,-0.24346673488616943,0.5974293351173401,0.2003500610589981,-0.24350301921367645,0.6291999220848083,0.21239808201789856,-0.2510124444961548,0.6094008088111877,0.20970284938812256,-0.11143679916858673,0.6028197407722473,0.23880596458911896,-0.25763383507728577,0.5961419939994812,0.23786288499832153,-0.21702361106872559,0.6502059698104858,0.32171541452407837,-0.32223454117774963,0.5943004488945007,0.3332092761993408,0.051584821194410324,0.56097811460495,0.4383426606655121,-0.40730395913124084,0.5295479893684387,0.42470812797546387,0.08543681353330612,0.47007447481155396,0.49968451261520386,-0.4175494313240051,0.4594650864601135,0.4914245903491974,-0.01919541507959366,0.4479747712612152,0.5153250098228455,-0.464699923992157,0.44296759366989136,0.49940362572669983,-0.03176693245768547,0.44613951444625854,0.5068928003311157,-0.45590782165527344,0.44220632314682007,0.500252902507782,-0.07168133556842804,0.4537273943424225,0.5042327046394348,-0.41516050696372986,0.44885358214378357,0.5004587173461914,-0.04116964712738991,0.6569876670837402,0.596426784992218,-0.11481142044067383,0.6207969784736633,0.5858912467956543,0.11458269506692886,0.5494182705879211,0.46319884061813354,-0.30140221118927,0.5205331444740295,0.4542790651321411,0.04073498398065567,0.5399588942527771,0.7131245136260986,-0.19870977103710175,0.5224705934524536,0.6835826635360718,0.027361074462532997,0.5440694093704224,0.7624238133430481,-0.1884004920721054,0.5334422588348389,0.7262499332427979,0.02268805168569088,0.47985735535621643,0.7292928695678711,-0.24009676277637482,0.46515434980392456,0.7113699913024902,-0.02652289904654026,0,1
0.5704759359359741,0.2149645984172821,-0.23422455787658691,0.5786287784576416,0.19850654900074005,-0.24197110533714294,0.5823073387145996,0.1982012689113617,-0.24201519787311554,0.5867198705673218,0.19813722372055054,-0.2420087307691574,0.573272168636322,0.19871656596660614,-0.2096632719039917,0.572687029838562,0.1984630525112152,-0.20968803763389587,0.5722095370292664,0.19832594692707062,-0.20973439514636993,0.6043250560760498,0.21062429249286652,-0.2220318764448166,0.5864737033843994,0.20801158249378204,-0.07699937373399734,0.5775315761566162,0.23696479201316833,-0.22562086582183838,0.5708524584770203,0.2361692488193512,-0.1834968626499176,0.6263344883918762,0.32184186577796936,-0.3053993284702301,0.5704760551452637,0.3334844410419464,0.08245182782411575,0.5273367166519165,0.43931928277015686,-0.3985148072242737,0.509372353553772,0.4260084927082062,0.11323287338018417,0.4376194477081299,0.5007479786872864,-0.4109579622745514,0.43684834241867065,0.48967310786247253,0.0010855712462216616,0.4184025228023529,0.5203434228897095,-0.4598836302757263,0.41842347383499146,0.5020304322242737,-0.010266033001244068,0.41713839769363403,0.5090869665145874,-0.4474736154079437,0.41745805740356445,0.49907341599464417,-0.05327022820711136,0.4214484691619873,0.5053654313087463,-0.40745049715042114,0.4238477349281311,0.4980248808860779,-0.022223342210054398,0.641154408454895,0.6019279360771179,-0.12372259795665741,0.6028403639793396,0.5991402268409729,0.12341701984405518,0.5354230999946594,0.4643828570842743,-0.24957600235939026,0.5044745802879333,0.4501318633556366,0.10994132608175278,0.5225622653961182,0.6958299279212952,-0.10406996309757233,0.5225649476051331,0.6709316372871399,0.08297234028577805,0.5355191230773926,0.740838885307312,-0.08770426362752914,0.53538578748703,0.7148720026016235,0.07815571874380112,0.4694993495941162,0.7182493209838867,-0.11625619232654572,0.47801893949508667,0.709838330745697,0.03898635134100914,0,1
0.5499021410942078,0.21358197927474976,-0.21820536255836487,0.5592833757400513,0.19728043675422668,-0.223406121134758,0.562966525554657,0.19681650400161743,-0.2234279364347458,0.5669398307800293,0.1966482400894165,-0.2234102040529251,0.5547025799751282,0.19753646850585938,-0.19415919482707977,0.5545272827148438,0.19718647003173828,-0.19413577020168304,0.5545235276222229,0.19678306579589844,-0.1941407173871994,0.5841060876846313,0.20959272980690002,-0.2181919813156128,0.5708740949630737,0.20635518431663513,-0.057566963136196136,0.5563170313835144,0.2346476912498474,-0.20954732596874237,0.5510371923446655,0.23294468224048615,-0.16672907769680023,0.6047511100769043,0.32254475355148315,-0.3105565011501312,0.5554718971252441,0.33625203371047974,0.1065673977136612,0.5066953301429749,0.4416019320487976,-0.40983420610427856,0.4907607436180115,0.42756736278533936,0.1487424671649933,0.4162694811820984,0.5015255808830261,-0.43109822273254395,0.4178481996059418,0.4895797669887543,0.04158956930041313,0.39597803354263306,0.5221676230430603,-0.483149915933609,0.3987594544887543,0.5041035413742065,0.034195952117443085,0.39414969086647034,0.509997546672821,-0.4715365767478943,0.3970966935157776,0.5002908706665039,-0.010147800669074059,0.4012821614742279,0.5056480765342712,-0.42764943838119507,0.4040542542934418,0.498455673456192,0.018320906907320023,0.6265920996665955,0.6082932949066162,-0.13142217695713043,0.5904534459114075,0.6064905524253845,0.13114409148693085,0.5144089460372925,0.4662077724933624,-0.2715296149253845,0.48224592208862305,0.450825572013855,0.1139567494392395,0.5138071775436401,0.6796219348907471,-0.07018107175827026,0.5255777835845947,0.6662136316299438,0.09719647467136383,0.5230430960655212,0.7191532850265503,-0.0433516763150692,0.5451451539993286,0.70929354429245,0.09568984806537628,0.46068620681762695,0.718879759311676,-0.04018889367580414,0.5029749274253845,0.7216209173202515,0.07025295495986938,0,1
0.540009617805481,0.2066086381673813,-0.23988886177539825,0.5512918829917908,0.19074635207653046,-0.24981904029846191,0.5546106696128845,0.19156414270401,-0.2498835325241089,0.5581457614898682,0.19244790077209473,-0.2499040812253952,0.5460155010223389,0.18938706815242767,-0.21440832316875458,0.5456365346908569,0.1893318146467209,-0.21440505981445312,0.5454895496368408,0.18923869729042053,-0.2144138365983963,0.5718398094177246,0.20866066217422485,-0.2398366630077362,0.5594430565834045,0.20329195261001587,-0.0798131674528122,0.5446357131004333,0.22888022661209106,-0.2353246957063675,0.5393677353858948,0.22712275385856628,-0.1889510154724121,0.5837414264678955,0.32705676555633545,-0.32619136571884155,0.545138955116272,0.33802539110183716,0.08021341264247894,0.4855131506919861,0.44564250111579895,-0.42119520902633667,0.47616034746170044,0.4352611005306244,0.1092052012681961,0.4006495475769043,0.5008901357650757,-0.4411669671535492,0.398334801197052,0.4934026002883911,-0.0022818916477262974,0.38035765290260315,0.5201364755630493,-0.49761897325515747,0.38165539503097534,0.5061255693435669,-0.007258268538862467,0.3765646815299988,0.5085152387619019,-0.4795495569705963,0.37968432903289795,0.5016317963600159,-0.06106767803430557,0.3829815983772278,0.5050795078277588,-0.43666642904281616,0.3845524787902832,0.5007529854774475,-0.0272822268307209,0.6132559776306152,0.6114015579223633,-0.13218173384666443,0.5860651731491089,0.6074187159538269,0.1319768726825714,0.4922299385070801,0.4622127413749695,-0.1880011409521103,0.46611014008522034,0.46592995524406433,0.17126721143722534,0.5289944410324097,0.6814703941345215,0.03438050299882889,0.5393258333206177,0.6650112867355347,0.241239994764328,0.5444992184638977,0.7156630754470825,0.06079121306538582,0.5561423897743225,0.6870474219322205,0.24691882729530334,0.4904246926307678,0.7498548626899719,0.10191737115383148,0.5316517353057861,0.729809582233429,0.25456589460372925,0,1
0.5349321365356445,0.20318439602851868,-0.17536593973636627,0.5458522439002991,0.1875898540019989,-0.2055373191833496,0.5488630533218384,0.18870417773723602,-0.20563265681266785,0.552121102809906,0.1899441033601761,-0.20569589734077454,0.5419098734855652,0.18581220507621765,-0.16105446219444275,0.5419774651527405,0.18577857315540314,-0.16101084649562836,0.5423048734664917,0.18562792241573334,-0.16098305583000183,0.5665887594223022,0.20772989094257355,-0.24195876717567444,0.5575926303863525,0.20172913372516632,-0.05879586189985275,0.538612425327301,0.22607256472110748,-0.19629891216754913,0.5346588492393494,0.2242635041475296,-0.13832366466522217,0.5764337778091431,0.3283264935016632,-0.3404678702354431,0.5468778610229492,0.33803790807724,0.0920502096414566,0.4776269495487213,0.44624507427215576,-0.4311733841896057,0.4758397936820984,0.4381615221500397,0.13188306987285614,0.39452099800109863,0.4936738610267639,-0.43951719999313354,0.3968713879585266,0.48638030886650085,0.057587891817092896,0.3732556998729706,0.512961745262146,-0.4961323142051697,0.3779725134372711,0.4980590343475342,0.05076383426785469,0.36939942836761475,0.5039219856262207,-0.4766223430633545,0.3733784258365631,0.4976508617401123,0.008011197671294212,0.37730672955513,0.5001083016395569,-0.43424898386001587,0.38153207302093506,0.4967830777168274,0.03538797050714493,0.6100888252258301,0.6117303967475891,-0.13667182624340057,0.5891732573509216,0.6077873706817627,0.13658036291599274,0.4857327938079834,0.4618282616138458,-0.1871163547039032,0.469923198223114,0.45010608434677124,0.18401798605918884,0.5295922756195068,0.6827394366264343,0.021870743483304977,0.5387482047080994,0.6618902683258057,0.28545621037483215,0.5473016500473022,0.7154723405838013,0.046478740870952606,0.5559819340705872,0.6892322301864624,0.2949252128601074,0.49323076009750366,0.756772518157959,0.07586783170700073,0.5293245315551758,0.7303143739700317,0.30354052782058716,0,1
0.5396652221679688,0.20289863646030426,-0.16721558570861816,0.5501106977462769,0.18749943375587463,-0.18582318723201752,0.5531102418899536,0.18856915831565857,-0.1858946979045868,0.5563830137252808,0.1896706521511078,-0.1859133392572403,0.5461844205856323,0.18584010004997253,-0.14886687695980072,0.5461914539337158,0.18583151698112488,-0.14886298775672913,0.5464593768119812,0.18571819365024567,-0.14888978004455566,0.5713602304458618,0.20718957483768463,-0.2150307446718216,0.5614324808120728,0.2015247344970703,-0.046295978128910065,0.543769359588623,0.22567732632160187,-0.1747441589832306,0.5397120118141174,0.22417998313903809,-0.12655037641525269,0.5863140821456909,0.32643580436706543,-0.31302255392074585,0.5493003129959106,0.3380599915981293,0.08657803386449814,0.48692917823791504,0.4321114718914032,-0.40579527616500854,0.47594088315963745,0.4263543486595154,0.09671163558959961,0.39770594239234924,0.4723004698753357,-0.4192214608192444,0.39742064476013184,0.4740128815174103,-0.004782175645232201,0.37807753682136536,0.49339234828948975,-0.4710119664669037,0.3782919943332672,0.4900132119655609,-0.014385519549250603,0.37467512488365173,0.48793092370033264,-0.4478493630886078,0.37574145197868347,0.48868873715400696,-0.06059079244732857,0.3817339539527893,0.4828604459762573,-0.4127323627471924,0.383530855178833,0.485578715801239,-0.029418596997857094,0.6152616739273071,0.6099720597267151,-0.13132910430431366,0.59047532081604,0.6066895127296448,0.13110992312431335,0.49220824241638184,0.4633192718029022,-0.16868004202842712,0.4634037911891937,0.48117387294769287,0.17302009463310242,0.5216920971870422,0.6806434988975525,0.04029182344675064,0.5375708341598511,0.6612056493759155,0.23688983917236328,0.5373708009719849,0.7145758867263794,0.06627996265888214,0.556454598903656,0.6876784563064575,0.2446996420621872,0.4776499271392822,0.7418652176856995,0.1008392721414566,0.5302608609199524,0.7264435887336731,0.2572006583213806,0,1
0.5618093609809875,0.20408616960048676,-0.22850048542022705,0.572539210319519,0.18818753957748413,-0.23640434443950653,0.575954794883728,0.1888418197631836,-0.23645582795143127,0.5796421766281128,0.18982887268066406,-0.23647549748420715,0.5675821304321289,0.18741492927074432,-0.20390339195728302,0.5671249628067017,0.1873873621225357,-0.20391686260700226,0.5669088959693909,0.18723903596401215,-0.20391948521137238,0.5952301621437073,0.207095205783844,-0.2161596715450287,0.5802606344223022,0.20146840810775757,-0.07382291555404663,0.5679081678390503,0.2276008427143097,-0.2217554748058319,0.5620323419570923,0.22585727274417877,-0.1790689080953598,0.6158187985420227,0.3246762156486511,-0.2911340594291687,0.5643786191940308,0.33779218792915344,0.08350742608308792,0.5271657705307007,0.42282283306121826,-0.38051077723503113,0.4937070310115814,0.4152126610279083,0.1350327879190445,0.43197160959243774,0.4619486629962921,-0.4125986695289612,0.4189860224723816,0.456815630197525,0.04164478927850723,0.4078223705291748,0.4818311333656311,-0.4625171720981598,0.40246525406837463,0.4695979654788971,0.03374508023262024,0.4057943820953369,0.47320449352264404,-0.44920891523361206,0.401663601398468,0.466017484664917,-0.008228594437241554,0.4128684103488922,0.46891093254089355,-0.4088224470615387,0.40574297308921814,0.4648022949695587,0.019873283803462982,0.6334056258201599,0.6057811379432678,-0.1265314221382141,0.6002653241157532,0.6018505096435547,0.12618443369865417,0.5184227824211121,0.46448877453804016,-0.2411138266324997,0.4799892008304596,0.528531551361084,0.15640771389007568,0.525547444820404,0.6961356997489929,-0.06273729354143143,0.5147713422775269,0.689376175403595,0.18411298096179962,0.5394033789634705,0.7414233088493347,-0.04184601455926895,0.5296711325645447,0.7213459610939026,0.18644604086875916,0.4773237109184265,0.7350106239318848,-0.04674159735441208,0.46825385093688965,0.7330425977706909,0.17398026585578918,0,1
0.6003661751747131,0.20635221898555756,-0.2365303337574005,0.6108053922653198,0.1906542032957077,-0.24279534816741943,0.6144338846206665,0.19098281860351562,-0.24283286929130554,0.6181519627571106,0.19167432188987732,-0.24284343421459198,0.6048358678817749,0.19016706943511963,-0.21165697276592255,0.6038907766342163,0.1900477260351181,-0.21170155704021454,0.6032640337944031,0.18987545371055603,-0.21173641085624695,0.6333363652229309,0.20749372243881226,-0.22248828411102295,0.6150742769241333,0.20177951455116272,-0.08217908442020416,0.6071598529815674,0.23109255731105804,-0.22865445911884308,0.5997182726860046,0.22930099070072174,-0.18775910139083862,0.656204104423523,0.3247126042842865,-0.2948927581310272,0.5970956087112427,0.33459755778312683,0.06444919109344482,0.5794370770454407,0.41806963086128235,-0.38703370094299316,0.5305535197257996,0.4089978039264679,0.10053320974111557,0.4841288626194,0.46079021692276,-0.40807023644447327,0.45964565873146057,0.45947182178497314,-0.009337570518255234,0.4570963978767395,0.47746285796165466,-0.4545939862728119,0.4420371651649475,0.4693720042705536,-0.02277218922972679,0.45459914207458496,0.4690122902393341,-0.4431932866573334,0.44161391258239746,0.4680897295475006,-0.06484612822532654,0.4615364670753479,0.46577996015548706,-0.40520748496055603,0.44733232259750366,0.4673047661781311,-0.03279825299978256,0.662725567817688,0.6015481948852539,-0.12133628129959106,0.6231921911239624,0.5917264819145203,0.12110316753387451,0.5521484017372131,0.46916452050209045,-0.29881542921066284,0.5208451151847839,0.4768022298812866,0.0572676844894886,0.5349243879318237,0.705939769744873,-0.24948950111865997,0.5085606575012207,0.6900120973587036,0.038782812654972076,0.5431338548660278,0.7695021629333496,-0.24490180611610413,0.5207484364509583,0.7268146276473999,0.03389132767915726,0.4799931049346924,0.715688943862915,-0.30349797010421753,0.45801225304603577,0.7063878178596497,-0.011310316622257233,0,1
0.6359031796455383,0.2136640101671219,-0.19408445060253143,0.6460627317428589,0.19822867214679718,-0.1945594698190689,0.6501386761665344,0.1982526183128357,-0.1945543736219406,0.6545218229293823,0.1984013020992279,-0.19451336562633514,0.638827383518219,0.19797459244728088,-0.16949516534805298,0.6378339529037476,0.19774259626865387,-0.16956806182861328,0.6369940042495728,0.19744518399238586,-0.1696467101573944,0.66940838098526,0.21180328726768494,-0.15765810012817383,0.6499412655830383,0.20636789500713348,-0.041791293770074844,0.644201934337616,0.23814940452575684,-0.17967453598976135,0.6365004181861877,0.23681168258190155,-0.14621147513389587,0.6944193840026855,0.3257966935634613,-0.22116978466510773,0.6319801807403564,0.33527788519859314,0.07596660405397415,0.6137935519218445,0.41409143805503845,-0.3238299787044525,0.5630372762680054,0.41112539172172546,0.09779800474643707,0.5158379673957825,0.45759308338165283,-0.36820948123931885,0.4880867004394531,0.4607387185096741,-0.01171626802533865,0.4976024031639099,0.4645606279373169,-0.40816617012023926,0.4709387421607971,0.4639730155467987,-0.02555093541741371,0.4944859445095062,0.45008766651153564,-0.39908626675605774,0.47140127420425415,0.4633476734161377,-0.06667445600032806,0.5024986267089844,0.45109397172927856,-0.36677542328834534,0.477841317653656,0.4642018973827362,-0.03503017872571945,0.6913665533065796,0.5989493727684021,-0.10825939476490021,0.6508826017379761,0.587023913860321,0.1079878956079483,0.5904856324195862,0.48502299189567566,-0.3320617973804474,0.5474339127540588,0.4756702482700348,0.021869022399187088,0.5408812761306763,0.722145676612854,-0.3531164526939392,0.5132973790168762,0.6984872817993164,-0.02300121821463108,0.5454986095428467,0.7833528518676758,-0.35461321473121643,0.5258153676986694,0.7408590316772461,-0.02989763580262661,0.4807981550693512,0.7256439924240112,-0.4342212677001953,0.46071290969848633,0.7050396203994751,-0.09071510285139084,0,1
0.6698122024536133,0.22658760845661163,-0.12970831990242004,0.6788643002510071,0.209128275513649,-0.1290227174758911,0.6834955811500549,0.20872198045253754,-0.1290156990289688,0.6881276369094849,0.20823398232460022,-0.1289643496274948,0.6718167066574097,0.2093142867088318,-0.10509970039129257,0.6707836389541626,0.20916692912578583,-0.10516975075006485,0.6698545217514038,0.20893321931362152,-0.10522045940160751,0.7026783227920532,0.21676313877105713,-0.09478503465652466,0.6815029382705688,0.21657952666282654,0.01404019258916378,0.6776964068412781,0.2477537989616394,-0.11721779406070709,0.6700127124786377,0.2479272186756134,-0.08545303344726562,0.7316238284111023,0.324841171503067,-0.17191210389137268,0.6648094654083252,0.33419084548950195,0.1287662237882614,0.6595446467399597,0.4074556529521942,-0.29175060987472534,0.60477215051651,0.4027012288570404,0.12237075716257095,0.573731541633606,0.4310585856437683,-0.35194170475006104,0.5403931736946106,0.4349238872528076,-0.03446139395236969,0.551324725151062,0.44226595759391785,-0.39168670773506165,0.5186273455619812,0.4437841773033142,-0.053478486835956573,0.5471373796463013,0.4372667968273163,-0.3813399076461792,0.5183675289154053,0.4421514868736267,-0.08761156350374222,0.557022213935852,0.4359254240989685,-0.3486553728580475,0.5264572501182556,0.43968623876571655,-0.054778825491666794,0.7210776209831238,0.588749885559082,-0.10631166398525238,0.6815233826637268,0.5706877112388611,0.1060931533575058,0.6027103662490845,0.5151903629302979,-0.3203345537185669,0.5706053972244263,0.48231297731399536,0.019661348313093185,0.5436517000198364,0.7330371141433716,-0.3804454505443573,0.5143694281578064,0.7031774520874023,-0.04266390576958656,0.545822262763977,0.7879349589347839,-0.38630884885787964,0.5146257877349854,0.7515544295310974,-0.05087502673268318,0.48004573583602905,0.7231379151344299,-0.46485430002212524,0.46185335516929626,0.6952530741691589,-0.10187405347824097,0,1
0.703188419342041,0.24019011855125427,-0.05631269887089729,0.7118427157402039,0.2215212732553482,-0.05167098715901375,0.7167302370071411,0.22038990259170532,-0.05163481831550598,0.7219606041908264,0.21903811395168304,-0.05157669261097908,0.7038558721542358,0.22264841198921204,-0.030424635857343674,0.7026243805885315,0.2225448340177536,-0.030498076230287552,0.701242208480835,0.22253434360027313,-0.03056356869637966,0.735641360282898,0.22592474520206451,-0.006415466777980328,0.7080944776535034,0.2285805195569992,0.09002312272787094,0.7125174403190613,0.25904959440231323,-0.04000100493431091,0.702399492263794,0.25987350940704346,-0.012025970034301281,0.7643879652023315,0.32634541392326355,-0.08424856513738632,0.6935708522796631,0.3338980972766876,0.19269178807735443,0.7027038335800171,0.4136940538883209,-0.2099488079547882,0.6317930221557617,0.40068504214286804,0.1586337685585022,0.615868866443634,0.42346954345703125,-0.2938622534275055,0.5798974633216858,0.4228636920452118,-0.037724874913692474,0.5947138667106628,0.432725727558136,-0.32861560583114624,0.5539604425430298,0.4339771568775177,-0.059119872748851776,0.5923956632614136,0.4273461103439331,-0.3208637833595276,0.5577886700630188,0.43148183822631836,-0.08764410018920898,0.5980123281478882,0.4267836809158325,-0.29070958495140076,0.5679205656051636,0.42918312549591064,-0.055809952318668365,0.7373713850975037,0.5853835344314575,-0.10440274327993393,0.698354184627533,0.5649672150611877,0.10413362830877304,0.6149608492851257,0.5222067832946777,-0.2906552851200104,0.5892355442047119,0.4899008572101593,0.015040193684399128,0.5476042032241821,0.7359313368797302,-0.3616586923599243,0.5153762102127075,0.6994547247886658,-0.06639361381530762,0.5477663278579712,0.7847753763198853,-0.3676920533180237,0.5111353993415833,0.7493471503257751,-0.07626216113567352,0.4876113533973694,0.7239058613777161,-0.4347904324531555,0.459672749042511,0.6797622442245483,-0.12423999607563019,0,1
0.725805401802063,0.2528543770313263,-0.0354456789791584,0.7331535220146179,0.2360016256570816,-0.03819362819194794,0.7371233701705933,0.23508796095848083,-0.03816279023885727,0.7417458891868591,0.23357918858528137,-0.038103990256786346,0.7264581322669983,0.23744438588619232,-0.016925349831581116,0.7252399325370789,0.23751066625118256,-0.017010655254125595,0.7241641283035278,0.23761437833309174,-0.017092237249016762,0.7585183382034302,0.23803910613059998,-0.018362589180469513,0.7335110306739807,0.2407563328742981,0.07703074812889099,0.7346049547195435,0.27015256881713867,-0.02747017703950405,0.7267600297927856,0.2722190320491791,0.0003064806805923581,0.7909276485443115,0.3304358124732971,-0.09031139314174652,0.7179017663002014,0.33509939908981323,0.16957172751426697,0.752032995223999,0.4324761629104614,-0.21377058327198029,0.653762698173523,0.41690191626548767,0.1758785843849182,0.6735193133354187,0.4311653673648834,-0.30653172731399536,0.602563202381134,0.42834582924842834,0.03957075625658035,0.6520777940750122,0.43855005502700806,-0.3375261723995209,0.5869873762130737,0.43782615661621094,0.02218509465456009,0.6505204439163208,0.43323588371276855,-0.3313045799732208,0.5875411033630371,0.4343910217285156,0.0009687765268608928,0.6581432223320007,0.43169212341308594,-0.30366256833076477,0.5949079394340515,0.4328364431858063,0.02540072426199913,0.7471274137496948,0.584397554397583,-0.0978284403681755,0.707579493522644,0.56307053565979,0.09771164506673813,0.6254833340644836,0.5294989943504333,-0.24219027161598206,0.598800539970398,0.4977453947067261,-0.0010789621155709028,0.5508608818054199,0.734485387802124,-0.3123670518398285,0.5209786891937256,0.6984764337539673,-0.07792525738477707,0.5490610003471375,0.7839754819869995,-0.3160143792629242,0.5133479237556458,0.7438206076622009,-0.08659668266773224,0.4933062195777893,0.7292063236236572,-0.37057846784591675,0.46146470308303833,0.6782645583152771,-0.1275789439678192,0,1
0.7371490597724915,0.25977152585983276,-0.021091241389513016,0.7429910898208618,0.24291817843914032,-0.02669673040509224,0.7470921874046326,0.24151675403118134,-0.026656020432710648,0.7515692114830017,0.23934054374694824,-0.026647720485925674,0.7357668280601501,0.24381768703460693,-0.004454904235899448,0.7338404059410095,0.24371233582496643,-0.004500946030020714,0.7320016622543335,0.24362660944461823,-0.004571083001792431,0.7689374685287476,0.24143829941749573,-0.01323625911027193,0.7415311336517334,0.2476986199617386,0.08892537653446198,0.7466562986373901,0.2774590253829956,-0.014141803607344627,0.7387163043022156,0.2822825610637665,0.015748674049973488,0.80812007188797,0.332663357257843,-0.060028351843357086,0.7277303338050842,0.3409942090511322,0.17396709322929382,0.7916213274002075,0.4654170572757721,-0.1534700244665146,0.6802899837493896,0.4475700259208679,0.170852929353714,0.7099374532699585,0.4424145221710205,-0.22770735621452332,0.6360232830047607,0.4336601793766022,0.025092586874961853,0.6890566945075989,0.4439617097377777,-0.25208503007888794,0.6207038760185242,0.43927401304244995,-0.009471382945775986,0.6831398010253906,0.43579816818237305,-0.24757376313209534,0.6217159628868103,0.43504443764686584,-0.012884499505162239,0.6897427439689636,0.4345919191837311,-0.22457769513130188,0.6285327672958374,0.4342929422855377,0.011445668525993824,0.7493345141410828,0.5826611518859863,-0.09112608432769775,0.7081146240234375,0.5565536022186279,0.09108708053827286,0.6286607980728149,0.5400096774101257,-0.24724391102790833,0.6071223020553589,0.5030352473258972,-0.034113559871912,0.5506975054740906,0.7379435300827026,-0.31481868028640747,0.522552490234375,0.6962628960609436,-0.11785642057657242,0.5483020544052124,0.7871066331863403,-0.32120510935783386,0.5153511762619019,0.7393786311149597,-0.12754510343074799,0.48494911193847656,0.7401952743530273,-0.38818055391311646,0.4615653157234192,0.6789824366569519,-0.17398300766944885,0,1
0.736974835395813,0.260418564081192,-0.0329706147313118,0.7436591386795044,0.24266637861728668,-0.04001322761178017,0.7476556897163391,0.24173232913017273,-0.04001285508275032,0.7523861527442932,0.23985421657562256,-0.04009680449962616,0.736447274684906,0.24333244562149048,-0.01946505345404148,0.7349258661270142,0.2433740347623825,-0.019470062106847763,0.7334161996841431,0.2435765415430069,-0.01951061375439167,0.7681068181991577,0.24113601446151733,-0.01918674260377884,0.7442901134490967,0.24837413430213928,0.07963302731513977,0.7470591068267822,0.27797645330429077,-0.02011285349726677,0.7387362718582153,0.28242209553718567,0.00820929929614067,0.8111472129821777,0.33083587884902954,-0.04878891259431839,0.7323184609413147,0.34208816289901733,0.17792794108390808,0.8262958526611328,0.48109856247901917,-0.14070220291614532,0.7089053988456726,0.4638303220272064,0.14029653370380402,0.7438098192214966,0.44829314947128296,-0.22008807957172394,0.6744390726089478,0.44941651821136475,-0.06057657673954964,0.7206593751907349,0.44931602478027344,-0.24702882766723633,0.6591778993606567,0.44645580649375916,-0.09225292503833771,0.7214418053627014,0.4364399313926697,-0.23817896842956543,0.6607515811920166,0.43684273958206177,-0.10465902090072632,0.7242194414138794,0.43555310368537903,-0.215302512049675,0.6659206748008728,0.43723899126052856,-0.07290942966938019,0.7514098882675171,0.5779106020927429,-0.08825895935297012,0.7116916179656982,0.5516467690467834,0.08831197768449783,0.6318469047546387,0.5469292998313904,-0.2371450960636139,0.6105690002441406,0.5089584589004517,-0.047823935747146606,0.5515900254249573,0.7409103512763977,-0.3148050904273987,0.522506594657898,0.6938906311988831,-0.13995611667633057,0.5468682050704956,0.7907904982566833,-0.32382380962371826,0.518181562423706,0.7382150292396545,-0.15113601088523865,0.4754413664340973,0.7323465347290039,-0.40049344301223755,0.45696014165878296,0.6749237775802612,-0.20822298526763916,0,1
0.7332406640052795,0.24942472577095032,-0.07335953414440155,0.7406352758407593,0.2348288893699646,-0.07275138795375824,0.7450246214866638,0.2337140589952469,-0.07274451851844788,0.7496824860572815,0.23272615671157837,-0.07277169078588486,0.733096718788147,0.23709839582443237,-0.05249686911702156,0.7318302392959595,0.23752985894680023,-0.05252610519528389,0.7305371165275574,0.23784969747066498,-0.0525449737906456,0.7657643556594849,0.23563629388809204,-0.03481061011552811,0.7426899075508118,0.24432533979415894,0.06074374169111252,0.7436358332633972,0.2680385708808899,-0.056471675634384155,0.7348819971084595,0.272710919380188,-0.029054516926407814,0.810423731803894,0.32920414209365845,-0.042715851217508316,0.7301222085952759,0.3425447642803192,0.1567719280719757,0.8500123023986816,0.47261980175971985,-0.13495954871177673,0.7107229232788086,0.4661945700645447,0.13260938227176666,0.7737990021705627,0.4651391804218292,-0.2375849187374115,0.6854792833328247,0.4703589081764221,-0.06579510867595673,0.7542341947555542,0.47362688183784485,-0.26626473665237427,0.6769689321517944,0.4764299690723419,-0.09807698428630829,0.7480682730674744,0.45570603013038635,-0.25673264265060425,0.6794928312301636,0.46326062083244324,-0.11023949086666107,0.755799412727356,0.4548559784889221,-0.23266848921775818,0.6830534338951111,0.46296146512031555,-0.07719819992780685,0.7569589614868164,0.5760849714279175,-0.08761666715145111,0.7185975909233093,0.553794801235199,0.08766987174749374,0.6345786452293396,0.5513468980789185,-0.23834824562072754,0.6122387647628784,0.5247217416763306,-0.06152297183871269,0.5507128238677979,0.7436704635620117,-0.33815798163414,0.5238193869590759,0.6960932612419128,-0.16458538174629211,0.5442110896110535,0.7927760481834412,-0.3488677442073822,0.5189273953437805,0.7417540550231934,-0.17732945084571838,0.4717751443386078,0.7275948524475098,-0.44813698530197144,0.4610370695590973,0.6766412854194641,-0.2471422255039215,0,1
0.7341669797897339,0.24546650052070618,-0.10835786908864975,0.7412192821502686,0.23032920062541962,-0.1078563705086708,0.7453351616859436,0.228835791349411,-0.10787947475910187,0.7497750520706177,0.22763819992542267,-0.1078740730881691,0.7339390516281128,0.23302720487117767,-0.0865510106086731,0.7325261831283569,0.23341073095798492,-0.08661499619483948,0.7312688231468201,0.23375093936920166,-0.08665172010660172,0.7665591835975647,0.23085248470306396,-0.07134468853473663,0.743704080581665,0.23962777853012085,0.026028389111161232,0.7444555759429932,0.26327502727508545,-0.09334079176187515,0.7360737323760986,0.2672286033630371,-0.0650293305516243,0.8110572099685669,0.3274131417274475,-0.07816527783870697,0.7306995987892151,0.3420366644859314,0.13465175032615662,0.8444710969924927,0.47423219680786133,-0.15212100744247437,0.7161839604377747,0.4638483226299286,0.12460136413574219,0.7631756663322449,0.4920218288898468,-0.24212685227394104,0.6851481199264526,0.4869638979434967,-0.07269340008497238,0.7429008483886719,0.5037924647331238,-0.2727573812007904,0.6765400171279907,0.4946645200252533,-0.10251803696155548,0.7369977235794067,0.4877566397190094,-0.263082891702652,0.6779342293739319,0.48136547207832336,-0.11764553934335709,0.7437914609909058,0.48462969064712524,-0.23722107708454132,0.683377742767334,0.47967255115509033,-0.0852779820561409,0.7625234127044678,0.5764502882957458,-0.08722978830337524,0.7240469455718994,0.5567558407783508,0.08731929212808609,0.6402085423469543,0.5667660236358643,-0.2582537531852722,0.619214653968811,0.5401873588562012,-0.06958282738924026,0.5525981783866882,0.7435325384140015,-0.3537324368953705,0.5256349444389343,0.6960965394973755,-0.15534387528896332,0.5451146960258484,0.794408917427063,-0.36137092113494873,0.5190763473510742,0.7394992113113403,-0.16704429686069489,0.4825441837310791,0.7207761406898499,-0.4521140456199646,0.464038223028183,0.6784108281135559,-0.2411484271287918,0,1
0.7363045811653137,0.2414850890636444,-0.10955800861120224,0.7436141967773438,0.22523339092731476,-0.109074667096138,0.747698187828064,0.2237309366464615,-0.10911411046981812,0.7520391941070557,0.22190260887145996,-0.10909157991409302,0.7363572120666504,0.22788086533546448,-0.0878056064248085,0.7348634600639343,0.22820602357387543,-0.08787931501865387,0.7333620190620422,0.2285286784172058,-0.08791853487491608,0.7681721448898315,0.2254820019006729,-0.08094574511051178,0.7449828386306763,0.23324726521968842,0.013730118051171303,0.74636310338974,0.25792163610458374,-0.09853001683950424,0.7381539344787598,0.26165539026260376,-0.07089114189147949,0.8101504445075989,0.32407891750335693,-0.11742260307073593,0.7321053743362427,0.3391801118850708,0.12242394685745239,0.8336721658706665,0.47683534026145935,-0.18285037577152252,0.7193562388420105,0.4615146517753601,0.12304951250553131,0.7545877695083618,0.5168991684913635,-0.24533811211585999,0.6805827617645264,0.4895014762878418,-0.05651971697807312,0.7355948686599731,0.5356011986732483,-0.2751432955265045,0.6669472455978394,0.5015723705291748,-0.08088076859712601,0.7291853427886963,0.5211665034294128,-0.27154436707496643,0.6677109003067017,0.49440276622772217,-0.10274720191955566,0.7339063882827759,0.5157656669616699,-0.24187839031219482,0.6741352081298828,0.4877825975418091,-0.0721571296453476,0.7715410590171814,0.5765358805656433,-0.08590995520353317,0.7323613166809082,0.5572591423988342,0.08600576967000961,0.6476044654846191,0.5789601802825928,-0.23671075701713562,0.6254979372024536,0.5514475107192993,-0.05391601473093033,0.5572987794876099,0.7442856431007385,-0.3025776147842407,0.5316663384437561,0.6961239576339722,-0.11057734489440918,0.5493730902671814,0.7945386171340942,-0.31131792068481445,0.5239185094833374,0.7404170632362366,-0.11976899951696396,0.496539443731308,0.7187022566795349,-0.4042544364929199,0.4690588414669037,0.672092616558075,-0.17874279618263245,0,1
0.7355920076370239,0.2386314570903778,-0.10235939174890518,0.7432070970535278,0.22216299176216125,-0.1005294919013977,0.7472652196884155,0.22009176015853882,-0.10061441361904144,0.7517582178115845,0.21751508116722107,-0.10062903165817261,0.7357637882232666,0.22418779134750366,-0.08151642978191376,0.7341976165771484,0.22443540394306183,-0.08157681673765182,0.732639491558075,0.22487077116966248,-0.08161267638206482,0.767673134803772,0.22203606367111206,-0.08199207484722137,0.744245707988739,0.23026296496391296,0.017528165131807327,0.7456874251365662,0.2544505298137665,-0.09669546037912369,0.7373961210250854,0.2567688524723053,-0.06702814996242523,0.8098191022872925,0.32181432843208313,-0.11810114234685898,0.7322447896003723,0.33959102630615234,0.12181618064641953,0.8254944682121277,0.478851854801178,-0.18858367204666138,0.717336118221283,0.46082669496536255,0.1231887936592102,0.7357341051101685,0.5183863639831543,-0.24758128821849823,0.6672678589820862,0.4863780438899994,-0.04232638329267502,0.7141103148460388,0.5325473546981812,-0.27474719285964966,0.6526792645454407,0.5000795125961304,-0.06579329073429108,0.7057262063026428,0.5204455256462097,-0.2685641348361969,0.6539026498794556,0.49017852544784546,-0.08753420412540436,0.7127603888511658,0.515496551990509,-0.2430984228849411,0.6573965549468994,0.48732227087020874,-0.05823170393705368,0.7733913660049438,0.5817364454269409,-0.08466623723506927,0.7333588600158691,0.5649789571762085,0.08480912446975708,0.6504746675491333,0.5861133337020874,-0.22306394577026367,0.6285658478736877,0.5543429255485535,-0.06276587396860123,0.5571092963218689,0.7524118423461914,-0.2913030982017517,0.5312875509262085,0.7009144425392151,-0.14835670590400696,0.5480936169624329,0.7986315488815308,-0.29965466260910034,0.5277768969535828,0.7396848201751709,-0.15980908274650574,0.48989415168762207,0.7218760251998901,-0.39107605814933777,0.47011542320251465,0.6751988530158997,-0.22179560363292694,0,1
0.7320862412452698,0.235239177942276,-0.10756795108318329,0.7407584190368652,0.2185421586036682,-0.10298164933919907,0.7448108792304993,0.21702586114406586,-0.10302363336086273,0.7493053674697876,0.2154349684715271,-0.10301186889410019,0.7328692674636841,0.22062386572360992,-0.08659060299396515,0.7309860587120056,0.221108078956604,-0.08664931356906891,0.7293009757995605,0.2217114120721817,-0.08666400611400604,0.765868067741394,0.2218581736087799,-0.07418178766965866,0.7385481595993042,0.22823213040828705,0.009407930076122284,0.7413062453269958,0.25250813364982605,-0.09872882068157196,0.7321117520332336,0.25258371233940125,-0.07644675672054291,0.8026208877563477,0.32258227467536926,-0.12426795810461044,0.7252978086471558,0.34113597869873047,0.1075654998421669,0.7942754626274109,0.480011910200119,-0.20495446026325226,0.6969524621963501,0.46092578768730164,0.09202849864959717,0.7116118669509888,0.5213567018508911,-0.26614516973495483,0.6474500894546509,0.4890744984149933,-0.08464072644710541,0.6899381875991821,0.5375537872314453,-0.29559358954429626,0.6316741108894348,0.5038535594940186,-0.11211603879928589,0.6841077208518982,0.5248127579689026,-0.2893677055835724,0.6329853534698486,0.4948601722717285,-0.13184089958667755,0.6897984147071838,0.519067108631134,-0.26211783289909363,0.6399827003479004,0.4917669892311096,-0.09959442168474197,0.7755755186080933,0.5850186944007874,-0.08457072824239731,0.7353194952011108,0.5719864368438721,0.08470769971609116,0.6516523957252502,0.5793889164924622,-0.2076859176158905,0.6312434673309326,0.5547375679016113,-0.043570347130298615,0.5530108213424683,0.7492709755897522,-0.26813703775405884,0.5384330749511719,0.7014297842979431,-0.1191195622086525,0.5452044010162354,0.797459602355957,-0.2756749987602234,0.5295453071594238,0.7475239038467407,-0.12904930114746094,0.48870038986206055,0.711357057094574,-0.3593819737434387,0.47734275460243225,0.6753506660461426,-0.18728135526180267,0,1
0.7228341102600098,0.232166588306427,-0.08416496217250824,0.7314795851707458,0.2158230096101761,-0.07914554327726364,0.7352526783943176,0.2148732990026474,-0.07915439456701279,0.7394707798957825,0.2136022001504898,-0.07910469174385071,0.7239622473716736,0.2172926962375641,-0.061622776091098785,0.7220824956893921,0.21778908371925354,-0.061714183539152145,0.7203220129013062,0.2182382196187973,-0.06177595257759094,0.7558356523513794,0.22156628966331482,-0.04432939365506172,0.7297350764274597,0.2258160412311554,0.03312637656927109,0.7312806248664856,0.25017279386520386,-0.07396390289068222,0.7223376035690308,0.24964532256126404,-0.05035770684480667,0.7883428335189819,0.32521024346351624,-0.10554488748311996,0.7129530310630798,0.34045252203941345,0.12008917331695557,0.768069863319397,0.48125946521759033,-0.1861800104379654,0.6793197393417358,0.46100205183029175,0.102119579911232,0.6834186315536499,0.5060275197029114,-0.23549067974090576,0.6276872158050537,0.4845118224620819,-0.053584180772304535,0.6596996188163757,0.5193938612937927,-0.2623235881328583,0.6128397583961487,0.4996127784252167,-0.0799148678779602,0.6565991640090942,0.5098536610603333,-0.25680404901504517,0.614529013633728,0.4901001453399658,-0.10064145177602768,0.6620606184005737,0.5038686394691467,-0.2320564240217209,0.620909571647644,0.487224280834198,-0.06848221272230148,0.7628201246261597,0.5829165577888489,-0.0840325653553009,0.7223290801048279,0.569930374622345,0.08406965434551239,0.65031898021698,0.5480018854141235,-0.26680299639701843,0.620207667350769,0.5169692635536194,-0.06439842283725739,0.5566984415054321,0.7426605224609375,-0.3546995222568512,0.5388856530189514,0.6975477337837219,-0.151525616645813,0.552376389503479,0.7928050756454468,-0.3638400137424469,0.5304456949234009,0.7336030602455139,-0.16268029808998108,0.49949032068252563,0.71281498670578,-0.4549948275089264,0.47517767548561096,0.6711134314537048,-0.2268620729446411,0,1
0.7067511677742004,0.2285079061985016,-0.07637962698936462,0.7155781984329224,0.21325819194316864,-0.07397375255823135,0.7191634178161621,0.21244847774505615,-0.07396397739648819,0.7236043214797974,0.2115756720304489,-0.07390563189983368,0.7076759338378906,0.2141483724117279,-0.05341608077287674,0.7058191895484924,0.21447955071926117,-0.053512364625930786,0.7042385935783386,0.21463288366794586,-0.0535767488181591,0.7398961186408997,0.22085651755332947,-0.04434569180011749,0.7142519354820251,0.22280265390872955,0.0469890721142292,0.7151593565940857,0.24707984924316406,-0.0666046217083931,0.7058096528053284,0.2465253621339798,-0.04011419415473938,0.7718350291252136,0.32640770077705383,-0.10610637813806534,0.6949563026428223,0.33720165491104126,0.14491119980812073,0.7351616621017456,0.472059965133667,-0.18756794929504395,0.6537729501724243,0.45196372270584106,0.13517746329307556,0.6467434167861938,0.4796924591064453,-0.22510066628456116,0.6050519347190857,0.47462496161460876,-0.02594325877726078,0.6217170357704163,0.48877817392349243,-0.25139522552490234,0.5857340097427368,0.4834451377391815,-0.04952297732234001,0.620527446269989,0.48093196749687195,-0.24562163650989532,0.5854134559631348,0.47701069712638855,-0.0698062926530838,0.627519965171814,0.47731828689575195,-0.22094547748565674,0.595518946647644,0.47569623589515686,-0.04051583632826805,0.7469508051872253,0.5820664167404175,-0.09341978281736374,0.7050710916519165,0.5647516250610352,0.09330471605062485,0.6425542831420898,0.5281293392181396,-0.31810563802719116,0.6021242141723633,0.49515968561172485,-0.030787521973252296,0.5565645694732666,0.7390604019165039,-0.3756658434867859,0.5358859300613403,0.6972131729125977,-0.08240856230258942,0.5535376667976379,0.7898703813552856,-0.381072461605072,0.5263226628303528,0.7347502112388611,-0.08964160829782486,0.49957266449928284,0.7175864577293396,-0.4688482880592346,0.4703436493873596,0.6725562214851379,-0.14857476949691772,0,1
0.6903165578842163,0.22471684217453003,-0.08738904446363449,0.6994783878326416,0.20982560515403748,-0.0840316042304039,0.7037191987037659,0.20940671861171722,-0.08399389684200287,0.708429217338562,0.20885461568832397,-0.08389820158481598,0.6920543909072876,0.20966894924640656,-0.06087866425514221,0.6904779672622681,0.20968985557556152,-0.060980863869190216,0.6889127492904663,0.2095874547958374,-0.06105611473321915,0.7234500050544739,0.21908558905124664,-0.04607429355382919,0.6985167860984802,0.21853195130825043,0.0627790167927742,0.6979132294654846,0.2444293200969696,-0.07432368397712708,0.6892582774162292,0.24421381950378418,-0.04437395557761192,0.750648558139801,0.325980544090271,-0.12257367372512817,0.6757737994194031,0.33445730805397034,0.15857532620429993,0.6988368630409241,0.4525356590747833,-0.19636981189250946,0.6258739829063416,0.4419948160648346,0.16220255196094513,0.6168655157089233,0.4752146303653717,-0.2240109145641327,0.5717285871505737,0.47026902437210083,0.01730680838227272,0.5967803001403809,0.48746663331985474,-0.25029072165489197,0.5544121861457825,0.4774191975593567,0.0005268041277304292,0.5923799872398376,0.4785751402378082,-0.25043076276779175,0.5539349317550659,0.47325798869132996,-0.022900305688381195,0.599244236946106,0.47483542561531067,-0.21936872601509094,0.5618917346000671,0.4718550443649292,0.002842624206095934,0.7322452068328857,0.5820969939231873,-0.1043180599808693,0.6914582848548889,0.5637539625167847,0.10412555932998657,0.6266748905181885,0.5152413845062256,-0.33461230993270874,0.5870614051818848,0.4913075864315033,-0.002468752907589078,0.5521196126937866,0.7310305237770081,-0.3887922167778015,0.5265471935272217,0.6922968029975891,-0.040591802448034286,0.552817702293396,0.7792123556137085,-0.3936759829521179,0.5199071764945984,0.7390726804733276,-0.046447865664958954,0.4900825023651123,0.7096900939941406,-0.47489017248153687,0.46899333596229553,0.6798319220542908,-0.09670610725879669,0,1
0.66734778881073,0.2194157987833023,-0.12190289795398712,0.676388144493103,0.20397783815860748,-0.1195668950676918,0.6800001859664917,0.20403099060058594,-0.11956725269556046,0.6841874718666077,0.2041112333536148,-0.11950208991765976,0.6698585748672485,0.20356807112693787,-0.0954349935054779,0.6687201261520386,0.2035020887851715,-0.09552817791700363,0.6676961183547974,0.20337170362472534,-0.09559864550828934,0.6995202302932739,0.21695931255817413,-0.08341015130281448,0.6772578954696655,0.21400868892669678,0.027167240157723427,0.6739003658294678,0.24180521070957184,-0.10950648784637451,0.6666886210441589,0.24125857651233673,-0.0780784860253334,0.7239668369293213,0.32380303740501404,-0.15956781804561615,0.6518639326095581,0.3335856795310974,0.13916978240013123,0.6697479486465454,0.4410880506038666,-0.2586848735809326,0.5930677652359009,0.4357162117958069,0.12334446609020233,0.5870710611343384,0.4781247079372406,-0.30482131242752075,0.5351567268371582,0.46993955969810486,-0.04617611691355705,0.565853476524353,0.49349936842918396,-0.34531140327453613,0.5184725522994995,0.4785662293434143,-0.07179262489080429,0.5640460252761841,0.4864221215248108,-0.34468141198158264,0.5192351341247559,0.4766792356967926,-0.10147782415151596,0.5723431706428528,0.4788811504840851,-0.3053146004676819,0.5253725051879883,0.4747666120529175,-0.06516873091459274,0.7140576839447021,0.5841737389564514,-0.1089925542473793,0.6723771095275879,0.5684784054756165,0.10880328714847565,0.6110285520553589,0.5103985667228699,-0.3506815731525421,0.5711493492126465,0.48994898796081543,0.002929017646238208,0.5455198287963867,0.7283395528793335,-0.44569969177246094,0.5206445455551147,0.6942689418792725,-0.07305629551410675,0.5491942167282104,0.7791001796722412,-0.4555235505104065,0.5188338160514832,0.7413301467895508,-0.08003054559230804,0.4861931800842285,0.7135592699050903,-0.5502955913543701,0.4642447531223297,0.6802213191986084,-0.13918182253837585,0,1
0.6423360109329224,0.21305163204669952,-0.18357667326927185,0.6514618992805481,0.1995197981595993,-0.18638178706169128,0.6551582217216492,0.19972530007362366,-0.18636934459209442,0.6597368121147156,0.20015791058540344,-0.1863112896680832,0.6452863216400146,0.19811460375785828,-0.16079548001289368,0.6443612575531006,0.19759640097618103,-0.1608789712190628,0.6433785557746887,0.19708457589149475,-0.16094067692756653,0.6760956645011902,0.21541839838027954,-0.16066476702690125,0.6532858610153198,0.20783638954162598,-0.04665392264723778,0.6484287977218628,0.2379339188337326,-0.1740717738866806,0.6412124633789062,0.23613040149211884,-0.1409519612789154,0.6968619227409363,0.3243120610713959,-0.22717340290546417,0.6287422180175781,0.3334929645061493,0.0733330249786377,0.6337569355964661,0.4378148913383484,-0.311148464679718,0.5643281936645508,0.43085208535194397,0.06279607117176056,0.5520602464675903,0.47706103324890137,-0.3362753987312317,0.5021681189537048,0.47734972834587097,-0.09334011375904083,0.5296387076377869,0.496262788772583,-0.3775631785392761,0.4864819049835205,0.4837067425251007,-0.11840442568063736,0.525377094745636,0.4884796142578125,-0.37482255697250366,0.4895687699317932,0.48203790187835693,-0.14960740506649017,0.529674232006073,0.48014578223228455,-0.3361697494983673,0.49479156732559204,0.48121193051338196,-0.11308556795120239,0.6917521953582764,0.5890645980834961,-0.10788528621196747,0.6521567106246948,0.5723224878311157,0.10769571363925934,0.5925600528717041,0.4995313882827759,-0.3445657193660736,0.5512419939041138,0.479233980178833,0.008387459442019463,0.5399543046951294,0.7318133115768433,-0.37259984016418457,0.5186323523521423,0.6997858285903931,-0.03193545714020729,0.5445229411125183,0.7855781316757202,-0.3756270706653595,0.516323447227478,0.7439809441566467,-0.0382763110101223,0.47396549582481384,0.7241582870483398,-0.4663378596305847,0.4633999764919281,0.7019152641296387,-0.0992441326379776,0,1
0.6152930855751038,0.2068520188331604,-0.19698162376880646,0.6248749494552612,0.19298574328422546,-0.19438771903514862,0.6287434697151184,0.1935756951570511,-0.19435955584049225,0.6334396004676819,0.19434478878974915,-0.19431647658348083,0.6183816194534302,0.19123919308185577,-0.1750534325838089,0.6174699068069458,0.1906505972146988,-0.1751800924539566,0.6165512800216675,0.1902266889810562,-0.1752319186925888,0.6501837372779846,0.21087226271629333,-0.16351507604122162,0.6275392770767212,0.20221880078315735,-0.060266636312007904,0.6215999126434326,0.2324041724205017,-0.18013186752796173,0.614078164100647,0.2299935221672058,-0.15278206765651703,0.6704190969467163,0.3237555921077728,-0.23672568798065186,0.6047542691230774,0.33255016803741455,0.06743187457323074,0.5901845097541809,0.43310970067977905,-0.33489900827407837,0.5401890277862549,0.42452272772789,0.06663644313812256,0.5001517534255981,0.47909116744995117,-0.35969194769859314,0.47119244933128357,0.4820489287376404,-0.09277854114770889,0.4750562310218811,0.5002820491790771,-0.4022258222103119,0.4537412226200104,0.4918423593044281,-0.11119991540908813,0.4723963737487793,0.491568386554718,-0.39466434717178345,0.45376601815223694,0.4925399720668793,-0.14412085711956024,0.4786838889122009,0.4860459268093109,-0.3576984107494354,0.46104446053504944,0.49152693152427673,-0.1090753898024559,0.6688398122787476,0.5954562425613403,-0.10645253956317902,0.6279076337814331,0.5838340520858765,0.10621718317270279,0.5674329996109009,0.46990296244621277,-0.35482653975486755,0.5272670984268188,0.4629921019077301,0.0020892946049571037,0.538406252861023,0.7212793827056885,-0.33530208468437195,0.5146561861038208,0.6936134099960327,-0.03705434128642082,0.5424131751060486,0.7819880843162537,-0.33332952857017517,0.5257607698440552,0.7369441390037537,-0.043442513793706894,0.47715526819229126,0.732403576374054,-0.41038504242897034,0.4597810208797455,0.7113317847251892,-0.1053987517952919,0,1
0.588549017906189,0.2034364938735962,-0.1775369793176651,0.5984472632408142,0.18991002440452576,-0.19205108284950256,0.6022485494613647,0.1902952790260315,-0.19212812185287476,0.6065062284469604,0.19105003774166107,-0.1921359747648239,0.5932034850120544,0.18894045054912567,-0.15510687232017517,0.5926648378372192,0.18850693106651306,-0.1551191508769989,0.5922533273696899,0.18803973495960236,-0.1551636904478073,0.6228955984115601,0.2077203392982483,-0.18922306597232819,0.6070659756660461,0.2008257508277893,-0.043304674327373505,0.5935415029525757,0.22667820751667023,-0.18418774008750916,0.5877737402915955,0.22328518331050873,-0.13456596434116364,0.641797661781311,0.32249879837036133,-0.28485172986984253,0.5853546261787415,0.33081117272377014,0.09760506451129913,0.5539594888687134,0.4231453835964203,-0.3768250048160553,0.5251157283782959,0.42124611139297485,0.13370932638645172,0.4627017378807068,0.4742916226387024,-0.3857460916042328,0.4473778307437897,0.4799913763999939,0.03033187985420227,0.4389771819114685,0.4949561357498169,-0.4333156943321228,0.42972373962402344,0.49221470952033997,0.020653817802667618,0.4357251524925232,0.4876241385936737,-0.4197263717651367,0.4282400608062744,0.4917263090610504,-0.020758166909217834,0.4416603147983551,0.4835049510002136,-0.3814077079296112,0.4359563887119293,0.49060648679733276,0.00765973562374711,0.6494402289390564,0.6007791757583618,-0.12072835862636566,0.6126672029495239,0.592539370059967,0.12052389234304428,0.5367750525474548,0.46569594740867615,-0.2408234179019928,0.5162890553474426,0.45337629318237305,0.09448818117380142,0.521630585193634,0.7001248002052307,-0.10146953910589218,0.5213817954063416,0.6734676361083984,0.08053717762231827,0.5318042039871216,0.7463908791542053,-0.08603205531835556,0.5312222242355347,0.7176916599273682,0.07733389735221863,0.46989768743515015,0.7178980708122253,-0.11926295608282089,0.4764447808265686,0.7082425355911255,0.035590749233961105,0,1
0.5661302208900452,0.20132878422737122,-0.1402406096458435,0.5775848031044006,0.18755526840686798,-0.15061558783054352,0.5812799334526062,0.1883045881986618,-0.150649756193161,0.585116982460022,0.18925908207893372,-0.1506234109401703,0.5722931027412415,0.18574273586273193,-0.11609934270381927,0.5718494057655334,0.18538950383663177,-0.11612162739038467,0.5715348124504089,0.1850314736366272,-0.11616699397563934,0.6000642776489258,0.20710709691047668,-0.16954299807548523,0.5851885080337524,0.19981124997138977,-0.0015689084539189935,0.5696297287940979,0.22227256000041962,-0.14283090829849243,0.5647620558738708,0.21964320540428162,-0.09773661196231842,0.6185165643692017,0.3206070065498352,-0.27049264311790466,0.5631831884384155,0.33577650785446167,0.12800267338752747,0.5172803997993469,0.4135081470012665,-0.3719511926174164,0.49871206283569336,0.4293864369392395,0.15060731768608093,0.42654186487197876,0.47566676139831543,-0.38983792066574097,0.4172065258026123,0.4898911714553833,0.048205599188804626,0.40325289964675903,0.4965134859085083,-0.43890437483787537,0.4012327194213867,0.504587709903717,0.038047581911087036,0.40258654952049255,0.4906807839870453,-0.42289263010025024,0.40157365798950195,0.5015455484390259,-0.0029102936387062073,0.40773797035217285,0.4871748685836792,-0.38516324758529663,0.40576234459877014,0.5009936690330505,0.025372717529535294,0.6352413892745972,0.602946937084198,-0.12284519523382187,0.5954132676124573,0.6055231094360352,0.1225917786359787,0.5327025651931763,0.46753573417663574,-0.2810894846916199,0.4983787536621094,0.4603705108165741,0.09394785016775131,0.5217662453651428,0.6937440037727356,-0.13040736317634583,0.5071528553962708,0.677939772605896,0.05415010452270508,0.5316480398178101,0.7395728826522827,-0.11327208578586578,0.5247389674186707,0.7219909429550171,0.04813951253890991,0.4679766595363617,0.7067577838897705,-0.15581408143043518,0.46559247374534607,0.7117359638214111,-0.005590974353253841,0,1
0.5512092709541321,0.1955161988735199,-0.1420707404613495,0.5626214742660522,0.18158572912216187,-0.15997576713562012,0.5653626322746277,0.18325960636138916,-0.1600356251001358,0.5683630704879761,0.1850496083498001,-0.16002781689167023,0.5587877631187439,0.1792471557855606,-0.11981625854969025,0.5588252544403076,0.1793540120124817,-0.11982811987400055,0.5591079592704773,0.17943978309631348,-0.11986687034368515,0.5817360877990723,0.20497256517410278,-0.20474597811698914,0.5730323195457458,0.19752486050128937,-0.015882287174463272,0.5538691282272339,0.21798183023929596,-0.15192744135856628,0.5498345494270325,0.21555505692958832,-0.10039101541042328,0.5935501456260681,0.32125943899154663,-0.31177979707717896,0.5535034537315369,0.3385689854621887,0.12064091861248016,0.48788610100746155,0.42182815074920654,-0.40976041555404663,0.4795493185520172,0.43085789680480957,0.1435793936252594,0.39860111474990845,0.48398175835609436,-0.42609062790870667,0.3979220390319824,0.49001631140708923,0.044011522084474564,0.3811696767807007,0.5058600306510925,-0.47984689474105835,0.379252552986145,0.5049835443496704,0.03943706676363945,0.37777179479599,0.49793702363967896,-0.45731616020202637,0.37936845421791077,0.5036435723304749,-0.005712742917239666,0.3833722174167633,0.49473750591278076,-0.41909629106521606,0.38288235664367676,0.5022698640823364,0.02029450051486492,0.6211137771606445,0.6077141761779785,-0.13264472782611847,0.5900832414627075,0.6099300980567932,0.1323859691619873,0.501181960105896,0.4621780514717102,-0.21434494853019714,0.4623955190181732,0.48914599418640137,0.16839830577373505,0.5190804600715637,0.6837873458862305,0.0022147921845316887,0.5304011702537537,0.6713076829910278,0.2302851676940918,0.5311120748519897,0.7247454524040222,0.029151668772101402,0.5518019795417786,0.7097237706184387,0.2383149117231369,0.47466373443603516,0.7429170608520508,0.054603803902864456,0.5208139419555664,0.734339714050293,0.24406282603740692,0,1
0.5473319292068481,0.19006116688251495,-0.1330408751964569,0.5588783025741577,0.17720219492912292,-0.15543800592422485,0.5615826845169067,0.17896480858325958,-0.1554916799068451,0.5644391775131226,0.18089495599269867,-0.15548142790794373,0.5554532408714294,0.17519989609718323,-0.11460445821285248,0.5556589365005493,0.17546223104000092,-0.11458244174718857,0.5561373829841614,0.17558403313159943,-0.11460725963115692,0.5782417058944702,0.20202496647834778,-0.19485576450824738,0.5697523951530457,0.19429722428321838,-0.014984941110014915,0.5495697855949402,0.21381992101669312,-0.14746098220348358,0.5459853410720825,0.21154914796352386,-0.09437992423772812,0.5891973972320557,0.32129907608032227,-0.2963573932647705,0.5490346550941467,0.3367592394351959,0.1096559539437294,0.48520174622535706,0.42320752143859863,-0.3910408616065979,0.47718125581741333,0.4238632619380951,0.12496668100357056,0.4012642800807953,0.48272788524627686,-0.4147970676422119,0.39464879035949707,0.48574143648147583,0.03271164745092392,0.38028034567832947,0.5038815140724182,-0.46886759996414185,0.37858009338378906,0.5014584064483643,0.025488082319498062,0.3761630952358246,0.49554362893104553,-0.44746866822242737,0.3767626881599426,0.4997316598892212,-0.01977459341287613,0.3834077715873718,0.49375230073928833,-0.40829911828041077,0.38147783279418945,0.5005114078521729,0.00860554538667202,0.6152485609054565,0.607299268245697,-0.13041290640830994,0.5852868556976318,0.6088598370552063,0.13014140725135803,0.495206743478775,0.46468183398246765,-0.211361363530159,0.44685038924217224,0.5086402893066406,0.16861075162887573,0.5216566324234009,0.6873669624328613,-0.025290315970778465,0.5357519388198853,0.6691867113113403,0.22229520976543427,0.538537859916687,0.7265543341636658,-0.0007497157785110176,0.5553609132766724,0.6988988518714905,0.2303665578365326,0.47955209016799927,0.7635241150856018,0.020639553666114807,0.5370243191719055,0.7473032474517822,0.23869526386260986,0,1
0.5536209344863892,0.18752136826515198,-0.17096766829490662,0.564975380897522,0.17445281147956848,-0.18270431458950043,0.5677077174186707,0.17600318789482117,-0.1827663630247116,0.570893406867981,0.1775769591331482,-0.1827692836523056,0.5613440275192261,0.17257428169250488,-0.14863614737987518,0.5613924860954285,0.172724187374115,-0.14863529801368713,0.5616208910942078,0.1727549284696579,-0.14865320920944214,0.5850354433059692,0.19804638624191284,-0.1916649043560028,0.5745121836662292,0.1896018534898758,-0.032622452825307846,0.5559266805648804,0.21007217466831207,-0.17081613838672638,0.5522885322570801,0.20810765027999878,-0.12642426788806915,0.5972217321395874,0.31686803698539734,-0.2809506058692932,0.5529490113258362,0.3335093557834625,0.1069166287779808,0.5046114325523376,0.41267216205596924,-0.3677772879600525,0.48385292291641235,0.41614148020744324,0.145936518907547,0.41152697801589966,0.46081870794296265,-0.38262853026390076,0.4045262336730957,0.46099260449409485,0.05599918216466904,0.3903278708457947,0.48426496982574463,-0.43086084723472595,0.38837170600891113,0.4769582450389862,0.05067332461476326,0.38678887486457825,0.4758775532245636,-0.4157103896141052,0.38707640767097473,0.474069207906723,0.009228243492543697,0.393422394990921,0.47142913937568665,-0.3780577480792999,0.39205533266067505,0.4711627960205078,0.03432803601026535,0.6207038164138794,0.5988386869430542,-0.12879446148872375,0.5881282091140747,0.603367030620575,0.12850186228752136,0.5011886358261108,0.4651721119880676,-0.23135897517204285,0.4610200524330139,0.491167277097702,0.15088365972042084,0.518186092376709,0.6907399892807007,-0.06507337838411331,0.5109477639198303,0.6796175837516785,0.14012007415294647,0.5324603319168091,0.7293395400047302,-0.04416816681623459,0.5290542244911194,0.7126926183700562,0.13774509727954865,0.4691713750362396,0.736728847026825,-0.05566500499844551,0.47874516248703003,0.7318174839019775,0.11334512382745743,0,1
0.5836917161941528,0.18856985867023468,-0.2294660061597824,0.5958977937698364,0.17502771317958832,-0.23257072269916534,0.5996251106262207,0.17612393200397491,-0.23263518512248993,0.6034896969795227,0.17740873992443085,-0.23266537487506866,0.589343786239624,0.1736593246459961,-0.2023194581270218,0.5882768034934998,0.1738036423921585,-0.20235511660575867,0.5875115990638733,0.17392989993095398,-0.20237210392951965,0.6179128885269165,0.19665122032165527,-0.20419828593730927,0.5987193584442139,0.18887318670749664,-0.06661348789930344,0.5894870758056641,0.2118396759033203,-0.218784362077713,0.5817596912384033,0.21015150845050812,-0.17884498834609985,0.6364921927452087,0.3134235739707947,-0.2882670760154724,0.5775759220123291,0.33118847012519836,0.087637759745121,0.5512037873268127,0.4002973735332489,-0.3958292603492737,0.5130413174629211,0.4108837842941284,0.11217601597309113,0.4563288688659668,0.4386806786060333,-0.42393213510513306,0.43844541907310486,0.4498136639595032,-0.0179179385304451,0.43368902802467346,0.45620518922805786,-0.4730646014213562,0.419603168964386,0.46336835622787476,-0.03273819759488106,0.42994895577430725,0.44699689745903015,-0.46338510513305664,0.42013487219810486,0.4580914080142975,-0.07382246851921082,0.43707484006881714,0.4430519640445709,-0.4238588809967041,0.42597731947898865,0.4563259482383728,-0.04070284217596054,0.6440878510475159,0.5937837958335876,-0.12283643335103989,0.6052599549293518,0.5969200134277344,0.12254862487316132,0.5293753743171692,0.46132537722587585,-0.22980792820453644,0.501819908618927,0.46858152747154236,0.10907288640737534,0.5327604413032532,0.6924653649330139,-0.09830155223608017,0.5041271448135376,0.6750437021255493,0.09769531339406967,0.5440638065338135,0.7449997067451477,-0.08454407751560211,0.5186944007873535,0.7170032858848572,0.09386445581912994,0.4801648259162903,0.7185782790184021,-0.11643446981906891,0.45296478271484375,0.7072904706001282,0.05519724637269974,0,1
0.6210553050041199,0.20162664353847504,-0.1667204201221466,0.6321078538894653,0.18751686811447144,-0.16636213660240173,0.6357602477073669,0.1879531890153885,-0.16640369594097137,0.6398963332176208,0.18860721588134766,-0.16638101637363434,0.6253529787063599,0.1866188645362854,-0.13733012974262238,0.6245893836021423,0.18638110160827637,-0.13738222420215607,0.6240506768226624,0.186185821890831,-0.13743379712104797,0.6546035408973694,0.2038966566324234,-0.12827961146831512,0.6367155313491821,0.19659951329231262,0.001549969194456935,0.6274182200431824,0.2267090231180191,-0.15580138564109802,0.620358943939209,0.2249174267053604,-0.11715035140514374,0.6768444180488586,0.31767311692237854,-0.207466721534729,0.6169683337211609,0.33317792415618896,0.12826497852802277,0.5896041393280029,0.40017449855804443,-0.3135804831981659,0.5493116974830627,0.41200289130210876,0.1533574014902115,0.49137577414512634,0.44485461711883545,-0.34703555703163147,0.4800546169281006,0.4532264769077301,0.0385480634868145,0.4718174338340759,0.45658212900161743,-0.3898857533931732,0.4665747582912445,0.46442359685897827,0.02571607008576393,0.4699341654777527,0.45099973678588867,-0.37549445033073425,0.46682554483413696,0.4617500305175781,-0.014449456706643105,0.47562751173973083,0.45025375485420227,-0.3433651328086853,0.4707756042480469,0.46102532744407654,0.01624118909239769,0.6768044233322144,0.5946451425552368,-0.11728646606206894,0.6373414397239685,0.5945642590522766,0.11703626811504364,0.5588377714157104,0.47336718440055847,-0.3013177812099457,0.5365563631057739,0.47285133600234985,0.04226949065923691,0.5345205068588257,0.7127351760864258,-0.29195448756217957,0.5007930397987366,0.6972159743309021,-0.02880999818444252,0.5440998077392578,0.7735965251922607,-0.2907031178474426,0.5150682926177979,0.736691951751709,-0.03904681280255318,0.4768850803375244,0.7207098007202148,-0.35551220178604126,0.4540698528289795,0.7076408267021179,-0.09766371548175812,0,1
0.6554964184761047,0.20736399292945862,-0.12885704636573792,0.6660481691360474,0.1931360810995102,-0.12594473361968994,0.6699391603469849,0.19333790242671967,-0.12595273554325104,0.6740037202835083,0.1937778741121292,-0.125876784324646,0.6584190726280212,0.192498117685318,-0.10319819301366806,0.6570351123809814,0.19230857491493225,-0.10326842963695526,0.6558164358139038,0.19206687808036804,-0.10332459211349487,0.6874526739120483,0.2075352966785431,-0.08699039369821548,0.6666396856307983,0.2014472335577011,0.015874186530709267,0.6626013517379761,0.23190811276435852,-0.11575382947921753,0.6544246673583984,0.23032161593437195,-0.08570389449596405,0.7121001482009888,0.3164331018924713,-0.16647769510746002,0.6481536626815796,0.3321384787559509,0.12754401564598083,0.6372764706611633,0.3944602608680725,-0.2855328917503357,0.5854009389877319,0.4056464731693268,0.13235846161842346,0.5440081357955933,0.43397313356399536,-0.33645009994506836,0.5204373598098755,0.4485105276107788,-0.01337767206132412,0.5261595845222473,0.44722214341163635,-0.3756047487258911,0.5007971525192261,0.45886701345443726,-0.033510636538267136,0.5230267643928528,0.445637971162796,-0.3636763393878937,0.5013620257377625,0.4589943289756775,-0.06678508222103119,0.529549241065979,0.44343116879463196,-0.33281779289245605,0.5097059011459351,0.45611825585365295,-0.03383807837963104,0.7134420275688171,0.5863386988639832,-0.1040322557091713,0.6733448505401611,0.5752813816070557,0.10382982343435287,0.5952208638191223,0.5055643916130066,-0.318504273891449,0.5630126595497131,0.4754348397254944,0.007274000905454159,0.5419307947158813,0.7282310724258423,-0.386542409658432,0.5125696659088135,0.6980380415916443,-0.07598012685775757,0.5454345941543579,0.7883149981498718,-0.3932783305644989,0.519008457660675,0.737537145614624,-0.08643078804016113,0.48044055700302124,0.7225765585899353,-0.4784395098686218,0.4606130123138428,0.6990767121315002,-0.14799076318740845,0,1
0.689608097076416,0.21593305468559265,-0.20948489010334015,0.6997246742248535,0.199871227145195,-0.20589692890644073,0.703731894493103,0.1996646523475647,-0.20588597655296326,0.7080528736114502,0.19947728514671326,-0.20584902167320251,0.6910749077796936,0.20015591382980347,-0.18487462401390076,0.6893926858901978,0.20019882917404175,-0.1849675476551056,0.6878730058670044,0.20009633898735046,-0.1850043386220932,0.7210007905960083,0.2106335163116455,-0.15925465524196625,0.6978124380111694,0.20994459092617035,-0.06313107907772064,0.697589635848999,0.23743358254432678,-0.1922779083251953,0.6884906888008118,0.237542062997818,-0.16385038197040558,0.7498081922531128,0.3145759701728821,-0.2188713103532791,0.6814740896224976,0.3282006084918976,0.06093330308794975,0.672486424446106,0.39089903235435486,-0.34711286425590515,0.619584321975708,0.39701369404792786,0.05293084308505058,0.5900750756263733,0.4208771884441376,-0.4248298108577728,0.5573346614837646,0.43190330266952515,-0.09471213072538376,0.5701326131820679,0.434987336397171,-0.4671696126461029,0.5337220430374146,0.44530707597732544,-0.11356701701879501,0.5668968558311462,0.43189340829849243,-0.4530567526817322,0.5339473485946655,0.4442867338657379,-0.14497388899326324,0.5746153593063354,0.4293192923069,-0.4213322699069977,0.5415019989013672,0.4402531385421753,-0.11355271190404892,0.7399598360061646,0.5783087611198425,-0.10449732840061188,0.701507031917572,0.5588632225990295,0.10434241592884064,0.6230257749557495,0.533403754234314,-0.31413692235946655,0.5910729765892029,0.49941834807395935,-0.0019263161811977625,0.5450674891471863,0.7348769307136536,-0.35748958587646484,0.5200972557067871,0.7018092274665833,-0.039984382688999176,0.54603111743927,0.7869361639022827,-0.3632611930370331,0.5180463194847107,0.747955322265625,-0.04608388617634773,0.49337393045425415,0.7252103090286255,-0.45139598846435547,0.4633418619632721,0.6934353113174438,-0.10081471502780914,0,1
0.7198041677474976,0.23512977361679077,-0.0446898452937603,0.7273863554000854,0.21596266329288483,-0.04579653590917587,0.7320449352264404,0.21473215520381927,-0.04579034447669983,0.7367957830429077,0.2134833037853241,-0.04574080929160118,0.7205178141593933,0.2183016687631607,-0.023908641189336777,0.7194408178329468,0.21846584975719452,-0.02399250864982605,0.7181509733200073,0.21856334805488586,-0.024089671671390533,0.7518743276596069,0.22027577459812164,-0.02101179026067257,0.7261175513267517,0.22385044395923615,0.07815300673246384,0.7287954092025757,0.2527588903903961,-0.03454843908548355,0.7196115255355835,0.25363898277282715,-0.0056423647329211235,0.7843145132064819,0.315104216337204,-0.10174000263214111,0.7117003202438354,0.3283791244029999,0.17826023697853088,0.7216376066207886,0.39491480588912964,-0.22590310871601105,0.6523491144180298,0.3980191946029663,0.18058213591575623,0.6348150968551636,0.41994529962539673,-0.3086093068122864,0.5914551019668579,0.42793557047843933,0.03977298364043236,0.6140422224998474,0.43161481618881226,-0.34055188298225403,0.5675748586654663,0.43786948919296265,0.02298498898744583,0.6107991933822632,0.42565298080444336,-0.3332393765449524,0.5706837773323059,0.43538492918014526,0.000701721350196749,0.6183048486709595,0.4252227246761322,-0.3054840564727783,0.5788673162460327,0.4336547553539276,0.024813655763864517,0.7627594470977783,0.5784119963645935,-0.10130144655704498,0.7201276421546936,0.5602511763572693,0.10117864608764648,0.6369649767875671,0.5615370273590088,-0.24088194966316223,0.6089096069335938,0.5232770442962646,-0.012884040363132954,0.5463531017303467,0.743721604347229,-0.32558494806289673,0.5217916965484619,0.6965475082397461,-0.09381933510303497,0.5450729727745056,0.7927904725074768,-0.3298211991786957,0.5148612260818481,0.7309542894363403,-0.10285880416631699,0.49289649724960327,0.7297600507736206,-0.40409189462661743,0.4614119529724121,0.6658615469932556,-0.15797165036201477,0,1
0.7451629638671875,0.25192153453826904,0.0491022989153862,0.7517800331115723,0.23417647182941437,0.050017453730106354,0.7555009722709656,0.23264329135417938,0.050007712095975876,0.76024329662323,0.23112966120243073,0.050038158893585205,0.7450000643730164,0.23633672297000885,0.07004638761281967,0.7435964345932007,0.23670457303524017,0.06995874643325806,0.7423720359802246,0.2370847761631012,0.06986935436725616,0.7781849503517151,0.23410099744796753,0.06801018118858337,0.752679705619812,0.23972120881080627,0.1576002985239029,0.7535119652748108,0.27069753408432007,0.055299270898103714,0.7466317415237427,0.2731121778488159,0.08154966682195663,0.8114001154899597,0.3188793957233429,-0.014673806726932526,0.7389928698539734,0.3293474018573761,0.21375510096549988,0.77655428647995,0.41038620471954346,-0.14304867386817932,0.6757270693778992,0.4096713662147522,0.20178623497486115,0.6944368481636047,0.41682159900665283,-0.24147562682628632,0.6186330914497375,0.42575886845588684,0.06688676029443741,0.6744864583015442,0.42805150151252747,-0.27092570066452026,0.6012803316116333,0.43489718437194824,0.04506858438253403,0.6686980128288269,0.421895295381546,-0.2686944603919983,0.6038557291030884,0.43089696764945984,0.02484816685318947,0.6763640642166138,0.4206051826477051,-0.24023742973804474,0.6118764877319336,0.4297689199447632,0.05209463834762573,0.7766926884651184,0.5731948018074036,-0.07812277227640152,0.7326704859733582,0.5523741841316223,0.07812945544719696,0.6545287370681763,0.5960426926612854,-0.22314763069152832,0.6251927614212036,0.5581185221672058,-0.06459503620862961,0.5531401634216309,0.7572664618492126,-0.35219210386276245,0.5265601277351379,0.6963862776756287,-0.19959935545921326,0.5463274121284485,0.8022075891494751,-0.3649044930934906,0.5150777101516724,0.7275834679603577,-0.21439175307750702,0.49403780698776245,0.7315154075622559,-0.45145708322525024,0.46309447288513184,0.6615134477615356,-0.2724674344062805,0,1
0.7574580907821655,0.26721885800361633,0.05739741772413254,0.7624577283859253,0.2486126571893692,0.05923592299222946,0.7663608193397522,0.24610535800457,0.05921994894742966,0.7713989615440369,0.2427351176738739,0.05915408581495285,0.7555158734321594,0.2513740658760071,0.07938280701637268,0.7539315223693848,0.25196632742881775,0.07938457280397415,0.7525647282600403,0.25289830565452576,0.0793461874127388,0.7904160618782043,0.24202194809913635,0.08357594162225723,0.7623578310012817,0.2548019289970398,0.17707988619804382,0.7675705552101135,0.2819351851940155,0.06628559529781342,0.7593583464622498,0.2849491238594055,0.09353507310152054,0.8310419321060181,0.3300618529319763,0.02820451557636261,0.7504103779792786,0.3384127914905548,0.22198760509490967,0.8084599375724792,0.4610211253166199,-0.011951158754527569,0.7072286605834961,0.43725457787513733,0.20900848507881165,0.7326465845108032,0.43008631467819214,-0.01761302538216114,0.6624781489372253,0.4351840019226074,0.05437745898962021,0.7137094140052795,0.43930965662002563,-0.03262341395020485,0.648120105266571,0.43803125619888306,0.019302809610962868,0.7108105421066284,0.4254758954048157,-0.0326971635222435,0.6494683623313904,0.43304651975631714,0.005793318152427673,0.7165168523788452,0.4248727560043335,-0.01439712755382061,0.6569771766662598,0.4336269497871399,0.040405452251434326,0.7804644107818604,0.5687216520309448,-0.07035308331251144,0.7355976700782776,0.5465381145477295,0.07039019465446472,0.665758490562439,0.6143115758895874,-0.2023683339357376,0.6340563297271729,0.5670666098594666,-0.053434617817401886,0.5600855350494385,0.7641700506210327,-0.3369859755039215,0.5283462405204773,0.6984997391700745,-0.18223626911640167,0.5496672987937927,0.8068956136703491,-0.34838178753852844,0.5182409286499023,0.7352971434593201,-0.19655713438987732,0.4940028786659241,0.7423219680786133,-0.43054571747779846,0.4654296040534973,0.6623944044113159,-0.24928143620491028,0,1
0.7575320601463318,0.26779457926750183,0.029750484973192215,0.7632060647010803,0.2498137652873993,0.029694437980651855,0.767076313495636,0.2477135956287384,0.029688987880945206,0.7718445658683777,0.24496112763881683,0.029728403314948082,0.7558006048202515,0.252311110496521,0.05259641259908676,0.7542706727981567,0.25276994705200195,0.05249064415693283,0.7530452609062195,0.25336751341819763,0.052436210215091705,0.7893379330635071,0.24166472256183624,0.053483784198760986,0.7622205018997192,0.2571207880973816,0.14573828876018524,0.7674773931503296,0.28297266364097595,0.035643644630908966,0.7594639658927917,0.28503942489624023,0.06336867064237595,0.8325050473213196,0.3295004069805145,0.022148821502923965,0.7549079060554504,0.34149491786956787,0.205312579870224,0.8454087376594543,0.48395779728889465,-0.027619818225502968,0.738896906375885,0.4643568694591522,0.21184141933918,0.7665097713470459,0.44583460688591003,-0.08496048301458359,0.702359139919281,0.44331789016723633,0.05521262437105179,0.7446562051773071,0.44786500930786133,-0.10578429698944092,0.6852463483810425,0.4427436292171478,0.024069609120488167,0.7445799112319946,0.43187636137008667,-0.10146509110927582,0.6840716600418091,0.43489086627960205,0.008033908903598785,0.7485585808753967,0.4317081570625305,-0.08098675310611725,0.6905601024627686,0.4356147050857544,0.041694894433021545,0.7805203199386597,0.5691626071929932,-0.06924004852771759,0.7359645962715149,0.5476314425468445,0.06932513415813446,0.6655151844024658,0.6171658635139465,-0.2218134105205536,0.6355475187301636,0.578099250793457,-0.06588222086429596,0.560434877872467,0.7626441121101379,-0.325907438993454,0.5351515412330627,0.6991727352142334,-0.17668288946151733,0.5495991110801697,0.8064892292022705,-0.3360503911972046,0.5264069437980652,0.7427974343299866,-0.1896640658378601,0.4912201464176178,0.7426251173019409,-0.42921894788742065,0.46683597564697266,0.6662771105766296,-0.25167056918144226,0,1
0.7533696889877319,0.26469916105270386,-0.021304529160261154,0.7601100206375122,0.24647507071495056,-0.0189887173473835,0.7639636993408203,0.24458836019039154,-0.019001971930265427,0.768624484539032,0.242219015955925,-0.019051652401685715,0.7529930472373962,0.24917736649513245,-0.0010012887651100755,0.7515068054199219,0.24965885281562805,-0.0010178948286920786,0.7502572536468506,0.2499333769083023,-0.0010781126329675317,0.7864640951156616,0.2404218316078186,0.021372582763433456,0.7609902620315552,0.2538466453552246,0.10490602254867554,0.7630892992019653,0.28061527013778687,-0.00550571084022522,0.754828155040741,0.2819720506668091,0.01916385628283024,0.8308382034301758,0.33020102977752686,0.015424981713294983,0.7519248723983765,0.3420765697956085,0.16814202070236206,0.8672903180122375,0.47608909010887146,-0.057718515396118164,0.7329429388046265,0.46417805552482605,0.11492003500461578,0.7904350757598877,0.4562264680862427,-0.141161248087883,0.7071544528007507,0.45152994990348816,-0.08914884179830551,0.7692509889602661,0.4560414254665375,-0.1576841175556183,0.6998909711837769,0.45311906933784485,-0.12656767666339874,0.7662716507911682,0.4397929310798645,-0.1409369707107544,0.7042890787124634,0.44081825017929077,-0.12753498554229736,0.7707751989364624,0.440718412399292,-0.13327772915363312,0.7090016603469849,0.44064217805862427,-0.0963350385427475,0.7806427478790283,0.5682884454727173,-0.06793326884508133,0.7399851679801941,0.5476238131523132,0.06803680956363678,0.6622426509857178,0.6130564212799072,-0.20090250670909882,0.6360341310501099,0.5712788105010986,-0.07955122739076614,0.5599488615989685,0.7622783184051514,-0.32773542404174805,0.5338929891586304,0.7013787031173706,-0.20685473084449768,0.5481153130531311,0.8066791296005249,-0.34184759855270386,0.5267658829689026,0.7512715458869934,-0.2217574417591095,0.4887360632419586,0.7423509359359741,-0.44782528281211853,0.47140440344810486,0.6714867353439331,-0.289680540561676,0,1
0.7510005831718445,0.2566099464893341,-0.064295694231987,0.7577404975891113,0.238586887717247,-0.06423373520374298,0.7616773843765259,0.23717999458312988,-0.06426787376403809,0.7662540674209595,0.23556259274482727,-0.06428758800029755,0.7509433627128601,0.2410603016614914,-0.04474509879946709,0.7496197819709778,0.24150808155536652,-0.0447908453643322,0.7484392523765564,0.24160178005695343,-0.04483792930841446,0.7840782403945923,0.23652403056621552,-0.03834903985261917,0.7602486610412598,0.245953768491745,0.05126196891069412,0.7606633901596069,0.2732411026954651,-0.05319485068321228,0.7526291608810425,0.2740495502948761,-0.027113039046525955,0.8277016878128052,0.33193832635879517,-0.06692430377006531,0.7494999170303345,0.34290340542793274,0.14015944302082062,0.8449424505233765,0.4880790710449219,-0.12335532903671265,0.7342866659164429,0.4636633098125458,0.14477266371250153,0.7667719125747681,0.48506924510002136,-0.17538593709468842,0.6942008137702942,0.48267486691474915,-0.0037357830442488194,0.7437470555305481,0.49281740188598633,-0.19878622889518738,0.6819496750831604,0.48962652683258057,-0.029086250811815262,0.7449687719345093,0.4806678295135498,-0.19229647517204285,0.6834360361099243,0.47790074348449707,-0.04588265344500542,0.7495033740997314,0.47578850388526917,-0.1703675091266632,0.6891738772392273,0.4732954204082489,-0.016958151012659073,0.78199702501297,0.5766825675964355,-0.07350162416696548,0.7422143816947937,0.5520699620246887,0.07363000512123108,0.6610764265060425,0.6079815626144409,-0.2107618749141693,0.6373230218887329,0.5698832869529724,-0.06738628447055817,0.5588188767433167,0.7596014142036438,-0.2934851050376892,0.5356343984603882,0.7008957266807556,-0.15399278700351715,0.5485632419586182,0.8061196804046631,-0.30341464281082153,0.5276532769203186,0.7423204183578491,-0.16500981152057648,0.49484094977378845,0.7331836223602295,-0.39384573698043823,0.47152766585350037,0.670329213142395,-0.2229708731174469,0,1
0.7443783283233643,0.24909237027168274,-0.08071927726268768,0.7528822422027588,0.23215387761592865,-0.0826822966337204,0.7570346593856812,0.23052829504013062,-0.08271779865026474,0.7613063454627991,0.22850896418094635,-0.08270331472158432,0.744902491569519,0.2339787781238556,-0.060996513813734055,0.7432425022125244,0.23422887921333313,-0.06107188016176224,0.7417711019515991,0.2342747151851654,-0.061129797250032425,0.7770909667015076,0.23243965208530426,-0.06978509575128555,0.7544355392456055,0.2386023998260498,0.02687540091574192,0.7545918226242065,0.26600268483161926,-0.0756702870130539,0.7456437349319458,0.26812395453453064,-0.0474022701382637,0.8179630041122437,0.33596161007881165,-0.12586477398872375,0.741934061050415,0.3448258936405182,0.11905078589916229,0.8030193448066711,0.4969993233680725,-0.20269501209259033,0.7107357978820801,0.46551916003227234,0.11662431806325912,0.7231992483139038,0.5241050720214844,-0.25546374917030334,0.6557447910308838,0.4961157441139221,-0.036829158663749695,0.7015551328659058,0.5403189063072205,-0.28426700830459595,0.6396808624267578,0.5109193921089172,-0.061187781393527985,0.6966285705566406,0.5265738368034363,-0.2782004773616791,0.6397697925567627,0.5019558072090149,-0.08287733793258667,0.7016195058822632,0.5221079587936401,-0.2517086863517761,0.6463648080825806,0.499786913394928,-0.05277383327484131,0.77967768907547,0.5906503796577454,-0.0834234207868576,0.7398167252540588,0.5676173567771912,0.08355945348739624,0.659332811832428,0.5920748114585876,-0.21143047511577606,0.6355398297309875,0.5605564117431641,-0.06133667379617691,0.5570998787879944,0.7574679851531982,-0.2728290557861328,0.5363229513168335,0.7023205757141113,-0.13239435851573944,0.5488797426223755,0.8003228306770325,-0.2802432179450989,0.5329840183258057,0.7411773800849915,-0.14175604283809662,0.49114394187927246,0.7227252721786499,-0.36419445276260376,0.4734060764312744,0.6732791662216187,-0.19963254034519196,0,1
0.7314859628677368,0.2396112084388733,-0.07810549437999725,0.7403093576431274,0.22328075766563416,-0.07694137096405029,0.7441524267196655,0.22216780483722687,-0.07697197049856186,0.7480633854866028,0.22087261080741882,-0.07695247232913971,0.7324894666671753,0.2253125011920929,-0.0565127432346344,0.7306946516036987,0.22541457414627075,-0.05659282207489014,0.7287604212760925,0.2254205346107483,-0.056661177426576614,0.7637062072753906,0.22768037021160126,-0.05425945669412613,0.738798975944519,0.2316993921995163,0.03638496249914169,0.7405108213424683,0.25679269433021545,-0.07013419270515442,0.7311116456985474,0.25669559836387634,-0.043793030083179474,0.7987549304962158,0.33606311678886414,-0.11482761055231094,0.7224553227424622,0.3447086215019226,0.12616178393363953,0.7736243009567261,0.49362432956695557,-0.20329220592975616,0.6839808821678162,0.46504735946655273,0.11010424792766571,0.6909680962562561,0.5161263942718506,-0.26013290882110596,0.6284770369529724,0.4911860525608063,-0.052717309445142746,0.6680973768234253,0.5294560194015503,-0.28804609179496765,0.6128776669502258,0.5063292384147644,-0.07763059437274933,0.6666052937507629,0.5191043615341187,-0.28203335404396057,0.6131960153579712,0.5002334713935852,-0.09980878233909607,0.6737351417541504,0.5131176710128784,-0.2566775381565094,0.6198992729187012,0.49642953276634216,-0.06869523972272873,0.7680311799049377,0.5889219641685486,-0.08700788021087646,0.726986825466156,0.5701035857200623,0.08707568049430847,0.649601399898529,0.5620700120925903,-0.25577911734580994,0.6247560977935791,0.5388410091400146,-0.07847794890403748,0.5557013750076294,0.7433481812477112,-0.34214913845062256,0.5360389947891235,0.7041325569152832,-0.1827021837234497,0.549007773399353,0.7963845729827881,-0.3512252867221832,0.5300592184066772,0.7416307926177979,-0.19531455636024475,0.4889191687107086,0.7132682800292969,-0.44268789887428284,0.47211092710494995,0.6729252934455872,-0.26228567957878113,0,1
0.7162193059921265,0.2331932932138443,-0.07252661883831024,0.725146472454071,0.21689440310001373,-0.06827959418296814,0.7288375496864319,0.21643508970737457,-0.06828347593545914,0.7331576347351074,0.21551848948001862,-0.06822685897350311,0.7173192501068115,0.21790722012519836,-0.0501955971121788,0.7155207395553589,0.21804679930210114,-0.05028589814901352,0.7137948274612427,0.21818502247333527,-0.050355106592178345,0.7494996190071106,0.22493502497673035,-0.04016122221946716,0.7236760854721069,0.2270067185163498,0.03897431492805481,0.7253654599189758,0.2513471245765686,-0.06319299340248108,0.7160646319389343,0.2506125271320343,-0.04083472117781639,0.7824456095695496,0.33514103293418884,-0.10908470302820206,0.7053692936897278,0.34075021743774414,0.13150669634342194,0.7412874102592468,0.47624266147613525,-0.18614636361598969,0.6592264175415039,0.45776939392089844,0.1285126507282257,0.6522589921951294,0.4994523823261261,-0.2270776927471161,0.6058339476585388,0.48255547881126404,-0.0053571793250739574,0.626657247543335,0.5085776448249817,-0.25107061862945557,0.5854462385177612,0.4945640563964844,-0.02361353673040867,0.6259872913360596,0.5007416605949402,-0.24404756724834442,0.5839985609054565,0.48846694827079773,-0.04532567411661148,0.6342087984085083,0.49886494874954224,-0.22271235287189484,0.5932331085205078,0.4863952100276947,-0.019573956727981567,0.7524948120117188,0.5851187705993652,-0.08898618817329407,0.7112911343574524,0.5667588114738464,0.08896256238222122,0.6428697109222412,0.534180223941803,-0.27286195755004883,0.6086777448654175,0.509595513343811,-0.0401349738240242,0.5561562776565552,0.7370255589485168,-0.349417507648468,0.5352985262870789,0.7000772953033447,-0.10511843860149384,0.5531622171401978,0.7893825173377991,-0.35757094621658325,0.533565878868103,0.7331288456916809,-0.11286932229995728,0.496389776468277,0.7179776430130005,-0.45138755440711975,0.471520334482193,0.6735594272613525,-0.16537800431251526,0,1
0.7005060911178589,0.22639544308185577,-0.08428662270307541,0.709307849407196,0.21130560338497162,-0.07840543985366821,0.7133448123931885,0.2111654132604599,-0.07838521152734756,0.7178598642349243,0.21094031631946564,-0.07829310745000839,0.70182865858078,0.21116423606872559,-0.058145105838775635,0.7001659274101257,0.2112434208393097,-0.05822373554110527,0.6986052393913269,0.21134839951992035,-0.05830081179738045,0.7337458729743958,0.2225387990474701,-0.03634252771735191,0.7086066007614136,0.2215917557477951,0.05364932864904404,0.7085171937942505,0.2455008625984192,-0.07041548192501068,0.6997171640396118,0.24562276899814606,-0.04425720125436783,0.7611743807792664,0.3292420506477356,-0.11514192819595337,0.6868003010749817,0.3372049331665039,0.1551644504070282,0.705943763256073,0.44757261872291565,-0.19755946099758148,0.6334980726242065,0.44535720348358154,0.18546029925346375,0.6236175894737244,0.49706628918647766,-0.24552014470100403,0.5734508037567139,0.4762935936450958,0.08450233936309814,0.6044754385948181,0.5069410800933838,-0.27547818422317505,0.55784010887146,0.48670199513435364,0.07324185222387314,0.6015928983688354,0.4981674253940582,-0.27291303873062134,0.5571199655532837,0.48276257514953613,0.046692244708538055,0.6057611703872681,0.49494072794914246,-0.24345965683460236,0.5634850859642029,0.48109254240989685,0.06985713541507721,0.740697979927063,0.5834165215492249,-0.09855841845273972,0.7006124258041382,0.5618587732315063,0.09835304319858551,0.6348305344581604,0.5290217995643616,-0.3123232424259186,0.5960577726364136,0.504905641078949,-0.015995975583791733,0.5551075339317322,0.7355196475982666,-0.36387744545936584,0.5322898626327515,0.6947667598724365,-0.06040915846824646,0.5542954802513123,0.7843410968780518,-0.36838191747665405,0.5229492783546448,0.7348761558532715,-0.06646443158388138,0.494771808385849,0.7174752950668335,-0.44575586915016174,0.4714885652065277,0.6782878041267395,-0.11752338707447052,0,1
0.6810663342475891,0.22135105729103088,-0.10697604715824127,0.6903738975524902,0.20723728835582733,-0.10489828884601593,0.694325864315033,0.2072921097278595,-0.10488621145486832,0.6987911462783813,0.2073267549276352,-0.10481198877096176,0.6830564737319946,0.20671479403972626,-0.08312869071960449,0.6817098259925842,0.20679663121700287,-0.08321379870176315,0.6805080771446228,0.20676174759864807,-0.08328757435083389,0.7138561010360718,0.22024685144424438,-0.07623212039470673,0.6892110109329224,0.21826981008052826,0.019372181966900826,0.6869792342185974,0.243161141872406,-0.09706645458936691,0.6796842813491821,0.24296057224273682,-0.06861016899347305,0.7393718957901001,0.3247787654399872,-0.145481139421463,0.6650750637054443,0.3367120027542114,0.12073063850402832,0.6819317936897278,0.43726983666419983,-0.222015380859375,0.6066943407058716,0.43548867106437683,0.1637708991765976,0.6034518480300903,0.49864986538887024,-0.2590623199939728,0.5453523993492126,0.4754798114299774,0.06843120604753494,0.5845985412597656,0.5222617387771606,-0.2919292151927948,0.5310599207878113,0.4867733418941498,0.056521736085414886,0.5823396444320679,0.514910876750946,-0.2890094220638275,0.5308893322944641,0.48502323031425476,0.027791708707809448,0.5850399732589722,0.5048273205757141,-0.2580175995826721,0.5370948314666748,0.4824138283729553,0.05256516486406326,0.7268014550209045,0.5835727453231812,-0.10128001868724823,0.6858482956886292,0.5633689761161804,0.10106994956731796,0.621971607208252,0.526986300945282,-0.3264271318912506,0.5844520926475525,0.5018905401229858,-0.013509929180145264,0.5496941208839417,0.7300333380699158,-0.39841771125793457,0.5281177759170532,0.6921730637550354,-0.06690795719623566,0.550277590751648,0.7796586155891418,-0.4051714837551117,0.5185015797615051,0.7366981506347656,-0.07315710932016373,0.4913654923439026,0.7199221253395081,-0.4928646981716156,0.4699365198612213,0.6786197423934937,-0.11900059878826141,0,1
0.6610528230667114,0.21774622797966003,-0.20131096243858337,0.6698629260063171,0.20316414535045624,-0.20225048065185547,0.6739228367805481,0.20330020785331726,-0.20221392810344696,0.6787274479866028,0.20381075143814087,-0.20215260982513428,0.6634522080421448,0.20235294103622437,-0.17875389754772186,0.662227988243103,0.20228756964206696,-0.17884697020053864,0.6609336137771606,0.20220674574375153,-0.17891967296600342,0.6944109201431274,0.21898405253887177,-0.16788963973522186,0.6705039739608765,0.2137245535850525,-0.06279012560844421,0.6672556400299072,0.24102626740932465,-0.18808241188526154,0.6593230962753296,0.240194171667099,-0.15749762952327728,0.7162796854972839,0.3250475525856018,-0.2280343472957611,0.6476056575775146,0.3357607424259186,0.062429118901491165,0.6434557437896729,0.44194304943084717,-0.29485470056533813,0.5825486183166504,0.43074530363082886,0.07919839769601822,0.5660383105278015,0.49477386474609375,-0.30743640661239624,0.5213090777397156,0.4743419289588928,-0.03295595943927765,0.5398605465888977,0.5195119380950928,-0.3429229259490967,0.503516435623169,0.4872269630432129,-0.05131451413035393,0.5371384024620056,0.5144065022468567,-0.34001168608665466,0.5049735307693481,0.4878530204296112,-0.08429836481809616,0.5462139844894409,0.5063060522079468,-0.3068808317184448,0.5114964842796326,0.4852074980735779,-0.051943421363830566,0.7099717259407043,0.5876551866531372,-0.10707668215036392,0.670587420463562,0.5694244503974915,0.10682417452335358,0.5988345742225647,0.5091901421546936,-0.3229813575744629,0.5633184313774109,0.49373969435691833,0.012132417410612106,0.5428259968757629,0.7282546162605286,-0.38280683755874634,0.5187299847602844,0.6947776079177856,-0.03103705681860447,0.5460072755813599,0.7854719161987305,-0.3848060369491577,0.5172346830368042,0.7380876541137695,-0.037257883697748184,0.47932013869285583,0.7245408892631531,-0.4750124514102936,0.4658419191837311,0.686296820640564,-0.09163205325603485,0,1
0.6402600407600403,0.21514049172401428,-0.23155450820922852,0.6488626599311829,0.20132705569267273,-0.23645463585853577,0.6526182889938354,0.20138011872768402,-0.2364427149295807,0.6570132970809937,0.20173177123069763,-0.2363934963941574,0.643004834651947,0.20016594231128693,-0.21006126701831818,0.6421689391136169,0.1997966170310974,-0.2101532220840454,0.6412248611450195,0.19937007129192352,-0.21022328734397888,0.6738703846931458,0.21731562912464142,-0.21364493668079376,0.6515861749649048,0.2100355178117752,-0.09618031233549118,0.6463314294815063,0.23932990431785583,-0.22238659858703613,0.6389766931533813,0.23767204582691193,-0.1881902515888214,0.695885181427002,0.32515376806259155,-0.27374568581581116,0.6288212537765503,0.3355942964553833,0.031560175120830536,0.6231185793876648,0.4390116333961487,-0.3550300598144531,0.5605155229568481,0.4275997579097748,0.0391589030623436,0.5414729118347168,0.48400387167930603,-0.3768720030784607,0.49705591797828674,0.47670236229896545,-0.08529431372880936,0.5186802744865417,0.5075669288635254,-0.4182617664337158,0.48168468475341797,0.4869087338447571,-0.10544312000274658,0.5103825330734253,0.49921295046806335,-0.41371768712997437,0.48144984245300293,0.48739442229270935,-0.1393035501241684,0.5163940191268921,0.4913942515850067,-0.376380056142807,0.4879654049873352,0.48544007539749146,-0.10542643070220947,0.6904100775718689,0.5899410843849182,-0.10699335485696793,0.6513180732727051,0.5712630152702332,0.10677363723516464,0.5920284986495972,0.501254677772522,-0.34409958124160767,0.5500077605247498,0.47828978300094604,0.010297087952494621,0.5399670004844666,0.7314774394035339,-0.35712510347366333,0.5168595314025879,0.697314977645874,-0.004811880644410849,0.5429187417030334,0.785586953163147,-0.3577210307121277,0.5146220922470093,0.7375323176383972,-0.009162530303001404,0.4763714373111725,0.7257096171379089,-0.44767847657203674,0.46194759011268616,0.699617862701416,-0.06860384345054626,0,1
0.6199796199798584,0.2095409631729126,-0.2565147280693054,0.6292259693145752,0.19526736438274384,-0.2625371217727661,0.6333726644515991,0.19605109095573425,-0.26253944635391235,0.6379531621932983,0.19719506800174713,-0.26251164078712463,0.6230186223983765,0.19353343546390533,-0.2342938482761383,0.6221908926963806,0.1931464523077011,-0.23436586558818817,0.6214057207107544,0.19286520779132843,-0.23443832993507385,0.6546672582626343,0.21447105705738068,-0.24281160533428192,0.6328574419021606,0.2054423689842224,-0.1169205754995346,0.6258362531661987,0.23485390841960907,-0.24864821135997772,0.618568480014801,0.23228618502616882,-0.21200382709503174,0.6744769215583801,0.3256641626358032,-0.30713120102882385,0.6094850897789001,0.3356124758720398,0.013315456919372082,0.5907875895500183,0.44217202067375183,-0.3951411545276642,0.5419906973838806,0.42674195766448975,0.03018757700920105,0.4976261556148529,0.49257659912109375,-0.41775989532470703,0.4716295301914215,0.48231738805770874,-0.07585778087377548,0.47649019956588745,0.5088759660720825,-0.4643019735813141,0.45609307289123535,0.48927947878837585,-0.09357132017612457,0.4712733328342438,0.499054491519928,-0.4548725187778473,0.45602259039878845,0.490225613117218,-0.1319831758737564,0.4771849513053894,0.49624353647232056,-0.4159228205680847,0.4629809260368347,0.4911941587924957,-0.09744797646999359,0.668735682964325,0.5954650640487671,-0.10625191032886505,0.628797173500061,0.5821175575256348,0.10600478947162628,0.5725945830345154,0.46937477588653564,-0.3459646701812744,0.528647243976593,0.458911269903183,0.009751884266734123,0.5382559895515442,0.7180571556091309,-0.28324612975120544,0.5148799419403076,0.6942574977874756,-0.006115934811532497,0.5436064600944519,0.7763956785202026,-0.27824240922927856,0.5266578197479248,0.7351080775260925,-0.009741910733282566,0.4808013439178467,0.7276347875595093,-0.3503675162792206,0.46094846725463867,0.7139099836349487,-0.06906844675540924,0,1
0.6012758612632751,0.20602767169475555,-0.2422589808702469,0.6115826964378357,0.19208160042762756,-0.251760870218277,0.6157716512680054,0.1928626000881195,-0.25178855657577515,0.6201868057250977,0.1940673589706421,-0.251782089471817,0.6053402423858643,0.19094884395599365,-0.2199350893497467,0.6045457720756531,0.1906704306602478,-0.21998044848442078,0.6038858294487,0.190410315990448,-0.22004549205303192,0.6353771090507507,0.21173129975795746,-0.24579313397407532,0.6167652606964111,0.20348836481571198,-0.10320842266082764,0.6067315936088562,0.23065602779388428,-0.23910696804523468,0.5999241471290588,0.2277417927980423,-0.197809100151062,0.6548062562942505,0.3256300389766693,-0.3227434456348419,0.5928090214729309,0.3350146412849426,0.02665228210389614,0.5656510591506958,0.4419855773448944,-0.41533929109573364,0.5258485078811646,0.4263370633125305,0.050813574343919754,0.4679430425167084,0.49266326427459717,-0.4328835606575012,0.45286568999290466,0.48498597741127014,-0.049369316548109055,0.44865626096725464,0.5077947378158569,-0.48211073875427246,0.43390947580337524,0.4918614327907562,-0.06398206204175949,0.44368690252304077,0.4991568326950073,-0.47117361426353455,0.4364674687385559,0.4917915463447571,-0.10477317869663239,0.4509156346321106,0.49664920568466187,-0.4304898679256439,0.44183534383773804,0.49407997727394104,-0.07219971716403961,0.6511722803115845,0.599387526512146,-0.11094019562005997,0.611003041267395,0.5884895920753479,0.1107114925980568,0.5472800731658936,0.4639858603477478,-0.30790796875953674,0.5160237550735474,0.45070305466651917,0.022771237418055534,0.5361714959144592,0.706319272518158,-0.21379883587360382,0.5193858742713928,0.6825997829437256,0.010167871601879597,0.5413142442703247,0.7610176205635071,-0.2040400505065918,0.5302420854568481,0.7245559692382812,0.0062800743617117405,0.4847536087036133,0.7218949794769287,-0.2583077847957611,0.46822601556777954,0.7110752463340759,-0.04838115721940994,0,1
0.5845706462860107,0.2056206315755844,-0.21395480632781982,0.5942620038986206,0.191817969083786,-0.2262774407863617,0.5980123281478882,0.19224834442138672,-0.22632479667663574,0.6022030115127563,0.1930231750011444,-0.22632722556591034,0.5890571475028992,0.19099292159080505,-0.19136379659175873,0.5886151194572449,0.1906658113002777,-0.19139690697193146,0.5883158445358276,0.190286785364151,-0.1914442479610443,0.6190751194953918,0.21019013226032257,-0.22279222309589386,0.6029520034790039,0.2030678242444992,-0.07113593071699142,0.5902007818222046,0.2282448261976242,-0.2154597043991089,0.5842058658599854,0.2254716455936432,-0.16995249688625336,0.6369948983192444,0.325295627117157,-0.3030964136123657,0.5805544257164001,0.3343101739883423,0.08233928680419922,0.5431475639343262,0.43596068024635315,-0.38965916633605957,0.5157751441001892,0.42453858256340027,0.13818424940109253,0.45359641313552856,0.4928135871887207,-0.40163135528564453,0.4409489631652832,0.4857248067855835,0.05554138869047165,0.43054237961769104,0.5113643407821655,-0.44617390632629395,0.42497414350509644,0.4955660104751587,0.0488826222717762,0.4275785982608795,0.5018242597579956,-0.4382311701774597,0.42464739084243774,0.496717631816864,0.009190760552883148,0.43447571992874146,0.49807560443878174,-0.4002562463283539,0.43107566237449646,0.4956935942173004,0.03511634096503258,0.6354693174362183,0.6035382747650146,-0.12083866447210312,0.5966235995292664,0.5982498526573181,0.1205412968993187,0.521349310874939,0.458292692899704,-0.22516116499900818,0.49558767676353455,0.44868430495262146,0.09325529634952545,0.5264183878898621,0.6925833225250244,-0.05254571512341499,0.5199683904647827,0.665582001209259,0.11163701117038727,0.5431709289550781,0.7301003932952881,-0.03149936720728874,0.5344139933586121,0.7110550403594971,0.11258465051651001,0.48056674003601074,0.7250171899795532,-0.026626989245414734,0.47313156723976135,0.7113734483718872,0.0938296988606453,0,1
0.5697484016418457,0.20219412446022034,-0.23576614260673523,0.5805753469467163,0.18883559107780457,-0.24232032895088196,0.5845006704330444,0.1892683506011963,-0.24236424267292023,0.588753342628479,0.19007426500320435,-0.24235007166862488,0.5750924944877625,0.18796560168266296,-0.20833396911621094,0.5745677947998047,0.18757057189941406,-0.2083335816860199,0.5741972327232361,0.18708710372447968,-0.2083708792924881,0.6044155359268188,0.20758996903896332,-0.22188253700733185,0.588671088218689,0.2004980444908142,-0.0658823549747467,0.5749653577804565,0.22492480278015137,-0.22746217250823975,0.5689744353294373,0.2214183211326599,-0.18334615230560303,0.6198807954788208,0.32532212138175964,-0.3070130944252014,0.5646579265594482,0.33260542154312134,0.09111278504133224,0.5245181322097778,0.4355011284351349,-0.4024001955986023,0.4970633387565613,0.4266033470630646,0.13695839047431946,0.43295130133628845,0.4913162291049957,-0.41907843947410583,0.42732343077659607,0.48523086309432983,0.03405795618891716,0.41143861413002014,0.5150119066238403,-0.4666670262813568,0.40845179557800293,0.5025582909584045,0.024220585823059082,0.4088456630706787,0.5025004744529724,-0.4557608664035797,0.4072783887386322,0.4985262453556061,-0.016851680353283882,0.41523200273513794,0.49797025322914124,-0.41556280851364136,0.41359052062034607,0.49569523334503174,0.012814310379326344,0.6227761507034302,0.6079491376876831,-0.12545299530029297,0.5832952260971069,0.6009024977684021,0.12510466575622559,0.516923725605011,0.45688530802726746,-0.2655287981033325,0.48024192452430725,0.44507667422294617,0.07727589458227158,0.5254352688789368,0.6776880621910095,-0.046172864735126495,0.5337471961975098,0.66426020860672,0.0734492763876915,0.5403249263763428,0.700980007648468,-0.017789747565984726,0.5559658408164978,0.7011775970458984,0.07286207377910614,0.4840925335884094,0.7312694787979126,0.0010936723556369543,0.5173178315162659,0.7261995077133179,0.04484551399946213,0,1
0.5598538517951965,0.19769886136054993,-0.20573770999908447,0.5716403722763062,0.18408796191215515,-0.21735255420207977,0.574938952922821,0.1853661835193634,-0.21744892001152039,0.5783804655075073,0.18676698207855225,-0.21748101711273193,0.5669211149215698,0.1819695383310318,-0.1754836142063141,0.5666593909263611,0.18185478448867798,-0.17534036934375763,0.5665885806083679,0.18168877065181732,-0.17526733875274658,0.5917114019393921,0.20555953681468964,-0.20855844020843506,0.5797194242477417,0.19797419011592865,-0.046848054975271225,0.5632949471473694,0.22074665129184723,-0.2028549164533615,0.558487057685852,0.21739652752876282,-0.14661267399787903,0.6031781435012817,0.3259855806827545,-0.30781179666519165,0.554896354675293,0.33264097571372986,0.10934440046548843,0.5043710470199585,0.4306243360042572,-0.4088967442512512,0.48701900243759155,0.42646628618240356,0.13933831453323364,0.41180992126464844,0.49014395475387573,-0.43019142746925354,0.41211333870887756,0.48588287830352783,0.030129998922348022,0.39102351665496826,0.512865424156189,-0.4855204224586487,0.3923799693584442,0.5036892294883728,0.019986463710665703,0.3882687985897064,0.4994594156742096,-0.4705187678337097,0.390507310628891,0.4984149932861328,-0.022509630769491196,0.3950863182544708,0.49473893642425537,-0.42604437470436096,0.39721813797950745,0.49497395753860474,0.007654559798538685,0.6163769960403442,0.6108368635177612,-0.1339520961046219,0.5814018249511719,0.6043317317962646,0.13367965817451477,0.502098023891449,0.48071959614753723,-0.24912269413471222,0.4733901917934418,0.44655144214630127,0.10866167396306992,0.5185023546218872,0.6909821629524231,-0.016977041959762573,0.532796323299408,0.6863364577293396,0.11272214353084564,0.5340967774391174,0.7113659381866455,0.01189631037414074,0.5548602938652039,0.7139483094215393,0.11275272071361542,0.48886361718177795,0.7546547651290894,0.03560896962881088,0.5188807845115662,0.7438436150550842,0.09413622319698334,0,1
0.5573208928108215,0.19450202584266663,-0.16361118853092194,0.5692340135574341,0.18168021738529205,-0.17596577107906342,0.572365403175354,0.18306028842926025,-0.17601384222507477,0.5757082104682922,0.18449340760707855,-0.1760057955980301,0.5642972588539124,0.17942142486572266,-0.14073532819747925,0.5639822483062744,0.17935536801815033,-0.14072315394878387,0.5638962984085083,0.1792573779821396,-0.14075186848640442,0.5892105102539062,0.20435947179794312,-0.18085332214832306,0.5776732563972473,0.19654855132102966,-0.022813323885202408,0.5605257749557495,0.21754415333271027,-0.16461771726608276,0.555812418460846,0.21481379866600037,-0.1189434751868248,0.5998886823654175,0.32394975423812866,-0.28104016184806824,0.5555285215377808,0.3335912823677063,0.1203114241361618,0.5039094686508179,0.42428115010261536,-0.38714373111724854,0.48665571212768555,0.42541414499282837,0.13845983147621155,0.4123748242855072,0.470351904630661,-0.410247266292572,0.40654778480529785,0.47857803106307983,0.02337411418557167,0.38988927006721497,0.49105191230773926,-0.4628923833370209,0.3886696696281433,0.49241095781326294,0.011639803647994995,0.38729435205459595,0.48431122303009033,-0.44286614656448364,0.3874167203903198,0.4889027774333954,-0.032797835767269135,0.39482229948043823,0.48108693957328796,-0.40414175391197205,0.39381399750709534,0.48863378167152405,-0.00096598343225196,0.6166399717330933,0.6100626587867737,-0.13223117589950562,0.5841853618621826,0.6053588390350342,0.13196925818920135,0.4910252094268799,0.46857503056526184,-0.20419053733348846,0.4627382159233093,0.4805973470211029,0.1504683643579483,0.5206355452537537,0.6871243119239807,-0.00978690106421709,0.533900260925293,0.6792056560516357,0.18626122176647186,0.5406824350357056,0.7163325548171997,0.015046671032905579,0.5536733865737915,0.7022565603256226,0.1902886927127838,0.4838586747646332,0.7611998915672302,0.043833933770656586,0.524844765663147,0.7471479773521423,0.1905396431684494,0,1
0.5606082677841187,0.19519232213497162,-0.1608346849679947,0.5719500184059143,0.18118984997272491,-0.17381957173347473,0.5750901699066162,0.18263420462608337,-0.17386958003044128,0.5785343050956726,0.1841556280851364,-0.17386530339717865,0.5673617124557495,0.1791612207889557,-0.13848984241485596,0.5671769976615906,0.17904287576675415,-0.13848039507865906,0.5671969652175903,0.17891167104244232,-0.13851293921470642,0.592746376991272,0.2036077082157135,-0.17896772921085358,0.5812002420425415,0.19621582329273224,-0.020356785506010056,0.5641915202140808,0.21872243285179138,-0.16292400658130646,0.5595976114273071,0.2158087193965912,-0.11709871143102646,0.6050589680671692,0.32206475734710693,-0.2787170708179474,0.5599285960197449,0.3325325548648834,0.1260596364736557,0.5071404576301575,0.4126019775867462,-0.3870391249656677,0.490189790725708,0.41154661774635315,0.14457948505878448,0.4158720374107361,0.4477115571498871,-0.4178307056427002,0.409799188375473,0.4503573477268219,0.028679758310317993,0.39516133069992065,0.4683666229248047,-0.4707297384738922,0.38930851221084595,0.46336016058921814,0.016611726954579353,0.392002135515213,0.461886465549469,-0.45071014761924744,0.3888854682445526,0.462316632270813,-0.02553950622677803,0.3990078568458557,0.45843178033828735,-0.41138702630996704,0.39649122953414917,0.46210426092147827,0.005352693609893322,0.6182798743247986,0.6088104844093323,-0.1335260272026062,0.586084246635437,0.6050320267677307,0.13321346044540405,0.4937245845794678,0.4627563953399658,-0.2048337459564209,0.46469539403915405,0.47765570878982544,0.16384604573249817,0.5177566409111023,0.683322548866272,0.01058999728411436,0.5295730829238892,0.6679573655128479,0.1937490850687027,0.536819577217102,0.7173540592193604,0.038712359964847565,0.5438650846481323,0.6947401762008667,0.19711528718471527,0.4760931134223938,0.7695430517196655,0.06205257773399353,0.5069127678871155,0.7381830811500549,0.18721537292003632,0,1
0.5816212892532349,0.19596350193023682,-0.2130541354417801,0.593004584312439,0.18178248405456543,-0.21905072033405304,0.5963494181632996,0.18296584486961365,-0.21911025047302246,0.6001278758049011,0.18441487848758698,-0.2191149890422821,0.5869554281234741,0.18039470911026,-0.18706463277339935,0.5861804485321045,0.18025438487529755,-0.1870741993188858,0.5855895280838013,0.18016372621059418,-0.18709716200828552,0.614315390586853,0.20347082614898682,-0.20122845470905304,0.5986704230308533,0.19636200368404388,-0.05694148689508438,0.5861789584159851,0.21982216835021973,-0.206674724817276,0.5801842212677002,0.21713802218437195,-0.16469800472259521,0.6318758130073547,0.3204614222049713,-0.2884572446346283,0.5752084255218506,0.33150923252105713,0.0907437652349472,0.5451554656028748,0.40266329050064087,-0.39765602350234985,0.5091332197189331,0.4068337380886078,0.11223895847797394,0.44833627343177795,0.4377477765083313,-0.42939311265945435,0.4263371527194977,0.4498022794723511,-0.014953302219510078,0.42298951745033264,0.45656874775886536,-0.4803338944911957,0.4115648865699768,0.46199163794517517,-0.02943229116499424,0.41920167207717896,0.4495741128921509,-0.4642332196235657,0.4116312563419342,0.4602029025554657,-0.07083530724048615,0.4260457456111908,0.44585761427879333,-0.42485302686691284,0.41543203592300415,0.45968955755233765,-0.038097262382507324,0.6351737380027771,0.6019973754882812,-0.12790387868881226,0.5970054268836975,0.6011788845062256,0.1276388019323349,0.5216163396835327,0.46083199977874756,-0.23328712582588196,0.48937129974365234,0.46215125918388367,0.11982399225234985,0.5266461968421936,0.6845942735671997,-0.043358396738767624,0.5272695422172546,0.6690260767936707,0.1284565031528473,0.5445676445960999,0.7196070551872253,-0.0195771437138319,0.5460548400878906,0.7102733850479126,0.1277020424604416,0.47957220673561096,0.7249987125396729,-0.024287400767207146,0.4987686574459076,0.7207040786743164,0.10852763801813126,0,1
0.6128138899803162,0.19971439242362976,-0.235377699136734,0.6243727207183838,0.18472225964069366,-0.2411535084247589,0.6279269456863403,0.18549473583698273,-0.24118025600910187,0.6319574117660522,0.18664959073066711,-0.24117887020111084,0.6178125739097595,0.18408267199993134,-0.2105240523815155,0.6170076727867126,0.18403781950473785,-0.2105824500322342,0.6163861155509949,0.1841200739145279,-0.21062195301055908,0.6459585428237915,0.20379391312599182,-0.22048842906951904,0.6290343999862671,0.19780460000038147,-0.08182676136493683,0.6183266639709473,0.22412675619125366,-0.22718723118305206,0.612105667591095,0.22282661497592926,-0.1867625117301941,0.6669895052909851,0.32202309370040894,-0.2930164337158203,0.6076256036758423,0.3311592638492584,0.06568877398967743,0.5820908546447754,0.4041039049625397,-0.37601208686828613,0.5395976901054382,0.40384575724601746,0.10302089154720306,0.48667556047439575,0.44418206810951233,-0.3939518332481384,0.4687424302101135,0.4525842070579529,-0.0014970895135775208,0.4662875235080719,0.4598637819290161,-0.4410686492919922,0.45287036895751953,0.4649244546890259,-0.013014769181609154,0.46347156167030334,0.4521135091781616,-0.426988422870636,0.45267462730407715,0.46244537830352783,-0.054465025663375854,0.4697480797767639,0.4475210905075073,-0.3896354138851166,0.4582291543483734,0.46153661608695984,-0.024228550493717194,0.6660109758377075,0.5986384153366089,-0.1210852712392807,0.6280511617660522,0.5924344658851624,0.12088201195001602,0.5581101179122925,0.4637908637523651,-0.2811378836631775,0.5252578854560852,0.46801504492759705,0.06608589738607407,0.5374063849449158,0.7037420868873596,-0.19981251657009125,0.5115656852722168,0.684302031993866,0.07247442752122879,0.5472979545593262,0.7611611485481262,-0.1918381303548813,0.515239953994751,0.7249022722244263,0.07004215568304062,0.4834934175014496,0.7141504883766174,-0.24631230533123016,0.45003724098205566,0.7032850980758667,0.02667977847158909,0,1
0.6476618051528931,0.21085384488105774,-0.16352833807468414,0.6578944325447083,0.19593505561351776,-0.16233211755752563,0.6617467999458313,0.19611439108848572,-0.16233590245246887,0.6659643650054932,0.19638635218143463,-0.16228128969669342,0.6506863832473755,0.19563698768615723,-0.13891683518886566,0.6495282053947449,0.1954922378063202,-0.13898758590221405,0.64850252866745,0.195326566696167,-0.13905858993530273,0.6802046895027161,0.20949825644493103,-0.12549921870231628,0.6604779958724976,0.2044496089220047,-0.01795259490609169,0.6549324989318848,0.23492103815078735,-0.15001742541790009,0.6472106575965881,0.23387306928634644,-0.11884976923465729,0.7041873931884766,0.32274359464645386,-0.1950336992740631,0.6388525366783142,0.33282068371772766,0.08932783454656601,0.6224990487098694,0.4029587209224701,-0.30133718252182007,0.5706630945205688,0.4087349772453308,0.10905325412750244,0.538749098777771,0.45309901237487793,-0.3450602889060974,0.4951409697532654,0.45357081294059753,-0.0030383931007236242,0.5164251923561096,0.4580985903739929,-0.3833722472190857,0.47879844903945923,0.46237221360206604,-0.02006213553249836,0.5157337188720703,0.45437783002853394,-0.3741219639778137,0.47924184799194336,0.4614652097225189,-0.05437207967042923,0.5236027836799622,0.4515015780925751,-0.34299951791763306,0.4861370027065277,0.462146133184433,-0.023166054859757423,0.6976732015609741,0.5949219465255737,-0.10407443344593048,0.656576931476593,0.584097146987915,0.10385598987340927,0.5992632508277893,0.4910816252231598,-0.3302576243877411,0.5531943440437317,0.4702965319156647,0.0028669077437371016,0.5424181222915649,0.716688871383667,-0.356312096118927,0.5144729018211365,0.6938398480415344,-0.05222778394818306,0.5464071035385132,0.7748109698295593,-0.35840362310409546,0.5225503444671631,0.7348092198371887,-0.06017957255244255,0.48453038930892944,0.7200034260749817,-0.437605619430542,0.46179336309432983,0.7011649012565613,-0.12215040624141693,0,1
0.6815057992935181,0.22083839774131775,-0.08770506083965302,0.6911723613739014,0.20440737903118134,-0.08449985831975937,0.6958869099617004,0.20433330535888672,-0.084499292075634,0.7005202770233154,0.2040940672159195,-0.08443211019039154,0.6831952333450317,0.20445498824119568,-0.06132088974118233,0.6819052696228027,0.20445945858955383,-0.061382122337818146,0.6807112097740173,0.20437826216220856,-0.06143871694803238,0.7141499519348145,0.2136526107788086,-0.048861242830753326,0.6910594701766968,0.21318162977695465,0.05751834437251091,0.6896663904190063,0.24257373809814453,-0.07513570785522461,0.6809573173522949,0.24254313111305237,-0.044170212000608444,0.7411500811576843,0.3216865062713623,-0.13261188566684723,0.6738271117210388,0.3324032425880432,0.16599424183368683,0.6634085178375244,0.3956713378429413,-0.2622036635875702,0.6128537654876709,0.403456449508667,0.17512182891368866,0.5807524919509888,0.4217666685581207,-0.3349568247795105,0.5482490658760071,0.43315112590789795,0.04075969010591507,0.5590076446533203,0.43405088782310486,-0.3718249797821045,0.5260869860649109,0.4455054700374603,0.0269885566085577,0.5562771558761597,0.4301937520503998,-0.3599332869052887,0.5261846780776978,0.44350314140319824,-0.003010994754731655,0.5654284358024597,0.4281233847141266,-0.33096641302108765,0.5346373319625854,0.4394511878490448,0.023071598261594772,0.7261725068092346,0.5861921310424805,-0.1046275869011879,0.687191367149353,0.5691332221031189,0.10443504899740219,0.60792076587677,0.519105851650238,-0.31753110885620117,0.5789586901664734,0.4872860014438629,0.002588748000562191,0.5464943051338196,0.7294952273368835,-0.38079413771629333,0.5148636698722839,0.7000267505645752,-0.0682038888335228,0.5470950603485107,0.7804194092750549,-0.38725796341896057,0.5134929418563843,0.7475724816322327,-0.07712192833423615,0.48487526178359985,0.7149413228034973,-0.46296802163124084,0.4620005488395691,0.6868602633476257,-0.12869714200496674,0,1
0.71482914686203,0.23580875992774963,-0.059765636920928955,0.7240166664123535,0.2170114517211914,-0.05711474269628525,0.7290294170379639,0.21601921319961548,-0.05708843469619751,0.7345670461654663,0.21484847366809845,-0.057029254734516144,0.715187132358551,0.2188269942998886,-0.03477323055267334,0.7138659358024597,0.21901734173297882,-0.03482213616371155,0.7123740911483765,0.21924211084842682,-0.03488490357995033,0.7474827170372009,0.22236572206020355,-0.01720084249973297,0.7188130021095276,0.22517269849777222,0.08469969779253006,0.7254893779754639,0.2546599805355072,-0.04455077275633812,0.7140663862228394,0.25491026043891907,-0.01487736590206623,0.7756936550140381,0.32144612073898315,-0.10060050338506699,0.705298900604248,0.3305269181728363,0.20078101754188538,0.7088267207145691,0.39714711904525757,-0.22207140922546387,0.6468750238418579,0.39771419763565063,0.22457759082317352,0.6201733946800232,0.41731029748916626,-0.30150938034057617,0.5847564935684204,0.42331069707870483,0.1039021834731102,0.5964559316635132,0.42987051606178284,-0.3358495533466339,0.5630893111228943,0.4337800443172455,0.09480607509613037,0.5935978889465332,0.423537939786911,-0.3258112668991089,0.563335657119751,0.43152016401290894,0.06739173084497452,0.6035708785057068,0.4219572842121124,-0.2974189817905426,0.5712665319442749,0.4297017753124237,0.08806123584508896,0.7459205389022827,0.5811828970909119,-0.10667169094085693,0.7070938348770142,0.5591930150985718,0.10647206008434296,0.6244152188301086,0.5316023826599121,-0.2806963622570038,0.5959303975105286,0.4996289014816284,0.01820557937026024,0.5491366386413574,0.7371018528938293,-0.33459416031837463,0.5174719095230103,0.6978559494018555,-0.033051859587430954,0.5480126142501831,0.7847439050674438,-0.33827391266822815,0.5139145851135254,0.7416435480117798,-0.04093567281961441,0.49232929944992065,0.7258829474449158,-0.40141215920448303,0.4610370695590973,0.67573481798172,-0.09323089569807053,0,1
0.7414845824241638,0.25392988324165344,-0.017839647829532623,0.7476152181625366,0.2375635802745819,-0.022697029635310173,0.7516571283340454,0.23596955835819244,-0.022695641964673996,0.7562580704689026,0.23393134772777557,-0.022633429616689682,0.7410682439804077,0.2386193424463272,0.0002889152383431792,0.7397282719612122,0.2386414259672165,0.00019369804067537189,0.7386273145675659,0.23867380619049072,9.39944657147862e-05,0.7738255262374878,0.23643557727336884,-0.01271840650588274,0.7491841912269592,0.24081531167030334,0.09036755561828613,0.7502490282058716,0.2716352343559265,-0.012841621413826942,0.7430263757705688,0.2748670279979706,0.017300814390182495,0.8066134452819824,0.3244915306568146,-0.08794502913951874,0.7352415919303894,0.3317107856273651,0.18115784227848053,0.7622411251068115,0.40575170516967773,-0.2130308449268341,0.6689902544021606,0.4034772217273712,0.20257660746574402,0.6800233125686646,0.4171285331249237,-0.3062669336795807,0.6144955158233643,0.4254612326622009,0.09007184952497482,0.6579189300537109,0.42861154675483704,-0.33891716599464417,0.5973606705665588,0.43409186601638794,0.08416694402694702,0.6523549556732178,0.42281079292297363,-0.3334699273109436,0.5980550050735474,0.43068382143974304,0.0476541630923748,0.6585773229598999,0.4219350218772888,-0.30372339487075806,0.6057466268539429,0.4293759763240814,0.07136105000972748,0.7667150497436523,0.5771399736404419,-0.09319166094064713,0.7262371182441711,0.5559433102607727,0.09314297139644623,0.6395777463912964,0.5670139193534851,-0.2318495213985443,0.6160761713981628,0.53287672996521,-0.03145653009414673,0.5507267117500305,0.7385804653167725,-0.32103320956230164,0.5233973860740662,0.6969903707504272,-0.1153443306684494,0.5473575592041016,0.7850244045257568,-0.32792919874191284,0.5158581733703613,0.7402944564819336,-0.12508387863636017,0.49303707480430603,0.7172817587852478,-0.40292495489120483,0.4627299904823303,0.668347179889679,-0.1784570813179016,0,1
0.7616104483604431,0.2714764177799225,0.02819909155368805,0.7672511339187622,0.25318801403045654,0.02682340145111084,0.7714830040931702,0.2514578104019165,0.026822278276085854,0.776258111000061,0.24976317584514618,0.026816869154572487,0.7601421475410461,0.2564159333705902,0.0471518337726593,0.7586832642555237,0.2568742036819458,0.04710789769887924,0.7572247982025146,0.2573094964027405,0.047035496681928635,0.7954549789428711,0.25075840950012207,0.04674259573221207,0.7674620151519775,0.25929784774780273,0.13990181684494019,0.7712458372116089,0.2881373465061188,0.03653901815414429,0.7635138034820557,0.2904680073261261,0.0636024996638298,0.8296257853507996,0.33574849367141724,-0.013119583018124104,0.7555347084999084,0.33985844254493713,0.24237477779388428,0.7965103387832642,0.44115787744522095,-0.11609397083520889,0.6994378566741943,0.4220707416534424,0.179470956325531,0.7176399230957031,0.4190174639225006,-0.20139369368553162,0.6447269916534424,0.4269006550312042,0.04087845981121063,0.6988381743431091,0.42989420890808105,-0.2269686758518219,0.6310017108917236,0.43551361560821533,0.0138950664550066,0.6974725127220154,0.4242098033428192,-0.2256903201341629,0.6324201822280884,0.4321596324443817,-0.003596930531784892,0.7011798024177551,0.42313653230667114,-0.2003154307603836,0.6383360028266907,0.4310351014137268,0.026225531473755836,0.7770015001296997,0.5735307335853577,-0.07267813384532928,0.733829140663147,0.5531743168830872,0.07265807688236237,0.6564666032791138,0.5984763503074646,-0.20984943211078644,0.630011260509491,0.5610954165458679,-0.05849326401948929,0.5553503036499023,0.7527903914451599,-0.3399088382720947,0.5267653465270996,0.6998963952064514,-0.1994369924068451,0.5459684729576111,0.7962820529937744,-0.3525991141796112,0.5167507529258728,0.7408076524734497,-0.21512100100517273,0.49375325441360474,0.7152920365333557,-0.43533855676651,0.4627840518951416,0.6699812412261963,-0.27695801854133606,0,1
0.7634532451629639,0.2803819477558136,0.050344131886959076,0.7680845856666565,0.26420170068740845,0.04912049323320389,0.7716225981712341,0.2620263993740082,0.04908048361539841,0.7755627036094666,0.2596049904823303,0.0489969365298748,0.7619529962539673,0.26669591665267944,0.06851907074451447,0.760871410369873,0.2667650878429413,0.0685323104262352,0.7599691152572632,0.26691004633903503,0.06846480816602707,0.793826699256897,0.25312697887420654,0.06303700059652328,0.7694586515426636,0.2693186104297638,0.15598848462104797,0.7733995914459229,0.29660484194755554,0.05656274035573006,0.7666922807693481,0.29727843403816223,0.08345700055360794,0.8407646417617798,0.3356645703315735,0.01726670190691948,0.7608694434165955,0.3456595242023468,0.19811609387397766,0.8362311124801636,0.471637099981308,-0.03670606017112732,0.7336949110031128,0.45695436000823975,0.20450527966022491,0.7566990852355957,0.42740246653556824,-0.07850722968578339,0.6897605061531067,0.43392059206962585,0.08433626592159271,0.7380920648574829,0.4331812560558319,-0.09609242528676987,0.6761782765388489,0.4373873770236969,0.058534376323223114,0.7362195253372192,0.4223249554634094,-0.09608032554388046,0.6781526207923889,0.43150246143341064,0.040989525616168976,0.7417410612106323,0.4215172231197357,-0.075896717607975,0.6813356280326843,0.43078872561454773,0.07047507166862488,0.781974196434021,0.570697546005249,-0.07043706625699997,0.7370062470436096,0.5481114387512207,0.07055208832025528,0.6684507131576538,0.6111023426055908,-0.2109573781490326,0.6386681199073792,0.5739640593528748,-0.05955236032605171,0.5614152550697327,0.7588359117507935,-0.3282753527164459,0.5330401659011841,0.6998905539512634,-0.18551498651504517,0.548282265663147,0.8036514520645142,-0.3391575217247009,0.5244119763374329,0.7404343485832214,-0.20017436146736145,0.493741512298584,0.7250267863273621,-0.4124583601951599,0.46586665511131287,0.6695084571838379,-0.2527528405189514,0,1
0.7545855045318604,0.26471632719039917,0.03287530690431595,0.7600831389427185,0.24730101227760315,0.04155827313661575,0.7640547156333923,0.24590042233467102,0.04158175364136696,0.768325924873352,0.2440565675497055,0.04171784594655037,0.7534401416778564,0.24978691339492798,0.060849159955978394,0.7522745728492737,0.2503873109817505,0.060816168785095215,0.7511571645736694,0.2510606646537781,0.060712773352861404,0.7859464883804321,0.24248909950256348,0.04709634557366371,0.7603307366371155,0.2577623724937439,0.15922369062900543,0.7643171548843384,0.2832701504230499,0.0445091687142849,0.7564595341682434,0.28431084752082825,0.0679120346903801,0.8284435272216797,0.32531285285949707,0.0047356379218399525,0.7538415193557739,0.34272924065589905,0.19759568572044373,0.8585518002510071,0.46734073758125305,-0.0816483125090599,0.732216477394104,0.4627118408679962,0.14723260700702667,0.7852091789245605,0.42414748668670654,-0.1438327580690384,0.7057262063026428,0.4364393353462219,-0.05302942916750908,0.7642660140991211,0.42536553740501404,-0.16408364474773407,0.6969524621963501,0.436964750289917,-0.086891308426857,0.7619789838790894,0.41131263971328735,-0.1539122313261032,0.6995514631271362,0.4281246066093445,-0.09191448241472244,0.7665786147117615,0.41089510917663574,-0.13759586215019226,0.7037413120269775,0.42799073457717896,-0.06204976513981819,0.7829411029815674,0.5682310461997986,-0.0700358897447586,0.7391016483306885,0.5499109625816345,0.07011643052101135,0.6664088368415833,0.6142138838768005,-0.20483072102069855,0.6410037875175476,0.575680136680603,-0.07446970790624619,0.5628154277801514,0.7595089673995972,-0.31786423921585083,0.5360069870948792,0.7015827894210815,-0.19851824641227722,0.550517737865448,0.8026604652404785,-0.3310893476009369,0.5287348031997681,0.7474608421325684,-0.21298456192016602,0.4953036904335022,0.7352983355522156,-0.4259771704673767,0.47212132811546326,0.6746377348899841,-0.2775469124317169,0,1
0.7243911623954773,0.24109810590744019,-0.03597281500697136,0.7337832450866699,0.22618405520915985,-0.038481008261442184,0.7383798360824585,0.2255617082118988,-0.03854280337691307,0.7430770397186279,0.2247786670923233,-0.038559265434741974,0.7273057699203491,0.2269592434167862,-0.019337423145771027,0.726486325263977,0.22710277140140533,-0.019429422914981842,0.7256603240966797,0.22710219025611877,-0.01953631266951561,0.7584050893783569,0.23143477737903595,-0.029391024261713028,0.7399512529373169,0.23587720096111298,0.05777212232351303,0.7336852550506592,0.26359981298446655,-0.03169522061944008,0.7258538007736206,0.2643636465072632,-0.006270464509725571,0.8037479519844055,0.32308170199394226,-0.06217261031270027,0.7316948175430298,0.34302040934562683,0.12385009229183197,0.8187834620475769,0.4776725769042969,-0.16517478227615356,0.7157644033432007,0.47148817777633667,0.0844624936580658,0.7435399293899536,0.4214557111263275,-0.24621042609214783,0.6716434359550476,0.4328952431678772,-0.10327235609292984,0.7205191850662231,0.4212754964828491,-0.2683292329311371,0.656924843788147,0.4274306297302246,-0.13478772342205048,0.7218445539474487,0.4062153995037079,-0.2554321587085724,0.657669723033905,0.4193965196609497,-0.1436193287372589,0.7269501090049744,0.4059722423553467,-0.2399815022945404,0.6641742587089539,0.4216468036174774,-0.11453431844711304,0.7787743210792542,0.5738957524299622,-0.06945323944091797,0.7359637022018433,0.5589760541915894,0.0696609765291214,0.664395809173584,0.6015506386756897,-0.22837702929973602,0.6378322839736938,0.5708901286125183,-0.11350184679031372,0.5601202845573425,0.7517166137695312,-0.349951833486557,0.5350913405418396,0.700302243232727,-0.24910537898540497,0.5512394905090332,0.8009780645370483,-0.3629501760005951,0.5286436080932617,0.7399052977561951,-0.2644217610359192,0.5053638815879822,0.7246288061141968,-0.4589819312095642,0.47178635001182556,0.663338840007782,-0.3317020535469055,0,1
0.6870095133781433,0.2430015355348587,-0.0702468603849411,0.6971768736839294,0.22776684165000916,-0.0706481784582138,0.7003607153892517,0.22715064883232117,-0.07065977156162262,0.7043316960334778,0.22636368870735168,-0.07062317430973053,0.6909608840942383,0.22847679257392883,-0.05170353502035141,0.690193772315979,0.22847677767276764,-0.05182639881968498,0.6895923018455505,0.22838473320007324,-0.05192575976252556,0.7198529839515686,0.23345039784908295,-0.05686267092823982,0.701697587966919,0.23637746274471283,0.02692977525293827,0.6947447657585144,0.2635353207588196,-0.06535038352012634,0.6883869767189026,0.26381418108940125,-0.040870361030101776,0.7548803687095642,0.3304460942745209,-0.12565365433692932,0.6864856481552124,0.3472505211830139,0.10972176492214203,0.7248130440711975,0.47773852944374084,-0.19737255573272705,0.6339667439460754,0.4393419623374939,0.10676781088113785,0.6430610418319702,0.4531070590019226,-0.23655220866203308,0.5814356803894043,0.4452953338623047,-0.040931250900030136,0.6232044100761414,0.46218639612197876,-0.2623022794723511,0.5626846551895142,0.4477005898952484,-0.0518326461315155,0.6198374032974243,0.45036187767982483,-0.25280439853668213,0.5627015829086304,0.4448637366294861,-0.07531271129846573,0.6259281635284424,0.447797954082489,-0.23186326026916504,0.5709723234176636,0.4455626308917999,-0.057419486343860626,0.7729781270027161,0.5733646154403687,-0.083485446870327,0.7326669692993164,0.5614213943481445,0.08361367136240005,0.6507077813148499,0.5617743134498596,-0.20694546401500702,0.6226791739463806,0.5494255423545837,-0.050604987889528275,0.5553773045539856,0.7358360290527344,-0.2623022198677063,0.5356764793395996,0.6992559432983398,-0.1208169087767601,0.551490843296051,0.7897605299949646,-0.2688480019569397,0.5289644598960876,0.7391312718391418,-0.12900212407112122,0.50225430727005,0.717882513999939,-0.34530094265937805,0.4764247536659241,0.6780005693435669,-0.17559750378131866,0,1
0.643110990524292,0.25181540846824646,-0.22618672251701355,0.6513790488243103,0.2348131239414215,-0.23315365612506866,0.6549938917160034,0.2351541668176651,-0.23308789730072021,0.6590242981910706,0.23521775007247925,-0.23301978409290314,0.6462011933326721,0.23262032866477966,-0.21042709052562714,0.6455509662628174,0.23158496618270874,-0.21057701110839844,0.6449176073074341,0.23053514957427979,-0.21059007942676544,0.6774501800537109,0.24826432764530182,-0.2195698469877243,0.6575356721878052,0.24016480147838593,-0.11741206794977188,0.6496706604957581,0.27258437871932983,-0.21870116889476776,0.6431143879890442,0.26984184980392456,-0.1888148933649063,0.6954436898231506,0.335536926984787,-0.28360408544540405,0.6544010639190674,0.3442249000072479,0.015149104408919811,0.6147661209106445,0.4197339415550232,-0.34523484110832214,0.5789322853088379,0.4044814109802246,0.05491936206817627,0.532684326171875,0.46471044421195984,-0.3483201861381531,0.5072000622749329,0.46480852365493774,-0.005438942927867174,0.5087858438491821,0.4854610860347748,-0.3877512812614441,0.49154800176620483,0.472758948802948,0.00011281306797172874,0.5057587027549744,0.482538104057312,-0.3708953261375427,0.49050426483154297,0.47326579689979553,-0.038570377975702286,0.5129039883613586,0.4784916341304779,-0.3428240716457367,0.4968675971031189,0.473559707403183,-0.024069886654615402,0.7497262954711914,0.5777449011802673,-0.10711576044559479,0.7202988862991333,0.5610360503196716,0.1069907546043396,0.6218749284744263,0.5349345803260803,-0.24080435931682587,0.6035710573196411,0.5162767767906189,0.12268493324518204,0.5481772422790527,0.7264472842216492,-0.2500235438346863,0.5365617275238037,0.6910187005996704,0.1455492377281189,0.5492764115333557,0.777313232421875,-0.2540528178215027,0.5326146483421326,0.7259551286697388,0.14546838402748108,0.48324698209762573,0.6938594579696655,-0.3275100886821747,0.48045510053634644,0.6804031729698181,0.12461147457361221,0,1
0.594328761100769,0.26602903008461,-0.12139113247394562,0.6022274494171143,0.24802440404891968,-0.13907168805599213,0.6047085523605347,0.2480935901403427,-0.1391158252954483,0.6074217557907104,0.24826361238956451,-0.13914458453655243,0.598314642906189,0.2468615472316742,-0.10987315326929092,0.5981501340866089,0.24616749584674835,-0.10993321239948273,0.5980071425437927,0.245281383395195,-0.10987478494644165,0.6234757304191589,0.2624000012874603,-0.14515753090381622,0.611829936504364,0.25534743070602417,-0.04031891003251076,0.5997697114944458,0.28743088245391846,-0.1302272528409958,0.5954957008361816,0.28471505641937256,-0.0913727656006813,0.6444889307022095,0.3455847203731537,-0.20580896735191345,0.6239461302757263,0.3564607501029968,0.07047490030527115,0.5521246194839478,0.41416800022125244,-0.25735658407211304,0.5444892048835754,0.41122788190841675,0.10952398926019669,0.4618434011936188,0.4654543697834015,-0.23966224491596222,0.4669560492038727,0.4630303680896759,0.04961303249001503,0.44022002816200256,0.47927728295326233,-0.2792644500732422,0.4431094527244568,0.4700179994106293,0.0544702485203743,0.43691977858543396,0.4751223623752594,-0.2520415484905243,0.441148042678833,0.47077932953834534,0.017157243564724922,0.44430407881736755,0.47193044424057007,-0.23126693069934845,0.44969797134399414,0.4717411398887634,0.031297288835048676,0.7223238945007324,0.5787408947944641,-0.1012670025229454,0.7028402090072632,0.5701363682746887,0.10115464776754379,0.5961344838142395,0.5002099275588989,-0.17016389966011047,0.5787378549575806,0.4928129315376282,0.12169206142425537,0.5394877791404724,0.7109857797622681,-0.13631172478199005,0.5335280299186707,0.6868804693222046,0.15818259119987488,0.5439277291297913,0.7628614902496338,-0.1353447139263153,0.5336732268333435,0.7168753147125244,0.15912200510501862,0.47085919976234436,0.6919400095939636,-0.18634922802448273,0.4794400632381439,0.684416651725769,0.1337805986404419,0,1
0.5478233098983765,0.27618837356567383,-0.0007611716282553971,0.5554354190826416,0.2599889636039734,-0.01688414253294468,0.557817816734314,0.25990211963653564,-0.01694398559629917,0.5604429244995117,0.25989609956741333,-0.016982927918434143,0.5526121854782104,0.2590954601764679,0.01458756159991026,0.5530039072036743,0.2584773898124695,0.014554843306541443,0.5535963177680969,0.25779080390930176,0.01458713412284851,0.5757719278335571,0.27036958932876587,-0.051237206906080246,0.5697098970413208,0.26608994603157043,0.09151166677474976,0.5535312294960022,0.297296404838562,-0.011900107376277447,0.5502381324768066,0.2953472435474396,0.029549166560173035,0.5961949229240417,0.35406798124313354,-0.144614577293396,0.582419753074646,0.37940046191215515,0.19280031323432922,0.49639853835105896,0.42035114765167236,-0.2094695121049881,0.4909645915031433,0.4236771762371063,0.21533048152923584,0.4085565507411957,0.4646786153316498,-0.18250122666358948,0.4148065447807312,0.4714927673339844,0.16602963209152222,0.38654786348342896,0.4843003451824188,-0.2189706265926361,0.3934609889984131,0.4906681478023529,0.17772594094276428,0.38360264897346497,0.4854768216609955,-0.18749423325061798,0.3920503258705139,0.49420303106307983,0.14658521115779877,0.38989490270614624,0.4803752601146698,-0.1713966280221939,0.39896053075790405,0.49009963870048523,0.14964893460273743,0.6934679746627808,0.5774552822113037,-0.11310739815235138,0.6811378002166748,0.586477518081665,0.11303804069757462,0.5703885555267334,0.4873889982700348,-0.19519975781440735,0.5553850531578064,0.4915332496166229,0.20380385220050812,0.5301490426063538,0.709888219833374,-0.1789403259754181,0.5293380618095398,0.6979593634605408,0.2540200352668762,0.5375611186027527,0.7595258355140686,-0.1777643859386444,0.5362230539321899,0.7308952212333679,0.2570035755634308,0.4611561894416809,0.6825050115585327,-0.2299858033657074,0.47904688119888306,0.6992013454437256,0.22999592125415802,0,1
0.514595627784729,0.28056207299232483,0.003148433519527316,0.5215216279029846,0.26334303617477417,-0.010928062722086906,0.5239121317863464,0.2629595994949341,-0.010999763384461403,0.5265365839004517,0.2625599205493927,-0.011038410477340221,0.5185933113098145,0.2629493176937103,0.0195772722363472,0.5189906358718872,0.2623993158340454,0.01953735016286373,0.5196313261985779,0.26176393032073975,0.01954032853245735,0.5420801639556885,0.2708442807197571,-0.03754599019885063,0.535792887210846,0.2678709328174591,0.10016666352748871,0.5210801959037781,0.3001043200492859,-0.0050118351355195045,0.5180643200874329,0.2994546890258789,0.03491333872079849,0.5637587308883667,0.35480400919914246,-0.13992390036582947,0.5578368902206421,0.3781079649925232,0.2127217948436737,0.4629911482334137,0.4212384521961212,-0.20879948139190674,0.4988153576850891,0.4919065833091736,0.23570701479911804,0.37345370650291443,0.4775955080986023,-0.17265503108501434,0.43843501806259155,0.5937229990959167,0.18568448722362518,0.3565966486930847,0.5072285532951355,-0.20395004749298096,0.40645653009414673,0.5862563252449036,0.19814230501651764,0.3541547656059265,0.5110857486724854,-0.1710330992937088,0.4059767723083496,0.5894388556480408,0.1676511913537979,0.3600538372993469,0.502620279788971,-0.16013209521770477,0.4256557822227478,0.5962094664573669,0.16966524720191956,0.6656286716461182,0.5802592635154724,-0.11636904627084732,0.6562555432319641,0.5937739014625549,0.11625602096319199,0.5430930852890015,0.4826565682888031,-0.16374319791793823,0.5377546548843384,0.487252801656723,0.23356787860393524,0.5241912603378296,0.7114349603652954,-0.09770350158214569,0.5248351693153381,0.7014131546020508,0.330412358045578,0.5354537963867188,0.7667933106422424,-0.09185179322957993,0.5349022150039673,0.738323986530304,0.33901166915893555,0.46199387311935425,0.6964377760887146,-0.13093456625938416,0.4745411276817322,0.7086099982261658,0.32240694761276245,0,1
0.49646419286727905,0.2829742133617401,-0.06599888950586319,0.5032390356063843,0.2654101550579071,-0.08082325011491776,0.5058375597000122,0.26467928290367126,-0.08090495318174362,0.5086894035339355,0.26395249366760254,-0.08094851672649384,0.5003750324249268,0.26531556248664856,-0.046890176832675934,0.5008170008659363,0.264735609292984,-0.04692377895116806,0.5015248656272888,0.2639913260936737,-0.046929724514484406,0.5251560807228088,0.27115386724472046,-0.10576236248016357,0.5189902186393738,0.26846984028816223,0.05200732871890068,0.5037477016448975,0.3017735481262207,-0.07214236259460449,0.5005948543548584,0.3013283610343933,-0.027355019003152847,0.543035089969635,0.36144956946372986,-0.20936301350593567,0.5499669313430786,0.366700142621994,0.19209431111812592,0.44647759199142456,0.4268656075000763,-0.3001489043235779,0.4691445231437683,0.45984119176864624,0.21914371848106384,0.35492175817489624,0.49102452397346497,-0.2625105679035187,0.4050567150115967,0.5771421790122986,0.13203398883342743,0.33622583746910095,0.5192040801048279,-0.30443131923675537,0.3844965994358063,0.5735169053077698,0.1366528421640396,0.3326454162597656,0.5204639434814453,-0.2728009819984436,0.3903886675834656,0.5757306218147278,0.09619694203138351,0.33881837129592896,0.5145649909973145,-0.2513161301612854,0.39404425024986267,0.5823966860771179,0.10993127524852753,0.6439940333366394,0.5974737405776978,-0.12233779579401016,0.6347140073776245,0.595500111579895,0.12221772968769073,0.5270479917526245,0.47867611050605774,-0.14077863097190857,0.5298876166343689,0.4723377227783203,0.2345741242170334,0.523414671421051,0.7076704502105713,-0.007932601496577263,0.5300552248954773,0.6947432160377502,0.34738436341285706,0.5378784537315369,0.7630088925361633,0.003924605902284384,0.5484558939933777,0.7218722701072693,0.3572844862937927,0.46204739809036255,0.6967045068740845,-0.018576357513666153,0.4883745312690735,0.7157429456710815,0.3478993773460388,0,1
0.4939644932746887,0.2690562903881073,-0.12085813283920288,0.5012558102607727,0.25204071402549744,-0.13901939988136292,0.5036439299583435,0.2517896890640259,-0.13912905752658844,0.5063090324401855,0.25129154324531555,-0.13923320174217224,0.4987163543701172,0.25048160552978516,-0.10230715572834015,0.49926304817199707,0.24962961673736572,-0.10232456028461456,0.5001307725906372,0.24859613180160522,-0.10231059789657593,0.5233995914459229,0.2595929503440857,-0.16386213898658752,0.5170133709907532,0.2547453045845032,0.0016394297126680613,0.5001946687698364,0.28939729928970337,-0.12733551859855652,0.49758878350257874,0.28751909732818604,-0.07916036993265152,0.5371593236923218,0.36027517914772034,-0.26068758964538574,0.5452133417129517,0.35158252716064453,0.14758142828941345,0.4388546943664551,0.435057669878006,-0.3468305766582489,0.4657050669193268,0.45020636916160583,0.172087162733078,0.34805893898010254,0.4971829354763031,-0.3212285339832306,0.40486449003219604,0.5425995588302612,0.08479269593954086,0.32789358496665955,0.5236015915870667,-0.373393714427948,0.3923196494579315,0.5143185257911682,0.08531390875577927,0.32505494356155396,0.5233718156814575,-0.3412211239337921,0.38913699984550476,0.5173339247703552,0.0436554029583931,0.3311876654624939,0.518268883228302,-0.31102967262268066,0.3914410471916199,0.5360172986984253,0.06260491907596588,0.6320242881774902,0.604800283908844,-0.12857821583747864,0.6266504526138306,0.5953575372695923,0.1285334825515747,0.5074516534805298,0.4736655056476593,-0.12947194278240204,0.5097571015357971,0.4579199552536011,0.25781959295272827,0.5290194749832153,0.6983807682991028,0.024835001677274704,0.5326926708221436,0.6734575033187866,0.42954620718955994,0.5464257001876831,0.7519039511680603,0.0393780842423439,0.5506977438926697,0.699407160282135,0.44591814279556274,0.4731654226779938,0.6922131776809692,0.03200441971421242,0.49130067229270935,0.6924415826797485,0.4479026198387146,0,1
0.4992441236972809,0.24938489496707916,-0.18212763965129852,0.5073891282081604,0.23173031210899353,-0.1992522031068802,0.5102513432502747,0.23163966834545135,-0.19934600591659546,0.5133904218673706,0.23127634823322296,-0.19943280518054962,0.5036148428916931,0.23038579523563385,-0.16253748536109924,0.5036502480506897,0.22959743440151215,-0.16256237030029297,0.5039920806884766,0.22867952287197113,-0.16258467733860016,0.5308966636657715,0.24263589084148407,-0.21539540588855743,0.5216565132141113,0.2369071990251541,-0.050451792776584625,0.5060431361198425,0.27213242650032043,-0.18528519570827484,0.5019996762275696,0.27037313580513,-0.13742581009864807,0.5493683815002441,0.35112428665161133,-0.31055232882499695,0.5381094813346863,0.3489939868450165,0.09795112907886505,0.45126837491989136,0.4333115518093109,-0.40682968497276306,0.4516459107398987,0.43640509247779846,0.10799373686313629,0.35611963272094727,0.4947037696838379,-0.39260420203208923,0.36946746706962585,0.5023214221000671,0.012261861935257912,0.3339008390903473,0.5191961526870728,-0.44660496711730957,0.3449471890926361,0.5089354515075684,0.006763184908777475,0.33011022210121155,0.5158253908157349,-0.419910728931427,0.3404307961463928,0.5099116563796997,-0.03474152088165283,0.3365727961063385,0.5116649866104126,-0.38493266701698303,0.35045677423477173,0.5151470899581909,-0.01119491271674633,0.6282228231430054,0.605158269405365,-0.12768331170082092,0.6142688989639282,0.6000697016716003,0.12757162749767303,0.5023555159568787,0.47441190481185913,-0.16722309589385986,0.49879327416419983,0.46182703971862793,0.3085997402667999,0.5325919985771179,0.6970143914222717,-0.007679710630327463,0.5338629484176636,0.6603891253471375,0.45767268538475037,0.5499664545059204,0.7407347559928894,0.008101657964289188,0.5533809661865234,0.6902076005935669,0.4718196392059326,0.47813671827316284,0.7015866637229919,0.001093971892260015,0.49670082330703735,0.6893779039382935,0.47563838958740234,0,1
0.5136493444442749,0.2225417047739029,-0.1156051754951477,0.5236146450042725,0.20339557528495789,-0.1277664452791214,0.5267606973648071,0.20310476422309875,-0.12785287201404572,0.5304234027862549,0.20336571335792542,-0.1278705894947052,0.5189705491065979,0.20324602723121643,-0.09502051770687103,0.5186527371406555,0.20267543196678162,-0.09504762291908264,0.5186251401901245,0.20184502005577087,-0.0950363352894783,0.5474923849105835,0.21699032187461853,-0.14750318229198456,0.5350425839424133,0.21094436943531036,0.010697935707867146,0.5205110311508179,0.24543356895446777,-0.1190774068236351,0.514308750629425,0.24349091947078705,-0.07626032084226608,0.5674648880958557,0.33062979578971863,-0.2554667592048645,0.5395693778991699,0.3461320996284485,0.14839108288288116,0.4781798720359802,0.4357152283191681,-0.34403324127197266,0.4604852795600891,0.4348139762878418,0.1908615231513977,0.3904553949832916,0.4866845905780792,-0.37202805280685425,0.38354185223579407,0.4816167652606964,0.10548273473978043,0.37051263451576233,0.5079088807106018,-0.41153544187545776,0.36410465836524963,0.4963780641555786,0.10632029920816422,0.36661863327026367,0.49979594349861145,-0.3861308991909027,0.3612270653247833,0.4925866723060608,0.06831113249063492,0.3722817301750183,0.49511268734931946,-0.35746288299560547,0.3645027279853821,0.4919501841068268,0.08508171141147614,0.6265212893486023,0.6070504784584045,-0.1287730634212494,0.5999375581741333,0.6098382472991943,0.12852920591831207,0.506425678730011,0.47535115480422974,-0.2296554297208786,0.4874858260154724,0.47271665930747986,0.24384066462516785,0.5107165575027466,0.7151946425437927,-0.1474498212337494,0.5233483910560608,0.6902830004692078,0.22982195019721985,0.5236578583717346,0.76856929063797,-0.1368853598833084,0.5427209138870239,0.7230983972549438,0.2279316931962967,0.45523589849472046,0.7155426144599915,-0.16554877161979675,0.4806794226169586,0.7147490382194519,0.2119450867176056,0,1
0.5489440560340881,0.20628111064434052,-0.20912280678749084,0.5595642328262329,0.18892505764961243,-0.2165938913822174,0.5630521178245544,0.18881015479564667,-0.2166515290737152,0.567167341709137,0.18942125141620636,-0.21667364239692688,0.5541340112686157,0.18869931995868683,-0.18403348326683044,0.5535563826560974,0.1884554922580719,-0.18403653800487518,0.5532388687133789,0.1881401687860489,-0.18406285345554352,0.5829004049301147,0.20450621843338013,-0.1972964107990265,0.5675925016403198,0.19928275048732758,-0.051720909774303436,0.5551501512527466,0.23070475459098816,-0.2010718137025833,0.5488357543945312,0.22842353582382202,-0.15880729258060455,0.6053740978240967,0.3216480612754822,-0.2832276225090027,0.546012818813324,0.33580347895622253,0.09493087977170944,0.5263485312461853,0.42606180906295776,-0.3954044282436371,0.48601341247558594,0.41862738132476807,0.07631944119930267,0.4363921284675598,0.47341182827949524,-0.43331217765808105,0.4182569980621338,0.4711288809776306,-0.11233454942703247,0.41635599732398987,0.4990812838077545,-0.4869917929172516,0.4038877487182617,0.492855966091156,-0.13261744379997253,0.412348210811615,0.4901505410671234,-0.4718751013278961,0.40625452995300293,0.48619750142097473,-0.17299577593803406,0.41694769263267517,0.48433834314346313,-0.4288506507873535,0.4116295874118805,0.4804885983467102,-0.13604480028152466,0.6279629468917847,0.6098802089691162,-0.12784495949745178,0.5887237787246704,0.6097608208656311,0.12746338546276093,0.5160638093948364,0.4812423288822174,-0.25873425602912903,0.47331157326698303,0.48879098892211914,0.14444871246814728,0.5161730051040649,0.6951789259910583,-0.08036522567272186,0.5407150983810425,0.6772596836090088,0.17255231738090515,0.5313870310783386,0.7355354428291321,-0.05429025739431381,0.5631150603294373,0.7058408260345459,0.17646524310112,0.4644826352596283,0.7360676527023315,-0.0358332023024559,0.5280610918998718,0.71869957447052,0.17722266912460327,0,1
0.5854507088661194,0.19930900633335114,-0.17579878866672516,0.5970714688301086,0.18377958238124847,-0.1599586308002472,0.6010863780975342,0.18400993943214417,-0.1599966585636139,0.6052985191345215,0.18466436862945557,-0.15990684926509857,0.5901169180870056,0.18356721103191376,-0.13469770550727844,0.5891485810279846,0.18345482647418976,-0.13476064801216125,0.58842933177948,0.18338409066200256,-0.13486112654209137,0.6193244457244873,0.19885815680027008,-0.12105351686477661,0.6002219915390015,0.19346433877944946,0.009754134342074394,0.5924741625785828,0.2240094542503357,-0.14768575131893158,0.5849410891532898,0.22249473631381989,-0.11492874473333359,0.6441019773483276,0.31194669008255005,-0.20904619991779327,0.5805083513259888,0.3303808569908142,0.14460155367851257,0.5706096291542053,0.4185153841972351,-0.32247835397720337,0.5157657861709595,0.4187549650669098,0.15801966190338135,0.464587926864624,0.45824721455574036,-0.35874101519584656,0.44233328104019165,0.46532678604125977,-0.02300695702433586,0.44368427991867065,0.4754108488559723,-0.40109968185424805,0.4253154397010803,0.4810195863246918,-0.03472626954317093,0.4405880868434906,0.4641668200492859,-0.4078485369682312,0.42589491605758667,0.47035738825798035,-0.07486401498317719,0.44835394620895386,0.45906537771224976,-0.35987377166748047,0.43250712752342224,0.46856287121772766,-0.04474053159356117,0.6407478451728821,0.6028282642364502,-0.11986799538135529,0.5959928035736084,0.6009912490844727,0.11956626176834106,0.5419653654098511,0.4607471823692322,-0.30042168498039246,0.4921502470970154,0.45553481578826904,0.02149447612464428,0.5324721336364746,0.6975921988487244,-0.2811915874481201,0.530893862247467,0.6777979731559753,-0.09132222086191177,0.5417991876602173,0.746368408203125,-0.2789319157600403,0.5518479943275452,0.7218960523605347,-0.10594256967306137,0.48501691222190857,0.7350350022315979,-0.3372510075569153,0.4904950261116028,0.719706118106842,-0.16887003183364868,0,1
0.6231168508529663,0.20315271615982056,-0.21763870120048523,0.634089469909668,0.1873902678489685,-0.222610205411911,0.6385363340377808,0.18759728968143463,-0.22261352837085724,0.6430920362472534,0.1882038712501526,-0.22256819903850555,0.6264681220054626,0.18711698055267334,-0.19367508590221405,0.6253474354743958,0.18692868947982788,-0.19373604655265808,0.6245070695877075,0.18670065701007843,-0.1937786191701889,0.656832218170166,0.20208463072776794,-0.19721587002277374,0.6367887258529663,0.1961529552936554,-0.06577537953853607,0.6304606199264526,0.22777897119522095,-0.20685043931007385,0.6227595806121826,0.22588367760181427,-0.16881731152534485,0.6801875829696655,0.3142644166946411,-0.2745179235935211,0.6169511675834656,0.3261394798755646,0.08064626157283783,0.6031914949417114,0.41663017868995667,-0.3501608669757843,0.543091356754303,0.40622079372406006,0.12886789441108704,0.5108417868614197,0.4563198387622833,-0.37429386377334595,0.4746353030204773,0.4487736225128174,0.03225698322057724,0.4882354736328125,0.46955406665802,-0.4138234257698059,0.4590182900428772,0.4481745958328247,0.015909021720290184,0.48508986830711365,0.4596204161643982,-0.4133204519748688,0.4590749740600586,0.44384634494781494,-0.020801790058612823,0.4918626844882965,0.4570598602294922,-0.37450653314590454,0.46493688225746155,0.4464956820011139,0.014085221104323864,0.6691478490829468,0.5990343689918518,-0.11534875631332397,0.6296777725219727,0.5867178440093994,0.11506736278533936,0.5726873874664307,0.47230491042137146,-0.3188861906528473,0.5310752987861633,0.4645347595214844,0.03500229865312576,0.541012167930603,0.7097088694572449,-0.2855430841445923,0.5137575268745422,0.6911070942878723,0.03211399167776108,0.5495131611824036,0.769349217414856,-0.28169554471969604,0.5243827104568481,0.7342776656150818,0.029357504099607468,0.4895959794521332,0.7317787408828735,-0.34523120522499084,0.45475268363952637,0.7129386067390442,-0.019033895805478096,0,1
0.6630274057388306,0.20492015779018402,-0.12300751358270645,0.674750030040741,0.18861347436904907,-0.12000639736652374,0.6799430251121521,0.18886947631835938,-0.12000606954097748,0.6848951578140259,0.18943561613559723,-0.11994045972824097,0.6659888029098511,0.18830759823322296,-0.09591930359601974,0.6645315885543823,0.18808670341968536,-0.095972441136837,0.6632282733917236,0.18784047663211823,-0.09603645652532578,0.6974213123321533,0.20369216799736023,-0.07965479791164398,0.6740991473197937,0.19754624366760254,0.02972755953669548,0.6705835461616516,0.23072078824043274,-0.1084647998213768,0.6613218784332275,0.22919338941574097,-0.07682911306619644,0.7198013067245483,0.31523290276527405,-0.1584962010383606,0.6532511115074158,0.32651326060295105,0.14847338199615479,0.6399987936019897,0.4107465445995331,-0.2502373456954956,0.5858400464057922,0.40286746621131897,0.18071088194847107,0.5549306869506836,0.4443827271461487,-0.28363147377967834,0.5213645696640015,0.43825167417526245,0.06115534156560898,0.5331048369407654,0.45431095361709595,-0.3174642026424408,0.504523515701294,0.44539663195610046,0.048427075147628784,0.5293632745742798,0.44986894726753235,-0.31018680334091187,0.5043083429336548,0.44430088996887207,0.014183253049850464,0.5373275279998779,0.4483070373535156,-0.2808123230934143,0.5101438760757446,0.4437674582004547,0.0419209860265255,0.7035053968429565,0.5922974944114685,-0.10966677963733673,0.6649170517921448,0.573890745639801,0.10943387448787689,0.5888784527778625,0.4956977963447571,-0.31711438298225403,0.5575107336044312,0.47980400919914246,0.022911176085472107,0.5408422946929932,0.7267058491706848,-0.3367146849632263,0.5151179432868958,0.6955609321594238,-0.015784505754709244,0.5484102368354797,0.779461681842804,-0.33828023076057434,0.522641658782959,0.7351569533348083,-0.021508237347006798,0.4796767234802246,0.7306948900222778,-0.40739527344703674,0.4533369541168213,0.7022913694381714,-0.07064448297023773,0,1
0.6961520910263062,0.21329589188098907,-0.05429043248295784,0.7064799070358276,0.19730830192565918,-0.05202440544962883,0.7113613486289978,0.1973857432603836,-0.05200707167387009,0.7164208889007568,0.19743403792381287,-0.051937688142061234,0.698625385761261,0.19662536680698395,-0.02782673016190529,0.6972559690475464,0.19657747447490692,-0.0278859231621027,0.6960152387619019,0.19643807411193848,-0.027951225638389587,0.7297006249427795,0.20795153081417084,-0.01862926036119461,0.704741358757019,0.20596423745155334,0.09215786308050156,0.7040312886238098,0.23475411534309387,-0.042374901473522186,0.6950852870941162,0.2341313660144806,-0.010161350481212139,0.756004810333252,0.31385672092437744,-0.10765691101551056,0.6871066093444824,0.3236410915851593,0.19570118188858032,0.682934045791626,0.39024925231933594,-0.2519415020942688,0.6267706155776978,0.39072108268737793,0.19956418871879578,0.599077582359314,0.40823113918304443,-0.33228179812431335,0.5631221532821655,0.420621395111084,0.052275240421295166,0.5797507166862488,0.4203573763370514,-0.367546021938324,0.5395135283470154,0.4320792257785797,0.03680343180894852,0.5770460367202759,0.41725218296051025,-0.3580027222633362,0.5401768088340759,0.43089064955711365,0.01052127406001091,0.5845433473587036,0.4156724810600281,-0.3289288580417633,0.5494913458824158,0.42805197834968567,0.03578878194093704,0.7321609854698181,0.586811900138855,-0.10783921182155609,0.6946336030960083,0.5647491812705994,0.10764137655496597,0.6099552512168884,0.5240557789802551,-0.3148612380027771,0.5832763910293579,0.49201270937919617,-0.0027528717182576656,0.5480588674545288,0.739013671875,-0.3747880160808563,0.5143807530403137,0.699212908744812,-0.07376556098461151,0.5487507581710815,0.7874125838279724,-0.38053587079048157,0.5125142931938171,0.7424529790878296,-0.0825638696551323,0.48387232422828674,0.7239592671394348,-0.4495767652988434,0.45807671546936035,0.6841372847557068,-0.13074247539043427,0,1
0.7284411191940308,0.23479832708835602,-0.050017766654491425,0.7363675236701965,0.21671748161315918,-0.049887411296367645,0.7414120435714722,0.21487390995025635,-0.04987822473049164,0.7469321489334106,0.21291396021842957,-0.04981987178325653,0.7289442420005798,0.21847489476203918,-0.02823522314429283,0.7272559404373169,0.21868912875652313,-0.028297269716858864,0.7253465056419373,0.21904966235160828,-0.02838543988764286,0.7616895437240601,0.2191862165927887,-0.020177626982331276,0.7330386638641357,0.2231248915195465,0.07889661937952042,0.7380582094192505,0.2520533800125122,-0.038062941282987595,0.7280896902084351,0.2527577579021454,-0.009109837003052235,0.7899448275566101,0.31160876154899597,-0.09939335286617279,0.7204297780990601,0.32518601417541504,0.17973072826862335,0.7160131335258484,0.3785898983478546,-0.22987625002861023,0.6516426205635071,0.39254140853881836,0.19918154180049896,0.6280878782272339,0.3942824900150299,-0.3113708794116974,0.590035617351532,0.4116770327091217,0.09394485503435135,0.6048102974891663,0.4035514295101166,-0.3443123698234558,0.5720024704933167,0.42007720470428467,0.0838095173239708,0.597589910030365,0.39599528908729553,-0.3303990066051483,0.5728965997695923,0.4162452816963196,0.0579402819275856,0.6080960631370544,0.39581024646759033,-0.3061540722846985,0.5790689587593079,0.41520336270332336,0.07864309847354889,0.7558765411376953,0.5758147239685059,-0.09974755346775055,0.7161062955856323,0.5554322600364685,0.09958166629076004,0.6284201145172119,0.5493199229240417,-0.22743383049964905,0.6090776324272156,0.5248758792877197,0.0068629831075668335,0.5496874451637268,0.7373262047767639,-0.28594592213630676,0.5194141268730164,0.6985499858856201,-0.05949283391237259,0.5484084486961365,0.7860864400863647,-0.290284126996994,0.5139211416244507,0.7423945069313049,-0.0667882189154625,0.4900822043418884,0.7156528234481812,-0.3437454402446747,0.45782580971717834,0.6714575290679932,-0.10779868066310883,0,1
0.7568954825401306,0.2626367509365082,0.11715668439865112,0.7629525661468506,0.24493201076984406,0.12116137892007828,0.7673054933547974,0.24328814446926117,0.12117763608694077,0.7723999619483948,0.24146968126296997,0.12121294438838959,0.7551239132881165,0.24669723212718964,0.14090439677238464,0.7534088492393494,0.2468603551387787,0.14084860682487488,0.7519001960754395,0.247051402926445,0.14079128205776215,0.7898244261741638,0.2419336885213852,0.14940665662288666,0.760514497756958,0.24880945682525635,0.2385040521621704,0.7663934230804443,0.2798328697681427,0.1267298460006714,0.7579365372657776,0.2812349498271942,0.15298964083194733,0.8184651136398315,0.3139408230781555,0.054965369403362274,0.75055330991745,0.33346521854400635,0.2897931933403015,0.7737122774124146,0.38096415996551514,-0.08787591755390167,0.6829293370246887,0.39475107192993164,0.28090789914131165,0.6949918270111084,0.39700591564178467,-0.21382272243499756,0.6228212118148804,0.41299164295196533,0.17005512118339539,0.6739783883094788,0.4073088467121124,-0.250601202249527,0.6042177677154541,0.42290088534355164,0.15150275826454163,0.6722608804702759,0.40214401483535767,-0.244785875082016,0.6057463884353638,0.41896921396255493,0.12965519726276398,0.677737295627594,0.401717871427536,-0.21263715624809265,0.6154419183731079,0.41750332713127136,0.15520846843719482,0.7754896283149719,0.5645594000816345,-0.0859280675649643,0.7337995767593384,0.5512053370475769,0.08587728440761566,0.6477342247962952,0.5786069631576538,-0.2307749092578888,0.6267997026443481,0.55809086561203,-0.04415697976946831,0.5511586666107178,0.7471466064453125,-0.34136778116226196,0.524379551410675,0.6986066102981567,-0.1493724286556244,0.546637237071991,0.7907678484916687,-0.35231125354766846,0.5144672989845276,0.7381519675254822,-0.16116070747375488,0.4933605194091797,0.7160241603851318,-0.4318322539329529,0.46061810851097107,0.6683695316314697,-0.21609242260456085,0,1
0.776841938495636,0.2880909740924835,0.09946273267269135,0.7819811105728149,0.2714807689189911,0.10347934067249298,0.785933256149292,0.26942315697669983,0.10345339775085449,0.7906491160392761,0.2668597400188446,0.10343523323535919,0.7751741409301758,0.2733946740627289,0.12234993278980255,0.7739641666412354,0.27312251925468445,0.12234033644199371,0.7728840112686157,0.2730075716972351,0.122298464179039,0.808270275592804,0.264585942029953,0.13353130221366882,0.7829861044883728,0.27301549911499023,0.2207866907119751,0.7860387563705444,0.30395573377609253,0.1101895198225975,0.7785936594009399,0.30341988801956177,0.13572201132774353,0.8424787521362305,0.33700138330459595,0.055860430002212524,0.7698186635971069,0.34738510847091675,0.26483917236328125,0.8109458088874817,0.42362210154533386,-0.06068294495344162,0.7191615700721741,0.42069676518440247,0.2711260914802551,0.7311144471168518,0.40236514806747437,-0.1601603627204895,0.6622904539108276,0.42003771662712097,0.1661752164363861,0.7123311758041382,0.4110496938228607,-0.19045236706733704,0.6465672850608826,0.4247004985809326,0.14041413366794586,0.7110723257064819,0.40639227628707886,-0.19056031107902527,0.6483281850814819,0.4204307496547699,0.11977352201938629,0.715471625328064,0.4052908718585968,-0.1599878966808319,0.6543520092964172,0.42051073908805847,0.15100494027137756,0.7807312607765198,0.5682757496833801,-0.07079610973596573,0.7402825355529785,0.5498558878898621,0.07079357653856277,0.6638091206550598,0.6068655252456665,-0.21209514141082764,0.6358968019485474,0.5757282376289368,-0.06295672059059143,0.5592362880706787,0.7576972842216492,-0.3434339165687561,0.5273090600967407,0.7013750076293945,-0.19580988585948944,0.5471524000167847,0.8004013895988464,-0.35518401861190796,0.5155209302902222,0.7430419921875,-0.2110166847705841,0.49997273087501526,0.7180255651473999,-0.43710970878601074,0.462963342666626,0.6673445105552673,-0.2716744542121887,0,1
0.7855799198150635,0.30294615030288696,0.0818849727511406,0.7900420427322388,0.2877207398414612,0.07962674647569656,0.7936434149742126,0.2861139178276062,0.07957740873098373,0.7974098324775696,0.2839733064174652,0.07949446886777878,0.7836586833000183,0.2881467938423157,0.09978566318750381,0.782497763633728,0.2875420153141022,0.09980721771717072,0.7814130187034607,0.28709352016448975,0.09972532093524933,0.8137486577033997,0.27687788009643555,0.08864926546812057,0.7902771830558777,0.2877485752105713,0.18442746996879578,0.7955976128578186,0.3156093955039978,0.085850790143013,0.7880529165267944,0.31731700897216797,0.11375893652439117,0.8560587167739868,0.3367427587509155,0.03131430596113205,0.7833357453346252,0.3518085777759552,0.2377077043056488,0.848723292350769,0.4764215350151062,-0.03329209238290787,0.7572780847549438,0.4604724049568176,0.27467408776283264,0.7692224383354187,0.42892172932624817,-0.08191338926553726,0.7144238352775574,0.4394718110561371,0.2105782926082611,0.7530027627944946,0.42934781312942505,-0.10085680335760117,0.6921826601028442,0.43688103556632996,0.1929667890071869,0.7522341012954712,0.41481199860572815,-0.09764579683542252,0.6922330260276794,0.42950963973999023,0.170197993516922,0.7570041418075562,0.4176155626773834,-0.07858731597661972,0.7009937167167664,0.42989733815193176,0.19594666361808777,0.7836916446685791,0.5670717358589172,-0.0702962651848793,0.7436330318450928,0.5416544079780579,0.07039700448513031,0.668204665184021,0.6267197132110596,-0.19768044352531433,0.6420403718948364,0.5908656120300293,-0.05339206010103226,0.5538462400436401,0.7646247744560242,-0.32593628764152527,0.531715452671051,0.7010865807533264,-0.18318475782871246,0.5412688851356506,0.8049042820930481,-0.3395194709300995,0.514427125453949,0.7466681599617004,-0.19897916913032532,0.48965129256248474,0.7272423505783081,-0.40941888093948364,0.46453970670700073,0.6593389511108398,-0.25217515230178833,0,1
0.781894326210022,0.29682257771492004,0.07877517491579056,0.7882212400436401,0.2803630828857422,0.07996068149805069,0.7924999594688416,0.2788704037666321,0.07994992285966873,0.7970982193946838,0.27686336636543274,0.0798676609992981,0.780998945236206,0.28055956959724426,0.09801200032234192,0.779584527015686,0.2801806330680847,0.09803952276706696,0.7782194018363953,0.28005823493003845,0.09796424210071564,0.8128942251205444,0.27304837107658386,0.1090080514550209,0.7869142293930054,0.28058284521102905,0.19389916956424713,0.7915103435516357,0.3097158372402191,0.09057678282260895,0.7831257581710815,0.3113842010498047,0.1153920441865921,0.8509432673454285,0.33581897616386414,0.07600384950637817,0.7796074151992798,0.35062816739082336,0.2391188144683838,0.8686858415603638,0.47590717673301697,0.004972109571099281,0.7576836347579956,0.4528217613697052,0.23104596138000488,0.8045027852058411,0.4351225197315216,-0.04323447868227959,0.7278403639793396,0.43044915795326233,0.09497742354869843,0.7858200073242188,0.4315148591995239,-0.058825332671403885,0.7162164449691772,0.4278273284435272,0.06669211387634277,0.7836999893188477,0.4131569266319275,-0.04858739674091339,0.7188753485679626,0.41748225688934326,0.056311123073101044,0.7866992354393005,0.4144623279571533,-0.03633192926645279,0.7255142331123352,0.4192436635494232,0.08446383476257324,0.7859729528427124,0.5665891170501709,-0.06500694900751114,0.7446023225784302,0.539952278137207,0.06507372856140137,0.6716817617416382,0.6277211308479309,-0.1887185424566269,0.6424088478088379,0.5987473130226135,-0.06006275862455368,0.5510661602020264,0.7656001448631287,-0.31188541650772095,0.5303011536598206,0.7024343609809875,-0.19043515622615814,0.538993239402771,0.8068722486495972,-0.32336705923080444,0.5141483545303345,0.7505063414573669,-0.20542295277118683,0.48736047744750977,0.7341786623001099,-0.3937057852745056,0.46390074491500854,0.659113883972168,-0.25703758001327515,0,1
0.7804384827613831,0.27464690804481506,0.06460527330636978,0.7883843183517456,0.2588525414466858,0.07460109889507294,0.7929466962814331,0.257725328207016,0.07456745952367783,0.7976235151290894,0.2564466595649719,0.07438267022371292,0.779101550579071,0.260882169008255,0.08641060441732407,0.7770611643791199,0.26038917899131775,0.08647896349430084,0.775056779384613,0.25970470905303955,0.08641102910041809,0.8131799697875977,0.2572063207626343,0.10978983342647552,0.7823046445846558,0.26384395360946655,0.19774121046066284,0.7901505827903748,0.2921644449234009,0.08845670521259308,0.7804337739944458,0.2952266335487366,0.10436753928661346,0.8492394685745239,0.3352522850036621,0.0724368616938591,0.7737821936607361,0.34505966305732727,0.23208431899547577,0.8569000363349915,0.47942906618118286,0.007233224809169769,0.7520400881767273,0.45965132117271423,0.20339564979076385,0.7917243242263794,0.4302598237991333,-0.04046071320772171,0.7192822098731995,0.42420467734336853,0.04696939140558243,0.7744670510292053,0.4223976135253906,-0.05619838833808899,0.7054294347763062,0.4200288653373718,0.016198232769966125,0.7728099226951599,0.40485242009162903,-0.04737459868192673,0.7061044573783875,0.4092828929424286,0.00264364923350513,0.7766678333282471,0.4063568413257599,-0.03436971455812454,0.7120229005813599,0.41155534982681274,0.03437289223074913,0.7908440828323364,0.5636014938354492,-0.06327085196971893,0.743925154209137,0.537906289100647,0.0633523240685463,0.6739895343780518,0.625698983669281,-0.20342814922332764,0.6428385376930237,0.5965016484260559,-0.06161237880587578,0.5510412454605103,0.7645377516746521,-0.3185346722602844,0.5290462374687195,0.7010639905929565,-0.19088777899742126,0.5390011072158813,0.8056990504264832,-0.32929089665412903,0.512350857257843,0.7446095943450928,-0.20616045594215393,0.48070067167282104,0.7371703386306763,-0.40031471848487854,0.46050000190734863,0.6598013043403625,-0.2571515440940857,0,1
0.7790992856025696,0.25843459367752075,-0.028911754488945007,0.7873359322547913,0.24040399491786957,-0.021889792755246162,0.7919133901596069,0.2382630705833435,-0.02194851264357567,0.7972222566604614,0.23583954572677612,-0.022037792950868607,0.7768930196762085,0.24471548199653625,-0.0071524507366120815,0.7746700048446655,0.24526822566986084,-0.0071506500244140625,0.7721554040908813,0.24551084637641907,-0.0071910955011844635,0.8124839663505554,0.2384418547153473,0.030968770384788513,0.7776183485984802,0.2507613003253937,0.10108804702758789,0.7890821099281311,0.2759335935115814,-0.009007617831230164,0.7789509892463684,0.2777431011199951,0.011542736552655697,0.8469010591506958,0.33771663904190063,-0.0011587971821427345,0.7662185430526733,0.34195810556411743,0.1738731414079666,0.8405895233154297,0.479256272315979,-0.06750129908323288,0.7383012175559998,0.45918095111846924,0.17842379212379456,0.7609956860542297,0.4267387390136719,-0.1258126199245453,0.6941109895706177,0.4387458264827728,0.027231881394982338,0.7427517175674438,0.4234439730644226,-0.14901523292064667,0.6742423176765442,0.4346385598182678,-0.004141739569604397,0.7417925596237183,0.4102061092853546,-0.14479604363441467,0.6756560206413269,0.4283747673034668,-0.02636408433318138,0.7484594583511353,0.411403626203537,-0.12259993702173233,0.6823891401290894,0.43099185824394226,0.010878821834921837,0.7891749143600464,0.5726414322853088,-0.06566506624221802,0.7415716648101807,0.5456533432006836,0.06582380831241608,0.6737735271453857,0.6243647933006287,-0.22596323490142822,0.6424580812454224,0.5934752225875854,-0.07549154758453369,0.5556344985961914,0.7636512517929077,-0.36502891778945923,0.5293771028518677,0.7013741135597229,-0.22197046875953674,0.5457438230514526,0.806038498878479,-0.3774750828742981,0.51667720079422,0.7455381751060486,-0.23896746337413788,0.48222488164901733,0.736517071723938,-0.459973007440567,0.45781072974205017,0.6604158878326416,-0.3024253249168396,0,1
0.7594048380851746,0.2450064718723297,-0.03210793808102608,0.7672356367111206,0.22807544469833374,-0.030742758885025978,0.7712787389755249,0.22759310901165009,-0.03075757995247841,0.7755174040794373,0.2266380488872528,-0.03075181506574154,0.7588596940040588,0.2280699610710144,-0.012782251462340355,0.7564369440078735,0.22807744145393372,-0.012857073917984962,0.7542094588279724,0.2282467782497406,-0.012950439937412739,0.7903025150299072,0.23155608773231506,-0.006365514360368252,0.7615810036659241,0.2367907166481018,0.07501106709241867,0.7677930593490601,0.2645801305770874,-0.022522130981087685,0.7585496306419373,0.26672205328941345,0.0012581029441207647,0.8247596621513367,0.3403550386428833,-0.05602476745843887,0.7446302771568298,0.3413877487182617,0.13923723995685577,0.7896319031715393,0.47513335943222046,-0.14522358775138855,0.6965293884277344,0.44733038544654846,0.12753883004188538,0.7112453579902649,0.43497899174690247,-0.2160019427537918,0.6391390562057495,0.44906187057495117,-0.024669719859957695,0.6940473318099976,0.44199761748313904,-0.23978391289710999,0.6249865293502808,0.45258453488349915,-0.0533674955368042,0.6907604932785034,0.4290863573551178,-0.23685801029205322,0.625995397567749,0.4493105709552765,-0.07058210670948029,0.6969432830810547,0.4290766417980194,-0.2137298583984375,0.6315780282020569,0.4485475420951843,-0.03887536749243736,0.7828036546707153,0.5733911395072937,-0.06688476353883743,0.7347525358200073,0.550871729850769,0.0669572725892067,0.6671392917633057,0.6069828271865845,-0.23288531601428986,0.6378105878829956,0.5669769048690796,-0.08950574696063995,0.5613215565681458,0.7620542049407959,-0.33124595880508423,0.5314614176750183,0.7011102437973022,-0.21120686829090118,0.5502122044563293,0.8049545884132385,-0.3415810465812683,0.5243155360221863,0.743241548538208,-0.2247641533613205,0.49638819694519043,0.7284005284309387,-0.43394818902015686,0.4701023995876312,0.664023220539093,-0.292131245136261,0,1
0.7356249094009399,0.23333147168159485,-0.024668831378221512,0.7450089454650879,0.2175847738981247,-0.019403057172894478,0.7490773797035217,0.21722039580345154,-0.019413620233535767,0.7538976669311523,0.21649113297462463,-0.019374122843146324,0.736564576625824,0.218106210231781,-0.002107819076627493,0.7346774935722351,0.21800488233566284,-0.0021968421060591936,0.7327900528907776,0.21800002455711365,-0.002302521141245961,0.7683900594711304,0.22393499314785004,0.01560850627720356,0.7419094443321228,0.22537089884281158,0.09315723925828934,0.7445651292800903,0.2527308464050293,-0.012080972082912922,0.7354714274406433,0.25371429324150085,0.010345637798309326,0.7963984608650208,0.3328638970851898,-0.06560680270195007,0.7217050194740295,0.335713654756546,0.16956385970115662,0.746855616569519,0.4423476457595825,-0.1690705120563507,0.6639889478683472,0.4356963634490967,0.17935486137866974,0.6573068499565125,0.46173354983329773,-0.23769350349903107,0.6148416996002197,0.4558451771736145,0.048845916986465454,0.6390259861946106,0.47411373257637024,-0.2647807002067566,0.5918465852737427,0.4673369526863098,0.030349820852279663,0.6342489123344421,0.46338915824890137,-0.26282209157943726,0.5913819670677185,0.463331401348114,0.007306883577257395,0.6409528851509094,0.4613856375217438,-0.23624956607818604,0.6004855036735535,0.46043315529823303,0.03375891596078873,0.7673132419586182,0.5741402506828308,-0.08379074931144714,0.7235095500946045,0.552096962928772,0.0836508721113205,0.6485636234283447,0.5654745101928711,-0.23798152804374695,0.6221005320549011,0.5405331254005432,-0.0627741888165474,0.5582970976829529,0.7482743263244629,-0.32697585225105286,0.5334814190864563,0.7021870017051697,-0.1517048478126526,0.550014317035675,0.7978874444961548,-0.3351891040802002,0.5241516828536987,0.733426570892334,-0.16168323159217834,0.4964347779750824,0.7181547284126282,-0.41412800550460815,0.4740104675292969,0.6750960350036621,-0.21648232638835907,0,1
0.7075704336166382,0.22727756202220917,-0.12223665416240692,0.71727454662323,0.2115117460489273,-0.11270736157894135,0.72138512134552,0.2111867070198059,-0.11268024146556854,0.7257867455482483,0.21096965670585632,-0.11260189861059189,0.7101148962974548,0.21173638105392456,-0.09620588272809982,0.7085427641868591,0.21157847344875336,-0.09628289937973022,0.706898033618927,0.2113848179578781,-0.09634870290756226,0.7413944005966187,0.22272375226020813,-0.05251571536064148,0.715461790561676,0.2199673056602478,0.022100796923041344,0.7149480581283569,0.24726861715316772,-0.10034243017435074,0.7063928842544556,0.2459074854850769,-0.07855196297168732,0.7634453177452087,0.3239090144634247,-0.11475352197885513,0.6930457353591919,0.33121103048324585,0.13995513319969177,0.7049465775489807,0.43088585138320923,-0.19205434620380402,0.632372260093689,0.42515331506729126,0.18457980453968048,0.6204556226730347,0.4643726050853729,-0.2503568232059479,0.5765137076377869,0.4575972259044647,0.08167412132024765,0.6027178764343262,0.4798252582550049,-0.28100118041038513,0.5576311945915222,0.46990644931793213,0.0685490295290947,0.5999853610992432,0.47210824489593506,-0.2774888575077057,0.5576866865158081,0.46848806738853455,0.04285069927573204,0.6067036390304565,0.46758779883384705,-0.24885575473308563,0.5644823312759399,0.46554458141326904,0.06728681176900864,0.7470642328262329,0.5791727900505066,-0.09615840017795563,0.7074044346809387,0.5552282333374023,0.09598447382450104,0.6373028755187988,0.5368419885635376,-0.29824191331863403,0.6041545271873474,0.5071285963058472,-0.017242705449461937,0.5531856417655945,0.7387402057647705,-0.36923420429229736,0.5292495489120483,0.6964730024337769,-0.08006293326616287,0.5502007007598877,0.7898075580596924,-0.37557220458984375,0.5158050060272217,0.730503261089325,-0.08774122595787048,0.49706655740737915,0.7178021669387817,-0.4543553292751312,0.46942800283432007,0.6694279313087463,-0.13933691382408142,0,1
0.6764097809791565,0.2222941666841507,-0.16645146906375885,0.6850598454475403,0.2079140990972519,-0.1632804125547409,0.68857342004776,0.2079014629125595,-0.16326406598091125,0.6927416920661926,0.20780374109745026,-0.1632101833820343,0.6789517998695374,0.2076817899942398,-0.1407317817211151,0.6777625679969788,0.20762522518634796,-0.14082962274551392,0.6766824722290039,0.20747750997543335,-0.14089974761009216,0.7086513638496399,0.22036446630954742,-0.12382765859365463,0.6860468983650208,0.21720579266548157,-0.021186502650380135,0.6818298697471619,0.2436208575963974,-0.15203027427196503,0.6754019260406494,0.24322223663330078,-0.1220996230840683,0.7308114767074585,0.3187396228313446,-0.19061347842216492,0.6634687185287476,0.330651193857193,0.09714474529027939,0.6636921167373657,0.43085169792175293,-0.27291133999824524,0.5999900102615356,0.41929012537002563,0.12236092239618301,0.5820576548576355,0.4683679938316345,-0.2999739348888397,0.536751389503479,0.4647535979747772,0.020880436524748802,0.5575536489486694,0.4908592700958252,-0.3367656469345093,0.5209811925888062,0.4751836657524109,0.007678365800529718,0.553957998752594,0.47972917556762695,-0.3312152326107025,0.5197254419326782,0.47390103340148926,-0.02639412321150303,0.5615004897117615,0.47516950964927673,-0.2985036373138428,0.5271705985069275,0.4720798432826996,0.0022872104309499264,0.7287428379058838,0.5812934637069702,-0.10605138540267944,0.6889378428459167,0.5625258684158325,0.10583561658859253,0.6143649816513062,0.5186294913291931,-0.3273370862007141,0.5839901566505432,0.4954621195793152,-0.018219899386167526,0.5477526187896729,0.7295030355453491,-0.3909302055835724,0.5241653919219971,0.6947311758995056,-0.0861436277627945,0.5476177930831909,0.7822099328041077,-0.3976786434650421,0.5139187574386597,0.7322385907173157,-0.09515941888093948,0.4922215938568115,0.7178981304168701,-0.4874908924102783,0.4688831865787506,0.6744148135185242,-0.15215884149074554,0,1
0.6442423462867737,0.21354232728481293,-0.21944253146648407,0.6528838872909546,0.20055992901325226,-0.21868428587913513,0.6567888259887695,0.20078207552433014,-0.21867020428180695,0.6611132025718689,0.20121029019355774,-0.21860595047473907,0.6469429135322571,0.19965386390686035,-0.19555093348026276,0.646025538444519,0.19949035346508026,-0.19564591348171234,0.6450902223587036,0.19928906857967377,-0.19573703408241272,0.6776748895645142,0.2171798050403595,-0.1795222908258438,0.6553198099136353,0.21101506054401398,-0.07621271908283234,0.6499540209770203,0.2371736466884613,-0.20483560860157013,0.6427738666534424,0.23544955253601074,-0.1747208833694458,0.6958286762237549,0.3182840347290039,-0.2459454983472824,0.6364033818244934,0.3296411633491516,0.05529065802693367,0.6206694841384888,0.42447179555892944,-0.32259878516197205,0.5696220993995667,0.4166102111339569,0.07615037262439728,0.5257986783981323,0.48876601457595825,-0.34033751487731934,0.5013920664787292,0.47429126501083374,-0.022907335311174393,0.5068977475166321,0.49651670455932617,-0.37910789251327515,0.4851921498775482,0.485260009765625,-0.03711886703968048,0.5023729205131531,0.48870766162872314,-0.37181660532951355,0.4841122627258301,0.4857996702194214,-0.07345546036958694,0.5086764097213745,0.4855055809020996,-0.33863478899002075,0.49070677161216736,0.48372116684913635,-0.042879339307546616,0.7061960697174072,0.584079384803772,-0.1081244945526123,0.6676576137542725,0.5699475407600403,0.10791049897670746,0.5973150730133057,0.5018632411956787,-0.3185647428035736,0.562485933303833,0.47849732637405396,0.015834873542189598,0.5422812700271606,0.7260366678237915,-0.3570842146873474,0.5177065134048462,0.6955950856208801,-0.031859297305345535,0.5457066297531128,0.7784746885299683,-0.36052951216697693,0.5207268595695496,0.7310979962348938,-0.03945101052522659,0.4827558100223541,0.7143710851669312,-0.4484574794769287,0.4671022295951843,0.6896266937255859,-0.09948058426380157,0,1
0.6114605665206909,0.211930513381958,-0.18414868414402008,0.6201990842819214,0.19840426743030548,-0.18539801239967346,0.6235234141349792,0.19859616458415985,-0.18539950251579285,0.6272265911102295,0.19880197942256927,-0.185347318649292,0.6152549982070923,0.1969308853149414,-0.16003988683223724,0.6148109436035156,0.19653020799160004,-0.16012880206108093,0.6143969297409058,0.19609904289245605,-0.1602102667093277,0.6450315713882446,0.21510575711727142,-0.15783852338790894,0.6268097162246704,0.20784123241901398,-0.03467482700943947,0.6165789365768433,0.2348606139421463,-0.17210665345191956,0.6106107831001282,0.2328072041273117,-0.14170926809310913,0.6614599227905273,0.31616511940956116,-0.23663032054901123,0.6130397915840149,0.3277621865272522,0.11687370389699936,0.5749588012695312,0.4197908937931061,-0.32920753955841064,0.5474346876144409,0.4138339161872864,0.14320267736911774,0.4863101541996002,0.48337996006011963,-0.3491040766239166,0.47166943550109863,0.47879672050476074,0.03549806773662567,0.46340686082839966,0.4923282563686371,-0.3920378088951111,0.45374542474746704,0.4904211759567261,0.024891309440135956,0.46018186211586,0.48476874828338623,-0.38023197650909424,0.4522903859615326,0.49035370349884033,-0.016574207693338394,0.4670037627220154,0.48145973682403564,-0.3458649516105652,0.4598979353904724,0.487278014421463,0.012344365008175373,0.6829541325569153,0.5923572778701782,-0.11860418319702148,0.6475317478179932,0.5852477550506592,0.1183784157037735,0.5685149431228638,0.48127779364585876,-0.33853814005851746,0.5439177751541138,0.46610400080680847,0.0494927242398262,0.5375713109970093,0.7250693440437317,-0.34136122465133667,0.5129656791687012,0.6960688829421997,-0.0037094787694513798,0.5433022975921631,0.7820963263511658,-0.3411747217178345,0.5211833119392395,0.7353688478469849,-0.01235334575176239,0.47463154792785645,0.7311204671859741,-0.4192529320716858,0.4605073928833008,0.6971811652183533,-0.06939678639173508,0,1
0.5812082290649414,0.21141673624515533,-0.20289269089698792,0.5925360321998596,0.1964295655488968,-0.2098512202501297,0.5962764620780945,0.1968040019273758,-0.20993217825889587,0.60051029920578,0.19733837246894836,-0.20997364819049835,0.5864365696907043,0.1952662169933319,-0.17822730541229248,0.5857641696929932,0.19495844841003418,-0.17827102541923523,0.5852376222610474,0.19469095766544342,-0.17830464243888855,0.6148549318313599,0.21379095315933228,-0.18809454143047333,0.5986675024032593,0.20698511600494385,-0.04853153973817825,0.5863451361656189,0.2346193492412567,-0.19463971257209778,0.5800254344940186,0.23200462758541107,-0.15380282700061798,0.6240360140800476,0.3126884996891022,-0.27612799406051636,0.5919255018234253,0.32981669902801514,0.134947270154953,0.5361934900283813,0.4226173460483551,-0.35037288069725037,0.5215581655502319,0.41691750288009644,0.16671010851860046,0.45198407769203186,0.4757562279701233,-0.3551537096500397,0.44374942779541016,0.47757622599601746,0.07563654333353043,0.4254736304283142,0.49523091316223145,-0.39931073784828186,0.4223138391971588,0.4918888807296753,0.07331816107034683,0.42326751351356506,0.4895016551017761,-0.38409075140953064,0.42271071672439575,0.49106645584106445,0.03405949845910072,0.43073153495788574,0.4857468903064728,-0.34992265701293945,0.4270625710487366,0.4894266724586487,0.054874271154403687,0.6617127060890198,0.595536470413208,-0.12554514408111572,0.6389575004577637,0.5924499034881592,0.12530222535133362,0.5420255064964294,0.4690620005130768,-0.1837754100561142,0.5298925638198853,0.4646466076374054,0.1581755429506302,0.5349271893501282,0.7159281373023987,-0.0738401859998703,0.5185472965240479,0.6920302510261536,0.17950056493282318,0.5409277081489563,0.7805559635162354,-0.06272052228450775,0.5283329486846924,0.7315744161605835,0.17885637283325195,0.4698382318019867,0.728192150592804,-0.09508174657821655,0.46220332384109497,0.709109365940094,0.15213723480701447,0,1
0.5569299459457397,0.20825237035751343,-0.17765653133392334,0.5669721364974976,0.1934843510389328,-0.20050199329853058,0.5693848729133606,0.19432026147842407,-0.20064668357372284,0.5720278024673462,0.19547012448310852,-0.20074912905693054,0.5639727115631104,0.1921631544828415,-0.15977521240711212,0.5642222166061401,0.1919805109500885,-0.15975648164749146,0.564717173576355,0.19183072447776794,-0.15971264243125916,0.5843702554702759,0.21225792169570923,-0.20139291882514954,0.5781903862953186,0.20568805932998657,-0.05699431896209717,0.5599939227104187,0.231474369764328,-0.18685582280158997,0.5565699338912964,0.22825205326080322,-0.13435180485248566,0.5826584696769714,0.31470632553100586,-0.3012239336967468,0.5853268504142761,0.32752007246017456,0.1315372884273529,0.49608761072158813,0.43913790583610535,-0.3626258671283722,0.500993013381958,0.4219591021537781,0.17120599746704102,0.4111846387386322,0.5033755898475647,-0.35044488310813904,0.4206978678703308,0.4823552072048187,0.10145874321460724,0.3948570489883423,0.5227375626564026,-0.4033229947090149,0.4026208519935608,0.4977561831474304,0.11067278683185577,0.3934626877307892,0.5162824988365173,-0.36621496081352234,0.4018933176994324,0.4974028170108795,0.06918206810951233,0.39832717180252075,0.5126610994338989,-0.3365228772163391,0.40670743584632874,0.4963781535625458,0.08068868517875671,0.6368809342384338,0.5996679663658142,-0.13334789872169495,0.628474235534668,0.5959122180938721,0.13322484493255615,0.5243662595748901,0.4648878872394562,-0.15669368207454681,0.5233734846115112,0.4625919759273529,0.2618972659111023,0.5228524208068848,0.7072471380233765,-0.006746877916157246,0.531073272228241,0.6820271611213684,0.36688855290412903,0.530121922492981,0.7738984823226929,0.008074845187366009,0.5466707348823547,0.7205038070678711,0.37598666548728943,0.46240919828414917,0.7120291590690613,-0.011822753585875034,0.48815494775772095,0.7072847485542297,0.36795610189437866,0,1
0.5364955067634583,0.20407000184059143,-0.14642806351184845,0.5465713739395142,0.1905895173549652,-0.1706068217754364,0.548850953578949,0.191690132021904,-0.17071793973445892,0.5514166355133057,0.19302640855312347,-0.17075613141059875,0.5441877841949463,0.18878158926963806,-0.12834970653057098,0.5447036623954773,0.1887582391500473,-0.12831160426139832,0.5456008911132812,0.18870025873184204,-0.12832435965538025,0.5643011331558228,0.21099476516246796,-0.20477735996246338,0.559856653213501,0.2044808566570282,-0.03353848308324814,0.5392071008682251,0.2272646725177765,-0.15998373925685883,0.5364043116569519,0.22442525625228882,-0.10539418458938599,0.5592122077941895,0.3174985349178314,-0.3072277903556824,0.5656406283378601,0.3291277289390564,0.12935321033000946,0.47102242708206177,0.4431524872779846,-0.3810443878173828,0.4777389168739319,0.4367969036102295,0.14223125576972961,0.38624197244644165,0.5200092196464539,-0.3796952962875366,0.39914005994796753,0.5046675205230713,0.0685834065079689,0.3685799241065979,0.5412776470184326,-0.42890697717666626,0.3795221447944641,0.5169818997383118,0.07328848540782928,0.3662474751472473,0.5365316271781921,-0.4051492214202881,0.37679940462112427,0.5183143019676208,0.03745640441775322,0.3712025284767151,0.5312148928642273,-0.37159278988838196,0.3833712935447693,0.5153527855873108,0.049620188772678375,0.620404839515686,0.6019080281257629,-0.1331581026315689,0.6124651432037354,0.60248863697052,0.1329595148563385,0.5045056939125061,0.4558165669441223,-0.15793363749980927,0.5012341141700745,0.45169779658317566,0.24119476974010468,0.512966513633728,0.7018097043037415,0.018412893638014793,0.5331511497497559,0.669410765171051,0.2915392518043518,0.5281375050544739,0.7533215284347534,0.03774317353963852,0.5500799417495728,0.704833984375,0.29569464921951294,0.4593349099159241,0.7086141109466553,0.029389813542366028,0.49796777963638306,0.7057819366455078,0.2802065908908844,0,1
0.5193631052970886,0.20115143060684204,-0.12226887047290802,0.5299623608589172,0.1895727962255478,-0.14591200649738312,0.5321254730224609,0.19110652804374695,-0.14600405097007751,0.5346598029136658,0.19273652136325836,-0.14602002501487732,0.5284290909767151,0.18740935623645782,-0.10783561319112778,0.5293897390365601,0.18761293590068817,-0.10783246904611588,0.5306878089904785,0.18785201013088226,-0.10785877704620361,0.5472887754440308,0.211118683218956,-0.19236576557159424,0.5449117422103882,0.20459537208080292,-0.01260448433458805,0.5208223462104797,0.22364820539951324,-0.13622483611106873,0.5191428661346436,0.22071215510368347,-0.08692039549350739,0.5380759239196777,0.3205326795578003,-0.29067403078079224,0.5450782775878906,0.32893702387809753,0.12046760320663452,0.4527309834957123,0.44260263442993164,-0.33947116136550903,0.45627036690711975,0.4356672167778015,0.14021097123622894,0.36252814531326294,0.5164337158203125,-0.3291214108467102,0.372195303440094,0.5011714696884155,0.09174259006977081,0.3440823554992676,0.5406411290168762,-0.38372963666915894,0.3558194637298584,0.5152860879898071,0.09581005573272705,0.34136253595352173,0.534062922000885,-0.35115835070610046,0.3537156581878662,0.5159335136413574,0.05795258283615112,0.34783294796943665,0.5269101858139038,-0.3215232193470001,0.35833582282066345,0.5145549178123474,0.07298284769058228,0.6078535318374634,0.6072375178337097,-0.1305239349603653,0.6002923250198364,0.6059197187423706,0.130327969789505,0.4961138367652893,0.4592864215373993,-0.1901824176311493,0.4878128170967102,0.45889943838119507,0.24058356881141663,0.5154627561569214,0.7042436599731445,-0.018639588728547096,0.5305935144424438,0.673821210861206,0.2984943985939026,0.5292173624038696,0.7507147192955017,0.0014098440296947956,0.5495277643203735,0.7058002948760986,0.30517277121543884,0.4613726735115051,0.7165511846542358,0.008969292044639587,0.5042952299118042,0.7148638963699341,0.3101259171962738,0,1
0.5095487236976624,0.2007240504026413,-0.08301301300525665,0.5200088024139404,0.18958225846290588,-0.1048925369977951,0.5225750207901001,0.19138799607753754,-0.10498113930225372,0.5253525972366333,0.19319498538970947,-0.1050010547041893,0.5171920657157898,0.18748162686824799,-0.06862376630306244,0.5177488923072815,0.1877790093421936,-0.06864145398139954,0.5185838937759399,0.18816210329532623,-0.06866971403360367,0.5375303030014038,0.2118176370859146,-0.14717997610569,0.5321478843688965,0.2058105319738388,0.014967228285968304,0.5115562677383423,0.22283808887004852,-0.09641300141811371,0.5078797340393066,0.2207130491733551,-0.049541182816028595,0.5321875810623169,0.31965839862823486,-0.24555225670337677,0.5309527516365051,0.3283199667930603,0.13902297616004944,0.441851943731308,0.435316264629364,-0.2975234389305115,0.4429650902748108,0.43094009160995483,0.1572524756193161,0.35645487904548645,0.5027962327003479,-0.28752878308296204,0.3593742251396179,0.49684977531433105,0.1066107377409935,0.3364395499229431,0.5285286903381348,-0.3329952359199524,0.3415639102458954,0.5107911825180054,0.11393042653799057,0.3352257311344147,0.5204368829727173,-0.3074328303337097,0.34062209725379944,0.5106310248374939,0.07276619970798492,0.34155339002609253,0.5146759748458862,-0.27878302335739136,0.3457191586494446,0.5104673504829407,0.0860530287027359,0.6096795797348022,0.607727587223053,-0.12781862914562225,0.5987167358398438,0.6049616932868958,0.12765179574489594,0.49135786294937134,0.4611515998840332,-0.16985692083835602,0.4703495502471924,0.49402207136154175,0.22283820807933807,0.5249945521354675,0.7083446979522705,-0.0007921187207102776,0.5312916040420532,0.6758984327316284,0.28044670820236206,0.5391700863838196,0.7539665102958679,0.019338946789503098,0.5506876707077026,0.7079228162765503,0.28440338373184204,0.4725112318992615,0.7445604801177979,0.03162596747279167,0.5114798545837402,0.7351935505867004,0.2831091284751892,0,1
0.5085595846176147,0.20182794332504272,-0.06748009473085403,0.5186015963554382,0.19236566126346588,-0.08668027073144913,0.5213443636894226,0.19346429407596588,-0.08677740395069122,0.5242279171943665,0.1949750930070877,-0.08679969608783722,0.5156355500221252,0.1915723979473114,-0.0498976856470108,0.5161228775978088,0.19184920191764832,-0.04990431293845177,0.5169047117233276,0.19205699861049652,-0.049907386302948,0.5376123785972595,0.2125350534915924,-0.12065726518630981,0.5305343866348267,0.20729048550128937,0.0427563451230526,0.5113587975502014,0.22302591800689697,-0.07908381521701813,0.5073498487472534,0.22152598202228546,-0.031502991914749146,0.538695216178894,0.3142760097980499,-0.2252405881881714,0.5342152118682861,0.3271534740924835,0.17277370393276215,0.4491647183895111,0.42457276582717896,-0.29467707872390747,0.4455311894416809,0.42178043723106384,0.19463813304901123,0.36378154158592224,0.484634667634964,-0.285216361284256,0.3633539080619812,0.4824114143848419,0.13541384041309357,0.34372031688690186,0.5126564502716064,-0.32849106192588806,0.34597325325012207,0.497572124004364,0.14578872919082642,0.34216049313545227,0.5068766474723816,-0.29967647790908813,0.3446061909198761,0.5007606744766235,0.10478319972753525,0.34827959537506104,0.5015109181404114,-0.27484482526779175,0.35024914145469666,0.5009172558784485,0.11487861722707748,0.6132796406745911,0.6071532368659973,-0.12439180910587311,0.6003502607345581,0.6046591997146606,0.12420757859945297,0.4905247688293457,0.4617055654525757,-0.19239124655723572,0.46767711639404297,0.5073412656784058,0.2012437880039215,0.5295571684837341,0.7009274363517761,-0.037136610597372055,0.5289943218231201,0.6766052842140198,0.23055310547351837,0.5436943173408508,0.7534942030906677,-0.017625464126467705,0.5501714944839478,0.708773136138916,0.23368830978870392,0.47905200719833374,0.7508141398429871,-0.006194652058184147,0.5084055662155151,0.7408729791641235,0.23562335968017578,0,1
0.5179046392440796,0.20219536125659943,-0.058939702808856964,0.5274658203125,0.19157686829566956,-0.0777520164847374,0.5300978422164917,0.19223403930664062,-0.07785043865442276,0.5331224203109741,0.19321411848068237,-0.07786833494901657,0.5247095227241516,0.19121868908405304,-0.042165741324424744,0.5250205993652344,0.1914551556110382,-0.042157433927059174,0.5255937576293945,0.19157715141773224,-0.042132116854190826,0.5485867857933044,0.2087695300579071,-0.10942840576171875,0.5406635999679565,0.20476481318473816,0.050136666744947433,0.5227700471878052,0.22303524613380432,-0.06877141445875168,0.5181038975715637,0.22215355932712555,-0.022467099130153656,0.5598804950714111,0.3063027262687683,-0.2170872986316681,0.5496804714202881,0.32545164227485657,0.1961715817451477,0.46573227643966675,0.4105762839317322,-0.27801841497421265,0.4693126678466797,0.41392576694488525,0.24351152777671814,0.377069354057312,0.47017720341682434,-0.24511030316352844,0.3895883560180664,0.4663011431694031,0.18063554167747498,0.3651244640350342,0.4918298125267029,-0.2807515263557434,0.37282249331474304,0.4827958941459656,0.1954788863658905,0.36287450790405273,0.48505765199661255,-0.25304827094078064,0.3710334599018097,0.4815501868724823,0.1548221856355667,0.36725014448165894,0.4812428653240204,-0.23344454169273376,0.37574803829193115,0.47902095317840576,0.16083213686943054,0.6212277412414551,0.6014518141746521,-0.1253935843706131,0.6047918200492859,0.6044275760650635,0.1252100169658661,0.4972405433654785,0.46248894929885864,-0.19209788739681244,0.49032360315322876,0.4819677472114563,0.1917198896408081,0.5139523148536682,0.714874804019928,-0.054162364453077316,0.521518349647522,0.6956280469894409,0.17506219446659088,0.5277944207191467,0.7679710984230042,-0.039142679423093796,0.5390841960906982,0.7294480800628662,0.17226414382457733,0.45635896921157837,0.7414000034332275,-0.04573192819952965,0.47933268547058105,0.7378636002540588,0.15968835353851318,0,1
0.5579348206520081,0.20331548154354095,-0.07454228401184082,0.567808985710144,0.18870297074317932,-0.09167169034481049,0.5710309147834778,0.18871921300888062,-0.09175096452236176,0.5744054317474365,0.18888475000858307,-0.09175258874893188,0.5633388161659241,0.1884063333272934,-0.05504457280039787,0.5633291006088257,0.18834751844406128,-0.055038727819919586,0.5635225772857666,0.18812069296836853,-0.05499178171157837,0.5906361937522888,0.20311035215854645,-0.12280839681625366,0.5792372226715088,0.1982676237821579,0.03890190273523331,0.5647522211074829,0.22580432891845703,-0.08130929619073868,0.5597228407859802,0.22469991445541382,-0.0344102643430233,0.611941933631897,0.3011888265609741,-0.22664165496826172,0.5815739035606384,0.3243636190891266,0.18926388025283813,0.5233961939811707,0.38245078921318054,-0.3159346878528595,0.5095767378807068,0.3963303565979004,0.25494709610939026,0.4356526732444763,0.41982266306877136,-0.3077360689640045,0.43124762177467346,0.43030059337615967,0.17374268174171448,0.41532260179519653,0.43939700722694397,-0.34718772768974304,0.4152221083641052,0.4417937695980072,0.17988629639148712,0.41297322511672974,0.4316428303718567,-0.32517677545547485,0.41432157158851624,0.43493762612342834,0.14134787023067474,0.41923150420188904,0.4266905188560486,-0.2982826828956604,0.41877037286758423,0.43371129035949707,0.15416374802589417,0.6412948966026306,0.5999606847763062,-0.1301497220993042,0.6154576539993286,0.6033352613449097,0.12995222210884094,0.5135974287986755,0.46365034580230713,-0.18320688605308533,0.5032387971878052,0.4798639416694641,0.18432100117206573,0.5188921093940735,0.710273265838623,-0.021218355745077133,0.519832193851471,0.6949076056480408,0.1759387105703354,0.5294378995895386,0.7657346129417419,-0.0012201147619634867,0.5345746874809265,0.7301117181777954,0.1749316155910492,0.46869057416915894,0.7278291583061218,0.014109594747424126,0.4753516614437103,0.729242205619812,0.1603601723909378,0,1
0.6039196848869324,0.20770837366580963,-0.017631778493523598,0.6131534576416016,0.189675435423851,-0.02834409847855568,0.6174052357673645,0.18931089341640472,-0.028377126902341843,0.6224991083145142,0.18913991749286652,-0.0283369030803442,0.6073404550552368,0.1898670345544815,0.004686451517045498,0.6067282557487488,0.18993408977985382,0.004650167189538479,0.6062077283859253,0.1898825466632843,0.004616457037627697,0.6397368907928467,0.201911062002182,-0.041050899773836136,0.6218854188919067,0.1985156238079071,0.10967935621738434,0.6119734048843384,0.23036901652812958,-0.022435229271650314,0.6053944826126099,0.2299303412437439,0.02124369703233242,0.670158326625824,0.30128365755081177,-0.15944871306419373,0.6097949743270874,0.326947957277298,0.21978077292442322,0.5896838903427124,0.36812853813171387,-0.3344562351703644,0.5351922512054443,0.38847318291664124,0.25905507802963257,0.4872311055660248,0.40122225880622864,-0.38243716955184937,0.46568331122398376,0.42233806848526,0.1627618968486786,0.4657328724861145,0.41617482900619507,-0.42585277557373047,0.4503049850463867,0.42898106575012207,0.15327316522598267,0.4615545868873596,0.41015130281448364,-0.4066309928894043,0.4497537612915039,0.4257809519767761,0.11886346340179443,0.46671348810195923,0.4099280536174774,-0.37526801228523254,0.45583492517471313,0.42793145775794983,0.14293257892131805,0.6690137386322021,0.5925537943840027,-0.12695452570915222,0.6294342279434204,0.5973730683326721,0.12665650248527527,0.537972092628479,0.464502215385437,-0.23144333064556122,0.5215929746627808,0.4672858417034149,0.08314308524131775,0.5368924736976624,0.7046664357185364,-0.1856527328491211,0.5086826682090759,0.6926183700561523,0.03212651237845421,0.5450987219810486,0.7636889219284058,-0.17979393899440765,0.5150926113128662,0.7274937033653259,0.024936256930232048,0.4764975607395172,0.732256293296814,-0.22481247782707214,0.44655466079711914,0.7129544615745544,-0.01935265213251114,0,1
0.6465302109718323,0.21390381455421448,-0.07780700922012329,0.6565576195716858,0.19653311371803284,-0.07507406920194626,0.6613239049911499,0.19598475098609924,-0.07512787729501724,0.6663373708724976,0.19542668759822845,-0.07511144131422043,0.6495276093482971,0.19724619388580322,-0.05392910912632942,0.6485356688499451,0.1973133236169815,-0.053998686373233795,0.6475993394851685,0.19712398946285248,-0.054077982902526855,0.6816965341567993,0.20543383061885834,-0.0712326169013977,0.6602597832679749,0.2052585780620575,0.06025925278663635,0.6543112993240356,0.23593482375144958,-0.06748320162296295,0.6466526389122009,0.23589642345905304,-0.03542940318584442,0.7093538045883179,0.3041563332080841,-0.16248731315135956,0.6433666348457336,0.32791849970817566,0.14843648672103882,0.6331053376197815,0.3697761595249176,-0.3305486738681793,0.5715202689170837,0.38794004917144775,0.1450020670890808,0.5347957611083984,0.4058682322502136,-0.4239408075809479,0.5088340044021606,0.426923930644989,0.0071433051489293575,0.5162179470062256,0.4269431233406067,-0.46804875135421753,0.4884769916534424,0.4373604953289032,-0.013031135313212872,0.5136073231697083,0.42306897044181824,-0.45438623428344727,0.48970961570739746,0.4358586072921753,-0.045020781457424164,0.5177067518234253,0.42114952206611633,-0.4204797148704529,0.4980034828186035,0.43602854013442993,-0.01270214281976223,0.7010911703109741,0.5902824997901917,-0.10327253490686417,0.6590129733085632,0.5837792754173279,0.10309135913848877,0.5968074798583984,0.504188060760498,-0.3556603789329529,0.5526851415634155,0.4728443920612335,0.005260760430246592,0.541311502456665,0.7234545350074768,-0.38766488432884216,0.5150611996650696,0.6965864896774292,-0.04869019240140915,0.5451485514640808,0.7859376668930054,-0.39042359590530396,0.5200689435005188,0.7355575561523438,-0.05612695962190628,0.47934237122535706,0.7318152785301208,-0.4738670289516449,0.4545804560184479,0.7009686231613159,-0.11569410562515259,0,1
0.6824734807014465,0.21564210951328278,-0.0738673210144043,0.6927546858787537,0.19893033802509308,-0.07050343602895737,0.6971250772476196,0.19867902994155884,-0.07052959501743317,0.7013725638389587,0.19839993119239807,-0.07047756016254425,0.6857117414474487,0.19937308132648468,-0.04898999258875847,0.6846980452537537,0.19947223365306854,-0.04907102510333061,0.6837925910949707,0.1994299739599228,-0.049147896468639374,0.7153962850570679,0.20905734598636627,-0.04844445735216141,0.6950984001159668,0.20918980240821838,0.06811763346195221,0.68966144323349,0.23700930178165436,-0.062079668045043945,0.6822162866592407,0.23714205622673035,-0.03241870924830437,0.7436021566390991,0.3049272894859314,-0.14150042831897736,0.676591157913208,0.3269057869911194,0.1643676459789276,0.6658614277839661,0.37316811084747314,-0.28134018182754517,0.6184149980545044,0.38793957233428955,0.18197734653949738,0.5791879892349243,0.40775421261787415,-0.3306058645248413,0.5545450448989868,0.4205346405506134,0.04679751768708229,0.5595104098320007,0.42440447211265564,-0.37234848737716675,0.5300240516662598,0.4356106221675873,0.034302279353141785,0.5564895272254944,0.42140820622444153,-0.35058706998825073,0.5307619571685791,0.4329923987388611,0.0032960977405309677,0.5616447329521179,0.4185164272785187,-0.32800835371017456,0.5409621000289917,0.4295597970485687,0.028347302228212357,0.7322359681129456,0.580640435218811,-0.10668259859085083,0.6933422088623047,0.5634062886238098,0.10650289058685303,0.6085332036018372,0.5254812240600586,-0.3039701581001282,0.5815837383270264,0.4895950257778168,0.0028668080922216177,0.5442913770675659,0.7311270833015442,-0.36835619807243347,0.5151012539863586,0.7005112171173096,-0.07289882004261017,0.5455180406570435,0.7847382426261902,-0.3754582703113556,0.5138207674026489,0.7481101751327515,-0.08241722732782364,0.48013314604759216,0.7146772742271423,-0.45612987875938416,0.4585410952568054,0.6877875328063965,-0.13681480288505554,0,1
0.7157900929450989,0.2294786274433136,-0.05256011337041855,0.7242878079414368,0.21095010638237,-0.05197816342115402,0.7289431095123291,0.2101420760154724,-0.05197657272219658,0.7342200875282288,0.20913852751255035,-0.051926083862781525,0.7169309854507446,0.21266956627368927,-0.02726387046277523,0.715903639793396,0.21277527511119843,-0.02732040546834469,0.7147711515426636,0.21285326778888702,-0.027375439181923866,0.7487921118736267,0.2180953174829483,-0.02343609556555748,0.7225326299667358,0.21984998881816864,0.08930131047964096,0.7251498103141785,0.24843557178974152,-0.04145534709095955,0.7153941988945007,0.2482963502407074,-0.008832626976072788,0.7776355147361755,0.3068726062774658,-0.11224427074193954,0.7111431956291199,0.3284413814544678,0.2023155689239502,0.7037846446037292,0.37420135736465454,-0.25080233812332153,0.6500808000564575,0.3883645236492157,0.2250918447971344,0.6148046255111694,0.4020216763019562,-0.335673451423645,0.5844429731369019,0.41780713200569153,0.11502043157815933,0.5948019623756409,0.41534945368766785,-0.3726254403591156,0.5646916627883911,0.42921194434165955,0.10735906660556793,0.5914372205734253,0.41121816635131836,-0.3582759201526642,0.5650684833526611,0.42736297845840454,0.08017689734697342,0.6012116074562073,0.4097778797149658,-0.33033737540245056,0.5728909969329834,0.424866259098053,0.09939385950565338,0.7529664039611816,0.5756117701530457,-0.10808257013559341,0.7143691778182983,0.5587242245674133,0.10790612548589706,0.6274146437644958,0.5373131036758423,-0.26634740829467773,0.6040128469467163,0.5105370283126831,0.025570567697286606,0.5479453802108765,0.7372225522994995,-0.3304027020931244,0.5199095010757446,0.6986736059188843,-0.044830866158008575,0.5463274717330933,0.7878560423851013,-0.3345228433609009,0.5121129751205444,0.7438340783119202,-0.05880630761384964,0.4904751181602478,0.7166928648948669,-0.40093016624450684,0.4584377408027649,0.6767088770866394,-0.09800505638122559,0,1
0.7448682188987732,0.24758736789226532,0.07314984500408173,0.7514946460723877,0.23076826333999634,0.07725512981414795,0.7556709051132202,0.22965998947620392,0.07726563513278961,0.7606987953186035,0.22798213362693787,0.07731150090694427,0.7443698644638062,0.2316606491804123,0.09747906774282455,0.7427536845207214,0.2319784015417099,0.09739629924297333,0.7413159012794495,0.23249918222427368,0.09732727706432343,0.7777713537216187,0.2319091409444809,0.10604492574930191,0.750868022441864,0.23540019989013672,0.1967036873102188,0.7542493343353271,0.2652631998062134,0.08306311070919037,0.7457578778266907,0.2674139738082886,0.1096201092004776,0.8058850169181824,0.3145380914211273,0.00919596292078495,0.7387179136276245,0.3288997411727905,0.26452991366386414,0.7559402585029602,0.38718414306640625,-0.1362958699464798,0.6741262674331665,0.39025697112083435,0.2587314248085022,0.673793613910675,0.4009411334991455,-0.24102190136909485,0.6169675588607788,0.41408103704452515,0.12150293588638306,0.652849555015564,0.411410391330719,-0.2755451500415802,0.5975980758666992,0.4230678975582123,0.10269330441951752,0.6489764451980591,0.40664681792259216,-0.267206609249115,0.599022388458252,0.4199581444263458,0.08284924924373627,0.6520493030548096,0.4056209921836853,-0.23788785934448242,0.6071218252182007,0.41877707839012146,0.10713206231594086,0.7745240926742554,0.5718523859977722,-0.08876347541809082,0.7302272915840149,0.5566224455833435,0.08871679753065109,0.6476763486862183,0.5808711647987366,-0.2442111074924469,0.6233989000320435,0.5555123090744019,-0.0665188878774643,0.5525143146514893,0.7471356987953186,-0.35991400480270386,0.5226211547851562,0.6988700032234192,-0.16300752758979797,0.5458492636680603,0.7934859991073608,-0.37006285786628723,0.5130522847175598,0.7318715453147888,-0.1735568791627884,0.4932054877281189,0.7142707109451294,-0.4585466980934143,0.4606556296348572,0.6615461707115173,-0.2329951971769333,0,1
0.7602025270462036,0.2660253643989563,0.091793492436409,0.7653540372848511,0.2483232021331787,0.0946250855922699,0.7691055536270142,0.24622440338134766,0.09462426602840424,0.7739449143409729,0.2434551864862442,0.09462974965572357,0.7592451572418213,0.25092121958732605,0.11480270326137543,0.757999062538147,0.25152716040611267,0.11475388705730438,0.7569001317024231,0.2522961497306824,0.1147165298461914,0.7931383848190308,0.24315983057022095,0.12192193418741226,0.7676112055778503,0.25310879945755005,0.2127438485622406,0.7701380252838135,0.28171464800834656,0.10135875642299652,0.7625924944877625,0.2841733694076538,0.12793436646461487,0.8286237716674805,0.32802528142929077,0.04882003739476204,0.7572941780090332,0.33249402046203613,0.26562315225601196,0.7976124882698059,0.430362731218338,-0.06069004535675049,0.7031630277633667,0.4062062203884125,0.23820236325263977,0.7216982841491699,0.40936559438705444,-0.13796409964561462,0.6460530161857605,0.41293326020240784,0.06723222136497498,0.7034353017807007,0.4169388711452484,-0.16608117520809174,0.6316823363304138,0.42010167241096497,0.03433607146143913,0.7008474469184875,0.41204506158828735,-0.16239789128303528,0.6328202486038208,0.41694802045822144,0.01789742521941662,0.7067834734916687,0.4099102318286896,-0.13579975068569183,0.6387050151824951,0.4163578748703003,0.052570730447769165,0.7830197215080261,0.5671880841255188,-0.07311560958623886,0.7403644323348999,0.5462660789489746,0.07311783730983734,0.6682733297348022,0.6188697218894958,-0.18958671391010284,0.6367605328559875,0.5793230533599854,-0.05467342212796211,0.5584982633590698,0.7592245936393738,-0.3046901524066925,0.5277679562568665,0.6992716193199158,-0.1585661619901657,0.5481727719306946,0.8010193109512329,-0.31702354550361633,0.5166126489639282,0.7329951524734497,-0.17079567909240723,0.5006890296936035,0.7246385216712952,-0.4119799733161926,0.4674922823905945,0.6646338105201721,-0.23166465759277344,0,1
0.7648696303367615,0.2732352316379547,0.08350890129804611,0.7696233987808228,0.25658464431762695,0.08353202790021896,0.7735394835472107,0.2542268633842468,0.08348343521356583,0.7780671715736389,0.25105926394462585,0.0833963006734848,0.7634528279304504,0.2581128776073456,0.10435888916254044,0.762039303779602,0.2580665349960327,0.10436944663524628,0.7606506943702698,0.2582412660121918,0.1042800098657608,0.7949473857879639,0.24598819017410278,0.09777693450450897,0.7697561383247375,0.26106470823287964,0.1967427283525467,0.7748287916183472,0.28809675574302673,0.08870119601488113,0.7679248452186584,0.29039266705513,0.1176474541425705,0.8415359258651733,0.3303462564945221,0.04701592028141022,0.7630364894866943,0.3411847949028015,0.23587766289710999,0.8373964428901672,0.46906334161758423,-0.018586572259664536,0.7356637120246887,0.45788490772247314,0.22779187560081482,0.7555325031280518,0.42169421911239624,-0.06726974248886108,0.6937199831008911,0.426555335521698,0.10187309980392456,0.7379390597343445,0.4245501756668091,-0.08722849935293198,0.6761716604232788,0.4255340099334717,0.06198688596487045,0.7364234924316406,0.4132826030254364,-0.08527608215808868,0.6773710250854492,0.4180978238582611,0.04375414177775383,0.7411543130874634,0.4119870364665985,-0.06430268287658691,0.6839410066604614,0.4177238941192627,0.08710033446550369,0.7838553786277771,0.5662720799446106,-0.06779974699020386,0.7364872694015503,0.543077290058136,0.06794501096010208,0.6740883588790894,0.6225454807281494,-0.20657141506671906,0.6434532403945923,0.5958901047706604,-0.058064479380846024,0.5583958029747009,0.7620765566825867,-0.33806395530700684,0.5294290781021118,0.7003695368766785,-0.1962512731552124,0.5480488538742065,0.8054310083389282,-0.3501972556114197,0.5178572535514832,0.74052894115448,-0.21245574951171875,0.49268388748168945,0.7432820796966553,-0.42988118529319763,0.4634632170200348,0.6630666851997375,-0.2682705223560333,0,1
0.7634589076042175,0.2679413855075836,0.014706927351653576,0.7694710493087769,0.25082045793533325,0.015664558857679367,0.7737637162208557,0.24912062287330627,0.015618306584656239,0.7781127095222473,0.24634964764118195,0.015499499626457691,0.7621607780456543,0.2520524859428406,0.03404339775443077,0.760355532169342,0.25208356976509094,0.03406454622745514,0.7586024403572083,0.2523701786994934,0.03399357944726944,0.7940741777420044,0.24395059049129486,0.04757767170667648,0.7663383483886719,0.2560792863368988,0.13994969427585602,0.7731416821479797,0.2837033271789551,0.029394948855042458,0.7646075487136841,0.28645211458206177,0.055752117186784744,0.8376638293266296,0.32804927229881287,0.048508740961551666,0.7645456790924072,0.3420768976211548,0.20480218529701233,0.8607635498046875,0.4718291759490967,-0.03372431546449661,0.7494227886199951,0.46363547444343567,0.18058262765407562,0.7858902215957642,0.434953898191452,-0.09155657887458801,0.7153715491294861,0.4417201578617096,7.311115768970922e-05,0.7638428211212158,0.43452581763267517,-0.11324360221624374,0.7034460306167603,0.4427640736103058,-0.03386083245277405,0.7630218267440796,0.41985780000686646,-0.10287511348724365,0.7035955190658569,0.4289698302745819,-0.04473639279603958,0.7672563791275024,0.4196474850177765,-0.08574537932872772,0.7111206650733948,0.4298691749572754,-0.011497252620756626,0.7853351831436157,0.5656577348709106,-0.06505706906318665,0.7407056093215942,0.542427659034729,0.06521894037723541,0.6725409030914307,0.6534892320632935,-0.13337871432304382,0.6432597637176514,0.6118081212043762,-0.03419449180364609,0.5576262474060059,0.7699574828147888,-0.19072386622428894,0.5276765823364258,0.7003663182258606,-0.09325210005044937,0.5476685762405396,0.8101702928543091,-0.19784177839756012,0.512374997138977,0.7403875589370728,-0.10226036608219147,0.4933604300022125,0.7660759687423706,-0.2855595350265503,0.462075799703598,0.66404789686203,-0.16755175590515137,0,1
0.7610750794410706,0.2660231292247772,0.06241349130868912,0.7668591737747192,0.2490675449371338,0.06665612757205963,0.7712401151657104,0.24742864072322845,0.06661710888147354,0.7756398916244507,0.24491888284683228,0.06653009355068207,0.7594923377037048,0.2500109374523163,0.08514675498008728,0.7577325105667114,0.25007471442222595,0.08516556024551392,0.7560132145881653,0.2503427267074585,0.08508770167827606,0.7923922538757324,0.24169406294822693,0.10003849118947983,0.7645160555839539,0.2542937695980072,0.18993721902370453,0.7708326578140259,0.2819279432296753,0.07543613761663437,0.7624396085739136,0.28472214937210083,0.10148195922374725,0.8360772132873535,0.32758092880249023,0.06474652141332626,0.7627183198928833,0.34178683161735535,0.24011003971099854,0.8458534479141235,0.47811177372932434,0.01075947005301714,0.7449194192886353,0.46508467197418213,0.25962430238723755,0.7666450142860413,0.44488686323165894,-0.03151286393404007,0.7094430327415466,0.4539656639099121,0.13868969678878784,0.7469626665115356,0.4486825168132782,-0.048351652920246124,0.6909281015396118,0.4575083553791046,0.11181895434856415,0.7447807788848877,0.43476784229278564,-0.04215843230485916,0.6912007331848145,0.44588181376457214,0.09431193768978119,0.7506421804428101,0.43361696600914,-0.025849152356386185,0.6978908777236938,0.4462992250919342,0.12558859586715698,0.7873603105545044,0.5679025650024414,-0.06663897633552551,0.7419987320899963,0.5432540774345398,0.06677841395139694,0.6744547486305237,0.6399194002151489,-0.193214550614357,0.6410587430000305,0.6060476303100586,-0.05963824316859245,0.5563439130783081,0.7677644491195679,-0.34250202775001526,0.5267423391342163,0.7029809355735779,-0.21336309611797333,0.547406792640686,0.8085340857505798,-0.3572230041027069,0.5116166472434998,0.7432578802108765,-0.23167720437049866,0.4886515736579895,0.753200352191925,-0.4433061182498932,0.4628472328186035,0.6649532318115234,-0.2924686670303345,0,1
0.7598549723625183,0.26268109679222107,0.016655609011650085,0.765960156917572,0.2452147752046585,0.01942923665046692,0.7703700065612793,0.2439156174659729,0.01937633566558361,0.7746145129203796,0.2415967732667923,0.01930057257413864,0.7585488557815552,0.24582576751708984,0.03719792515039444,0.7568783760070801,0.24591153860092163,0.03719154745340347,0.7551990747451782,0.2462109625339508,0.0371297188103199,0.7910494208335876,0.23948504030704498,0.04880113527178764,0.7637840509414673,0.25154638290405273,0.13302680850028992,0.769682765007019,0.27845898270606995,0.02794075943529606,0.7613095045089722,0.2806781232357025,0.05266938731074333,0.8332356214523315,0.3284880518913269,0.012190988287329674,0.7598455548286438,0.3417862057685852,0.19605790078639984,0.837253749370575,0.4791432321071625,-0.03794948384165764,0.73848557472229,0.46496519446372986,0.2393440306186676,0.7566781044006348,0.4436579942703247,-0.06670288741588593,0.7003434300422668,0.45924806594848633,0.12832097709178925,0.7377967834472656,0.4497843384742737,-0.08178432285785675,0.6807571649551392,0.4613380432128906,0.10189466178417206,0.7347151637077332,0.4350182116031647,-0.07835759222507477,0.6806781888008118,0.4527679979801178,0.08320249617099762,0.7416654229164124,0.43417200446128845,-0.062308162450790405,0.6873732209205627,0.4517587423324585,0.11455737054347992,0.7854419350624084,0.5703160762786865,-0.0676887184381485,0.7403994798660278,0.5475443601608276,0.06783388555049896,0.672052264213562,0.634015679359436,-0.22628240287303925,0.6412931084632874,0.5851824283599854,-0.07739152759313583,0.5578277707099915,0.7680678367614746,-0.36599424481391907,0.5286319851875305,0.7002935409545898,-0.22804710268974304,0.5474148988723755,0.8080489039421082,-0.37944966554641724,0.5190953016281128,0.7403866052627563,-0.2448607236146927,0.4873599112033844,0.7503483891487122,-0.4680310785770416,0.4646057188510895,0.6607431769371033,-0.3035989999771118,0,1
0.7522107362747192,0.25251105427742004,0.009250067174434662,0.759452223777771,0.23598696291446686,0.008643028326332569,0.7630213499069214,0.23514136672019958,0.008617689833045006,0.767159104347229,0.2337697148323059,0.008592663332819939,0.7534362077713013,0.23652729392051697,0.029413413256406784,0.7521940469741821,0.23674659430980682,0.029348652809858322,0.7511065602302551,0.23688901960849762,0.02925219014286995,0.7841200828552246,0.2349369078874588,0.021822599694132805,0.7622439861297607,0.2430448979139328,0.1168188601732254,0.7601310014724731,0.26999667286872864,0.015315430238842964,0.75413578748703,0.2723318934440613,0.043014414608478546,0.826859176158905,0.3299490511417389,-0.0228063203394413,0.7459179162979126,0.34173449873924255,0.17154113948345184,0.8083939552307129,0.4764260947704315,-0.08819933235645294,0.7063958644866943,0.45927518606185913,0.15672196447849274,0.7280481457710266,0.44576674699783325,-0.13594168424606323,0.6655359268188477,0.45700013637542725,-0.009934181347489357,0.7073620557785034,0.45316171646118164,-0.15684884786605835,0.647748589515686,0.45979371666908264,-0.041385944932699203,0.7045975923538208,0.438504695892334,-0.15323799848556519,0.6491063833236694,0.4517649710178375,-0.056967366486787796,0.710025429725647,0.43830791115760803,-0.13244687020778656,0.6568585634231567,0.45123711228370667,-0.023782353848218918,0.7822235822677612,0.5697736740112305,-0.06998030841350555,0.7357825636863708,0.5477560758590698,0.07004570960998535,0.6643609404563904,0.6095930933952332,-0.23009781539440155,0.6377454400062561,0.5650095343589783,-0.08734665811061859,0.5601004362106323,0.7657225728034973,-0.34854093194007874,0.5325685739517212,0.7016443610191345,-0.2194073498249054,0.5488854646682739,0.8061729669570923,-0.36140936613082886,0.5272722244262695,0.7415042519569397,-0.23337693512439728,0.496669203042984,0.7327092289924622,-0.4544510841369629,0.47319847345352173,0.6689053177833557,-0.29602953791618347,0,1
0.7400432229042053,0.2419355809688568,-0.008055769838392735,0.748408854007721,0.22623685002326965,-0.009609046392142773,0.7526412010192871,0.22574067115783691,-0.009637629613280296,0.7568826079368591,0.22497539222240448,-0.009626390412449837,0.7414032816886902,0.22665634751319885,0.011097311042249203,0.7399969100952148,0.22661009430885315,0.011000793427228928,0.7386839389801025,0.22658419609069824,0.010885666124522686,0.7730109691619873,0.23095041513442993,0.0005909832543693483,0.7500320672988892,0.23399971425533295,0.09411032497882843,0.7485462427139282,0.26206648349761963,-0.00375952897593379,0.7406958937644958,0.26396697759628296,0.02345901168882847,0.809238076210022,0.330032616853714,-0.060262054204940796,0.7301303148269653,0.34163445234298706,0.16249985992908478,0.7829596400260925,0.4686732888221741,-0.15650801360607147,0.6802737712860107,0.45221710205078125,0.15798413753509521,0.6997497081756592,0.4540720582008362,-0.22378209233283997,0.6322303414344788,0.45535919070243835,0.008440532721579075,0.6817465424537659,0.46250757575035095,-0.2475658357143402,0.6168947815895081,0.4590543210506439,-0.017855003476142883,0.6771951913833618,0.45118123292922974,-0.24235112965106964,0.617263674736023,0.4517374336719513,-0.03642485290765762,0.6839931011199951,0.4486228823661804,-0.22057966887950897,0.624096691608429,0.45095711946487427,-0.00635026628151536,0.7696825265884399,0.5717934966087341,-0.07658018171787262,0.7250500321388245,0.5530967712402344,0.07658497244119644,0.6524938941001892,0.5700244903564453,-0.24057798087596893,0.6288954019546509,0.5458088517189026,-0.0898250862956047,0.5559159517288208,0.748033881187439,-0.3729442059993744,0.5323893427848816,0.70262610912323,-0.2375660240650177,0.5480265617370605,0.7971223592758179,-0.38900572061538696,0.5242988467216492,0.7456341981887817,-0.2539500594139099,0.49291911721229553,0.7164146304130554,-0.47361379861831665,0.4734610915184021,0.6715391278266907,-0.3154379427433014,0,1
0.7229528427124023,0.23594887554645538,-0.02331564575433731,0.7323221564292908,0.22114579379558563,-0.021267198026180267,0.7361314296722412,0.22020323574543,-0.021259332075715065,0.7407316565513611,0.21912844479084015,-0.0212083887308836,0.7246344685554504,0.22157548367977142,-0.0015397680690512061,0.7232391238212585,0.2213204950094223,-0.0016456337179988623,0.7219410538673401,0.22121217846870422,-0.001735619967803359,0.7556532025337219,0.22739270329475403,0.0040235454216599464,0.7330284714698792,0.22880202531814575,0.09213252365589142,0.731997549533844,0.25405043363571167,-0.014532402157783508,0.7232602834701538,0.25446242094039917,0.010979194194078445,0.7886370420455933,0.3296463191509247,-0.0725051686167717,0.7112942337989807,0.3391515016555786,0.17070266604423523,0.752122163772583,0.4463691711425781,-0.1829904019832611,0.6563703417778015,0.44008868932724,0.16076432168483734,0.6647419929504395,0.4578445553779602,-0.25749295949935913,0.6095263957977295,0.45499852299690247,0.0037384978495538235,0.6431683301925659,0.4678135812282562,-0.2852851152420044,0.5912009477615356,0.4616891145706177,-0.018736977130174637,0.6391938924789429,0.45684030652046204,-0.28080880641937256,0.5913634896278381,0.4552488625049591,-0.038458775728940964,0.6461993455886841,0.453652024269104,-0.2548829913139343,0.6000670790672302,0.4533798098564148,-0.010463532991707325,0.7543817758560181,0.5760892033576965,-0.08920511603355408,0.7118643522262573,0.5571468472480774,0.08907808363437653,0.636642336845398,0.5461500287055969,-0.2516142427921295,0.6094664335250854,0.519618034362793,-0.04505699872970581,0.5539426207542419,0.7394784688949585,-0.327560156583786,0.5300387144088745,0.7023869156837463,-0.13595524430274963,0.5480574369430542,0.7922578454017639,-0.3344499170780182,0.5190876722335815,0.7493284344673157,-0.14613401889801025,0.48976796865463257,0.7135818600654602,-0.4051216244697571,0.4712073802947998,0.6749404668807983,-0.19901861250400543,0,1
0.7042691707611084,0.22984817624092102,-0.06099976971745491,0.7137181162834167,0.2144925445318222,-0.05401464179158211,0.7178788185119629,0.21411706507205963,-0.05398552864789963,0.7223490476608276,0.21387168765068054,-0.05390917509794235,0.706100583076477,0.21482697129249573,-0.03595634922385216,0.7043683528900146,0.21477168798446655,-0.03605160862207413,0.7025442123413086,0.21460062265396118,-0.03612556681036949,0.7377626299858093,0.2259456366300583,-0.005143902264535427,0.7102823853492737,0.22384819388389587,0.07559079676866531,0.7116478085517883,0.24947844445705414,-0.043399665504693985,0.702822208404541,0.2486811727285385,-0.020104752853512764,0.7634525895118713,0.3240719139575958,-0.0826263576745987,0.6876940131187439,0.3352329432964325,0.16916611790657043,0.7128711938858032,0.43051621317863464,-0.18533013761043549,0.6342999935150146,0.4245457649230957,0.16122131049633026,0.6242346167564392,0.45281752943992615,-0.2560967206954956,0.5827938318252563,0.4559021294116974,0.0006255509797483683,0.6055101752281189,0.46696820855140686,-0.2864501178264618,0.5627974271774292,0.4665767550468445,-0.01432102732360363,0.6031842231750488,0.45757195353507996,-0.28528064489364624,0.5633002519607544,0.46461841464042664,-0.0402069129049778,0.6099392771720886,0.4540632367134094,-0.255322128534317,0.5717096924781799,0.46151405572891235,-0.01447811909019947,0.7375246286392212,0.5811931490898132,-0.0985172837972641,0.6977570652961731,0.5604705214500427,0.09831700474023819,0.6245737671852112,0.5211823582649231,-0.30464494228363037,0.5929326415061951,0.4895804226398468,-0.0208577997982502,0.552398681640625,0.7352479696273804,-0.3836100697517395,0.5254684686660767,0.6999545693397522,-0.09737341105937958,0.5493882894515991,0.7843316197395325,-0.3900957703590393,0.5186883807182312,0.7488078474998474,-0.10672008991241455,0.48882633447647095,0.7137442827224731,-0.46830224990844727,0.4702744483947754,0.6820036172866821,-0.15973368287086487,0,1
0.6791991591453552,0.2236400544643402,-0.08949702978134155,0.6890081763267517,0.20985090732574463,-0.0873129740357399,0.6931331157684326,0.20996682345867157,-0.08729882538318634,0.6974962949752808,0.21008792519569397,-0.087227001786232,0.6819883584976196,0.20940811932086945,-0.06494852155447006,0.6807076334953308,0.20927034318447113,-0.06504214555025101,0.6795173287391663,0.20902349054813385,-0.06512608379125595,0.712787389755249,0.22381260991096497,-0.0558411180973053,0.6891249418258667,0.22027549147605896,0.044742487370967865,0.6853259205818176,0.2451370507478714,-0.07878315448760986,0.6775112748146057,0.24450883269309998,-0.0496128648519516,0.7363134026527405,0.32350826263427734,-0.13192959129810333,0.6639211773872375,0.3349948823451996,0.14750128984451294,0.6759144067764282,0.4295186698436737,-0.21875187754631042,0.6042790412902832,0.42361387610435486,0.15917325019836426,0.5949711203575134,0.46731847524642944,-0.25668442249298096,0.5477904677391052,0.4624544382095337,0.04988208785653114,0.5739404559135437,0.48707228899002075,-0.2893310487270355,0.5320019125938416,0.4757208228111267,0.029685115441679955,0.572655200958252,0.484017938375473,-0.2882651090621948,0.5320388078689575,0.4766573905944824,0.000524373259395361,0.5770012140274048,0.4756993055343628,-0.256348192691803,0.5384813547134399,0.4732847511768341,0.028479868546128273,0.7189652323722839,0.5851498246192932,-0.10487785190343857,0.6794623136520386,0.564637303352356,0.1046493873000145,0.6135234236717224,0.5160573124885559,-0.3426268398761749,0.572622537612915,0.487539678812027,-0.0035914075560867786,0.550270676612854,0.7307547926902771,-0.410839319229126,0.520648181438446,0.6917231678962708,-0.0679270550608635,0.5494057536125183,0.7777422666549683,-0.4174179136753082,0.5169190168380737,0.7371416687965393,-0.07645853608846664,0.4886276125907898,0.7178434729576111,-0.5032564401626587,0.4650767743587494,0.6809079051017761,-0.1312384307384491,0,1
0.6515744924545288,0.2169848084449768,-0.20850984752178192,0.6611257791519165,0.20488272607326508,-0.21097716689109802,0.664898157119751,0.20551055669784546,-0.21095195412635803,0.6692877411842346,0.2063620239496231,-0.21089383959770203,0.6550359725952148,0.20308727025985718,-0.18602317571640015,0.6541281938552856,0.20261859893798828,-0.18611004948616028,0.6531776785850525,0.20209313929080963,-0.18617847561836243,0.6845011711120605,0.2230447381734848,-0.18355412781238556,0.6623967885971069,0.2149234116077423,-0.07242242991924286,0.6562469005584717,0.24201644957065582,-0.19819991290569305,0.6495274901390076,0.23974181711673737,-0.16585096716880798,0.703241229057312,0.3252994418144226,-0.24558207392692566,0.6353845000267029,0.3352295458316803,0.05304452031850815,0.6358888745307922,0.4329960346221924,-0.32194942235946655,0.5684881210327148,0.42575326561927795,0.07284808158874512,0.5591145753860474,0.48189789056777954,-0.34771063923835754,0.506597638130188,0.4802802503108978,-0.036094896495342255,0.5332204103469849,0.5021586418151855,-0.3889586329460144,0.4924325942993164,0.48823800683021545,-0.05458194762468338,0.5315269827842712,0.4970073401927948,-0.38658004999160767,0.4920777380466461,0.4897049069404602,-0.08909335732460022,0.5384898781776428,0.491804838180542,-0.34822338819503784,0.49851125478744507,0.48903146386146545,-0.055808283388614655,0.6987533569335938,0.5880181789398193,-0.10944608598947525,0.6607474088668823,0.5711759924888611,0.10922841727733612,0.5956781506538391,0.5010374784469604,-0.3385005593299866,0.5532106757164001,0.48099926114082336,0.004409783985465765,0.5424729585647583,0.7312788963317871,-0.3710356056690216,0.517082691192627,0.695544958114624,-0.026480097323656082,0.5450679063796997,0.77956223487854,-0.37125164270401,0.5156579613685608,0.7480588555335999,-0.03233615681529045,0.4809409976005554,0.721276581287384,-0.46754616498947144,0.46415743231773376,0.6936743855476379,-0.0936182364821434,0,1
0.6210740208625793,0.21297456324100494,-0.24223323166370392,0.631325364112854,0.19966784119606018,-0.2481367290019989,0.6351959705352783,0.20076052844524384,-0.24812757968902588,0.6395172476768494,0.20206275582313538,-0.2480974644422531,0.625028669834137,0.19733074307441711,-0.2199842631816864,0.6242501139640808,0.19678142666816711,-0.2200510948896408,0.6235991716384888,0.19623667001724243,-0.22010216116905212,0.6552127599716187,0.22157157957553864,-0.22884809970855713,0.634448230266571,0.21003860235214233,-0.10345574468374252,0.6250675916671753,0.23848818242549896,-0.2346871793270111,0.6187818050384521,0.2352372705936432,-0.19824554026126862,0.6745480298995972,0.32804837822914124,-0.29193925857543945,0.6088434457778931,0.3347180187702179,0.025733256712555885,0.6072672605514526,0.44024890661239624,-0.3688774108886719,0.5454692840576172,0.42653653025627136,0.027498623356223106,0.5185351967811584,0.494875967502594,-0.3819342851638794,0.48032745718955994,0.49017593264579773,-0.10486811399459839,0.4953992962837219,0.5140520930290222,-0.42642301321029663,0.46580466628074646,0.5013239979743958,-0.12576083838939667,0.49209874868392944,0.502805769443512,-0.42066651582717896,0.4658041000366211,0.5011138319969177,-0.16195069253444672,0.4994385242462158,0.49803271889686584,-0.3810562491416931,0.4723854660987854,0.5001194477081299,-0.12632796168327332,0.6789053678512573,0.592448353767395,-0.10779428482055664,0.6384752988815308,0.577080488204956,0.10759129375219345,0.5843266248703003,0.4874124228954315,-0.3526647984981537,0.5343738198280334,0.470137357711792,0.003450871678069234,0.5400082468986511,0.7245559096336365,-0.3377142548561096,0.5134721398353577,0.6961759924888611,-0.01819216087460518,0.5441139936447144,0.7790567874908447,-0.3358153700828552,0.52153480052948,0.7399799823760986,-0.023346533998847008,0.480146586894989,0.7283157110214233,-0.4210931658744812,0.46143823862075806,0.7204645872116089,-0.08547738194465637,0,1
0.5937809348106384,0.20935997366905212,-0.24566015601158142,0.6047300100326538,0.1953134536743164,-0.2527133524417877,0.6085029244422913,0.19599679112434387,-0.25273939967155457,0.6126683950424194,0.19702476263046265,-0.25272244215011597,0.5987552404403687,0.19392816722393036,-0.22226977348327637,0.5980293154716492,0.1935567408800125,-0.22231845557689667,0.5974205136299133,0.19312134385108948,-0.2223903387784958,0.6271287202835083,0.21657226979732513,-0.23508214950561523,0.6101020574569702,0.2069127857685089,-0.09911313652992249,0.5983291864395142,0.2330000102519989,-0.23867623507976532,0.5923944711685181,0.2300354242324829,-0.1990862786769867,0.6476849317550659,0.3304642140865326,-0.31208232045173645,0.5857545137405396,0.3343333899974823,0.03719733655452728,0.5639196038246155,0.45204031467437744,-0.40719088912010193,0.5223425626754761,0.42608603835105896,0.039234090596437454,0.46831879019737244,0.498898983001709,-0.4349932074546814,0.4511600136756897,0.4915526211261749,-0.08278410136699677,0.4484702944755554,0.5131217837333679,-0.4860982298851013,0.4343965947628021,0.4974495470523834,-0.0988677442073822,0.4441777169704437,0.5045261979103088,-0.47782009840011597,0.4340239465236664,0.49626269936561584,-0.13750287890434265,0.4502630829811096,0.5012456774711609,-0.4342678189277649,0.44087958335876465,0.4968160092830658,-0.10641346126794815,0.6596590876579285,0.5996493697166443,-0.11526230722665787,0.6194719672203064,0.5936558842658997,0.1150159016251564,0.5523191094398499,0.4680151343345642,-0.3262384235858917,0.5146573781967163,0.4605673849582672,0.025381559506058693,0.5364079475402832,0.7102446556091309,-0.27769148349761963,0.5137012600898743,0.692797839641571,-0.01222617831081152,0.5411683320999146,0.7699095010757446,-0.27190619707107544,0.524564802646637,0.7328748106956482,-0.01687130518257618,0.47539862990379333,0.7258358597755432,-0.34005096554756165,0.46145525574684143,0.7171892523765564,-0.0761030837893486,0,1
0.5685604810714722,0.20812854170799255,-0.22537975013256073,0.5798166990280151,0.1931787133216858,-0.23235681653022766,0.5832858085632324,0.1936313807964325,-0.23235201835632324,0.5871050953865051,0.1943845897912979,-0.23231998085975647,0.5747181177139282,0.19207532703876495,-0.2029789686203003,0.5744637250900269,0.1917063593864441,-0.2029169350862503,0.5743416547775269,0.19127163290977478,-0.20294496417045593,0.6025878190994263,0.21298784017562866,-0.22667181491851807,0.5884048938751221,0.20484288036823273,-0.07595822215080261,0.5733380317687988,0.23089750111103058,-0.2185700684785843,0.5681298971176147,0.22806011140346527,-0.1760738343000412,0.6234831809997559,0.32964688539505005,-0.3166900873184204,0.5678566694259644,0.335358202457428,0.07610587775707245,0.5232306718826294,0.43526691198349,-0.4145018458366394,0.504212498664856,0.42774349451065063,0.10259326547384262,0.4327261447906494,0.4963492155075073,-0.43741995096206665,0.42533954977989197,0.49151819944381714,-0.006511019077152014,0.41215604543685913,0.5109425783157349,-0.4904548227787018,0.4104444980621338,0.505354106426239,-0.018994342535734177,0.40976443886756897,0.5027700662612915,-0.47652482986450195,0.4092768132686615,0.49891167879104614,-0.06235871836543083,0.416674941778183,0.49834510684013367,-0.4342041015625,0.4137229025363922,0.4973130226135254,-0.030477002263069153,0.6400498747825623,0.6024960279464722,-0.12518811225891113,0.6030614376068115,0.5998615622520447,0.12490350008010864,0.5277723073959351,0.4585953950881958,-0.26446953415870667,0.5016937851905823,0.44985562562942505,0.13128064572811127,0.5202502012252808,0.6965943574905396,-0.10091234743595123,0.5216833353042603,0.6719462275505066,0.11357095092535019,0.5322312116622925,0.7417018413543701,-0.08264072239398956,0.5332590937614441,0.7192187905311584,0.10979025065898895,0.46481698751449585,0.7170805931091309,-0.11783649772405624,0.4782178997993469,0.71360182762146,0.06416704505681992,0,1
0.5504152178764343,0.20683570206165314,-0.16795030236244202,0.5622864365577698,0.19156211614608765,-0.18358251452445984,0.5655032396316528,0.19210658967494965,-0.18362802267074585,0.569105863571167,0.1927969604730606,-0.18360646069049835,0.5577295422554016,0.19028757512569427,-0.14702817797660828,0.5576302409172058,0.19008244574069977,-0.14701959490776062,0.5577217936515808,0.18978238105773926,-0.14705027639865875,0.5835307836532593,0.21039752662181854,-0.2004958689212799,0.5716257691383362,0.20366743206977844,-0.03434096649289131,0.5544053912162781,0.2286568284034729,-0.1721251904964447,0.5497980713844299,0.22638605535030365,-0.1248120665550232,0.6038910150527954,0.326924204826355,-0.30153536796569824,0.5501307845115662,0.3387337923049927,0.09878747165203094,0.5133286714553833,0.42940598726272583,-0.3943233788013458,0.48452478647232056,0.43004295229911804,0.11220867931842804,0.41824445128440857,0.4955892860889435,-0.42157453298568726,0.40918445587158203,0.4926711916923523,-0.001499644131399691,0.3947387933731079,0.5111579298973083,-0.47158384323120117,0.3896926939487457,0.5070075392723083,-0.015506185591220856,0.392437219619751,0.5014392733573914,-0.4597083628177643,0.3891049325466156,0.5010586977005005,-0.054920416325330734,0.3984180986881256,0.4987249970436096,-0.419457346200943,0.39574170112609863,0.498914510011673,-0.023912746459245682,0.6253311634063721,0.6069667339324951,-0.12605012953281403,0.5883024334907532,0.607584536075592,0.12574192881584167,0.5134366750717163,0.4581073820590973,-0.2569168210029602,0.4705280363559723,0.4617117941379547,0.15144851803779602,0.5207250714302063,0.6812188625335693,-0.0941537395119667,0.5281602740287781,0.6662299036979675,0.128961443901062,0.531299889087677,0.7216629981994629,-0.07317285239696503,0.5501590967178345,0.6993650794029236,0.12746143341064453,0.46364983916282654,0.7263444662094116,-0.0814371258020401,0.5174611806869507,0.7228772640228271,0.10371898114681244,0,1
0.5387135148048401,0.2005632370710373,-0.1480155736207962,0.5496083498001099,0.1855703592300415,-0.15105195343494415,0.5523630380630493,0.18692803382873535,-0.1510053128004074,0.5553308129310608,0.1883341670036316,-0.15087394416332245,0.5460138320922852,0.18353436887264252,-0.12506431341171265,0.5461239814758301,0.18357421457767487,-0.12511363625526428,0.5464531183242798,0.18356218934059143,-0.1251741498708725,0.568902850151062,0.2071239948272705,-0.21162226796150208,0.5604643225669861,0.20067235827445984,-0.017062515020370483,0.5415105223655701,0.22269794344902039,-0.14823561906814575,0.5378368496894836,0.22072526812553406,-0.10382334142923355,0.5850003957748413,0.32711029052734375,-0.3173663318157196,0.5418552160263062,0.3396780490875244,0.10805211216211319,0.4872838854789734,0.43623921275138855,-0.42063379287719727,0.47365736961364746,0.4342980682849884,0.12195165455341339,0.39692947268486023,0.49580636620521545,-0.4412762522697449,0.3945067226886749,0.4956521689891815,0.01939084753394127,0.3767659664154053,0.5134420394897461,-0.4967305064201355,0.37714776396751404,0.5104580521583557,0.00991426594555378,0.372414767742157,0.505210816860199,-0.47381967306137085,0.3725714683532715,0.5078285336494446,-0.03419290855526924,0.3799818754196167,0.5018078088760376,-0.4345451295375824,0.3804091811180115,0.506517231464386,-0.00441106827929616,0.6143274903297424,0.609744668006897,-0.12976033985614777,0.5847854018211365,0.6097018718719482,0.1295255571603775,0.4865124821662903,0.4610111713409424,-0.1950528472661972,0.45725569128990173,0.47859102487564087,0.1629582643508911,0.5196400880813599,0.6855878829956055,-0.000965219340287149,0.535315215587616,0.6674758791923523,0.23505322635173798,0.5359991788864136,0.725676953792572,0.023294683545827866,0.5553174018859863,0.6940056085586548,0.24415501952171326,0.4800623953342438,0.7544922828674316,0.046625979244709015,0.5352466702461243,0.7321684956550598,0.25215622782707214,0,1
0.5353774428367615,0.19263216853141785,-0.135472372174263,0.5467444062232971,0.1807306557893753,-0.15653769671916962,0.549249529838562,0.18239904940128326,-0.15660865604877472,0.5520681142807007,0.18401363492012024,-0.156609445810318,0.5436121225357056,0.17870090901851654,-0.11648990958929062,0.5439005494117737,0.17899878323078156,-0.11646143347024918,0.5444353222846985,0.17916148900985718,-0.11648561805486679,0.5660837292671204,0.2049800455570221,-0.20328982174396515,0.5579627156257629,0.1975691020488739,-0.016493942588567734,0.5374662280082703,0.21675953269004822,-0.14968425035476685,0.5343226790428162,0.21487382054328918,-0.09689676016569138,0.5804328322410583,0.32722368836402893,-0.3148343563079834,0.5402201414108276,0.3406883478164673,0.10698255151510239,0.48226815462112427,0.4411521553993225,-0.41750645637512207,0.4706338942050934,0.43587401509284973,0.11487618833780289,0.3947764039039612,0.4949004650115967,-0.43417707085609436,0.39278751611709595,0.4949401319026947,0.006666742265224457,0.37372371554374695,0.5132967233657837,-0.4936591684818268,0.3752627372741699,0.5096044540405273,-0.003244539024308324,0.36947381496429443,0.5054160356521606,-0.4670666754245758,0.37333792448043823,0.5075749158859253,-0.0487431101500988,0.37708964943885803,0.502744734287262,-0.42641568183898926,0.37895920872688293,0.506456732749939,-0.018318701535463333,0.6103678941726685,0.6097829937934875,-0.13269087672233582,0.5827793478965759,0.6098530888557434,0.13249219954013824,0.4832107424736023,0.4631759226322174,-0.19565437734127045,0.45345115661621094,0.48274171352386475,0.1758999228477478,0.525781512260437,0.6896681189537048,-0.009479446336627007,0.5376962423324585,0.6719000339508057,0.20885100960731506,0.5437778234481812,0.7220323085784912,0.014192134141921997,0.5593032240867615,0.6987554430961609,0.213480144739151,0.48942694067955017,0.7604272365570068,0.03644425421953201,0.5341224074363708,0.7402524352073669,0.21720783412456512,0,1
0.5398714542388916,0.19259586930274963,-0.17804160714149475,0.5515393614768982,0.18024428188800812,-0.19707328081130981,0.5542194247245789,0.1819402128458023,-0.1971275508403778,0.5573081970214844,0.1836070418357849,-0.19712524116039276,0.5478934049606323,0.17830748856067657,-0.1577475517988205,0.547995924949646,0.1785999983549118,-0.157729834318161,0.5483350157737732,0.17877593636512756,-0.15775638818740845,0.5711745023727417,0.204144686460495,-0.23041045665740967,0.561816930770874,0.19655664265155792,-0.05071430280804634,0.542252242565155,0.2167941778898239,-0.18780770897865295,0.5385185480117798,0.21475234627723694,-0.13645724952220917,0.5861093401908875,0.32747340202331543,-0.3293726444244385,0.5401418209075928,0.34160611033439636,0.07305091619491577,0.48880916833877563,0.440504252910614,-0.4347558617591858,0.47010692954063416,0.43612632155418396,0.0686495453119278,0.396811306476593,0.4933810830116272,-0.4565655291080475,0.3929670453071594,0.49464496970176697,-0.03976801782846451,0.3755810558795929,0.5120334625244141,-0.5126371383666992,0.3750525116920471,0.5091670155525208,-0.05142584443092346,0.3718259334564209,0.5033456087112427,-0.493366539478302,0.37282493710517883,0.5071045756340027,-0.09734449535608292,0.3792944550514221,0.5005441308021545,-0.4512348771095276,0.3785091042518616,0.5058404803276062,-0.06629008799791336,0.613385796546936,0.6085214018821716,-0.1310800313949585,0.5827478766441345,0.6093657612800598,0.1308312565088272,0.48944273591041565,0.4622246325016022,-0.2155931442975998,0.4550120234489441,0.4706228971481323,0.1719553917646408,0.5269728899002075,0.6876105666160583,-0.01605774089694023,0.5384379029273987,0.6670060157775879,0.1895488202571869,0.5448561310768127,0.719075620174408,0.012582570314407349,0.5591150522232056,0.6908912658691406,0.19277749955654144,0.48750415444374084,0.7546645402908325,0.032453831285238266,0.5357856154441833,0.7370970249176025,0.18596073985099792,0,1
0.558167576789856,0.19272784888744354,-0.2284260243177414,0.5714331865310669,0.18006742000579834,-0.2362009584903717,0.5747388601303101,0.18157601356506348,-0.2362366020679474,0.5785068273544312,0.18303033709526062,-0.23623375594615936,0.5656638145446777,0.1780565083026886,-0.2054884433746338,0.5649715662002563,0.17823249101638794,-0.2055177241563797,0.564501166343689,0.17836153507232666,-0.205559641122818,0.5918830633163452,0.20284110307693481,-0.2182554304599762,0.5749899744987488,0.19479158520698547,-0.08247648924589157,0.5631527304649353,0.21623077988624573,-0.22138647735118866,0.5554162263870239,0.21435120701789856,-0.18143457174301147,0.6102291941642761,0.32340478897094727,-0.3014688491821289,0.551604688167572,0.3364095985889435,0.05941735953092575,0.5176399946212769,0.4310057759284973,-0.39079898595809937,0.4832206666469574,0.42390450835227966,0.0844920203089714,0.4233155846595764,0.4790087044239044,-0.4113105833530426,0.4104624390602112,0.4807067811489105,-0.01984693482518196,0.39996451139450073,0.5022444128990173,-0.46262726187705994,0.392034113407135,0.49562373757362366,-0.031006138771772385,0.39717358350753784,0.4917420744895935,-0.4449441432952881,0.39096730947494507,0.4944995045661926,-0.07368234544992447,0.4037266671657562,0.4865468442440033,-0.4059578776359558,0.39718419313430786,0.49117329716682434,-0.04258222132921219,0.6265106201171875,0.6058782339096069,-0.12278809398412704,0.5879982113838196,0.6053187251091003,0.12246252596378326,0.5127641558647156,0.4616110026836395,-0.23877279460430145,0.4700891077518463,0.4867989122867584,0.15522457659244537,0.521982729434967,0.6863003373146057,-0.08055059611797333,0.5231031775474548,0.6661193370819092,0.15745767951011658,0.5363550782203674,0.7276347875595093,-0.06057217717170715,0.5456527471542358,0.7041616439819336,0.15858153998851776,0.4763464331626892,0.7342557311058044,-0.06436719000339508,0.5035387277603149,0.7266644239425659,0.14543604850769043,0,1
0.5933920741081238,0.19600841403007507,-0.24176642298698425,0.6054180264472961,0.18193306028842926,-0.2426791489124298,0.6088469624519348,0.18293572962284088,-0.2426995038986206,0.6128817796707153,0.18411172926425934,-0.24269232153892517,0.5988244414329529,0.18054421246051788,-0.21480496227741241,0.5978485345840454,0.1805022805929184,-0.21487632393836975,0.5970486402511597,0.18052741885185242,-0.21491777896881104,0.628348171710968,0.20305508375167847,-0.21155484020709991,0.6082640886306763,0.1950354278087616,-0.08074130862951279,0.5998536348342896,0.22145257890224457,-0.2285124808549881,0.5915409922599792,0.2192375659942627,-0.191623717546463,0.650619387626648,0.322496235370636,-0.2790871262550354,0.58506178855896,0.33334624767303467,0.05608295276761055,0.571110725402832,0.41780975461006165,-0.3779527544975281,0.518924355506897,0.41462355852127075,0.09396561980247498,0.4749082028865814,0.4636382758617401,-0.41166967153549194,0.4484504163265228,0.4713376462459564,-0.01816130056977272,0.45249509811401367,0.4817102253437042,-0.46185463666915894,0.4343584477901459,0.4789586365222931,-0.032967887818813324,0.4501233696937561,0.4739897847175598,-0.4464034140110016,0.43167367577552795,0.4771009087562561,-0.07428950816392899,0.4572858214378357,0.469812273979187,-0.40698760747909546,0.43777045607566833,0.47672832012176514,-0.041180338710546494,0.6579678654670715,0.6000288128852844,-0.11366398632526398,0.6147069931030273,0.596011757850647,0.11339877545833588,0.5518096685409546,0.4682029187679291,-0.3377949595451355,0.5083540081977844,0.48411640524864197,0.046796150505542755,0.5322216749191284,0.6982788443565369,-0.26581910252571106,0.4953022003173828,0.6922656893730164,0.05899687483906746,0.5441614389419556,0.7625529170036316,-0.2582607865333557,0.5075213313102722,0.732196569442749,0.05753837898373604,0.4825019836425781,0.7255755662918091,-0.31702980399131775,0.4416901469230652,0.7178202271461487,0.010338252410292625,0,1
0.6328181028366089,0.20856255292892456,-0.23304209113121033,0.6438099145889282,0.19317394495010376,-0.22358210384845734,0.6477149128913879,0.19335506856441498,-0.22357109189033508,0.6517070531845093,0.19395001232624054,-0.22351297736167908,0.6372018456459045,0.19257579743862152,-0.20172207057476044,0.6361109614372253,0.19238124787807465,-0.2018236219882965,0.6353021860122681,0.19198161363601685,-0.20189842581748962,0.6668952107429504,0.2099715620279312,-0.17016500234603882,0.6472685933113098,0.20218795537948608,-0.0593193881213665,0.6396864652633667,0.23356658220291138,-0.20754115283489227,0.6316916942596436,0.23060187697410583,-0.17768420279026031,0.688319742679596,0.32337549328804016,-0.23484265804290771,0.625009298324585,0.3322141766548157,0.07569439709186554,0.6006036996841431,0.40663135051727295,-0.33072927594184875,0.5589288473129272,0.4076347053050995,0.10300078243017197,0.5067120790481567,0.44897904992103577,-0.3677046298980713,0.48899927735328674,0.45742467045783997,-0.014926184900105,0.4855014383792877,0.4588663876056671,-0.4116273820400238,0.47264885902404785,0.46447935700416565,-0.029025983065366745,0.48629871010780334,0.4555796682834625,-0.3994829058647156,0.47314009070396423,0.4645916521549225,-0.07093293964862823,0.4907258152961731,0.4548046588897705,-0.3650593161582947,0.4795316755771637,0.4647957682609558,-0.03706090897321701,0.6898201704025269,0.5972063541412354,-0.11148218810558319,0.6493493914604187,0.5901336073875427,0.11120114475488663,0.5855404734611511,0.4798182547092438,-0.3319317698478699,0.547584056854248,0.4763526916503906,0.03741108626127243,0.5415050983428955,0.7156729698181152,-0.32763633131980896,0.5051141977310181,0.6935936808586121,0.007545454893261194,0.5463026762008667,0.7767050266265869,-0.3268532454967499,0.5225321650505066,0.7291235327720642,0.0019963723607361317,0.484961599111557,0.7244649529457092,-0.40008097887039185,0.4624580442905426,0.7051874995231628,-0.05230714753270149,0,1
0.6706229448318481,0.21208707988262177,-0.12067707628011703,0.6811932325363159,0.19704662263393402,-0.11383487284183502,0.6853764653205872,0.19738037884235382,-0.11383648216724396,0.6893758177757263,0.19799447059631348,-0.11374957859516144,0.6729273796081543,0.19633474946022034,-0.09462659060955048,0.6712930202484131,0.19628575444221497,-0.09469660371541977,0.6698526740074158,0.19616201519966125,-0.0947573333978653,0.7027797698974609,0.2121853530406952,-0.06701601296663284,0.6796985268592834,0.2066645473241806,0.020318351686000824,0.6783407330513,0.23649892210960388,-0.10484842211008072,0.6685454845428467,0.2345684915781021,-0.07934536039829254,0.7240268588066101,0.32014185190200806,-0.1441010683774948,0.6589571237564087,0.3323383927345276,0.13182586431503296,0.6423406004905701,0.3889722228050232,-0.22572536766529083,0.5941139459609985,0.4002712368965149,0.17147625982761383,0.550481915473938,0.4250997304916382,-0.25124451518058777,0.5279094576835632,0.4391721189022064,0.08364616334438324,0.529940128326416,0.44085344672203064,-0.2800067067146301,0.5077611804008484,0.45311278104782104,0.07549877464771271,0.5291878581047058,0.4394231140613556,-0.26824313402175903,0.5084907412528992,0.45331892371177673,0.04178798943758011,0.5351176261901855,0.43604135513305664,-0.24657058715820312,0.5164136290550232,0.4489315152168274,0.06566576659679413,0.719738781452179,0.5854275822639465,-0.0985400527715683,0.6790645718574524,0.5740199089050293,0.09832978993654251,0.6048732995986938,0.5106961727142334,-0.3065780997276306,0.5695666074752808,0.4796985983848572,-0.004096482414752245,0.5428177714347839,0.7234305739402771,-0.36873263120651245,0.5095527768135071,0.6975764632225037,-0.10033689439296722,0.5459117889404297,0.782203733921051,-0.37566548585891724,0.5195878744125366,0.7319433689117432,-0.11186488717794418,0.4836847186088562,0.7186633348464966,-0.4548395574092865,0.45921701192855835,0.6887784600257874,-0.1710435003042221,0,1
0.7004116177558899,0.22467395663261414,-0.08076722919940948,0.7103888392448425,0.20765510201454163,-0.07511182874441147,0.7150360345840454,0.207394540309906,-0.07509054243564606,0.7192977666854858,0.2072153240442276,-0.07503528147935867,0.7028941512107849,0.2077086716890335,-0.05231497436761856,0.7016574740409851,0.20757123827934265,-0.052372127771377563,0.700483500957489,0.20736479759216309,-0.05243099480867386,0.7328883409500122,0.21752002835273743,-0.029307391494512558,0.710850179195404,0.21741901338100433,0.07529903948307037,0.7081406712532043,0.2457095831632614,-0.06471296399831772,0.699783444404602,0.24560882151126862,-0.03423541039228439,0.7608327269554138,0.3198980391025543,-0.11218144744634628,0.6910597681999207,0.33158382773399353,0.18643489480018616,0.6839823126792908,0.3913041055202484,-0.2471497803926468,0.6285620927810669,0.3965478241443634,0.18634670972824097,0.6007235646247864,0.41931524872779846,-0.34000223875045776,0.5647639036178589,0.42822808027267456,0.034483689814805984,0.5806998610496521,0.43057823181152344,-0.3783119022846222,0.5440880060195923,0.44121217727661133,0.019565071910619736,0.5776842832565308,0.42691099643707275,-0.3660142421722412,0.5473542213439941,0.4395650625228882,-0.008806752040982246,0.5860739946365356,0.425014466047287,-0.33621254563331604,0.5546694993972778,0.43610233068466187,0.017445895820856094,0.7416149377822876,0.5792734622955322,-0.10447236150503159,0.7028890252113342,0.560626745223999,0.10421453416347504,0.6194180846214294,0.5265122652053833,-0.2988566756248474,0.5908898711204529,0.49519336223602295,0.008613554760813713,0.5452817678451538,0.7324756383895874,-0.35744142532348633,0.5157241225242615,0.6976070404052734,-0.057655055075883865,0.5464353561401367,0.7813113927841187,-0.3634111285209656,0.5170658230781555,0.7368191480636597,-0.06616919487714767,0.4903480112552643,0.7173131108283997,-0.43472200632095337,0.46134844422340393,0.6858069896697998,-0.11754029989242554,0,1
0.729232907295227,0.24229134619235992,-0.039622217416763306,0.7370021343231201,0.22478996217250824,-0.040749065577983856,0.7415114641189575,0.2233685553073883,-0.04074123874306679,0.7466825842857361,0.22162054479122162,-0.040678251534700394,0.7297418713569641,0.22642673552036285,-0.018594974651932716,0.7282217741012573,0.22651249170303345,-0.018675679340958595,0.7265430092811584,0.2266228199005127,-0.018770981580018997,0.7614203691482544,0.22874662280082703,-0.01831897720694542,0.7349315881729126,0.23116213083267212,0.08148948103189468,0.7382469773292542,0.2596958875656128,-0.03082876279950142,0.7290458679199219,0.26073402166366577,-0.0017213367391377687,0.792542040348053,0.3230895400047302,-0.09609919786453247,0.719234824180603,0.3317534327507019,0.1771981418132782,0.7342333197593689,0.4034333825111389,-0.22056296467781067,0.6535016298294067,0.39775243401527405,0.19160246849060059,0.6466328501701355,0.4194483160972595,-0.30111831426620483,0.5934692025184631,0.4257851839065552,0.05780638009309769,0.626872181892395,0.4310777485370636,-0.3330405652523041,0.5767698884010315,0.4347214102745056,0.04275601729750633,0.624298095703125,0.4248931109905243,-0.3245549201965332,0.5775538086891174,0.43158188462257385,0.020793579518795013,0.6269386410713196,0.42340537905693054,-0.2973192632198334,0.5839554071426392,0.43016189336776733,0.043470047414302826,0.7564159631729126,0.5794719457626343,-0.09739300608634949,0.7161311507225037,0.5596393942832947,0.09724320471286774,0.6343203783035278,0.5518872141838074,-0.24353544414043427,0.6074789762496948,0.5225057005882263,-0.003836939577013254,0.5498045682907104,0.7362864017486572,-0.32418280839920044,0.5208484530448914,0.6960353255271912,-0.07593139261007309,0.5469752550125122,0.785364031791687,-0.3338742256164551,0.5137799382209778,0.7258654236793518,-0.08430695533752441,0.49656182527542114,0.7214086055755615,-0.40520015358924866,0.45885738730430603,0.6660772562026978,-0.13213351368904114,0,1
0.7534767985343933,0.2614687383174896,0.051736436784267426,0.7604206204414368,0.2444017380475998,0.05346496030688286,0.7644373178482056,0.24344198405742645,0.053478311747312546,0.7691507935523987,0.24235127866268158,0.053522150963544846,0.7532514333724976,0.2462840974330902,0.07261714339256287,0.7518158555030823,0.24668174982070923,0.07252566516399384,0.7506228685379028,0.24706295132637024,0.07244111597537994,0.786365270614624,0.24597123265266418,0.07827024161815643,0.7597996592521667,0.25062641501426697,0.16338108479976654,0.762311577796936,0.2806095778942108,0.0609947070479393,0.7548902034759521,0.2829769253730774,0.08595220744609833,0.8175278902053833,0.33048442006111145,-0.0031029977835714817,0.7449029088020325,0.3360866606235504,0.2242264300584793,0.7786436676979065,0.42115986347198486,-0.12153138220310211,0.6803135275840759,0.41114234924316406,0.20031702518463135,0.698553204536438,0.42147096991539,-0.2138919085264206,0.625931441783905,0.42664405703544617,0.062365103513002396,0.6777250170707703,0.4324045777320862,-0.2433185577392578,0.6096405982971191,0.43517231941223145,0.04656917601823807,0.6718153953552246,0.42575937509536743,-0.23950162529945374,0.6112766265869141,0.43174996972084045,0.02166212536394596,0.6787251830101013,0.42434799671173096,-0.2121892273426056,0.6187244653701782,0.4303208291530609,0.04733195900917053,0.772625744342804,0.5749108791351318,-0.08370068669319153,0.7319366931915283,0.55569988489151,0.08362556993961334,0.6501760482788086,0.5791933536529541,-0.21919289231300354,0.6219929456710815,0.5464742183685303,-0.03710188716650009,0.5515835285186768,0.7455918788909912,-0.3215423822402954,0.5229729413986206,0.6953365802764893,-0.1425866037607193,0.545761227607727,0.7919447422027588,-0.3329526484012604,0.5138717889785767,0.7298778891563416,-0.1542297899723053,0.49580883979797363,0.7183849811553955,-0.4111107885837555,0.45993906259536743,0.6621701717376709,-0.20687249302864075,0,1
0.7642231583595276,0.2768229842185974,0.030701011419296265,0.7697020173072815,0.25919491052627563,0.029107311740517616,0.7733966708183289,0.2577624022960663,0.02908075414597988,0.7777181267738342,0.2552476227283478,0.029025748372077942,0.7632659673690796,0.261442095041275,0.04931335523724556,0.7620452642440796,0.2618199586868286,0.049301352351903915,0.7609186768531799,0.2623603045940399,0.04923770949244499,0.7967044115066528,0.2533617317676544,0.04561109468340874,0.7716535329818726,0.264599084854126,0.13981324434280396,0.7737638354301453,0.29367199540138245,0.037615809589624405,0.766915500164032,0.29529494047164917,0.06512757390737534,0.8370709419250488,0.3383740782737732,-0.0013736634282395244,0.7573500871658325,0.3473990857601166,0.1995026171207428,0.8164775967597961,0.46289435029029846,-0.06556501239538193,0.7141151428222656,0.4431111216545105,0.18937498331069946,0.739828884601593,0.4309127926826477,-0.11492295563220978,0.6674896478652954,0.43461355566978455,0.03616378828883171,0.7231987714767456,0.4390058219432831,-0.13502442836761475,0.6523320078849792,0.4365595877170563,0.007305265404284,0.7184808850288391,0.4270758628845215,-0.1381610780954361,0.6526983976364136,0.4329438805580139,-0.009998194873332977,0.7269095182418823,0.4262688159942627,-0.11475811153650284,0.6612117290496826,0.43240368366241455,0.021145109087228775,0.7779795527458191,0.5725576877593994,-0.0688553899526596,0.7335216403007507,0.5501855611801147,0.06891539692878723,0.6617614030838013,0.6087268590927124,-0.19795657694339752,0.6323204040527344,0.570631742477417,-0.05409960821270943,0.5598605871200562,0.7557424902915955,-0.31776946783065796,0.5291670560836792,0.698293149471283,-0.17948628962039948,0.5468499660491943,0.8000227212905884,-0.334370493888855,0.521801233291626,0.7408033609390259,-0.19389453530311584,0.4952141344547272,0.7204757928848267,-0.4167938232421875,0.4623149335384369,0.66823810338974,-0.25169438123703003,0,1
0.7636922597885132,0.27471330761909485,0.05406452342867851,0.7695876359939575,0.25733205676078796,0.05829847976565361,0.7732738852500916,0.2555559277534485,0.05827518552541733,0.7779149413108826,0.2530193328857422,0.05818472430109978,0.7624163627624512,0.2594717741012573,0.07550238817930222,0.7610493898391724,0.2597540318965912,0.0755293220281601,0.7598702907562256,0.2602265179157257,0.07546664774417877,0.7952675819396973,0.250476211309433,0.09719705581665039,0.7693172693252563,0.26376140117645264,0.18068963289260864,0.7731033563613892,0.2903486490249634,0.06946904957294464,0.7655595541000366,0.29200565814971924,0.0937182754278183,0.8379696011543274,0.3349538743495941,0.06709690392017365,0.7609028816223145,0.3470057249069214,0.23527152836322784,0.8512815237045288,0.4795558452606201,0.004508617799729109,0.7458148002624512,0.46710336208343506,0.2223750799894333,0.775161623954773,0.4335041046142578,-0.061957210302352905,0.7105734944343567,0.4412480592727661,0.068621926009655,0.7558221220970154,0.4374951124191284,-0.08237619698047638,0.690651535987854,0.43944981694221497,0.036039549857378006,0.754928469657898,0.4251689910888672,-0.07770442962646484,0.6920872926712036,0.43402236700057983,0.02145691215991974,0.7588244676589966,0.4248661994934082,-0.057860881090164185,0.6995517611503601,0.4332675039768219,0.05561432987451553,0.7834126353263855,0.5711945295333862,-0.06770363450050354,0.73841392993927,0.5478309392929077,0.06775707751512527,0.6701557636260986,0.6220386624336243,-0.21264822781085968,0.638477623462677,0.5835480690002441,-0.0693330317735672,0.5586279630661011,0.7610414028167725,-0.3325536251068115,0.5318344831466675,0.6980709433555603,-0.19713446497917175,0.5466896891593933,0.8043974041938782,-0.3450343608856201,0.5208724737167358,0.7413047552108765,-0.21227240562438965,0.4904123842716217,0.7343675494194031,-0.43352895975112915,0.4640665054321289,0.6670239567756653,-0.2739238142967224,0,1
0.7570101022720337,0.266753613948822,0.003242719452828169,0.763749361038208,0.2500912845134735,0.00482269236817956,0.7673723101615906,0.24943868815898895,0.004789982922375202,0.77186119556427,0.24775338172912598,0.004755248315632343,0.7567187547683716,0.24958138167858124,0.02430102601647377,0.7554214596748352,0.24958810210227966,0.024252720177173615,0.7542922496795654,0.2498311996459961,0.024194402620196342,0.789874792098999,0.24409383535385132,0.03841700032353401,0.7652615904808044,0.2560423016548157,0.12511342763900757,0.7663236856460571,0.2832348048686981,0.016360323876142502,0.7585257291793823,0.28334301710128784,0.0420682467520237,0.8338226079940796,0.3326309025287628,0.023368801921606064,0.7570291757583618,0.34334155917167664,0.18099841475486755,0.8723984956741333,0.47084516286849976,-0.04286102578043938,0.7412948608398438,0.4649854302406311,0.15928657352924347,0.7984126210212708,0.4434773325920105,-0.10705198347568512,0.7149370908737183,0.4486097991466522,-0.007049137260764837,0.7778866291046143,0.4456157684326172,-0.12557539343833923,0.7059453725814819,0.44943398237228394,-0.03943461924791336,0.7742122411727905,0.42669132351875305,-0.11602012813091278,0.7094555497169495,0.4384515881538391,-0.048840951174497604,0.7801298499107361,0.4279605746269226,-0.10084395110607147,0.714534342288971,0.43747252225875854,-0.01706170290708542,0.7836442589759827,0.5701580047607422,-0.06542826443910599,0.7400955557823181,0.5478392839431763,0.06555399298667908,0.6725735068321228,0.6306601762771606,-0.19493086636066437,0.6399275660514832,0.5863193273544312,-0.07953380048274994,0.5588798522949219,0.7635601758956909,-0.31726494431495667,0.5311048030853271,0.7004849314689636,-0.20675797760486603,0.5475658774375916,0.8040167689323425,-0.3303578794002533,0.5206837058067322,0.7487144470214844,-0.22171573340892792,0.48793846368789673,0.7414742112159729,-0.4223117232322693,0.4647909998893738,0.6674659252166748,-0.2877083420753479,0,1
0.7537715435028076,0.25307270884513855,-0.06593047082424164,0.7612205147743225,0.23683662712574005,-0.06584330648183823,0.7651053667068481,0.2360568642616272,-0.06588508933782578,0.769497275352478,0.23451589047908783,-0.06591401994228363,0.754325807094574,0.2371746301651001,-0.047568902373313904,0.752653956413269,0.23745708167552948,-0.047601670026779175,0.751192569732666,0.23774805665016174,-0.047642018646001816,0.7874835729598999,0.23442266881465912,-0.04182221740484238,0.7626680135726929,0.24343425035476685,0.04184863716363907,0.763221025466919,0.26982811093330383,-0.05573944374918938,0.7553805112838745,0.2699444591999054,-0.031184857711195946,0.8300576210021973,0.3321850895881653,-0.071999691426754,0.753186047077179,0.340722918510437,0.11866086721420288,0.8486849665641785,0.48453137278556824,-0.13242670893669128,0.7374195456504822,0.46417123079299927,0.14110484719276428,0.7717960476875305,0.5053635239601135,-0.18581722676753998,0.6989661455154419,0.49546781182289124,0.013578456826508045,0.7527680397033691,0.5183051228523254,-0.21029987931251526,0.6862689852714539,0.5087971687316895,-0.013240841217339039,0.7510403394699097,0.5042809247970581,-0.20480012893676758,0.6875272989273071,0.5019302368164062,-0.03442196175456047,0.754011332988739,0.4994976818561554,-0.18178923428058624,0.6934903264045715,0.4963904619216919,-0.0008387168636545539,0.7834129929542542,0.5786846876144409,-0.06670422106981277,0.7417160868644714,0.553808331489563,0.06675917655229568,0.6656952500343323,0.623528003692627,-0.19461707770824432,0.6399743556976318,0.5821825861930847,-0.06575269997119904,0.5591173768043518,0.7677540183067322,-0.2864780128002167,0.5351707339286804,0.6993780732154846,-0.17239567637443542,0.5484577417373657,0.8050609230995178,-0.29686397314071655,0.5254209041595459,0.7419589757919312,-0.18411841988563538,0.4946657717227936,0.7442637085914612,-0.38376474380493164,0.4721905291080475,0.6689503192901611,-0.23700952529907227,0,1
0.740740180015564,0.2437088042497635,-0.1262977421283722,0.7494028210639954,0.22754783928394318,-0.12459151446819305,0.753778874874115,0.22645077109336853,-0.12465375661849976,0.7578395009040833,0.22528690099716187,-0.12466099113225937,0.7417765855789185,0.22920110821723938,-0.10511472076177597,0.7398573160171509,0.2293747216463089,-0.10518933832645416,0.7380110621452332,0.2296222448348999,-0.10524064302444458,0.7739518284797668,0.23068825900554657,-0.09296330064535141,0.7486006021499634,0.23590782284736633,-0.005884196143597364,0.7500501275062561,0.2614162564277649,-0.11423145234584808,0.7409489154815674,0.2611389458179474,-0.08879054337739944,0.8138440251350403,0.3368995785713196,-0.12618699669837952,0.7352296113967896,0.34180116653442383,0.09805210679769516,0.8167088627815247,0.4978214204311371,-0.18969248235225677,0.7149681448936462,0.46403220295906067,0.09118588268756866,0.7339908480644226,0.5258802175521851,-0.2513369917869568,0.6658456325531006,0.49003729224205017,-0.10303258895874023,0.7110695242881775,0.5361360907554626,-0.280701220035553,0.6527364253997803,0.5012323260307312,-0.13336318731307983,0.7039378881454468,0.5251076221466064,-0.27615174651145935,0.6524373292922974,0.49331527948379517,-0.1551092118024826,0.7093659043312073,0.5215259194374084,-0.24772784113883972,0.6575219035148621,0.49030616879463196,-0.11937624216079712,0.7809125185012817,0.5961000919342041,-0.07560814917087555,0.7387261986732483,0.5728636980056763,0.07582589983940125,0.656850278377533,0.6051852107048035,-0.23033425211906433,0.6366515755653381,0.5686745047569275,-0.06837555766105652,0.5570906400680542,0.7628999352455139,-0.2977531850337982,0.5357262492179871,0.6992242932319641,-0.13477854430675507,0.5482562780380249,0.8026951551437378,-0.3076542019844055,0.5285317897796631,0.7405014634132385,-0.14481888711452484,0.49382710456848145,0.7226153612136841,-0.41027092933654785,0.4722491204738617,0.6685658693313599,-0.21342924237251282,0,1
0.7256269454956055,0.2361299693584442,-0.11893272399902344,0.7348942160606384,0.21928168833255768,-0.11478297412395477,0.7387513518333435,0.21882198750972748,-0.11478942632675171,0.742890477180481,0.2180776745080948,-0.11475937068462372,0.7267821431159973,0.22069841623306274,-0.09696994721889496,0.724852442741394,0.22076083719730377,-0.09706081449985504,0.7228854298591614,0.22095021605491638,-0.09711757302284241,0.7586986422538757,0.22645257413387299,-0.07974372804164886,0.7319296598434448,0.22956155240535736,-0.0007418781169690192,0.734320342540741,0.2545439600944519,-0.10673705488443375,0.7245221138000488,0.25354135036468506,-0.08367656171321869,0.7955998182296753,0.337388277053833,-0.12612992525100708,0.7140401005744934,0.34148314595222473,0.08849520981311798,0.7789216637611389,0.4972408413887024,-0.19417966902256012,0.6812314987182617,0.46435385942459106,0.07347703725099564,0.6958085298538208,0.5157222747802734,-0.24259772896766663,0.6301290392875671,0.4850642681121826,-0.08916305005550385,0.6737782955169678,0.5258159041404724,-0.26940101385116577,0.6158789396286011,0.494973361492157,-0.11682774871587753,0.6696784496307373,0.5132962465286255,-0.26330357789993286,0.6169905066490173,0.4868801534175873,-0.13667604327201843,0.6768313646316528,0.5093269348144531,-0.2388008087873459,0.6233139038085938,0.4842754304409027,-0.10381744801998138,0.76515132188797,0.5926936864852905,-0.08196030557155609,0.7244275808334351,0.571604311466217,0.08204520493745804,0.6514905691146851,0.5531237125396729,-0.26439329981803894,0.6245625615119934,0.5209150910377502,-0.06929853558540344,0.5570782423019409,0.7432351112365723,-0.3277275562286377,0.5375037789344788,0.6990868449211121,-0.1400720775127411,0.5534956455230713,0.7945706844329834,-0.334587424993515,0.5316818952560425,0.7392248511314392,-0.14912644028663635,0.49507251381874084,0.71717768907547,-0.4255724847316742,0.47242721915245056,0.6725091338157654,-0.2116382122039795,0,1
0.7081879377365112,0.23019374907016754,-0.08957324177026749,0.71729576587677,0.21508055925369263,-0.08406461775302887,0.7211736440658569,0.21495383977890015,-0.08396394550800323,0.7257038354873657,0.21450459957122803,-0.08381856232881546,0.7092066407203674,0.21553993225097656,-0.06520158052444458,0.7074036598205566,0.21577487885951996,-0.06535256654024124,0.705643892288208,0.21595968306064606,-0.06544248759746552,0.741442859172821,0.224437415599823,-0.04255669564008713,0.7147259712219238,0.22528140246868134,0.03792785108089447,0.7162617444992065,0.24976089596748352,-0.0769784078001976,0.7065356373786926,0.24948275089263916,-0.05355202034115791,0.7729697227478027,0.3366531729698181,-0.10922936350107193,0.6907761096954346,0.3410019874572754,0.13036367297172546,0.7396537065505981,0.48125386238098145,-0.1890602856874466,0.6440232396125793,0.45506253838539124,0.0898125022649765,0.6507986783981323,0.48158636689186096,-0.24547341465950012,0.6013123393058777,0.47934189438819885,-0.067660853266716,0.6289696097373962,0.49254047870635986,-0.27563101053237915,0.5795518159866333,0.4867422878742218,-0.09429611265659332,0.6251318454742432,0.4849911034107208,-0.27039259672164917,0.582100510597229,0.48117485642433167,-0.11305911839008331,0.6310681104660034,0.4817606210708618,-0.24220001697540283,0.5920913219451904,0.4798562824726105,-0.08146288990974426,0.7475144863128662,0.5886492133140564,-0.09135787189006805,0.7059634327888489,0.5696038007736206,0.0912179946899414,0.6385800242424011,0.5223940014839172,-0.3051840364933014,0.5984517335891724,0.4963047504425049,-0.037763811647892,0.5562636256217957,0.7377341985702515,-0.36071157455444336,0.5333956480026245,0.6984193921089172,-0.09440074115991592,0.5566799640655518,0.7882778644561768,-0.36555543541908264,0.5261693596839905,0.7364741563796997,-0.10221348702907562,0.4970468580722809,0.7191473841667175,-0.4495542049407959,0.4688293933868408,0.6803995370864868,-0.1626446545124054,0,1
0.6876203417778015,0.22588543593883514,-0.09664900600910187,0.6970177292823792,0.2114650309085846,-0.09333815425634384,0.7011166214942932,0.21129252016544342,-0.09329642355442047,0.7055889368057251,0.21103441715240479,-0.09320243448019028,0.6894733905792236,0.2109726369380951,-0.07016463577747345,0.6878508925437927,0.21088528633117676,-0.07026594132184982,0.6862276792526245,0.21065667271614075,-0.07033568620681763,0.7207688093185425,0.22258779406547546,-0.0566539391875267,0.6957586407661438,0.22050198912620544,0.053953785449266434,0.6950460076332092,0.24655498564243317,-0.0840800553560257,0.6863757967948914,0.2461903840303421,-0.05383840948343277,0.7468782663345337,0.33085232973098755,-0.134752556681633,0.671619176864624,0.33777108788490295,0.14703358709812164,0.6940097808837891,0.44915878772735596,-0.21676380932331085,0.6174233555793762,0.4362492561340332,0.15728680789470673,0.611237645149231,0.4743659198284149,-0.25841495394706726,0.5594675540924072,0.47181200981140137,0.024576418101787567,0.5915205478668213,0.4884476959705353,-0.29163435101509094,0.5424301624298096,0.48125237226486206,0.008255226537585258,0.5900129675865173,0.48004984855651855,-0.2889830470085144,0.5426334142684937,0.47907164692878723,-0.01841440610587597,0.5958409905433655,0.4764508605003357,-0.25719600915908813,0.5492020845413208,0.4771754741668701,0.00857201311737299,0.7293518781661987,0.5859829783439636,-0.10479933023452759,0.6891347765922546,0.5645546913146973,0.10455672442913055,0.6245694756507874,0.5212726593017578,-0.3338402211666107,0.5843847990036011,0.49308234453201294,-0.0070783221162855625,0.5497071743011475,0.7343338131904602,-0.38636937737464905,0.5253032445907593,0.6904682517051697,-0.0501520112156868,0.5529845952987671,0.7824859023094177,-0.3911546766757965,0.5173066258430481,0.7370336055755615,-0.056383997201919556,0.4913311004638672,0.7205449342727661,-0.47329044342041016,0.4646431505680084,0.6771847605705261,-0.1081344336271286,0,1
0.6647626757621765,0.21682552993297577,-0.14696939289569855,0.6741520762443542,0.20364253222942352,-0.14680153131484985,0.6778807044029236,0.2040121853351593,-0.1467883139848709,0.682284951210022,0.20462797582149506,-0.14672335982322693,0.6676250696182251,0.20260313153266907,-0.12138406187295914,0.6665281057357788,0.202536940574646,-0.12146220356225967,0.6654091477394104,0.20241181552410126,-0.12151417881250381,0.69712233543396,0.2200467586517334,-0.11479290574789047,0.6744871139526367,0.21419930458068848,-0.000595376652199775,0.670532763004303,0.24076595902442932,-0.1358565092086792,0.6632221341133118,0.23962172865867615,-0.10283497720956802,0.7180646061897278,0.32600557804107666,-0.1918007731437683,0.6495804190635681,0.3353441059589386,0.11706598848104477,0.6535640954971313,0.43750983476638794,-0.28872552514076233,0.588002622127533,0.42397987842559814,0.10687104612588882,0.5694648623466492,0.4650096893310547,-0.32444918155670166,0.5258570909500122,0.4632568359375,-0.06417874246835709,0.547801673412323,0.4858638644218445,-0.36733514070510864,0.5103899836540222,0.47411254048347473,-0.09008083492517471,0.5428497195243835,0.47775623202323914,-0.36434900760650635,0.5099149942398071,0.47353342175483704,-0.12054916471242905,0.549284815788269,0.4731460213661194,-0.3239746689796448,0.516310453414917,0.4709947407245636,-0.08373619616031647,0.7075923681259155,0.5873746871948242,-0.10972811281681061,0.6685786843299866,0.5672030448913574,0.10947956144809723,0.602841854095459,0.5067271590232849,-0.36131221055984497,0.5629011988639832,0.4840211570262909,-0.0024947181809693575,0.5457079410552979,0.7335745096206665,-0.4034249782562256,0.518878161907196,0.6948882341384888,-0.0451260581612587,0.5473421216011047,0.7818480730056763,-0.40795546770095825,0.517000138759613,0.742484450340271,-0.05229821056127548,0.4846722483634949,0.7200527787208557,-0.49993711709976196,0.4642743468284607,0.6945094466209412,-0.11495878547430038,0,1
0.640232503414154,0.21454273164272308,-0.16218601167201996,0.6492961645126343,0.20211148262023926,-0.16557104885578156,0.6528670787811279,0.20241008698940277,-0.16555313766002655,0.6571506261825562,0.20297913253307343,-0.16547198593616486,0.643295168876648,0.2006739228963852,-0.13902011513710022,0.6424763202667236,0.20028318464756012,-0.13909846544265747,0.6415790319442749,0.19987668097019196,-0.1391722857952118,0.6733881831169128,0.21918955445289612,-0.14540892839431763,0.6516462564468384,0.21140334010124207,-0.02645731531083584,0.6459032297134399,0.23874083161354065,-0.15464363992214203,0.6388758420944214,0.2368759959936142,-0.1202918142080307,0.6932279467582703,0.32556480169296265,-0.21915479004383087,0.6274148225784302,0.33477506041526794,0.08730068057775497,0.6228863000869751,0.4276294708251953,-0.3163968622684479,0.5614956617355347,0.41665396094322205,0.0770895779132843,0.5324538350105286,0.4685038626194,-0.34672218561172485,0.49301689863204956,0.4681571125984192,-0.06966421008110046,0.5064511895179749,0.48691219091415405,-0.38833269476890564,0.4748952388763428,0.47639021277427673,-0.09315301477909088,0.5027598738670349,0.47856470942497253,-0.3823745846748352,0.47741860151290894,0.477505624294281,-0.12451072782278061,0.5132543444633484,0.4739339053630829,-0.345419704914093,0.4835570454597473,0.47676339745521545,-0.08938483148813248,0.6877142190933228,0.5893876552581787,-0.10791949182748795,0.6479993462562561,0.5729948282241821,0.10768934339284897,0.5900185704231262,0.4973801374435425,-0.36052319407463074,0.5427563786506653,0.4756799340248108,-0.01740819588303566,0.5415118336677551,0.7303591966629028,-0.39434918761253357,0.5155178308486938,0.6972634792327881,-0.053998738527297974,0.5449516773223877,0.7801272869110107,-0.39788979291915894,0.5194199681282043,0.7420893907546997,-0.05996903032064438,0.4731435179710388,0.7186708450317383,-0.48825526237487793,0.464365154504776,0.7014855146408081,-0.1296783685684204,0,1
0.6167553067207336,0.21100841462612152,-0.18622982501983643,0.6262080073356628,0.1977808177471161,-0.1906735897064209,0.6302100419998169,0.19835688173770905,-0.1906825602054596,0.6348716616630554,0.19925393164157867,-0.19063207507133484,0.619987428188324,0.1962990164756775,-0.1621643751859665,0.6192055940628052,0.19593249261379242,-0.16222383081912994,0.6184152960777283,0.19565331935882568,-0.16229626536369324,0.6515014171600342,0.21697887778282166,-0.17080360651016235,0.6295215487480164,0.20805087685585022,-0.0433722585439682,0.622753381729126,0.23520545661449432,-0.17884542047977448,0.615394651889801,0.2331896871328354,-0.14184823632240295,0.6696146726608276,0.3248535096645355,-0.2493562400341034,0.6070014238357544,0.33453571796417236,0.07802756130695343,0.5925349593162537,0.42295658588409424,-0.34966838359832764,0.5415288209915161,0.41880467534065247,0.08476971089839935,0.49772873520851135,0.46885329484939575,-0.37576010823249817,0.46820196509361267,0.4722798764705658,-0.05630567669868469,0.47207969427108765,0.486716091632843,-0.4210739731788635,0.45158177614212036,0.4820100665092468,-0.07578979432582855,0.46989327669143677,0.4787697196006775,-0.4119850695133209,0.45080527663230896,0.48229026794433594,-0.11531241238117218,0.4768032431602478,0.4743596315383911,-0.37333279848098755,0.4574107527732849,0.48098453879356384,-0.07978768646717072,0.6667467355728149,0.5954005122184753,-0.10894130170345306,0.6267943978309631,0.587009072303772,0.10867421329021454,0.5666199922561646,0.4635663330554962,-0.3551909327507019,0.5233873128890991,0.4590810537338257,0.011175575666129589,0.53990238904953,0.7149192094802856,-0.3109346032142639,0.513813853263855,0.6910077333450317,-0.0135438721626997,0.5439172387123108,0.7710295915603638,-0.305481493473053,0.524512529373169,0.7332305312156677,-0.01905558630824089,0.48147425055503845,0.7267603278160095,-0.3757060468196869,0.4608325958251953,0.7167620062828064,-0.07943443208932877,0,1
0.5950340628623962,0.20992401242256165,-0.16971813142299652,0.6046765446662903,0.1957903802394867,-0.1775304526090622,0.6088083982467651,0.19625388085842133,-0.17760968208312988,0.6132670044898987,0.19708794355392456,-0.17762525379657745,0.5988589525222778,0.1949726790189743,-0.14228734374046326,0.5981027483940125,0.1947258561849594,-0.14229318499565125,0.5974431037902832,0.1945471465587616,-0.1423185169696808,0.6293323636054993,0.2139153629541397,-0.17990462481975555,0.609664797782898,0.20695440471172333,-0.015658363699913025,0.6010589003562927,0.23370295763015747,-0.16904285550117493,0.5941848754882812,0.23144041001796722,-0.12264083325862885,0.6470078825950623,0.3230026960372925,-0.2525216341018677,0.5913311839103699,0.3345806300640106,0.1290108859539032,0.5623783469200134,0.41570791602134705,-0.34781819581985474,0.527547299861908,0.4200165569782257,0.16673973202705383,0.4710603654384613,0.46591609716415405,-0.365203857421875,0.45310521125793457,0.47217288613319397,0.0640517845749855,0.44644036889076233,0.4853508770465851,-0.4084896147251129,0.4335852265357971,0.48550793528556824,0.055846016854047775,0.44253674149513245,0.478136271238327,-0.4020516872406006,0.4330787658691406,0.4845562279224396,0.017603091895580292,0.44826802611351013,0.4738709032535553,-0.3632330596446991,0.440336138010025,0.48246482014656067,0.04287915676832199,0.6512405872344971,0.6006638407707214,-0.11969698965549469,0.6138960123062134,0.597504734992981,0.11945673078298569,0.536289632320404,0.46353453397750854,-0.2359263002872467,0.5138342976570129,0.4573304057121277,0.07592570036649704,0.5219660401344299,0.7005484104156494,-0.1261199414730072,0.5157461762428284,0.6714959740638733,0.026318371295928955,0.5322352647781372,0.749092161655426,-0.1139192134141922,0.5235154032707214,0.7177651524543762,0.01888752356171608,0.469840943813324,0.7157278060913086,-0.1502484530210495,0.4607209265232086,0.7040343880653381,-0.02748459205031395,0,1
0.5761399269104004,0.20983198285102844,-0.15484417974948883,0.5852328538894653,0.1958635300397873,-0.1632070243358612,0.5888975858688354,0.1961427479982376,-0.16328680515289307,0.5932394862174988,0.19676128029823303,-0.1632876843214035,0.5801804661750793,0.19515429437160492,-0.12754136323928833,0.579723060131073,0.1948477178812027,-0.12752363085746765,0.5793355703353882,0.19454017281532288,-0.12753741443157196,0.6104533076286316,0.2131214588880539,-0.15683388710021973,0.5931141376495361,0.2065863013267517,0.0044576190412044525,0.5818139314651489,0.232468843460083,-0.15223056077957153,0.575827956199646,0.22998002171516418,-0.10584322363138199,0.6279080510139465,0.32227784395217896,-0.25100603699684143,0.5757754445075989,0.33618637919425964,0.1544804722070694,0.537509024143219,0.4116594195365906,-0.35015052556991577,0.512967050075531,0.43222901225090027,0.19264432787895203,0.44149452447891235,0.4672786295413971,-0.3639194965362549,0.4289318025112152,0.4829586148262024,0.0915573388338089,0.4182862639427185,0.4900433123111725,-0.4076889455318451,0.41175293922424316,0.5027489066123962,0.08458834141492844,0.4152885973453522,0.4849534332752228,-0.39471501111984253,0.4118167459964752,0.49718576669692993,0.0464262031018734,0.42110171914100647,0.48006361722946167,-0.35939130187034607,0.4183550775051117,0.4940410554409027,0.07087571918964386,0.6346317529678345,0.6033750176429749,-0.12538763880729675,0.5978435277938843,0.6071991920471191,0.12511031329631805,0.5189671516418457,0.4639320373535156,-0.217039555311203,0.49401307106018066,0.46056827902793884,0.11599507182836533,0.514194130897522,0.6924547553062439,-0.04506310075521469,0.5138325691223145,0.674511194229126,0.07010253518819809,0.5261915922164917,0.7322074770927429,-0.023725025355815887,0.5376257300376892,0.7158036231994629,0.06456245481967926,0.4644395411014557,0.716729462146759,-0.03120587207376957,0.4827802777290344,0.713578462600708,0.0274306982755661,0,1
0.5603786110877991,0.20847415924072266,-0.1597956418991089,0.570864737033844,0.19413407146930695,-0.1686687022447586,0.5746914148330688,0.19428884983062744,-0.16873186826705933,0.578938364982605,0.19476649165153503,-0.16870573163032532,0.5651427507400513,0.19355133175849915,-0.1322326362133026,0.5645400285720825,0.19322209060192108,-0.13221748173236847,0.564057469367981,0.1928076595067978,-0.13223090767860413,0.5946364998817444,0.21106478571891785,-0.1588882952928543,0.5780659317970276,0.20475542545318604,0.00209418754093349,0.5660415291786194,0.23072318732738495,-0.1568533033132553,0.5600174069404602,0.22783318161964417,-0.10987886041402817,0.6110315918922424,0.32247158885002136,-0.2674717903137207,0.559838056564331,0.3376643657684326,0.1563255786895752,0.5154883861541748,0.41235047578811646,-0.37418895959854126,0.49389562010765076,0.43400493264198303,0.19137082993984222,0.42437809705734253,0.4772360622882843,-0.37765002250671387,0.41687503457069397,0.49359482526779175,0.08619670569896698,0.4014366567134857,0.5015197992324829,-0.43148040771484375,0.39789479970932007,0.5134357213973999,0.07753176987171173,0.39790189266204834,0.49096566438674927,-0.41076192259788513,0.3984255790710449,0.5052735209465027,0.037254638969898224,0.4051888883113861,0.48664310574531555,-0.37190425395965576,0.40397024154663086,0.5018603205680847,0.06473250687122345,0.6213060617446899,0.605802595615387,-0.13159112632274628,0.5849241018295288,0.6070379018783569,0.13132189214229584,0.5038591623306274,0.4662456214427948,-0.23693862557411194,0.47689247131347656,0.46495839953422546,0.10500110685825348,0.5114849805831909,0.6961631178855896,-0.09039072692394257,0.5254448652267456,0.6818796396255493,0.04598056524991989,0.5279855728149414,0.722220778465271,-0.07252015918493271,0.544253945350647,0.707489550113678,0.03874029591679573,0.4662405550479889,0.7396431565284729,-0.08988653123378754,0.5032200813293457,0.7337580323219299,-0.004104367457330227,0,1
0.5520197153091431,0.20704978704452515,-0.20208577811717987,0.5634366273880005,0.19178462028503418,-0.20874202251434326,0.5669984221458435,0.19239595532417297,-0.20876304805278778,0.5709035992622375,0.19320011138916016,-0.20872661471366882,0.5577831864356995,0.19049349427223206,-0.17565308511257172,0.5572167634963989,0.19027535617351532,-0.17566926777362823,0.5568053126335144,0.18999259173870087,-0.17569948732852936,0.585444986820221,0.21067197620868683,-0.20120692253112793,0.5703514218330383,0.20393960177898407,-0.05090860649943352,0.5568822622299194,0.2301052063703537,-0.19707752764225006,0.5510302782058716,0.2271232008934021,-0.15372098982334137,0.6005226373672485,0.32491663098335266,-0.28776222467422485,0.5515097379684448,0.34180232882499695,0.12438644468784332,0.5072706937789917,0.4279954731464386,-0.38595157861709595,0.4846445620059967,0.4384424388408661,0.145939901471138,0.4132212996482849,0.48470085859298706,-0.3968018889427185,0.407046377658844,0.4987291693687439,0.01954713836312294,0.38975027203559875,0.5066555738449097,-0.44435572624206543,0.3877064883708954,0.5160436630249023,0.0049793170765042305,0.3862745761871338,0.49652037024497986,-0.43063896894454956,0.3880230486392975,0.5087969899177551,-0.03414129838347435,0.3936375677585602,0.4939243793487549,-0.39275306463241577,0.3939012885093689,0.5077202916145325,-0.0022957257460802794,0.615283191204071,0.6071069240570068,-0.13039728999137878,0.5803637504577637,0.6095787882804871,0.1301170289516449,0.49623575806617737,0.46051886677742004,-0.21857097744941711,0.47011643648147583,0.4589194059371948,0.12130516767501831,0.5131275653839111,0.6935849785804749,-0.04170311242341995,0.5277854800224304,0.677336573600769,0.09560101479291916,0.5286961793899536,0.7294823527336121,-0.018842700868844986,0.5473352074623108,0.7067416906356812,0.09265491366386414,0.4693765640258789,0.7576510310173035,-0.008143066428601742,0.5088663101196289,0.747668981552124,0.06646279245615005,0,1
0.5527437925338745,0.20338819921016693,-0.2078951597213745,0.564467191696167,0.18973642587661743,-0.20649349689483643,0.5681247115135193,0.19058534502983093,-0.20654144883155823,0.5719757080078125,0.19163979589939117,-0.20650525391101837,0.5578380823135376,0.18814584612846375,-0.17821314930915833,0.5568650960922241,0.18807768821716309,-0.1782202422618866,0.5561457872390747,0.18795911967754364,-0.17825563251972198,0.5856536626815796,0.2096850723028183,-0.16916848719120026,0.5679646730422974,0.20276756584644318,-0.03382064402103424,0.5568240284919739,0.22737476229667664,-0.19032476842403412,0.5503953099250793,0.2242751270532608,-0.15399156510829926,0.5972753763198853,0.3234540522098541,-0.24816858768463135,0.5492769479751587,0.3431835174560547,0.12958809733390808,0.5046765804290771,0.43156731128692627,-0.3400271534919739,0.48096299171447754,0.4420603811740875,0.13288411498069763,0.4087217450141907,0.4877574145793915,-0.36405032873153687,0.40698838233947754,0.49943000078201294,-0.007003878243267536,0.38695162534713745,0.5103055238723755,-0.41053175926208496,0.386366069316864,0.5160946249961853,-0.022766243666410446,0.3844197392463684,0.502406895160675,-0.39796578884124756,0.38613301515579224,0.5103820562362671,-0.06113748624920845,0.39147767424583435,0.49832335114479065,-0.3605870306491852,0.3934517800807953,0.509888768196106,-0.028154412284493446,0.6150466203689575,0.6071641445159912,-0.12789414823055267,0.5809929370880127,0.6101560592651367,0.1274225413799286,0.4979252815246582,0.45598500967025757,-0.21280980110168457,0.4622054994106293,0.46222546696662903,0.12483222782611847,0.5107300877571106,0.6849995851516724,-0.058825861662626266,0.5233241319656372,0.6742808222770691,0.06594038754701614,0.5227599740028381,0.7296532392501831,-0.037977274507284164,0.546553909778595,0.7143504023551941,0.06345628201961517,0.4604474902153015,0.7524649500846863,-0.03491302579641342,0.5076660513877869,0.7450017929077148,0.027674879878759384,0,1
0.555385947227478,0.20025776326656342,-0.1955891251564026,0.5682777762413025,0.18664616346359253,-0.18619798123836517,0.5719534754753113,0.1876523792743683,-0.18623659014701843,0.5762598514556885,0.18926505744457245,-0.18618008494377136,0.5607592463493347,0.18613369762897491,-0.16440805792808533,0.5600658655166626,0.18633823096752167,-0.1644158661365509,0.5594512224197388,0.18647632002830505,-0.16445626318454742,0.58927983045578,0.20848454535007477,-0.12531328201293945,0.5708827972412109,0.20026317238807678,-0.004510365892201662,0.5602208375930786,0.22479107975959778,-0.16405832767486572,0.5535299777984619,0.22143541276454926,-0.13907955586910248,0.600292444229126,0.3204517662525177,-0.20563653111457825,0.5513381958007812,0.3431769609451294,0.15080364048480988,0.5042733550071716,0.4285653531551361,-0.2936380207538605,0.4842284619808197,0.441975861787796,0.12503847479820251,0.41509389877319336,0.4850856363773346,-0.3219758868217468,0.40949511528015137,0.5003483891487122,-0.03311886265873909,0.3911760747432709,0.5098990797996521,-0.3663821816444397,0.3909566104412079,0.5178610682487488,-0.05190432816743851,0.38852348923683167,0.5019440054893494,-0.3522607684135437,0.3903312385082245,0.511469841003418,-0.0912313386797905,0.3954806327819824,0.49753883481025696,-0.31779924035072327,0.3964083194732666,0.5102978348731995,-0.055092476308345795,0.617949366569519,0.6055149435997009,-0.12274213135242462,0.5826362371444702,0.6103230118751526,0.12225663661956787,0.5033997297286987,0.45505183935165405,-0.23659996688365936,0.46009761095046997,0.4882439374923706,0.11581524461507797,0.5126071572303772,0.6956084370613098,-0.13323327898979187,0.5268696546554565,0.6748781204223633,0.0340595617890358,0.5226555466651917,0.7338226437568665,-0.11698855459690094,0.5472323298454285,0.7119925022125244,0.027477765455842018,0.45877790451049805,0.7478816509246826,-0.1111888736486435,0.5146797895431519,0.7436707615852356,0.0009836775716394186,0,1
0.5740762948989868,0.20017845928668976,-0.21779927611351013,0.5869720578193665,0.18652169406414032,-0.21241453289985657,0.590894877910614,0.1876070201396942,-0.2124568521976471,0.59539395570755,0.18933908641338348,-0.21242983639240265,0.5789729356765747,0.18607817590236664,-0.18691386282444,0.5775052309036255,0.1862771213054657,-0.1869487762451172,0.5761953592300415,0.18642325699329376,-0.1869906783103943,0.6088865995407104,0.20830626785755157,-0.15127456188201904,0.5854305028915405,0.20002903044223785,-0.0392889641225338,0.5801312923431396,0.224803626537323,-0.19692331552505493,0.5710119605064392,0.2216538041830063,-0.16389410197734833,0.6216599941253662,0.32012253999710083,-0.22838442027568817,0.5694926381111145,0.34098467230796814,0.11806273460388184,0.5345975756645203,0.419580340385437,-0.30980727076530457,0.49934762716293335,0.4351848065853119,0.13582627475261688,0.44187790155410767,0.47402384877204895,-0.33259671926498413,0.4226906895637512,0.49780410528182983,0.03554876893758774,0.4162041246891022,0.4981318712234497,-0.37946590781211853,0.4039134085178375,0.5147044062614441,0.026968995109200478,0.4130077362060547,0.4919869303703308,-0.3641102910041809,0.4060039520263672,0.5097026228904724,-0.013736585155129433,0.42105260491371155,0.48688042163848877,-0.3284705579280853,0.4111630320549011,0.5082700252532959,0.013856773264706135,0.6349374651908875,0.6002690196037292,-0.11909522861242294,0.5964676141738892,0.6064355969429016,0.11871670186519623,0.5256297588348389,0.4558922350406647,-0.2445630133152008,0.4906863272190094,0.4829780161380768,0.10675102472305298,0.5262201428413391,0.7020221948623657,-0.13028226792812347,0.5203510522842407,0.677184522151947,0.07143066078424454,0.5402688980102539,0.7456998825073242,-0.11624522507190704,0.5374540686607361,0.721596360206604,0.06668965518474579,0.47542905807495117,0.7328611612319946,-0.14709332585334778,0.4802335798740387,0.7247424721717834,0.03188333660364151,0,1
0.6080432534217834,0.20508147776126862,-0.24143627285957336,0.6188164353370667,0.19130301475524902,-0.23458346724510193,0.6228376030921936,0.19173702597618103,-0.2346072942018509,0.6276819109916687,0.19257581233978271,-0.2345801293849945,0.6101967692375183,0.19078193604946136,-0.21118223667144775,0.6080030202865601,0.19094333052635193,-0.21124407649040222,0.6059552431106567,0.1912069469690323,-0.21129110455513,0.6418707966804504,0.20891712605953217,-0.1687360405921936,0.6127561330795288,0.20205692946910858,-0.06265614926815033,0.6157287359237671,0.23070469498634338,-0.21761325001716614,0.6048586964607239,0.22883079946041107,-0.1865662783384323,0.6565378904342651,0.3171062469482422,-0.23416820168495178,0.5992580056190491,0.33956971764564514,0.09713856875896454,0.5707484483718872,0.407416969537735,-0.31339648365974426,0.5298050045967102,0.4238298237323761,0.1464303731918335,0.47685131430625916,0.46394479274749756,-0.3449782729148865,0.45937833189964294,0.47866708040237427,0.05247902870178223,0.4543619751930237,0.4801865518093109,-0.38692572712898254,0.44050225615501404,0.4905237555503845,0.044698316603899,0.4511294364929199,0.4745945930480957,-0.37410300970077515,0.4397631585597992,0.48769256472587585,0.004772624932229519,0.45796409249305725,0.47113680839538574,-0.34176740050315857,0.4459669589996338,0.4862537384033203,0.031540922820568085,0.6639230847358704,0.5964105129241943,-0.11730502545833588,0.6253764629364014,0.6024122834205627,0.11694110929965973,0.5516632795333862,0.45951923727989197,-0.2705232501029968,0.5184510350227356,0.48407474160194397,0.07791628688573837,0.5366648435592651,0.7015422582626343,-0.19139835238456726,0.49954620003700256,0.6885051131248474,0.062498390674591064,0.5466883182525635,0.7552439570426941,-0.18243524432182312,0.5110554695129395,0.7300547957420349,0.05731543153524399,0.48268619179725647,0.7185577154159546,-0.22565309703350067,0.4449419379234314,0.7148212790489197,0.009942406788468361,0,1
0.64559006690979,0.2140640914440155,-0.2033683955669403,0.6554915308952332,0.19752922654151917,-0.19555506110191345,0.6597667336463928,0.19778457283973694,-0.19554942846298218,0.6643577814102173,0.19807489216327667,-0.19547772407531738,0.6462956666946411,0.1975162923336029,-0.17555835843086243,0.6440287232398987,0.19771640002727509,-0.17563699185848236,0.64202880859375,0.19785404205322266,-0.17570839822292328,0.6785669326782227,0.21147646009922028,-0.13038517534732819,0.6487343311309814,0.2070295512676239,-0.03989332914352417,0.6541102528572083,0.23914247751235962,-0.17960555851459503,0.6427414417266846,0.2375659942626953,-0.1531296819448471,0.6963474750518799,0.3176918625831604,-0.19246603548526764,0.634071946144104,0.3392561376094818,0.08726900070905685,0.6060273051261902,0.3990098237991333,-0.2598404288291931,0.5661123394966125,0.4183483123779297,0.13473105430603027,0.5115447640419006,0.45260417461395264,-0.2696729898452759,0.49675434827804565,0.4654771685600281,0.0518762543797493,0.4924229681491852,0.45919090509414673,-0.30059969425201416,0.4820024371147156,0.468916118144989,0.04286491498351097,0.49165263772010803,0.4585941433906555,-0.2892562448978424,0.48222288489341736,0.4698047339916229,0.006425047758966684,0.49736037850379944,0.4588142931461334,-0.2658669352531433,0.48804235458374023,0.4701380729675293,0.03238082304596901,0.6988300681114197,0.591998279094696,-0.10851790010929108,0.6577121019363403,0.5908200740814209,0.10822340101003647,0.5884327292442322,0.48577120900154114,-0.30241402983665466,0.5551046133041382,0.47828492522239685,0.03310583904385567,0.5433667898178101,0.7191380858421326,-0.332928329706192,0.5105617642402649,0.6971062421798706,-0.03378346189856529,0.5467768311500549,0.7794881463050842,-0.3356088697910309,0.5184898376464844,0.734668493270874,-0.0427296981215477,0.483468234539032,0.7202017307281494,-0.4061744809150696,0.4620092511177063,0.7092913389205933,-0.09718380868434906,0,1
0.6820564866065979,0.2201538234949112,-0.15877088904380798,0.6914225220680237,0.20488940179347992,-0.1505461186170578,0.6955481767654419,0.2048455774784088,-0.1505308896303177,0.6998957395553589,0.2047019749879837,-0.15045586228370667,0.6819247007369995,0.20499587059020996,-0.1311068832874298,0.6793710589408875,0.2050277441740036,-0.13119685649871826,0.6770286560058594,0.20503266155719757,-0.13123472034931183,0.7133537530899048,0.21510496735572815,-0.09040603041648865,0.6837747693061829,0.2141432911157608,-0.0018320989329367876,0.6907037496566772,0.24264048039913177,-0.1368570625782013,0.6788859367370605,0.24197201430797577,-0.11096898466348648,0.7325919270515442,0.31704142689704895,-0.1583934724330902,0.6708999872207642,0.33829835057258606,0.13396993279457092,0.6449185609817505,0.38524556159973145,-0.21970148384571075,0.6081523895263672,0.39762547612190247,0.18985658884048462,0.5525519251823425,0.4200576841831207,-0.22142013907432556,0.5440189838409424,0.4312669038772583,0.1306493580341339,0.5323734283447266,0.4359320402145386,-0.24671904742717743,0.524077832698822,0.44752204418182373,0.13274258375167847,0.5331170558929443,0.43323665857315063,-0.2309201955795288,0.5204192399978638,0.44665324687957764,0.09863542765378952,0.5384013652801514,0.42972496151924133,-0.21480965614318848,0.5283516049385071,0.44169098138809204,0.11378594487905502,0.7325767874717712,0.5788983106613159,-0.10629437863826752,0.6940905451774597,0.5710275173187256,0.1059933453798294,0.609900176525116,0.517720639705658,-0.3010874092578888,0.5823193192481995,0.4912232756614685,0.009017212316393852,0.5445206761360168,0.7260105609893799,-0.3495827913284302,0.513461709022522,0.7003284692764282,-0.07070401310920715,0.5467919707298279,0.7842704653739929,-0.3542986214160919,0.5183405876159668,0.7351763248443604,-0.08001141995191574,0.48375558853149414,0.7169287204742432,-0.42609453201293945,0.4598047733306885,0.6919026970863342,-0.13287250697612762,0,1
0.7122927904129028,0.22717516124248505,-0.0805354118347168,0.7210168838500977,0.2103678584098816,-0.07580874860286713,0.7256060242652893,0.21005204319953918,-0.07579025626182556,0.7302025556564331,0.20962387323379517,-0.07572899758815765,0.7129493355751038,0.2105383574962616,-0.05542387440800667,0.7114613056182861,0.21047446131706238,-0.05547145754098892,0.7100042104721069,0.2104366272687912,-0.0555199570953846,0.7434436678886414,0.2199718952178955,-0.02947300300002098,0.7170838117599487,0.22017358243465424,0.06399714201688766,0.7218258380889893,0.2480398416519165,-0.06333036720752716,0.7119037508964539,0.24781687557697296,-0.03602319955825806,0.7701863646507263,0.3172398805618286,-0.11009880155324936,0.7057066559791565,0.33720818161964417,0.18708689510822296,0.6927416920661926,0.3805748522281647,-0.22555363178253174,0.6371768712997437,0.3926292955875397,0.23379674553871155,0.6111829876899719,0.410628080368042,-0.2798159122467041,0.5769216418266296,0.4253824055194855,0.14657294750213623,0.5912302732467651,0.42526766657829285,-0.314086377620697,0.5535163879394531,0.4358119070529938,0.1420956552028656,0.5880509614944458,0.4220726490020752,-0.30331334471702576,0.5565036535263062,0.43409445881843567,0.113691546022892,0.5929486751556396,0.4207542836666107,-0.2760870158672333,0.5653930306434631,0.4314667880535126,0.13150905072689056,0.7537150382995605,0.5743309855461121,-0.10722248256206512,0.7164944410324097,0.560997486114502,0.10690615326166153,0.6257566809654236,0.5361694693565369,-0.25928089022636414,0.6044055223464966,0.5126851201057434,0.022825781255960464,0.5453771352767944,0.737050473690033,-0.31711119413375854,0.5201165676116943,0.7023775577545166,-0.0345713272690773,0.5465393662452698,0.7898391485214233,-0.321932315826416,0.5158506631851196,0.73732590675354,-0.039589203894138336,0.4884423613548279,0.7243646383285522,-0.39422091841697693,0.4609457850456238,0.6827117204666138,-0.08589132130146027,0,1
0.7422239184379578,0.24244776368141174,0.022231165319681168,0.7492713928222656,0.22546331584453583,0.027756696566939354,0.7542530298233032,0.22423508763313293,0.027755767107009888,0.759428858757019,0.22297491133213043,0.027804549783468246,0.7416527271270752,0.22807328402996063,0.04660649970173836,0.7402523159980774,0.22847992181777954,0.04652918502688408,0.7387233376502991,0.22887255251407623,0.046440739184617996,0.7738332152366638,0.22878269851207733,0.06463643163442612,0.7464069724082947,0.23329231142997742,0.14956608414649963,0.7530332803726196,0.26070570945739746,0.035458654165267944,0.7423592209815979,0.2624352276325226,0.06033068895339966,0.8024829030036926,0.32170164585113525,-0.026899326592683792,0.7338135838508606,0.33660203218460083,0.23990336060523987,0.7436253428459167,0.3961826264858246,-0.15769070386886597,0.6665877103805542,0.39574378728866577,0.25694531202316284,0.6576409339904785,0.41373375058174133,-0.25309044122695923,0.6054123640060425,0.42630183696746826,0.14149703085422516,0.6384204030036926,0.42564138770103455,-0.287125825881958,0.5853291153907776,0.4361949563026428,0.12825541198253632,0.6350237131118774,0.4206729829311371,-0.2776774764060974,0.5859289765357971,0.43397921323776245,0.10419873148202896,0.6406225562095642,0.41811561584472656,-0.24954259395599365,0.593105673789978,0.4324191212654114,0.1263836920261383,0.7717440128326416,0.5726985335350037,-0.0957360714673996,0.7293224930763245,0.5574431419372559,0.09563705325126648,0.6456464529037476,0.579451858997345,-0.23572757840156555,0.6216226816177368,0.5492278337478638,-0.039321236312389374,0.5488280057907104,0.7476778626441956,-0.3179607093334198,0.5211281180381775,0.6973767280578613,-0.11152821779251099,0.5444825887680054,0.7948349714279175,-0.3252792954444885,0.5108867883682251,0.7308006882667542,-0.11987163871526718,0.49397048354148865,0.7219284176826477,-0.4095749855041504,0.45938247442245483,0.6646125316619873,-0.17755171656608582,0,1
0.7670527100563049,0.2655802369117737,0.10450255870819092,0.7742506861686707,0.24745257198810577,0.11181890964508057,0.7783336639404297,0.2464509904384613,0.11181481927633286,0.7835709452629089,0.24494235217571259,0.11184056103229523,0.7661329507827759,0.25002628564834595,0.12885354459285736,0.7645180225372314,0.250945121049881,0.12880025804042816,0.763177216053009,0.2519059181213379,0.12875351309776306,0.801048755645752,0.24862365424633026,0.1495962291955948,0.7711057662963867,0.2549331784248352,0.226182222366333,0.7757803201675415,0.28342124819755554,0.11698974668979645,0.7673930525779724,0.28474685549736023,0.1395529955625534,0.828971266746521,0.3345620334148407,0.06380216777324677,0.7572144865989685,0.34135714173316956,0.2689565122127533,0.7868888974189758,0.4094093441963196,-0.0649980828166008,0.69648277759552,0.4098011553287506,0.24046239256858826,0.7129199504852295,0.41472235321998596,-0.1765632927417755,0.6347517967224121,0.4285610318183899,0.1024707704782486,0.6933099627494812,0.4253828823566437,-0.2108054906129837,0.6197310090065002,0.4379313290119171,0.07326899468898773,0.6925703883171082,0.42107635736465454,-0.20959174633026123,0.6210854053497314,0.435017466545105,0.05331503227353096,0.6948521733283997,0.41959068179130554,-0.17682386934757233,0.627188503742218,0.4336755573749542,0.08815106749534607,0.7821092009544373,0.5693688988685608,-0.07514810562133789,0.7402428388595581,0.5502533912658691,0.0750776082277298,0.6602180600166321,0.6108918786048889,-0.2028416395187378,0.6347653865814209,0.5759363174438477,-0.04864347353577614,0.5561605095863342,0.7593002915382385,-0.3204498291015625,0.5266411304473877,0.6958648562431335,-0.15402942895889282,0.5463736653327942,0.8019822835922241,-0.33430391550064087,0.5138668417930603,0.7287682294845581,-0.16679516434669495,0.5000314116477966,0.7223019003868103,-0.4137500822544098,0.4622044563293457,0.6598802208900452,-0.2276517152786255,0,1
0.7812283635139465,0.2777707278728485,0.050104089081287384,0.7874153256416321,0.2602434456348419,0.05325830727815628,0.7918931245803833,0.2578026354312897,0.05322016403079033,0.7972255349159241,0.2551753520965576,0.05316368490457535,0.778716504573822,0.26374703645706177,0.07084921002388,0.7767072319984436,0.2643372416496277,0.07084570080041885,0.7749044299125671,0.2649444341659546,0.07078937441110611,0.8145278692245483,0.25642627477645874,0.08694340288639069,0.781986653804779,0.2674846351146698,0.1710333675146103,0.7910836935043335,0.2940605878829956,0.06258335709571838,0.7817162275314331,0.29521453380584717,0.08671243488788605,0.8486421704292297,0.3426894247531891,0.03227171301841736,0.7690815925598145,0.3511078655719757,0.21828487515449524,0.8300718069076538,0.46174299716949463,-0.03604988008737564,0.7280972599983215,0.4480462670326233,0.20750391483306885,0.7527128458023071,0.42500507831573486,-0.09871087223291397,0.6782796382904053,0.4345509111881256,0.04781099408864975,0.7359911203384399,0.43124327063560486,-0.1202983483672142,0.6634448766708374,0.43923595547676086,0.035128071904182434,0.7346571087837219,0.4206274151802063,-0.12343460321426392,0.662116527557373,0.4352036714553833,0.011657936498522758,0.7401456236839294,0.420216828584671,-0.09883855283260345,0.6686793565750122,0.43531304597854614,0.03067919611930847,0.7828480005264282,0.5695810317993164,-0.06805402785539627,0.7390373349189758,0.5480741858482361,0.0681305080652237,0.6690861582756042,0.615915834903717,-0.20547886192798615,0.6415907144546509,0.586362361907959,-0.05725698545575142,0.5586667060852051,0.7584742903709412,-0.34557008743286133,0.5306614637374878,0.6992148756980896,-0.20922918617725372,0.5470849275588989,0.8035134077072144,-0.358161062002182,0.5239153504371643,0.7402468919754028,-0.22599785029888153,0.49117064476013184,0.7291804552078247,-0.4335370659828186,0.4625864624977112,0.6641898155212402,-0.2799348831176758,0,1
0.775781512260437,0.2764776945114136,0.03293272480368614,0.7826782464981079,0.2601170539855957,0.03179458528757095,0.7864261865615845,0.2586224377155304,0.031759124249219894,0.7910988926887512,0.25623780488967896,0.031624406576156616,0.7748268246650696,0.26139530539512634,0.04870351403951645,0.7730942964553833,0.26148486137390137,0.04876044765114784,0.7715231776237488,0.2618284523487091,0.048701465129852295,0.8071779012680054,0.25494223833084106,0.058548856526613235,0.7796958088874817,0.2667906582355499,0.142141655087471,0.7857422232627869,0.2928372323513031,0.044281572103500366,0.7769718766212463,0.29449203610420227,0.06850237399339676,0.8489964604377747,0.34122660756111145,0.028620760887861252,0.7730022668838501,0.35127130150794983,0.1902664601802826,0.8632878065109253,0.4803536832332611,-0.03933387249708176,0.7515193223953247,0.46989068388938904,0.16002830862998962,0.7863126397132874,0.4328598976135254,-0.09589039534330368,0.7170513868331909,0.44953563809394836,-0.00290972413495183,0.768401026725769,0.43241292238235474,-0.11688745021820068,0.7013695240020752,0.44814300537109375,-0.037187278270721436,0.7671564221382141,0.42125219106674194,-0.10851631313562393,0.7027531266212463,0.43768247961997986,-0.05040035396814346,0.7698608636856079,0.4211808145046234,-0.09063439816236496,0.709983229637146,0.43945443630218506,-0.015531959943473339,0.7848085165023804,0.5684077143669128,-0.06562741845846176,0.7408047318458557,0.5451763868331909,0.06578110158443451,0.6731603145599365,0.6200463771820068,-0.20840153098106384,0.6398519277572632,0.5892292261123657,-0.05265040323138237,0.5572003722190857,0.7642810344696045,-0.3299630582332611,0.5296104550361633,0.6997148394584656,-0.1862514615058899,0.5428096652030945,0.8087867498397827,-0.3424364924430847,0.5195702314376831,0.746396541595459,-0.20179054141044617,0.4797879159450531,0.7397655844688416,-0.4204374849796295,0.4593382477760315,0.6628007888793945,-0.2535054385662079,0,1
0.7700709700584412,0.2719241678714752,-0.0041845133528113365,0.7771986126899719,0.25609326362609863,0.0012270055012777448,0.7812448143959045,0.2545819878578186,0.0012056815903633833,0.7860053181648254,0.25277549028396606,0.0011333944275975227,0.7695015668869019,0.2572600245475769,0.017020879313349724,0.7676717042922974,0.2570902407169342,0.017044156789779663,0.766095757484436,0.2571626603603363,0.017011553049087524,0.8022040128707886,0.25215718150138855,0.047408461570739746,0.7745896577835083,0.2636566460132599,0.12278161197900772,0.7793639898300171,0.2886251211166382,0.013297011144459248,0.7705578207969666,0.28822681307792664,0.03544566035270691,0.8430755734443665,0.3390739858150482,0.04655482620000839,0.7664972543716431,0.3510551154613495,0.17987217009067535,0.8789882659912109,0.4699750542640686,-0.04421999305486679,0.744569718837738,0.46852684020996094,0.1444711685180664,0.8005364537239075,0.4371629059314728,-0.11125189065933228,0.7229280471801758,0.4485876262187958,-0.030749047175049782,0.7800521850585938,0.4377187192440033,-0.13316866755485535,0.7127775549888611,0.45166343450546265,-0.06466253101825714,0.7756945490837097,0.4224473834037781,-0.12222534418106079,0.7176136374473572,0.43774163722991943,-0.07217876613140106,0.7812621593475342,0.42397499084472656,-0.10535959899425507,0.7236279249191284,0.4385029673576355,-0.04022327437996864,0.7827804684638977,0.5685075521469116,-0.06445582211017609,0.7403689622879028,0.5451813340187073,0.06457317620515823,0.6700443029403687,0.6197438836097717,-0.1997125744819641,0.6389869451522827,0.5876753330230713,-0.06699606776237488,0.5557225346565247,0.7634650468826294,-0.3413386344909668,0.5316521525382996,0.7001081109046936,-0.20482191443443298,0.5421110987663269,0.8089591264724731,-0.35880860686302185,0.5203883647918701,0.7482422590255737,-0.22074158489704132,0.4784322679042816,0.738749086856842,-0.44453445076942444,0.4599642753601074,0.6658898591995239,-0.2797620892524719,0,1
0.7669328451156616,0.2664152681827545,-0.04862257093191147,0.7741661667823792,0.2500298023223877,-0.046861160546541214,0.7784827351570129,0.2480548620223999,-0.04691064730286598,0.7831960916519165,0.24581852555274963,-0.046938665211200714,0.7672261595726013,0.2518123984336853,-0.030065521597862244,0.7656978368759155,0.25183016061782837,-0.03008165955543518,0.764022946357727,0.2519088387489319,-0.030110204592347145,0.7997497320175171,0.2453783005475998,-0.017701467499136925,0.7715774774551392,0.2573469877243042,0.059453703463077545,0.7763931751251221,0.28201743960380554,-0.03691218048334122,0.7676820755004883,0.28159403800964355,-0.014234751462936401,0.8380311727523804,0.3373355567455292,-0.05625820904970169,0.7625914812088013,0.3499956727027893,0.13689503073692322,0.8570573925971985,0.483533650636673,-0.12568852305412292,0.7405532598495483,0.4674466550350189,0.15490710735321045,0.7757574915885925,0.49910351634025574,-0.1829521507024765,0.7006014585494995,0.4950006306171417,0.02407664619386196,0.7531381249427795,0.5116630792617798,-0.2076994627714157,0.6902918815612793,0.5047996640205383,0.001239261357113719,0.7520117163658142,0.4990331530570984,-0.20129334926605225,0.686948835849762,0.49691241979599,-0.018627168610692024,0.755687415599823,0.4934060275554657,-0.17901559174060822,0.692704975605011,0.49151843786239624,0.01026961486786604,0.7826888561248779,0.5812171697616577,-0.06636036187410355,0.7416777610778809,0.5547733306884766,0.06649594008922577,0.6675525903701782,0.6186627149581909,-0.19756223261356354,0.6390026211738586,0.5836690664291382,-0.06584786623716354,0.5573195219039917,0.7615721821784973,-0.29671812057495117,0.5343895554542542,0.7006906867027283,-0.18162399530410767,0.5466537475585938,0.8058397769927979,-0.3072936534881592,0.5234065055847168,0.7481465935707092,-0.19507303833961487,0.4859580993652344,0.7357900142669678,-0.38783639669418335,0.4706084728240967,0.6680476069450378,-0.24941933155059814,0,1
0.755678117275238,0.2512679994106293,-0.07081471383571625,0.7645429372787476,0.23540538549423218,-0.07034121453762054,0.7690069675445557,0.23423084616661072,-0.07037732750177383,0.7733827829360962,0.23284827172756195,-0.07036618888378143,0.7565938234329224,0.23625588417053223,-0.05123865604400635,0.7546184062957764,0.23632143437862396,-0.05130874365568161,0.7528010606765747,0.2364841252565384,-0.051378898322582245,0.7885180711746216,0.23857462406158447,-0.05115538090467453,0.7637265920639038,0.24351342022418976,0.0343078151345253,0.7653653621673584,0.268998920917511,-0.06356902420520782,0.755925714969635,0.2705312967300415,-0.03850729763507843,0.8240183591842651,0.33962181210517883,-0.10699936002492905,0.7473486065864563,0.3517221212387085,0.12127178907394409,0.817261815071106,0.49399977922439575,-0.18037542700767517,0.7109562158584595,0.46903643012046814,0.12020107358694077,0.7324776649475098,0.5206805467605591,-0.23364727199077606,0.6590349078178406,0.49492794275283813,-0.020629363134503365,0.710155189037323,0.534719705581665,-0.25885263085365295,0.6423901319503784,0.5090954899787903,-0.05080593377351761,0.7038450837135315,0.5208606123924255,-0.2520296573638916,0.6418644785881042,0.5002909898757935,-0.06630810350179672,0.7089566588401794,0.516810417175293,-0.2292303740978241,0.649420440196991,0.4973575174808502,-0.034879084676504135,0.7807638049125671,0.5936160087585449,-0.07928209006786346,0.7404129505157471,0.5716134309768677,0.07937514036893845,0.6631349325180054,0.5995275974273682,-0.20486804842948914,0.6387918591499329,0.569040060043335,-0.055615782737731934,0.5571614503860474,0.7586758136749268,-0.27461129426956177,0.5320866703987122,0.7004683613777161,-0.12770336866378784,0.5476736426353455,0.8035740256309509,-0.28257715702056885,0.5242151021957397,0.7349141240119934,-0.1370604932308197,0.4914034307003021,0.7281164526939392,-0.36256319284439087,0.4700995087623596,0.6672338843345642,-0.18690825998783112,0,1
0.7403326034545898,0.2402685582637787,-0.08344385027885437,0.7503378987312317,0.22520571947097778,-0.08212842792272568,0.7536109685897827,0.22463703155517578,-0.0821554958820343,0.757686197757721,0.22414879500865936,-0.0821060761809349,0.7430882453918457,0.2253461480140686,-0.062087059020996094,0.7418840527534485,0.22510801255702972,-0.06218534708023071,0.7406729459762573,0.22484645247459412,-0.06226864457130432,0.7732365727424622,0.23444537818431854,-0.06248926371335983,0.7516731023788452,0.23295830190181732,0.025576651096343994,0.7481535077095032,0.25913628935813904,-0.07701753079891205,0.7397909164428711,0.2566857635974884,-0.051235876977443695,0.804996132850647,0.34267815947532654,-0.1258309781551361,0.7269240021705627,0.345987468957901,0.11037907749414444,0.7747618556022644,0.49396181106567383,-0.202632337808609,0.6828428506851196,0.4637284576892853,0.10579599440097809,0.693046510219574,0.5191056728363037,-0.2473715990781784,0.6294065713882446,0.48882463574409485,-0.04136282950639725,0.673012912273407,0.5343172550201416,-0.27413731813430786,0.6130822896957397,0.5015930533409119,-0.06520508974790573,0.6686323881149292,0.5231263637542725,-0.2698422372341156,0.6118800640106201,0.4953152537345886,-0.0872952863574028,0.6755107641220093,0.5175082087516785,-0.24432814121246338,0.6193953156471252,0.4927598237991333,-0.056859783828258514,0.7739592790603638,0.590213418006897,-0.08229631185531616,0.7300463318824768,0.5702314376831055,0.08230848610401154,0.6611677408218384,0.5749712586402893,-0.25683391094207764,0.6305077075958252,0.5530280470848083,-0.08023153245449066,0.5601574778556824,0.7539140582084656,-0.33764076232910156,0.5353256464004517,0.6999760270118713,-0.16593684256076813,0.5530813336372375,0.7983852624893188,-0.3466457724571228,0.5310147404670715,0.7359279990196228,-0.17554664611816406,0.5005550980567932,0.723402738571167,-0.43734216690063477,0.47468748688697815,0.6743959784507751,-0.24365320801734924,0,1
0.7245339155197144,0.23507043719291687,-0.075162373483181,0.7341181635856628,0.21954010426998138,-0.07092081010341644,0.7376413941383362,0.21993759274482727,-0.07095598429441452,0.741797149181366,0.2204860895872116,-0.07093600928783417,0.7274179458618164,0.21889656782150269,-0.053613536059856415,0.7261427044868469,0.21860404312610626,-0.05368503928184509,0.7249385118484497,0.21826554834842682,-0.05376427620649338,0.7568260431289673,0.23367907106876373,-0.03841935098171234,0.7327959537506104,0.22812502086162567,0.03779016435146332,0.7310693860054016,0.2544388175010681,-0.06431129574775696,0.7234355211257935,0.2526252865791321,-0.04157915338873863,0.7830338478088379,0.339063435792923,-0.10066454112529755,0.7068542242050171,0.34165552258491516,0.12272755801677704,0.7325678467750549,0.4689035713672638,-0.17378893494606018,0.6543126106262207,0.44663360714912415,0.13114045560359955,0.6440967321395874,0.5131546854972839,-0.19987308979034424,0.6008058190345764,0.48957711458206177,0.01586567983031273,0.6223183274269104,0.5274119973182678,-0.22689807415008545,0.5821051597595215,0.5021358728408813,-0.0031787578482180834,0.6191315650939941,0.5167317986488342,-0.2265385091304779,0.5830621123313904,0.498603492975235,-0.025907868519425392,0.624355137348175,0.5124678015708923,-0.19874539971351624,0.5905102491378784,0.495869904756546,0.0018877682741731405,0.7623280882835388,0.5820326209068298,-0.08426060527563095,0.7205718159675598,0.5636246800422668,0.08421032875776291,0.650574266910553,0.5470173954963684,-0.25106483697891235,0.6130486726760864,0.525631844997406,-0.0643792673945427,0.5596089363098145,0.7360565066337585,-0.32549527287483215,0.5362640619277954,0.6979835629463196,-0.13670043647289276,0.5526101589202881,0.7903269529342651,-0.3318382799625397,0.5331129431724548,0.7334632873535156,-0.14502353966236115,0.5020533204078674,0.7242187261581421,-0.4105725884437561,0.47768688201904297,0.6770018339157104,-0.20247206091880798,0,1
0.7043874263763428,0.2291041910648346,-0.10450728982686996,0.7140506505966187,0.21429306268692017,-0.09871777892112732,0.7177802920341492,0.21449072659015656,-0.09869150817394257,0.7224625945091248,0.21484731137752533,-0.09859173744916916,0.7075692415237427,0.21376007795333862,-0.08050771802663803,0.7062171697616577,0.21355946362018585,-0.08058591187000275,0.7048925161361694,0.2132473886013031,-0.08065490424633026,0.7367287874221802,0.2291310876607895,-0.05472862720489502,0.7120118737220764,0.223407581448555,0.026591191068291664,0.7098576426506042,0.2485431432723999,-0.08868123590946198,0.7026455402374268,0.24823901057243347,-0.06508331745862961,0.7610017657279968,0.32977086305618286,-0.1251862347126007,0.6874010562896729,0.338111013174057,0.14470510184764862,0.706448495388031,0.4397274851799011,-0.20054098963737488,0.6309428811073303,0.4369509816169739,0.1779928207397461,0.625786304473877,0.5097780227661133,-0.24964693188667297,0.5729319453239441,0.48894399404525757,0.08692766726016998,0.6085004806518555,0.5248613357543945,-0.27969473600387573,0.5576136112213135,0.5013026595115662,0.07710999250411987,0.6055306196212769,0.5163536071777344,-0.276170939207077,0.5583468675613403,0.49837160110473633,0.05076000839471817,0.6087512373924255,0.5110105872154236,-0.24771122634410858,0.564980149269104,0.49587422609329224,0.07298801839351654,0.7464361786842346,0.5799562931060791,-0.09337032586336136,0.7060108184814453,0.5598681569099426,0.0931868925690651,0.6385860443115234,0.5363796949386597,-0.30403053760528564,0.5981709361076355,0.510888397693634,-0.028932910412549973,0.5567428469657898,0.732325553894043,-0.36986979842185974,0.5331212282180786,0.6897764205932617,-0.08160780370235443,0.5543379187583923,0.7816436886787415,-0.37637895345687866,0.5275123715400696,0.7248790264129639,-0.08854106813669205,0.5025362372398376,0.7258579730987549,-0.4604785442352295,0.4734726846218109,0.675727128982544,-0.14271534979343414,0,1
0.6831912398338318,0.2252827286720276,-0.14292600750923157,0.6929785013198853,0.21108053624629974,-0.14205124974250793,0.6966903209686279,0.21116110682487488,-0.14201918244361877,0.7010955214500427,0.21135841310024261,-0.14193595945835114,0.686400294303894,0.21054555475711823,-0.11981916427612305,0.6850276589393616,0.21046864986419678,-0.11991696059703827,0.6836758852005005,0.2102481871843338,-0.11998673528432846,0.7160422801971436,0.2259645313024521,-0.11315260082483292,0.6924290657043457,0.22080136835575104,-0.013355669565498829,0.688208818435669,0.24533110857009888,-0.13215242326259613,0.6811831593513489,0.2452126145362854,-0.10307268053293228,0.7398238778114319,0.3254379630088806,-0.1788916289806366,0.6687643527984619,0.3358527719974518,0.10342274606227875,0.6810094118118286,0.43947070837020874,-0.2483869343996048,0.6092060804367065,0.42947056889533997,0.15156897902488708,0.6022083163261414,0.5028635263442993,-0.2801322937011719,0.5479065775871277,0.48238280415534973,0.08198712021112442,0.5848618745803833,0.523965060710907,-0.3126767873764038,0.5322993993759155,0.49625808000564575,0.05997341871261597,0.5823644995689392,0.5153581500053406,-0.30883049964904785,0.531665027141571,0.4966226816177368,0.040715932846069336,0.5851782560348511,0.5102613568305969,-0.27854758501052856,0.5381951332092285,0.49376916885375977,0.06209490820765495,0.7287914752960205,0.580697774887085,-0.10158996284008026,0.6891578435897827,0.5600953102111816,0.10135732591152191,0.6229735016822815,0.5305148363113403,-0.31862694025039673,0.5832604169845581,0.502088189125061,-0.00756120914593339,0.5500102043151855,0.7335566282272339,-0.3909708261489868,0.5271888971328735,0.6892536878585815,-0.039920128881931305,0.5519524812698364,0.7818185687065125,-0.400193452835083,0.5175298452377319,0.734760046005249,-0.04498356580734253,0.4923667907714844,0.7288917303085327,-0.47615283727645874,0.4706566333770752,0.6804615259170532,-0.09341250360012054,0,1
0.6614996194839478,0.22274278104305267,-0.2485140562057495,0.6703031659126282,0.20930244028568268,-0.2511596083641052,0.6743448972702026,0.2096189260482788,-0.25112757086753845,0.678878664970398,0.20985466241836548,-0.2510756254196167,0.6643076539039612,0.20828615128993988,-0.2281176745891571,0.6632999181747437,0.20817027986049652,-0.22822324931621552,0.6621164083480835,0.20795632898807526,-0.22828428447246552,0.6944513320922852,0.2248363494873047,-0.22240789234638214,0.6714701056480408,0.21933341026306152,-0.11930058896541595,0.6664939522743225,0.24508163332939148,-0.2368478775024414,0.6594288945198059,0.2441987842321396,-0.2067689597606659,0.7159414291381836,0.3260132968425751,-0.2751082479953766,0.6483238935470581,0.3356829881668091,0.008770535700023174,0.6448987126350403,0.44274941086769104,-0.33795520663261414,0.5833251476287842,0.4278317391872406,0.034620411694049835,0.5707405805587769,0.48738452792167664,-0.35105088353157043,0.5191822052001953,0.48013609647750854,-0.05803477019071579,0.5484259128570557,0.5147795081138611,-0.38823753595352173,0.503254234790802,0.493376761674881,-0.07256856560707092,0.5457779169082642,0.507449746131897,-0.3850291073322296,0.5023864507675171,0.49519699811935425,-0.10636327415704727,0.5499024987220764,0.5034363269805908,-0.3505951464176178,0.5093282461166382,0.4928572475910187,-0.0766567513346672,0.712295413017273,0.5856313109397888,-0.10343603044748306,0.673136293888092,0.5630329847335815,0.10322610288858414,0.606635332107544,0.5178213715553284,-0.3276205360889435,0.5676295161247253,0.4906073808670044,0.009100946597754955,0.5447238683700562,0.7339543700218201,-0.35029715299606323,0.52254718542099,0.695206344127655,-0.003789494978263974,0.5465993881225586,0.7825626730918884,-0.3519764542579651,0.5189330577850342,0.7388631105422974,-0.007501169107854366,0.48372912406921387,0.7230055332183838,-0.4383346140384674,0.469310462474823,0.6905147433280945,-0.06005927920341492,0,1
0.6382812857627869,0.2179938703775406,-0.24244216084480286,0.6472543478012085,0.20479950308799744,-0.24478450417518616,0.6511370539665222,0.20522668957710266,-0.24475827813148499,0.655512809753418,0.20584100484848022,-0.24470031261444092,0.6414734721183777,0.2036409229040146,-0.2194475382566452,0.6406751871109009,0.20328867435455322,-0.21954146027565002,0.6398356556892395,0.2028641551733017,-0.2196197807788849,0.6719345450401306,0.22268807888031006,-0.20997926592826843,0.6500043869018555,0.21466174721717834,-0.09739260375499725,0.6432502269744873,0.2424326390028,-0.22902345657348633,0.6363720893859863,0.240682452917099,-0.19628317654132843,0.6918743252754211,0.3257948160171509,-0.2680502235889435,0.6281478404998779,0.33500686287879944,0.03480770066380501,0.6199415326118469,0.4381653368473053,-0.3519780933856964,0.5616869330406189,0.42389950156211853,0.025139376521110535,0.5382888317108154,0.48073890805244446,-0.3774092495441437,0.4997924864292145,0.4791162610054016,-0.12636610865592957,0.5101626515388489,0.5030869841575623,-0.4209388792514801,0.48505115509033203,0.4919617176055908,-0.1504213511943817,0.5056926012039185,0.4934450685977936,-0.4156295359134674,0.48600512742996216,0.49186307191848755,-0.18532371520996094,0.5166584253311157,0.4874334931373596,-0.37695586681365967,0.49153047800064087,0.48936110734939575,-0.14746655523777008,0.6939172148704529,0.5905340909957886,-0.10717830806970596,0.6546357870101929,0.5716230869293213,0.10694082081317902,0.5932914614677429,0.4988214671611786,-0.3587857782840729,0.5491291284561157,0.4763861894607544,0.010666852816939354,0.5415300130844116,0.7266039252281189,-0.37918564677238464,0.5127872228622437,0.6966462731361389,-0.011907055974006653,0.545645534992218,0.7804294228553772,-0.38237446546554565,0.513411283493042,0.7408254742622375,-0.017089156433939934,0.48228493332862854,0.730470597743988,-0.47363877296447754,0.4647543430328369,0.7030407190322876,-0.07762958109378815,0,1
0.6145483255386353,0.21527284383773804,-0.24578404426574707,0.6238458752632141,0.20193427801132202,-0.25192227959632874,0.6275579929351807,0.20222657918930054,-0.25191766023635864,0.6316598057746887,0.20269066095352173,-0.2518792748451233,0.6183519959449768,0.20029029250144958,-0.2228240966796875,0.6178001761436462,0.19970425963401794,-0.2228940725326538,0.6172551512718201,0.19913968443870544,-0.2229839265346527,0.6488460898399353,0.22018668055534363,-0.22867505252361298,0.6286382079124451,0.2109254151582718,-0.09838154911994934,0.6198492050170898,0.23986579477787018,-0.23604914546012878,0.6133072972297668,0.23763516545295715,-0.1981261670589447,0.6682244539260864,0.32593679428100586,-0.29129213094711304,0.6097991466522217,0.3325287997722626,0.03960543870925903,0.5864932537078857,0.43406426906585693,-0.3787493109703064,0.5431157946586609,0.4202668070793152,0.05846349522471428,0.4922678470611572,0.4800955355167389,-0.39983469247817993,0.46788686513900757,0.48142892122268677,-0.07934938371181488,0.46865445375442505,0.501710832118988,-0.4449540078639984,0.4523279070854187,0.4922081530094147,-0.1023082509636879,0.46801915764808655,0.49417003989219666,-0.43719226121902466,0.4522891938686371,0.4930993318557739,-0.11403320729732513,0.47401437163352966,0.4881083071231842,-0.39873090386390686,0.4587936997413635,0.49139276146888733,-0.08453388512134552,0.6748970746994019,0.5956879258155823,-0.10940968990325928,0.6363193988800049,0.5838337540626526,0.10918142646551132,0.579445481300354,0.4830095171928406,-0.36477741599082947,0.5293521881103516,0.46774202585220337,0.007221980951726437,0.540642261505127,0.725921094417572,-0.34863147139549255,0.5147274732589722,0.6974253058433533,-0.009164192713797092,0.5449725389480591,0.7809426188468933,-0.34562522172927856,0.5250309109687805,0.7407385110855103,-0.01378786750137806,0.47603893280029297,0.7308524250984192,-0.4289495050907135,0.4601619839668274,0.7190784215927124,-0.07354502379894257,0,1
0.5925919413566589,0.2116726189851761,-0.2214246541261673,0.6019704937934875,0.19739383459091187,-0.23307101428508759,0.6057381629943848,0.19793982803821564,-0.23310664296150208,0.6099222898483276,0.19870121777057648,-0.233078271150589,0.596541166305542,0.19576877355575562,-0.19922302663326263,0.5960388779640198,0.19533893465995789,-0.19925181567668915,0.595641016960144,0.19507060945034027,-0.19932770729064941,0.627142071723938,0.2168709635734558,-0.2527875602245331,0.6082578897476196,0.2079203873872757,-0.0799008160829544,0.59804368019104,0.2355910837650299,-0.2203795164823532,0.5918830633163452,0.2338111400604248,-0.17618879675865173,0.6477594375610352,0.32684484124183655,-0.2986193299293518,0.5890936851501465,0.33111894130706787,0.05891619250178337,0.5575670003890991,0.4321666359901428,-0.3907061219215393,0.5241550803184509,0.4126545786857605,0.08346108347177505,0.46350112557411194,0.4797104001045227,-0.4137735962867737,0.44659653306007385,0.4792320728302002,-0.025205034762620926,0.4383617043495178,0.5008618235588074,-0.4600032866001129,0.42876672744750977,0.48822543025016785,-0.04111381620168686,0.4365101456642151,0.4912704825401306,-0.4509781301021576,0.4283469617366791,0.4872943162918091,-0.08240507543087006,0.44311490654945374,0.48661646246910095,-0.41202297806739807,0.434910386800766,0.4867042601108551,-0.04872202128171921,0.6564146876335144,0.6002335548400879,-0.11443273723125458,0.6167500615119934,0.5910499095916748,0.1141740083694458,0.5484371781349182,0.46525833010673523,-0.322063148021698,0.5129830837249756,0.45587217807769775,0.02702435292303562,0.5387026071548462,0.7092402577400208,-0.26598143577575684,0.5116311311721802,0.6851559281349182,-0.006475415080785751,0.5426626205444336,0.7706602215766907,-0.26051023602485657,0.5266789197921753,0.7272170782089233,-0.015886809676885605,0.47715863585472107,0.7286845445632935,-0.3259359300136566,0.4600306451320648,0.7144993543624878,-0.0726059228181839,0,1
0.5724217891693115,0.21159528195858002,-0.22247759997844696,0.5832162499427795,0.19653455913066864,-0.23081572353839874,0.5871337056159973,0.1969531625509262,-0.2308742254972458,0.5914807915687561,0.1976117193698883,-0.23087354004383087,0.5770479440689087,0.19547416269779205,-0.19711962342262268,0.5763971209526062,0.1951109617948532,-0.19713057577610016,0.5759099721908569,0.19479793310165405,-0.19717887043952942,0.6070910096168518,0.21459680795669556,-0.21568424999713898,0.5903077125549316,0.20695927739143372,-0.05997868627309799,0.5779644250869751,0.2354287952184677,-0.21571262180805206,0.5719359517097473,0.23302987217903137,-0.17156855762004852,0.6266773343086243,0.3268119990825653,-0.30268770456314087,0.5713748931884766,0.33261263370513916,0.08303749561309814,0.5269691944122314,0.4236606955528259,-0.40125545859336853,0.5080440640449524,0.41397714614868164,0.10561571270227432,0.4357510209083557,0.4767776429653168,-0.4242936670780182,0.42721349000930786,0.48071593046188354,-0.006305118557065725,0.4137602746486664,0.49868977069854736,-0.47410136461257935,0.4088570177555084,0.49576178193092346,-0.022303326055407524,0.4119882583618164,0.4890468120574951,-0.46034568548202515,0.4113777279853821,0.4897778332233429,-0.059375472366809845,0.4191414415836334,0.4842800199985504,-0.4209322929382324,0.4155816435813904,0.4888175427913666,-0.027491923421621323,0.6412505507469177,0.6040785908699036,-0.12192549556493759,0.6033612489700317,0.6018440127372742,0.1216232180595398,0.5389928221702576,0.4682500958442688,-0.25958073139190674,0.49981164932250977,0.4550574719905853,0.10255813598632812,0.5192712545394897,0.7009867429733276,-0.10872478783130646,0.5234349966049194,0.6848986744880676,0.08260399848222733,0.5307630300521851,0.7453850507736206,-0.09151102602481842,0.5421295166015625,0.7238416075706482,0.07847489416599274,0.4641956686973572,0.7175971865653992,-0.12090595066547394,0.4895114302635193,0.718326985836029,0.03754723072052002,0,1
0.5556392669677734,0.21013018488883972,-0.21468646824359894,0.5672551393508911,0.19413697719573975,-0.2289159744977951,0.5707954168319702,0.1942977011203766,-0.22895650565624237,0.5746771693229675,0.19476309418678284,-0.22894763946533203,0.562137246131897,0.19331762194633484,-0.19282834231853485,0.5619255900382996,0.19293826818466187,-0.19281354546546936,0.5619125962257385,0.1925419270992279,-0.19283190369606018,0.5897210836410522,0.21184122562408447,-0.22804732620716095,0.5764926075935364,0.20497775077819824,-0.06855351477861404,0.5609459280967712,0.23332704603672028,-0.21346072852611542,0.5556070804595947,0.2305426001548767,-0.1665516197681427,0.6095737814903259,0.3265734910964966,-0.31258878111839294,0.557073712348938,0.33578813076019287,0.07667208462953568,0.510181188583374,0.4246492087841034,-0.4122854173183441,0.4868146777153015,0.4207584857940674,0.07960408926010132,0.4211795926094055,0.4774906635284424,-0.44840723276138306,0.4104077219963074,0.48076581954956055,-0.05982277914881706,0.3975452184677124,0.5001699924468994,-0.5023214817047119,0.39309898018836975,0.4950944185256958,-0.07610952854156494,0.3938828110694885,0.4893261790275574,-0.48611336946487427,0.392683207988739,0.48992446064949036,-0.12133799493312836,0.4016571640968323,0.4846791625022888,-0.4438644349575043,0.3972967565059662,0.48876795172691345,-0.08454196900129318,0.6279351711273193,0.6093562841415405,-0.12421135604381561,0.587949812412262,0.6092179417610168,0.1238839253783226,0.5252293348312378,0.4822058081626892,-0.3015391230583191,0.46299952268600464,0.49396172165870667,0.0987488180398941,0.5158572196960449,0.6991440057754517,-0.1111181378364563,0.5279633402824402,0.674964189529419,0.09608381241559982,0.5277126431465149,0.7286235094070435,-0.08583506941795349,0.550965428352356,0.7020618915557861,0.09757660329341888,0.46195244789123535,0.7326495051383972,-0.0824873149394989,0.5214465856552124,0.7323375344276428,0.0783410593867302,0,1
0.5483438372612,0.2067975550889969,-0.20592722296714783,0.5600566267967224,0.19113311171531677,-0.22099395096302032,0.5630951523780823,0.19148436188697815,-0.2210516482591629,0.5663090944290161,0.1921059787273407,-0.2210710495710373,0.555639386177063,0.19024938344955444,-0.18469145894050598,0.5554994344711304,0.19000087678432465,-0.18468214571475983,0.5556157827377319,0.18972381949424744,-0.18469862639904022,0.5802226066589355,0.20979741215705872,-0.23855018615722656,0.5691404342651367,0.20309282839298248,-0.06796367466449738,0.5523701906204224,0.2303982377052307,-0.208147332072258,0.5477039813995361,0.2277390956878662,-0.16092365980148315,0.5939162969589233,0.32769760489463806,-0.3154822289943695,0.5503057241439819,0.33580270409584045,0.08376485109329224,0.4893108010292053,0.43105781078338623,-0.4132251739501953,0.4752669930458069,0.4194866716861725,0.10438041388988495,0.40099388360977173,0.4776710867881775,-0.4426547884941101,0.3990206718444824,0.47293663024902344,-0.0009865248575806618,0.37939006090164185,0.5004308819770813,-0.5056318640708923,0.37799686193466187,0.4891192615032196,-0.010343613103032112,0.37557467818260193,0.4888000786304474,-0.4763695299625397,0.37653684616088867,0.48470112681388855,-0.056223802268505096,0.38295674324035645,0.4842633903026581,-0.4343265891075134,0.3842567801475525,0.4821797311306,-0.024896681308746338,0.6197534799575806,0.6119099259376526,-0.12746545672416687,0.5881861448287964,0.609271764755249,0.1272040456533432,0.49834495782852173,0.4725211262702942,-0.20243927836418152,0.46761783957481384,0.4748891592025757,0.15994314849376678,0.5176330208778381,0.6839957237243652,0.017845388501882553,0.5330663323402405,0.6676821112632751,0.1874246746301651,0.5300487279891968,0.7168546915054321,0.044813357293605804,0.5515050888061523,0.6988438367843628,0.19082872569561005,0.47447139024734497,0.743973970413208,0.07698602229356766,0.5181642770767212,0.7334356307983398,0.1920633614063263,0,1
0.5431687235832214,0.2056860327720642,-0.20757277309894562,0.55406254529953,0.19020400941371918,-0.2220079004764557,0.5568195581436157,0.190785214304924,-0.22207963466644287,0.5598462820053101,0.1915040910243988,-0.22212640941143036,0.5504146218299866,0.1888590008020401,-0.1846964955329895,0.550500750541687,0.18865439295768738,-0.184681698679924,0.5508686900138855,0.18846814334392548,-0.18468138575553894,0.5742007493972778,0.20931901037693024,-0.23229964077472687,0.5648636817932129,0.20290233194828033,-0.062125422060489655,0.5469536185264587,0.22893619537353516,-0.20854568481445312,0.5429707765579224,0.22665059566497803,-0.1597842425107956,0.5826764106750488,0.32800740003585815,-0.31881266832351685,0.5511943101882935,0.3346000015735626,0.09128355234861374,0.48203420639038086,0.43099963665008545,-0.40868377685546875,0.47401848435401917,0.4116770923137665,0.11931455135345459,0.3889392018318176,0.4687208831310272,-0.42222651839256287,0.3924862742424011,0.45666834712028503,0.008927879855036736,0.3680630028247833,0.49055713415145874,-0.4806888699531555,0.37184634804725647,0.47446107864379883,0.0003587852115742862,0.3646773397922516,0.4820818603038788,-0.45156130194664,0.3694482445716858,0.47261881828308105,-0.046136315912008286,0.3723384141921997,0.47582027316093445,-0.4135980010032654,0.3776363730430603,0.4673698842525482,-0.015416210517287254,0.6157633662223816,0.6123574376106262,-0.12969055771827698,0.5909541249275208,0.6068200469017029,0.12950998544692993,0.4898475706577301,0.46807628870010376,-0.1732688844203949,0.46933284401893616,0.4781248867511749,0.17816446721553802,0.5247882008552551,0.6847708225250244,0.03254508972167969,0.5393957495689392,0.6624913811683655,0.2709496021270752,0.5450121760368347,0.714808464050293,0.05739536136388779,0.5588944554328918,0.6897034049034119,0.2807500958442688,0.49194374680519104,0.7581093907356262,0.10057048499584198,0.5378074645996094,0.7314638495445251,0.3023250699043274,0,1
0.5441959500312805,0.20394907891750336,-0.16573235392570496,0.55534827709198,0.1892324835062027,-0.18528424203395844,0.558107852935791,0.18997886776924133,-0.18534645438194275,0.5611231923103333,0.19078391790390015,-0.1853666603565216,0.5519022345542908,0.18760888278484344,-0.14755773544311523,0.5520721673965454,0.18746304512023926,-0.14754605293273926,0.5525199174880981,0.18732072412967682,-0.14756396412849426,0.5754066705703735,0.20896494388580322,-0.21481963992118835,0.566574215888977,0.2026103138923645,-0.043295346200466156,0.5474635362625122,0.2263214886188507,-0.17424310743808746,0.5438346862792969,0.22455008327960968,-0.12502048909664154,0.5846689939498901,0.3267974555492401,-0.3137165606021881,0.553331196308136,0.33469220995903015,0.09304717928171158,0.4807954728603363,0.4250011146068573,-0.40415239334106445,0.4772621989250183,0.4122105836868286,0.10922858864068985,0.38943737745285034,0.4635375142097473,-0.41621556878089905,0.39402908086776733,0.4578997790813446,0.020374193787574768,0.3697403371334076,0.4842761158943176,-0.4702489972114563,0.3752877116203308,0.47473645210266113,0.01288718730211258,0.3672621548175812,0.4800286889076233,-0.4437207579612732,0.3720077574253082,0.47551509737968445,-0.03539540246129036,0.3744538128376007,0.4744127094745636,-0.40800943970680237,0.3793948292732239,0.4713490307331085,-0.005283855367451906,0.6168784499168396,0.6105066537857056,-0.1300879567861557,0.5918516516685486,0.6079928278923035,0.12988050282001495,0.49467259645462036,0.4618411660194397,-0.16416680812835693,0.46403104066848755,0.5182892084121704,0.17371539771556854,0.5236438512802124,0.6865066289901733,0.03188874199986458,0.5465742945671082,0.6631497740745544,0.25995415449142456,0.5438719987869263,0.717828631401062,0.05729403346776962,0.5673261880874634,0.6886717677116394,0.2716614007949829,0.4858637750148773,0.7624104619026184,0.0927409678697586,0.5578979253768921,0.7294785380363464,0.289792001247406,0,1
0.5534179210662842,0.20359158515930176,-0.13749650120735168,0.5640570521354675,0.18884482979774475,-0.15398631989955902,0.5668219327926636,0.18938414752483368,-0.15403267741203308,0.5700147151947021,0.19015653431415558,-0.15402327477931976,0.560257077217102,0.18745853006839752,-0.1182677298784256,0.5602113604545593,0.18725602328777313,-0.11826278269290924,0.5604525208473206,0.18702611327171326,-0.11828185617923737,0.5848356485366821,0.20815904438495636,-0.17212629318237305,0.5747621655464172,0.20133540034294128,-0.01183233316987753,0.5571811199188232,0.2263188660144806,-0.14311346411705017,0.5528644323348999,0.22423744201660156,-0.09664326906204224,0.5973854660987854,0.32340142130851746,-0.2726406455039978,0.563086211681366,0.3330046534538269,0.12306338548660278,0.49922361969947815,0.41607755422592163,-0.3691791296005249,0.48889103531837463,0.4096023142337799,0.14471814036369324,0.41470566391944885,0.44891780614852905,-0.3806188702583313,0.405473530292511,0.4555603563785553,0.03981981426477432,0.38874170184135437,0.47310084104537964,-0.42904940247535706,0.3864935636520386,0.4727158844470978,0.03231886774301529,0.3868531584739685,0.46870389580726624,-0.4084528088569641,0.3851623833179474,0.4728005826473236,-0.011406121775507927,0.3961263597011566,0.4638952612876892,-0.37382200360298157,0.3908463716506958,0.47097247838974,0.016335755586624146,0.6243494749069214,0.6081092953681946,-0.12968868017196655,0.5961253643035889,0.6077173352241516,0.1294480562210083,0.5037460327148438,0.45832112431526184,-0.1931052803993225,0.4622226357460022,0.5084799528121948,0.16871023178100586,0.5262404680252075,0.6874733567237854,-0.01797459088265896,0.5303520560264587,0.6686218976974487,0.178269162774086,0.5413987040519714,0.7201541662216187,0.005205754190683365,0.5509415864944458,0.7107470035552979,0.17965400218963623,0.47934040427207947,0.7529881000518799,0.02221013233065605,0.5115401148796082,0.7341902852058411,0.17285120487213135,0,1
0.5838225483894348,0.20275470614433289,-0.1973026692867279,0.5952149629592896,0.1877976357936859,-0.20463362336158752,0.5986160039901733,0.18838828802108765,-0.20469827950000763,0.6022318601608276,0.18929781019687653,-0.20473253726959229,0.5902197957038879,0.1865244060754776,-0.1728387176990509,0.5897447466850281,0.18627086281776428,-0.1728825718164444,0.5895431041717529,0.18604987859725952,-0.17289407551288605,0.6171869039535522,0.20722012221813202,-0.18954624235630035,0.6019996404647827,0.19947203993797302,-0.047748126089572906,0.5883280038833618,0.22652871906757355,-0.19279922544956207,0.5824066996574402,0.22432899475097656,-0.15066857635974884,0.6340399980545044,0.3193989396095276,-0.2752992510795593,0.5827322602272034,0.33105018734931946,0.10593472421169281,0.546584963798523,0.40388602018356323,-0.37145739793777466,0.5167497396469116,0.4017963409423828,0.15567512810230255,0.4514240622520447,0.438106507062912,-0.39885467290878296,0.4351723790168762,0.44376271963119507,0.05668545886874199,0.4270245432853699,0.46082156896591187,-0.446758508682251,0.41783323884010315,0.45767393708229065,0.05051509663462639,0.42365890741348267,0.4541977345943451,-0.4329034388065338,0.41735023260116577,0.45617401599884033,0.007618808187544346,0.4311297833919525,0.44869470596313477,-0.3946695327758789,0.42247843742370605,0.45469996333122253,0.03382435441017151,0.6472353935241699,0.5979728698730469,-0.12710461020469666,0.6132041215896606,0.599572479724884,0.1269085705280304,0.5324438810348511,0.45875757932662964,-0.2418116331100464,0.5087046027183533,0.4725537896156311,0.11104421317577362,0.5297231078147888,0.6885757446289062,-0.10199220478534698,0.5021225214004517,0.6790804266929626,0.09725625813007355,0.5447452664375305,0.7395055294036865,-0.08699439465999603,0.5105129480361938,0.7198420763015747,0.09373532980680466,0.4760069251060486,0.7080087661743164,-0.11878565698862076,0.4488183557987213,0.7007765173912048,0.0572269968688488,0,1
0.6238548755645752,0.2045021653175354,-0.24489960074424744,0.6348537802696228,0.19057616591453552,-0.24715152382850647,0.6383777260780334,0.19115793704986572,-0.24716238677501678,0.642166018486023,0.19200696051120758,-0.24714894592761993,0.6286985874176025,0.18910416960716248,-0.21918217837810516,0.6277180314064026,0.18875478208065033,-0.2192516028881073,0.6270655393600464,0.18844805657863617,-0.21931903064250946,0.6568405628204346,0.20898433029651642,-0.22002823650836945,0.6382722854614258,0.2001853883266449,-0.08328765630722046,0.6294736266136169,0.23006488382816315,-0.23081950843334198,0.6220576763153076,0.22690214216709137,-0.19378268718719482,0.6739087700843811,0.320723295211792,-0.27813267707824707,0.6174131035804749,0.328538715839386,0.06252337992191315,0.584848940372467,0.40296095609664917,-0.36427250504493713,0.5501481294631958,0.39536967873573303,0.08874395489692688,0.494915634393692,0.43981802463531494,-0.3872104287147522,0.4781676232814789,0.4458429515361786,-0.02384597435593605,0.46955981850624084,0.45542624592781067,-0.4308423101902008,0.46269163489341736,0.45523062348365784,-0.038440119475126266,0.4705947935581207,0.4483940005302429,-0.4186576008796692,0.46269577741622925,0.45534905791282654,-0.08037152886390686,0.47683650255203247,0.4478382170200348,-0.38505157828330994,0.4658968448638916,0.45637544989585876,-0.047283414751291275,0.6783128380775452,0.5959224104881287,-0.11934296786785126,0.6400099992752075,0.5892800092697144,0.11906827986240387,0.5633671283721924,0.4678424000740051,-0.2906331419944763,0.5380555391311646,0.4631510376930237,0.052757419645786285,0.5369281768798828,0.7046138048171997,-0.24120232462882996,0.5068315863609314,0.6874580383300781,0.028596287593245506,0.5446673035621643,0.7652071714401245,-0.23588423430919647,0.5185528993606567,0.7254080772399902,0.022963443771004677,0.4781486392021179,0.7106859087944031,-0.29558882117271423,0.4590490758419037,0.7024073600769043,-0.02841350995004177,0,1
0.6643850803375244,0.2112172693014145,-0.1636657416820526,0.6750935316085815,0.19689694046974182,-0.15751785039901733,0.6786714792251587,0.1976437270641327,-0.15751217305660248,0.6827124357223511,0.19845148921012878,-0.1574321687221527,0.667910099029541,0.19566446542739868,-0.13681618869304657,0.6666010618209839,0.19538503885269165,-0.13687434792518616,0.6654907464981079,0.19498585164546967,-0.13692988455295563,0.6968203186988831,0.21347257494926453,-0.10590706765651703,0.6753779649734497,0.2046404480934143,-0.00973445177078247,0.6709123849868774,0.23566897213459015,-0.14505653083324432,0.6618504524230957,0.23240108788013458,-0.11736591905355453,0.7136873006820679,0.3193620443344116,-0.18057581782341003,0.6504811644554138,0.3299993872642517,0.11070407927036285,0.6366598606109619,0.3903023302555084,-0.310092955827713,0.5793749094009399,0.3953239917755127,0.14231249690055847,0.5411146283149719,0.42699700593948364,-0.3737548887729645,0.5070177316665649,0.4432746171951294,0.041340719908475876,0.5230861902236938,0.4420742392539978,-0.4119361340999603,0.48602452874183655,0.45234349370002747,0.02961367927491665,0.5165674686431885,0.4392014741897583,-0.39429372549057007,0.4867306351661682,0.4531482756137848,-0.007468723691999912,0.5236066579818726,0.4381197988986969,-0.3710501790046692,0.49505186080932617,0.4523829519748688,0.02140156552195549,0.708597719669342,0.5896931290626526,-0.10375279188156128,0.6684319376945496,0.5831255316734314,0.10349885374307632,0.6204503774642944,0.49825358390808105,-0.3233488202095032,0.5611003637313843,0.47182223200798035,0.011939146555960178,0.541702151298523,0.7183718085289001,-0.37432724237442017,0.5153675675392151,0.6989206671714783,-0.05255160480737686,0.5444936156272888,0.7780938148498535,-0.37864378094673157,0.524857759475708,0.7393783330917358,-0.061194855719804764,0.4784662127494812,0.7153374552726746,-0.4574240744113922,0.4665532112121582,0.703272819519043,-0.11980531364679337,0,1
0.6998375058174133,0.2143062949180603,-0.11498568952083588,0.7101186513900757,0.20026342570781708,-0.1056099534034729,0.7140741348266602,0.2006714642047882,-0.10561225563287735,0.7179275751113892,0.2012825906276703,-0.1055641770362854,0.7018951177597046,0.1992843598127365,-0.08483476936817169,0.7000219821929932,0.19902515411376953,-0.08488534390926361,0.6983150243759155,0.19869358837604523,-0.08492214232683182,0.7308722734451294,0.21497555077075958,-0.04605775326490402,0.7072986960411072,0.2084205597639084,0.04934511333703995,0.7064497470855713,0.2372017502784729,-0.0943162813782692,0.696522057056427,0.23509672284126282,-0.06646283715963364,0.7501935362815857,0.3153408169746399,-0.1304805725812912,0.6872020959854126,0.32275456190109253,0.17661115527153015,0.6704350113868713,0.3769628405570984,-0.25862500071525574,0.6267648339271545,0.380461722612381,0.19518330693244934,0.5884265899658203,0.4033382534980774,-0.3250878155231476,0.561111569404602,0.4203159809112549,0.07781995832920074,0.5683668851852417,0.4189269542694092,-0.36381393671035767,0.5372726321220398,0.4315545856952667,0.07018489390611649,0.5621274709701538,0.417341411113739,-0.3499184250831604,0.5378512144088745,0.4306849539279938,0.03350654989480972,0.5708230137825012,0.4147718548774719,-0.32054173946380615,0.5473408102989197,0.42763751745224,0.05842738598585129,0.7361479997634888,0.5789909362792969,-0.10726332664489746,0.6979954242706299,0.5594968795776367,0.10699395090341568,0.613358736038208,0.5165221095085144,-0.299376517534256,0.5880279541015625,0.4865567982196808,-0.01169859804213047,0.5447880625724792,0.7281870245933533,-0.36277979612350464,0.5155830979347229,0.6994384527206421,-0.0997631698846817,0.5457309484481812,0.7808183431625366,-0.36914002895355225,0.5145964622497559,0.7445040941238403,-0.1109057292342186,0.48553767800331116,0.7100839614868164,-0.44441938400268555,0.46258553862571716,0.6827828884124756,-0.1696060299873352,0,1
0.7296408414840698,0.2282644510269165,-0.04356108978390694,0.7398725748062134,0.21129029989242554,-0.03976293280720711,0.7446566820144653,0.21125823259353638,-0.039744436740875244,0.7495900392532349,0.2113584280014038,-0.039691261947155,0.7322450876235962,0.21071834862232208,-0.017657805234193802,0.7308822274208069,0.2103443592786789,-0.01771203801035881,0.7296765446662903,0.2100997269153595,-0.0177852064371109,0.7623791694641113,0.22231221199035645,0.0003099457244388759,0.7378627061843872,0.21885107457637787,0.10058274120092392,0.738358736038208,0.24857255816459656,-0.028868919238448143,0.7284646034240723,0.2472241222858429,0.0002957124379463494,0.7844499945640564,0.31530582904815674,-0.08799495548009872,0.7177408933639526,0.3229101598262787,0.21434974670410156,0.7143442034721375,0.37816187739372253,-0.22095341980457306,0.6517871022224426,0.3786497712135315,0.22998228669166565,0.6297965049743652,0.4037303626537323,-0.3061065077781677,0.5902401804924011,0.41203099489212036,0.10072525590658188,0.6119918823242188,0.4174923002719879,-0.34103429317474365,0.5698322057723999,0.4214780032634735,0.08998063951730728,0.6088429689407349,0.41321423649787903,-0.33072468638420105,0.5698127746582031,0.41988706588745117,0.06626874208450317,0.6134915947914124,0.4110151529312134,-0.30191415548324585,0.5777364373207092,0.41888439655303955,0.08641286194324493,0.7511099576950073,0.5757944583892822,-0.10841917991638184,0.7126377820968628,0.5550153255462646,0.10819617658853531,0.6282452344894409,0.5328087210655212,-0.2681136131286621,0.6045390367507935,0.5056599378585815,0.014904716983437538,0.5479477643966675,0.7325437068939209,-0.33346325159072876,0.5173044204711914,0.698542058467865,-0.049154601991176605,0.5476158857345581,0.782356321811676,-0.3380756080150604,0.5109054446220398,0.7332040667533875,-0.05670688673853874,0.48953571915626526,0.7137469053268433,-0.4017244279384613,0.45948904752731323,0.6645669341087341,-0.10363541543483734,0,1
0.7560948133468628,0.24085161089897156,0.0503719225525856,0.7646185159683228,0.2252601981163025,0.05197467654943466,0.7696524858474731,0.224088653922081,0.05200352519750595,0.77552330493927,0.2228425294160843,0.052068471908569336,0.7574370503425598,0.22554022073745728,0.07297933101654053,0.7560142874717712,0.22542205452919006,0.07290315628051758,0.7545269727706909,0.2254449427127838,0.07281258702278137,0.7903043031692505,0.2306705266237259,0.077098049223423,0.7621011137962341,0.22962506115436554,0.1705218404531479,0.7639580368995667,0.2580161690711975,0.059700511395931244,0.755146861076355,0.2573533356189728,0.0869944840669632,0.812006950378418,0.3153112828731537,-0.018016450107097626,0.7462488412857056,0.32280993461608887,0.2531895041465759,0.7599008679389954,0.37981337308883667,-0.15435582399368286,0.6798160672187805,0.381594181060791,0.24964065849781036,0.6768386960029602,0.4012034833431244,-0.2510889768600464,0.6217959523200989,0.40628018975257874,0.11664579063653946,0.6569139361381531,0.4119683504104614,-0.2831485867500305,0.6016769409179688,0.41669824719429016,0.10050790011882782,0.6542872786521912,0.4060257375240326,-0.2778312563896179,0.6056667566299438,0.41308391094207764,0.08014052361249924,0.656957745552063,0.4050236940383911,-0.24845030903816223,0.6126903295516968,0.4111761748790741,0.10283280909061432,0.7685917615890503,0.5717089772224426,-0.0951652079820633,0.7287918925285339,0.550457239151001,0.09501510113477707,0.641566812992096,0.5676594376564026,-0.25758886337280273,0.6171551942825317,0.537567675113678,-0.042903997004032135,0.5511313676834106,0.7407203912734985,-0.3519916534423828,0.522287130355835,0.6972613334655762,-0.12794125080108643,0.5471795797348022,0.7871222496032715,-0.3605296015739441,0.5135575532913208,0.7318150997161865,-0.1375647485256195,0.4927183985710144,0.712506115436554,-0.436518132686615,0.4601563811302185,0.6648984551429749,-0.19206970930099487,0,1
0.7773138284683228,0.2610475718975067,0.061858367174863815,0.7843130826950073,0.24597910046577454,0.05909571051597595,0.7876907587051392,0.24519532918930054,0.05909671261906624,0.7921212315559387,0.24456161260604858,0.059127844870090485,0.7785269618034363,0.2459915429353714,0.08056115359067917,0.7774103283882141,0.24593253433704376,0.0805106908082962,0.7762731909751892,0.24586297571659088,0.08042649179697037,0.8111936450004578,0.24860446155071259,0.07212886959314346,0.7864453196525574,0.24810147285461426,0.16749343276023865,0.78370600938797,0.27936652302742004,0.06766258925199509,0.777195155620575,0.27915018796920776,0.09556460380554199,0.8361342549324036,0.31790891289711,-0.005352200474590063,0.7710943222045898,0.3197700083255768,0.22926780581474304,0.7945796251296997,0.40707847476005554,-0.11751778423786163,0.7126340270042419,0.38313984870910645,0.243464395403862,0.7199667096138,0.40466275811195374,-0.20140962302684784,0.6526904702186584,0.4083641767501831,0.13648530840873718,0.7047119140625,0.4120590090751648,-0.22963324189186096,0.636886715888977,0.4185348451137543,0.13329733908176422,0.6995335817337036,0.4070407450199127,-0.227723628282547,0.6388592720031738,0.41653531789779663,0.10056354850530624,0.7052514553070068,0.4055652618408203,-0.19975170493125916,0.645250141620636,0.4149428904056549,0.1192723959684372,0.7806171178817749,0.5676358342170715,-0.07820318639278412,0.741852879524231,0.5471598505973816,0.07812700420618057,0.6554487943649292,0.598035454750061,-0.19759276509284973,0.6305330991744995,0.5694325566291809,-0.054056502878665924,0.5556546449661255,0.7512116432189941,-0.3164752125740051,0.525077760219574,0.7017727494239807,-0.1602415144443512,0.5459288954734802,0.7947348952293396,-0.3287793695926666,0.5146787166595459,0.7419565916061401,-0.1723700314760208,0.4988428056240082,0.7070046067237854,-0.4049282670021057,0.4649747908115387,0.6688218712806702,-0.2268770933151245,0,1
0.7885119915008545,0.26291730999946594,0.07024293392896652,0.795811116695404,0.24722175300121307,0.06781090795993805,0.7991086840629578,0.24647526443004608,0.0677860826253891,0.8031122088432312,0.2456182837486267,0.06776107847690582,0.7902581095695496,0.24777579307556152,0.08880237489938736,0.7894265055656433,0.2478615641593933,0.0887870192527771,0.7887194752693176,0.2479735016822815,0.08870400488376617,0.8221240043640137,0.24954363703727722,0.07877372205257416,0.800517201423645,0.25103992223739624,0.17438675463199615,0.7961655259132385,0.28026703000068665,0.07483888417482376,0.7898586392402649,0.2801368832588196,0.10278946161270142,0.8526228666305542,0.3212735056877136,0.013232963159680367,0.784131646156311,0.32261061668395996,0.22760239243507385,0.8384538888931274,0.4385654032230377,-0.06687803566455841,0.7386474609375,0.39603614807128906,0.25369971990585327,0.7575949430465698,0.4070906639099121,-0.12800052762031555,0.6874414682388306,0.40924152731895447,0.16755160689353943,0.7404494881629944,0.41249915957450867,-0.15061981976032257,0.6732103824615479,0.4168873131275177,0.14679482579231262,0.7365285754203796,0.40671950578689575,-0.15210838615894318,0.6737784147262573,0.4149651527404785,0.12480660527944565,0.7411563992500305,0.4058740437030792,-0.1266905665397644,0.6795305609703064,0.41418012976646423,0.15292158722877502,0.7865229249000549,0.5626474022865295,-0.07154091447591782,0.747381329536438,0.5361337661743164,0.07156086713075638,0.6661438345909119,0.6157853007316589,-0.18926335871219635,0.6391419172286987,0.5784791707992554,-0.05406470224261284,0.5583293437957764,0.7631797194480896,-0.3116050064563751,0.5353183746337891,0.7009469866752625,-0.18082785606384277,0.5469014048576355,0.8063708543777466,-0.3207492232322693,0.5250473618507385,0.7456632852554321,-0.19611887633800507,0.49765434861183167,0.7261198163032532,-0.4006745219230652,0.46954450011253357,0.6682977080345154,-0.25148192048072815,0,1
0.7908245325088501,0.25918084383010864,0.05950746685266495,0.7991256713867188,0.24378634989261627,0.05940767377614975,0.802966296672821,0.2432590126991272,0.05939164757728577,0.8071409463882446,0.2424926608800888,0.05939047783613205,0.7929547429084778,0.24431489408016205,0.08113990724086761,0.791989266872406,0.2444332391023636,0.08109642565250397,0.7910957932472229,0.24457068741321564,0.08100785315036774,0.8245953321456909,0.2471768707036972,0.07844111323356628,0.8019003868103027,0.24890382587909698,0.17911870777606964,0.7982085943222046,0.27733805775642395,0.06708502024412155,0.7916868925094604,0.2774317264556885,0.0953354686498642,0.856110692024231,0.31505516171455383,0.020822005346417427,0.7885693311691284,0.3200187385082245,0.23708710074424744,0.8714061975479126,0.4486735463142395,-0.048407357186079025,0.762776255607605,0.40693360567092896,0.2680399417877197,0.7898732423782349,0.4128113090991974,-0.08482792973518372,0.7242189645767212,0.4044407606124878,0.18340912461280823,0.7710531949996948,0.41382718086242676,-0.10134419053792953,0.7073414921760559,0.41107887029647827,0.16495676338672638,0.7710588574409485,0.4022476077079773,-0.09680495411157608,0.706321120262146,0.4063146412372589,0.14620527625083923,0.7748461961746216,0.4024474322795868,-0.07962381094694138,0.713453471660614,0.40595996379852295,0.17047664523124695,0.7888758182525635,0.563471794128418,-0.07002020627260208,0.7491730451583862,0.5340560674667358,0.07006549835205078,0.6703489422798157,0.622840166091919,-0.20651349425315857,0.6422439217567444,0.5838362574577332,-0.06943954527378082,0.5573638081550598,0.7679259181022644,-0.34888720512390137,0.5349545478820801,0.7008631825447083,-0.21225854754447937,0.5462464690208435,0.8114906549453735,-0.36281126737594604,0.5214098691940308,0.7466027140617371,-0.22890372574329376,0.4963527321815491,0.7327559590339661,-0.44489699602127075,0.4659484028816223,0.6687784194946289,-0.2838602066040039,0,1
0.7875994443893433,0.257917195558548,0.07281851023435593,0.7963249683380127,0.24272853136062622,0.07203727960586548,0.8000550270080566,0.24247244000434875,0.07201193273067474,0.8042306900024414,0.24184834957122803,0.07190985977649689,0.7902819514274597,0.24283550679683685,0.09101622551679611,0.7894309163093567,0.24289217591285706,0.09106677025556564,0.7885661721229553,0.24306562542915344,0.09101472795009613,0.82219398021698,0.24660104513168335,0.0982452854514122,0.7987635135650635,0.24786067008972168,0.18729791045188904,0.7946757674217224,0.27615368366241455,0.08518649637699127,0.7882762551307678,0.27618148922920227,0.1108492985367775,0.8554975390434265,0.31432685256004333,0.052044473588466644,0.7844239473342896,0.31756624579429626,0.24152512848377228,0.8751499056816101,0.4486251771450043,-0.022389451041817665,0.758526086807251,0.4111054837703705,0.2848047912120819,0.7962542176246643,0.42427873611450195,-0.059826117008924484,0.7230926752090454,0.414407342672348,0.17077867686748505,0.7775918841362,0.4292002022266388,-0.07551543414592743,0.7089409828186035,0.4212908446788788,0.14703097939491272,0.7750717401504517,0.41412314772605896,-0.07058203220367432,0.7100050449371338,0.41472136974334717,0.13316486775875092,0.7777860164642334,0.4121101498603821,-0.05447842553257942,0.7179131507873535,0.4127345681190491,0.15663766860961914,0.7895317077636719,0.5615419149398804,-0.06966879963874817,0.7504689693450928,0.5329232811927795,0.0696956068277359,0.6722301840782166,0.6211000084877014,-0.2052672654390335,0.6429704427719116,0.5855470299720764,-0.07438570261001587,0.5559203028678894,0.7652073502540588,-0.3533475399017334,0.5322554111480713,0.7008793950080872,-0.21585853397846222,0.5437312126159668,0.809133768081665,-0.3667677044868469,0.5171408653259277,0.7491188645362854,-0.23194563388824463,0.49320149421691895,0.7308480143547058,-0.447917640209198,0.46277937293052673,0.6658282279968262,-0.2881637513637543,0,1
0.7844857573509216,0.2578880190849304,0.05058078095316887,0.7927587032318115,0.24277211725711823,0.05017197132110596,0.7965209484100342,0.24261729419231415,0.0501461997628212,0.8003153800964355,0.24222621321678162,0.0500662736594677,0.7871336936950684,0.2427862584590912,0.06918316334486008,0.7864025831222534,0.2426503747701645,0.06921011954545975,0.7856584787368774,0.24263522028923035,0.0691540464758873,0.8185884356498718,0.2463175654411316,0.07817639410495758,0.7958639860153198,0.24765273928642273,0.16593453288078308,0.7916474342346191,0.2757677435874939,0.06364251673221588,0.785297155380249,0.2752501964569092,0.08889349550008774,0.8519401550292969,0.3123577833175659,0.03516571968793869,0.7811995148658752,0.317329078912735,0.2292918711900711,0.8665307760238647,0.4503631591796875,-0.02552187815308571,0.7547754049301147,0.4176391065120697,0.2572925090789795,0.7842826843261719,0.4252457916736603,-0.06317645311355591,0.7150129675865173,0.420373797416687,0.14228981733322144,0.7659708261489868,0.4307907223701477,-0.08039265871047974,0.6986804604530334,0.4284001290798187,0.11837700754404068,0.7646671533584595,0.4173533022403717,-0.0772220715880394,0.7002233862876892,0.422396719455719,0.10167215764522552,0.7677634358406067,0.41463959217071533,-0.05858777090907097,0.7065746784210205,0.41964152455329895,0.12890766561031342,0.7882718443870544,0.5616545081138611,-0.07026340812444687,0.7487351894378662,0.5330353379249573,0.07029327750205994,0.6699646711349487,0.6193204522132874,-0.2012111246585846,0.6413586139678955,0.5826818346977234,-0.07094760239124298,0.5562412142753601,0.7629895806312561,-0.3280487656593323,0.5329866409301758,0.7006568908691406,-0.19054603576660156,0.5440406799316406,0.8086105585098267,-0.33977407217025757,0.5187596082687378,0.7485201358795166,-0.20465147495269775,0.4944169521331787,0.7298895120620728,-0.4210829734802246,0.4640227258205414,0.6648358106613159,-0.2614140212535858,0,1
0.7709223628044128,0.250739723443985,0.01364568155258894,0.7790745496749878,0.23718523979187012,0.009370807558298111,0.7819726467132568,0.23735715448856354,0.009314819239079952,0.7853561043739319,0.23727202415466309,0.009273447096347809,0.7748191952705383,0.23653589189052582,0.03069932758808136,0.7746484279632568,0.23650315403938293,0.030648717656731606,0.7745614647865295,0.23655490577220917,0.030554989352822304,0.8035111427307129,0.23997266590595245,0.01627151295542717,0.7882232069969177,0.24376127123832703,0.11294452100992203,0.7773784399032593,0.26867735385894775,0.017764875665307045,0.7731031775474548,0.2690848410129547,0.04591917246580124,0.8431881070137024,0.3094627261161804,-0.037040047347545624,0.7694903612136841,0.31710579991340637,0.17622104287147522,0.8506134748458862,0.45338499546051025,-0.13318124413490295,0.74549400806427,0.42161718010902405,0.17890244722366333,0.7656142711639404,0.42546892166137695,-0.19916047155857086,0.6973754167556763,0.4224228858947754,0.036533888429403305,0.7457004189491272,0.4318958818912506,-0.22394081950187683,0.682514488697052,0.42971211671829224,0.010292957536876202,0.7420909404754639,0.4199526607990265,-0.21827325224876404,0.6822071671485901,0.4234851896762848,-0.009456703439354897,0.7485407590866089,0.417804092168808,-0.19478259980678558,0.688689112663269,0.422133207321167,0.0214838944375515,0.7875860929489136,0.5692453980445862,-0.07227204740047455,0.7461560964584351,0.5460989475250244,0.07235387712717056,0.6623677015304565,0.6124982833862305,-0.19654060900211334,0.640374481678009,0.5817597508430481,-0.05661643669009209,0.5584130883216858,0.758394181728363,-0.3165355622768402,0.5331743955612183,0.7007145881652832,-0.17550711333751678,0.5463958382606506,0.8058144450187683,-0.32792001962661743,0.5203721523284912,0.7470407485961914,-0.18960848450660706,0.49685415625572205,0.7153633236885071,-0.40862998366355896,0.4708995223045349,0.6674832701683044,-0.24581387639045715,0,1
0.753882110118866,0.24147430062294006,0.0006516707362607121,0.76219642162323,0.22815121710300446,-0.0030916277319192886,0.7657333612442017,0.22802859544754028,-0.0031371559016406536,0.7693671584129333,0.22740761935710907,-0.003146527800709009,0.7575885653495789,0.227463960647583,0.017890077084302902,0.7572026252746582,0.2272317260503769,0.017807504162192345,0.7568663954734802,0.2269357442855835,0.01769743114709854,0.7865027189254761,0.23286853730678558,0.004391802009195089,0.7692939043045044,0.23471876978874207,0.0989631861448288,0.7607012987136841,0.26078465580940247,0.004966643638908863,0.7550841569900513,0.2607880234718323,0.03250472620129585,0.822455883026123,0.30898168683052063,-0.048272985965013504,0.7468758821487427,0.3177761733531952,0.1630021333694458,0.8143340945243835,0.452828586101532,-0.13575036823749542,0.7112157344818115,0.4283781349658966,0.1591612696647644,0.731410562992096,0.4333955943584442,-0.1983027160167694,0.6663849949836731,0.4393729269504547,0.013787117786705494,0.7094502449035645,0.43902185559272766,-0.22130736708641052,0.6499348282814026,0.44422420859336853,-0.013647353276610374,0.706521213054657,0.4299217164516449,-0.21748539805412292,0.6506385803222656,0.4385960102081299,-0.03049447573721409,0.7114267349243164,0.42958661913871765,-0.19495244324207306,0.6580069065093994,0.43887171149253845,-2.444425263092853e-05,0.7779523730278015,0.5667033791542053,-0.07384271919727325,0.7347794771194458,0.5475452542304993,0.0738939568400383,0.6569743752479553,0.5951477289199829,-0.21641209721565247,0.6356247663497925,0.559246301651001,-0.06453584134578705,0.5571613311767578,0.7568643093109131,-0.33048608899116516,0.5302230715751648,0.7012627124786377,-0.17899049818515778,0.5468829870223999,0.8034013509750366,-0.34174713492393494,0.5182036757469177,0.7453845739364624,-0.1918184608221054,0.49706417322158813,0.714371919631958,-0.43058404326438904,0.4721356928348541,0.6714386343955994,-0.253599613904953,0,1
0.7342272996902466,0.23673690855503082,-0.051869701594114304,0.7430710792541504,0.22258152067661285,-0.05439568683505058,0.7469666004180908,0.2223396748304367,-0.05443117022514343,0.7508165240287781,0.22188353538513184,-0.054397933185100555,0.7377461791038513,0.22210252285003662,-0.03184659406542778,0.7369873523712158,0.2216644138097763,-0.031956590712070465,0.7363203167915344,0.22122929990291595,-0.03206520155072212,0.7672029137611389,0.22804567217826843,-0.039071496576070786,0.7486521005630493,0.22805212438106537,0.06155231595039368,0.7418516278266907,0.2560346722602844,-0.045226313173770905,0.7353408932685852,0.2554909884929657,-0.01588715985417366,0.8026334047317505,0.3162594139575958,-0.09155447781085968,0.7258909940719604,0.3186761438846588,0.15070177614688873,0.7784680128097534,0.45509567856788635,-0.18181268870830536,0.6827823519706726,0.43363699316978455,0.15617822110652924,0.6988939642906189,0.45987221598625183,-0.2587825357913971,0.6319383382797241,0.4520077109336853,-0.009939569979906082,0.6808514595031738,0.4685569703578949,-0.2878180146217346,0.6171003580093384,0.4629383981227875,-0.03565472364425659,0.6784245371818542,0.45685437321662903,-0.2853633463382721,0.6171571016311646,0.45714378356933594,-0.05834469199180603,0.6844614744186401,0.4521035850048065,-0.2567687928676605,0.6233841776847839,0.45344290137290955,-0.026188865303993225,0.7658604383468628,0.5660563111305237,-0.0861915871500969,0.7220209836959839,0.5463958978652954,0.08622004091739655,0.6497446298599243,0.5692036747932434,-0.2561921179294586,0.6238991022109985,0.5378177762031555,-0.08536911010742188,0.5553226470947266,0.7463111281394958,-0.3598392903804779,0.5313138961791992,0.7019194960594177,-0.1908414512872696,0.5468757748603821,0.7937009930610657,-0.37037423253059387,0.522274911403656,0.7427796125411987,-0.20291852951049805,0.49595752358436584,0.7089570164680481,-0.46842923760414124,0.4729836583137512,0.6751471757888794,-0.27671945095062256,0,1
0.7121769189834595,0.22816498577594757,-0.05702384188771248,0.7218934297561646,0.21341203153133392,-0.05459308624267578,0.7256165742874146,0.21269257366657257,-0.05458369851112366,0.7295140624046326,0.21199020743370056,-0.05451304465532303,0.7152341604232788,0.21365904808044434,-0.03438969701528549,0.714201807975769,0.21331936120986938,-0.03450751677155495,0.713264524936676,0.2129482477903366,-0.03459862619638443,0.744998574256897,0.22140111029148102,-0.02602246403694153,0.7240250706672668,0.221446692943573,0.06408796459436417,0.7197943329811096,0.24612468481063843,-0.046714745461940765,0.7121281623840332,0.24507568776607513,-0.020850371569395065,0.7770553231239319,0.3200845420360565,-0.09330358356237411,0.7012463808059692,0.321604460477829,0.15444982051849365,0.7414461970329285,0.45435741543769836,-0.1939389854669571,0.6547837853431702,0.43523991107940674,0.14504051208496094,0.6602745056152344,0.4649536907672882,-0.26747065782546997,0.6044850945472717,0.4581930339336395,-0.02042185328900814,0.6387532949447632,0.47417277097702026,-0.2968420684337616,0.5860474109649658,0.4698268473148346,-0.04269008710980415,0.6371728181838989,0.4655113220214844,-0.29243719577789307,0.5861996412277222,0.4646572172641754,-0.06417545676231384,0.6417495608329773,0.4610263407230377,-0.2649754583835602,0.5946996808052063,0.46165695786476135,-0.035250309854745865,0.7500823140144348,0.5687603950500488,-0.09345259517431259,0.7079378962516785,0.5502744317054749,0.09336689114570618,0.6361287236213684,0.5444678664207458,-0.2829081416130066,0.6059883832931519,0.5117506980895996,-0.04456432908773422,0.5547164678573608,0.7351393103599548,-0.3501453697681427,0.5276466012001038,0.7008700370788574,-0.09938763082027435,0.5494450926780701,0.7879114747047424,-0.35352346301078796,0.5174003839492798,0.7418267726898193,-0.10661263763904572,0.49560752511024475,0.7150042057037354,-0.4261607527732849,0.47177833318710327,0.6751934289932251,-0.16300863027572632,0,1
0.6875933408737183,0.22294758260250092,-0.06321408599615097,0.6972411870956421,0.20710080862045288,-0.05822058767080307,0.7009231448173523,0.20697280764579773,-0.058200716972351074,0.7049248814582825,0.20671993494033813,-0.058129262179136276,0.6908482313156128,0.20724345743656158,-0.037986576557159424,0.6897581815719604,0.20717786252498627,-0.038089800626039505,0.6886758804321289,0.20695550739765167,-0.038166970014572144,0.7211427092552185,0.21908073127269745,-0.023109372705221176,0.6979545950889587,0.21667079627513885,0.06976358592510223,0.6943690180778503,0.2415929138660431,-0.050215888768434525,0.6864851713180542,0.24111683666706085,-0.023937122896313667,0.7474505305290222,0.3189575970172882,-0.09629078954458237,0.6734321713447571,0.32417452335357666,0.16034403443336487,0.6994054317474365,0.44087669253349304,-0.1955319344997406,0.6239606738090515,0.4326019585132599,0.1560342013835907,0.619011402130127,0.46103358268737793,-0.2609143853187561,0.5724830627441406,0.4627368152141571,-0.0014209293294698,0.6004688143730164,0.4785735607147217,-0.29254844784736633,0.5542553663253784,0.4770742952823639,-0.024795901030302048,0.5975141525268555,0.47144538164138794,-0.2900654673576355,0.5545498132705688,0.47544118762016296,-0.04523461312055588,0.6010459661483765,0.4638238549232483,-0.2596505880355835,0.5623422861099243,0.47147828340530396,-0.016148891299962997,0.7350770235061646,0.5753938555717468,-0.09996020048856735,0.694516658782959,0.5557423830032349,0.0997689962387085,0.622579038143158,0.5192739963531494,-0.30414530634880066,0.5904401540756226,0.4932496249675751,-0.029216915369033813,0.5509480834007263,0.7326177954673767,-0.38686829805374146,0.5271289348602295,0.6989009976387024,-0.10796061903238297,0.550635814666748,0.7841370701789856,-0.39412546157836914,0.517855703830719,0.7461068630218506,-0.11731544882059097,0.48860985040664673,0.7173647284507751,-0.47703036665916443,0.4693634510040283,0.6765151023864746,-0.17104686796665192,0,1
0.6628209948539734,0.21983012557029724,-0.13619188964366913,0.6715053915977478,0.20483650267124176,-0.13248485326766968,0.675482988357544,0.20471002161502838,-0.13247962296009064,0.6800709962844849,0.20439092814922333,-0.13242076337337494,0.6651666760444641,0.20481395721435547,-0.1092977374792099,0.6638065576553345,0.20485424995422363,-0.10938813537359238,0.662561297416687,0.2047600895166397,-0.10944879055023193,0.6956992745399475,0.21679601073265076,-0.08998792618513107,0.6721656322479248,0.21415942907333374,0.014896655455231667,0.6690738797187805,0.24095429480075836,-0.12138311564922333,0.6617178916931152,0.24091091752052307,-0.09101559221744537,0.7192689180374146,0.31691017746925354,-0.16548845171928406,0.6505156755447388,0.32686713337898254,0.12763524055480957,0.6585147976875305,0.43053051829338074,-0.26008737087249756,0.5916268825531006,0.42771852016448975,0.10082542896270752,0.5801340341567993,0.46212735772132874,-0.2967384457588196,0.5341144800186157,0.4652750790119171,-0.07957735657691956,0.5602566599845886,0.48292914032936096,-0.3364109396934509,0.5180768966674805,0.47820785641670227,-0.10573852062225342,0.5561048984527588,0.4762863516807556,-0.3339974880218506,0.5180919766426086,0.47721028327941895,-0.1346609741449356,0.5610231161117554,0.47057339549064636,-0.29629114270210266,0.5250460505485535,0.47383540868759155,-0.09844858944416046,0.7154746055603027,0.5817290544509888,-0.10861238092184067,0.6753828525543213,0.5632410049438477,0.10837702453136444,0.606302797794342,0.508506178855896,-0.34994059801101685,0.5726072788238525,0.48727938532829285,-0.0066636973060667515,0.5461580157279968,0.728641152381897,-0.4263489246368408,0.5211483240127563,0.6994650959968567,-0.07648526132106781,0.5490021109580994,0.7816954851150513,-0.4345357418060303,0.5152330994606018,0.746458113193512,-0.08667956292629242,0.4857068955898285,0.7238645553588867,-0.5298012495040894,0.465079128742218,0.684954047203064,-0.1497015655040741,0,1
0.635656476020813,0.21454329788684845,-0.10592528432607651,0.644296407699585,0.19958913326263428,-0.1056627631187439,0.6477429866790771,0.19949625432491302,-0.10565157979726791,0.6519017219543457,0.1995057463645935,-0.10557899624109268,0.6385289430618286,0.19930627942085266,-0.08143597841262817,0.6376726627349854,0.1993122547864914,-0.08152267336845398,0.6368108987808228,0.1992253214120865,-0.08159530162811279,0.6681952476501465,0.21355248987674713,-0.07590744644403458,0.6472887992858887,0.20906326174736023,0.03187235817313194,0.6424413919448853,0.23801963031291962,-0.09554517269134521,0.6354851126670837,0.2378409057855606,-0.06426869332790375,0.6917944550514221,0.3168443739414215,-0.15563349425792694,0.6263964176177979,0.32790902256965637,0.13383309543132782,0.6319596767425537,0.425687700510025,-0.2612245976924896,0.5617662072181702,0.42340898513793945,0.09532763808965683,0.5486099720001221,0.46652039885520935,-0.30407077074050903,0.4979739785194397,0.4721237123012543,-0.10937537252902985,0.5276509523391724,0.4862481951713562,-0.3444613218307495,0.48138174414634705,0.4826076626777649,-0.13994917273521423,0.5227484107017517,0.47907325625419617,-0.34145796298980713,0.4845420718193054,0.48023363947868347,-0.16872945427894592,0.5304312109947205,0.47359585762023926,-0.30411437153816223,0.4898948073387146,0.4776301085948944,-0.12955103814601898,0.6944793462753296,0.5866105556488037,-0.10894912481307983,0.6536808609962463,0.573729932308197,0.10871205478906631,0.5846441984176636,0.4957352578639984,-0.36150336265563965,0.5492869019508362,0.4778814911842346,0.002795178908854723,0.5407699346542358,0.7285894751548767,-0.4391222894191742,0.5138992071151733,0.7066783308982849,-0.07134240120649338,0.5464947819709778,0.7840128540992737,-0.44635528326034546,0.5207404494285583,0.7514763474464417,-0.08152750134468079,0.4808282256126404,0.7379119992256165,-0.5383833646774292,0.46346935629844666,0.7242294549942017,-0.14365015923976898,0,1
0.6075513362884521,0.2144443690776825,-0.11579088866710663,0.6162277460098267,0.19927647709846497,-0.12207857519388199,0.6196646094322205,0.19898317754268646,-0.12209651619195938,0.6234174966812134,0.19875340163707733,-0.12203731387853622,0.6109334230422974,0.19921928644180298,-0.09222567081451416,0.6103183031082153,0.19910888373851776,-0.09228197485208511,0.6098063588142395,0.19889485836029053,-0.09234966337680817,0.6409740447998047,0.21115082502365112,-0.11389370262622833,0.6221989989280701,0.207743301987648,0.019841749221086502,0.6150807738304138,0.23764894902706146,-0.11328490823507309,0.6087914705276489,0.2376069575548172,-0.07446518540382385,0.6672690510749817,0.3167906105518341,-0.20146700739860535,0.6037951111793518,0.3286891579627991,0.12534865736961365,0.6039519309997559,0.42699262499809265,-0.3065997362136841,0.539536714553833,0.4233546853065491,0.09929410368204117,0.5070030093193054,0.4684808552265167,-0.33644339442253113,0.47079649567604065,0.4738829433917999,-0.035722456872463226,0.48278409242630005,0.48573511838912964,-0.3793796896934509,0.45438694953918457,0.48575228452682495,-0.05716390162706375,0.4780694842338562,0.4783940613269806,-0.37222224473953247,0.45391812920570374,0.4821866750717163,-0.0921342745423317,0.4860493540763855,0.4735508859157562,-0.3343331217765808,0.4602731764316559,0.48016098141670227,-0.057830553501844406,0.6722618341445923,0.5911301374435425,-0.10846412181854248,0.6311092972755432,0.5859663486480713,0.10822097957134247,0.568207859992981,0.48091644048690796,-0.3645535707473755,0.5277673602104187,0.4675196707248688,0.011075673624873161,0.5409858226776123,0.7239875197410583,-0.37159019708633423,0.5143542885780334,0.6981261372566223,-0.02741267718374729,0.5457621216773987,0.7822306156158447,-0.3698505461215973,0.5261253118515015,0.7402783632278442,-0.03417735546827316,0.47451871633529663,0.7376798987388611,-0.45025238394737244,0.46222585439682007,0.722000777721405,-0.09389815479516983,0,1
0.5829914808273315,0.21359053254127502,-0.1382521688938141,0.591668426990509,0.19802595674991608,-0.14913448691368103,0.5950953364372253,0.19753436744213104,-0.14918765425682068,0.598785936832428,0.19722488522529602,-0.1491670310497284,0.5863667726516724,0.19830377399921417,-0.11587071418762207,0.5857856869697571,0.1981634497642517,-0.1158948764204979,0.5853261947631836,0.19798679649829865,-0.11596580594778061,0.6166067123413086,0.20850659906864166,-0.15110762417316437,0.5982326865196228,0.2063913345336914,-0.0013507144758477807,0.5901139974594116,0.23601357638835907,-0.1382512003183365,0.5841670632362366,0.23604066669940948,-0.09503781050443649,0.6426302194595337,0.31625714898109436,-0.2515697777271271,0.5830501317977905,0.32881656289100647,0.12225936353206635,0.5671864748001099,0.42267900705337524,-0.3546660840511322,0.5201212763786316,0.4235265851020813,0.14565303921699524,0.47156286239624023,0.4706311523914337,-0.3704511225223541,0.44823169708251953,0.47513583302497864,0.018096836283802986,0.44707751274108887,0.4911809265613556,-0.41613316535949707,0.4288612902164459,0.49260619282722473,0.0021916921250522137,0.443676233291626,0.4813482463359833,-0.4066172242164612,0.4282045364379883,0.48652034997940063,-0.036737289279699326,0.4512290358543396,0.47536036372184753,-0.36734408140182495,0.43527260422706604,0.48303425312042236,-0.004689992871135473,0.6509578227996826,0.597946047782898,-0.11952918767929077,0.610535740852356,0.594514787197113,0.11927704513072968,0.5360817909240723,0.4681705832481384,-0.24678261578083038,0.5105106234550476,0.45921626687049866,0.08378103375434875,0.5354565978050232,0.6973305940628052,-0.12846234440803528,0.5198696851730347,0.6798430681228638,0.028831619769334793,0.538512110710144,0.7547480463981628,-0.11486945301294327,0.5331507325172424,0.7241958379745483,0.021211255341768265,0.47177138924598694,0.7312310934066772,-0.1528606414794922,0.47376933693885803,0.7163892388343811,-0.027453836053609848,0,1
0.5609701871871948,0.21115989983081818,-0.12935498356819153,0.5693904161453247,0.19455061852931976,-0.1397123634815216,0.5728684663772583,0.19425827264785767,-0.13976629078388214,0.5770731568336487,0.1940758228302002,-0.13973216712474823,0.5640384554862976,0.19494351744651794,-0.10410437732934952,0.5635332465171814,0.1947179138660431,-0.10412371158599854,0.5630795359611511,0.19460658729076385,-0.10417290031909943,0.5960227251052856,0.2061077058315277,-0.14081233739852905,0.576674222946167,0.2037520557641983,0.018895955756306648,0.5681783556938171,0.23342663049697876,-0.1295996457338333,0.5618029832839966,0.23289790749549866,-0.08319247514009476,0.6210677027702332,0.31510651111602783,-0.2356858253479004,0.561972975730896,0.332475483417511,0.1605183333158493,0.5396500825881958,0.4161825478076935,-0.33864468336105347,0.4975837767124176,0.4276588559150696,0.19083838164806366,0.4432609975337982,0.4737960398197174,-0.36328575015068054,0.4249451756477356,0.4874422252178192,0.07543493062257767,0.4154922366142273,0.4979904592037201,-0.40644851326942444,0.4060669541358948,0.5069187879562378,0.06389510631561279,0.4137369692325592,0.48806533217430115,-0.39417365193367004,0.4051799774169922,0.4987029731273651,0.023621410131454468,0.42113742232322693,0.4830382168292999,-0.3590628504753113,0.4123307168483734,0.4954480826854706,0.05290033295750618,0.6350222229957581,0.6010676622390747,-0.119399294257164,0.5927571058273315,0.6055921912193298,0.11914686858654022,0.5374870300292969,0.4696454405784607,-0.31214970350265503,0.4884289801120758,0.467704176902771,0.041444964706897736,0.5225352048873901,0.7011083960533142,-0.20402944087982178,0.5088046193122864,0.6835070252418518,-0.037038885056972504,0.5332077741622925,0.7443807125091553,-0.18906532227993011,0.5233029723167419,0.727394700050354,-0.04662813991308212,0.4703221321105957,0.7236541509628296,-0.22790709137916565,0.46076589822769165,0.7250754237174988,-0.10441223531961441,0,1
0.5431450605392456,0.20824170112609863,-0.2243063896894455,0.5532265901565552,0.19131805002689362,-0.22918984293937683,0.5573821663856506,0.19120432436466217,-0.2292291820049286,0.5618911981582642,0.19129949808120728,-0.2292071282863617,0.5470399856567383,0.19162152707576752,-0.1975172460079193,0.5464001893997192,0.19149793684482574,-0.19750693440437317,0.545923113822937,0.19142945110797882,-0.19753076136112213,0.5784270763397217,0.20508717000484467,-0.19945719838142395,0.5595181584358215,0.20165538787841797,-0.057865142822265625,0.5500112771987915,0.23169519007205963,-0.2128848284482956,0.543910562992096,0.2298365980386734,-0.17188146710395813,0.6003764271736145,0.3186209201812744,-0.28460368514060974,0.5460126996040344,0.3352859914302826,0.0977860614657402,0.5071636438369751,0.42329931259155273,-0.39077550172805786,0.481760174036026,0.4336838126182556,0.10633520781993866,0.4130975604057312,0.48174425959587097,-0.4209389090538025,0.40693408250808716,0.4942397177219391,-0.03629475086927414,0.3911615014076233,0.5064786076545715,-0.4709104597568512,0.3904145359992981,0.5108886957168579,-0.054605741053819656,0.3892034888267517,0.49700358510017395,-0.4565218985080719,0.38903895020484924,0.5059087872505188,-0.09842203557491302,0.396202951669693,0.4921237826347351,-0.4164603352546692,0.39426255226135254,0.5043688416481018,-0.06056220084428787,0.6187664866447449,0.6046752333641052,-0.12561824917793274,0.5814533233642578,0.6074209809303284,0.12526759505271912,0.506942868232727,0.47952792048454285,-0.23353269696235657,0.45170336961746216,0.49729329347610474,0.12278036028146744,0.5160923600196838,0.6966927647590637,-0.05618496611714363,0.5349112749099731,0.6772133111953735,0.12139652669429779,0.5297941565513611,0.7351369857788086,-0.03326506167650223,0.5501061677932739,0.7029427289962769,0.12293541431427002,0.46887651085853577,0.7576856017112732,-0.02140653319656849,0.5314162969589233,0.7476481199264526,0.11734557151794434,0,1
0.5292955636978149,0.20824533700942993,-0.11352162063121796,0.5395656824111938,0.19095095992088318,-0.1353130042552948,0.5427286624908447,0.19070300459861755,-0.13536123931407928,0.5463725924491882,0.1905832439661026,-0.13533572852611542,0.5352213978767395,0.19111770391464233,-0.0942859798669815,0.5352755784988403,0.19088073074817657,-0.0942499190568924,0.5354727506637573,0.19059164822101593,-0.09427787363529205,0.5627948045730591,0.20424793660640717,-0.196806862950325,0.5518804788589478,0.2009953409433365,0.005309768952429295,0.5354257822036743,0.23138613998889923,-0.12826845049858093,0.5311542749404907,0.22937840223312378,-0.07510262727737427,0.5825169086456299,0.3204367458820343,-0.2796526551246643,0.5416273474693298,0.3372194170951843,0.13832485675811768,0.4845958650112152,0.43270963430404663,-0.3848993182182312,0.4708224833011627,0.434052437543869,0.16508907079696655,0.39683976769447327,0.4878666400909424,-0.41638025641441345,0.39631664752960205,0.49345436692237854,0.07597462832927704,0.3749525547027588,0.511959969997406,-0.4748949408531189,0.374772310256958,0.5111408829689026,0.07264886796474457,0.3716340661048889,0.5046868324279785,-0.437884658575058,0.3737156093120575,0.5089912414550781,0.027368932962417603,0.3794163763523102,0.5001742243766785,-0.40398216247558594,0.3819170892238617,0.5053184032440186,0.0519394688308239,0.6108759641647339,0.6085023880004883,-0.13089357316493988,0.5800752639770508,0.6090341806411743,0.13061068952083588,0.49081212282180786,0.469570130109787,-0.2415982037782669,0.4460352957248688,0.5067263841629028,0.15290263295173645,0.5060880780220032,0.6920910477638245,-0.06995032727718353,0.5264171957969666,0.6780516505241394,0.13784156739711761,0.5224171876907349,0.7258322834968567,-0.04741080850362778,0.5486729145050049,0.7184833884239197,0.13714852929115295,0.46684280037879944,0.7671926617622375,-0.03512250632047653,0.5209445357322693,0.7582963109016418,0.1272076815366745,0,1
0.5235728621482849,0.20765277743339539,-0.16454866528511047,0.5343495011329651,0.18998084962368011,-0.18585620820522308,0.5376347899436951,0.19012480974197388,-0.18594074249267578,0.541223406791687,0.19027146697044373,-0.1859724223613739,0.5295265913009644,0.18904328346252441,-0.1453770101070404,0.5292120575904846,0.1887609213590622,-0.1453324258327484,0.5291326642036438,0.1884148120880127,-0.1453411877155304,0.5563870072364807,0.20437239110469818,-0.21474070847034454,0.5450900793075562,0.2004561722278595,-0.04117768630385399,0.5288578271865845,0.2301587015390396,-0.17554320394992828,0.5241075754165649,0.22800977528095245,-0.1226813793182373,0.5720164179801941,0.3218454420566559,-0.31354159116744995,0.5421698689460754,0.3360959589481354,0.10291045904159546,0.47267213463783264,0.4344557523727417,-0.4087190628051758,0.47087782621383667,0.43085652589797974,0.12946948409080505,0.38736721873283386,0.4890475869178772,-0.4179195761680603,0.39207831025123596,0.49058762192726135,0.05574886128306389,0.36584001779556274,0.513491690158844,-0.47173261642456055,0.3713558614253998,0.5095216631889343,0.04420483112335205,0.3612353801727295,0.5087586045265198,-0.44957464933395386,0.3689909279346466,0.5086905360221863,0.004550089128315449,0.36894696950912476,0.5043133497238159,-0.4112929403781891,0.37559017539024353,0.5062199234962463,0.03488624840974808,0.6131623983383179,0.6081589460372925,-0.1331828236579895,0.5841694474220276,0.6075223088264465,0.13298752903938293,0.48594561219215393,0.4707401692867279,-0.1905311793088913,0.4588513970375061,0.47805723547935486,0.18642210960388184,0.5310060381889343,0.6916372776031494,0.012554584071040154,0.5335016846656799,0.6691882014274597,0.2682768404483795,0.5463387966156006,0.7209301590919495,0.03704838827252388,0.5586268901824951,0.6949771642684937,0.27722543478012085,0.490271657705307,0.7750861048698425,0.06898725777864456,0.525749146938324,0.7427214980125427,0.2935786843299866,0,1
0.5262513756752014,0.2076767534017563,-0.18465375900268555,0.5368548631668091,0.19043083488941193,-0.19825385510921478,0.5401703119277954,0.19087524712085724,-0.19834062457084656,0.5437745451927185,0.19133266806602478,-0.19837482273578644,0.5319241881370544,0.18900179862976074,-0.1624452769756317,0.5316556692123413,0.18864786624908447,-0.16242384910583496,0.5315924882888794,0.18823789060115814,-0.16243615746498108,0.5592160820960999,0.20723338425159454,-0.20294468104839325,0.5477731227874756,0.2014693319797516,-0.04216165840625763,0.5314656496047974,0.23041267693042755,-0.18534578382968903,0.526492714881897,0.22822631895542145,-0.13852307200431824,0.5706169009208679,0.3247698247432709,-0.29846084117889404,0.5437299013137817,0.3373223543167114,0.10880573093891144,0.4725550711154938,0.4351802468299866,-0.39240172505378723,0.47324448823928833,0.4317365884780884,0.11825752258300781,0.3878801763057709,0.48875123262405396,-0.39646196365356445,0.39592328667640686,0.4914717376232147,0.02405175380408764,0.3663405776023865,0.513882577419281,-0.4465067386627197,0.3742240071296692,0.5098723769187927,0.019237609580159187,0.3626932203769684,0.5119065642356873,-0.42625823616981506,0.37187662720680237,0.5111384987831116,-0.025912482291460037,0.3704474866390228,0.5071664452552795,-0.39008617401123047,0.37976276874542236,0.5092849135398865,0.00034801033325493336,0.6149635314941406,0.6086254715919495,-0.13315953314304352,0.5900198221206665,0.608339250087738,0.1329287588596344,0.490800142288208,0.4677425026893616,-0.1646750271320343,0.47337475419044495,0.46755677461624146,0.1892484873533249,0.5245348811149597,0.6902093291282654,0.03578139841556549,0.5381239652633667,0.6676828861236572,0.25255393981933594,0.5425071716308594,0.7243471741676331,0.05979524180293083,0.5566506385803223,0.6942578554153442,0.2595638036727905,0.4813443124294281,0.7535004615783691,0.08874550461769104,0.5285851955413818,0.7327932715415955,0.27169573307037354,0,1
0.5353794097900391,0.2081308215856552,-0.18413686752319336,0.5462144613265991,0.1912960261106491,-0.19751909375190735,0.5493505001068115,0.19175267219543457,-0.1975909024477005,0.5527068376541138,0.19215448200702667,-0.19761046767234802,0.5412036180496216,0.18964742124080658,-0.16190628707408905,0.5408102869987488,0.18929928541183472,-0.16190513968467712,0.5407130122184753,0.18887194991111755,-0.16192464530467987,0.5676964521408081,0.20797592401504517,-0.20399340987205505,0.5556492805480957,0.20228572189807892,-0.04391050338745117,0.5403790473937988,0.23096251487731934,-0.1851029396057129,0.5350244641304016,0.22902193665504456,-0.13870632648468018,0.5834146738052368,0.32468628883361816,-0.30324825644493103,0.5457872748374939,0.3386582136154175,0.10759655386209488,0.48955702781677246,0.43505558371543884,-0.39638736844062805,0.47879156470298767,0.42978546023368835,0.12236901372671127,0.40164369344711304,0.48681673407554626,-0.4057462215423584,0.4043057858943939,0.4898200035095215,0.01771015301346779,0.3798307478427887,0.511650025844574,-0.45675477385520935,0.38261476159095764,0.5095806121826172,0.010746249929070473,0.37737375497817993,0.50925213098526,-0.43747058510780334,0.3808327913284302,0.5108845829963684,-0.033413901925086975,0.3850198984146118,0.5038979649543762,-0.39983734488487244,0.38969242572784424,0.5072559118270874,-0.00610397569835186,0.6270540952682495,0.606961727142334,-0.13265475630760193,0.5973588824272156,0.6079810857772827,0.13239380717277527,0.5089964866638184,0.46380847692489624,-0.19201581180095673,0.4798188805580139,0.46857815980911255,0.18766437470912933,0.5197665095329285,0.6979756355285645,-0.025128480046987534,0.5274931788444519,0.6713220477104187,0.18864640593528748,0.5340279340744019,0.7417306900024414,-0.009172437712550163,0.5452425479888916,0.7045409679412842,0.1828877329826355,0.4680190980434418,0.7151342034339905,-0.02493167109787464,0.49946656823158264,0.7198023200035095,0.16040438413619995,0,1
0.5651358962059021,0.20613840222358704,-0.19063428044319153,0.5764753222465515,0.1895744949579239,-0.19922064244747162,0.5797373056411743,0.18962690234184265,-0.19928491115570068,0.5833037495613098,0.19011232256889343,-0.1993042528629303,0.5710332989692688,0.18904052674770355,-0.16580535471439362,0.5704056024551392,0.18878696858882904,-0.16582801938056946,0.5700222253799438,0.18839570879936218,-0.16583488881587982,0.5986039638519287,0.20631268620491028,-0.19399221241474152,0.5834684371948242,0.20047730207443237,-0.04152018576860428,0.5711873173713684,0.22850918769836426,-0.18745802342891693,0.5645195245742798,0.226853609085083,-0.14361009001731873,0.61782306432724,0.32095882296562195,-0.28298431634902954,0.567376971244812,0.33547359704971313,0.10959701240062714,0.5360535383224487,0.42842260003089905,-0.3758423626422882,0.5036627650260925,0.4231000542640686,0.1507832258939743,0.44421321153640747,0.47150421142578125,-0.3993050456047058,0.42524319887161255,0.47415846586227417,0.05507494881749153,0.4168474078178406,0.49721938371658325,-0.44837650656700134,0.41043058037757874,0.48840153217315674,0.05002062767744064,0.4144051969051361,0.49142926931381226,-0.4317818582057953,0.4094544053077698,0.48791947960853577,0.008847316727042198,0.42160487174987793,0.48577064275741577,-0.39424827694892883,0.41388240456581116,0.4869459271430969,0.03308665007352829,0.6441612243652344,0.6015839576721191,-0.12698353826999664,0.6103872060775757,0.6025654077529907,0.12673810124397278,0.5321459770202637,0.4659331440925598,-0.2818930745124817,0.5024113059043884,0.48280295729637146,0.12827488780021667,0.5303593873977661,0.6987830996513367,-0.1884615421295166,0.512774646282196,0.6809002757072449,0.10005614906549454,0.5453006029129028,0.754267692565918,-0.1781255155801773,0.521108865737915,0.7188757061958313,0.09514951705932617,0.4739570617675781,0.7204824090003967,-0.21970300376415253,0.458857923746109,0.7085562944412231,0.060701362788677216,0,1
0.6022293567657471,0.20563161373138428,-0.22285422682762146,0.6129579544067383,0.18927855789661407,-0.2229737490415573,0.6163831949234009,0.18938462436199188,-0.22300951182842255,0.6203988790512085,0.18989744782447815,-0.2229970246553421,0.6062322854995728,0.1891465038061142,-0.19520363211631775,0.6050058603286743,0.18901115655899048,-0.1952507644891739,0.6040140390396118,0.18877747654914856,-0.19527295231819153,0.6361545920372009,0.2056524008512497,-0.1810644119977951,0.6151694059371948,0.19915089011192322,-0.058707885444164276,0.6098408102989197,0.22967194020748138,-0.20878450572490692,0.6013262867927551,0.22777913510799408,-0.1717851161956787,0.6597785949707031,0.31917622685432434,-0.25439658761024475,0.594612181186676,0.32981783151626587,0.08698058873414993,0.5870595574378967,0.4135206937789917,-0.3756338655948639,0.5308510661125183,0.4093662202358246,0.12221244722604752,0.4929800033569336,0.45641326904296875,-0.45802339911460876,0.4687311053276062,0.4626955986022949,-0.0065500736236572266,0.47346124053001404,0.4735719859600067,-0.5103229284286499,0.4475136697292328,0.4777756631374359,-0.02325120009481907,0.46757930517196655,0.46569475531578064,-0.4978941082954407,0.4470389485359192,0.47603344917297363,-0.06428499519824982,0.47476714849472046,0.4616349935531616,-0.45585399866104126,0.4533814489841461,0.4735463857650757,-0.029311293736100197,0.6680393815040588,0.5967046618461609,-0.1187673956155777,0.6270796060562134,0.594257116317749,0.1185125857591629,0.5569387078285217,0.4690338671207428,-0.30400189757347107,0.5202908515930176,0.4812275469303131,0.05997210741043091,0.5360074043273926,0.70462965965271,-0.2798423171043396,0.5072757005691528,0.6946280598640442,0.02694184146821499,0.5446592569351196,0.7674184441566467,-0.27691784501075745,0.5170480012893677,0.7345171570777893,0.02083936147391796,0.48131322860717773,0.72654128074646,-0.3367863893508911,0.45600396394729614,0.7098630666732788,-0.025790119543671608,0,1
0.6401281952857971,0.21026569604873657,-0.1735742688179016,0.6504202485084534,0.1927829086780548,-0.17039160430431366,0.6544874906539917,0.1925961971282959,-0.17038728296756744,0.6586343050003052,0.19273968040943146,-0.17031940817832947,0.6429503560066223,0.19333386421203613,-0.1471148431301117,0.6416998505592346,0.19338004291057587,-0.14718428254127502,0.6406954526901245,0.19332440197467804,-0.14724762737751007,0.6733070611953735,0.2064967006444931,-0.12739905714988708,0.6516972184181213,0.2012210637331009,-0.01776970736682415,0.6480815410614014,0.2340240478515625,-0.15699109435081482,0.6395772695541382,0.23300130665302277,-0.12591886520385742,0.6972172260284424,0.31838786602020264,-0.20115184783935547,0.6324816942214966,0.328991562128067,0.10044678300619125,0.6189582347869873,0.4056118428707123,-0.31497037410736084,0.565166711807251,0.4040800631046295,0.13377484679222107,0.5267373323440552,0.44318538904190063,-0.3700924813747406,0.4978121221065521,0.45265576243400574,0.02286238595843315,0.5090745687484741,0.45731404423713684,-0.4122593402862549,0.4809167981147766,0.45892736315727234,0.007784395013004541,0.5061647891998291,0.4538118243217468,-0.40207481384277344,0.48124536871910095,0.459640771150589,-0.029456209391355515,0.5125164985656738,0.4515663981437683,-0.36788642406463623,0.4877174496650696,0.45922932028770447,0.0018310060258954763,0.6983029246330261,0.5918802618980408,-0.11034111678600311,0.657380223274231,0.5842017531394958,0.11008568853139877,0.5892131328582764,0.4886954128742218,-0.32691216468811035,0.5533506274223328,0.47572576999664307,0.03507310897111893,0.5411828756332397,0.7189909219741821,-0.3699759244918823,0.5155970454216003,0.6977588534355164,-0.02068161591887474,0.5453382730484009,0.7820414304733276,-0.37403225898742676,0.5221630930900574,0.7329028844833374,-0.028776902705430984,0.48327064514160156,0.7248039245605469,-0.45684584975242615,0.46318063139915466,0.7025651335716248,-0.08604829013347626,0,1
0.6727664470672607,0.21925345063209534,-0.1255808174610138,0.6824244260787964,0.20188231766223907,-0.12428244203329086,0.6867008209228516,0.20153963565826416,-0.1242767795920372,0.6909117102622986,0.20106039941310883,-0.12421057373285294,0.6749565005302429,0.2025478631258011,-0.10156671702861786,0.673759937286377,0.2025454193353653,-0.10163514316082001,0.6727378368377686,0.2024320662021637,-0.10168781131505966,0.7048243284225464,0.21051131188869476,-0.08955502510070801,0.6847139596939087,0.20986400544643402,0.014581821858882904,0.6807096004486084,0.24006305634975433,-0.11281450092792511,0.6726882457733154,0.24031230807304382,-0.0825260728597641,0.7327151894569397,0.3159710466861725,-0.16653841733932495,0.6658579111099243,0.3266817629337311,0.13020014762878418,0.6586713194847107,0.4001730680465698,-0.28487852215766907,0.6044718623161316,0.39706191420555115,0.15302743017673492,0.5722159147262573,0.4231848418712616,-0.34579193592071533,0.5416677594184875,0.4329603314399719,0.009915400296449661,0.5509853959083557,0.4371888339519501,-0.38322606682777405,0.5193932056427002,0.44582605361938477,-0.00622809212654829,0.5465980768203735,0.4336218237876892,-0.371751606464386,0.5200026035308838,0.4442843496799469,-0.0351349338889122,0.5549019575119019,0.4308038353919983,-0.3420409560203552,0.5254032611846924,0.4410853385925293,-0.00747221615165472,0.7265466451644897,0.5839184522628784,-0.10470521450042725,0.6859444379806519,0.5657572150230408,0.10450457036495209,0.6070060729980469,0.5161035060882568,-0.31192320585250854,0.5756641030311584,0.48242807388305664,0.004208596423268318,0.542993426322937,0.7277134656906128,-0.3789740204811096,0.5153617262840271,0.6999219655990601,-0.06800214946269989,0.5454403758049011,0.7822572588920593,-0.3854370713233948,0.5138658285140991,0.7488558292388916,-0.07695107161998749,0.4849410057067871,0.7216044664382935,-0.46636682748794556,0.45955711603164673,0.69603031873703,-0.1317952573299408,0,1
0.7044020891189575,0.22788842022418976,-0.09366686642169952,0.7137957215309143,0.20947933197021484,-0.08952444046735764,0.7184961438179016,0.20859090983867645,-0.08950065076351166,0.7237152457237244,0.20765544474124908,-0.0894375666975975,0.7059742212295532,0.2102782130241394,-0.06776610761880875,0.7044495344161987,0.2102654129266739,-0.06783831119537354,0.7031826376914978,0.21000158786773682,-0.0678921639919281,0.7370084524154663,0.21585623919963837,-0.04516371712088585,0.7117037177085876,0.21783970296382904,0.05407290533185005,0.71417236328125,0.24726344645023346,-0.0773598700761795,0.7042986750602722,0.2477465271949768,-0.048400066792964935,0.7671338319778442,0.3158460855484009,-0.12175227701663971,0.6966307759284973,0.3251555860042572,0.16449543833732605,0.6963120102882385,0.39903321862220764,-0.2532157897949219,0.6388982534408569,0.3952257037162781,0.15582874417304993,0.6165415048599243,0.4191006124019623,-0.3341943621635437,0.5790726542472839,0.4262833595275879,-0.0439438633620739,0.5939284563064575,0.4323468506336212,-0.37149256467819214,0.5541447997093201,0.44041916728019714,-0.06505830585956573,0.5907415151596069,0.42711299657821655,-0.36010706424713135,0.5581036806106567,0.4376251995563507,-0.08996909856796265,0.5980204343795776,0.4241235554218292,-0.3303472399711609,0.5674728751182556,0.4341065585613251,-0.0603690966963768,0.7490562200546265,0.5787773728370667,-0.10467340797185898,0.7100746631622314,0.5604202747344971,0.10446667671203613,0.6246263980865479,0.5327253341674805,-0.2813083827495575,0.5975159406661987,0.50261390209198,-0.004429392982274294,0.5451451539993286,0.7368575930595398,-0.3545050024986267,0.5187806487083435,0.7002091407775879,-0.08066847175359726,0.54607754945755,0.7888337969779968,-0.36092910170555115,0.5126234889030457,0.7451618909835815,-0.08947768062353134,0.4905485212802887,0.7236922979354858,-0.43544283509254456,0.4612358510494232,0.684016227722168,-0.14207389950752258,0,1
0.7281658053398132,0.24003851413726807,-0.01653917320072651,0.7349179983139038,0.22280019521713257,-0.01906086876988411,0.7385978102684021,0.2211758941411972,-0.01908804103732109,0.7430964708328247,0.21967123448848724,-0.019061937928199768,0.7282140254974365,0.2253178507089615,0.0018864579033106565,0.7270563840866089,0.22536543011665344,0.0018036251422017813,0.7259126305580139,0.22554747760295868,0.0017099374672397971,0.7599491477012634,0.22435714304447174,-0.0057390183210372925,0.7355640530586243,0.22900646924972534,0.08778990805149078,0.7373300194740295,0.2568095922470093,-0.010640935972332954,0.7296833992004395,0.2586885690689087,0.016680246219038963,0.793563961982727,0.31626173853874207,-0.0851033478975296,0.724122166633606,0.3260437548160553,0.1728425920009613,0.7521186470985413,0.40683433413505554,-0.20548732578754425,0.6628547310829163,0.40086787939071655,0.18231095373630524,0.6703660488128662,0.4218711853027344,-0.28213196992874146,0.6054691076278687,0.4288787841796875,0.05587652325630188,0.6441559195518494,0.43527454137802124,-0.3105986714363098,0.5870320200920105,0.4403478503227234,0.03904487192630768,0.641409158706665,0.4290022850036621,-0.3046345114707947,0.5875872373580933,0.43684303760528564,0.016936400905251503,0.647329568862915,0.42659828066825867,-0.2789427936077118,0.596434473991394,0.4346265196800232,0.041154805570840836,0.7678338289260864,0.5743303298950195,-0.08949888497591019,0.7257184982299805,0.5565630197525024,0.08953355252742767,0.6433534622192383,0.5716307163238525,-0.2203899323940277,0.6178709864616394,0.5386303663253784,-0.058422524482011795,0.5462404489517212,0.7421994805335999,-0.3225422501564026,0.5193890929222107,0.6967241168022156,-0.1808917373418808,0.5427291989326477,0.7916894555091858,-0.33494383096694946,0.5093551874160767,0.7304661273956299,-0.1939304769039154,0.49184083938598633,0.7131131291389465,-0.421242892742157,0.46075764298439026,0.6629865765571594,-0.2558702826499939,0,1
0.7437254786491394,0.25619709491729736,-0.012275413610041142,0.7489176392555237,0.2373928278684616,-0.014551704749464989,0.7526808977127075,0.23566210269927979,-0.014581732451915741,0.7572170495986938,0.23316729068756104,-0.014580790884792805,0.742706835269928,0.24011917412281036,0.006438407115638256,0.7415155172348022,0.2407509684562683,0.006373337469995022,0.7404404878616333,0.2414124310016632,0.00628632539883256,0.7761090993881226,0.23231551051139832,0.002926196902990341,0.7517260313034058,0.24356675148010254,0.09866374731063843,0.7537444829940796,0.27297624945640564,-0.004818048793822527,0.746692419052124,0.2758040726184845,0.02310231700539589,0.8143708109855652,0.3182034194469452,-0.05896558240056038,0.7443938851356506,0.3329293727874756,0.18456865847110748,0.7879307270050049,0.4379580616950989,-0.1737799346446991,0.6918889284133911,0.42366141080856323,0.19552062451839447,0.7088580131530762,0.4230993986129761,-0.2689071595668793,0.6297524571418762,0.4325173795223236,0.09260928630828857,0.6905623078346252,0.4349614083766937,-0.29713666439056396,0.6169160604476929,0.4413771331310272,0.05409983918070793,0.6888510584831238,0.4287583529949188,-0.2935577630996704,0.6189991235733032,0.43773409724235535,0.051593124866485596,0.6941426992416382,0.4265497326850891,-0.2672055959701538,0.624749481678009,0.43577271699905396,0.0823623538017273,0.7782564163208008,0.572767436504364,-0.07658492028713226,0.7349202632904053,0.5545673370361328,0.07664012163877487,0.654525876045227,0.5954329967498779,-0.21711675822734833,0.6294862031936646,0.561616837978363,-0.058095723390579224,0.5537633895874023,0.7570277452468872,-0.34108301997184753,0.5252577066421509,0.6966554522514343,-0.19147208333015442,0.5452882647514343,0.8048800826072693,-0.35226497054100037,0.515056312084198,0.7311591506004333,-0.20609983801841736,0.4943001866340637,0.7173582911491394,-0.43843603134155273,0.46499282121658325,0.6614305973052979,-0.26230984926223755,0,1
0.7453888058662415,0.25375381112098694,0.02321613021194935,0.7514263987541199,0.23513637483119965,0.024098340421915054,0.7555059194564819,0.23323817551136017,0.024053853005170822,0.7599602937698364,0.23062048852443695,0.023981263861060143,0.7438031435012817,0.23863455653190613,0.04215945675969124,0.7419861555099487,0.2394820749759674,0.042148638516664505,0.7403385043144226,0.2402935028076172,0.042080387473106384,0.776663064956665,0.2311432659626007,0.048174019902944565,0.7515174746513367,0.24267235398292542,0.13369226455688477,0.7557170391082764,0.2699081003665924,0.032925985753536224,0.747620701789856,0.2729821503162384,0.05789913609623909,0.8187123537063599,0.3148587644100189,0.007941954769194126,0.745995819568634,0.33738067746162415,0.19228652119636536,0.82220458984375,0.4586530923843384,-0.05633024498820305,0.7249487042427063,0.4593791961669922,0.18201008439064026,0.7430373430252075,0.42934179306030273,-0.09566035121679306,0.6768105030059814,0.44039082527160645,0.03095826506614685,0.7238248586654663,0.4353122413158417,-0.11220313608646393,0.6605420112609863,0.44177064299583435,-0.0041702622547745705,0.7249690294265747,0.4247552752494812,-0.10476988554000854,0.6597850918769836,0.43760180473327637,-0.013113530352711678,0.7286535501480103,0.4248504340648651,-0.09036855399608612,0.6655711531639099,0.4366950988769531,0.0186933483928442,0.778337836265564,0.5711669921875,-0.06831467151641846,0.7360233068466187,0.5533091425895691,0.06846541166305542,0.664425253868103,0.6174493432044983,-0.19856752455234528,0.6384126543998718,0.5806697607040405,-0.06041402369737625,0.5604814291000366,0.7590070366859436,-0.33820587396621704,0.5303021669387817,0.6983077526092529,-0.19856925308704376,0.5499323606491089,0.8069139122962952,-0.3538011908531189,0.5223995447158813,0.7358747124671936,-0.21404413878917694,0.4912501275539398,0.7465704083442688,-0.43714064359664917,0.4662502706050873,0.663845419883728,-0.26623019576072693,0,1
0.7387921214103699,0.24519763886928558,-0.0020021467935293913,0.7454683780670166,0.2262289673089981,-0.0030812369659543037,0.7495372891426086,0.22423313558101654,-0.0031190351583063602,0.7540684342384338,0.22193597257137299,-0.0031669395975768566,0.7379442453384399,0.22901619970798492,0.018442919477820396,0.736404538154602,0.22980310022830963,0.01839865744113922,0.7351251244544983,0.23050640523433685,0.018318023532629013,0.770857572555542,0.2223624289035797,0.01932448521256447,0.7472620010375977,0.23476624488830566,0.11646649986505508,0.7490478754043579,0.2630316913127899,0.006016451865434647,0.7409464120864868,0.265562504529953,0.035295166075229645,0.8159254193305969,0.31282517313957214,-0.008626280352473259,0.7432267069816589,0.33534306287765503,0.19057998061180115,0.8425628542900085,0.4636344909667969,-0.06784751266241074,0.7300928831100464,0.46175578236579895,0.21155047416687012,0.7634347677230835,0.44674521684646606,-0.12057820707559586,0.692958414554596,0.4467555582523346,0.027335140854120255,0.7405272722244263,0.4531435966491699,-0.14037157595157623,0.6782227754592896,0.44713130593299866,-0.003132204758003354,0.7402926683425903,0.4366280436515808,-0.13170567154884338,0.6785273551940918,0.43862831592559814,-0.016794823110103607,0.7446454763412476,0.4342489540576935,-0.11419318616390228,0.6827887296676636,0.437961608171463,0.014996649697422981,0.7839027643203735,0.5671278834342957,-0.06952501833438873,0.7396001815795898,0.5497961640357971,0.06969660520553589,0.6703419089317322,0.6246020197868347,-0.20527398586273193,0.641664981842041,0.5926408767700195,-0.09384959191083908,0.563767671585083,0.7660797834396362,-0.33869668841362,0.5302975177764893,0.6989288926124573,-0.21406523883342743,0.5523297190666199,0.812099277973175,-0.35494184494018555,0.5220014452934265,0.7335447669029236,-0.22865290939807892,0.4992472231388092,0.7682104110717773,-0.4559025168418884,0.46652716398239136,0.6591463088989258,-0.300087034702301,0,1
0.7364577651023865,0.2373300939798355,0.0014819956850260496,0.7429953217506409,0.21937933564186096,0.006551248021423817,0.7469562292098999,0.21784557402133942,0.006527319550514221,0.7514520883560181,0.2160031646490097,0.006492632441222668,0.7356279492378235,0.22130468487739563,0.022687876597046852,0.7339683771133423,0.22180598974227905,0.022655220702290535,0.7325310707092285,0.2221631109714508,0.02258133515715599,0.7683345079421997,0.21803106367588043,0.03768651932477951,0.743021547794342,0.2286732792854309,0.11433897912502289,0.7470158934593201,0.25650814175605774,0.012286371551454067,0.7377419471740723,0.2578994035720825,0.034998469054698944,0.8117693662643433,0.314653217792511,-0.00370227312669158,0.7392391562461853,0.33631351590156555,0.18085035681724548,0.8244705200195312,0.4669877886772156,-0.05447262525558472,0.7246966361999512,0.4634263217449188,0.2047986090183258,0.7439739108085632,0.44969427585601807,-0.08909644186496735,0.6831825971603394,0.4574279487133026,0.09286080300807953,0.724105715751648,0.45854929089546204,-0.10399174690246582,0.6672104597091675,0.46114009618759155,0.06450505554676056,0.7211673259735107,0.44211938977241516,-0.09481584280729294,0.6657088994979858,0.45146793127059937,0.05992282181978226,0.7274941205978394,0.4398825764656067,-0.08213599026203156,0.6717263460159302,0.4509727954864502,0.09182985126972198,0.7833430171012878,0.5603898763656616,-0.06712031364440918,0.739599883556366,0.5473359227180481,0.0672881081700325,0.6741582751274109,0.6216272711753845,-0.22688189148902893,0.6446517109870911,0.6018958687782288,-0.10141198337078094,0.5626923441886902,0.765859067440033,-0.3585585057735443,0.5317155122756958,0.6981394290924072,-0.2463829070329666,0.5533725023269653,0.8123598694801331,-0.3721467852592468,0.527446985244751,0.7324792742729187,-0.2624433934688568,0.5009070038795471,0.7728391885757446,-0.4666956067085266,0.4680909216403961,0.6604277491569519,-0.32131850719451904,0,1
0.7206329107284546,0.23314732313156128,-0.08925554901361465,0.7300696969032288,0.215684175491333,-0.08301489800214767,0.7339683771133423,0.21469686925411224,-0.08307553827762604,0.7385129332542419,0.21357251703739166,-0.08311213552951813,0.7223645448684692,0.21695655584335327,-0.0668104961514473,0.7206665873527527,0.21723785996437073,-0.0668984055519104,0.719185471534729,0.21738936007022858,-0.06699132174253464,0.7541943788528442,0.21838730573654175,-0.040688738226890564,0.7285031080245972,0.22489626705646515,0.03276416286826134,0.7289541959762573,0.25359222292900085,-0.07379519939422607,0.720674455165863,0.25423601269721985,-0.05229155346751213,0.7937648892402649,0.31883469223976135,-0.0660095363855362,0.7217509746551514,0.3402935564517975,0.1284821331501007,0.8022154569625854,0.4764225482940674,-0.12446178495883942,0.705426812171936,0.4618303179740906,0.1402522623538971,0.7205805778503418,0.4643552601337433,-0.19206859171390533,0.6530989408493042,0.4677767753601074,-0.03161805495619774,0.701065182685852,0.47241562604904175,-0.21889488399028778,0.6365596055984497,0.4727936089038849,-0.06087490916252136,0.6990384459495544,0.458452045917511,-0.21112000942230225,0.6360915899276733,0.4661174714565277,-0.08296026289463043,0.7027374505996704,0.4546044170856476,-0.1878611296415329,0.6432051062583923,0.46528998017311096,-0.04766906052827835,0.7816258668899536,0.5618934631347656,-0.06756600737571716,0.7369443774223328,0.5482999086380005,0.06776191294193268,0.6703341007232666,0.6275815963745117,-0.2277022898197174,0.6417925953865051,0.6041776537895203,-0.11646419763565063,0.5564546585083008,0.7727546095848083,-0.3195769786834717,0.5344778299331665,0.6969088912010193,-0.20846164226531982,0.5501139760017395,0.8119637966156006,-0.33112701773643494,0.5278685688972473,0.7372143268585205,-0.21956738829612732,0.4954149127006531,0.7523600459098816,-0.4420602321624756,0.47436800599098206,0.6698519587516785,-0.31074976921081543,0,1
0.7003166079521179,0.23403187096118927,-0.08778290450572968,0.7104783654212952,0.21735551953315735,-0.08450785279273987,0.7136160135269165,0.21720264852046967,-0.08457480370998383,0.7174621820449829,0.21737878024578094,-0.084596186876297,0.7044777870178223,0.2177981287240982,-0.0663946121931076,0.7037291526794434,0.21793189644813538,-0.0664776861667633,0.7031071782112122,0.2179420292377472,-0.06653200089931488,0.7338004112243652,0.2303178310394287,-0.06112334877252579,0.71319180727005,0.22629602253437042,0.019757486879825592,0.7061234712600708,0.2562500536441803,-0.07988717406988144,0.7003031969070435,0.254983127117157,-0.05622575432062149,0.7716635465621948,0.3291827440261841,-0.11216042190790176,0.6988474130630493,0.34737545251846313,0.10354550927877426,0.7727175951004028,0.482962965965271,-0.17661704123020172,0.6689384579658508,0.4652180075645447,0.085370734333992,0.6890085935592651,0.49091219902038574,-0.23164108395576477,0.6157119870185852,0.4717363715171814,-0.08791469037532806,0.6701729893684387,0.5039814710617065,-0.2607174515724182,0.6041229963302612,0.4783551096916199,-0.11770492792129517,0.6653419733047485,0.4891676604747772,-0.2550061345100403,0.6035653352737427,0.4734920859336853,-0.1360105276107788,0.6713762879371643,0.48373666405677795,-0.22858771681785583,0.6091566681861877,0.4719354808330536,-0.10291973501443863,0.7756674289703369,0.5693011283874512,-0.07136894017457962,0.731081485748291,0.5580669641494751,0.07166978716850281,0.6616874933242798,0.621361494064331,-0.23543481528759003,0.6395178437232971,0.5985588431358337,-0.12080713361501694,0.5491557121276855,0.7638261318206787,-0.32521146535873413,0.5338864922523499,0.6982101202011108,-0.23501749336719513,0.5413473844528198,0.8072038292884827,-0.33608877658843994,0.5266983509063721,0.7499708533287048,-0.24844856560230255,0.4868052899837494,0.7295812964439392,-0.44117656350135803,0.47372370958328247,0.6707701086997986,-0.3225474953651428,0,1
0.6784009337425232,0.2407754510641098,-0.10684032738208771,0.6894276738166809,0.22539354860782623,-0.10879174619913101,0.693234920501709,0.22575467824935913,-0.10882246494293213,0.6972514390945435,0.22649942338466644,-0.10883016884326935,0.6835071444511414,0.22438906133174896,-0.08806328475475311,0.6828083395957947,0.2241310179233551,-0.08818217366933823,0.6821674108505249,0.22373424470424652,-0.08823736757040024,0.7132816910743713,0.24508421123027802,-0.09621639549732208,0.6935653686523438,0.23480063676834106,-0.0028232228942215443,0.6830428838729858,0.2628838121891022,-0.10100042819976807,0.6776756644248962,0.26009300351142883,-0.07416118681430817,0.7421516180038452,0.3413589894771576,-0.15853402018547058,0.6788808107376099,0.3530596196651459,0.09212617576122284,0.7308199405670166,0.4944555461406708,-0.19655850529670715,0.6423783302307129,0.4665948152542114,0.11246822029352188,0.6517939567565918,0.5154300928115845,-0.2125842273235321,0.5974652767181396,0.4820583760738373,0.006468932144343853,0.6314439177513123,0.5360523462295532,-0.2426617592573166,0.5799466371536255,0.4917297661304474,-0.005391881801187992,0.6290289759635925,0.5205363035202026,-0.23570331931114197,0.5779147148132324,0.4857337474822998,-0.030796587467193604,0.6349928975105286,0.5141313076019287,-0.20962440967559814,0.5837554335594177,0.48428967595100403,-0.008724546059966087,0.77665776014328,0.572292685508728,-0.08883683383464813,0.7362567186355591,0.5606074929237366,0.08911799639463425,0.6537865400314331,0.5863352417945862,-0.2136729210615158,0.632301390171051,0.5648146867752075,-0.04019482806324959,0.5525969862937927,0.7481821775436401,-0.2589781880378723,0.536807656288147,0.70119309425354,-0.11174950748682022,0.5489916205406189,0.7981270551681519,-0.26461106538772583,0.528374195098877,0.7522518634796143,-0.12042466551065445,0.4963952600955963,0.7103458642959595,-0.34458354115486145,0.4790787100791931,0.6834037899971008,-0.17715056240558624,0,1
0.6578746438026428,0.24972349405288696,-0.19592446088790894,0.6683255434036255,0.2337881475687027,-0.19895511865615845,0.671596884727478,0.2342684417963028,-0.19896332919597626,0.6756829023361206,0.23521286249160767,-0.19897808134555817,0.6621540784835815,0.23211564123630524,-0.18352870643138885,0.6608374714851379,0.23143908381462097,-0.18371345102787018,0.6596951484680176,0.2306249439716339,-0.18376168608665466,0.6918865442276001,0.25342586636543274,-0.17685836553573608,0.6720936894416809,0.24323689937591553,-0.10802751779556274,0.6632728576660156,0.2699689269065857,-0.18576136231422424,0.6556813716888428,0.2692420184612274,-0.16554006934165955,0.7186896204948425,0.3519265651702881,-0.21672828495502472,0.6560947895050049,0.3624091148376465,-0.0011247982038185,0.6884980797767639,0.5000954270362854,-0.21601705253124237,0.618451714515686,0.4658723473548889,0.025974035263061523,0.6118865609169006,0.5157038569450378,-0.18598788976669312,0.5650872588157654,0.4923701286315918,-0.06975136697292328,0.58748859167099,0.5342376828193665,-0.21371757984161377,0.5484950542449951,0.5033490657806396,-0.06689898669719696,0.5846233367919922,0.5183811783790588,-0.20743004977703094,0.5451200604438782,0.499738872051239,-0.09724597632884979,0.5925846099853516,0.5114620923995972,-0.18389961123466492,0.5515732169151306,0.4969150125980377,-0.08346575498580933,0.7750378847122192,0.5715277194976807,-0.08473572134971619,0.7330531477928162,0.5565252304077148,0.08499113470315933,0.6390976905822754,0.5583078861236572,-0.1740984320640564,0.619633674621582,0.5330879092216492,0.02960035763680935,0.5516958236694336,0.7353450059890747,-0.20193219184875488,0.5328794717788696,0.6982012987136841,-0.00976321380585432,0.5484414100646973,0.7819300293922424,-0.205226331949234,0.5313399434089661,0.7474419474601746,-0.015103204175829887,0.4910578727722168,0.7122997045516968,-0.26297658681869507,0.4793190360069275,0.6821326613426208,-0.04852195829153061,0,1
0.634423553943634,0.2565101981163025,-0.2124669998884201,0.6448078155517578,0.24250638484954834,-0.21789784729480743,0.6486905217170715,0.24364586174488068,-0.21788592636585236,0.6529918909072876,0.24479156732559204,-0.2178783416748047,0.638984739780426,0.23971687257289886,-0.19975699484348297,0.6380289793014526,0.238748237490654,-0.19995076954364777,0.6371741890907288,0.23757466673851013,-0.1999959796667099,0.6686286926269531,0.2600504755973816,-0.2026735097169876,0.6509702205657959,0.2513750195503235,-0.12167324125766754,0.6402078866958618,0.2782190442085266,-0.20468023419380188,0.6330918073654175,0.2774215340614319,-0.18099290132522583,0.6939449310302734,0.36300086975097656,-0.23886732757091522,0.6368101835250854,0.3653315305709839,-0.014772139489650726,0.6518740057945251,0.5121319890022278,-0.24890632927417755,0.592369019985199,0.4653308093547821,0.01800941489636898,0.5725416541099548,0.5161905288696289,-0.24263212084770203,0.5386055111885071,0.49683141708374023,-0.03154227137565613,0.5512353181838989,0.5340970754623413,-0.28122803568840027,0.5229724645614624,0.5097646713256836,-0.036403462290763855,0.5463124513626099,0.5188655853271484,-0.2703937888145447,0.5197140574455261,0.5074517130851746,-0.06773175299167633,0.552737832069397,0.5131595134735107,-0.24090877175331116,0.5256748795509338,0.5054060816764832,-0.0465187132358551,0.7603142857551575,0.5754757523536682,-0.0843854621052742,0.7193108201026917,0.5567473769187927,0.08447595685720444,0.6287766695022583,0.5411670804023743,-0.1740831583738327,0.6000741124153137,0.5113524794578552,0.0773211270570755,0.5513211488723755,0.734440267086029,-0.2183193862438202,0.5335511565208435,0.6924177408218384,0.057559650391340256,0.5546469688415527,0.7779233455657959,-0.22211289405822754,0.5360497236251831,0.7314620018005371,0.05366376042366028,0.4936304986476898,0.717516303062439,-0.2835744023323059,0.4809163212776184,0.6884679198265076,0.02597508765757084,0,1
0.6108877062797546,0.260688453912735,-0.1905510127544403,0.6203600168228149,0.2471509575843811,-0.19671204686164856,0.6240602731704712,0.24802227318286896,-0.1967233121395111,0.627792477607727,0.24895702302455902,-0.19673371315002441,0.6152318716049194,0.24553653597831726,-0.17591647803783417,0.614774227142334,0.24526314437389374,-0.17609605193138123,0.6144749522209167,0.24485310912132263,-0.17615191638469696,0.6438442468643188,0.26403072476387024,-0.20094850659370422,0.6284213662147522,0.2574632465839386,-0.09536384791135788,0.6159043312072754,0.2829342186450958,-0.1846824437379837,0.6096303462982178,0.28230220079421997,-0.15926103293895721,0.6668045520782471,0.3706198036670685,-0.2538359463214874,0.6167393326759338,0.3677695691585541,0.02148565836250782,0.6156853437423706,0.5149102807044983,-0.27342110872268677,0.5672050714492798,0.46522754430770874,0.07010773569345474,0.5372294187545776,0.5662431716918945,-0.25947073101997375,0.5127016305923462,0.5007563829421997,0.023903321474790573,0.5178927183151245,0.583782434463501,-0.30070874094963074,0.4952290952205658,0.510078489780426,0.02829751931130886,0.5145670175552368,0.5603591203689575,-0.28600645065307617,0.4920555651187897,0.5070544481277466,-0.010470511391758919,0.5215698480606079,0.5592904686927795,-0.25586968660354614,0.4995271563529968,0.5054469108581543,0.005948703270405531,0.74033123254776,0.579943060874939,-0.09743230044841766,0.708650529384613,0.5649131536483765,0.09744831174612045,0.6164005994796753,0.5179460048675537,-0.20646771788597107,0.5842242240905762,0.49471792578697205,0.09487061202526093,0.5487629175186157,0.7194282412528992,-0.20411992073059082,0.5324795246124268,0.6883081197738647,0.09390465170145035,0.5497522950172424,0.769388735294342,-0.20450103282928467,0.5373976230621338,0.7239817380905151,0.0912148654460907,0.48549380898475647,0.7002472877502441,-0.26149192452430725,0.47933563590049744,0.6908400654792786,0.0602235421538353,0,1
0.5882697701454163,0.26341548562049866,-0.18787045776844025,0.5969802141189575,0.24953410029411316,-0.1963895559310913,0.5998551249504089,0.24992331862449646,-0.19640524685382843,0.6030637621879578,0.2507164776325226,-0.19642215967178345,0.5925357341766357,0.24972409009933472,-0.17218126356601715,0.5921443104743958,0.24971766769886017,-0.17234310507774353,0.5918871164321899,0.24952314794063568,-0.1723441630601883,0.6189072728157043,0.26557639241218567,-0.19162914156913757,0.6042929291725159,0.2604580223560333,-0.08363514393568039,0.5931165814399719,0.28364917635917664,-0.18463288247585297,0.5867942571640015,0.2842385470867157,-0.1531544029712677,0.6422187685966492,0.3696773052215576,-0.2442934215068817,0.5964718461036682,0.3700640797615051,0.02595328912138939,0.583976149559021,0.5107810497283936,-0.2823750674724579,0.5416356325149536,0.4721218943595886,0.052492666989564896,0.5022467374801636,0.5102306008338928,-0.2812589406967163,0.47731488943099976,0.5007861852645874,-0.008126734755933285,0.47607436776161194,0.5309315323829651,-0.3266587555408478,0.4565798342227936,0.509240984916687,-0.004267191514372826,0.4709390699863434,0.5076256394386292,-0.3122033476829529,0.4544897675514221,0.5064512491226196,-0.045148998498916626,0.4792470932006836,0.5098371505737305,-0.2789875864982605,0.4623773992061615,0.5047092437744141,-0.027040759101510048,0.7239013910293579,0.5807372331619263,-0.09794973582029343,0.6943885087966919,0.5690661668777466,0.09789764136075974,0.6025397777557373,0.501455545425415,-0.20056328177452087,0.5702564120292664,0.4879719614982605,0.1156725138425827,0.5440443754196167,0.7193724513053894,-0.18987306952476501,0.5329376459121704,0.6927288770675659,0.12621808052062988,0.5471928119659424,0.7682740092277527,-0.18925456702709198,0.5400691628456116,0.720431923866272,0.1250903308391571,0.47777432203292847,0.6942697167396545,-0.24337320029735565,0.48584070801734924,0.6929184198379517,0.09598597139120102,0,1
0.5642353296279907,0.26569584012031555,-0.11571453511714935,0.5730929374694824,0.2522033154964447,-0.12848035991191864,0.575806736946106,0.2524707615375519,-0.12850435078144073,0.5789110064506531,0.25271737575531006,-0.12851756811141968,0.5688578486442566,0.2520564794540405,-0.10081833600997925,0.5687187910079956,0.2519940137863159,-0.10092894732952118,0.5687423944473267,0.25177863240242004,-0.10091402381658554,0.594277024269104,0.2657485008239746,-0.14049480855464935,0.5831016302108765,0.2613946199417114,-0.018470536917448044,0.5695863366127014,0.2846261262893677,-0.11970933526754379,0.5647580623626709,0.28523075580596924,-0.08341245353221893,0.6197446584701538,0.3673320412635803,-0.20446738600730896,0.5794431567192078,0.3720867931842804,0.08177269250154495,0.538384735584259,0.49753469228744507,-0.26019376516342163,0.5135940909385681,0.46791937947273254,0.10470430552959442,0.44684332609176636,0.5029077529907227,-0.2505643963813782,0.43940576910972595,0.4936927258968353,0.041843920946121216,0.4256899952888489,0.5165119171142578,-0.2968810200691223,0.42039942741394043,0.503773033618927,0.04500526934862137,0.42222994565963745,0.5033560991287231,-0.2755860686302185,0.4190928339958191,0.5028253197669983,0.008319096639752388,0.4290548264980316,0.49996185302734375,-0.24563610553741455,0.42626509070396423,0.49962446093559265,0.023838434368371964,0.7021733522415161,0.5835112929344177,-0.101207435131073,0.6749723553657532,0.5779612064361572,0.10116361081600189,0.579791247844696,0.49944406747817993,-0.22576332092285156,0.5491217374801636,0.4878946542739868,0.1364029496908188,0.5344293117523193,0.7162826657295227,-0.2207786589860916,0.5261064767837524,0.694040834903717,0.13493512570858002,0.5442063212394714,0.7660863399505615,-0.22047269344329834,0.5337271690368652,0.7194294333457947,0.13258208334445953,0.4682602286338806,0.702815055847168,-0.27377814054489136,0.4803129732608795,0.6997596025466919,0.10351628065109253,0,1
0.5396332144737244,0.2654978334903717,-0.07570303976535797,0.5483348369598389,0.2519069314002991,-0.09027349203824997,0.5509158372879028,0.25218120217323303,-0.09032217413187027,0.5537969470024109,0.2523946166038513,-0.09035222232341766,0.5448537468910217,0.25162920355796814,-0.05830612778663635,0.5450796484947205,0.25153908133506775,-0.05834935978055,0.5454918146133423,0.2513084411621094,-0.058311861008405685,0.5695053339004517,0.26543328166007996,-0.1091579794883728,0.5604127645492554,0.2609589993953705,0.0344608873128891,0.5448101758956909,0.2845487594604492,-0.08120755851268768,0.5409005880355835,0.2848852276802063,-0.039385005831718445,0.5891076922416687,0.364252507686615,-0.19434764981269836,0.5637034177780151,0.37109696865081787,0.15676389634609222,0.5018230676651001,0.4765457510948181,-0.23727205395698547,0.493569552898407,0.4530462622642517,0.18344879150390625,0.41193222999572754,0.49630001187324524,-0.22180390357971191,0.4161970019340515,0.4867025911808014,0.11096535623073578,0.3867265582084656,0.5104489326477051,-0.2633826434612274,0.39614927768707275,0.4961246848106384,0.12033593654632568,0.3842633068561554,0.5020648837089539,-0.23941338062286377,0.39469948410987854,0.495768278837204,0.08383077383041382,0.39256536960601807,0.498592346906662,-0.21436364948749542,0.40227609872817993,0.49489906430244446,0.09260646998882294,0.6792005300521851,0.590010941028595,-0.1131468191742897,0.6546165943145752,0.5890766382217407,0.11305800825357437,0.556937575340271,0.49101659655570984,-0.200150728225708,0.5317226648330688,0.4773169159889221,0.168163001537323,0.5277366042137146,0.7136110663414001,-0.16113004088401794,0.5193150043487549,0.6923834681510925,0.1941484808921814,0.5416659116744995,0.7695006728172302,-0.15802134573459625,0.5260273218154907,0.7194626927375793,0.1942460685968399,0.46243590116500854,0.7105804681777954,-0.20273330807685852,0.46573036909103394,0.7000863552093506,0.1728510558605194,0,1
0.5180726647377014,0.26845940947532654,-0.0365012064576149,0.5255893468856812,0.2536624073982239,-0.05204953998327255,0.5279775857925415,0.2538680136203766,-0.052127301692962646,0.5308849215507507,0.25411656498908997,-0.052187688648700714,0.5231048464775085,0.25337761640548706,-0.017233019694685936,0.5236636400222778,0.25317615270614624,-0.017267409712076187,0.5244839787483215,0.252889484167099,-0.017261439934372902,0.5470834970474243,0.2656548321247101,-0.08088721334934235,0.5403973460197449,0.261859267950058,0.07557377219200134,0.5236550569534302,0.2878201901912689,-0.04620100557804108,0.5206927061080933,0.28759461641311646,-0.0007460424094460905,0.5677125453948975,0.360031396150589,-0.1829231083393097,0.5494279861450195,0.37345778942108154,0.19149282574653625,0.47285380959510803,0.4601168632507324,-0.2485322505235672,0.47070804238319397,0.4460552930831909,0.20975720882415771,0.37571054697036743,0.4951530992984772,-0.22106532752513885,0.382188618183136,0.484843373298645,0.13737347722053528,0.3527630865573883,0.5109292268753052,-0.26276013255119324,0.35929635167121887,0.4956805408000946,0.14389212429523468,0.3500595986843109,0.5031992793083191,-0.23554691672325134,0.35726097226142883,0.49663129448890686,0.10947052389383316,0.35826268792152405,0.49990153312683105,-0.20965257287025452,0.36441051959991455,0.4958967864513397,0.1186215728521347,0.6596254110336304,0.5933182835578918,-0.12008602917194366,0.6429634690284729,0.5970733165740967,0.11998756229877472,0.5386184453964233,0.483076274394989,-0.17648912966251373,0.5305420160293579,0.47454261779785156,0.20646023750305176,0.5265119075775146,0.7151332497596741,-0.11551252752542496,0.5199074745178223,0.6966647505760193,0.27490076422691345,0.5379706621170044,0.7715176343917847,-0.11034204810857773,0.5305583477020264,0.7258606553077698,0.2798132598400116,0.46255332231521606,0.7136310338973999,-0.1513616442680359,0.46645912528038025,0.7048231363296509,0.2569463551044464,0,1
0.5008150339126587,0.27122774720191956,-0.05319631099700928,0.5084197521209717,0.25571921467781067,-0.07029666006565094,0.5107083320617676,0.25571587681770325,-0.0703827440738678,0.5134260058403015,0.2558886706829071,-0.07045714557170868,0.5064145922660828,0.255338191986084,-0.03594454005360603,0.5072349905967712,0.2549985945224762,-0.03598550707101822,0.5083341002464294,0.25462624430656433,-0.035989921540021896,0.5293324589729309,0.26640477776527405,-0.09470748901367188,0.5239779949188232,0.26278579235076904,0.055611751973629,0.5069916248321533,0.29180365800857544,-0.061776041984558105,0.5046319961547852,0.2910577058792114,-0.017073484137654305,0.5420585870742798,0.35715487599372864,-0.2009233683347702,0.5388781428337097,0.373073548078537,0.17760540544986725,0.4463295340538025,0.4466884732246399,-0.28158971667289734,0.44791483879089355,0.4472457468509674,0.18708515167236328,0.3507710099220276,0.4965671896934509,-0.25703537464141846,0.35726290941238403,0.4957548677921295,0.11243613809347153,0.32852426171302795,0.513739824295044,-0.3031027913093567,0.3347688317298889,0.5088789463043213,0.11754775047302246,0.3254769444465637,0.5119386315345764,-0.2769119441509247,0.33214616775512695,0.5114800333976746,0.08319658786058426,0.3327517807483673,0.5075821280479431,-0.24862757325172424,0.3395151197910309,0.5091381669044495,0.09365914762020111,0.6450483798980713,0.5954764485359192,-0.12238583713769913,0.6339733600616455,0.5990549325942993,0.12229424715042114,0.5199247598648071,0.4734073579311371,-0.13061842322349548,0.5194643139839172,0.46547263860702515,0.2186744511127472,0.5270223021507263,0.7058135271072388,0.0023016335908323526,0.5300904512405396,0.6885653734207153,0.32904940843582153,0.5381859540939331,0.755535900592804,0.014744292013347149,0.5446516275405884,0.716860294342041,0.33871904015541077,0.4661831259727478,0.7030854225158691,-0.011118901893496513,0.4794485569000244,0.7024897933006287,0.31637662649154663,0,1
0.49044790863990784,0.2736421227455139,-0.05114178732037544,0.49811631441116333,0.25772497057914734,-0.06931756436824799,0.5004554390907288,0.25770503282546997,-0.06939930468797684,0.5032766461372375,0.2578461766242981,-0.06947103887796402,0.4962254464626312,0.25740423798561096,-0.03407280519604683,0.49704664945602417,0.25706931948661804,-0.03411383181810379,0.4982202649116516,0.2567000091075897,-0.034119512885808945,0.5190069675445557,0.2671034038066864,-0.10041479766368866,0.5138599276542664,0.263998806476593,0.05652139335870743,0.4956855773925781,0.2938906252384186,-0.06153150647878647,0.49313053488731384,0.29357674717903137,-0.015848087146878242,0.5333021879196167,0.35710111260414124,-0.20712430775165558,0.5244132876396179,0.3734798729419708,0.17070600390434265,0.43150967359542847,0.4483802914619446,-0.2870102822780609,0.42893093824386597,0.45053163170814514,0.17111721634864807,0.3324158787727356,0.5082603693008423,-0.2689692974090576,0.33694109320640564,0.5096227526664734,0.09473207592964172,0.3093695044517517,0.5285133123397827,-0.3161693811416626,0.3134480118751526,0.5257788896560669,0.0948835164308548,0.3071022629737854,0.5300139784812927,-0.2877632975578308,0.3122808635234833,0.5299127697944641,0.055728353559970856,0.3146952986717224,0.5253815054893494,-0.26051270961761475,0.3203184902667999,0.5268557071685791,0.07282593846321106,0.6374491453170776,0.5973957777023315,-0.1218101978302002,0.626498281955719,0.602030873298645,0.12171515077352524,0.5088746547698975,0.470845103263855,-0.13005751371383667,0.5076051950454712,0.4676508903503418,0.19389650225639343,0.5318558216094971,0.7008727788925171,0.012583339586853981,0.5323468446731567,0.6881421208381653,0.2754122018814087,0.5439260005950928,0.739670991897583,0.02653324604034424,0.544988214969635,0.7198600769042969,0.2823745012283325,0.47428685426712036,0.7007086873054504,0.010128527879714966,0.4859888553619385,0.7067315578460693,0.25936540961265564,0,1
0.48480409383773804,0.272805392742157,-0.0345371775329113,0.49382534623146057,0.2578142285346985,-0.05281395465135574,0.4965241551399231,0.2577277421951294,-0.05289674922823906,0.4998036026954651,0.2578548789024353,-0.05296226218342781,0.4914743900299072,0.2575537860393524,-0.01601565070450306,0.4923439025878906,0.25724107027053833,-0.01606467179954052,0.4933857023715973,0.25687843561172485,-0.01608046516776085,0.5156038999557495,0.2670072913169861,-0.08878279477357864,0.509730339050293,0.2646244168281555,0.07678623497486115,0.4901157319545746,0.2929120659828186,-0.04674790799617767,0.48723000288009644,0.2929465174674988,0.0011572050862014294,0.5314339399337769,0.357963889837265,-0.19463780522346497,0.5223687887191772,0.3781735599040985,0.1835303008556366,0.42736679315567017,0.4498828053474426,-0.2796671390533447,0.42741328477859497,0.4564637541770935,0.18338105082511902,0.3281431794166565,0.5163446068763733,-0.2630820870399475,0.33430686593055725,0.5140379071235657,0.1045617088675499,0.30661749839782715,0.5389755964279175,-0.3070792555809021,0.31456321477890015,0.5282369256019592,0.10411478579044342,0.3058522343635559,0.5396828651428223,-0.2790057063102722,0.31321194767951965,0.5330019593238831,0.06562512367963791,0.3126372694969177,0.5342984199523926,-0.2536708414554596,0.31962889432907104,0.5308214426040649,0.08313421905040741,0.6340042352676392,0.5982420444488525,-0.12290241569280624,0.6243959665298462,0.6068271398544312,0.12277869880199432,0.5035735368728638,0.46672120690345764,-0.13537190854549408,0.5060027837753296,0.46788835525512695,0.22080647945404053,0.5319751501083374,0.7003725171089172,-0.0015364671126008034,0.5323678255081177,0.6893213987350464,0.3224465548992157,0.5432560443878174,0.740041196346283,0.011691868305206299,0.5491722822189331,0.719075083732605,0.33102959394454956,0.47224077582359314,0.7094824910163879,0.00041201841668225825,0.4962306618690491,0.718011736869812,0.3037893772125244,0,1
0.4899454116821289,0.2726982533931732,-0.03409543260931969,0.49861112236976624,0.25777289271354675,-0.04956255853176117,0.5012924075126648,0.25751712918281555,-0.049650490283966064,0.5044357776641846,0.2573741674423218,-0.04972930997610092,0.49595385789871216,0.2578612267971039,-0.014286907389760017,0.49664944410324097,0.25762754678726196,-0.01432877965271473,0.49754032492637634,0.2572982907295227,-0.014327118173241615,0.5201976299285889,0.26669609546661377,-0.07601135969161987,0.5132335424423218,0.264827698469162,0.08199287950992584,0.49530544877052307,0.29201093316078186,-0.04290778562426567,0.4919750690460205,0.29268789291381836,0.0030726660043001175,0.5365142226219177,0.3567074239253998,-0.17997758090496063,0.5250598192214966,0.3792226016521454,0.1931721419095993,0.4354635775089264,0.4424234628677368,-0.2597968280315399,0.43478694558143616,0.44842028617858887,0.19980750977993011,0.336430162191391,0.5046610236167908,-0.24006760120391846,0.34379538893699646,0.4999811351299286,0.1141427531838417,0.31442397832870483,0.5228555202484131,-0.2846243679523468,0.3194732964038849,0.5025255680084229,0.1136954054236412,0.3122027516365051,0.5199262499809265,-0.25650447607040405,0.31985118985176086,0.5055208802223206,0.07658118009567261,0.3199465572834015,0.5173066854476929,-0.23121392726898193,0.327495276927948,0.5103880167007446,0.09342131018638611,0.6370311379432678,0.5980104804039001,-0.12338624149560928,0.6256380081176758,0.6075781583786011,0.12324321269989014,0.5078552961349487,0.46726176142692566,-0.14722026884555817,0.505887508392334,0.4698602557182312,0.19500741362571716,0.5324904918670654,0.7008219957351685,-0.0009008524939417839,0.5322979688644409,0.6906143426895142,0.26443010568618774,0.5453029274940491,0.7403802871704102,0.013998014852404594,0.5516888499259949,0.7175823450088501,0.26903098821640015,0.4762113094329834,0.710031270980835,-0.007095356937497854,0.49859580397605896,0.7207903265953064,0.2484191358089447,0,1
0.5150187611579895,0.2645038962364197,-0.01740999147295952,0.5235287547111511,0.24925614893436432,-0.033604588359594345,0.5260885953903198,0.24880638718605042,-0.033702678978443146,0.5292966961860657,0.2484900802373886,-0.03377824276685715,0.5210604071617126,0.250046968460083,0.0008060254040174186,0.5215421319007874,0.2501254975795746,0.0007706026080995798,0.5221124291419983,0.2501128315925598,0.000777491251938045,0.5442688465118408,0.2607894837856293,-0.06457146257162094,0.5361400246620178,0.25976258516311646,0.09019645303487778,0.5192916393280029,0.2817997634410858,-0.02804378606379032,0.5151849389076233,0.28396955132484436,0.01696714386343956,0.5658978819847107,0.3449575901031494,-0.17080293595790863,0.5422322154045105,0.3777851462364197,0.2019222527742386,0.4657234251499176,0.4263349771499634,-0.2498496025800705,0.45780760049819946,0.43917784094810486,0.21984577178955078,0.36328402161598206,0.4781447947025299,-0.22995376586914062,0.37442630529403687,0.47686734795570374,0.14314493536949158,0.3438374698162079,0.4975649118423462,-0.27452340722084045,0.35181474685668945,0.48707738518714905,0.1480710655450821,0.342193603515625,0.494411438703537,-0.24586856365203857,0.35005390644073486,0.4901990294456482,0.11220111697912216,0.34864774346351624,0.4908277690410614,-0.22134283185005188,0.3567797541618347,0.4906541109085083,0.12336345762014389,0.6504541635513306,0.594580888748169,-0.1230006068944931,0.6312748193740845,0.6075428128242493,0.12284950911998749,0.5294050574302673,0.4681991934776306,-0.15635135769844055,0.51958829164505,0.47122615575790405,0.17073394358158112,0.5340513586997986,0.701738715171814,-0.039324961602687836,0.5279384255409241,0.6931540369987488,0.20996633172035217,0.5420604944229126,0.7420955300331116,-0.028030958026647568,0.54611736536026,0.7187246680259705,0.21188780665397644,0.4738498628139496,0.7021839618682861,-0.05932377651333809,0.4758315086364746,0.719031035900116,0.18654708564281464,0,1
0.5532575249671936,0.2545062303543091,-0.00685234135016799,0.5620390176773071,0.23771271109580994,-0.02141689881682396,0.5648399591445923,0.2373771071434021,-0.021501732990145683,0.5679518580436707,0.2373037487268448,-0.02154545858502388,0.5585113763809204,0.23835603892803192,0.010725179687142372,0.5585371255874634,0.238272562623024,0.01068353746086359,0.5586434602737427,0.23807285726070404,0.01067622471600771,0.5830360651016235,0.25121310353279114,-0.05132178217172623,0.5721441507339478,0.24865686893463135,0.09351420402526855,0.5577787756919861,0.2736905515193939,-0.016880672425031662,0.5525394082069397,0.27510133385658264,0.0252187792211771,0.6017102003097534,0.3382920026779175,-0.15343232452869415,0.5753171443939209,0.3675217628479004,0.20467142760753632,0.5163751840591431,0.42786461114883423,-0.21926064789295197,0.5064063668251038,0.43943262100219727,0.23502269387245178,0.4229087829589844,0.47438278794288635,-0.19574379920959473,0.426959753036499,0.4721229672431946,0.1784367710351944,0.3995036482810974,0.4942558705806732,-0.23072445392608643,0.40466052293777466,0.48323437571525574,0.1892014592885971,0.39686423540115356,0.48756080865859985,-0.20376339554786682,0.40316423773765564,0.48444226384162903,0.15902398526668549,0.40402859449386597,0.4844793677330017,-0.18574246764183044,0.41053757071495056,0.483397513628006,0.16221190989017487,0.6712139248847961,0.5918150544166565,-0.1181921735405922,0.6502245664596558,0.6058390736579895,0.11803094297647476,0.556058943271637,0.4718676805496216,-0.2217458039522171,0.5410245060920715,0.479480117559433,0.19557791948318481,0.5291428565979004,0.707775354385376,-0.1930738389492035,0.5195151567459106,0.7009081244468689,0.2067505419254303,0.5379749536514282,0.764130711555481,-0.18997809290885925,0.5347002148628235,0.7338684797286987,0.20668049156665802,0.45830225944519043,0.7040188908576965,-0.23755165934562683,0.4657870829105377,0.7124267816543579,0.1824544370174408,0,1
0.5962297916412354,0.24074327945709229,-0.09215818345546722,0.6063635945320129,0.22617074847221375,-0.09448343515396118,0.6096933484077454,0.22643163800239563,-0.09449554979801178,0.6134957075119019,0.22712481021881104,-0.09443880617618561,0.601222813129425,0.22582058608531952,-0.07041111588478088,0.6005726456642151,0.22570443153381348,-0.07047956436872482,0.5999351143836975,0.22547760605812073,-0.07050137221813202,0.6278680562973022,0.24447904527187347,-0.0792338103055954,0.6108721494674683,0.23870953917503357,0.036003805696964264,0.6002939939498901,0.262107253074646,-0.08379407227039337,0.5929309725761414,0.26167893409729004,-0.05213318020105362,0.6429187059402466,0.3325383961200714,-0.15431399643421173,0.6040447950363159,0.35097771883010864,0.15527835488319397,0.5598159432411194,0.4197518229484558,-0.21410906314849854,0.5346130132675171,0.42348557710647583,0.1912052184343338,0.47409185767173767,0.4565475881099701,-0.21785178780555725,0.46508121490478516,0.46098628640174866,0.12996570765972137,0.4510287344455719,0.4748232960700989,-0.2481245994567871,0.4462757706642151,0.47366786003112793,0.1360214352607727,0.44736915826797485,0.46906906366348267,-0.22740407288074493,0.4438958764076233,0.47421956062316895,0.10468713939189911,0.45528164505958557,0.46533727645874023,-0.2105204313993454,0.4510863423347473,0.4708729684352875,0.1142352819442749,0.6952102780342102,0.5894559621810913,-0.10782867670059204,0.6662629842758179,0.5979058146476746,0.1074911504983902,0.5788285732269287,0.47282081842422485,-0.2484176903963089,0.5509868860244751,0.49011996388435364,0.11196953058242798,0.535428524017334,0.718235433101654,-0.2841920256614685,0.5197370052337646,0.704801619052887,0.052192576229572296,0.543883204460144,0.769065797328949,-0.2875417470932007,0.5342913269996643,0.7441438436508179,0.0443275049328804,0.4666178822517395,0.7250004410743713,-0.3519655764102936,0.4679282605648041,0.7229265570640564,0.0030184525530785322,0,1
0.6328025460243225,0.2305426001548767,-0.2750174403190613,0.6432473063468933,0.21720550954341888,-0.2771654725074768,0.6469586491584778,0.21852628886699677,-0.2771201729774475,0.6512655019760132,0.22022143006324768,-0.27707311511039734,0.6372648477554321,0.21435219049453735,-0.25614234805107117,0.6360182762145996,0.2133006900548935,-0.25628185272216797,0.6347945928573608,0.2120930552482605,-0.25629523396492004,0.6656520962715149,0.2389952391386032,-0.2411806583404541,0.6433430910110474,0.22587108612060547,-0.14567020535469055,0.6372845768928528,0.253702849149704,-0.2593729794025421,0.628256618976593,0.25118598341941833,-0.23153463006019592,0.6752313375473022,0.33313629031181335,-0.29905152320861816,0.6317833662033081,0.3301386833190918,-0.0034734890796244144,0.5925970077514648,0.41457751393318176,-0.36794811487197876,0.562972366809845,0.39388012886047363,0.032999444752931595,0.5092103481292725,0.44996151328086853,-0.3754997253417969,0.4942818582057953,0.4423912763595581,-0.03548334538936615,0.4881950318813324,0.4662420451641083,-0.4174795150756836,0.4778229594230652,0.4486231505870819,-0.03823290765285492,0.48573270440101624,0.45898136496543884,-0.3997688889503479,0.47630539536476135,0.44792720675468445,-0.07485548406839371,0.4901699125766754,0.45658430457115173,-0.3705222010612488,0.4814462661743164,0.44890713691711426,-0.053835682570934296,0.7209405303001404,0.585749089717865,-0.10742732137441635,0.6890002489089966,0.5701694488525391,0.10717739164829254,0.6036734580993652,0.5025936365127563,-0.2801794409751892,0.5720690488815308,0.488559752702713,0.07222183793783188,0.5419622659683228,0.7228949069976807,-0.31329402327537537,0.5208674669265747,0.7016628980636597,0.05344844609498978,0.5531519651412964,0.7787361741065979,-0.31837624311447144,0.5282246470451355,0.7386864423751831,0.049536194652318954,0.4805285334587097,0.724704384803772,-0.3967551290988922,0.4674380421638489,0.6964303255081177,0.013959145173430443,0,1
0.6688110828399658,0.2281344085931778,-0.2512925863265991,0.6800495982170105,0.2150094360113144,-0.24963977932929993,0.6842983365058899,0.2161029428243637,-0.249601811170578,0.6888430714607239,0.2178044617176056,-0.24958328902721405,0.6729198694229126,0.2101213037967682,-0.23104147613048553,0.6715868711471558,0.20854657888412476,-0.23117229342460632,0.6701130270957947,0.2068600058555603,-0.23119285702705383,0.7041589021682739,0.23657375574111938,-0.2081824094057083,0.678224503993988,0.22001498937606812,-0.12193630635738373,0.6730513572692871,0.25074535608291626,-0.23367860913276672,0.6647194623947144,0.24672357738018036,-0.2092035561800003,0.7157823443412781,0.32799848914146423,-0.2753411829471588,0.6622834205627441,0.3218806982040405,0.014989746734499931,0.6494370102882385,0.40426746010780334,-0.3555484414100647,0.5959862470626831,0.3861077129840851,0.04249317944049835,0.5626047253608704,0.44289830327033997,-0.3702152669429779,0.5336094498634338,0.43062350153923035,-0.054650045931339264,0.5413792133331299,0.4570384919643402,-0.40988898277282715,0.5191478133201599,0.44081875681877136,-0.0652921125292778,0.5364094972610474,0.4524373412132263,-0.3961268961429596,0.5183619260787964,0.4403756856918335,-0.09627172350883484,0.5435693860054016,0.44993582367897034,-0.366269052028656,0.5242521166801453,0.4401484727859497,-0.07211329787969589,0.7451640367507935,0.5754377245903015,-0.10457386821508408,0.7114332318305969,0.555716872215271,0.10435731709003448,0.6181443929672241,0.5223184823989868,-0.22694344818592072,0.593258798122406,0.5005534887313843,0.06236738711595535,0.543083667755127,0.7265735268592834,-0.2507607340812683,0.5273324251174927,0.6940844655036926,0.04389062896370888,0.5510106682777405,0.7790364623069763,-0.2563932538032532,0.5288599729537964,0.7324168086051941,0.03954467922449112,0.48193302750587463,0.7139475345611572,-0.329395592212677,0.4691871702671051,0.6896746158599854,0.004953159485012293,0,1
0.7045265436172485,0.22409699857234955,-0.0576433464884758,0.7159234285354614,0.2095963954925537,-0.05400707200169563,0.7198230028152466,0.21059347689151764,-0.054000191390514374,0.7239464521408081,0.212228462100029,-0.05393330380320549,0.709348201751709,0.2067878097295761,-0.03652872517704964,0.7078813314437866,0.20574750006198883,-0.03662748262286186,0.7065245509147644,0.2043725997209549,-0.036701180040836334,0.7380074858665466,0.22880278527736664,-0.022165585309267044,0.7158650159835815,0.21422339975833893,0.05753036588430405,0.7105074524879456,0.24551109969615936,-0.046058204025030136,0.7005971670150757,0.2414705753326416,-0.022997763007879257,0.7594124674797058,0.31380999088287354,-0.11570803821086884,0.6947507262229919,0.3171423673629761,0.15565097332000732,0.7034441232681274,0.396560400724411,-0.2361501008272171,0.6307190656661987,0.38129663467407227,0.19781272113323212,0.6200610399246216,0.42584699392318726,-0.30626899003982544,0.5695981979370117,0.41901206970214844,0.11111360788345337,0.596530020236969,0.44407132267951965,-0.3380027115345001,0.550547182559967,0.425037682056427,0.10163499414920807,0.5929791331291199,0.43801209330558777,-0.32861340045928955,0.5502537488937378,0.4243806302547455,0.07322080433368683,0.5994032621383667,0.4344125986099243,-0.303153932094574,0.5585399866104126,0.4249582886695862,0.09470592439174652,0.7638009786605835,0.5707537531852722,-0.10000350326299667,0.724591851234436,0.5532487630844116,0.0998585894703865,0.6354447603225708,0.5544817447662354,-0.21150007843971252,0.6142438650131226,0.5313647985458374,-0.0016319865826517344,0.5443034768104553,0.725877046585083,-0.2686534523963928,0.5296298265457153,0.6950342059135437,-0.06487639248371124,0.5490530729293823,0.7798700332641602,-0.27146387100219727,0.5287021398544312,0.7328208684921265,-0.07300695031881332,0.4887312054634094,0.7139294743537903,-0.34601297974586487,0.4699280261993408,0.6832049489021301,-0.12415879964828491,0,1
0.7354445457458496,0.22286714613437653,0.010963311418890953,0.7469639778137207,0.2089262157678604,0.016485288739204407,0.7512972950935364,0.2097877711057663,0.016501713544130325,0.7559386491775513,0.21114802360534668,0.01656063087284565,0.7383472323417664,0.20705796778202057,0.032150473445653915,0.7367917895317078,0.20630641281604767,0.03204355761408806,0.7354400157928467,0.20526137948036194,0.03195195645093918,0.7686601877212524,0.22550220787525177,0.05091453343629837,0.7450193762779236,0.21559661626815796,0.12059628963470459,0.7427899837493896,0.24404360353946686,0.02297860011458397,0.7335540056228638,0.2408522069454193,0.04333500191569328,0.794103741645813,0.31262609362602234,-0.04379446059465408,0.7243273854255676,0.3186469078063965,0.19281001389026642,0.7420021295547485,0.3917437195777893,-0.17589136958122253,0.6612095236778259,0.3841298818588257,0.17790481448173523,0.6580460667610168,0.40880563855171204,-0.25038301944732666,0.599656879901886,0.4149607717990875,0.04478298872709274,0.6352449655532837,0.4201849102973938,-0.2782555818557739,0.5774926543235779,0.4233230650424957,0.020301591604948044,0.6318982243537903,0.4140130877494812,-0.26898205280303955,0.5785337686538696,0.4212195873260498,0.004640099126845598,0.6376780867576599,0.4139292538166046,-0.24664804339408875,0.5882562398910522,0.4191279113292694,0.03139904886484146,0.7779414057731628,0.5715913772583008,-0.08775332570075989,0.7332779765129089,0.5537160038948059,0.08764500170946121,0.6500625014305115,0.5927278995513916,-0.20726029574871063,0.6221705675125122,0.5539259910583496,-0.06723375618457794,0.5504727363586426,0.7512531876564026,-0.3000568151473999,0.5283641219139099,0.6981073617935181,-0.15400485694408417,0.5475576519966125,0.7978004217147827,-0.3099870979785919,0.5224655866622925,0.7364048361778259,-0.1637548953294754,0.490450382232666,0.7245218753814697,-0.39154717326164246,0.46765264868736267,0.6818932294845581,-0.21755750477313995,0,1
0.7626171708106995,0.2399372160434723,0.07073783874511719,0.7710937261581421,0.222604438662529,0.07805965840816498,0.7762537598609924,0.22252924740314484,0.0780571848154068,0.7823840379714966,0.22222158312797546,0.07809092849493027,0.7633261680603027,0.22350701689720154,0.09473442286252975,0.7618767023086548,0.22397467494010925,0.0946463793516159,0.7601618766784668,0.22446417808532715,0.09457235038280487,0.7966421842575073,0.22973693907260895,0.11596839129924774,0.7667032480239868,0.22858555614948273,0.19048382341861725,0.7711049318313599,0.26141735911369324,0.08336808532476425,0.7613800764083862,0.26011499762535095,0.10527192056179047,0.8234759569168091,0.3204106092453003,0.030290450900793076,0.7520764470100403,0.32227039337158203,0.24436619877815247,0.778096616268158,0.39830830693244934,-0.09834864735603333,0.6900986433029175,0.39147505164146423,0.22173678874969482,0.7025598883628845,0.39617088437080383,-0.18752232193946838,0.6289248466491699,0.40314945578575134,0.08456378430128098,0.6803247928619385,0.40595388412475586,-0.21858100593090057,0.6124265789985657,0.41371679306030273,0.06043321639299393,0.678816020488739,0.4006829559803009,-0.21334540843963623,0.613806426525116,0.41050446033477783,0.045846711844205856,0.6877692937850952,0.39936625957489014,-0.1859898865222931,0.6213775873184204,0.40857788920402527,0.06884103268384933,0.7823020815849304,0.5680958032608032,-0.07395899295806885,0.737463116645813,0.5434210300445557,0.0738808736205101,0.6609448194503784,0.6086563467979431,-0.20880189538002014,0.6353644132614136,0.578264594078064,-0.07398046553134918,0.5536065101623535,0.7607000470161438,-0.32383424043655396,0.527051568031311,0.6969504952430725,-0.1742577850818634,0.5448942184448242,0.805266261100769,-0.33390897512435913,0.5148146152496338,0.7321460247039795,-0.18591490387916565,0.49858665466308594,0.7246121168136597,-0.4194797873497009,0.4662294387817383,0.6569370031356812,-0.24887880682945251,0,1
0.7784866094589233,0.26112911105155945,0.05248007923364639,0.785581648349762,0.2434098720550537,0.054529737681150436,0.7902880907058716,0.24122633039951324,0.054504673928022385,0.7951640486717224,0.23945902287960052,0.05449347570538521,0.7781025171279907,0.24676547944545746,0.07416289299726486,0.776351809501648,0.2472027689218521,0.07411360740661621,0.7747293710708618,0.24762287735939026,0.07405303418636322,0.8135367631912231,0.24295702576637268,0.07871048897504807,0.784280002117157,0.2504286766052246,0.16740837693214417,0.7875518798828125,0.2772941291332245,0.060319505631923676,0.7786338925361633,0.2788310647010803,0.08665420114994049,0.8480733633041382,0.3333541750907898,0.01195269450545311,0.7676838636398315,0.339737206697464,0.22211802005767822,0.8311439752578735,0.42905744910240173,-0.08263234794139862,0.7202455997467041,0.427723228931427,0.21006092429161072,0.7523279786109924,0.3994249105453491,-0.164971262216568,0.6711216568946838,0.4121331572532654,0.0746246799826622,0.7353820204734802,0.4083816409111023,-0.19117124378681183,0.6572486758232117,0.4152522087097168,0.03824380412697792,0.7341606616973877,0.4005488157272339,-0.19420397281646729,0.6548361778259277,0.4124322235584259,0.022378211840987206,0.739813506603241,0.3999735414981842,-0.16602054238319397,0.6626721024513245,0.41060611605644226,0.05871561914682388,0.7830466628074646,0.5683568120002747,-0.07058636844158173,0.7387421727180481,0.5445800423622131,0.07064260542392731,0.6689633131027222,0.6142610907554626,-0.20026269555091858,0.641217827796936,0.5819025635719299,-0.06546778976917267,0.5567839741706848,0.7585065960884094,-0.3519972264766693,0.530330240726471,0.7009000182151794,-0.2177153378725052,0.5449708700180054,0.8024709224700928,-0.365703284740448,0.5201166868209839,0.7438398599624634,-0.2352261245250702,0.4920085072517395,0.7241418361663818,-0.44531670212745667,0.4650972783565521,0.6635837554931641,-0.2954583764076233,0,1
0.784234344959259,0.2601547837257385,-0.002516114618629217,0.7919749021530151,0.24329470098018646,0.0008817246416583657,0.7962165474891663,0.2420571893453598,0.0008176032570190728,0.8010355234146118,0.2404707819223404,0.0007124100811779499,0.7837319374084473,0.2451987862586975,0.01575189083814621,0.7817052006721497,0.24552972614765167,0.015795152634382248,0.7797163128852844,0.24587330222129822,0.01576169952750206,0.8170615434646606,0.24309717118740082,0.03884544223546982,0.7883935570716858,0.25155678391456604,0.11080852895975113,0.7929712533950806,0.277421236038208,0.012706558220088482,0.7840602397918701,0.278350830078125,0.03382139652967453,0.8482809066772461,0.3324927091598511,-0.0004403083585202694,0.7767312526702881,0.34509986639022827,0.18096937239170074,0.8528621792793274,0.474861741065979,-0.0709475502371788,0.7496275305747986,0.4645400047302246,0.1922682374715805,0.7815107107162476,0.4217730760574341,-0.11966589838266373,0.7107803821563721,0.4309035539627075,0.06158456951379776,0.7635317444801331,0.4175327718257904,-0.13840092718601227,0.6947330832481384,0.427108496427536,0.034071341156959534,0.7640392780303955,0.4036351144313812,-0.13112172484397888,0.6947805285453796,0.41733449697494507,0.01708638295531273,0.7674788236618042,0.40426746010780334,-0.11456561088562012,0.7015383243560791,0.4187817871570587,0.04812966287136078,0.7832850217819214,0.5714254379272461,-0.0681273490190506,0.7395514249801636,0.546200156211853,0.06830183416604996,0.6690434217453003,0.6184701919555664,-0.2089647352695465,0.6407709717750549,0.5831833481788635,-0.06784910708665848,0.5547847747802734,0.7604014277458191,-0.3478139340877533,0.5301156640052795,0.7012448310852051,-0.20949938893318176,0.5416714549064636,0.8032643795013428,-0.36006319522857666,0.5196458697319031,0.7511339783668518,-0.2258792668581009,0.48167338967323303,0.7251538038253784,-0.4358338415622711,0.4634014964103699,0.6651784777641296,-0.28085219860076904,0,1
0.7817602157592773,0.2578677833080292,-0.0020975603256374598,0.7893129587173462,0.24126730859279633,0.002724339021369815,0.7935812473297119,0.24029003083705902,0.0026859634090214968,0.7982494831085205,0.23909622430801392,0.0026124692521989346,0.7808014750480652,0.2426968663930893,0.01826475001871586,0.7787777781486511,0.24300198256969452,0.01828595995903015,0.7768211364746094,0.24331705272197723,0.01825029030442238,0.8140622973442078,0.24178153276443481,0.044778011739254,0.7851015329360962,0.24986107647418976,0.1177101880311966,0.7905067801475525,0.27615687251091003,0.014103300869464874,0.7817080020904541,0.27639222145080566,0.03586120903491974,0.8465598225593567,0.33208054304122925,0.016972243785858154,0.7748472094535828,0.34664928913116455,0.1839359700679779,0.8622700572013855,0.4754704236984253,-0.05710889771580696,0.7457265853881836,0.4672224223613739,0.1577298939228058,0.7966527938842773,0.43137872219085693,-0.11774858087301254,0.7179116606712341,0.4336797893047333,-0.006073070224374533,0.7770768404006958,0.42642274498939514,-0.13688644766807556,0.7055149078369141,0.4356672167778015,-0.03672022372484207,0.7746587991714478,0.4081161618232727,-0.12828192114830017,0.7095958590507507,0.42640990018844604,-0.04700145497918129,0.779168426990509,0.40911391377449036,-0.1121775358915329,0.7142783999443054,0.4257512092590332,-0.016922052949666977,0.7844838500022888,0.5714385509490967,-0.0656077191233635,0.741599440574646,0.5466689467430115,0.06572509557008743,0.6686350107192993,0.6227731704711914,-0.19572558999061584,0.6407837867736816,0.5813459753990173,-0.06490808725357056,0.5550840497016907,0.7593937516212463,-0.3204498887062073,0.5304730534553528,0.7000894546508789,-0.19611535966396332,0.5422214269638062,0.8025635480880737,-0.3334208130836487,0.5189871191978455,0.7503253221511841,-0.2112809717655182,0.48105278611183167,0.7239741683006287,-0.41865062713623047,0.4634491801261902,0.6659725904464722,-0.2694311738014221,0,1
0.7780219316482544,0.2575375735759735,-0.0001982698740903288,0.7855322957038879,0.24068424105644226,0.0036429637111723423,0.7899667620658875,0.23940546810626984,0.003602874930948019,0.7947001457214355,0.23757095634937286,0.0035055868793278933,0.777167797088623,0.24249699711799622,0.02023029327392578,0.7752841711044312,0.24280086159706116,0.02026270143687725,0.7734825611114502,0.24302062392234802,0.02023022435605526,0.8112486600875854,0.23778699338436127,0.04407685622572899,0.7821897268295288,0.24966765940189362,0.12352590262889862,0.7873431444168091,0.27520209550857544,0.01578407548367977,0.7787026762962341,0.2759813070297241,0.03894976153969765,0.845410168170929,0.33141693472862244,0.023373669013381004,0.7727342844009399,0.3469011187553406,0.18731079995632172,0.8521855473518372,0.4808698296546936,-0.04777806997299194,0.7459836006164551,0.4642605185508728,0.15194617211818695,0.7841207981109619,0.4368742108345032,-0.10131041705608368,0.7136957049369812,0.4375739097595215,-0.019313758239150047,0.7645220756530762,0.43627193570137024,-0.12067550420761108,0.6989511251449585,0.44019410014152527,-0.0509166419506073,0.7642775177955627,0.4199480414390564,-0.11349280923604965,0.7012171745300293,0.42983686923980713,-0.06139790266752243,0.7671024799346924,0.42051395773887634,-0.09647941589355469,0.7084353566169739,0.42953944206237793,-0.03092382289469242,0.7857288122177124,0.5707583427429199,-0.06646103411912918,0.742986798286438,0.5469686985015869,0.06656096875667572,0.6691783666610718,0.6203882694244385,-0.20836281776428223,0.6415397524833679,0.5805928707122803,-0.0648544505238533,0.5574166774749756,0.7584949731826782,-0.3322717249393463,0.532254695892334,0.6996984481811523,-0.1978822499513626,0.544370710849762,0.8033239841461182,-0.3452720046043396,0.5225221514701843,0.7486959099769592,-0.21358411014080048,0.48126882314682007,0.7230046391487122,-0.42788100242614746,0.4620010256767273,0.6664415001869202,-0.27015039324760437,0,1
0.7726637125015259,0.24393539130687714,0.01073977630585432,0.779787540435791,0.227884441614151,0.01269497163593769,0.7837738990783691,0.22662444412708282,0.012643163092434406,0.7883822917938232,0.22486063838005066,0.012553240172564983,0.7713758945465088,0.22969315946102142,0.03170803561806679,0.7696259021759033,0.23061500489711761,0.03171468526124954,0.7681325078010559,0.2317059189081192,0.03166479617357254,0.8041547536849976,0.22639289498329163,0.036959003657102585,0.7779387831687927,0.23996031284332275,0.1241188794374466,0.7823643088340759,0.2606276273727417,0.01812197081744671,0.7732848525047302,0.26363182067871094,0.04490979015827179,0.8441481590270996,0.33007779717445374,0.004119697026908398,0.7654946446418762,0.34446924924850464,0.17968209087848663,0.8402355909347534,0.47980526089668274,-0.05978367477655411,0.7418772578239441,0.4674149751663208,0.15586599707603455,0.7664780020713806,0.4324713349342346,-0.10318399965763092,0.697161078453064,0.4368608295917511,-0.008385137654840946,0.7471739053726196,0.4341462552547455,-0.12200148403644562,0.6823756098747253,0.43880149722099304,-0.04143761470913887,0.7482881546020508,0.4171909689903259,-0.11627193540334702,0.6824819445610046,0.42845094203948975,-0.057904042303562164,0.7530267834663391,0.41793590784072876,-0.09853674471378326,0.6878246665000916,0.4284204840660095,-0.022862765938043594,0.7850935459136963,0.5694981217384338,-0.06644981354475021,0.7412334680557251,0.5464115738868713,0.06656568497419357,0.6681984663009644,0.6186617016792297,-0.22659778594970703,0.6413897275924683,0.5814440846443176,-0.06783275306224823,0.5581572651863098,0.7584037780761719,-0.34883829951286316,0.5321210622787476,0.7014002799987793,-0.20426103472709656,0.5476006269454956,0.8046025633811951,-0.36157506704330444,0.5227224230766296,0.748268723487854,-0.22035105526447296,0.4846534729003906,0.7267738580703735,-0.44936877489089966,0.4616701602935791,0.6651038527488708,-0.2791720926761627,0,1
0.7565725445747375,0.23986689746379852,-0.03602975979447365,0.7646589875221252,0.22253964841365814,-0.036316558718681335,0.7687677145004272,0.22219803929328918,-0.03636102378368378,0.7730848789215088,0.2211075872182846,-0.036374516785144806,0.7561940550804138,0.22253607213497162,-0.016295654699206352,0.7540459036827087,0.22297388315200806,-0.01637970097362995,0.752280592918396,0.22356925904750824,-0.016474615782499313,0.7878440618515015,0.22416962683200836,-0.01449248194694519,0.7612874507904053,0.23192813992500305,0.07504340261220932,0.7650483846664429,0.2580503821372986,-0.02801157534122467,0.7559176087379456,0.2609812617301941,-0.0014784506056457758,0.8242958188056946,0.3308808207511902,-0.05311577394604683,0.7469475269317627,0.34212905168533325,0.15287190675735474,0.8035335540771484,0.4788200855255127,-0.12409581243991852,0.7129970788955688,0.46251198649406433,0.15173402428627014,0.7300443053245544,0.4322012960910797,-0.17906108498573303,0.6619726419448853,0.44089245796203613,-0.018013309687376022,0.7092601656913757,0.4336948096752167,-0.2022700309753418,0.6444178819656372,0.43961578607559204,-0.046688660979270935,0.7090285420417786,0.4174851179122925,-0.1970524936914444,0.6458073854446411,0.43150076270103455,-0.06605849415063858,0.7148599624633789,0.4185618460178375,-0.17503097653388977,0.6523844599723816,0.4330444633960724,-0.033439964056015015,0.7802308201789856,0.5718303322792053,-0.07045047730207443,0.7339740991592407,0.5497610569000244,0.07052504271268845,0.6646895408630371,0.6130417585372925,-0.23097839951515198,0.6383154988288879,0.5735320448875427,-0.08530891686677933,0.5593001246452332,0.7594881653785706,-0.3338702321052551,0.5321007370948792,0.7014360427856445,-0.20137162506580353,0.54893559217453,0.8045491576194763,-0.34504398703575134,0.5214091539382935,0.7444108128547668,-0.21682481467723846,0.4920530915260315,0.7320464849472046,-0.4432409405708313,0.4664090573787689,0.6665879487991333,-0.27928829193115234,0,1
0.7376942038536072,0.2311801016330719,-0.037674058228731155,0.7469550967216492,0.2164989411830902,-0.03575081378221512,0.7507432699203491,0.21598663926124573,-0.035794880241155624,0.7552410364151001,0.21541354060173035,-0.03580230847001076,0.7398036122322083,0.21639496088027954,-0.016585057601332664,0.738218367099762,0.21609598398208618,-0.01665942184627056,0.7368448376655579,0.21583423018455505,-0.016750477254390717,0.7700642347335815,0.22305713593959808,-0.014682781882584095,0.7466834783554077,0.22224552929401398,0.07211369276046753,0.7458268404006958,0.25014132261276245,-0.02993650734424591,0.7373063564300537,0.24870838224887848,-0.005122908391058445,0.7983007431030273,0.32931968569755554,-0.06836692988872528,0.7233219742774963,0.3353715240955353,0.14762310683727264,0.7740257978439331,0.47072309255599976,-0.1581914722919464,0.6795191168785095,0.44485753774642944,0.14309139549732208,0.6943224668502808,0.44274598360061646,-0.22826997935771942,0.6255569458007812,0.44805869460105896,-0.00996263325214386,0.6748353838920593,0.4495494067668915,-0.25325602293014526,0.6060488820075989,0.4517645835876465,-0.034035973250865936,0.6715875267982483,0.43985527753829956,-0.24757444858551025,0.6065215468406677,0.4475473165512085,-0.05594129487872124,0.6789057850837708,0.43837499618530273,-0.22510984539985657,0.6154499650001526,0.446351021528244,-0.025800522416830063,0.7717029452323914,0.5709019303321838,-0.07605709880590439,0.7256643176078796,0.5513057708740234,0.07609628140926361,0.6565011739730835,0.5850747227668762,-0.24541178345680237,0.629653811454773,0.5534204840660095,-0.10090731084346771,0.5579395294189453,0.7537333965301514,-0.36257150769233704,0.5316034555435181,0.699821412563324,-0.23180441558361053,0.5495546460151672,0.7974335551261902,-0.37537312507629395,0.5253440141677856,0.7287063598632812,-0.24661152064800262,0.4986761510372162,0.7176903486251831,-0.4719688296318054,0.472958505153656,0.6676266193389893,-0.3157026171684265,0,1
0.7172865271568298,0.22754143178462982,-0.05855318158864975,0.7267535328865051,0.21351929008960724,-0.04818858578801155,0.7304815053939819,0.21337108314037323,-0.048221077769994736,0.734894871711731,0.2133653461933136,-0.04819101467728615,0.7203058004379272,0.21306392550468445,-0.03519333526492119,0.7190787196159363,0.21265943348407745,-0.035285018384456635,0.7179240584373474,0.2121698409318924,-0.035365886986255646,0.749570906162262,0.222700834274292,0.003070671344175935,0.7257426977157593,0.219121515750885,0.0604122057557106,0.7234703302383423,0.24692942202091217,-0.04074973613023758,0.7159527540206909,0.24462495744228363,-0.024366140365600586,0.7709792256355286,0.3228241205215454,-0.06521998345851898,0.6987659931182861,0.33112242817878723,0.1493443250656128,0.7359282970428467,0.46484237909317017,-0.13820351660251617,0.6518404483795166,0.44283995032310486,0.153641015291214,0.6592884063720703,0.47034183144569397,-0.20850305259227753,0.599541425704956,0.457122802734375,0.01991451159119606,0.6373938322067261,0.48113521933555603,-0.24124804139137268,0.5752583146095276,0.4667927622795105,0.005524568725377321,0.6352630257606506,0.47039365768432617,-0.23068292438983917,0.5754011273384094,0.46214577555656433,-0.028522789478302002,0.6392835974693298,0.4675299823284149,-0.21138036251068115,0.5841791033744812,0.4591687023639679,0.0029990740586072206,0.7600310444831848,0.5690765976905823,-0.080306276679039,0.7173768281936646,0.55082768201828,0.08033968508243561,0.645919144153595,0.5671937465667725,-0.2535896897315979,0.6154353618621826,0.5293761491775513,-0.09203535318374634,0.5531498789787292,0.7465976476669312,-0.3670024275779724,0.531536877155304,0.7008968591690063,-0.19942858815193176,0.5485620498657227,0.7961132526397705,-0.3754790723323822,0.5233632922172546,0.7310433387756348,-0.2114284336566925,0.4974284768104553,0.7226191163063049,-0.4686860144138336,0.47236567735671997,0.6705466508865356,-0.2795007824897766,0,1
0.6912194490432739,0.2265852391719818,-0.20028066635131836,0.7022805213928223,0.2104838490486145,-0.18881985545158386,0.7067663669586182,0.21072228252887726,-0.18878063559532166,0.7114685773849487,0.2113037258386612,-0.18871840834617615,0.6947935819625854,0.20907308161258698,-0.17483320832252502,0.6933354139328003,0.20826515555381775,-0.17497120797634125,0.69194495677948,0.20722636580467224,-0.17502973973751068,0.7238755822181702,0.22289174795150757,-0.11372430622577667,0.6988140940666199,0.21613441407680511,-0.05115242674946785,0.6964035034179688,0.24559347331523895,-0.17239154875278473,0.6887300610542297,0.24363356828689575,-0.15421034395694733,0.7403277158737183,0.3203430473804474,-0.1560390293598175,0.6739739775657654,0.3264268636703491,0.08327238261699677,0.6963436603546143,0.460363507270813,-0.18823793530464172,0.6246768236160278,0.4342924654483795,0.11030353605747223,0.6218459606170654,0.48177531361579895,-0.2060764580965042,0.5827868580818176,0.46153488755226135,-0.017743362113833427,0.6040194630622864,0.50299471616745,-0.2368716448545456,0.5600035190582275,0.4736379384994507,-0.029249638319015503,0.6000634431838989,0.49131762981414795,-0.23489472270011902,0.5588396787643433,0.4710445702075958,-0.060002438724040985,0.6043533086776733,0.4847654104232788,-0.205927774310112,0.5690799355506897,0.4693116545677185,-0.033307649195194244,0.7482970952987671,0.5707007646560669,-0.09565568715333939,0.7095065116882324,0.5515082478523254,0.09551345556974411,0.6343181133270264,0.532987117767334,-0.27860841155052185,0.6015657782554626,0.5002956986427307,-0.03257586061954498,0.5533626079559326,0.7305575609207153,-0.33832287788391113,0.5302694439888,0.6981740593910217,-0.09329698979854584,0.5529160499572754,0.7863743305206299,-0.34327003359794617,0.5339490175247192,0.732762336730957,-0.10182831436395645,0.4980803430080414,0.7231449484825134,-0.432656466960907,0.4743865430355072,0.6851714849472046,-0.16331949830055237,0,1
0.6631460189819336,0.22402697801589966,-0.2811174988746643,0.6747370958328247,0.2078218013048172,-0.2728593945503235,0.6786110997200012,0.20859774947166443,-0.2728503346443176,0.6826438903808594,0.20969516038894653,-0.27282699942588806,0.6664364337921143,0.20636464655399323,-0.25715672969818115,0.6646692752838135,0.2057175487279892,-0.2572900056838989,0.6630666851997375,0.20492708683013916,-0.2573161721229553,0.6941405534744263,0.22307291626930237,-0.20283453166484833,0.6690599322319031,0.2151670604944229,-0.13210496306419373,0.6682490110397339,0.24544182419776917,-0.2544192969799042,0.6590255498886108,0.24359823763370514,-0.23377041518688202,0.7077497839927673,0.31939005851745605,-0.2443482130765915,0.6447339653968811,0.32605424523353577,0.01678120344877243,0.661257803440094,0.4590282440185547,-0.28245431184768677,0.5935709476470947,0.43414729833602905,0.06471901386976242,0.5803410410881042,0.4913606345653534,-0.29818376898765564,0.5361278653144836,0.4729503095149994,-0.030347317457199097,0.557052493095398,0.5050749182701111,-0.33481162786483765,0.5153562426567078,0.48647820949554443,-0.043053559958934784,0.5522570013999939,0.4945240914821625,-0.33166927099227905,0.5139755010604858,0.48455020785331726,-0.07786522060632706,0.5610445737838745,0.4895661771297455,-0.29812759160995483,0.5210351347923279,0.4820323586463928,-0.04865705594420433,0.7332128882408142,0.5730252861976624,-0.10368754714727402,0.6934224367141724,0.5580332279205322,0.10360418260097504,0.6130170226097107,0.5155029892921448,-0.27383747696876526,0.5844125747680664,0.4941686987876892,0.029424583539366722,0.5510464310646057,0.7259595990180969,-0.2784087061882019,0.5289584398269653,0.6965091228485107,-0.007675430737435818,0.5541665554046631,0.7833954691886902,-0.28141945600509644,0.5329446196556091,0.7266160845756531,-0.01463983952999115,0.5014103651046753,0.7155569195747375,-0.36016029119491577,0.47336721420288086,0.6881607174873352,-0.06765169650316238,0,1
0.6285921335220337,0.2206239253282547,-0.2650822699069977,0.6396775841712952,0.20639444887638092,-0.2625958323478699,0.6427969336509705,0.2069038599729538,-0.26260751485824585,0.6461378931999207,0.20814889669418335,-0.2626255452632904,0.6336642503738403,0.2061200737953186,-0.24004516005516052,0.6327061057090759,0.20595885813236237,-0.24015621840953827,0.6319481134414673,0.20562298595905304,-0.24017783999443054,0.6605063080787659,0.22542349994182587,-0.21095748245716095,0.6437172889709473,0.21803773939609528,-0.10830453783273697,0.6318691968917847,0.24390952289104462,-0.24536967277526855,0.6259080767631531,0.24201704561710358,-0.21555328369140625,0.6767541170120239,0.32701408863067627,-0.2732909321784973,0.6180789470672607,0.3311327397823334,0.045616768300533295,0.6225513815879822,0.4604448676109314,-0.3366661071777344,0.563242495059967,0.4389171898365021,0.08056387305259705,0.545694887638092,0.4944562315940857,-0.355348140001297,0.5019468069076538,0.4907803535461426,-0.03499868884682655,0.521873414516449,0.5151879787445068,-0.4012843668460846,0.4867517948150635,0.49915626645088196,-0.03261039778590202,0.5176249742507935,0.5057607293128967,-0.39398831129074097,0.4857051372528076,0.49921315908432007,-0.0789177194237709,0.5221294164657593,0.4989193379878998,-0.3548904359340668,0.4919230341911316,0.4973333477973938,-0.04835554584860802,0.7193526029586792,0.5824649930000305,-0.11909441649913788,0.6823682188987732,0.570253312587738,0.1189572811126709,0.5980696678161621,0.5008863806724548,-0.27253541350364685,0.567220151424408,0.47995197772979736,0.07645215094089508,0.5438557267189026,0.7245163917541504,-0.26900213956832886,0.5275030136108398,0.6938534379005432,0.0513172447681427,0.5488714575767517,0.7822555303573608,-0.2702808678150177,0.5319629311561584,0.7288274765014648,0.04468141123652458,0.48830103874206543,0.7215582728385925,-0.35367685556411743,0.47122707962989807,0.6955353021621704,-0.011149975471198559,0,1
0.5951073169708252,0.22176216542720795,-0.17377322912216187,0.6053861379623413,0.20968608558177948,-0.18578310310840607,0.6078025698661804,0.21025602519512177,-0.18581737577915192,0.610690176486969,0.2111273854970932,-0.1858348250389099,0.6018756628036499,0.2093333750963211,-0.1558932363986969,0.6018755435943604,0.20950061082839966,-0.15602464973926544,0.6020594835281372,0.20955322682857513,-0.15604868531227112,0.6260213255882263,0.22994713485240936,-0.18976642191410065,0.6150565147399902,0.22392046451568604,-0.05953322723507881,0.5982335805892944,0.24480538070201874,-0.17586055397987366,0.5936926603317261,0.24328579008579254,-0.13636498153209686,0.6454160213470459,0.3396184742450714,-0.2574368119239807,0.592784583568573,0.3394686281681061,0.049441806972026825,0.5798604488372803,0.4772222638130188,-0.3119416832923889,0.5393308401107788,0.45555388927459717,0.07402944564819336,0.49452152848243713,0.500887393951416,-0.32324475049972534,0.47178030014038086,0.4960869550704956,0.01753661409020424,0.4677954614162445,0.5192441344261169,-0.363524466753006,0.45234641432762146,0.5077394843101501,0.017708975821733475,0.4640043377876282,0.5100343823432922,-0.3652796745300293,0.4516076445579529,0.5058051943778992,-0.022161448374390602,0.4734109938144684,0.5070180296897888,-0.3248576521873474,0.45689067244529724,0.5058073997497559,-0.002922909567132592,0.7044076323509216,0.5936455726623535,-0.11483751237392426,0.6682795882225037,0.5827658772468567,0.11469445377588272,0.5895904898643494,0.4881240129470825,-0.24974338710308075,0.5510977506637573,0.46927741169929504,0.11752116680145264,0.5348382592201233,0.7249711155891418,-0.24071760475635529,0.525941789150238,0.690713107585907,0.10369633138179779,0.545505702495575,0.7797548770904541,-0.24039368331432343,0.5308329463005066,0.7334567308425903,0.09954220056533813,0.4693707823753357,0.7311416864395142,-0.30816906690597534,0.4716569483280182,0.706756055355072,0.06021035835146904,0,1
0.5658477544784546,0.23360075056552887,-0.1284468173980713,0.5759634375572205,0.2203473150730133,-0.1412133276462555,0.5786486864089966,0.22067120671272278,-0.14124618470668793,0.5815204977989197,0.22075127065181732,-0.14124414324760437,0.5720173716545105,0.22008156776428223,-0.11194121837615967,0.572096049785614,0.22030533850193024,-0.11205687373876572,0.5724068284034729,0.2204030603170395,-0.11208336055278778,0.5967501401901245,0.23606200516223907,-0.1539706289768219,0.5859310030937195,0.23232057690620422,-0.02089860290288925,0.5698658227920532,0.2544623911380768,-0.1309194415807724,0.5652218461036682,0.2537585198879242,-0.09268400073051453,0.6176153421401978,0.34809717535972595,-0.23323407769203186,0.5695196986198425,0.3506324887275696,0.09628566354513168,0.5376075506210327,0.48886069655418396,-0.2628730237483978,0.5146042704582214,0.46959033608436584,0.13561150431632996,0.4487936496734619,0.5242006778717041,-0.2567164897918701,0.4357275366783142,0.5104696750640869,0.08804096281528473,0.4266245365142822,0.5389041900634766,-0.29492661356925964,0.4190455377101898,0.519919753074646,0.0965195894241333,0.4227519631385803,0.5261096954345703,-0.27718257904052734,0.41764402389526367,0.5181987881660461,0.05972437188029289,0.4313724637031555,0.5225963592529297,-0.2511909604072571,0.42389044165611267,0.5198621153831482,0.06997618824243546,0.6875673532485962,0.5958661437034607,-0.11225257813930511,0.6549925804138184,0.5912467837333679,0.11202725023031235,0.5714897513389587,0.4777357280254364,-0.21707245707511902,0.5397300720214844,0.4658779501914978,0.172936350107193,0.5298271179199219,0.717179000377655,-0.18866823613643646,0.5229617357254028,0.6835958361625671,0.1972973346710205,0.5399813652038574,0.7729974389076233,-0.1861703097820282,0.5312584638595581,0.7226783633232117,0.19744747877120972,0.46771639585494995,0.7236637473106384,-0.23978646099567413,0.4683448374271393,0.7038145065307617,0.1735643893480301,0,1
0.5399870872497559,0.24734914302825928,-0.11716233193874359,0.5489622950553894,0.23263852298259735,-0.12900295853614807,0.5516813397407532,0.233236625790596,-0.1290501058101654,0.5548080205917358,0.23367473483085632,-0.12907151877880096,0.5451967716217041,0.23265521228313446,-0.09884627163410187,0.5452609062194824,0.23269136250019073,-0.0989343598484993,0.5455459356307983,0.23260712623596191,-0.09896630793809891,0.5703555345535278,0.24628189206123352,-0.1458720862865448,0.5603449940681458,0.24319222569465637,-0.0010878801112994552,0.5450230836868286,0.2678670287132263,-0.11831816285848618,0.5401692986488342,0.2680877149105072,-0.07913599908351898,0.5865825414657593,0.35437625646591187,-0.23966078460216522,0.5552231669425964,0.3574668765068054,0.12396429479122162,0.5072095990180969,0.49647408723831177,-0.28958338499069214,0.49168825149536133,0.471206396818161,0.1493820995092392,0.41473811864852905,0.5317230224609375,-0.26295581459999084,0.4110623896121979,0.519938051700592,0.08965399861335754,0.3928876221179962,0.5516709089279175,-0.3040241301059723,0.3936562240123749,0.5347704887390137,0.09814734011888504,0.38830268383026123,0.5409948825836182,-0.2792578339576721,0.39054208993911743,0.5309031009674072,0.06277967989444733,0.39620649814605713,0.53541100025177,-0.2544475197792053,0.3975384831428528,0.5281881093978882,0.0718412697315216,0.6663024425506592,0.5966387391090393,-0.11701683700084686,0.6434104442596436,0.5927181243896484,0.11681868880987167,0.5509969592094421,0.4778840243816376,-0.21513280272483826,0.5289348363876343,0.4649623930454254,0.22142474353313446,0.5291041731834412,0.7168840765953064,-0.18618746101856232,0.51988685131073,0.6802800297737122,0.26888495683670044,0.5400308966636658,0.7732431888580322,-0.18357083201408386,0.5319513082504272,0.7069949507713318,0.2717859148979187,0.45986026525497437,0.7181127071380615,-0.22879555821418762,0.4642714560031891,0.6943263411521912,0.2572326064109802,0,1
0.5208473801612854,0.2509147524833679,-0.1210622787475586,0.5292613506317139,0.23592334985733032,-0.13674360513687134,0.5317575335502625,0.23625704646110535,-0.13679352402687073,0.5347083806991577,0.23658274114131927,-0.13682188093662262,0.5257148146629333,0.23534689843654633,-0.10428810119628906,0.5258663892745972,0.23512759804725647,-0.10437853634357452,0.526283860206604,0.23484118282794952,-0.10442249476909637,0.5508360266685486,0.2492542713880539,-0.15896596014499664,0.5419213771820068,0.24573779106140137,-0.011018620803952217,0.5266221165657043,0.2718788683414459,-0.12662912905216217,0.5224880576133728,0.27161604166030884,-0.08426640182733536,0.5728006362915039,0.35564491152763367,-0.2441556453704834,0.5434767603874207,0.3577232360839844,0.1123238056898117,0.4949360489845276,0.49532997608184814,-0.3034496307373047,0.4733293652534485,0.4684891104698181,0.13930721580982208,0.39707785844802856,0.5365365743637085,-0.29829972982406616,0.3936355710029602,0.5246140360832214,0.07989136129617691,0.3734055459499359,0.5562301874160767,-0.3450931906700134,0.37299931049346924,0.5410877466201782,0.0801483541727066,0.3674735128879547,0.547896683216095,-0.32158470153808594,0.3677019476890564,0.539854884147644,0.043787382543087006,0.37569743394851685,0.5424174070358276,-0.2913779616355896,0.374952495098114,0.5377348065376282,0.060678631067276,0.6531997919082642,0.5997800230979919,-0.1176442950963974,0.6351742744445801,0.5944064855575562,0.11747588217258453,0.5309208631515503,0.47246310114860535,-0.1806088089942932,0.5138220191001892,0.46205219626426697,0.19170279800891876,0.5272373557090759,0.7141985297203064,-0.11488417536020279,0.5232212543487549,0.6803490519523621,0.26451510190963745,0.5392779111862183,0.7686843276023865,-0.1093347892165184,0.5424721240997314,0.7078545689582825,0.2704302966594696,0.4597317576408386,0.7054226994514465,-0.150282084941864,0.4776778817176819,0.7023137211799622,0.25680679082870483,0,1
0.5104236602783203,0.2511771619319916,-0.15553656220436096,0.5191022157669067,0.23600472509860992,-0.17097796499729156,0.521639347076416,0.23620222508907318,-0.17104671895503998,0.5247877836227417,0.2363332360982895,-0.17110678553581238,0.5158429741859436,0.2352636754512787,-0.13668474555015564,0.5160671472549438,0.2350364625453949,-0.13674241304397583,0.5165479779243469,0.23473423719406128,-0.13677528500556946,0.5413702726364136,0.2490837126970291,-0.18448317050933838,0.5324364304542542,0.24560871720314026,-0.02897009626030922,0.5158510804176331,0.27283206582069397,-0.15767692029476166,0.5116719007492065,0.27236393094062805,-0.1130489856004715,0.5595794916152954,0.35441115498542786,-0.27638882398605347,0.535071611404419,0.3600691854953766,0.10987995564937592,0.47160202264785767,0.4871850311756134,-0.35529428720474243,0.46205148100852966,0.46756020188331604,0.1194092258810997,0.37355050444602966,0.536173403263092,-0.3540462255477905,0.3775772452354431,0.5336650013923645,0.033861469477415085,0.349187970161438,0.5559758543968201,-0.40557584166526794,0.3546943664550781,0.5485227704048157,0.031358130276203156,0.3456887900829315,0.5498978495597839,-0.3826170861721039,0.35265421867370605,0.5482128858566284,-0.010967846028506756,0.35358726978302,0.5448772311210632,-0.3475756347179413,0.3600863516330719,0.5463954210281372,0.011166665703058243,0.6379633545875549,0.6041248440742493,-0.12082014977931976,0.6200249195098877,0.6007041931152344,0.1206168383359909,0.5160937309265137,0.463469922542572,-0.14971759915351868,0.5015356540679932,0.45286378264427185,0.21404962241649628,0.5275839567184448,0.6972607374191284,-0.01063198409974575,0.5270971655845642,0.6700153946876526,0.31185096502304077,0.5430434942245483,0.7443026304244995,0.0035734125413000584,0.545993447303772,0.6967958211898804,0.3206167221069336,0.4667079448699951,0.7069188952445984,-0.011289045214653015,0.4770604968070984,0.6959398984909058,0.31242841482162476,0,1
0.5051681399345398,0.24867118895053864,-0.21215851604938507,0.5145236849784851,0.2338421493768692,-0.227746844291687,0.5174655318260193,0.23409722745418549,-0.22780975699424744,0.5206119418144226,0.23446829617023468,-0.22785969078540802,0.5106526613235474,0.23277835547924042,-0.19265800714492798,0.510747492313385,0.23250268399715424,-0.192707821726799,0.5111685991287231,0.23214910924434662,-0.19273844361305237,0.5359203815460205,0.24804359674453735,-0.23828060925006866,0.5261648893356323,0.24418894946575165,-0.08012939989566803,0.5099011063575745,0.2706778347492218,-0.21362952888011932,0.5049687623977661,0.27049413323402405,-0.1679527461528778,0.5505231022834778,0.3535817265510559,-0.32594048976898193,0.5270721912384033,0.358874648809433,0.0590963140130043,0.46254926919937134,0.4844564199447632,-0.41458621621131897,0.4450940191745758,0.46334308385849,0.05973039194941521,0.36110901832580566,0.5351488590240479,-0.4301912188529968,0.3585725426673889,0.531031608581543,-0.03311147168278694,0.3348006010055542,0.5545476675033569,-0.4867948591709137,0.33471643924713135,0.5455923080444336,-0.03891344368457794,0.33016708493232727,0.5482140779495239,-0.4636017382144928,0.3316252827644348,0.5449127554893494,-0.08255355805158615,0.3390081822872162,0.5432769060134888,-0.4247457981109619,0.3397602140903473,0.5434224009513855,-0.057094477117061615,0.6292856931686401,0.6062319278717041,-0.12313173711299896,0.609211802482605,0.6053260564804077,0.12291421741247177,0.5026499629020691,0.46516481041908264,-0.1697232574224472,0.4886552691459656,0.4561227262020111,0.2560376524925232,0.525611400604248,0.6979535222053528,-0.05097761005163193,0.5306082963943481,0.6692301630973816,0.3578893542289734,0.5455261468887329,0.7424167990684509,-0.039514049887657166,0.5469024777412415,0.7042479515075684,0.3669997453689575,0.4683160185813904,0.7142735123634338,-0.06943213939666748,0.48828011751174927,0.6928361654281616,0.3502582013607025,0,1
0.5013687014579773,0.2468797266483307,-0.17219503223896027,0.5109015703201294,0.2318735122680664,-0.19171142578125,0.5135599374771118,0.23197750747203827,-0.191801518201828,0.516476035118103,0.23225046694278717,-0.1918756067752838,0.5075281858444214,0.23062188923358917,-0.1532992124557495,0.5078669786453247,0.2302417755126953,-0.15332314372062683,0.5084348917007446,0.22983436286449432,-0.15333354473114014,0.5319092869758606,0.24626044929027557,-0.22417835891246796,0.5235206484794617,0.24235232174396515,-0.04592856019735336,0.5060372948646545,0.26929551362991333,-0.1799454689025879,0.5015733242034912,0.26875489950180054,-0.1299123466014862,0.5455273389816284,0.355516254901886,-0.3240760862827301,0.5273860096931458,0.35765695571899414,0.09269972145557404,0.4591030180454254,0.48099464178085327,-0.3989963233470917,0.44578272104263306,0.4579389691352844,0.09279385954141617,0.35599035024642944,0.5339446663856506,-0.41941946744918823,0.35715964436531067,0.5303309559822083,-0.001997288316488266,0.3300696015357971,0.5528721213340759,-0.4693802297115326,0.33343446254730225,0.5441754460334778,-0.003898966358974576,0.32651767134666443,0.5475860834121704,-0.45712870359420776,0.33062973618507385,0.5439902544021606,-0.05146174505352974,0.3353772759437561,0.5422592759132385,-0.42356371879577637,0.3382323384284973,0.5424999594688416,-0.027577534317970276,0.6260440349578857,0.6070100665092468,-0.12685911357402802,0.609499454498291,0.6048184037208557,0.12670759856700897,0.49820056557655334,0.46518605947494507,-0.14069285988807678,0.48790597915649414,0.4583556354045868,0.23921234905719757,0.5211349129676819,0.6939085125923157,0.06189504265785217,0.530470073223114,0.6722074151039124,0.34958767890930176,0.5421888828277588,0.7375476360321045,0.08318214118480682,0.5481157898902893,0.7042316198348999,0.35969582200050354,0.4689056873321533,0.7070851922035217,0.09028686583042145,0.49697989225387573,0.7017862200737,0.39293336868286133,0,1
0.5038107633590698,0.24491916596889496,-0.16877731680870056,0.5132557153701782,0.22845937311649323,-0.18901750445365906,0.5159794092178345,0.22872692346572876,-0.18910206854343414,0.5189257860183716,0.2290385365486145,-0.1891622245311737,0.5097975134849548,0.2275174856185913,-0.1506960093975067,0.5100754499435425,0.2273089736700058,-0.15072014927864075,0.5106011033058167,0.2271074652671814,-0.15073998272418976,0.5342714786529541,0.24349072575569153,-0.21606414020061493,0.5256284475326538,0.23924914002418518,-0.047565653920173645,0.5086066126823425,0.26740097999572754,-0.17807769775390625,0.5040719509124756,0.2672261893749237,-0.12815743684768677,0.549608051776886,0.3541461229324341,-0.3093322515487671,0.5268575549125671,0.3580632209777832,0.0881611555814743,0.4619060456752777,0.476871520280838,-0.3936641216278076,0.44684267044067383,0.45824047923088074,0.09233066439628601,0.3616519570350647,0.5331974625587463,-0.3994431495666504,0.3604499101638794,0.530116856098175,0.0015275829937309027,0.3348492980003357,0.5526139736175537,-0.4532303214073181,0.33537226915359497,0.5439018607139587,-0.0008443791302852333,0.3309803605079651,0.5472835302352905,-0.4277050495147705,0.33278363943099976,0.5438594222068787,-0.045708995312452316,0.3403394818305969,0.5418573021888733,-0.39270272850990295,0.3410300612449646,0.5421628952026367,-0.022878658026456833,0.626915454864502,0.6054103970527649,-0.12634623050689697,0.6091325283050537,0.6044155955314636,0.1261707842350006,0.49982085824012756,0.46258848905563354,-0.15200689435005188,0.486192524433136,0.4579640328884125,0.2056647539138794,0.521902859210968,0.6883453130722046,0.030276771634817123,0.5319873690605164,0.6686937808990479,0.27940675616264343,0.5428215861320496,0.7302494645118713,0.049920592457056046,0.5511630177497864,0.7029942870140076,0.28586545586586,0.47011083364486694,0.7029990553855896,0.04901910573244095,0.49957284331321716,0.7042446136474609,0.2768882215023041,0,1
0.5193356275558472,0.23548142611980438,-0.1326274573802948,0.5289254784584045,0.21665126085281372,-0.1503436416387558,0.5318517684936523,0.21715626120567322,-0.15042227506637573,0.5350857973098755,0.21813347935676575,-0.15044274926185608,0.5247077345848083,0.21669448912143707,-0.11406780779361725,0.5245576500892639,0.2166600376367569,-0.11410477012395859,0.5246679186820984,0.2166610062122345,-0.11414334923028946,0.5500348806381226,0.23439110815525055,-0.17612990736961365,0.5380758047103882,0.22935281693935394,-0.013979705981910229,0.5246509909629822,0.25833964347839355,-0.14087383449077606,0.5189327597618103,0.25938764214515686,-0.0937301442027092,0.5724882483482361,0.3480760455131531,-0.27692022919654846,0.5371528267860413,0.36037954688072205,0.11671264469623566,0.48737794160842896,0.47107282280921936,-0.36373353004455566,0.4717862606048584,0.4593450427055359,0.1295328587293625,0.3934360444545746,0.5285332798957825,-0.36945685744285583,0.38984519243240356,0.5253629684448242,0.04301869124174118,0.3710799515247345,0.5482300519943237,-0.41620486974716187,0.37183672189712524,0.5397854447364807,0.043839648365974426,0.3661373555660248,0.5399965047836304,-0.4007628858089447,0.3682458996772766,0.5381943583488464,0.0009490955853834748,0.37459760904312134,0.5345280766487122,-0.36443790793418884,0.37562793493270874,0.5365424752235413,0.020401326939463615,0.6321201920509338,0.6040729284286499,-0.12413913011550903,0.6099928617477417,0.6074348092079163,0.12389124929904938,0.5193082094192505,0.46621963381767273,-0.19739219546318054,0.495772123336792,0.47301703691482544,0.22356358170509338,0.5219086408615112,0.6924963593482971,-0.09350630640983582,0.5344511270523071,0.6751514077186584,0.22799763083457947,0.5379791855812073,0.7411525249481201,-0.08207772672176361,0.5573263764381409,0.7075164318084717,0.2191390097141266,0.4661361575126648,0.7044835686683655,-0.12244538962841034,0.5052237510681152,0.7178748846054077,0.21522033214569092,0,1
0.5560339689254761,0.22423356771469116,-0.20915742218494415,0.5664510130882263,0.20738571882247925,-0.22494813799858093,0.5695453882217407,0.20800574123859406,-0.2250266820192337,0.5728024244308472,0.20850346982479095,-0.22508104145526886,0.5613995790481567,0.20553748309612274,-0.18945834040641785,0.5609961748123169,0.20496143400669098,-0.18952497839927673,0.560789167881012,0.204476460814476,-0.18957450985908508,0.5886595249176025,0.22586384415626526,-0.24339386820793152,0.573171854019165,0.21756020188331604,-0.08300639688968658,0.5615861415863037,0.24830512702465057,-0.21437668800354004,0.5543355345726013,0.249232679605484,-0.16768352687358856,0.6104177236557007,0.3472616970539093,-0.3295370042324066,0.5565921068191528,0.3479587435722351,0.05081140995025635,0.531781792640686,0.4752389192581177,-0.4164670407772064,0.5018873810768127,0.4547012746334076,0.08422653377056122,0.4418093264102936,0.5290234684944153,-0.44117894768714905,0.43258562684059143,0.5126835107803345,-0.004947173409163952,0.4199461042881012,0.5489675402641296,-0.4955645501613617,0.4133206009864807,0.5265710353851318,-0.011161494068801403,0.41681256890296936,0.5382722616195679,-0.4792761206626892,0.41205915808677673,0.5231318473815918,-0.0512453131377697,0.42289796471595764,0.5329501628875732,-0.4377523362636566,0.4179978370666504,0.5210285186767578,-0.026594460010528564,0.6526004076004028,0.6056873798370361,-0.12416665256023407,0.616787314414978,0.5997239947319031,0.12392783164978027,0.5455557107925415,0.4633551239967346,-0.2370738983154297,0.511897623538971,0.4611397087574005,0.21391531825065613,0.5187066793441772,0.6988009810447693,-0.16521961987018585,0.5241413712501526,0.6679115891456604,0.2760692238807678,0.5294415950775146,0.7547587156295776,-0.15847523510456085,0.5380900502204895,0.7044110894203186,0.27930134534835815,0.4598851799964905,0.6969779133796692,-0.21064357459545135,0.46913695335388184,0.6924801468849182,0.2588180601596832,0,1
0.5996845960617065,0.22159531712532043,-0.2940138578414917,0.6097115278244019,0.20511360466480255,-0.29383745789527893,0.6133878231048584,0.20559829473495483,-0.29384714365005493,0.6176680326461792,0.20619533956050873,-0.29385703802108765,0.6030877232551575,0.20354481041431427,-0.2668881416320801,0.6018921732902527,0.20286419987678528,-0.2669874429702759,0.6007913947105408,0.2021428644657135,-0.26704785227775574,0.634994626045227,0.22310447692871094,-0.247737854719162,0.6124120950698853,0.21486835181713104,-0.12333521991968155,0.6063119173049927,0.24626190960407257,-0.27508851885795593,0.597894549369812,0.24611136317253113,-0.23954518139362335,0.6528350114822388,0.3478168845176697,-0.32049620151519775,0.5992195010185242,0.334262877702713,0.03595994785428047,0.5644089579582214,0.4666682779788971,-0.3861005902290344,0.5417196750640869,0.42689159512519836,0.07132862508296967,0.4831974506378174,0.49652016162872314,-0.41240859031677246,0.47460493445396423,0.48336464166641235,-0.03574960678815842,0.4637880325317383,0.5090808868408203,-0.45812472701072693,0.4590061604976654,0.4910142719745636,-0.046198923140764236,0.4604448676109314,0.49761468172073364,-0.45451822876930237,0.4580443799495697,0.4927753806114197,-0.0883922353386879,0.4684050679206848,0.49744343757629395,-0.41459211707115173,0.4642564654350281,0.49282538890838623,-0.05827801674604416,0.6771786212921143,0.605412483215332,-0.1223127618432045,0.6387019157409668,0.5893301367759705,0.12199030816555023,0.5831553936004639,0.46497052907943726,-0.3024090528488159,0.5358180999755859,0.4609353840351105,0.13402655720710754,0.5254883170127869,0.7067655324935913,-0.3023833632469177,0.524498701095581,0.6865949034690857,0.12570741772651672,0.5305549502372742,0.7661198973655701,-0.30315089225769043,0.5366458892822266,0.7285598516464233,0.1214398518204689,0.46088504791259766,0.7019252181053162,-0.37866026163101196,0.4709413945674896,0.6971192359924316,0.07943160086870193,0,1
0.6447244882583618,0.22436442971229553,-0.2741580307483673,0.6538291573524475,0.20699146389961243,-0.24495801329612732,0.6579340100288391,0.20722651481628418,-0.2448720484972,0.6621249318122864,0.20737864077091217,-0.2447783499956131,0.6461330652236938,0.20643319189548492,-0.23956918716430664,0.6446403861045837,0.20636065304279327,-0.23966841399669647,0.6434630155563354,0.20615427196025848,-0.23972725868225098,0.6781574487686157,0.22221499681472778,-0.17640578746795654,0.6557718515396118,0.2162066400051117,-0.07735960930585861,0.6540634036064148,0.24734652042388916,-0.22372882068157196,0.6446443796157837,0.2471388876438141,-0.21106228232383728,0.7022539377212524,0.3335290551185608,-0.2349574863910675,0.6378936171531677,0.33315494656562805,0.06877841055393219,0.6271178126335144,0.42279404401779175,-0.3323057293891907,0.5756402015686035,0.41129937767982483,0.08420254290103912,0.5419556498527527,0.4564598500728607,-0.37238481640815735,0.5073534250259399,0.45496848225593567,-0.057033080607652664,0.5156287550926208,0.46617257595062256,-0.4187670350074768,0.48945027589797974,0.46128571033477783,-0.07924996316432953,0.5128291845321655,0.46253126859664917,-0.40647974610328674,0.489849328994751,0.46291348338127136,-0.11564640700817108,0.5211055874824524,0.4605807363986969,-0.3695482909679413,0.49645012617111206,0.4630780518054962,-0.0781979188323021,0.7025899887084961,0.5942831039428711,-0.11256282031536102,0.661857008934021,0.583370566368103,0.1122278943657875,0.5954974889755249,0.48771655559539795,-0.3092029392719269,0.5576738119125366,0.4729958772659302,0.03304150700569153,0.5414270758628845,0.7159050107002258,-0.3363630175590515,0.5190284252166748,0.6956660151481628,-0.017866332083940506,0.5455138087272644,0.7780565619468689,-0.3390878736972809,0.5255701541900635,0.7323246598243713,-0.02581535279750824,0.47977781295776367,0.7193113565444946,-0.41976991295814514,0.4626060426235199,0.706184446811676,-0.08376184105873108,0,1
0.6831601858139038,0.2375688999891281,-0.12155715376138687,0.6914001703262329,0.21903380751609802,-0.11242131143808365,0.6953731179237366,0.218161478638649,-0.11236703395843506,0.6995747685432434,0.21700355410575867,-0.11228927224874496,0.683701753616333,0.2193896621465683,-0.09455371648073196,0.6822357177734375,0.21911755204200745,-0.09463344514369965,0.6809670329093933,0.2187936007976532,-0.09470387548208237,0.7136977314949036,0.22366558015346527,-0.04945434257388115,0.6910046339035034,0.2240254133939743,0.03180632367730141,0.6924313306808472,0.2564017176628113,-0.09886287152767181,0.6829887628555298,0.25677061080932617,-0.07532162964344025,0.7388156652450562,0.3306329548358917,-0.11984042823314667,0.6734200716018677,0.3327716290950775,0.14546236395835876,0.6719156503677368,0.425334095954895,-0.2190243899822235,0.6099023222923279,0.40605002641677856,0.13454869389533997,0.5922737717628479,0.4492819905281067,-0.27487146854400635,0.5498645305633545,0.4395017921924591,-0.03665981441736221,0.5706221461296082,0.4589565694332123,-0.3078675866127014,0.5288741588592529,0.45049339532852173,-0.06153581663966179,0.5669341683387756,0.4534701108932495,-0.30321547389030457,0.5293590426445007,0.4485306739807129,-0.07949559390544891,0.5726077556610107,0.45202285051345825,-0.27325835824012756,0.5379098653793335,0.4464237689971924,-0.050687484443187714,0.7230621576309204,0.5863648056983948,-0.10417293012142181,0.6855422258377075,0.5677651166915894,0.10381048917770386,0.6073560118675232,0.5072133541107178,-0.31056803464889526,0.5746212601661682,0.4805028736591339,0.02819119021296501,0.5472725033760071,0.7230589389801025,-0.3782540261745453,0.5160510540008545,0.7003695964813232,-0.03972318023443222,0.5492129325866699,0.7817708253860474,-0.38426917791366577,0.5161474347114563,0.7458592057228088,-0.04801854118704796,0.48680752515792847,0.7250757217407227,-0.4555942118167877,0.46291953325271606,0.6990081071853638,-0.09480855613946915,0,1
0.7143318057060242,0.24927005171775818,-0.0693310797214508,0.7228399515151978,0.23123027384281158,-0.0678941011428833,0.727252721786499,0.23031002283096313,-0.06786254793405533,0.7323034405708313,0.22905926406383514,-0.06778864562511444,0.7150800228118896,0.23254884779453278,-0.04627526178956032,0.7140170931816101,0.23257094621658325,-0.046334318816661835,0.7129007577896118,0.23261557519435883,-0.04640252888202667,0.7461516857147217,0.23347072303295135,-0.03156786039471626,0.7202566862106323,0.23756010830402374,0.06619767844676971,0.7240512371063232,0.2672855257987976,-0.05542232468724251,0.714008629322052,0.26803338527679443,-0.02692141756415367,0.774857223033905,0.3315507471561432,-0.10339374840259552,0.7041836977005005,0.3343171775341034,0.1807204782962799,0.7181962728500366,0.42619404196739197,-0.20111675560474396,0.6423918008804321,0.40957915782928467,0.21784727275371552,0.6394622325897217,0.45064523816108704,-0.2749512195587158,0.5890677571296692,0.43974995613098145,0.10980595648288727,0.6165425181388855,0.46580085158348083,-0.30759426951408386,0.5691134929656982,0.44966667890548706,0.0999879390001297,0.6152856349945068,0.45909178256988525,-0.30353060364723206,0.5687907338142395,0.44691595435142517,0.07373153418302536,0.6224693655967712,0.4558594524860382,-0.2731859087944031,0.5787333250045776,0.4461989402770996,0.09510023891925812,0.740543782711029,0.5853108167648315,-0.10399341583251953,0.7035502195358276,0.5656932592391968,0.10377190262079239,0.6222392916679382,0.5242664217948914,-0.2888733744621277,0.5938944816589355,0.4901954233646393,0.01683807000517845,0.5482209324836731,0.7333037257194519,-0.3616373836994171,0.5165401101112366,0.6991856694221497,-0.04433806613087654,0.5488492250442505,0.7834184169769287,-0.36641937494277954,0.5143790245056152,0.7434011697769165,-0.051896996796131134,0.48778119683265686,0.7190342545509338,-0.4343201518058777,0.4603230357170105,0.6811838150024414,-0.09470342099666595,0,1
0.7421309947967529,0.25924152135849,-0.008585571311414242,0.7497106790542603,0.24264320731163025,-0.010311663150787354,0.7538055181503296,0.2409781962633133,-0.010290294885635376,0.7588096857070923,0.2394060492515564,-0.010237867943942547,0.7418280839920044,0.24475780129432678,0.00961497612297535,0.7401463985443115,0.24491821229457855,0.009537944570183754,0.7388293743133545,0.24517053365707397,0.009442145004868507,0.7750190496444702,0.24315080046653748,0.00636310363188386,0.747636079788208,0.24728891253471375,0.09480507671833038,0.7505396604537964,0.27703535556793213,-0.001774277538061142,0.7422268390655518,0.2793729305267334,0.02412533387541771,0.8038527369499207,0.3333524167537689,-0.0691317692399025,0.7309180498123169,0.33498936891555786,0.17524930834770203,0.7611997723579407,0.43950480222702026,-0.16724827885627747,0.6722524166107178,0.42374885082244873,0.1791929304599762,0.681555986404419,0.45413216948509216,-0.2329484224319458,0.6166166663169861,0.44173139333724976,0.058667100965976715,0.6634878516197205,0.46823421120643616,-0.25723856687545776,0.6019757986068726,0.4526999294757843,0.040217142552137375,0.6578522324562073,0.46088191866874695,-0.2553577125072479,0.6025089025497437,0.44938960671424866,0.015813389793038368,0.664696991443634,0.4579048156738281,-0.23098807036876678,0.6086179614067078,0.4474130868911743,0.040605805814266205,0.7561675310134888,0.5813209414482117,-0.09159328788518906,0.7183703184127808,0.5568784475326538,0.09147687256336212,0.6334892511367798,0.5525542497634888,-0.217879056930542,0.6099643707275391,0.5203691720962524,-0.02766053006052971,0.5486958622932434,0.7369424700737,-0.29717493057250977,0.5194363594055176,0.697124183177948,-0.11718710511922836,0.5445219278335571,0.7847976088523865,-0.30348432064056396,0.5152738690376282,0.7374382019042969,-0.1267719864845276,0.4833192825317383,0.7144253253936768,-0.3640061318874359,0.4621804356575012,0.678883969783783,-0.16917294263839722,0,1
0.7602423429489136,0.27330756187438965,-0.031053587794303894,0.7658317685127258,0.2552451193332672,-0.031023558229207993,0.7698120474815369,0.2536464333534241,-0.031004782766103745,0.7739771604537964,0.2516607642173767,-0.030979568138718605,0.7589156627655029,0.25760507583618164,-0.013259606435894966,0.7569383382797241,0.2576707601547241,-0.01331520639359951,0.7548995614051819,0.2577464282512665,-0.01341013889759779,0.791005551815033,0.251250296831131,-0.0016403276240453124,0.7622754573822021,0.2607828676700592,0.08007354289293289,0.7689726948738098,0.29039299488067627,-0.018010448664426804,0.7610482573509216,0.29351580142974854,0.005624351091682911,0.8258618116378784,0.33653849363327026,-0.04999880865216255,0.7463129162788391,0.3403046131134033,0.15491317212581635,0.8002501726150513,0.4757150113582611,-0.11454470455646515,0.6969693899154663,0.4418657124042511,0.14658427238464355,0.7194753885269165,0.4737507700920105,-0.1778041571378708,0.6456817984580994,0.4474168121814728,0.012043224647641182,0.7000135779380798,0.4805893301963806,-0.20114679634571075,0.6306061148643494,0.4546796977519989,-0.012663151137530804,0.6959003210067749,0.4678642749786377,-0.20179514586925507,0.6306649446487427,0.45130640268325806,-0.03060447797179222,0.7009851932525635,0.4656844139099121,-0.1766624003648758,0.6368032693862915,0.44925156235694885,-0.0017741512274369597,0.7719212174415588,0.574514627456665,-0.0811946913599968,0.7305092811584473,0.5506327152252197,0.08112545311450958,0.6550145149230957,0.5811037421226501,-0.21141991019248962,0.6287118196487427,0.5507206916809082,-0.043330300599336624,0.5531198382377625,0.7473554015159607,-0.29834023118019104,0.5248690247535706,0.6985757946968079,-0.14685870707035065,0.5452247858047485,0.794840931892395,-0.30706658959388733,0.5213825106620789,0.7387815117835999,-0.15834829211235046,0.48661842942237854,0.7186055779457092,-0.38102924823760986,0.46323996782302856,0.6770416498184204,-0.21417129039764404,0,1
0.7704776525497437,0.280036598443985,-0.04128778725862503,0.7760505676269531,0.2601271867752075,-0.035333387553691864,0.7799248695373535,0.2579032778739929,-0.03520994260907173,0.7842347621917725,0.25519272685050964,-0.03504330292344093,0.7685487866401672,0.2645086646080017,-0.017061080783605576,0.7669782638549805,0.26537543535232544,-0.017221329733729362,0.7656594514846802,0.2662651836872101,-0.017364783212542534,0.8018506765365601,0.25342249870300293,-0.0157212782651186,0.7759197950363159,0.26792627573013306,0.07302922755479813,0.7807785272598267,0.29479947686195374,-0.02727051079273224,0.7728278040885925,0.29766586422920227,-0.002534626517444849,0.8395829200744629,0.3391016125679016,-0.06475552171468735,0.7606766223907471,0.3438670039176941,0.15503692626953125,0.8332793116569519,0.49327579140663147,-0.12088102102279663,0.7256255745887756,0.44582366943359375,0.14205355942249298,0.7525787353515625,0.49447211623191833,-0.17380574345588684,0.6846769452095032,0.4478193521499634,-0.026121050119400024,0.7349036931991577,0.5049735903739929,-0.1979559361934662,0.6731621026992798,0.4550507962703705,-0.053565721958875656,0.7325600981712341,0.48868080973625183,-0.19807323813438416,0.6716071367263794,0.44923532009124756,-0.07192929089069366,0.7366575598716736,0.48233562707901,-0.17179296910762787,0.6773779392242432,0.44910481572151184,-0.04052572697401047,0.7755659222602844,0.581960916519165,-0.07810747623443604,0.7337638735771179,0.5512523055076599,0.07814587652683258,0.6601214408874512,0.6191384792327881,-0.19619257748126984,0.6339552402496338,0.5740976929664612,-0.05349108576774597,0.5587014555931091,0.7592146992683411,-0.269084632396698,0.5343302488327026,0.6995993852615356,-0.13646668195724487,0.5457982420921326,0.8022074103355408,-0.2777663767337799,0.5257112979888916,0.7446908950805664,-0.14676228165626526,0.4909556806087494,0.7265271544456482,-0.3629298210144043,0.4677352011203766,0.6758755445480347,-0.21003074944019318,0,1
0.774084210395813,0.27708110213279724,-0.034318260848522186,0.7794904112815857,0.25802168250083923,-0.0350293293595314,0.78358393907547,0.2561165392398834,-0.03502187877893448,0.7881922721862793,0.2536708414554596,-0.035029567778110504,0.7718027830123901,0.2616850733757019,-0.0168257188051939,0.7701377868652344,0.26241159439086914,-0.016829675063490868,0.7686229348182678,0.2631083130836487,-0.016877297312021255,0.8044782876968384,0.2535877525806427,-0.004745009355247021,0.7776907086372375,0.26598304510116577,0.08064135164022446,0.7842476963996887,0.29277026653289795,-0.020230956375598907,0.7762073278427124,0.2957729995250702,0.004635982681065798,0.8460519909858704,0.3401440680027008,-0.021563692018389702,0.7662999033927917,0.343185693025589,0.1645990014076233,0.8642145991325378,0.49452799558639526,-0.06779147684574127,0.7471174001693726,0.4510781168937683,0.15346196293830872,0.7820166945457458,0.5123741626739502,-0.12692806124687195,0.713778555393219,0.45326220989227295,-0.009471327066421509,0.7635647654533386,0.5252419114112854,-0.1478448361158371,0.7020636796951294,0.4586746096611023,-0.03508371859788895,0.7578157782554626,0.5091865062713623,-0.14542648196220398,0.7011253833770752,0.4478987455368042,-0.0532776415348053,0.7615208029747009,0.5034803748130798,-0.12349382787942886,0.7078832387924194,0.4489199221134186,-0.02426634356379509,0.7829305529594421,0.5838428139686584,-0.07026423513889313,0.741667628288269,0.550947904586792,0.07028671354055405,0.6710621118545532,0.6183610558509827,-0.21025025844573975,0.6431941986083984,0.5792276263237,-0.071464404463768,0.5587919354438782,0.7614427208900452,-0.3079785704612732,0.5347999930381775,0.6998926997184753,-0.18675613403320312,0.5456873178482056,0.8021306991577148,-0.3187452554702759,0.524591326713562,0.747925877571106,-0.19981199502944946,0.4906700551509857,0.7316650152206421,-0.4084737300872803,0.4681057333946228,0.6724781394004822,-0.2627151608467102,0,1
0.7712677121162415,0.27420252561569214,-0.01630985550582409,0.7773247361183167,0.2561419904232025,-0.014335517771542072,0.7814679741859436,0.25416722893714905,-0.014330205507576466,0.7864643335342407,0.251529723405838,-0.014357115142047405,0.7696167230606079,0.25874677300453186,0.0033875666558742523,0.7680732011795044,0.25924527645111084,0.0034064152278006077,0.7667468190193176,0.25987523794174194,0.0033785332925617695,0.8040953874588013,0.2473231703042984,0.020033637061715126,0.7749398350715637,0.2640683650970459,0.10387171804904938,0.781557023525238,0.2877785861492157,-0.002152208238840103,0.773065984249115,0.2889927327632904,0.02234816923737526,0.845295786857605,0.3408273160457611,0.0013121974188834429,0.7655123472213745,0.3428376019001007,0.17286130785942078,0.869122326374054,0.4922070801258087,-0.051734913140535355,0.7458269000053406,0.46184346079826355,0.17282144725322723,0.7872780561447144,0.5103091597557068,-0.1162690669298172,0.7113623023033142,0.47387707233428955,0.023773174732923508,0.7703268527984619,0.5223938226699829,-0.139034241437912,0.699722409248352,0.4847169518470764,-0.0009211273863911629,0.7627817988395691,0.5059519410133362,-0.13552257418632507,0.7007815837860107,0.4744384288787842,-0.019461050629615784,0.7679039239883423,0.502160906791687,-0.11291320621967316,0.7066555619239807,0.4713844656944275,0.011056916788220406,0.7841615080833435,0.582675576210022,-0.06558053195476532,0.7424101233482361,0.5484192371368408,0.06563936173915863,0.6707106828689575,0.6137443780899048,-0.2066960632801056,0.6428760290145874,0.574771523475647,-0.07568667829036713,0.5570090413093567,0.759790301322937,-0.3267948627471924,0.5325602293014526,0.7009672522544861,-0.1976514756679535,0.5431079268455505,0.8022087216377258,-0.33641573786735535,0.5190330743789673,0.7491079568862915,-0.21244871616363525,0.48305946588516235,0.7383414506912231,-0.4236365854740143,0.46189746260643005,0.6681892275810242,-0.27240490913391113,0,1
0.768703818321228,0.26463600993156433,0.002886483445763588,0.7748404741287231,0.24753907322883606,0.007304501719772816,0.7789410352706909,0.24554860591888428,0.007276835851371288,0.7838210463523865,0.24333752691745758,0.007235272321850061,0.7671091556549072,0.24953550100326538,0.02405872754752636,0.7655352354049683,0.24999116361141205,0.024067051708698273,0.7641996741294861,0.2506006956100464,0.024033164605498314,0.8010144233703613,0.24143409729003906,0.04203416779637337,0.7726372480392456,0.25639230012893677,0.120714470744133,0.7788350582122803,0.27868831157684326,0.016210345551371574,0.7702979445457458,0.2794092893600464,0.039161115884780884,0.8419097661972046,0.3397456109523773,0.0036366693675518036,0.7621652483940125,0.3436109721660614,0.18859203159809113,0.8557084798812866,0.4926998019218445,-0.0543629415333271,0.742458164691925,0.46461084485054016,0.20877547562122345,0.7737540006637573,0.5088919997215271,-0.11740750074386597,0.7024010419845581,0.48670879006385803,0.08651863783597946,0.7551285624504089,0.520626425743103,-0.14088451862335205,0.6896666288375854,0.4971563220024109,0.061193156987428665,0.748465895652771,0.5062963962554932,-0.13815203309059143,0.6910348534584045,0.4860875904560089,0.04129790887236595,0.7538270950317383,0.5013958811759949,-0.11455275118350983,0.6965022683143616,0.4855451285839081,0.0724790170788765,0.7857626676559448,0.5790563225746155,-0.06744155287742615,0.7436727285385132,0.548651397228241,0.06750788539648056,0.6683914661407471,0.6133953332901001,-0.203532412648201,0.6413608193397522,0.5731476545333862,-0.06337065249681473,0.5561655163764954,0.7561524510383606,-0.3230167329311371,0.5299450159072876,0.6995687484741211,-0.19538097083568573,0.5434973239898682,0.8011094927787781,-0.3347337245941162,0.5178273320198059,0.7415965795516968,-0.21097660064697266,0.4825281500816345,0.7371081113815308,-0.42177706956863403,0.46039247512817383,0.6605162620544434,-0.2688470780849457,0,1
0.7575823068618774,0.25241541862487793,-0.0737232118844986,0.7658824324607849,0.23631121218204498,-0.07525434345006943,0.7702134847640991,0.23479120433330536,-0.07532171905040741,0.7747715711593628,0.23325727880001068,-0.07534348219633102,0.7582257986068726,0.2382073998451233,-0.05554991215467453,0.7566154599189758,0.2384124994277954,-0.05560144782066345,0.7553389668464661,0.23859138786792755,-0.05565936118364334,0.7903748750686646,0.236307293176651,-0.05722253397107124,0.7677566409111023,0.24387310445308685,0.03148752823472023,0.7671870589256287,0.2698519825935364,-0.06616535782814026,0.7588567137718201,0.27241960167884827,-0.04019668698310852,0.8272203207015991,0.3378322720527649,-0.09616997838020325,0.7536283731460571,0.3452596664428711,0.12149234116077423,0.8299698829650879,0.4937610924243927,-0.16664867103099823,0.7276009321212769,0.46391016244888306,0.12635627388954163,0.7438262701034546,0.5087600350379944,-0.22544708847999573,0.6760034561157227,0.4897899925708771,-0.03570404276251793,0.7226762771606445,0.5207250118255615,-0.2520677149295807,0.6625733971595764,0.5020198822021484,-0.06324099004268646,0.7169628739356995,0.5077207088470459,-0.24655742943286896,0.6630614995956421,0.4940439760684967,-0.08517056703567505,0.7236832976341248,0.5022986531257629,-0.2214900255203247,0.6681638360023499,0.491465300321579,-0.05171169713139534,0.7837311625480652,0.590219259262085,-0.07245157659053802,0.7428132891654968,0.5666941404342651,0.07261906564235687,0.665988564491272,0.6129100918769836,-0.20647236704826355,0.6407943964004517,0.5763958096504211,-0.06769686192274094,0.557358980178833,0.7577073574066162,-0.28826069831848145,0.5332819819450378,0.702116847038269,-0.16434350609779358,0.5481829047203064,0.802976667881012,-0.29846101999282837,0.5205205082893372,0.7427677512168884,-0.17674747109413147,0.4913257658481598,0.7319232225418091,-0.39087772369384766,0.4723551869392395,0.6652147769927979,-0.23878586292266846,0,1
0.7408641576766968,0.24001818895339966,-0.07501620799303055,0.7497092485427856,0.22492681443691254,-0.07336291670799255,0.7538976073265076,0.2240879237651825,-0.07340450584888458,0.7578758597373962,0.22308120131492615,-0.0733816847205162,0.7428539395332336,0.22623229026794434,-0.054944492876529694,0.7414149045944214,0.22627656161785126,-0.05502883344888687,0.7400139570236206,0.22633950412273407,-0.05511636659502983,0.7733818292617798,0.2290661484003067,-0.051774460822343826,0.7514526844024658,0.23258885741233826,0.028983060270547867,0.7493294477462769,0.25923851132392883,-0.0675744116306305,0.7413303852081299,0.2605774402618408,-0.0439683273434639,0.8084735870361328,0.33593347668647766,-0.10513430833816528,0.7325695157051086,0.3452262580394745,0.1093004122376442,0.7911065816879272,0.4919627010822296,-0.17544177174568176,0.6971273422241211,0.4630672335624695,0.0987008661031723,0.7051469683647156,0.5087756514549255,-0.22072121500968933,0.647020697593689,0.5017765760421753,-0.04856244847178459,0.683118462562561,0.5231921672821045,-0.2454584538936615,0.6307233572006226,0.5161376595497131,-0.07506733387708664,0.6792670488357544,0.5118606090545654,-0.24108652770519257,0.6308684945106506,0.5092800855636597,-0.09527280926704407,0.684028148651123,0.5062211155891418,-0.21732234954833984,0.6377097964286804,0.5055980682373047,-0.06349273771047592,0.7794256210327148,0.5890974402427673,-0.07465726137161255,0.7355733513832092,0.5673906207084656,0.07479965686798096,0.6629042029380798,0.5823361873626709,-0.2400805503129959,0.6351492404937744,0.5638850927352905,-0.07727552205324173,0.5572823286056519,0.7543286681175232,-0.33642762899398804,0.5324119925498962,0.7018135190010071,-0.1928223818540573,0.5488406419754028,0.8034136295318604,-0.34748852252960205,0.5211368799209595,0.7387914657592773,-0.20671240985393524,0.4941677153110504,0.7232110500335693,-0.44231653213500977,0.470829576253891,0.6632546782493591,-0.2730714678764343,0,1
0.7204242944717407,0.23465198278427124,-0.07092452049255371,0.7301989197731018,0.21973003447055817,-0.06730833649635315,0.734374463558197,0.21902452409267426,-0.06733071804046631,0.7387102246284485,0.21858029067516327,-0.06729601323604584,0.7230222821235657,0.22028200328350067,-0.04929162189364433,0.7215108275413513,0.22006011009216309,-0.04938139393925667,0.7199931740760803,0.21973946690559387,-0.049460966140031815,0.7546454668045044,0.22825753688812256,-0.04152611643075943,0.730012059211731,0.22634686529636383,0.03830665722489357,0.7278721928596497,0.253801554441452,-0.06208273023366928,0.7194947600364685,0.2520779073238373,-0.03908693417906761,0.7853365540504456,0.3353756368160248,-0.10524997860193253,0.7083157300949097,0.34452781081199646,0.12032447010278702,0.7577906847000122,0.4844816327095032,-0.17302797734737396,0.6721721291542053,0.4634295105934143,0.11288206279277802,0.6736007928848267,0.5161777138710022,-0.21367812156677246,0.6238254904747009,0.5010826587677002,-0.036403678357601166,0.650051474571228,0.5323377847671509,-0.23960523307323456,0.6063222885131836,0.514187216758728,-0.06285898387432098,0.6478952169418335,0.5222823023796082,-0.23528914153575897,0.6055858731269836,0.5082997679710388,-0.08275581896305084,0.6546767950057983,0.5171215534210205,-0.21055248379707336,0.6136730909347534,0.5055588483810425,-0.051163047552108765,0.7708369493484497,0.5770728588104248,-0.08209484815597534,0.7290734052658081,0.5654176473617554,0.08213842660188675,0.6537781357765198,0.5638566613197327,-0.24174237251281738,0.6232171654701233,0.5354111194610596,-0.08455528318881989,0.556517481803894,0.7467265725135803,-0.2948901355266571,0.5385140776634216,0.6950049996376038,-0.1488860845565796,0.5486091375350952,0.797719419002533,-0.3013913035392761,0.536421000957489,0.7395178079605103,-0.1573115885257721,0.49640217423439026,0.7238681316375732,-0.3844485878944397,0.47944560647010803,0.6790436506271362,-0.21587440371513367,0,1
0.6953840851783752,0.23263917863368988,-0.1449526697397232,0.7047761678695679,0.2164817452430725,-0.14369365572929382,0.7081283330917358,0.21663235127925873,-0.14367158710956573,0.7122224569320679,0.21680590510368347,-0.14358952641487122,0.6997594833374023,0.21562820672988892,-0.12402866780757904,0.6991173028945923,0.21516793966293335,-0.12414810806512833,0.6984536647796631,0.2144710272550583,-0.12421469390392303,0.7278881669044495,0.22861109673976898,-0.11886884272098541,0.7063272595405579,0.22471754252910614,-0.031826768070459366,0.6999830007553101,0.2518858015537262,-0.13584208488464355,0.6941443681716919,0.2503660321235657,-0.1104440912604332,0.7563253045082092,0.33470618724823,-0.18120619654655457,0.6851271986961365,0.3446705937385559,0.07574363052845001,0.715368926525116,0.48285847902297974,-0.22627775371074677,0.6413179636001587,0.46423694491386414,0.10791201889514923,0.6398245692253113,0.5289576649665833,-0.24103477597236633,0.5870386362075806,0.4988252520561218,0.031000155955553055,0.6175141334533691,0.5406008958816528,-0.2691692113876343,0.5675427913665771,0.512992262840271,0.022021567448973656,0.6113722324371338,0.5292866230010986,-0.26498156785964966,0.5671983957290649,0.5089800357818604,-0.006812072359025478,0.6184266805648804,0.5240262150764465,-0.23851141333580017,0.5751997828483582,0.5053443908691406,0.015752991661429405,0.7616204619407654,0.5755080580711365,-0.08764231204986572,0.7215884923934937,0.5646104216575623,0.08760809898376465,0.6455062031745911,0.5459458827972412,-0.2537393569946289,0.6115628480911255,0.5257870554924011,-0.0537424311041832,0.5557104349136353,0.7314010858535767,-0.3049585819244385,0.5371072292327881,0.6981136798858643,-0.11403228342533112,0.5528606176376343,0.7913320660591125,-0.3115423321723938,0.5412546992301941,0.7441498637199402,-0.12235872447490692,0.5032262206077576,0.7221892476081848,-0.39428117871284485,0.4797384738922119,0.688520073890686,-0.17946742475032806,0,1
0.6719575524330139,0.23054586350917816,-0.176184743642807,0.6828432679176331,0.21355260908603668,-0.1715966761112213,0.686896562576294,0.21378165483474731,-0.17156217992305756,0.6908380389213562,0.21406450867652893,-0.17148910462856293,0.6759560704231262,0.2125934362411499,-0.15326087176799774,0.6746567487716675,0.21214425563812256,-0.15341737866401672,0.6734718680381775,0.21150770783424377,-0.15348108112812042,0.7041065692901611,0.22841709852218628,-0.12777802348136902,0.6826943159103394,0.22332467138767242,-0.04610063508152962,0.6765343546867371,0.25115153193473816,-0.15995657444000244,0.669913113117218,0.2504783272743225,-0.1362476497888565,0.7322138547897339,0.3359890878200531,-0.1815125048160553,0.6611065864562988,0.3446038067340851,0.06843096017837524,0.6884897351264954,0.48147279024124146,-0.21593420207500458,0.6114186644554138,0.46119019389152527,0.09337135404348373,0.6139241456985474,0.5314627885818481,-0.23721787333488464,0.5555421113967896,0.5016950964927673,0.014923131093382835,0.5897579789161682,0.5490522384643555,-0.25968849658966064,0.5399638414382935,0.5165296196937561,0.005779757630079985,0.5860297083854675,0.5388057231903076,-0.25564175844192505,0.5389947891235352,0.515762984752655,-0.02553938701748848,0.5931445360183716,0.5295810699462891,-0.23271963000297546,0.5461300611495972,0.5126186609268188,-0.0011295151198282838,0.7490410208702087,0.5753297805786133,-0.09512349963188171,0.7104145288467407,0.5646008253097534,0.09496597945690155,0.6244037747383118,0.5297117233276367,-0.2452012300491333,0.6003393530845642,0.5175237059593201,0.002818185370415449,0.556317925453186,0.7224826216697693,-0.2611202597618103,0.5310634970664978,0.7022676467895508,-0.06420378386974335,0.5561640858650208,0.7782418131828308,-0.263899028301239,0.5308126211166382,0.7458409070968628,-0.07350225746631622,0.507554829120636,0.7131145000457764,-0.3353103697299957,0.474824994802475,0.6869058012962341,-0.1324518322944641,0,1
0.6500740647315979,0.22700680792331696,-0.32787105441093445,0.6615149974822998,0.2106829732656479,-0.3269293010234833,0.664958655834198,0.21132716536521912,-0.32692718505859375,0.6684349775314331,0.2123827040195465,-0.3269474506378174,0.6544207334518433,0.2102389633655548,-0.3049927353858948,0.6528863906860352,0.21008984744548798,-0.3051518499851227,0.6514089107513428,0.2097301036119461,-0.30517441034317017,0.6808750033378601,0.22848211228847504,-0.2838217616081238,0.6612667441368103,0.22199130058288574,-0.18335726857185364,0.6536866426467896,0.2499266266822815,-0.3109278678894043,0.6465622186660767,0.24952150881290436,-0.2816936671733856,0.7075504660606384,0.3389291763305664,-0.3215198516845703,0.6393686532974243,0.34406933188438416,-0.044141851365566254,0.654167115688324,0.48099589347839355,-0.36256635189056396,0.5875857472419739,0.46035414934158325,-0.013538872823119164,0.578396201133728,0.5296506881713867,-0.3598972260951996,0.5275316834449768,0.5143947005271912,-0.10095970332622528,0.5563789010047913,0.5467628836631775,-0.4005667269229889,0.5134209394454956,0.5275515913963318,-0.1125798374414444,0.5504277348518372,0.5361742973327637,-0.3967120349407196,0.5121516585350037,0.5261320471763611,-0.15270006656646729,0.5591915249824524,0.5276046991348267,-0.3603252172470093,0.5183531045913696,0.5237169861793518,-0.12193045765161514,0.7339026927947998,0.578350305557251,-0.10410686582326889,0.6940881013870239,0.5637108087539673,0.1040477380156517,0.615975558757782,0.5235116481781006,-0.2846309542655945,0.5865188241004944,0.5045123100280762,0.016528718173503876,0.5518912076950073,0.7229627966880798,-0.27375948429107666,0.528160572052002,0.6976927518844604,-0.009330730885267258,0.5572214722633362,0.7797408103942871,-0.2748175859451294,0.5277684926986694,0.7400020956993103,-0.015867929905653,0.507236123085022,0.7126302719116211,-0.3733535706996918,0.47220665216445923,0.6869037747383118,-0.08069545775651932,0,1
0.6220871210098267,0.2269061654806137,-0.2838973104953766,0.6335140466690063,0.21128259599208832,-0.2858687937259674,0.6373072862625122,0.2118069976568222,-0.28589102625846863,0.6410967111587524,0.2127848118543625,-0.2859247922897339,0.6261259317398071,0.21105213463306427,-0.2603009343147278,0.6245006322860718,0.21099853515625,-0.26041287183761597,0.6230083107948303,0.21067288517951965,-0.26043418049812317,0.6555821299552917,0.2299632877111435,-0.25425228476524353,0.6359824538230896,0.22246691584587097,-0.1379682719707489,0.6267024278640747,0.25120809674263,-0.27168387174606323,0.6200252771377563,0.250169575214386,-0.23774030804634094,0.6811710596084595,0.34556663036346436,-0.31266576051712036,0.6180883646011353,0.34945860505104065,-0.0005234947893768549,0.6249927282333374,0.48219019174575806,-0.3707291781902313,0.5661810636520386,0.4596327841281891,0.025098830461502075,0.5410536527633667,0.5264506936073303,-0.3754114806652069,0.5049008727073669,0.519994854927063,-0.07187221199274063,0.5179269909858704,0.5436205267906189,-0.4199460446834564,0.4888177514076233,0.5303816199302673,-0.08455406874418259,0.5132008194923401,0.5328154563903809,-0.4113655984401703,0.4873259663581848,0.5294867753982544,-0.12341125309467316,0.522046685218811,0.5246245861053467,-0.374455064535141,0.49501267075538635,0.5272089838981628,-0.09350132942199707,0.716161847114563,0.5882382988929749,-0.1159893050789833,0.6770373582839966,0.5743972659111023,0.11587284505367279,0.5990102887153625,0.5089223384857178,-0.29661935567855835,0.5637763738632202,0.48723334074020386,0.06257040053606033,0.5390218496322632,0.7258826494216919,-0.29603275656700134,0.5227798223495483,0.6891815662384033,0.03228349983692169,0.545362651348114,0.78502357006073,-0.29757851362228394,0.5175691246986389,0.7317292094230652,0.025038648396730423,0.4834877550601959,0.7256933450698853,-0.3903524875640869,0.4612906575202942,0.6940126419067383,-0.03390602022409439,0,1
0.5972911715507507,0.22745272517204285,-0.2592325806617737,0.6082057952880859,0.21213039755821228,-0.2618226110935211,0.61185622215271,0.2125900238752365,-0.2618507444858551,0.6155451536178589,0.21371003985404968,-0.2618662416934967,0.6015253663063049,0.2123699188232422,-0.23530873656272888,0.6002272367477417,0.21257635951042175,-0.23542213439941406,0.5990687012672424,0.2125658243894577,-0.2354617416858673,0.630931556224823,0.2315332591533661,-0.23337309062480927,0.612811803817749,0.22383840382099152,-0.12053096294403076,0.6021374464035034,0.2528923749923706,-0.24821177124977112,0.5954990983009338,0.2512857913970947,-0.2135099172592163,0.6555417776107788,0.34815698862075806,-0.2959442436695099,0.5966120958328247,0.35366618633270264,0.02259676344692707,0.5900944471359253,0.48295700550079346,-0.35459572076797485,0.5447278618812561,0.4620922803878784,0.04776240885257721,0.49846187233924866,0.5170682072639465,-0.36202988028526306,0.4749525487422943,0.5232973098754883,-0.04118422046303749,0.47430068254470825,0.5365806221961975,-0.40697917342185974,0.4578613340854645,0.5325077772140503,-0.04918920621275902,0.47006598114967346,0.5282396078109741,-0.3947025239467621,0.45656198263168335,0.533778727054596,-0.09146545082330704,0.47845062613487244,0.5222160816192627,-0.35947558283805847,0.4637957513332367,0.5318273305892944,-0.06402648240327835,0.6978327631950378,0.5980213284492493,-0.11475850641727448,0.657882809638977,0.585093080997467,0.11457876116037369,0.5896238684654236,0.4965224266052246,-0.3013542890548706,0.5496419072151184,0.4760068655014038,0.0898665189743042,0.5354244709014893,0.729591429233551,-0.3169174790382385,0.5199559330940247,0.690945029258728,0.06266309320926666,0.5441333055496216,0.7942558526992798,-0.3194218575954437,0.5191265344619751,0.737768292427063,0.0565371997654438,0.4743312895298004,0.7432733178138733,-0.40631747245788574,0.4618130326271057,0.7089256048202515,0.005787153262645006,0,1
0.5729175806045532,0.2282983362674713,-0.20345132052898407,0.5835658311843872,0.21401691436767578,-0.21235819160938263,0.5868624448776245,0.2140437811613083,-0.21239659190177917,0.5902657508850098,0.21479575335979462,-0.21241478621959686,0.5776960849761963,0.21434305608272552,-0.18282797932624817,0.5768762826919556,0.21444129943847656,-0.18293452262878418,0.5762380361557007,0.21439824998378754,-0.18298320472240448,0.6063148975372314,0.23220184445381165,-0.20921535789966583,0.590367317199707,0.224627286195755,-0.07413706928491592,0.5780463218688965,0.25325947999954224,-0.20093107223510742,0.5717939734458923,0.25190266966819763,-0.16198790073394775,0.6319930553436279,0.3488118350505829,-0.28885480761528015,0.5769871473312378,0.35501134395599365,0.048060402274131775,0.5543954968452454,0.48155251145362854,-0.34606969356536865,0.5227739214897156,0.46708008646965027,0.07260450720787048,0.4614618420600891,0.5173486471176147,-0.3622592091560364,0.44661393761634827,0.5208778381347656,-0.006820079870522022,0.43722671270370483,0.5351353287696838,-0.4079252779483795,0.42641931772232056,0.5310521721839905,-0.011977373622357845,0.4347366690635681,0.527502715587616,-0.39292189478874207,0.42605525255203247,0.5308470129966736,-0.05130641907453537,0.44135361909866333,0.5236968398094177,-0.3587872385978699,0.433258056640625,0.5297475457191467,-0.02799181267619133,0.6817361116409302,0.6019504070281982,-0.11371389776468277,0.6444634795188904,0.5944058895111084,0.11351180076599121,0.5745733380317688,0.47532159090042114,-0.24820277094841003,0.5297490358352661,0.4678325951099396,0.1645153909921646,0.5329666137695312,0.7236334085464478,-0.2271794080734253,0.520240068435669,0.6924259662628174,0.17667515575885773,0.5428136587142944,0.7895339131355286,-0.22529391944408417,0.5281566381454468,0.7349680662155151,0.17546971142292023,0.4705432951450348,0.731637716293335,-0.2891811430454254,0.4641394019126892,0.7076886296272278,0.1433994024991989,0,1
0.5500389337539673,0.2318221479654312,-0.17547155916690826,0.5599154829978943,0.2167128175497055,-0.18941070139408112,0.5629493594169617,0.2168407291173935,-0.18946389853954315,0.5663118958473206,0.21721167862415314,-0.18949176371097565,0.5551337003707886,0.21676784753799438,-0.15688735246658325,0.5547240376472473,0.21679727733135223,-0.1569744050502777,0.5545445680618286,0.21675421297550201,-0.1570151150226593,0.5822759866714478,0.23460309207439423,-0.19961366057395935,0.5676470994949341,0.2269219011068344,-0.058408282697200775,0.5547745227813721,0.25559118390083313,-0.1797105222940445,0.5494920015335083,0.25477632880210876,-0.13721464574337006,0.6064507365226746,0.35107043385505676,-0.28049856424331665,0.5597947239875793,0.35567665100097656,0.06400851905345917,0.5174755454063416,0.48074278235435486,-0.3569607138633728,0.4973873496055603,0.46482598781585693,0.08428248018026352,0.42538872361183167,0.5211364030838013,-0.3705149292945862,0.42076563835144043,0.5152628421783447,0.009306161664426327,0.40366673469543457,0.5391572713851929,-0.4196414053440094,0.40035614371299744,0.5279741883277893,0.0069540394470095634,0.39930641651153564,0.5304211974143982,-0.40209895372390747,0.3993881940841675,0.5271804928779602,-0.03118044137954712,0.40580588579177856,0.5260700583457947,-0.36619263887405396,0.4071815609931946,0.5246604681015015,-0.010969802737236023,0.6656704545021057,0.6025570631027222,-0.11425203084945679,0.6341550946235657,0.5976885557174683,0.11396171897649765,0.5540321469306946,0.47931209206581116,-0.22117500007152557,0.5226706266403198,0.47013384103775024,0.22633270919322968,0.5276234745979309,0.7220995426177979,-0.20327532291412354,0.52344810962677,0.6930676102638245,0.26718348264694214,0.539012610912323,0.7923288345336914,-0.19992272555828094,0.5411876440048218,0.7261775732040405,0.26924601197242737,0.4648289680480957,0.7122917771339417,-0.2716212868690491,0.47369271516799927,0.7052373886108398,0.24955666065216064,0,1
0.5283386707305908,0.23816204071044922,-0.1436617523431778,0.5373390316963196,0.22128081321716309,-0.16556690633296967,0.5399174094200134,0.22180041670799255,-0.16563691198825836,0.5429702401161194,0.22238747775554657,-0.16568391025066376,0.5337512493133545,0.2205030918121338,-0.12639418244361877,0.5337897539138794,0.22024354338645935,-0.12645721435546875,0.5340515971183777,0.21997345983982086,-0.1264839917421341,0.5595558285713196,0.23830462992191315,-0.21111667156219482,0.5499325394630432,0.2317296415567398,-0.030578482896089554,0.5331677198410034,0.2614423632621765,-0.15703651309013367,0.5291013717651367,0.2601642906665802,-0.1057351678609848,0.5820062160491943,0.3554818332195282,-0.30117231607437134,0.5514410734176636,0.3597140312194824,0.10135781764984131,0.49228543043136597,0.47889095544815063,-0.37954893708229065,0.4797077178955078,0.45862770080566406,0.12360288202762604,0.4007517695426941,0.5224410891532898,-0.38501858711242676,0.3993602693080902,0.5150214433670044,0.04360852390527725,0.3762579560279846,0.542754054069519,-0.4354410171508789,0.37845346331596375,0.528525173664093,0.04388686269521713,0.37133079767227173,0.5336544513702393,-0.41690316796302795,0.37333962321281433,0.5279747843742371,0.004560151603072882,0.37840330600738525,0.528204619884491,-0.3804684579372406,0.3789369463920593,0.5256436467170715,0.022308964282274246,0.6492996215820312,0.6056473851203918,-0.1240689605474472,0.6265905499458313,0.6012093424797058,0.12392562627792358,0.5360677242279053,0.472012996673584,-0.23017315566539764,0.5140897035598755,0.45988738536834717,0.279590904712677,0.5233820676803589,0.7153085470199585,-0.19910165667533875,0.5200686454772949,0.6782385110855103,0.3776063323020935,0.536056399345398,0.7743085026741028,-0.19616831839084625,0.5368561744689941,0.7118259072303772,0.3852798640727997,0.4612085819244385,0.7080951929092407,-0.2533811926841736,0.46684449911117554,0.6928771734237671,0.37162306904792786,0,1
0.5112603902816772,0.2448890656232834,-0.21288064122200012,0.5199794769287109,0.22775067389011383,-0.23164883255958557,0.5227932929992676,0.22788751125335693,-0.23172397911548615,0.5260361433029175,0.22837963700294495,-0.23180679976940155,0.5160421133041382,0.22678767144680023,-0.19450850784778595,0.5159363150596619,0.22645509243011475,-0.19456295669078827,0.5160982608795166,0.2260187566280365,-0.19459126889705658,0.54336017370224,0.24415670335292816,-0.25068074464797974,0.5323205590248108,0.2380954474210739,-0.08430448919534683,0.5166606903076172,0.2681802213191986,-0.21743860840797424,0.512238621711731,0.2667558789253235,-0.16875651478767395,0.5667802095413208,0.36036694049835205,-0.33917349576950073,0.5355530977249146,0.3654218316078186,0.0632820576429367,0.479114294052124,0.47903454303741455,-0.42984479665756226,0.46159714460372925,0.4587838351726532,0.07044713199138641,0.37915724515914917,0.5250682830810547,-0.43990007042884827,0.3723803758621216,0.5240601897239685,-0.030313735827803612,0.355757474899292,0.5482602715492249,-0.49957790970802307,0.3530330955982208,0.5413554310798645,-0.038632117211818695,0.3515741229057312,0.5435093641281128,-0.48020416498184204,0.35132190585136414,0.5417658686637878,-0.0847526341676712,0.3595806956291199,0.5367535352706909,-0.4357672333717346,0.35742348432540894,0.5387393236160278,-0.05551048368215561,0.6378498673439026,0.6088588237762451,-0.1248265728354454,0.6174964904785156,0.6051494479179382,0.12466271221637726,0.5150285959243774,0.46709492802619934,-0.15944090485572815,0.49993759393692017,0.4560614228248596,0.23202507197856903,0.529909610748291,0.7066894173622131,-0.012968371622264385,0.5243497490882874,0.6719209551811218,0.3594714403152466,0.5380949378013611,0.7566819190979004,0.001337305293418467,0.5399879217147827,0.7110602259635925,0.37053099274635315,0.463402658700943,0.6995558738708496,-0.023910928517580032,0.47604018449783325,0.6935296654701233,0.3568877577781677,0,1
0.5004562139511108,0.2526680529117584,-0.17713788151741028,0.5089017152786255,0.23658046126365662,-0.19998864829540253,0.5115697979927063,0.23732134699821472,-0.20005758106708527,0.5147008895874023,0.23829872906208038,-0.20012716948986053,0.505752444267273,0.23510998487472534,-0.1616831123828888,0.5059815645217896,0.2347717434167862,-0.1617349088191986,0.5064989328384399,0.2344043105840683,-0.16175131499767303,0.5317896604537964,0.2542491555213928,-0.2340635061264038,0.523006796836853,0.24803869426250458,-0.06399848312139511,0.5051484704017639,0.2749576270580292,-0.18705178797245026,0.5015846490859985,0.27262237668037415,-0.13740073144435883,0.5474432706832886,0.3685106635093689,-0.32615384459495544,0.5311945676803589,0.3690910339355469,0.07191650569438934,0.46115073561668396,0.4816755950450897,-0.41688060760498047,0.4420009255409241,0.45963749289512634,0.06828032433986664,0.3574399948120117,0.5315666198730469,-0.41555705666542053,0.35682836174964905,0.5259511470794678,-0.022786807268857956,0.33145594596862793,0.5547298192977905,-0.4799923002719879,0.33389046788215637,0.5409358739852905,-0.029452919960021973,0.3289068043231964,0.5487356781959534,-0.4585479199886322,0.3313583731651306,0.5413520336151123,-0.072209432721138,0.3355588912963867,0.5434447526931763,-0.40832024812698364,0.33798521757125854,0.5395252704620361,-0.04620390757918358,0.6291671395301819,0.6100945472717285,-0.1243445873260498,0.6142690777778625,0.6061555743217468,0.12420077621936798,0.5070400834083557,0.4699535071849823,-0.15764924883842468,0.49358296394348145,0.4617287516593933,0.2563552260398865,0.5313013792037964,0.7080498337745667,-0.03677483648061752,0.5283145308494568,0.6681062579154968,0.4158596992492676,0.539908766746521,0.751788318157196,-0.025414053350687027,0.5460541844367981,0.7056517004966736,0.4309026300907135,0.4647907316684723,0.7036782503128052,-0.057484716176986694,0.49274206161499023,0.6986943483352661,0.4219418466091156,0,1
0.4898393750190735,0.2595430314540863,-0.1364005208015442,0.4987851679325104,0.2434069812297821,-0.15567365288734436,0.5015650987625122,0.24403271079063416,-0.15574553608894348,0.5046383142471313,0.2445800006389618,-0.1558084785938263,0.49542760848999023,0.24238994717597961,-0.11928696930408478,0.49581852555274963,0.2423383891582489,-0.11934705078601837,0.49644941091537476,0.24228261411190033,-0.11937004327774048,0.5211695432662964,0.259803831577301,-0.1834784597158432,0.5128116607666016,0.25500935316085815,-0.02027328498661518,0.49490493535995483,0.2815789580345154,-0.1443447321653366,0.4905959963798523,0.28098785877227783,-0.09710898250341415,0.5360759496688843,0.3775671124458313,-0.26732710003852844,0.5212727785110474,0.37310588359832764,0.10169366747140884,0.4418492317199707,0.4879978895187378,-0.33515989780426025,0.4329271912574768,0.46212294697761536,0.101557657122612,0.34050068259239197,0.5401151180267334,-0.32534971833229065,0.3439888060092926,0.5252491235733032,0.011857414618134499,0.31599780917167664,0.565316379070282,-0.3799538016319275,0.3183436989784241,0.5349056124687195,0.00535017903894186,0.31409385800361633,0.5589494705200195,-0.35615965723991394,0.317562997341156,0.5398098230361938,-0.03667334467172623,0.3224579095840454,0.5524367094039917,-0.3191331624984741,0.3254963755607605,0.541051983833313,-0.010776231065392494,0.6249933242797852,0.6119616031646729,-0.122695192694664,0.6115294098854065,0.6053794026374817,0.12257884442806244,0.4959630072116852,0.47019216418266296,-0.13879314064979553,0.4876575469970703,0.46073511242866516,0.2586458623409271,0.517959713935852,0.6994428634643555,0.0014214151306077838,0.5282260179519653,0.6738197803497314,0.41572967171669006,0.5374218821525574,0.7467219233512878,0.016089675948023796,0.5466426014900208,0.7002442479133606,0.43698039650917053,0.46701526641845703,0.7031934261322021,0.0035943319089710712,0.49534493684768677,0.699320912361145,0.4386078417301178,0,1
0.48903313279151917,0.2647298574447632,-0.1316031664609909,0.49827876687049866,0.25053146481513977,-0.14219669997692108,0.5008225440979004,0.2509727478027344,-0.14228323101997375,0.5038233995437622,0.2514279782772064,-0.14232444763183594,0.49577927589416504,0.2494116723537445,-0.11198867857456207,0.4964280128479004,0.24926289916038513,-0.1120758205652237,0.4973820149898529,0.24894432723522186,-0.11215267330408096,0.5200227499008179,0.2640615403652191,-0.19104386866092682,0.5137315988540649,0.26061195135116577,-0.013174204155802727,0.4940185546875,0.28675925731658936,-0.13434270024299622,0.4909530282020569,0.28547871112823486,-0.09361790120601654,0.5352877378463745,0.37686169147491455,-0.28012552857398987,0.5241140127182007,0.37457308173179626,0.10284173488616943,0.4437667429447174,0.4885563850402832,-0.35151612758636475,0.43496817350387573,0.4632740318775177,0.11391284316778183,0.34335488080978394,0.5391112565994263,-0.3416503965854645,0.3478364050388336,0.5250215530395508,0.016222406178712845,0.3180006146430969,0.56361323595047,-0.4023483693599701,0.3270833492279053,0.5335004329681396,0.010509010404348373,0.31455254554748535,0.557600736618042,-0.374263733625412,0.3215485215187073,0.5396555662155151,-0.03486405313014984,0.32383984327316284,0.5507730841636658,-0.33410510420799255,0.3295048475265503,0.5402722358703613,-0.0077948844991624355,0.6264681220054626,0.6112971901893616,-0.12260814011096954,0.6123787760734558,0.60572749376297,0.12253443896770477,0.4986598491668701,0.4715255796909332,-0.12453266233205795,0.4904225468635559,0.4654795825481415,0.23740127682685852,0.5153151750564575,0.6979714035987854,0.046897292137145996,0.5280462503433228,0.6742261052131653,0.3839530050754547,0.5347896814346313,0.7458069920539856,0.0637478306889534,0.5454416871070862,0.7081784605979919,0.39701297879219055,0.46745604276657104,0.7035209536552429,0.051740098744630814,0.49797192215919495,0.7048645615577698,0.38514000177383423,0,1
0.49331364035606384,0.2609928548336029,-0.1396181285381317,0.503058135509491,0.24743527173995972,-0.15854568779468536,0.5055941939353943,0.2472551167011261,-0.15861722826957703,0.5086833238601685,0.2470487654209137,-0.1586824506521225,0.5001721978187561,0.24748997390270233,-0.12248203903436661,0.5006503462791443,0.24746394157409668,-0.12254266440868378,0.5012995600700378,0.24727004766464233,-0.12254512310028076,0.5244547128677368,0.26117759943008423,-0.18687014281749725,0.5167649984359741,0.2591288387775421,-0.023470167070627213,0.4978444576263428,0.2824458181858063,-0.14765015244483948,0.4938206672668457,0.283053994178772,-0.10042605549097061,0.5422852635383606,0.37446334958076477,-0.27074289321899414,0.5230814814567566,0.37420886754989624,0.09543576836585999,0.45351189374923706,0.48658081889152527,-0.34314289689064026,0.4367242753505707,0.4586469531059265,0.10412289202213287,0.3445947766304016,0.5358929634094238,-0.3370808959007263,0.34997525811195374,0.5197719931602478,0.007473466452211142,0.32065966725349426,0.5603550672531128,-0.39175164699554443,0.32487672567367554,0.5275197625160217,0.0008244436467066407,0.31796959042549133,0.5527549982070923,-0.36457905173301697,0.3233483135700226,0.5347151756286621,-0.04520048201084137,0.3262788951396942,0.5453065633773804,-0.32996588945388794,0.33099204301834106,0.5337676405906677,-0.01672007143497467,0.6271933317184448,0.610005795955658,-0.1214401125907898,0.6127462983131409,0.6065850257873535,0.12137126922607422,0.49841150641441345,0.4676116108894348,-0.1309644877910614,0.4900805950164795,0.46050360798835754,0.17044955492019653,0.527044415473938,0.6913677453994751,0.047630421817302704,0.5323118567466736,0.6731605529785156,0.27550166845321655,0.5440884828567505,0.731382429599762,0.06638680398464203,0.5527163743972778,0.7009305953979492,0.28504088521003723,0.480803906917572,0.7041231989860535,0.06904582679271698,0.5030908584594727,0.7081782221794128,0.2783282697200775,0,1
0.5188254117965698,0.2537905275821686,-0.12716232240200043,0.5280832052230835,0.2380552887916565,-0.14514514803886414,0.5309218168258667,0.23728150129318237,-0.14521770179271698,0.5340244770050049,0.23682479560375214,-0.14527258276939392,0.524463415145874,0.23888248205184937,-0.11037244647741318,0.5245375633239746,0.23876482248306274,-0.11043946444988251,0.5248271226882935,0.23844818770885468,-0.11045986413955688,0.5503688454627991,0.24988511204719543,-0.16934314370155334,0.5391606092453003,0.2479633092880249,-0.014591746032238007,0.5249236226081848,0.2748940885066986,-0.13493570685386658,0.519241213798523,0.27654796838760376,-0.08923032134771347,0.5748780965805054,0.3542269170284271,-0.25944170355796814,0.5405217409133911,0.37160831689834595,0.11072806268930435,0.4842471182346344,0.4684537351131439,-0.3391774296760559,0.4623895585536957,0.453432559967041,0.1234724372625351,0.3803696036338806,0.5112842917442322,-0.33416253328323364,0.3768489360809326,0.5022299289703369,0.038458626717329025,0.3560861647129059,0.529512345790863,-0.3899061679840088,0.3559223413467407,0.5167094469070435,0.03569956496357918,0.35151177644729614,0.523145318031311,-0.36485058069229126,0.3525800108909607,0.5162516832351685,-0.006401279475539923,0.359604150056839,0.5180066227912903,-0.3273106515407562,0.3592773377895355,0.5142616033554077,0.015976665541529655,0.6396466493606567,0.606753408908844,-0.11720936000347137,0.6177560091018677,0.6079285144805908,0.11705416440963745,0.5137819647789001,0.4652651846408844,-0.14499498903751373,0.5016674399375916,0.46057865023612976,0.15628758072853088,0.5254559516906738,0.6939814686775208,-0.028844648972153664,0.5309455990791321,0.6717715859413147,0.20059290528297424,0.5433898568153381,0.7448591589927673,-0.017991740256547928,0.5510521531105042,0.7033015489578247,0.2032613307237625,0.4740595817565918,0.7013082504272461,-0.054964106529951096,0.48253411054611206,0.7050190567970276,0.17772944271564484,0,1
0.5544233918190002,0.23963533341884613,-0.17315839231014252,0.5649243593215942,0.2230025678873062,-0.18409481644630432,0.5680569410324097,0.22260057926177979,-0.184141144156456,0.5714493989944458,0.22199755907058716,-0.18416185677051544,0.5596434473991394,0.22302231192588806,-0.15332208573818207,0.5591871738433838,0.2228429615497589,-0.15339182317256927,0.5590192675590515,0.22248528897762299,-0.15342570841312408,0.587769627571106,0.2362627238035202,-0.18210704624652863,0.5728792548179626,0.23131044209003448,-0.045253243297338486,0.5609660148620605,0.2616285979747772,-0.171878844499588,0.5543093681335449,0.26207104325294495,-0.1312483698129654,0.610769510269165,0.34582582116127014,-0.2627711594104767,0.5666781663894653,0.3553716838359833,0.08469346165657043,0.5211372375488281,0.4606732726097107,-0.3475547432899475,0.49477314949035645,0.440907746553421,0.1126389279961586,0.42609405517578125,0.49943721294403076,-0.36195626854896545,0.4211362898349762,0.4789900779724121,0.02956787869334221,0.4044199585914612,0.5162645578384399,-0.4082643985748291,0.401163250207901,0.4926541745662689,0.02718079462647438,0.40063267946243286,0.5046976804733276,-0.39091140031814575,0.3991055488586426,0.4900152385234833,-0.010848740115761757,0.40763941407203674,0.5007418990135193,-0.3571482300758362,0.40537071228027344,0.4889313876628876,0.009254789911210537,0.6591057777404785,0.6045953631401062,-0.11618779599666595,0.6275863647460938,0.6064764857292175,0.11592736095190048,0.5459712147712708,0.4665604829788208,-0.2372087687253952,0.5160695314407349,0.4623884856700897,0.17358461022377014,0.5267389416694641,0.7015095353126526,-0.20829923450946808,0.5165938138961792,0.6804800629615784,0.19261769950389862,0.5344023704528809,0.7622764706611633,-0.20495231449604034,0.5326934456825256,0.7156237363815308,0.19136583805084229,0.4629747271537781,0.6998980641365051,-0.25837403535842896,0.46511760354042053,0.6983709335327148,0.16790834069252014,0,1
0.5946277976036072,0.23337198793888092,-0.2903224229812622,0.6049567461013794,0.21731255948543549,-0.2879355549812317,0.6087586283683777,0.21693480014801025,-0.287950336933136,0.612716555595398,0.2167375385761261,-0.287931889295578,0.5980807542800903,0.21709197759628296,-0.2651042640209198,0.5967583656311035,0.21695980429649353,-0.26519593596458435,0.5956204533576965,0.21660473942756653,-0.265231728553772,0.6292139887809753,0.23142261803150177,-0.23269188404083252,0.6054077744483948,0.22591891884803772,-0.12735937535762787,0.6015897393226624,0.25616371631622314,-0.2683415710926056,0.5921571254730225,0.25550907850265503,-0.23790284991264343,0.6472393274307251,0.34207746386528015,-0.2921574115753174,0.5935879945755005,0.3433879315853119,0.0270870141685009,0.5625961422920227,0.44575220346450806,-0.37952756881713867,0.5287700891494751,0.42706552147865295,0.060837965458631516,0.4715246558189392,0.48038792610168457,-0.4141620993614197,0.45663055777549744,0.4712710976600647,-0.041625093668699265,0.44419974088668823,0.4936443865299225,-0.461460679769516,0.437354177236557,0.48061904311180115,-0.052483975887298584,0.4451524615287781,0.489236444234848,-0.44735002517700195,0.4377692639827728,0.4823929965496063,-0.09394864737987518,0.4508964419364929,0.4873649477958679,-0.411141574382782,0.4443114697933197,0.48178985714912415,-0.0636037141084671,0.6814364194869995,0.6022850871086121,-0.1126154288649559,0.644379198551178,0.596714973449707,0.1122603639960289,0.5726927518844604,0.47284600138664246,-0.2972538471221924,0.5347751975059509,0.4698760509490967,0.10143660008907318,0.5327290296554565,0.71697998046875,-0.3099932372570038,0.5179322957992554,0.6997509598731995,0.07413669675588608,0.5360655784606934,0.7807137966156006,-0.3120875060558319,0.5294369459152222,0.7354468703269958,0.06867901235818863,0.4660862386226654,0.7171367406845093,-0.3916090726852417,0.46714144945144653,0.6997175216674805,0.022042516618967056,0,1
0.6321369409561157,0.22986577451229095,-0.2543911635875702,0.6417864561080933,0.2138800323009491,-0.25214534997940063,0.6454671621322632,0.21361196041107178,-0.2521445155143738,0.6494417786598206,0.21364793181419373,-0.2521026134490967,0.6352490186691284,0.21397581696510315,-0.22972185909748077,0.6340609192848206,0.21382978558540344,-0.2298256903886795,0.6330925226211548,0.21347075700759888,-0.2298773229122162,0.6672133803367615,0.22833865880966187,-0.2083679735660553,0.6437832117080688,0.22345973551273346,-0.10365815460681915,0.6399717330932617,0.25288125872612,-0.23671011626720428,0.630779504776001,0.2523576319217682,-0.20690429210662842,0.6869526505470276,0.3356863558292389,-0.2706180810928345,0.6291059851646423,0.3391351103782654,0.03853771463036537,0.6082049608230591,0.4203324615955353,-0.35339707136154175,0.5600107312202454,0.4085453450679779,0.07421673834323883,0.5141388177871704,0.4557831585407257,-0.3830997347831726,0.49220848083496094,0.46007856726646423,-0.012993529438972473,0.49527430534362793,0.4678418040275574,-0.4197966158390045,0.4729750156402588,0.4640398323535919,-0.021705644205212593,0.49117836356163025,0.4636043906211853,-0.4073103368282318,0.47380155324935913,0.4654724597930908,-0.05740981549024582,0.4973081052303314,0.46242755651474,-0.3794075846672058,0.4810468256473541,0.4652077555656433,-0.03208886831998825,0.7066401243209839,0.5919458866119385,-0.10998845100402832,0.6676440834999084,0.5828791260719299,0.10971260070800781,0.5955623388290405,0.4955907464027405,-0.28725650906562805,0.5602946877479553,0.4777663052082062,0.07616955786943436,0.5356081128120422,0.7203054428100586,-0.31703704595565796,0.517713189125061,0.7056941390037537,0.04351687803864479,0.5400506258010864,0.783933162689209,-0.32102730870246887,0.521564781665802,0.745855987071991,0.03740616515278816,0.46744608879089355,0.7236521244049072,-0.40194177627563477,0.46522799134254456,0.6991950273513794,-0.008791826665401459,0,1
0.6692239046096802,0.2295493632555008,-0.2684122323989868,0.6784012913703918,0.2133214920759201,-0.2615262269973755,0.6819417476654053,0.21338142454624176,-0.2614977955818176,0.6861457824707031,0.21359072625637054,-0.26146167516708374,0.6709157228469849,0.2131081074476242,-0.2424345314502716,0.6694096326828003,0.212966650724411,-0.24254503846168518,0.6680718064308167,0.21276479959487915,-0.24257194995880127,0.7023898959159851,0.22776667773723602,-0.19757169485092163,0.6785752773284912,0.2225746512413025,-0.11015428602695465,0.677716851234436,0.25244688987731934,-0.244472473859787,0.6681340336799622,0.25187230110168457,-0.2188914716243744,0.7228371500968933,0.32893431186676025,-0.2563686966896057,0.6617773771286011,0.33514097332954407,0.03472135215997696,0.6522751450538635,0.4097180664539337,-0.34691321849823,0.6001992225646973,0.3947693407535553,0.05038256198167801,0.5605226755142212,0.4366852343082428,-0.39857256412506104,0.5372337698936462,0.43602460622787476,-0.0803111121058464,0.5383504629135132,0.4548873007297516,-0.4381290376186371,0.5165903568267822,0.44850867986679077,-0.09630802273750305,0.5369852781295776,0.44952550530433655,-0.4257795810699463,0.5169378519058228,0.4480852782726288,-0.13253410160541534,0.5431340336799622,0.44537079334259033,-0.395077109336853,0.5248548984527588,0.4469343423843384,-0.10055013000965118,0.7290003895759583,0.5779308080673218,-0.10974836349487305,0.6920686960220337,0.5638013482093811,0.10949712991714478,0.6075037121772766,0.5109869837760925,-0.30162423849105835,0.579731822013855,0.48798850178718567,0.04082871973514557,0.5447617769241333,0.7244895696640015,-0.3361694812774658,0.5191722512245178,0.6995546817779541,0.008378650061786175,0.5497034788131714,0.7838614583015442,-0.3405139744281769,0.5180359482765198,0.7370229959487915,0.0024521788582205772,0.4967125952243805,0.7183369398117065,-0.4197770059108734,0.4634779393672943,0.6849864721298218,-0.044908180832862854,0,1
0.7035284042358398,0.2334742248058319,-0.13961155712604523,0.7122354507446289,0.21569818258285522,-0.132059708237648,0.7161913514137268,0.21532289683818817,-0.13202480971813202,0.7202818989753723,0.2151377946138382,-0.1319606602191925,0.7039504647254944,0.2159944474697113,-0.11399579048156738,0.7022286057472229,0.21572822332382202,-0.1140783280134201,0.7006770968437195,0.21543191373348236,-0.11412850767374039,0.734097421169281,0.22816970944404602,-0.07425789535045624,0.7103421688079834,0.22496524453163147,0.008983748033642769,0.7125924825668335,0.25330308079719543,-0.11791716516017914,0.7027381658554077,0.2532508075237274,-0.0937156230211258,0.7610728144645691,0.3250969648361206,-0.14078494906425476,0.6948078870773315,0.3326226770877838,0.1377200037240982,0.6921263933181763,0.4066489338874817,-0.24550583958625793,0.6319135427474976,0.3923931121826172,0.1643691062927246,0.6101726293563843,0.4232100248336792,-0.3165091574192047,0.5757843852043152,0.42632758617401123,0.03075105883181095,0.5895469784736633,0.4390861988067627,-0.3508060574531555,0.5528145432472229,0.4401749074459076,0.01929936371743679,0.5850162506103516,0.43426281213760376,-0.34089750051498413,0.5528597235679626,0.43886688351631165,-0.010515914298593998,0.5933734774589539,0.43133872747421265,-0.3132011294364929,0.5627303719520569,0.4352346658706665,0.013687369413673878,0.7497149705886841,0.576751172542572,-0.10684645175933838,0.7118659615516663,0.558242678642273,0.1066669449210167,0.6271945834159851,0.5351924300193787,-0.2838664948940277,0.6006107926368713,0.5059963464736938,0.012439018115401268,0.5468356013298035,0.7312315106391907,-0.33909517526626587,0.5210634469985962,0.6983234286308289,-0.041306234896183014,0.5488449335098267,0.783096969127655,-0.3462417721748352,0.5187987089157104,0.728906512260437,-0.048743836581707,0.49430879950523376,0.7205585837364197,-0.43077173829078674,0.4638598561286926,0.6816338300704956,-0.1026008278131485,0,1
0.73159259557724,0.24163345992565155,-0.037616826593875885,0.739364504814148,0.22454772889614105,-0.03592774644494057,0.7441985607147217,0.22341418266296387,-0.03593295440077782,0.7491754293441772,0.22230374813079834,-0.03588959947228432,0.7322383522987366,0.22648732364177704,-0.016267769038677216,0.7310911417007446,0.22651582956314087,-0.01635267771780491,0.7298663258552551,0.2265409678220749,-0.016467858105897903,0.7638591527938843,0.230267733335495,-0.004951612092554569,0.7379955053329468,0.2313767969608307,0.08319402486085892,0.7412998080253601,0.2601204812526703,-0.025625130161643028,0.7318252921104431,0.26097366213798523,4.205324876238592e-05,0.7919198274612427,0.325605183839798,-0.08332307636737823,0.7238060235977173,0.33246251940727234,0.18422327935695648,0.7364147901535034,0.40997013449668884,-0.19315604865550995,0.6596814393997192,0.3950073719024658,0.21228256821632385,0.6493541598320007,0.42340487241744995,-0.2629243731498718,0.603482723236084,0.42425820231437683,0.09821881353855133,0.6301144361495972,0.4361368417739868,-0.2916756272315979,0.5824955701828003,0.4342215657234192,0.085854172706604,0.625959575176239,0.42971691489219666,-0.2848173975944519,0.5829402804374695,0.4309447407722473,0.06157614663243294,0.6291804313659668,0.4284811317920685,-0.25965261459350586,0.5911746621131897,0.429800420999527,0.08322035521268845,0.7657799124717712,0.5765439867973328,-0.09490577131509781,0.7247689366340637,0.5569674372673035,0.09478840976953506,0.6417632699012756,0.567653477191925,-0.2232445925474167,0.618032693862915,0.5401383638381958,-0.02868546172976494,0.5475945472717285,0.7397109866142273,-0.29052668809890747,0.5216020345687866,0.6944472193717957,-0.11173240840435028,0.5476610064506531,0.7887203693389893,-0.2989961504936218,0.5135992765426636,0.7247266173362732,-0.1211930364370346,0.49320584535598755,0.723443865776062,-0.3757757246494293,0.4606683850288391,0.6665951013565063,-0.1782577484846115,0,1
0.7534335851669312,0.2601338028907776,0.12054188549518585,0.7604288458824158,0.2426481395959854,0.12506696581840515,0.7644296288490295,0.24130280315876007,0.12507715821266174,0.7696528434753418,0.2395191192626953,0.12511317431926727,0.7536075711250305,0.24514183402061462,0.14486603438854218,0.7524543404579163,0.2458561509847641,0.14478141069412231,0.7514777183532715,0.24667932093143463,0.1447015106678009,0.7883828282356262,0.24298347532749176,0.1514984518289566,0.7613322138786316,0.2502223551273346,0.24016745388507843,0.7627643942832947,0.2788201570510864,0.12906154990196228,0.7553268671035767,0.28081125020980835,0.15509063005447388,0.8186664581298828,0.32882457971572876,0.055940598249435425,0.7493245005607605,0.33700788021087646,0.2872092127799988,0.7769092321395874,0.41195014119148254,-0.08200162649154663,0.6875555515289307,0.4085453748703003,0.2617405951023102,0.6998068690299988,0.42331963777542114,-0.1929818093776703,0.6297939419746399,0.42566439509391785,0.12410672008991241,0.6796631217002869,0.4353034198284149,-0.22597822546958923,0.6118566393852234,0.43518438935279846,0.09999905526638031,0.6763584017753601,0.43033367395401,-0.22202780842781067,0.6131550073623657,0.4321713447570801,0.08167684078216553,0.6806694269180298,0.42870187759399414,-0.19216623902320862,0.6212371587753296,0.4311779737472534,0.10967026650905609,0.7779966592788696,0.5719656348228455,-0.08084464073181152,0.7365068197250366,0.5528891086578369,0.08079380542039871,0.6529931426048279,0.5903536677360535,-0.21666422486305237,0.6284641027450562,0.5616598725318909,-0.05821113660931587,0.5496563911437988,0.7475774884223938,-0.3428075313568115,0.5224438905715942,0.696697473526001,-0.16182324290275574,0.5445379018783569,0.7949360609054565,-0.3519802689552307,0.5146511197090149,0.7258349657058716,-0.17335288226604462,0.4941307604312897,0.7027713060379028,-0.43609732389450073,0.46054762601852417,0.6622412204742432,-0.23274090886116028,0,1
0.7633681893348694,0.2770165205001831,0.054699353873729706,0.7683537006378174,0.2603600025177002,0.05351811647415161,0.7719781994819641,0.25853535532951355,0.05348877236247063,0.7760955095291138,0.2561732530593872,0.05343339964747429,0.7625292539596558,0.2629780173301697,0.07455022633075714,0.7614448666572571,0.2633025050163269,0.07453989237546921,0.7604225277900696,0.2637299597263336,0.07448392361402512,0.7952970266342163,0.25256428122520447,0.06693316251039505,0.7710608243942261,0.26534712314605713,0.16431817412376404,0.7728227376937866,0.2931223213672638,0.060000814497470856,0.7664133310317993,0.2945612668991089,0.08837280422449112,0.8390437364578247,0.33828532695770264,0.012541087344288826,0.759508490562439,0.34611058235168457,0.2080596685409546,0.8186929821968079,0.4555271565914154,-0.06114264577627182,0.7174020409584045,0.4385368227958679,0.1873725950717926,0.7412497401237488,0.42496880888938904,-0.11419481039047241,0.6746018528938293,0.42861002683639526,0.023814167827367783,0.7210489511489868,0.4344879984855652,-0.1353224366903305,0.6580098271369934,0.4347202777862549,-0.008382600732147694,0.7182363867759705,0.42770493030548096,-0.1365564912557602,0.6591753959655762,0.43076422810554504,-0.024608712643384933,0.7243404984474182,0.426541268825531,-0.11276550590991974,0.6667648553848267,0.43211373686790466,0.009415407665073872,0.7791236042976379,0.572246789932251,-0.07088422775268555,0.7353573441505432,0.5510280728340149,0.07093962281942368,0.6635645627975464,0.61353999376297,-0.1909399777650833,0.6342636346817017,0.5762698650360107,-0.05147406458854675,0.5584068298339844,0.7612199783325195,-0.3280620574951172,0.5261985063552856,0.7005255222320557,-0.17959833145141602,0.5463414192199707,0.8044688105583191,-0.3394491374492645,0.515478789806366,0.7430659532546997,-0.19438110291957855,0.4919286370277405,0.731555700302124,-0.4181388318538666,0.4623103141784668,0.6667037606239319,-0.25221818685531616,0,1
0.7630777955055237,0.2755315601825714,0.03906210511922836,0.7691704630851746,0.25911208987236023,0.039782874286174774,0.7726522088050842,0.2572426199913025,0.03975137323141098,0.7770950198173523,0.25501805543899536,0.03968371823430061,0.7621803283691406,0.26103392243385315,0.059025220572948456,0.7608240842819214,0.261118084192276,0.059028226882219315,0.7596715688705444,0.2613157629966736,0.05896314978599548,0.7950755953788757,0.252795547246933,0.06416816264390945,0.7702351808547974,0.264902800321579,0.1554536521434784,0.7724506855010986,0.2921949326992035,0.04885157570242882,0.7650269865989685,0.29301780462265015,0.07550791651010513,0.8412401080131531,0.3305867314338684,0.02630973979830742,0.7655420303344727,0.3473791480064392,0.2181568145751953,0.8541363477706909,0.47222280502319336,-0.04789571836590767,0.7462068796157837,0.4745640158653259,0.18384456634521484,0.7772873640060425,0.4249288737773895,-0.10876812040805817,0.7111346125602722,0.43685632944107056,0.018008464947342873,0.7567304372787476,0.42774730920791626,-0.12893040478229523,0.6923694610595703,0.43533799052238464,-0.015730569139122963,0.7569105625152588,0.414847731590271,-0.12160629034042358,0.6928292512893677,0.42930370569229126,-0.02743525244295597,0.7611774206161499,0.41464895009994507,-0.10387852042913437,0.7003933191299438,0.43091893196105957,0.005636926274746656,0.7838597893714905,0.5711832642555237,-0.06845628470182419,0.7393837571144104,0.5500257015228271,0.06857608258724213,0.6693064570426941,0.6181327104568481,-0.20192775130271912,0.6393226385116577,0.587902307510376,-0.05880437046289444,0.558675229549408,0.7604781985282898,-0.35181719064712524,0.5296047925949097,0.701572060585022,-0.1995794177055359,0.5468443632125854,0.8052443861961365,-0.35996291041374207,0.5186769366264343,0.7484720945358276,-0.21547074615955353,0.48654428124427795,0.7289742231369019,-0.43691450357437134,0.4606740474700928,0.6675348281860352,-0.270698606967926,0,1
0.7592089176177979,0.2586422264575958,0.02580057643353939,0.7664501667022705,0.24101392924785614,0.029514342546463013,0.770351231098175,0.23944351077079773,0.0294844601303339,0.7748125791549683,0.23717254400253296,0.029412055388092995,0.759363055229187,0.2428736388683319,0.04851158708333969,0.7579216957092285,0.24328503012657166,0.04851328209042549,0.7566343545913696,0.24399282038211823,0.04846321418881416,0.7923012375831604,0.2356499582529068,0.0670354813337326,0.7674673795700073,0.2514324486255646,0.15628059208393097,0.7683955430984497,0.27426329255104065,0.038719046860933304,0.7606893181800842,0.27476468682289124,0.06508524715900421,0.8377952575683594,0.3232063353061676,0.03028695285320282,0.7625647187232971,0.34698954224586487,0.20440427958965302,0.8730021715164185,0.4652143120765686,-0.058879751712083817,0.7359570264816284,0.47314462065696716,0.14273406565189362,0.7987706065177917,0.42008331418037415,-0.11600328981876373,0.7163359522819519,0.432064026594162,-0.055562835186719894,0.778192400932312,0.4206465482711792,-0.1326463371515274,0.7069248557090759,0.43200522661209106,-0.09216225892305374,0.7744544744491577,0.40480419993400574,-0.1192064881324768,0.7100085616111755,0.4232080280780792,-0.09412576258182526,0.7787548303604126,0.4058879315853119,-0.10775017738342285,0.7149674296379089,0.4248921275138855,-0.06367599219083786,0.7846869230270386,0.5693849921226501,-0.06763618439435959,0.740449070930481,0.5495527386665344,0.06772537529468536,0.6691649556159973,0.6191920042037964,-0.20104864239692688,0.6415092945098877,0.589048445224762,-0.08675772696733475,0.5577796697616577,0.7598123550415039,-0.3531644344329834,0.5278311371803284,0.7058938145637512,-0.24031929671764374,0.5455841422080994,0.8048115372657776,-0.36731380224227905,0.5151713490486145,0.7531360983848572,-0.2574338912963867,0.4813108444213867,0.7341282963752747,-0.45504218339920044,0.4585050642490387,0.6706018447875977,-0.32058584690093994,0,1
0.757544219493866,0.24871736764907837,-0.002110990695655346,0.7647938132286072,0.23063769936561584,-0.001740393228828907,0.768804132938385,0.22923064231872559,-0.0017884906847029924,0.7733153700828552,0.22692513465881348,-0.001857086317613721,0.757969081401825,0.23233529925346375,0.01670718379318714,0.7565820813179016,0.23265467584133148,0.01668703928589821,0.7552481889724731,0.2331465780735016,0.016644341871142387,0.7911690473556519,0.22637353837490082,0.022657403722405434,0.7666968107223511,0.2395574003458023,0.11003901809453964,0.766911506652832,0.2645743787288666,0.007744486443698406,0.7590809464454651,0.2661329209804535,0.033359594643116,0.8348022699356079,0.31854262948036194,-0.005864324979484081,0.7607876062393188,0.34297072887420654,0.16970473527908325,0.8498721122741699,0.4675055146217346,-0.06419388204813004,0.740167498588562,0.46815842390060425,0.14920973777770996,0.7781835198402405,0.4201330840587616,-0.10223041474819183,0.7058746218681335,0.43599623441696167,-0.012653211131691933,0.7576650381088257,0.42140993475914,-0.11908821016550064,0.6929629445075989,0.43705400824546814,-0.045208897441625595,0.7559594511985779,0.40660086274147034,-0.10867922008037567,0.6933145523071289,0.42624419927597046,-0.05321770906448364,0.7600218057632446,0.40610742568969727,-0.09529314190149307,0.7004433870315552,0.42727670073509216,-0.023053321987390518,0.7854340076446533,0.5691211223602295,-0.06866980344057083,0.7406734228134155,0.5501188039779663,0.06880746781826019,0.6700080633163452,0.6199445128440857,-0.1995495855808258,0.6411376595497131,0.5861642956733704,-0.07648467272520065,0.5577071905136108,0.7613150477409363,-0.32497483491897583,0.529029369354248,0.7064660787582397,-0.21994392573833466,0.5454078912734985,0.8060449957847595,-0.3371136784553528,0.5154045820236206,0.753117024898529,-0.23737521469593048,0.4800755977630615,0.738368034362793,-0.4192715287208557,0.4591044485569,0.6715899109840393,-0.29385805130004883,0,1
0.7568351030349731,0.24204771220684052,0.035849712789058685,0.7642266750335693,0.22431108355522156,0.03657744452357292,0.7680817246437073,0.22317001223564148,0.03653893619775772,0.7724770903587341,0.22167928516864777,0.036491695791482925,0.7571501731872559,0.22577421367168427,0.05678523704409599,0.7557408809661865,0.226235032081604,0.05674642324447632,0.7544959783554077,0.22665095329284668,0.0566566176712513,0.7899574637413025,0.22326147556304932,0.04953598231077194,0.7669264078140259,0.23287059366703033,0.14114245772361755,0.7658267617225647,0.25963690876960754,0.04000699892640114,0.7583516240119934,0.2619498074054718,0.06717468053102493,0.8332158327102661,0.32055118680000305,0.0009445093455724418,0.7566379308700562,0.34062814712524414,0.1848258376121521,0.8250246047973633,0.4742317199707031,-0.04882219433784485,0.7288406491279602,0.4645514488220215,0.1787194013595581,0.7443636655807495,0.43075820803642273,-0.08085133135318756,0.6941240429878235,0.44743379950523376,0.028264876455068588,0.7251826524734497,0.43283775448799133,-0.09884072840213776,0.6724904775619507,0.45102834701538086,-0.0011340079363435507,0.7243095636367798,0.4216161072254181,-0.09285155683755875,0.6750724911689758,0.4431767761707306,-0.01523442380130291,0.7297130823135376,0.421903133392334,-0.07552525401115417,0.6850396990776062,0.4414401054382324,0.01534706074744463,0.784216046333313,0.5685805082321167,-0.06784020364284515,0.7394351959228516,0.5495526790618896,0.06794582307338715,0.6690737009048462,0.6193389892578125,-0.2136184275150299,0.6404122114181519,0.5849636793136597,-0.07771363109350204,0.5576209425926208,0.7622666954994202,-0.3504955768585205,0.5275251269340515,0.7031797766685486,-0.2154991179704666,0.5467127561569214,0.8059849143028259,-0.3649155795574188,0.5155633687973022,0.7416953444480896,-0.23139286041259766,0.4866519570350647,0.7426329851150513,-0.45771536231040955,0.46431964635849,0.660467803478241,-0.28996631503105164,0,1
0.7501668334007263,0.23767836391925812,-0.019303197041153908,0.7580522298812866,0.2213807851076126,-0.020432351157069206,0.7623264193534851,0.22043097019195557,-0.020484276115894318,0.7663542628288269,0.21934197843074799,-0.020476985722780228,0.7516365051269531,0.22262804210186005,-0.0006671259761787951,0.7504044771194458,0.22268891334533691,-0.0007574678165838122,0.7491568326950073,0.22259379923343658,-0.0008700070902705193,0.7823618650436401,0.22351501882076263,-0.011790888383984566,0.7605932950973511,0.2294679582118988,0.07658299058675766,0.7577548623085022,0.2574244737625122,-0.016064291819930077,0.7504445314407349,0.2592417299747467,0.009860708378255367,0.817229151725769,0.3286580741405487,-0.06611098349094391,0.7413692474365234,0.3405701518058777,0.14272412657737732,0.7893181443214417,0.47292768955230713,-0.1457957625389099,0.6913731098175049,0.4471629559993744,0.15042710304260254,0.7105448246002197,0.4522705078125,-0.20580339431762695,0.6360569596290588,0.4529345631599426,0.01624063029885292,0.6923989057540894,0.46187320351600647,-0.22834034264087677,0.6224210262298584,0.45990630984306335,-0.006878317333757877,0.6898659467697144,0.44942793250083923,-0.22503337264060974,0.6230283379554749,0.4553707540035248,-0.02850673720240593,0.6948988437652588,0.44787466526031494,-0.20341351628303528,0.6285045146942139,0.45399636030197144,0.0004341991734690964,0.7797560095787048,0.5708282589912415,-0.06847953051328659,0.7333904504776001,0.5518906712532043,0.06855250149965286,0.6669197082519531,0.6127108931541443,-0.22558608651161194,0.6370076537132263,0.5789621472358704,-0.09345363825559616,0.556820273399353,0.7618032097816467,-0.34591248631477356,0.5285891890525818,0.7025917172431946,-0.2200712412595749,0.5465694665908813,0.8040680885314941,-0.36014705896377563,0.5157151818275452,0.7416608929634094,-0.23469984531402588,0.493359237909317,0.7257935404777527,-0.4472079277038574,0.47245439887046814,0.6610878109931946,-0.29649969935417175,0,1
0.7385488748550415,0.23034381866455078,-0.015188159421086311,0.7474719285964966,0.2155614197254181,-0.01232118159532547,0.7514180541038513,0.21521443128585815,-0.012359507381916046,0.755810558795929,0.21467441320419312,-0.012347339652478695,0.7405120730400085,0.2157047837972641,0.00645561795681715,0.7392102479934692,0.21572329103946686,0.006370746996253729,0.738007664680481,0.2158127874135971,0.006271590944379568,0.7719972729682922,0.22212496399879456,-0.001190288458019495,0.7479451298713684,0.2240479290485382,0.09095792472362518,0.7463974356651306,0.2497020959854126,-0.008724579587578773,0.7390013933181763,0.2505583167076111,0.015238983556628227,0.8007819056510925,0.3300217390060425,-0.06507141143083572,0.7265841364860535,0.34057310223579407,0.15563145279884338,0.7678653001785278,0.46469008922576904,-0.16346216201782227,0.6734329462051392,0.44166868925094604,0.1663404107093811,0.686000406742096,0.47472530603408813,-0.22574499249458313,0.6187145709991455,0.4574483633041382,0.04837493970990181,0.666262149810791,0.4847607910633087,-0.24901103973388672,0.6012002229690552,0.46858951449394226,0.029834195971488953,0.6616085767745972,0.4731306731700897,-0.24559691548347473,0.6001896262168884,0.46425217390060425,0.008098254911601543,0.6682356595993042,0.4705207049846649,-0.22341012954711914,0.6091680526733398,0.4616524875164032,0.03332212194800377,0.7736531496047974,0.5715464353561401,-0.07767879217863083,0.729803740978241,0.553702712059021,0.07768307626247406,0.6560184955596924,0.5823588967323303,-0.22881826758384705,0.6312917470932007,0.5612712502479553,-0.0760771706700325,0.5559640526771545,0.7584053874015808,-0.32702308893203735,0.5287767052650452,0.7043774127960205,-0.1907780021429062,0.5469508171081543,0.8035213947296143,-0.33723315596580505,0.5199443101882935,0.7385442852973938,-0.20350325107574463,0.49545449018478394,0.7176546454429626,-0.41780734062194824,0.47177204489707947,0.6657564043998718,-0.2598010003566742,0,1
0.7239168882369995,0.229798823595047,-0.04954207316040993,0.7327257394790649,0.21457727253437042,-0.045956604182720184,0.7367333173751831,0.21430517733097076,-0.04597299546003342,0.7411101460456848,0.2139124572277069,-0.0459151491522789,0.7260004281997681,0.21489544212818146,-0.02780132368206978,0.7247598767280579,0.21482522785663605,-0.02786855399608612,0.7236806154251099,0.21476419270038605,-0.027946803718805313,0.7565110921859741,0.2221735566854477,-0.017655164003372192,0.733009397983551,0.22239871323108673,0.06235657259821892,0.7315736413002014,0.24903327226638794,-0.0399121530354023,0.7243008017539978,0.24941052496433258,-0.016532093286514282,0.7830929756164551,0.32776933908462524,-0.09885381907224655,0.7124587297439575,0.335867702960968,0.15426187217235565,0.7334393262863159,0.45279380679130554,-0.18734881281852722,0.6549888849258423,0.43380022048950195,0.18408943712711334,0.6485359072685242,0.4805018901824951,-0.23743298649787903,0.6039911508560181,0.45933184027671814,0.07983162254095078,0.6287766695022583,0.49123111367225647,-0.2653089165687561,0.582229495048523,0.4712839424610138,0.06372743099927902,0.6250627636909485,0.48187336325645447,-0.2620818316936493,0.581387996673584,0.4670060873031616,0.039322856813669205,0.6312137246131897,0.47771885991096497,-0.23534660041332245,0.5904268622398376,0.4641110301017761,0.06492985785007477,0.7643172740936279,0.5721524357795715,-0.0864931270480156,0.7230297923088074,0.5526639819145203,0.08649707585573196,0.6487351655960083,0.5652785301208496,-0.2420552670955658,0.621290385723114,0.5264562964439392,-0.06151512265205383,0.5537428855895996,0.7458703517913818,-0.32640478014945984,0.536068320274353,0.7009482979774475,-0.15024840831756592,0.548271894454956,0.7956997156143188,-0.33426010608673096,0.5302731990814209,0.7344298362731934,-0.16034044325351715,0.49597758054733276,0.7178665399551392,-0.4176234304904938,0.47661739587783813,0.6741025447845459,-0.21772952377796173,0,1
0.7077275514602661,0.22677938640117645,-0.08642840385437012,0.7168101668357849,0.21043507754802704,-0.07707947492599487,0.7205368876457214,0.2100037932395935,-0.07707604020833969,0.7251009941101074,0.20968814194202423,-0.07701293379068375,0.7096774578094482,0.21104034781455994,-0.0608874149620533,0.7082654237747192,0.21109160780906677,-0.06095610186457634,0.7070841193199158,0.21104536950588226,-0.06101661175489426,0.7396578788757324,0.2208147495985031,-0.030527880415320396,0.7148972153663635,0.219796285033226,0.04873909428715706,0.7144452929496765,0.24514533579349518,-0.06730413436889648,0.7066148519515991,0.24565389752388,-0.04608946293592453,0.7642475366592407,0.3212236762046814,-0.10115432739257812,0.6919803619384766,0.33410173654556274,0.1544349193572998,0.7124118804931641,0.43637657165527344,-0.1858595460653305,0.6320008039474487,0.430594265460968,0.1868135929107666,0.6319375038146973,0.4785591661930084,-0.24464663863182068,0.5774736404418945,0.46134185791015625,0.08157682418823242,0.6133533120155334,0.49418577551841736,-0.2746105492115021,0.5610116124153137,0.4740530550479889,0.06882497668266296,0.6124531030654907,0.48628294467926025,-0.2716448903083801,0.561042308807373,0.47271376848220825,0.042913831770420074,0.6179525852203369,0.47905290126800537,-0.2433154284954071,0.5682276487350464,0.4695916473865509,0.06675213575363159,0.751922607421875,0.5772167444229126,-0.09736652672290802,0.7127701044082642,0.5550132393836975,0.09724432229995728,0.637390673160553,0.5356022119522095,-0.2768544852733612,0.6068917512893677,0.5060931444168091,-0.01286084484308958,0.5538379549980164,0.735994815826416,-0.348609983921051,0.5327630639076233,0.6959443688392639,-0.08317737281322479,0.551780104637146,0.7857796549797058,-0.3580273985862732,0.5211182832717896,0.7325340509414673,-0.09184037148952484,0.5006002187728882,0.7206735610961914,-0.43274474143981934,0.47276026010513306,0.6746301651000977,-0.1450083702802658,0,1
0.6898475289344788,0.22376412153244019,-0.14511901140213013,0.6986044645309448,0.20730945467948914,-0.13956674933433533,0.7030433416366577,0.2069227248430252,-0.13954921066761017,0.7077839374542236,0.20672066509723663,-0.13947772979736328,0.6921635866165161,0.20784881711006165,-0.11943211406469345,0.6908875703811646,0.2078835368156433,-0.11953319609165192,0.6895029544830322,0.2078894078731537,-0.11959759891033173,0.7221537828445435,0.21904568374156952,-0.09382639825344086,0.6967093348503113,0.21722914278507233,-0.0024889835622161627,0.6950958967208862,0.24312983453273773,-0.12861473858356476,0.6876900792121887,0.24377873539924622,-0.10198718309402466,0.7459146976470947,0.31795862317085266,-0.15980081260204315,0.67363440990448,0.3327690362930298,0.11740566790103912,0.692192018032074,0.43186110258102417,-0.23789668083190918,0.6121607422828674,0.4282477796077728,0.1575503945350647,0.6091519594192505,0.4774949848651886,-0.2873367965221405,0.5539108514785767,0.46246087551116943,0.05533202365040779,0.588844895362854,0.4959885776042938,-0.3223148286342621,0.5395947098731995,0.4744093120098114,0.044443611055612564,0.5874058604240417,0.4880523979663849,-0.3174746036529541,0.5398503541946411,0.4730319082736969,0.013432850129902363,0.59443199634552,0.4812394976615906,-0.28586918115615845,0.5456758141517639,0.4702601134777069,0.03880683332681656,0.7368423938751221,0.5794565081596375,-0.10375019162893295,0.6966344714164734,0.5607445240020752,0.1035325676202774,0.6240881681442261,0.5296236276626587,-0.31576910614967346,0.5931954979896545,0.5016081929206848,-0.012985801324248314,0.5510525107383728,0.7336497902870178,-0.370970219373703,0.5275732278823853,0.6951825618743896,-0.06522057205438614,0.5505467057228088,0.7852889895439148,-0.37703678011894226,0.5162110924720764,0.7413148880004883,-0.07248727232217789,0.493476927280426,0.7251016497612,-0.45960015058517456,0.470253050327301,0.6800453662872314,-0.12614676356315613,0,1
0.6674896478652954,0.21936967968940735,-0.2047039270401001,0.6760649085044861,0.20509052276611328,-0.2031821757555008,0.6801091432571411,0.20502495765686035,-0.2031565010547638,0.6846073865890503,0.20500227808952332,-0.2031017541885376,0.6697519421577454,0.20480594038963318,-0.1806737780570984,0.6688044667243958,0.20477727055549622,-0.1807861477136612,0.6677238345146179,0.20461665093898773,-0.18085332214832306,0.6998957991600037,0.2185017466545105,-0.16453774273395538,0.6768506169319153,0.21527886390686035,-0.06271792948246002,0.6723443269729614,0.24102425575256348,-0.19044944643974304,0.6654320359230042,0.24042290449142456,-0.16077938675880432,0.7221137285232544,0.31824710965156555,-0.22813668847084045,0.6544750928878784,0.33288875222206116,0.05647125095129013,0.6593322157859802,0.43429866433143616,-0.31248703598976135,0.5911893844604492,0.4280778169631958,0.04541792348027229,0.5792848467826843,0.47659745812416077,-0.3457549810409546,0.529268205165863,0.46724459528923035,-0.10074839740991592,0.5552167892456055,0.49594661593437195,-0.3867320418357849,0.512473464012146,0.4816987216472626,-0.12207765877246857,0.5496046543121338,0.4870056211948395,-0.38090282678604126,0.5141804814338684,0.4812924563884735,-0.15422937273979187,0.5572203993797302,0.4803115129470825,-0.34485799074172974,0.5200038552284241,0.4778427481651306,-0.12012585252523422,0.7225983738899231,0.5835105180740356,-0.10790687799453735,0.6835042834281921,0.5668932795524597,0.10764267295598984,0.6080102324485779,0.5119112730026245,-0.32580843567848206,0.5752285718917847,0.48971959948539734,0.0014486672589555383,0.5462828278541565,0.7327794432640076,-0.37101060152053833,0.5209926962852478,0.7010246515274048,-0.0420297309756279,0.5492264032363892,0.7841688394546509,-0.37589311599731445,0.5151456594467163,0.7482205629348755,-0.048885125666856766,0.48789945244789124,0.7272015810012817,-0.4657239317893982,0.4678294062614441,0.6982844471931458,-0.10871049016714096,0,1
0.6434135437011719,0.21567124128341675,-0.2955624461174011,0.6529772281646729,0.2021135538816452,-0.2942870259284973,0.6574075818061829,0.20244507491588593,-0.2942729592323303,0.6627445220947266,0.2027411311864853,-0.29423728585243225,0.6458258032798767,0.2014525681734085,-0.271011084318161,0.6448284387588501,0.20125749707221985,-0.27111440896987915,0.6438895463943481,0.20091141760349274,-0.27117735147476196,0.6778513789176941,0.21825169026851654,-0.2463834285736084,0.6536452770233154,0.2127741128206253,-0.1422988623380661,0.6485694050788879,0.23963402211666107,-0.27742645144462585,0.6419181823730469,0.237740159034729,-0.24706466495990753,0.6967428922653198,0.32061684131622314,-0.2997451722621918,0.6346030235290527,0.33342695236206055,0.0007092609303072095,0.6292340755462646,0.43488118052482605,-0.3805961012840271,0.5675908327102661,0.42638224363327026,-0.002421035896986723,0.5434533953666687,0.48029258847236633,-0.41094261407852173,0.5028232932090759,0.47586941719055176,-0.14188453555107117,0.5173082947731018,0.49857380986213684,-0.4566195607185364,0.48767828941345215,0.48679319024086,-0.16351056098937988,0.5133640170097351,0.48993268609046936,-0.45053547620773315,0.48695555329322815,0.4855961203575134,-0.20106327533721924,0.5234010219573975,0.4844999611377716,-0.4104534983634949,0.4936167299747467,0.4833071529865265,-0.1636388599872589,0.704920768737793,0.5881028175354004,-0.10841812938451767,0.6651164293289185,0.5705468654632568,0.1081920862197876,0.5962032079696655,0.5048376321792603,-0.3503616154193878,0.5568884611129761,0.4818020761013031,0.023657143115997314,0.5425929427146912,0.73167484998703,-0.36867523193359375,0.5168278813362122,0.7018901705741882,0.00577598437666893,0.5462110042572021,0.784926176071167,-0.3712141811847687,0.5139538049697876,0.7481449842453003,0.0008636628044769168,0.488015353679657,0.7288474440574646,-0.4650822579860687,0.4624771177768707,0.6998299360275269,-0.05540690943598747,0,1
0.618379533290863,0.21313351392745972,-0.2478521764278412,0.6284083724021912,0.19920648634433746,-0.2497200071811676,0.6322309970855713,0.19946007430553436,-0.24971482157707214,0.6368433833122253,0.19989168643951416,-0.24967649579048157,0.6217984557151794,0.1980593353509903,-0.22325865924358368,0.6209681034088135,0.19755277037620544,-0.22334501147270203,0.6202698945999146,0.19703374803066254,-0.22341212630271912,0.6534109115600586,0.2174675613641739,-0.21552345156669617,0.6323718428611755,0.20966002345085144,-0.09700501710176468,0.6237624287605286,0.23784217238426208,-0.2349410355091095,0.6172467470169067,0.235280379652977,-0.20050087571144104,0.6720134019851685,0.32376858592033386,-0.27759939432144165,0.6138010025024414,0.33335164189338684,0.040493085980415344,0.6037245988845825,0.4346083700656891,-0.3563992381095886,0.550460159778595,0.4234861731529236,0.04559895768761635,0.5130795836448669,0.47883495688438416,-0.3820827901363373,0.4833356738090515,0.47754549980163574,-0.071278877556324,0.4853227734565735,0.4962649941444397,-0.4284789562225342,0.4657915234565735,0.4889024496078491,-0.0886579230427742,0.480272114276886,0.487650990486145,-0.4219309687614441,0.46459832787513733,0.4869873821735382,-0.13174577057361603,0.48874735832214355,0.48313042521476746,-0.381405234336853,0.4713851511478424,0.4842481315135956,-0.09463952481746674,0.6873456239700317,0.5933162569999695,-0.1119830384850502,0.6476477384567261,0.5791311860084534,0.11177346855401993,0.5798717737197876,0.49740302562713623,-0.3480510115623474,0.5412015914916992,0.4735644459724426,0.023258795961737633,0.5381559133529663,0.7298266291618347,-0.36235493421554565,0.5108994841575623,0.7013221383094788,-0.009609734639525414,0.544047474861145,0.7868927717208862,-0.36315587162971497,0.5118128061294556,0.7450848817825317,-0.01593528501689434,0.48024997115135193,0.7360649108886719,-0.4504159092903137,0.45931297540664673,0.7007462978363037,-0.07161743938922882,0,1
0.5929409265518188,0.2129243016242981,-0.2516171932220459,0.6037953495979309,0.19814082980155945,-0.2595824599266052,0.6077279448509216,0.1982877552509308,-0.2596045136451721,0.61203533411026,0.19872459769248962,-0.25959813594818115,0.5978227257728577,0.1970040202140808,-0.22804851830005646,0.5971646904945374,0.19651281833648682,-0.22812028229236603,0.5966628789901733,0.19609852135181427,-0.2281903475522995,0.6277906894683838,0.21647503972053528,-0.24599823355674744,0.6099227070808411,0.2085271030664444,-0.10304206609725952,0.5987354516983032,0.2372448742389679,-0.24581916630268097,0.593104362487793,0.23483693599700928,-0.20444099605083466,0.6477497816085815,0.3266288936138153,-0.32150065898895264,0.5933189392089844,0.3338853120803833,0.03722101077437401,0.5670109391212463,0.4318472146987915,-0.41746264696121216,0.5292698740959167,0.42132410407066345,0.04888921231031418,0.47609275579452515,0.4752575755119324,-0.4484556317329407,0.4579518735408783,0.48115959763526917,-0.06699018180370331,0.45181161165237427,0.4945162832736969,-0.5009975433349609,0.4386688768863678,0.4932325482368469,-0.08452951163053513,0.44737499952316284,0.48469725251197815,-0.4911722242832184,0.4379575252532959,0.4909912943840027,-0.1262909173965454,0.4538194537162781,0.4819355010986328,-0.44746893644332886,0.4453126788139343,0.489488810300827,-0.09032651782035828,0.6691235303878784,0.5986977815628052,-0.11730334907770157,0.6317610144615173,0.5894434452056885,0.11705844104290009,0.5541437864303589,0.47383537888526917,-0.32739436626434326,0.5257242918014526,0.46209216117858887,0.03537141904234886,0.5352534055709839,0.7242897152900696,-0.2518727481365204,0.5071995854377747,0.6993346810340881,0.009904925711452961,0.5434255599975586,0.7886428833007812,-0.2452862560749054,0.5153335928916931,0.7415939569473267,0.003444680944085121,0.47366052865982056,0.744537889957428,-0.31623607873916626,0.45537176728248596,0.7167127728462219,-0.05631427839398384,0,1
0.570740818977356,0.2142627239227295,-0.25554823875427246,0.581477701663971,0.19805370271205902,-0.2608996629714966,0.5850282907485962,0.19811038672924042,-0.2609509825706482,0.5889755487442017,0.19853593409061432,-0.26098620891571045,0.5757558941841125,0.19727477431297302,-0.23003438115119934,0.5751972198486328,0.19687287509441376,-0.23009300231933594,0.5747385621070862,0.19649401307106018,-0.2301352322101593,0.6038650274276733,0.21585769951343536,-0.23992900550365448,0.5888381600379944,0.208546981215477,-0.09561654925346375,0.576461672782898,0.23706145584583282,-0.24550452828407288,0.5704603791236877,0.23472076654434204,-0.20509278774261475,0.6227632164955139,0.32710137963294983,-0.3176022171974182,0.5771998167037964,0.3368479311466217,0.0668315663933754,0.5311974287033081,0.4353845715522766,-0.40115317702293396,0.5119666457176208,0.4237692654132843,0.0995340421795845,0.4396629333496094,0.47665828466415405,-0.4249970316886902,0.4331377446651459,0.48024529218673706,-0.006036937236785889,0.41454488039016724,0.5020942687988281,-0.4770503044128418,0.4117721915245056,0.4964751899242401,-0.014989295974373817,0.41205281019210815,0.4961937367916107,-0.4642163813114166,0.411303848028183,0.4949384927749634,-0.05898692086338997,0.4189216196537018,0.4910247027873993,-0.42226943373680115,0.4160459637641907,0.49343231320381165,-0.0297837071120739,0.6565263271331787,0.6014201641082764,-0.1249568834900856,0.6255186200141907,0.598214864730835,0.12470968067646027,0.5394431352615356,0.47268688678741455,-0.2346324473619461,0.5139131546020508,0.46136996150016785,0.13790269196033478,0.529861330986023,0.7105115652084351,-0.09431787580251694,0.5118575096130371,0.69289630651474,0.1547335535287857,0.5332558751106262,0.7691282629966736,-0.0799282118678093,0.5181647539138794,0.735589325428009,0.1538010537624359,0.46706342697143555,0.7207037806510925,-0.11958180367946625,0.4570949673652649,0.714144229888916,0.12014704942703247,0,1
0.5485131144523621,0.21651825308799744,-0.12798836827278137,0.5589603781700134,0.19928289949893951,-0.1394319087266922,0.5621312856674194,0.19947174191474915,-0.13950785994529724,0.5654444694519043,0.19994737207889557,-0.13952293992042542,0.5540114641189575,0.19832473993301392,-0.1053663045167923,0.5537211298942566,0.19792796671390533,-0.10538612306118011,0.5536317229270935,0.19754119217395782,-0.10538192093372345,0.5800873637199402,0.21682389080524445,-0.14489373564720154,0.5692821145057678,0.21031326055526733,0.007830333895981312,0.553325891494751,0.2390296757221222,-0.1293795257806778,0.5485864877700806,0.23614175617694855,-0.0849711149930954,0.5928512811660767,0.3284562826156616,-0.2471962720155716,0.567221999168396,0.34818360209465027,0.15290606021881104,0.49713030457496643,0.4415281116962433,-0.32288649678230286,0.49668699502944946,0.4405987560749054,0.1737927943468094,0.4081375002861023,0.4835103452205658,-0.3082079291343689,0.4151168763637543,0.4890953600406647,0.09550486505031586,0.38652503490448,0.5063535571098328,-0.348953515291214,0.39179226756095886,0.5072367787361145,0.09978963434696198,0.3840455114841461,0.5032613277435303,-0.3274678885936737,0.39133691787719727,0.5078184604644775,0.06325806677341461,0.39042335748672485,0.4986219108104706,-0.30008941888809204,0.40054988861083984,0.5040258765220642,0.0760265588760376,0.6478828191757202,0.6023592352867126,-0.1254062056541443,0.6215404272079468,0.6076099276542664,0.12515631318092346,0.5345338582992554,0.47225531935691833,-0.23637160658836365,0.5071552991867065,0.48764562606811523,0.19779619574546814,0.5090452432632446,0.712738037109375,-0.1806264966726303,0.5105602741241455,0.69707852602005,0.17492793500423431,0.5158511996269226,0.7715038657188416,-0.17411617934703827,0.5238562822341919,0.7372130751609802,0.17056962847709656,0.44417256116867065,0.7106914520263672,-0.22410568594932556,0.46279627084732056,0.7124065160751343,0.1437581330537796,0,1
0.5289698243141174,0.22040054202079773,-0.17902345955371857,0.5392925143241882,0.20364022254943848,-0.19214747846126556,0.5421361923217773,0.20431965589523315,-0.19221359491348267,0.5451862812042236,0.20492085814476013,-0.19223721325397491,0.5350400805473328,0.20170673727989197,-0.15681575238704681,0.534974217414856,0.201456218957901,-0.15683194994926453,0.5352466106414795,0.2011757791042328,-0.15686945617198944,0.5599722266197205,0.22134317457675934,-0.20376615226268768,0.550689697265625,0.21593421697616577,-0.04363176226615906,0.5334702134132385,0.2432384490966797,-0.17814287543296814,0.5294781923294067,0.24089452624320984,-0.1328660100698471,0.567111074924469,0.33504295349121094,-0.30131107568740845,0.5545676946640015,0.3483069837093353,0.10730580985546112,0.47265687584877014,0.44645240902900696,-0.3817017376422882,0.4761027693748474,0.44616127014160156,0.1190202459692955,0.38128405809402466,0.49694332480430603,-0.3734550178050995,0.3889252543449402,0.50267493724823,0.034684326499700546,0.3601240813732147,0.522770881652832,-0.42348042130470276,0.36425989866256714,0.5225930213928223,0.035744596272706985,0.3562573790550232,0.5205481052398682,-0.40479668974876404,0.36137059330940247,0.5244466662406921,-0.002576084341853857,0.3618081510066986,0.5156802535057068,-0.3676099479198456,0.36964938044548035,0.5235565900802612,0.013059924356639385,0.6355813145637512,0.6032381057739258,-0.12849397957324982,0.6180729866027832,0.6073150634765625,0.12831445038318634,0.5165664553642273,0.4671276807785034,-0.15933413803577423,0.5064976811408997,0.4709191918373108,0.27585411071777344,0.5118601322174072,0.7117539048194885,-0.04400809854269028,0.5239044427871704,0.6850860118865967,0.4052618145942688,0.5222318172454834,0.7719799280166626,-0.032766424119472504,0.540574312210083,0.7243458032608032,0.41681957244873047,0.4489400386810303,0.7014857530593872,-0.06927136331796646,0.4827108383178711,0.707332968711853,0.4022061824798584,0,1
0.5125488042831421,0.22807994484901428,-0.18653157353401184,0.5216420888900757,0.21172674000263214,-0.19810619950294495,0.5244304537773132,0.21201485395431519,-0.19817689061164856,0.527673602104187,0.2128411829471588,-0.19820766150951385,0.5177131295204163,0.21065229177474976,-0.16469323635101318,0.5176490545272827,0.21039581298828125,-0.16473141312599182,0.5178729891777039,0.21004801988601685,-0.16476337611675262,0.5432533025741577,0.2294432371854782,-0.20133820176124573,0.5332287549972534,0.22336788475513458,-0.04796632379293442,0.5175579786300659,0.25070321559906006,-0.18459369242191315,0.5131291747093201,0.24867907166481018,-0.14128568768501282,0.55622798204422,0.3383825421333313,-0.29522961378097534,0.5387229919433594,0.34934866428375244,0.09887897968292236,0.4636020064353943,0.4545706510543823,-0.37474435567855835,0.46036189794540405,0.44551390409469604,0.10214143991470337,0.36846038699150085,0.5027887225151062,-0.37423670291900635,0.3682628273963928,0.5050288438796997,0.02588624879717827,0.34252992272377014,0.5316470861434937,-0.42293983697891235,0.3466706871986389,0.523303210735321,0.021942507475614548,0.3394332528114319,0.5282643437385559,-0.4011375308036804,0.34068936109542847,0.5274792909622192,-0.016493704169988632,0.34628039598464966,0.5217479467391968,-0.3676992952823639,0.34904009103775024,0.5255945920944214,0.005710901692509651,0.6322486400604248,0.60283362865448,-0.12523402273654938,0.6115282773971558,0.6061793565750122,0.12496161460876465,0.5121979117393494,0.4640720784664154,-0.18630628287792206,0.5022010207176208,0.463432639837265,0.2713285982608795,0.5183898210525513,0.7098671197891235,-0.10205068439245224,0.5335866212844849,0.6786279678344727,0.36032143235206604,0.5317047238349915,0.7701255083084106,-0.09389001876115799,0.5501302480697632,0.7142317295074463,0.36754560470581055,0.4558085799217224,0.7047935724258423,-0.14075911045074463,0.49435120820999146,0.7063050866127014,0.35098713636398315,0,1
0.5018072724342346,0.2381899654865265,-0.13785851001739502,0.5100364685058594,0.22151730954647064,-0.15788349509239197,0.51239413022995,0.22223924100399017,-0.15797226130962372,0.5151918530464172,0.22316303849220276,-0.15803910791873932,0.5072945356369019,0.22064541280269623,-0.12033116817474365,0.5076220035552979,0.22036172449588776,-0.12035441398620605,0.508224368095398,0.22011180222034454,-0.12036840617656708,0.5310854911804199,0.23777900636196136,-0.18796563148498535,0.5235288143157959,0.2322893589735031,-0.018838312476873398,0.5062298774719238,0.2600984573364258,-0.14587509632110596,0.5031734108924866,0.2576972246170044,-0.09721504151821136,0.5411184430122375,0.347587913274765,-0.28903526067733765,0.537105143070221,0.3520091474056244,0.1250498741865158,0.45019906759262085,0.46235543489456177,-0.3631373941898346,0.4530143737792969,0.4550432860851288,0.13693806529045105,0.3492933213710785,0.5190865993499756,-0.3542543947696686,0.36094993352890015,0.5185682773590088,0.06504648178815842,0.3264184296131134,0.5443743467330933,-0.4061264097690582,0.33507052063941956,0.5364288687705994,0.06772109121084213,0.32268601655960083,0.5425252318382263,-0.3761434257030487,0.3318546712398529,0.5384008884429932,0.02679077349603176,0.3287197947502136,0.5370844006538391,-0.34464582800865173,0.33894476294517517,0.5364974141120911,0.04327740892767906,0.6250019669532776,0.6035947203636169,-0.12836229801177979,0.6126631498336792,0.6052709221839905,0.12818948924541473,0.5019317269325256,0.46419423818588257,-0.12696091830730438,0.4993837773799896,0.4640602171421051,0.26038724184036255,0.519910454750061,0.700016975402832,0.042577896267175674,0.5324531197547913,0.6735091209411621,0.3956505060195923,0.5396815538406372,0.7498739361763,0.06012653186917305,0.5503671765327454,0.707097589969635,0.4088892340660095,0.4706246256828308,0.702218770980835,0.05595928430557251,0.49468570947647095,0.7064865827560425,0.40445899963378906,0,1
0.49750643968582153,0.2479543685913086,-0.10589649528265,0.505776584148407,0.23136305809020996,-0.12483445554971695,0.5084205269813538,0.2316790223121643,-0.12491874396800995,0.5112999677658081,0.23172955214977264,-0.12499023973941803,0.5027536153793335,0.23036408424377441,-0.08757300674915314,0.5030694603919983,0.23015819489955902,-0.08760930597782135,0.5037028193473816,0.22985544800758362,-0.0876183956861496,0.5271389484405518,0.24372747540473938,-0.15370479226112366,0.5195401310920715,0.2396935373544693,0.012956194579601288,0.5026825666427612,0.2697683572769165,-0.11461104452610016,0.49897223711013794,0.2686263918876648,-0.06623630225658417,0.5401562452316284,0.3510628044605255,-0.2530212998390198,0.5332391262054443,0.35800254344940186,0.14645203948020935,0.44709572196006775,0.4615607261657715,-0.3281702399253845,0.4442608952522278,0.45781469345092773,0.1582692563533783,0.3444597125053406,0.5225013494491577,-0.3198877274990082,0.34793201088905334,0.5223553776741028,0.08474650979042053,0.3217979073524475,0.5467023253440857,-0.37032753229141235,0.32712218165397644,0.539933443069458,0.08699652552604675,0.31843826174736023,0.5435863733291626,-0.34062984585762024,0.32202407717704773,0.5424384474754333,0.04681435227394104,0.32433298230171204,0.5379186868667603,-0.3104746341705322,0.32830047607421875,0.5398213267326355,0.06308846920728683,0.6260912418365479,0.6027407050132751,-0.12773796916007996,0.6132875680923462,0.6041116714477539,0.1276123821735382,0.5022623538970947,0.4653972089290619,-0.1307862550020218,0.4990869164466858,0.4664427936077118,0.23902788758277893,0.5246116518974304,0.6968397498130798,0.02555793523788452,0.5313770771026611,0.6726927757263184,0.3934108316898346,0.5459253787994385,0.7446961998939514,0.04158923774957657,0.5497983694076538,0.7012148499488831,0.4037829041481018,0.4755985140800476,0.704338550567627,0.03589578717947006,0.4946621060371399,0.7040441036224365,0.39406004548072815,0,1
0.5015557408332825,0.25136321783065796,-0.11730702966451645,0.5100997090339661,0.23459036648273468,-0.1339907944202423,0.512711226940155,0.2345755249261856,-0.13407272100448608,0.5156954526901245,0.2343435436487198,-0.13413219153881073,0.5068553686141968,0.23375831544399261,-0.09800563752651215,0.5070606470108032,0.23344075679779053,-0.09804248809814453,0.5075572729110718,0.23299512267112732,-0.09805916249752045,0.5316717624664307,0.24615046381950378,-0.15342721343040466,0.52326500415802,0.2423187494277954,0.006621757056564093,0.5068250894546509,0.2731063961982727,-0.12278703600168228,0.5030611157417297,0.2719966769218445,-0.07614897936582565,0.5431082248687744,0.3509538769721985,-0.24879643321037292,0.5364460945129395,0.35945579409599304,0.14714157581329346,0.451386034488678,0.46101850271224976,-0.3241020143032074,0.45038169622421265,0.4570561349391937,0.15808221697807312,0.3520030081272125,0.5203471183776855,-0.3162629008293152,0.3561873435974121,0.5203240513801575,0.0794406309723854,0.32887977361679077,0.5447772145271301,-0.3644348680973053,0.334076851606369,0.5379331707954407,0.08021670579910278,0.32502835988998413,0.5408912897109985,-0.33621105551719666,0.3302135765552521,0.540790855884552,0.04128279536962509,0.3312184810638428,0.5356140732765198,-0.3073025345802307,0.3364223539829254,0.5384387373924255,0.058227621018886566,0.6294839978218079,0.6006537675857544,-0.1240953803062439,0.6147099733352661,0.6045046448707581,0.12397332489490509,0.5053507089614868,0.4655272960662842,-0.13748040795326233,0.5050559639930725,0.4684070646762848,0.2210809737443924,0.5274074673652649,0.6963024735450745,0.004844516981393099,0.5318125486373901,0.6720650792121887,0.3348854184150696,0.5425636172294617,0.7421821355819702,0.018786832690238953,0.5509108304977417,0.6996739506721497,0.34476858377456665,0.47306618094444275,0.7005647420883179,0.002665184671059251,0.4811340272426605,0.6928618550300598,0.33575722575187683,0,1
0.5160980820655823,0.2501729428768158,-0.11098106950521469,0.524570643901825,0.2333105355501175,-0.12779904901981354,0.5272987484931946,0.23316743969917297,-0.12786613404750824,0.5303091406822205,0.23306022584438324,-0.12791597843170166,0.5213278532028198,0.2329244464635849,-0.09361812472343445,0.5215021371841431,0.2326977550983429,-0.09369506686925888,0.5219429135322571,0.2322935312986374,-0.09371167421340942,0.5466373562812805,0.2452390193939209,-0.15171831846237183,0.5366958379745483,0.24155665934085846,0.0013227075105533004,0.5223854780197144,0.27160441875457764,-0.11806253343820572,0.5174762010574341,0.2710619270801544,-0.07336519658565521,0.569325864315033,0.34965232014656067,-0.2401752918958664,0.5472384095191956,0.36003705859184265,0.12982887029647827,0.48214811086654663,0.4627601206302643,-0.3057340085506439,0.47100964188575745,0.4566408693790436,0.156134232878685,0.38183483481407166,0.5152156949043274,-0.2924050986766815,0.38206833600997925,0.5101937651634216,0.08592154085636139,0.36016738414764404,0.5357207655906677,-0.3363216519355774,0.3612380027770996,0.5259341597557068,0.09105165302753448,0.35549595952033997,0.5296936631202698,-0.30926576256752014,0.3577330410480499,0.5251756310462952,0.05204731225967407,0.3630853593349457,0.524245023727417,-0.2835294008255005,0.3649604916572571,0.5223378539085388,0.06562075018882751,0.6457812786102295,0.6002514958381653,-0.12060688436031342,0.6270581483840942,0.6028785705566406,0.12050402164459229,0.5228369832038879,0.4667486846446991,-0.15781144797801971,0.5128575563430786,0.46829715371131897,0.18265873193740845,0.5273041725158691,0.6954060196876526,-0.06942185014486313,0.5251324772834778,0.6675757169723511,0.26674187183380127,0.5424835681915283,0.7557538151741028,-0.0620516762137413,0.540122389793396,0.7017903923988342,0.2734985947608948,0.4642120897769928,0.690890371799469,-0.09807415306568146,0.47104930877685547,0.691879153251648,0.2584221661090851,0,1
0.5501008033752441,0.24934397637844086,-0.15230993926525116,0.5587531924247742,0.23180978000164032,-0.16215309500694275,0.5619485378265381,0.2312178760766983,-0.16217505931854248,0.5654247999191284,0.2308666855096817,-0.1621798574924469,0.5537081956863403,0.23241275548934937,-0.13430048525333405,0.5532917380332947,0.23229548335075378,-0.1344226598739624,0.5530499219894409,0.23196521401405334,-0.1344543695449829,0.5817514061927795,0.2422802597284317,-0.15792888402938843,0.5652024149894714,0.24023382365703583,-0.0346062108874321,0.5573024749755859,0.2698890268802643,-0.14941556751728058,0.5496938824653625,0.27060753107070923,-0.11309486627578735,0.6050639152526855,0.349142849445343,-0.22367510199546814,0.56324303150177,0.3602573275566101,0.0917728841304779,0.5277113914489746,0.47173011302948,-0.2899937033653259,0.49883657693862915,0.4570485055446625,0.12972547113895416,0.43467846512794495,0.5105656385421753,-0.2806064784526825,0.4229910373687744,0.49785372614860535,0.06958232820034027,0.4135738015174866,0.5323873162269592,-0.32077163457870483,0.4059024453163147,0.5149478316307068,0.07453954964876175,0.40959611535072327,0.5223506689071655,-0.30034250020980835,0.40499264001846313,0.5129568576812744,0.03844914585351944,0.4163886606693268,0.5158371925354004,-0.27385300397872925,0.4105721414089203,0.5100736618041992,0.05164043977856636,0.6713574528694153,0.5989863276481628,-0.1133064478635788,0.6434787511825562,0.596973180770874,0.1130995973944664,0.5505920648574829,0.4740225076675415,-0.1923021674156189,0.5249472856521606,0.46775153279304504,0.16149118542671204,0.5253280997276306,0.7082504034042358,-0.14268003404140472,0.5139562487602234,0.6849043369293213,0.16906049847602844,0.5337737202644348,0.7688222527503967,-0.13779596984386444,0.523347020149231,0.7167505621910095,0.16790667176246643,0.4545632004737854,0.6938455104827881,-0.1797657310962677,0.46095889806747437,0.6963545680046082,0.1468265950679779,0,1
0.5862973928451538,0.24727539718151093,-0.17186839878559113,0.5955836772918701,0.2295173704624176,-0.17678457498550415,0.5989203453063965,0.22873272001743317,-0.17679010331630707,0.6025077104568481,0.22791241109371185,-0.17675895988941193,0.5900331139564514,0.23053419589996338,-0.15219484269618988,0.5893536806106567,0.23061209917068481,-0.15230372548103333,0.5887583494186401,0.23050187528133392,-0.15232357382774353,0.6195030808448792,0.23816516995429993,-0.15809115767478943,0.6010124087333679,0.2378617376089096,-0.04757949337363243,0.5939279198646545,0.26712846755981445,-0.1640361249446869,0.585844874382019,0.2690744698047638,-0.13174477219581604,0.6453127264976501,0.3458293080329895,-0.22124210000038147,0.5942566990852356,0.35619044303894043,0.07479646056890488,0.5725846886634827,0.46309995651245117,-0.283083975315094,0.53681480884552,0.4464337229728699,0.11982890218496323,0.4836882948875427,0.48249995708465576,-0.2897397577762604,0.46814775466918945,0.4777689576148987,0.04232984781265259,0.46253877878189087,0.5013255476951599,-0.32377129793167114,0.44847115874290466,0.48865190148353577,0.0377175435423851,0.45616140961647034,0.4924768805503845,-0.31317850947380066,0.4476826786994934,0.4872186481952667,0.0033827652223408222,0.4658030569553375,0.48675113916397095,-0.28626999258995056,0.45468801259994507,0.48591139912605286,0.02430793084204197,0.6988590955734253,0.5965555310249329,-0.10689010471105576,0.6639658212661743,0.589621365070343,0.10665877908468246,0.5822767615318298,0.4788051247596741,-0.24306662380695343,0.5431991815567017,0.46938052773475647,0.10457266867160797,0.5331758260726929,0.7243453860282898,-0.2652519941329956,0.5152596235275269,0.6933930516242981,0.061073459684848785,0.5390628576278687,0.7776707410812378,-0.2674311101436615,0.5241125822067261,0.7292676568031311,0.05466153100132942,0.45745033025741577,0.7276806235313416,-0.33333247900009155,0.46323007345199585,0.7033366560935974,0.017860418185591698,0,1
0.626236081123352,0.2462662309408188,-0.26512250304222107,0.6348103880882263,0.22764568030834198,-0.2657269239425659,0.6383816599845886,0.22700947523117065,-0.2656990885734558,0.6423856616020203,0.22649936378002167,-0.2656804919242859,0.6285351514816284,0.2283725142478943,-0.2436336725950241,0.6276381611824036,0.22825516760349274,-0.24376821517944336,0.6269239187240601,0.22799409925937653,-0.24378451704978943,0.6607435345649719,0.23719576001167297,-0.2266443967819214,0.6375961303710938,0.23629139363765717,-0.1264522224664688,0.634726345539093,0.26581084728240967,-0.2489529848098755,0.6255646347999573,0.2674941122531891,-0.21962666511535645,0.6846771240234375,0.3406335115432739,-0.2817223072052002,0.6304382085800171,0.3463376462459564,0.014530472457408905,0.6080931425094604,0.4372176229953766,-0.35411956906318665,0.5680913925170898,0.41614872217178345,0.06745781004428864,0.5229181051254272,0.45293042063713074,-0.36385101079940796,0.5062058568000793,0.4501293897628784,-0.009450939483940601,0.5042219161987305,0.4689596891403198,-0.40386635065078735,0.4899968206882477,0.4586380124092102,-0.013591046445071697,0.4987727999687195,0.46381768584251404,-0.3903500437736511,0.48732051253318787,0.45918986201286316,-0.0491451732814312,0.5048301219940186,0.4600405693054199,-0.36020606756210327,0.49375954270362854,0.45726948976516724,-0.02743442729115486,0.7279722690582275,0.5852493047714233,-0.10395143181085587,0.692813515663147,0.5672934055328369,0.10372564941644669,0.6072983741760254,0.5033482313156128,-0.2604960501194,0.5748392939567566,0.48176974058151245,0.08439353108406067,0.5426536202430725,0.7261039018630981,-0.291140615940094,0.5207201242446899,0.6979182958602905,0.07111814618110657,0.5476228594779968,0.7797664403915405,-0.2952810823917389,0.5282581448554993,0.7325343489646912,0.06802669167518616,0.48305854201316833,0.7282457947731018,-0.3681045174598694,0.47232121229171753,0.6985531449317932,0.035570234060287476,0,1
0.6666635274887085,0.2453533411026001,-0.17082132399082184,0.675449550151825,0.2266753762960434,-0.167942613363266,0.6796044111251831,0.2260509729385376,-0.16790620982646942,0.6838096380233765,0.22559432685375214,-0.16786925494670868,0.6673468351364136,0.22723166644573212,-0.14951668679714203,0.6659084558486938,0.22693926095962524,-0.14962202310562134,0.6647049784660339,0.2263842076063156,-0.14966826140880585,0.6993926167488098,0.23516564071178436,-0.13309629261493683,0.6773921847343445,0.23357507586479187,-0.04569942131638527,0.6767914891242981,0.2641075551509857,-0.1562773734331131,0.6668080687522888,0.2651691138744354,-0.13190986216068268,0.7278352975845337,0.32831335067749023,-0.2109132707118988,0.667524516582489,0.33717378973960876,0.06523368507623672,0.6627289056777954,0.409316748380661,-0.31263917684555054,0.6067509651184082,0.3908672332763672,0.07885172218084335,0.574621319770813,0.43434643745422363,-0.3401261568069458,0.550213098526001,0.42711642384529114,-0.051259517669677734,0.5503617525100708,0.4511530101299286,-0.3687291741371155,0.5314804315567017,0.44088008999824524,-0.06603437662124634,0.5444543957710266,0.44646796584129333,-0.3577651381492615,0.5304332971572876,0.43994277715682983,-0.09292327612638474,0.5525554418563843,0.44497552514076233,-0.3358590006828308,0.538827121257782,0.4376890957355499,-0.06822504103183746,0.7498596906661987,0.5741119980812073,-0.10122470557689667,0.7145642042160034,0.5607576370239258,0.1009955033659935,0.6221557855606079,0.5254571437835693,-0.18768130242824554,0.599966287612915,0.5076364278793335,0.05385702848434448,0.540929913520813,0.7275107502937317,-0.2042207419872284,0.5292128324508667,0.6968278288841248,0.01063755713403225,0.5469698309898376,0.7809644937515259,-0.20714466273784637,0.5337668657302856,0.7343308925628662,0.004300828091800213,0.4780098497867584,0.7147967219352722,-0.2683657705783844,0.4738091826438904,0.6904312968254089,-0.029848020523786545,0,1
0.7000805139541626,0.2419775277376175,-0.032469701021909714,0.7093381285667419,0.22424674034118652,-0.03338125720620155,0.7136960029602051,0.22352014482021332,-0.033343829214572906,0.7183724045753479,0.22282573580741882,-0.033281903713941574,0.7018219232559204,0.22544509172439575,-0.013161884620785713,0.7007086277008057,0.22543956339359283,-0.013262215070426464,0.6997305750846863,0.22527681291103363,-0.013346120715141296,0.7331405878067017,0.23176179826259613,-0.01138292346149683,0.7118803858757019,0.23164206743240356,0.08040567487478256,0.7100804448127747,0.26126980781555176,-0.023617321625351906,0.7017759680747986,0.2618890404701233,0.002988755237311125,0.7656230330467224,0.3183461129665375,-0.10491247475147247,0.6999500393867493,0.3330892026424408,0.17364898324012756,0.7021177411079407,0.40253618359565735,-0.23086683452129364,0.6327871084213257,0.39475762844085693,0.18155790865421295,0.6215831637382507,0.4206981658935547,-0.2834441363811493,0.5736797451972961,0.42795422673225403,0.08894355595111847,0.597095251083374,0.43697598576545715,-0.31219837069511414,0.5524941682815552,0.4402637779712677,0.055715907365083694,0.5947262048721313,0.4321937561035156,-0.30159813165664673,0.5528572797775269,0.4390042722225189,0.05075773596763611,0.6017862558364868,0.43044525384902954,-0.27914872765541077,0.5636667609214783,0.435904324054718,0.08052746951580048,0.7678460478782654,0.5720558762550354,-0.09872356802225113,0.7278938889503479,0.5607795119285583,0.09855911135673523,0.6358756422996521,0.5607988238334656,-0.20222623646259308,0.6137182712554932,0.5462894439697266,-0.01279069297015667,0.5430465340614319,0.7285796999931335,-0.25608736276626587,0.5264784097671509,0.70455002784729,-0.08542103320360184,0.5458958745002747,0.7834731340408325,-0.26050931215286255,0.5252864956855774,0.7454641461372375,-0.0936480313539505,0.4862479269504547,0.7224321365356445,-0.3283843398094177,0.4706013798713684,0.6866156458854675,-0.14629927277565002,0,1
0.7312362194061279,0.2500476837158203,0.017905842512845993,0.7386016249656677,0.23229803144931793,0.017105231061577797,0.7431896328926086,0.23075006902217865,0.017111677676439285,0.7482720017433167,0.22916172444820404,0.01715964637696743,0.7308409214019775,0.23470933735370636,0.03732668235898018,0.7296124696731567,0.23508614301681519,0.0372144989669323,0.7286084890365601,0.2353079617023468,0.03711485117673874,0.7637709379196167,0.23425252735614777,0.03439357876777649,0.7378008961677551,0.23683494329452515,0.12472575902938843,0.7421969771385193,0.26955822110176086,0.025100354105234146,0.7326563000679016,0.27090972661972046,0.051408082246780396,0.7958703637123108,0.31866249442100525,-0.04928751662373543,0.7262904047966003,0.33162203431129456,0.19638997316360474,0.744475781917572,0.4085407257080078,-0.1709751933813095,0.6697045564651489,0.3988077938556671,0.19632098078727722,0.6652818918228149,0.41783463954925537,-0.23347048461437225,0.609991729259491,0.4301464557647705,0.07847107946872711,0.6428186297416687,0.42776480317115784,-0.26110947132110596,0.5894378423690796,0.4392341077327728,0.06899929791688919,0.6392343044281006,0.421647310256958,-0.25107473134994507,0.5905635356903076,0.4359531104564667,0.04102452099323273,0.6471337080001831,0.42203253507614136,-0.22902421653270721,0.5993276834487915,0.4348401427268982,0.0628107339143753,0.7774950861930847,0.5740211606025696,-0.08757241815328598,0.7347725629806519,0.5582844614982605,0.08754312992095947,0.6532076001167297,0.6039416790008545,-0.20193283259868622,0.6292725801467896,0.5685357451438904,-0.06668788939714432,0.5484374165534973,0.7490449547767639,-0.2919885218143463,0.5281041860580444,0.7012465000152588,-0.15237227082252502,0.5443477034568787,0.7952473759651184,-0.3012101948261261,0.5214554071426392,0.742443323135376,-0.16163523495197296,0.49077916145324707,0.7242832779884338,-0.38155820965766907,0.46879857778549194,0.6773264408111572,-0.2173166573047638,0,1
0.7474387884140015,0.2654140591621399,0.08047893643379211,0.7534215450286865,0.24776870012283325,0.0840727910399437,0.7573114037513733,0.24582049250602722,0.08405890315771103,0.7616286873817444,0.243103489279747,0.08406350016593933,0.7476251721382141,0.250033438205719,0.10353459417819977,0.7467806935310364,0.25028592348098755,0.10345883667469025,0.7459805011749268,0.25052016973495483,0.10339579731225967,0.7812232971191406,0.24352696537971497,0.11055780947208405,0.7565901279449463,0.25052639842033386,0.19769571721553802,0.7569298148155212,0.28111207485198975,0.08927955478429794,0.7496740818023682,0.2830594778060913,0.11480073630809784,0.8178803324699402,0.3248179852962494,0.036513522267341614,0.7459467649459839,0.3358433246612549,0.24126747250556946,0.7905160188674927,0.42611974477767944,-0.08525276929140091,0.6933325529098511,0.4140211343765259,0.2050044983625412,0.7164071202278137,0.4101484417915344,-0.17041359841823578,0.6383200883865356,0.4268735647201538,0.036690354347229004,0.69672691822052,0.41726353764533997,-0.19785629212856293,0.6236482858657837,0.43278372287750244,0.004584634676575661,0.6969379782676697,0.4094603657722473,-0.1925194412469864,0.6244732141494751,0.4291899800300598,-0.010027268901467323,0.7029577493667603,0.4079190492630005,-0.16799131035804749,0.6304436922073364,0.4284195005893707,0.0227198526263237,0.7812485694885254,0.5709562301635742,-0.07055371254682541,0.7374586462974548,0.5511189103126526,0.07056635618209839,0.6616290211677551,0.6150106191635132,-0.2000182420015335,0.6366862058639526,0.584554135799408,-0.07223032414913177,0.5557280778884888,0.761961042881012,-0.32429832220077515,0.5282807946205139,0.7005431056022644,-0.18950939178466797,0.5460199117660522,0.8083988428115845,-0.3357927203178406,0.5170196294784546,0.7400352358818054,-0.20279964804649353,0.49640941619873047,0.7329533100128174,-0.42010951042175293,0.4672451913356781,0.6681334376335144,-0.2619575560092926,0,1
0.7461835145950317,0.271972119808197,0.05898065119981766,0.7511017918586731,0.2548365592956543,0.058251939713954926,0.7543796300888062,0.2525288760662079,0.05821617320179939,0.7584792971611023,0.24942517280578613,0.05817457288503647,0.7449926137924194,0.25721248984336853,0.07919575273990631,0.7439628839492798,0.2574314773082733,0.07916353642940521,0.7430609464645386,0.2578544616699219,0.07909218221902847,0.7766858339309692,0.24474042654037476,0.073105588555336,0.7538915872573853,0.2593892216682434,0.17026515305042267,0.7573517560958862,0.28661367297172546,0.06465156376361847,0.7501171231269836,0.2886575162410736,0.09320399910211563,0.8248666524887085,0.3232501745223999,0.0204332135617733,0.7512925267219543,0.3401784300804138,0.2232414036989212,0.8320592045783997,0.4596192538738251,-0.048008643090724945,0.7303323149681091,0.4605017900466919,0.24736852943897247,0.7545559406280518,0.41593262553215027,-0.0932065099477768,0.6883178353309631,0.43363678455352783,0.14388272166252136,0.7346243262290955,0.42000436782836914,-0.1108061671257019,0.6734989285469055,0.43403899669647217,0.12086411565542221,0.7321315407752991,0.40939098596572876,-0.10539764165878296,0.671309232711792,0.4287148416042328,0.10266931354999542,0.7388657331466675,0.409028023481369,-0.08835329115390778,0.6772439479827881,0.4291820228099823,0.13043704628944397,0.780615508556366,0.5664635300636292,-0.0711420550942421,0.7363724708557129,0.5481525659561157,0.0712634027004242,0.6695186495780945,0.6208775043487549,-0.21585015952587128,0.6414124965667725,0.5896362066268921,-0.08563338965177536,0.5593311190605164,0.7661519646644592,-0.3781563639640808,0.528775691986084,0.704497218132019,-0.2523086965084076,0.5491891503334045,0.8087628483772278,-0.3924294114112854,0.5176471471786499,0.7491562962532043,-0.27046334743499756,0.49472641944885254,0.7479192018508911,-0.4731668531894684,0.46526914834976196,0.6659066081047058,-0.32831326127052307,0,1
0.7384227514266968,0.25354084372520447,-0.02104629948735237,0.7442905306816101,0.23604702949523926,-0.022715894505381584,0.747763991355896,0.2350109964609146,-0.022753451019525528,0.7522404193878174,0.23361632227897644,-0.02279834821820259,0.7377309799194336,0.23710373044013977,-0.003060237504541874,0.7366310358047485,0.23715069890022278,-0.0031052862759679556,0.7357703447341919,0.2370987981557846,-0.003169021103531122,0.769761860370636,0.23182232677936554,-0.0063138799741864204,0.7466112375259399,0.2438514530658722,0.08800753951072693,0.7481316328048706,0.26946181058883667,-0.01361759752035141,0.7405381798744202,0.2699142396450043,0.013305244036018848,0.8148906826972961,0.3205709755420685,-0.013498199172317982,0.7421382069587708,0.3387099504470825,0.15205487608909607,0.8474151492118835,0.46592599153518677,-0.0864914283156395,0.726157009601593,0.46019676327705383,0.13023468852043152,0.7781952023506165,0.4224306643009186,-0.1449269950389862,0.6988118886947632,0.4359605014324188,-0.047729458659887314,0.7558032870292664,0.4219512939453125,-0.1539672166109085,0.6898404955863953,0.43482619524002075,-0.07805409282445908,0.752586841583252,0.40747061371803284,-0.13605853915214539,0.6918985843658447,0.4282568693161011,-0.08517041057348251,0.7576726078987122,0.4067496359348297,-0.12833812832832336,0.6965722441673279,0.42807647585868835,-0.05725156143307686,0.7812697291374207,0.5664026737213135,-0.06572046875953674,0.7379781603813171,0.5490991473197937,0.06592769175767899,0.6658613681793213,0.6225467920303345,-0.1990090161561966,0.6420459747314453,0.5873289704322815,-0.09018973261117935,0.5596253275871277,0.763207733631134,-0.30987054109573364,0.5297871828079224,0.7015525102615356,-0.20837242901325226,0.5495611429214478,0.8069452047348022,-0.32206419110298157,0.5219563841819763,0.7397607564926147,-0.22223296761512756,0.49702081084251404,0.7509159445762634,-0.4185355305671692,0.4668090343475342,0.6688410043716431,-0.28263798356056213,0,1
0.7124705910682678,0.2445676326751709,-0.11225301027297974,0.7218812704086304,0.2275087535381317,-0.11218434572219849,0.7259495854377747,0.22679218649864197,-0.11225283145904541,0.7304214239120483,0.22565601766109467,-0.112274169921875,0.7146056294441223,0.22836799919605255,-0.09453795850276947,0.713283896446228,0.22846874594688416,-0.09462492913007736,0.712275505065918,0.2284616231918335,-0.09471163153648376,0.7466377019882202,0.2277369350194931,-0.09245788305997849,0.7262247204780579,0.23573091626167297,-0.012646472081542015,0.7219441533088684,0.2653979957103729,-0.10447287559509277,0.7145903706550598,0.26616188883781433,-0.08105657994747162,0.7946023344993591,0.32670727372169495,-0.11320720613002777,0.7188130617141724,0.3468955457210541,0.06888702511787415,0.8134942054748535,0.48520854115486145,-0.2192552387714386,0.713666558265686,0.4778180718421936,0.04303740710020065,0.7628863453865051,0.4147215187549591,-0.32519474625587463,0.6657869219779968,0.44683408737182617,-0.13950058817863464,0.7403397560119629,0.4105830788612366,-0.35725870728492737,0.650043249130249,0.4444562792778015,-0.16932412981987,0.7371184229850769,0.3950292468070984,-0.342515230178833,0.651802659034729,0.4378046691417694,-0.18286316096782684,0.741929829120636,0.39616286754608154,-0.319960355758667,0.6587641835212708,0.43783196806907654,-0.15211069583892822,0.781082034111023,0.5781799554824829,-0.06828843057155609,0.7375765442848206,0.5641191005706787,0.068525530397892,0.6650583744049072,0.622480571269989,-0.194551020860672,0.6409310698509216,0.5887502431869507,-0.08571119606494904,0.5587159991264343,0.7609062790870667,-0.2549516260623932,0.5385063886642456,0.6986016631126404,-0.1539771854877472,0.5491308569908142,0.8047233819961548,-0.26393941044807434,0.5362324118614197,0.748299241065979,-0.16410914063453674,0.4979896545410156,0.7269400954246521,-0.35883575677871704,0.47323480248451233,0.6678224205970764,-0.2319190502166748,0,1
0.6825405955314636,0.2496233433485031,-0.11544068902730942,0.6923244595527649,0.2335229516029358,-0.11322071403265,0.6961869597434998,0.23288987576961517,-0.11324477195739746,0.7003082036972046,0.23244310915470123,-0.11323168128728867,0.6860173344612122,0.23414194583892822,-0.0969575047492981,0.6850009560585022,0.2339213490486145,-0.09707911312580109,0.6840481162071228,0.2334439754486084,-0.09716488420963287,0.7169192433357239,0.24273838102817535,-0.08822733163833618,0.6949563026428223,0.23969919979572296,-0.016440963372588158,0.6909120678901672,0.2711007297039032,-0.10594145208597183,0.683100163936615,0.2693522870540619,-0.08489146083593369,0.7532110214233398,0.341381311416626,-0.14362949132919312,0.6809301972389221,0.3530425727367401,0.07028357684612274,0.7348626852035522,0.4917125999927521,-0.1984415501356125,0.6353362798690796,0.4712212383747101,0.06390780955553055,0.6521070003509521,0.48528510332107544,-0.26842716336250305,0.5863300561904907,0.4696783423423767,-0.07496179640293121,0.6341084241867065,0.5023975968360901,-0.2937272787094116,0.5688132047653198,0.47354063391685486,-0.09533515572547913,0.6303824186325073,0.4874335825443268,-0.2827294170856476,0.5680772066116333,0.46895596385002136,-0.11995697021484375,0.6330535411834717,0.483364075422287,-0.26467737555503845,0.5763157606124878,0.4692859351634979,-0.0906747430562973,0.7790806889533997,0.5759612321853638,-0.0793827623128891,0.7343176603317261,0.5634055137634277,0.07959139347076416,0.6587569713592529,0.5897189378738403,-0.2199285924434662,0.6335933804512024,0.5696548223495483,-0.09062676131725311,0.5577243566513062,0.7445526123046875,-0.28265267610549927,0.5416252613067627,0.7013049721717834,-0.17600706219673157,0.5510290265083313,0.7967396974563599,-0.2887863516807556,0.5360935926437378,0.7517402768135071,-0.18516607582569122,0.49533143639564514,0.7209908962249756,-0.3752305209636688,0.4787682592868805,0.6772650480270386,-0.24719519913196564,0,1
0.6454850435256958,0.26628145575523376,-0.2573778033256531,0.6558319330215454,0.24728091061115265,-0.25699183344841003,0.6597188711166382,0.24718861281871796,-0.25696679949760437,0.6640610694885254,0.24775172770023346,-0.2569250166416168,0.6483456492424011,0.2463340163230896,-0.24531729519367218,0.6468068361282349,0.24545994400978088,-0.24549193680286407,0.645409882068634,0.2443803995847702,-0.24552619457244873,0.6794227361679077,0.26590821146965027,-0.2146221399307251,0.6574227213859558,0.2544611692428589,-0.16375590860843658,0.6508657932281494,0.28863540291786194,-0.23905973136425018,0.6444735527038574,0.2848183810710907,-0.22389928996562958,0.7001000642776489,0.35775306820869446,-0.24823704361915588,0.6524255871772766,0.3592242896556854,-0.042686544358730316,0.6258265972137451,0.4866323173046112,-0.2697559893131256,0.5823174715042114,0.448083758354187,-0.013960720971226692,0.5503183603286743,0.5463393926620483,-0.32452040910720825,0.512748122215271,0.4990047812461853,-0.07242558151483536,0.5331164598464966,0.5638076663017273,-0.34090331196784973,0.5020419955253601,0.5064454674720764,-0.06378883123397827,0.5282213091850281,0.5537035465240479,-0.34296664595603943,0.49989885091781616,0.5056429505348206,-0.10018323361873627,0.5328319072723389,0.5479807257652283,-0.32163041830062866,0.506187915802002,0.5075365900993347,-0.08914981782436371,0.7670530080795288,0.5781846642494202,-0.08759985864162445,0.7312942147254944,0.5558823943138123,0.08746732771396637,0.6359043717384338,0.5491097569465637,-0.2215043604373932,0.6172138452529907,0.5104039311408997,0.11459275335073471,0.5512487292289734,0.7297329306602478,-0.2779221534729004,0.5400498509407043,0.680665135383606,0.11200203746557236,0.5500107407569885,0.7762369513511658,-0.28467804193496704,0.5349365472793579,0.7160985469818115,0.11011383682489395,0.49115094542503357,0.7041797041893005,-0.35208359360694885,0.4808831810951233,0.6760005354881287,0.09319101274013519,0,1
0.6067027449607849,0.281106173992157,-0.16584859788417816,0.6148598790168762,0.266415536403656,-0.17350532114505768,0.6174808740615845,0.26668521761894226,-0.17352159321308136,0.6204062104225159,0.26717060804367065,-0.1735265702009201,0.610540509223938,0.2659545838832855,-0.1521676927804947,0.610133707523346,0.26587769389152527,-0.15225104987621307,0.609898030757904,0.26556214690208435,-0.1521795243024826,0.635184645652771,0.2814624011516571,-0.1632099449634552,0.6246839761734009,0.2761009931564331,-0.06702561676502228,0.6122024059295654,0.30278533697128296,-0.15999749302864075,0.607161819934845,0.30095604062080383,-0.13138507306575775,0.6523240804672241,0.3681444525718689,-0.2114771604537964,0.6305173635482788,0.3781186044216156,0.04268756881356239,0.5577413439750671,0.4692983329296112,-0.24673566222190857,0.5517304539680481,0.45485690236091614,0.049733277410268784,0.4673568308353424,0.5170014500617981,-0.20587590336799622,0.47791433334350586,0.5068414211273193,0.014057259075343609,0.4477919638156891,0.5253957509994507,-0.25987711548805237,0.4574849605560303,0.5093598365783691,0.013852003030478954,0.4467478394508362,0.5167651176452637,-0.1852298080921173,0.45655733346939087,0.5096537470817566,-0.016958270221948624,0.45422738790512085,0.5161198377609253,-0.18284741044044495,0.4628966748714447,0.5122833847999573,-0.0001365406351396814,0.7422460317611694,0.5788857340812683,-0.08670628815889359,0.725604236125946,0.5718116760253906,0.08671365678310394,0.6156092882156372,0.5148659348487854,-0.14944280683994293,0.5990864038467407,0.5046085119247437,0.13346561789512634,0.5466493964195251,0.7080051302909851,-0.12717202305793762,0.5415769815444946,0.6807021498680115,0.17014610767364502,0.5464450120925903,0.7525144219398499,-0.12688188254833221,0.5436617136001587,0.717445969581604,0.17201568186283112,0.488776296377182,0.6710376143455505,-0.1744677573442459,0.4891822338104248,0.6832736730575562,0.15061357617378235,0,1
0.5676358938217163,0.2949802577495575,-0.021892227232456207,0.574889063835144,0.2795066237449646,-0.032346777617931366,0.5773636102676392,0.2791163921356201,-0.03239643946290016,0.5802712440490723,0.27882876992225647,-0.03243168443441391,0.5718442797660828,0.27999433875083923,-0.006141831167042255,0.5719016194343567,0.279916912317276,-0.006185668520629406,0.5720730423927307,0.27970778942108154,-0.006135693751275539,0.5948549509048462,0.2880607545375824,-0.049441177397966385,0.5859339237213135,0.2870490849018097,0.06913211196660995,0.5727077722549438,0.31327587366104126,-0.027419958263635635,0.5683778524398804,0.31299179792404175,0.0070369974710047245,0.6157854199409485,0.37449371814727783,-0.12510082125663757,0.5953112840652466,0.39400017261505127,0.15200422704219818,0.5185850858688354,0.4629960060119629,-0.17847241461277008,0.520361065864563,0.45877277851104736,0.1604498326778412,0.43332505226135254,0.5096469521522522,-0.1662033498287201,0.44240349531173706,0.5040813684463501,0.11329283565282822,0.4113638997077942,0.519934356212616,-0.2061435431241989,0.42609673738479614,0.5099061131477356,0.1215229406952858,0.4090350568294525,0.510821521282196,-0.17766332626342773,0.4214757978916168,0.5092387199401855,0.09047747403383255,0.41569095849990845,0.5092146396636963,-0.1576768457889557,0.42633056640625,0.509640097618103,0.09795151650905609,0.7190059423446655,0.5790014863014221,-0.09845694154500961,0.6989333629608154,0.5725504159927368,0.09848587214946747,0.5952764749526978,0.5030114650726318,-0.18682432174682617,0.5720428228378296,0.4879630208015442,0.1612449437379837,0.5364990830421448,0.7147877812385559,-0.18997737765312195,0.5344756245613098,0.6829978227615356,0.2094498872756958,0.5403574705123901,0.746516227722168,-0.19243544340133667,0.5405904054641724,0.7178453803062439,0.21229887008666992,0.47542691230773926,0.675066351890564,-0.2469543218612671,0.488013356924057,0.6896048784255981,0.18481716513633728,0,1
0.5345577001571655,0.29912272095680237,0.0018609861144796014,0.5416998863220215,0.2830970883369446,-0.013935673050582409,0.5438791513442993,0.28259676694869995,-0.01398925669491291,0.546441912651062,0.28198403120040894,-0.014020673930644989,0.5395500063896179,0.2831810414791107,0.01646188460290432,0.5400331616401672,0.282946914434433,0.016413690522313118,0.5407236814498901,0.28249701857566833,0.01644195429980755,0.561317503452301,0.2895421087741852,-0.049047019332647324,0.5553148984909058,0.2883825898170471,0.0880313366651535,0.5390867590904236,0.3158959150314331,-0.010016403160989285,0.5361166000366211,0.31610986590385437,0.029827844351530075,0.5821511745452881,0.3774644732475281,-0.13028155267238617,0.567161500453949,0.3916836977005005,0.17349877953529358,0.48820528388023376,0.4640260934829712,-0.1830320954322815,0.48609939217567444,0.4665786027908325,0.18543851375579834,0.4016668200492859,0.512152910232544,-0.16726002097129822,0.4060860276222229,0.5056601762771606,0.13964441418647766,0.38053029775619507,0.5280658006668091,-0.20615442097187042,0.3856683373451233,0.5138081908226013,0.14824753999710083,0.37749719619750977,0.5213844776153564,-0.17810307443141937,0.3861090838909149,0.5127922296524048,0.1174076646566391,0.38444262742996216,0.5181664228439331,-0.15830862522125244,0.3906175196170807,0.5140998959541321,0.12379135191440582,0.6930805444717407,0.5827885866165161,-0.10685425996780396,0.676937460899353,0.5773948431015015,0.10684596002101898,0.5708204507827759,0.5009991526603699,-0.20490089058876038,0.5535932779312134,0.48445338010787964,0.1854698210954666,0.5279875993728638,0.7192043662071228,-0.18454141914844513,0.5264468193054199,0.6885620355606079,0.24398906528949738,0.5376184582710266,0.7637016177177429,-0.18345092236995697,0.5400575399398804,0.7227156162261963,0.24781623482704163,0.46495991945266724,0.7178748250007629,-0.2319411337375641,0.479058176279068,0.7032327651977539,0.221792072057724,0,1
0.5066531300544739,0.2982296943664551,-0.01926453225314617,0.5150828957557678,0.2825787365436554,-0.03272964805364609,0.5179232358932495,0.28222933411598206,-0.03279534727334976,0.5209498405456543,0.2817370891571045,-0.03284291550517082,0.5119617581367493,0.28244748711586,-0.0019867641385644674,0.5125446319580078,0.28217414021492004,-0.002036286285147071,0.5133904218673706,0.28167441487312317,-0.002024283865466714,0.5366563200950623,0.2888050079345703,-0.05771801620721817,0.5299535989761353,0.2875371277332306,0.08454941213130951,0.5127432942390442,0.31536591053009033,-0.02708684466779232,0.509675145149231,0.3156569302082062,0.013415196910500526,0.5577326416969299,0.37789100408554077,-0.1488676816225052,0.5472229719161987,0.39571401476860046,0.18909306824207306,0.45686301589012146,0.46439117193222046,-0.2240252047777176,0.4550519585609436,0.468355655670166,0.1965777426958084,0.36028528213500977,0.5220698714256287,-0.18841367959976196,0.3641478419303894,0.5185202956199646,0.13547539710998535,0.33977237343788147,0.5434976816177368,-0.22907313704490662,0.3436494469642639,0.5308994650840759,0.14015145599842072,0.3364655375480652,0.5413725972175598,-0.1993604600429535,0.34218066930770874,0.534515380859375,0.1091521605849266,0.34402996301651,0.5347825884819031,-0.18068906664848328,0.34974178671836853,0.5317239761352539,0.11820687353610992,0.6656728982925415,0.5905678868293762,-0.11539182811975479,0.6539524793624878,0.5955671668052673,0.11532457172870636,0.5422742962837219,0.48666098713874817,-0.17385271191596985,0.5353837013244629,0.4848214089870453,0.20585830509662628,0.5250272750854492,0.7202913165092468,-0.10542269051074982,0.527030348777771,0.7030914425849915,0.286373496055603,0.5354472398757935,0.7757412195205688,-0.09919993579387665,0.5389872789382935,0.7302510738372803,0.29274123907089233,0.4551897943019867,0.7214489579200745,-0.137380912899971,0.4816608428955078,0.7269175052642822,0.26966118812561035,0,1
0.4861041009426117,0.2975172698497772,-0.04832892864942551,0.4934234023094177,0.2817571759223938,-0.06487913429737091,0.4959249496459961,0.28141745924949646,-0.06496815383434296,0.49873191118240356,0.2809297442436218,-0.06505555659532547,0.4905487895011902,0.2816506624221802,-0.030315909534692764,0.4911201596260071,0.2813279628753662,-0.03035602532327175,0.4919625222682953,0.2808395028114319,-0.03035750985145569,0.5161929726600647,0.2879316806793213,-0.09088017046451569,0.5094009637832642,0.2863660752773285,0.06585805118083954,0.4933547377586365,0.3155563473701477,-0.056669630110263824,0.490251362323761,0.3154502511024475,-0.011290227994322777,0.5360854864120483,0.37720054388046265,-0.18912939727306366,0.5299845933914185,0.39348575472831726,0.17780865728855133,0.43560558557510376,0.46512371301651,-0.27236512303352356,0.43855351209640503,0.4719790518283844,0.1869448572397232,0.3385670781135559,0.5250465869903564,-0.24789147078990936,0.3424459397792816,0.5231943726539612,0.10068333148956299,0.3183690905570984,0.5474199652671814,-0.29292452335357666,0.3209669888019562,0.5385935306549072,0.09974084049463272,0.3156799376010895,0.5479450821876526,-0.26593735814094543,0.31889083981513977,0.5434048771858215,0.06204104423522949,0.3221932649612427,0.5409464836120605,-0.23988792300224304,0.3253535330295563,0.540459394454956,0.07919394969940186,0.6447910070419312,0.5934678912162781,-0.11598001420497894,0.6344621777534485,0.5977056622505188,0.11588649451732635,0.5191394090652466,0.47744590044021606,-0.14329387247562408,0.51271653175354,0.47340676188468933,0.190753772854805,0.5262628793716431,0.7106325626373291,-0.023109249770641327,0.5277974605560303,0.6991379857063293,0.2813544273376465,0.5382627248764038,0.7532188296318054,-0.01189257763326168,0.5462460517883301,0.7258394956588745,0.28885477781295776,0.4643939137458801,0.7157135009765625,-0.03517870604991913,0.49004215002059937,0.7195098996162415,0.268623411655426,0,1
0.47604814171791077,0.28817856311798096,-0.06664799898862839,0.48415765166282654,0.2724122107028961,-0.08563710749149323,0.4865450859069824,0.27245476841926575,-0.08572555333375931,0.48923277854919434,0.27226659655570984,-0.08579925447702408,0.4821843206882477,0.27157726883888245,-0.04828061908483505,0.48309874534606934,0.27127403020858765,-0.04831372946500778,0.48433786630630493,0.2707676887512207,-0.04832972586154938,0.5057678818702698,0.27998077869415283,-0.12448905408382416,0.5011851191520691,0.27795764803886414,0.04710143059492111,0.4816962778568268,0.30758216977119446,-0.07860659807920456,0.47964033484458923,0.3073621392250061,-0.029604867100715637,0.5226171612739563,0.37459394335746765,-0.22191926836967468,0.5207594633102417,0.3858741819858551,0.15972387790679932,0.4210653305053711,0.46492478251457214,-0.30349209904670715,0.42726731300354004,0.4715867340564728,0.1552673727273941,0.3186875879764557,0.5273712873458862,-0.2842506766319275,0.3383455276489258,0.549358606338501,0.06754865497350693,0.2970273494720459,0.549332320690155,-0.3352755904197693,0.3023543953895569,0.5381484627723694,0.06512276828289032,0.2957507073879242,0.5499830842018127,-0.30644622445106506,0.3013717830181122,0.5464358329772949,0.02455178089439869,0.30085429549217224,0.546274721622467,-0.2762276530265808,0.30420228838920593,0.5465019345283508,0.044874709099531174,0.6292492151260376,0.5986061096191406,-0.12031584978103638,0.6207040548324585,0.6020037531852722,0.120247982442379,0.5006319880485535,0.4762953519821167,-0.1481780856847763,0.49748021364212036,0.47114333510398865,0.21618592739105225,0.529978334903717,0.7033971548080444,-0.021152887493371964,0.5299303531646729,0.6865291595458984,0.33089542388916016,0.5455797910690308,0.747167706489563,-0.009006088599562645,0.5470625162124634,0.7188153862953186,0.34075504541397095,0.47166889905929565,0.7092682719230652,-0.033719174563884735,0.49572890996932983,0.7175371646881104,0.3191525936126709,0,1
0.4702388644218445,0.28113967180252075,-0.10240328311920166,0.47803884744644165,0.2647038400173187,-0.12549790740013123,0.4807148575782776,0.2649224102497101,-0.12558580935001373,0.4836116433143616,0.2649848461151123,-0.1256643533706665,0.47568854689598083,0.2636735141277313,-0.08570046722888947,0.47650259733200073,0.263171523809433,-0.08572147786617279,0.4776868224143982,0.2625825107097626,-0.08573983609676361,0.5008065104484558,0.2747899293899536,-0.1673639416694641,0.4956423342227936,0.27141401171684265,0.010848288424313068,0.47676920890808105,0.3013380765914917,-0.11572687327861786,0.4740976393222809,0.299831360578537,-0.06393363326787949,0.5165877342224121,0.3733717203140259,-0.2658895254135132,0.5177654027938843,0.37969300150871277,0.1411343365907669,0.41621214151382446,0.4623275399208069,-0.3506057858467102,0.4259919226169586,0.47204920649528503,0.15071018040180206,0.3171082139015198,0.5284136533737183,-0.32786068320274353,0.335227906703949,0.5540157556533813,0.06040883809328079,0.2952114939689636,0.5531882643699646,-0.38014522194862366,0.3112659156322479,0.5556625127792358,0.05774574354290962,0.2940423786640167,0.5553908348083496,-0.35059237480163574,0.3096727728843689,0.5602695345878601,0.01718045398592949,0.2997904419898987,0.5519788265228271,-0.31917452812194824,0.3133644759654999,0.5681114792823792,0.037576768547296524,0.6192744374275208,0.6024254560470581,-0.12399975955486298,0.6122129559516907,0.604902982711792,0.12387187778949738,0.4884300231933594,0.4759144186973572,-0.13343583047389984,0.4860972762107849,0.4711967408657074,0.2618354260921478,0.5237393975257874,0.7011141180992126,0.027506643906235695,0.5280477404594421,0.6819608211517334,0.40411338210105896,0.5422097444534302,0.7403831481933594,0.0435815155506134,0.5478910207748413,0.7001730799674988,0.41740885376930237,0.4723125398159027,0.7049419283866882,0.0281684547662735,0.49640876054763794,0.7008100152015686,0.40241414308547974,0,1
0.47016090154647827,0.276796817779541,-0.10728538036346436,0.4785955548286438,0.2613089978694916,-0.12817534804344177,0.4812160134315491,0.26148685812950134,-0.12826409935951233,0.48414960503578186,0.2615087628364563,-0.1283489316701889,0.4758460521697998,0.26033368706703186,-0.08977539092302322,0.4765246510505676,0.25988805294036865,-0.08979730308055878,0.47749263048171997,0.25932952761650085,-0.08980363607406616,0.5012739300727844,0.271600604057312,-0.1637711077928543,0.4951622486114502,0.26830098032951355,0.008715013973414898,0.4764239192008972,0.2975068986415863,-0.11814441531896591,0.4735105037689209,0.2962069809436798,-0.06821440160274506,0.5144500732421875,0.3739013373851776,-0.2594303786754608,0.5190525650978088,0.3744388520717621,0.13255320489406586,0.4145181179046631,0.4662117063999176,-0.3379042148590088,0.42929425835609436,0.46956968307495117,0.14830265939235687,0.3166222870349884,0.5315040946006775,-0.3178553879261017,0.33381614089012146,0.5366836190223694,0.05642194300889969,0.2955392897129059,0.5576475858688354,-0.3703475296497345,0.31512650847435,0.5521992444992065,0.05384988337755203,0.2947181463241577,0.5608479976654053,-0.34023135900497437,0.3122500479221344,0.5563932061195374,0.015707774087786674,0.300356924533844,0.5566463470458984,-0.30883294343948364,0.31336289644241333,0.5621055960655212,0.03513201326131821,0.6175940036773682,0.6042477488517761,-0.1252484768629074,0.6135276556015015,0.6040356755256653,0.12511922419071198,0.4828592836856842,0.4758912920951843,-0.11499804258346558,0.4843134880065918,0.4677448272705078,0.26259320974349976,0.5242388248443604,0.7002905607223511,0.0670645609498024,0.528057336807251,0.6780049204826355,0.4060900807380676,0.5435628294944763,0.7367329001426697,0.08590037375688553,0.5505796670913696,0.6980772018432617,0.4199623167514801,0.4762880802154541,0.7065451145172119,0.08803095668554306,0.4992222189903259,0.6975803375244141,0.41210275888442993,0,1
0.4734165668487549,0.27553918957710266,-0.1474863439798355,0.4815894663333893,0.26009228825569153,-0.16733303666114807,0.48417600989341736,0.25990211963653564,-0.16740423440933228,0.4870455265045166,0.25976547598838806,-0.1674794852733612,0.479013592004776,0.25954797863960266,-0.13020215928554535,0.4797094464302063,0.25915852189064026,-0.13024857640266418,0.48069801926612854,0.2585882842540741,-0.13024772703647614,0.5037643909454346,0.26853081583976746,-0.19442763924598694,0.4975886940956116,0.2663940489292145,-0.027604147791862488,0.4794441759586334,0.29571565985679626,-0.15536782145500183,0.47646912932395935,0.2955982983112335,-0.10687105357646942,0.5180378556251526,0.37386029958724976,-0.2790146470069885,0.5160688757896423,0.3745150566101074,0.10002974420785904,0.41931065917015076,0.47673657536506653,-0.35177093744277954,0.42148295044898987,0.4702415466308594,0.10041353851556778,0.3173423409461975,0.5436621904373169,-0.34414583444595337,0.32805535197257996,0.5327117443084717,0.009335575625300407,0.29519757628440857,0.5680900812149048,-0.40024271607398987,0.3056069612503052,0.5458285212516785,0.004528747871518135,0.29407861828804016,0.5646405220031738,-0.3726661801338196,0.30439049005508423,0.5500996708869934,-0.039671361446380615,0.2998007833957672,0.5614187717437744,-0.33695560693740845,0.30901169776916504,0.5517956614494324,-0.014270437881350517,0.6213077902793884,0.6056836247444153,-0.12456043809652328,0.6131933331489563,0.6058117151260376,0.12444396317005157,0.4874435365200043,0.4711777865886688,-0.14242348074913025,0.48428216576576233,0.46641823649406433,0.22481966018676758,0.5261744260787964,0.7007781863212585,0.006166611798107624,0.5277834534645081,0.6775389909744263,0.339718759059906,0.5435951948165894,0.739421010017395,0.021845633164048195,0.5503432154655457,0.699750542640686,0.351094514131546,0.4725498557090759,0.7089253067970276,0.014022225514054298,0.499687135219574,0.7071900963783264,0.3366111218929291,0,1
0.489711195230484,0.273362398147583,-0.14883410930633545,0.4997667372226715,0.2574365735054016,-0.17450623214244843,0.5029730796813965,0.25709179043769836,-0.17459061741828918,0.5064274072647095,0.2566260099411011,-0.17470398545265198,0.4962504804134369,0.2573610544204712,-0.1324911117553711,0.49665093421936035,0.2571522295475006,-0.13252487778663635,0.49715906381607056,0.25671321153640747,-0.13252666592597961,0.5217987298965454,0.26640647649765015,-0.16442349553108215,0.5128483176231384,0.2645711600780487,-0.026621278375387192,0.49455684423446655,0.2924974262714386,-0.16358990967273712,0.48967844247817993,0.29389724135398865,-0.11059287935495377,0.5383139848709106,0.3737491965293884,-0.24106064438819885,0.519425630569458,0.3743893802165985,0.10486799478530884,0.439971387386322,0.4777298867702484,-0.3048099875450134,0.430027574300766,0.45650213956832886,0.12126120179891586,0.33816760778427124,0.5441889762878418,-0.29666298627853394,0.3423309922218323,0.5169305801391602,0.03270263597369194,0.3160984218120575,0.5619915127754211,-0.34721848368644714,0.3227568566799164,0.5270876288414001,0.03319951891899109,0.3150436282157898,0.5549027919769287,-0.31817734241485596,0.31846898794174194,0.5316184163093567,-0.012153858318924904,0.3219199776649475,0.55085688829422,-0.28833717107772827,0.32636746764183044,0.531577467918396,0.010307751595973969,0.6311624050140381,0.605446457862854,-0.11925680935382843,0.6166456937789917,0.604610800743103,0.11912451684474945,0.49676012992858887,0.46580734848976135,-0.1324862837791443,0.48516517877578735,0.4541643261909485,0.1718846708536148,0.5267677307128906,0.7038494348526001,0.01714431121945381,0.5278704166412354,0.684400737285614,0.2551489770412445,0.5430722832679749,0.739001452922821,0.03172128275036812,0.5500195026397705,0.7018957734107971,0.26210084557533264,0.4741297662258148,0.704994261264801,0.021659409627318382,0.49703502655029297,0.7104384303092957,0.24923355877399445,0,1
0.522845447063446,0.2642771899700165,-0.12601974606513977,0.5311611890792847,0.24616265296936035,-0.14336557686328888,0.5338099598884583,0.2458290159702301,-0.14342840015888214,0.5370277166366577,0.24531762301921844,-0.14347727596759796,0.5275555849075317,0.24669598042964935,-0.11076674610376358,0.5277668237686157,0.24641673266887665,-0.11086326837539673,0.5280553698539734,0.24595044553279877,-0.11088588088750839,0.5539840459823608,0.2558295428752899,-0.16955484449863434,0.5432326197624207,0.25352996587753296,-0.021246520802378654,0.5289936065673828,0.28432878851890564,-0.13293345272541046,0.5235403776168823,0.28598159551620483,-0.09018322825431824,0.5800000429153442,0.36333197355270386,-0.25087791681289673,0.548926830291748,0.3672747313976288,0.09809014201164246,0.4902312159538269,0.4672660827636719,-0.3126090168952942,0.4715398848056793,0.44632911682128906,0.12744596600532532,0.39267146587371826,0.521332859992981,-0.31029337644577026,0.389352411031723,0.5032845139503479,0.03884708136320114,0.3705255389213562,0.5388140082359314,-0.35680121183395386,0.3680195212364197,0.5120799541473389,0.035340625792741776,0.36633163690567017,0.530103325843811,-0.33655983209609985,0.3654593825340271,0.5143404603004456,-0.009112844243645668,0.37360280752182007,0.5262675881385803,-0.30470678210258484,0.3725132346153259,0.5143581032752991,0.01599273458123207,0.6528398394584656,0.6045114398002625,-0.11401531845331192,0.6302250623703003,0.6019638776779175,0.11387880891561508,0.5276551842689514,0.46578410267829895,-0.16210228204727173,0.5085147619247437,0.45408520102500916,0.1535804569721222,0.5278657078742981,0.6972252726554871,-0.07217199355363846,0.5243912935256958,0.6791203618049622,0.23146846890449524,0.5423182249069214,0.7466990351676941,-0.06433188915252686,0.540658175945282,0.7094377279281616,0.2379085123538971,0.4711483120918274,0.6963900923728943,-0.09959866106510162,0.47581425309181213,0.6977326273918152,0.22338390350341797,0,1
0.5641463994979858,0.25191518664360046,-0.15016420185565948,0.5731184482574463,0.23295341432094574,-0.15955248475074768,0.5766274333000183,0.2320919632911682,-0.15958935022354126,0.5803020000457764,0.23099417984485626,-0.1596015989780426,0.5676281452178955,0.23368294537067413,-0.1308477520942688,0.566792368888855,0.23382878303527832,-0.13094525039196014,0.5661258697509766,0.23367054760456085,-0.13097527623176575,0.59702068567276,0.24104277789592743,-0.15584638714790344,0.5793690085411072,0.24036046862602234,-0.028767356649041176,0.5719783306121826,0.2725122272968292,-0.1475091427564621,0.563937783241272,0.2741400897502899,-0.10967149585485458,0.6221303343772888,0.35268640518188477,-0.23087725043296814,0.5770810842514038,0.3550055921077728,0.09591042995452881,0.5359805822372437,0.4610379636287689,-0.2895403206348419,0.5101773142814636,0.4442760944366455,0.13079248368740082,0.4403995871543884,0.49646660685539246,-0.2841961085796356,0.43741631507873535,0.4818027913570404,0.06159735843539238,0.42018240690231323,0.5172852873802185,-0.32273322343826294,0.41746288537979126,0.49760720133781433,0.06152733415365219,0.41671496629714966,0.5073173642158508,-0.30236896872520447,0.4169846475124359,0.4956718981266022,0.023617003113031387,0.42311710119247437,0.5026211142539978,-0.2781161665916443,0.4232247769832611,0.4955200254917145,0.04145338013768196,0.676054835319519,0.6032840013504028,-0.11052186787128448,0.6453090906143188,0.5991569757461548,0.11027015745639801,0.5603266954421997,0.46672359108924866,-0.20676998794078827,0.5311614274978638,0.45915549993515015,0.16466856002807617,0.5275123715400696,0.7075127363204956,-0.1756281554698944,0.5158205032348633,0.6808003187179565,0.17647352814674377,0.5369027853012085,0.7613930702209473,-0.17229026556015015,0.5246154069900513,0.7246819138526917,0.1752803921699524,0.4604986608028412,0.7047935128211975,-0.219639390707016,0.4625330865383148,0.6962180733680725,0.15468664467334747,0,1
0.6078497171401978,0.2416321188211441,-0.19216865301132202,0.6173099279403687,0.22456058859825134,-0.19847282767295837,0.6209783554077148,0.2237984985113144,-0.1985192745923996,0.625150203704834,0.2230416238307953,-0.1985495686531067,0.6100987195968628,0.22525420784950256,-0.16923755407333374,0.6088553071022034,0.22513960301876068,-0.169320210814476,0.6077334880828857,0.2247820943593979,-0.16934843361377716,0.6427758932113647,0.2345799058675766,-0.14634737372398376,0.6198013424873352,0.23247839510440826,-0.06159653514623642,0.6169681549072266,0.2637545168399811,-0.18608857691287994,0.6073096394538879,0.2637486457824707,-0.14734618365764618,0.6684315800666809,0.33934658765792847,-0.22070296108722687,0.6138692498207092,0.34578239917755127,0.08486438542604446,0.5855286121368408,0.42665940523147583,-0.30781689286231995,0.5513870120048523,0.41770532727241516,0.13304653763771057,0.49253401160240173,0.4538760781288147,-0.3274093270301819,0.4813534617424011,0.45695585012435913,0.049415357410907745,0.4710169732570648,0.4693428575992584,-0.357168972492218,0.46342405676841736,0.4662916958332062,0.04340841993689537,0.46776875853538513,0.4656241834163666,-0.34308311343193054,0.46293768286705017,0.46753352880477905,0.00964156910777092,0.4743408262729645,0.4635208547115326,-0.32265540957450867,0.4694143831729889,0.4673364758491516,0.03090236708521843,0.7046374082565308,0.5961081385612488,-0.10875679552555084,0.6665534377098083,0.5924558043479919,0.10843795537948608,0.5909281969070435,0.4878399670124054,-0.27060410380363464,0.5573013424873352,0.49213677644729614,0.07484385371208191,0.5371912717819214,0.723793625831604,-0.3103221654891968,0.5207096934318542,0.7099387049674988,0.0152971176430583,0.5437536835670471,0.7863996624946594,-0.31449395418167114,0.529240071773529,0.7522127032279968,0.007265385240316391,0.46538791060447693,0.7357571721076965,-0.3911835849285126,0.46787065267562866,0.7210550904273987,-0.042835600674152374,0,1
0.6502576470375061,0.23371024429798126,-0.2530638575553894,0.6592944264411926,0.2167639434337616,-0.2517490088939667,0.6627062559127808,0.21687009930610657,-0.2517249584197998,0.6667413115501404,0.21696482598781586,-0.2516980469226837,0.6524056792259216,0.2167019248008728,-0.22819042205810547,0.6512683629989624,0.21643464267253876,-0.22830860316753387,0.6502362489700317,0.21619786322116852,-0.22833867371082306,0.6842544674873352,0.22996042668819427,-0.21067436039447784,0.6619135141372681,0.22516731917858124,-0.10438390076160431,0.6588685512542725,0.2555326223373413,-0.23789501190185547,0.6500979065895081,0.2556012272834778,-0.20651796460151672,0.7090046405792236,0.330902636051178,-0.279631644487381,0.6497741341590881,0.3368508815765381,0.03168536350131035,0.639677107334137,0.4028313457965851,-0.3988824486732483,0.5881451368331909,0.39360347390174866,0.05093688517808914,0.5469369292259216,0.43741825222969055,-0.44187554717063904,0.5266974568367004,0.43646037578582764,-0.06744043529033661,0.5282799005508423,0.453810453414917,-0.4885476529598236,0.5105322003364563,0.44963768124580383,-0.08146009594202042,0.5242985486984253,0.4521963894367218,-0.4740985929965973,0.5099633932113647,0.45162609219551086,-0.11644153296947479,0.530410885810852,0.44899049401283264,-0.4384232461452484,0.5168645977973938,0.4490552544593811,-0.0875978022813797,0.7285112142562866,0.5788323879241943,-0.11011524498462677,0.6915180087089539,0.5629019141197205,0.10984537750482559,0.6102651357650757,0.5153020024299622,-0.2757684588432312,0.5783528685569763,0.4914705455303192,0.08076317608356476,0.5423034429550171,0.7265594601631165,-0.29827237129211426,0.5225666761398315,0.7065879106521606,0.069794200360775,0.5481547117233276,0.7857820391654968,-0.3025178611278534,0.5273157358169556,0.7413321733474731,0.06573159992694855,0.4870748519897461,0.7352272868156433,-0.3827752470970154,0.46408581733703613,0.6959806084632874,0.026544298976659775,0,1
0.6894271969795227,0.2342047095298767,-0.17538906633853912,0.6991680860519409,0.21679307520389557,-0.17495344579219818,0.7028688788414001,0.21684475243091583,-0.1749335378408432,0.7067376375198364,0.21701878309249878,-0.17489057779312134,0.69151771068573,0.21644626557826996,-0.15259143710136414,0.6901000738143921,0.21602611243724823,-0.15269477665424347,0.6888260841369629,0.21541669964790344,-0.15274319052696228,0.7213114500045776,0.22877445816993713,-0.13426615297794342,0.7008723020553589,0.22407247126102448,-0.03993355482816696,0.6982026100158691,0.2536541223526001,-0.1616256982088089,0.6889140009880066,0.25330331921577454,-0.13229462504386902,0.7493113875389099,0.32278692722320557,-0.20653028786182404,0.6856015920639038,0.33106473088264465,0.0830763578414917,0.6839497089385986,0.4046711027622223,-0.32782790064811707,0.6226835250854492,0.39093154668807983,0.10653634369373322,0.5976085066795349,0.42526689171791077,-0.3822883665561676,0.5607852935791016,0.42743492126464844,-0.02117474563419819,0.5734493136405945,0.4429429769515991,-0.42947277426719666,0.5403032302856445,0.4386046230792999,-0.03126096352934837,0.5690991282463074,0.4363887310028076,-0.40767860412597656,0.5400017499923706,0.43791109323501587,-0.0659177303314209,0.5768808126449585,0.4332951307296753,-0.37703394889831543,0.5483313798904419,0.43635207414627075,-0.040975600481033325,0.7519251704216003,0.5741992592811584,-0.10401421785354614,0.7143673300743103,0.5577331781387329,0.10386349260807037,0.6262772083282471,0.5384519100189209,-0.2543913722038269,0.5979300737380981,0.5074044466018677,0.023671342059969902,0.5467257499694824,0.7302987575531006,-0.2887798845767975,0.5257561802864075,0.7019109129905701,-0.018817249685525894,0.5491027235984802,0.7843483686447144,-0.29366275668144226,0.5296977162361145,0.7346007227897644,-0.025314684957265854,0.491353839635849,0.7165575623512268,-0.376552551984787,0.4664377272129059,0.6817820072174072,-0.07667567580938339,0,1
0.7232929468154907,0.24127301573753357,-0.01134735532104969,0.7306994199752808,0.2261565774679184,-0.010562483221292496,0.7352476716041565,0.22481079399585724,-0.010544631630182266,0.7405418157577515,0.22377459704875946,-0.010502905584871769,0.7230871915817261,0.22745805978775024,0.008332954719662666,0.7220422625541687,0.22736595571041107,0.00826434139162302,0.7210495471954346,0.22731474041938782,0.008173948153853416,0.7553983926773071,0.23062285780906677,0.016859011724591255,0.729127049446106,0.2318619191646576,0.10245659202337265,0.7338013648986816,0.26060789823532104,-0.0006350558251142502,0.7240142226219177,0.26080554723739624,0.02427634224295616,0.7857074737548828,0.3213615119457245,-0.07300575077533722,0.7189583778381348,0.33321893215179443,0.19219502806663513,0.7244064807891846,0.4009266197681427,-0.20216527581214905,0.655677855014801,0.39621788263320923,0.1963028758764267,0.6438218355178833,0.4148331880569458,-0.2718758285045624,0.5941570997238159,0.4262630045413971,0.07523156702518463,0.6190358996391296,0.42559677362442017,-0.2980605959892273,0.572761058807373,0.43575960397720337,0.0627647116780281,0.6154273152351379,0.42095035314559937,-0.28863197565078735,0.5733698606491089,0.4335126280784607,0.03890395909547806,0.6231076717376709,0.4203696846961975,-0.2675246000289917,0.5812613368034363,0.43185216188430786,0.05980165675282478,0.7667745351791382,0.5762758851051331,-0.09482035040855408,0.7255254983901978,0.5603864192962646,0.09466326236724854,0.6410853266716003,0.5691820383071899,-0.20052087306976318,0.6165117025375366,0.5350107550621033,-0.008176461793482304,0.5482373237609863,0.7424324750900269,-0.2749987542629242,0.5262731313705444,0.7006486058235168,-0.08997544646263123,0.547398567199707,0.7921291589736938,-0.28046315908432007,0.5191863775253296,0.7351210713386536,-0.09893494099378586,0.4887165427207947,0.7334051132202148,-0.35151180624961853,0.4649032950401306,0.67412930727005,-0.1466045379638672,0,1
0.7487679719924927,0.26742616295814514,0.12410406768321991,0.7550472021102905,0.24932441115379333,0.12887486815452576,0.7592074871063232,0.24696826934814453,0.12887901067733765,0.7642069458961487,0.2443496733903885,0.12890629470348358,0.747962236404419,0.2519269287586212,0.14819562435150146,0.7467634081840515,0.25231024622917175,0.14811748266220093,0.7457154989242554,0.2526673376560211,0.14805443584918976,0.7818833589553833,0.24429993331432343,0.15586675703525543,0.7554345726966858,0.25243374705314636,0.24273398518562317,0.7586709260940552,0.28227686882019043,0.13272781670093536,0.7504590153694153,0.2845360338687897,0.15820784866809845,0.8151723146438599,0.32239821553230286,0.06287604570388794,0.744943380355835,0.33531537652015686,0.28222495317459106,0.7788912057876587,0.40021461248397827,-0.07240802049636841,0.685198187828064,0.40240225195884705,0.25239327549934387,0.7010520696640015,0.40737542510032654,-0.183465838432312,0.6276399493217468,0.42258450388908386,0.10927979648113251,0.6819703578948975,0.4179028272628784,-0.21689684689044952,0.6099733114242554,0.43064478039741516,0.08449797332286835,0.6801847815513611,0.41149428486824036,-0.21465733647346497,0.6142618656158447,0.4262838065624237,0.06424915045499802,0.6832371950149536,0.41121822595596313,-0.18308097124099731,0.6202041506767273,0.42545026540756226,0.09405573457479477,0.778321385383606,0.5704020261764526,-0.0770760178565979,0.7358430027961731,0.5511465072631836,0.07704205811023712,0.6548967361450195,0.5947472453117371,-0.2136935442686081,0.6317452192306519,0.5674800872802734,-0.058477628976106644,0.5527811646461487,0.7541816830635071,-0.345414936542511,0.5260065793991089,0.698734700679779,-0.18239283561706543,0.5450233221054077,0.7999582290649414,-0.357788622379303,0.5165585279464722,0.7343573570251465,-0.1962636411190033,0.4953084886074066,0.7318470478057861,-0.44146299362182617,0.46550941467285156,0.6612891554832458,-0.25428837537765503,0,1
0.7528951168060303,0.2839842438697815,0.050249069929122925,0.7570886611938477,0.2666904032230377,0.04674135893583298,0.7601678371429443,0.2643413841724396,0.046707771718502045,0.7639021277427673,0.26132917404174805,0.04667465388774872,0.7524586915969849,0.2689189314842224,0.06835253536701202,0.7518416047096252,0.2687118649482727,0.0683300644159317,0.7512858510017395,0.26869699358940125,0.06826315820217133,0.7823893427848816,0.2538847029209137,0.06626828014850616,0.7639598846435547,0.2656570374965668,0.15755046904087067,0.7632421255111694,0.2971430718898773,0.053294260054826736,0.7575655579566956,0.2988095283508301,0.08227261155843735,0.8285808563232422,0.32727178931236267,-0.004818277899175882,0.7542880773544312,0.3375069797039032,0.2078455239534378,0.8141528367996216,0.455846905708313,-0.07745445519685745,0.7158552408218384,0.4286828339099884,0.21836014091968536,0.7399946451187134,0.41861552000045776,-0.128657266497612,0.6702998280525208,0.426238089799881,0.11413762718439102,0.7246133685112,0.4249036908149719,-0.14804160594940186,0.6563757061958313,0.43320542573928833,0.09202437102794647,0.7199025750160217,0.41890838742256165,-0.14705906808376312,0.6566816568374634,0.42957940697669983,0.07173021137714386,0.7274532318115234,0.41690608859062195,-0.1263875663280487,0.6626428365707397,0.42888563871383667,0.09966499358415604,0.78081214427948,0.5689343214035034,-0.0726097971200943,0.7378161549568176,0.549981415271759,0.0727120190858841,0.6685018539428711,0.6167857050895691,-0.19141343235969543,0.6415094137191772,0.579106867313385,-0.07249172776937485,0.5617703199386597,0.75969398021698,-0.3482535183429718,0.5319040417671204,0.7025519609451294,-0.21208301186561584,0.5488823652267456,0.8020784258842468,-0.36038902401924133,0.5194388628005981,0.742173433303833,-0.22793738543987274,0.4982825815677643,0.7263615131378174,-0.432974636554718,0.4694572985172272,0.6658751368522644,-0.28345948457717896,0,1
0.7403795719146729,0.26921695470809937,0.05665460228919983,0.7453795671463013,0.25118881464004517,0.061333902180194855,0.7488824725151062,0.24971836805343628,0.06125878170132637,0.7527102828025818,0.24752868711948395,0.06111716106534004,0.7395997643470764,0.25237923860549927,0.07176554203033447,0.7387946844100952,0.252246618270874,0.07183375954627991,0.7381215691566467,0.252132385969162,0.07170425355434418,0.770760178565979,0.24133987724781036,0.03906732052564621,0.7503525614738464,0.2542230486869812,0.14214032888412476,0.750506579875946,0.28304439783096313,0.0731147974729538,0.7436147332191467,0.28398412466049194,0.09742707759141922,0.8167632818222046,0.3238984942436218,0.011000926606357098,0.7419732809066772,0.3347640633583069,0.18150809407234192,0.8398615121841431,0.4683988690376282,-0.04666406288743019,0.7258771061897278,0.4543270468711853,0.18156321346759796,0.7755755186080933,0.4367786943912506,-0.09230601042509079,0.6959649324417114,0.4354068338871002,0.024089649319648743,0.7512162923812866,0.44146600365638733,-0.10874877125024796,0.6853131055831909,0.4371660053730011,-0.006272981874644756,0.7500620484352112,0.42816048860549927,-0.10130860656499863,0.6876293420791626,0.4304666817188263,-0.015476955100893974,0.7553867697715759,0.42629122734069824,-0.08629831671714783,0.6914562582969666,0.429307222366333,0.014050820842385292,0.7837217450141907,0.5611587762832642,-0.066006138920784,0.7384706139564514,0.5464062690734863,0.06613761931657791,0.6741310954093933,0.6190664172172546,-0.19920389354228973,0.6440325975418091,0.584977388381958,-0.1034914031624794,0.5648803114891052,0.7706597447395325,-0.33477112650871277,0.5332257747650146,0.7040234208106995,-0.22881540656089783,0.5509438514709473,0.8044132590293884,-0.3464563488960266,0.5206270813941956,0.7412386536598206,-0.24284973740577698,0.5052382349967957,0.7527332901954651,-0.4367339611053467,0.4718094766139984,0.6659368276596069,-0.30662816762924194,0,1
0.7110413908958435,0.2502995729446411,-0.08418373018503189,0.7203128933906555,0.2333955615758896,-0.08710658550262451,0.7241700887680054,0.23279251158237457,-0.08716414123773575,0.7284916639328003,0.23179499804973602,-0.08720190078020096,0.713895320892334,0.23391681909561157,-0.06686148047447205,0.7129642367362976,0.23418699204921722,-0.06695724278688431,0.7122354507446289,0.23429249227046967,-0.06706050783395767,0.7449251413345337,0.2336241453886032,-0.07789893448352814,0.7273309826850891,0.2412261962890625,0.013675789348781109,0.7206646203994751,0.27023252844810486,-0.07965771853923798,0.7141457796096802,0.2709313631057739,-0.05294542387127876,0.7958474159240723,0.3267934024333954,-0.09974612295627594,0.7200304865837097,0.3409024178981781,0.09118304401636124,0.8147087097167969,0.48439204692840576,-0.1657465398311615,0.7131916284561157,0.4672364890575409,0.06913197040557861,0.749453067779541,0.432098388671875,-0.2112499177455902,0.6736010909080505,0.44791173934936523,-0.12019610404968262,0.7321323156356812,0.4325598478317261,-0.23362846672534943,0.6612272262573242,0.44333207607269287,-0.151352196931839,0.7263015508651733,0.4176935851573944,-0.21967212855815887,0.6625044345855713,0.4374510943889618,-0.16372035443782806,0.7289763689041138,0.41719329357147217,-0.20420357584953308,0.6683881878852844,0.43864738941192627,-0.13274705410003662,0.7823285460472107,0.5684183239936829,-0.06737439334392548,0.7373862266540527,0.5565780997276306,0.06744910776615143,0.6667184829711914,0.6132380962371826,-0.22692890465259552,0.639461874961853,0.5806559920310974,-0.11844829469919205,0.5626910924911499,0.7611636519432068,-0.3104957938194275,0.5373792052268982,0.6997087001800537,-0.223994642496109,0.5508798360824585,0.8044520020484924,-0.32114464044570923,0.5327686071395874,0.7435820698738098,-0.23411118984222412,0.5022327899932861,0.7285566329956055,-0.4177733361721039,0.4760435223579407,0.6677399277687073,-0.3082064390182495,0,1
0.6747775673866272,0.25319603085517883,-0.10227830708026886,0.6844978332519531,0.2361343950033188,-0.10102212429046631,0.6877837777137756,0.2356310933828354,-0.10105773061513901,0.6920653581619263,0.2350022792816162,-0.10105712711811066,0.6779645681381226,0.236819326877594,-0.08244733512401581,0.6770666837692261,0.2368617206811905,-0.08257418870925903,0.6763753890991211,0.23671065270900726,-0.08268024027347565,0.7084431052207947,0.24289320409297943,-0.07801157236099243,0.6887902021408081,0.24421124160289764,0.00531591335311532,0.68329256772995,0.2741279602050781,-0.09327821433544159,0.6763826608657837,0.27362897992134094,-0.06912271678447723,0.7484757304191589,0.34035369753837585,-0.1333204209804535,0.6786112189292908,0.3549470901489258,0.09625039994716644,0.7244184017181396,0.49826279282569885,-0.1873301863670349,0.636382520198822,0.4698353111743927,0.09427690505981445,0.6414226293563843,0.4851130545139313,-0.21573233604431152,0.5896793007850647,0.48676159977912903,-0.056219130754470825,0.6223569512367249,0.49908384680747986,-0.24416010081768036,0.5663555860519409,0.49498802423477173,-0.08012063801288605,0.6178439855575562,0.4841937720775604,-0.23694634437561035,0.5686580538749695,0.49087417125701904,-0.10149935632944107,0.6254981160163879,0.48120787739753723,-0.21214354038238525,0.5785398483276367,0.4900636076927185,-0.07152486592531204,0.777087926864624,0.5711861252784729,-0.08066342771053314,0.7337876558303833,0.5617758631706238,0.08092480152845383,0.6550222039222717,0.5834300518035889,-0.23012001812458038,0.6292718648910522,0.5662940740585327,-0.08694926649332047,0.555037796497345,0.7475665807723999,-0.28294163942337036,0.53972989320755,0.6958165764808655,-0.15743586421012878,0.5498485565185547,0.7957918643951416,-0.29450511932373047,0.5334155559539795,0.7443962693214417,-0.16304269433021545,0.4945710599422455,0.7191919088363647,-0.3790944814682007,0.47720450162887573,0.6773232221603394,-0.23874637484550476,0,1
0.6364067792892456,0.27183133363723755,-0.25904229283332825,0.6461189985275269,0.2522490918636322,-0.2605314552783966,0.649918794631958,0.251844197511673,-0.26050153374671936,0.6543204188346863,0.25198590755462646,-0.26045098900794983,0.6394644975662231,0.2520870566368103,-0.24658973515033722,0.6383329033851624,0.25143346190452576,-0.2467755824327469,0.6371991634368896,0.25055110454559326,-0.24682030081748962,0.6703273057937622,0.26763126254081726,-0.22486361861228943,0.6497700214385986,0.2601161599159241,-0.16337943077087402,0.6426827907562256,0.29265475273132324,-0.24291260540485382,0.6363414525985718,0.28992125391960144,-0.22473978996276855,0.6954061985015869,0.35927093029022217,-0.2623665928840637,0.6487094163894653,0.36078283190727234,-0.041032589972019196,0.6246964931488037,0.4907916188240051,-0.28783032298088074,0.582746684551239,0.46357765793800354,-0.007369309663772583,0.5493934750556946,0.5423187017440796,-0.2876644432544708,0.5181868076324463,0.5144794583320618,-0.055497147142887115,0.5286533832550049,0.5658459067344666,-0.3231738805770874,0.5050451755523682,0.5254877805709839,-0.05502662807703018,0.5238441824913025,0.5531271696090698,-0.31121572852134705,0.5036660432815552,0.5262411236763,-0.08995287120342255,0.5292030572891235,0.5502777695655823,-0.2841262221336365,0.509242057800293,0.5262905359268188,-0.07102744281291962,0.7639427185058594,0.5818902850151062,-0.0884649008512497,0.730083703994751,0.5602343082427979,0.08854019641876221,0.6314979791641235,0.5351703763008118,-0.21661067008972168,0.6116231083869934,0.5050621628761292,0.12152944505214691,0.549526035785675,0.7227573990821838,-0.24482040107250214,0.537765383720398,0.6842304468154907,0.14431491494178772,0.5507364869117737,0.7642435431480408,-0.2498677521944046,0.5409788489341736,0.717743992805481,0.14463071525096893,0.49230146408081055,0.6794689893722534,-0.31233805418014526,0.4815447926521301,0.6798059344291687,0.1296250969171524,0,1
0.5968493223190308,0.286265105009079,-0.1128116250038147,0.6047614812850952,0.2694731652736664,-0.12808597087860107,0.6075354218482971,0.26986631751060486,-0.12812545895576477,0.6106175184249878,0.2705737054347992,-0.12813426554203033,0.6005085706710815,0.2691275179386139,-0.10403944551944733,0.600145161151886,0.2689712941646576,-0.10411946475505829,0.599862277507782,0.26875030994415283,-0.10407161712646484,0.6256362199783325,0.28635042905807495,-0.14206627011299133,0.6158871650695801,0.28102657198905945,-0.0643896833062172,0.6025456786155701,0.30938276648521423,-0.11975071579217911,0.5977749824523926,0.3077792227268219,-0.08774467557668686,0.6513393521308899,0.37034735083580017,-0.19296187162399292,0.6276529431343079,0.3837871849536896,0.02497069165110588,0.5621460676193237,0.4779190123081207,-0.23358850181102753,0.5539884567260742,0.4657948315143585,0.039645157754421234,0.4763934016227722,0.5238903760910034,-0.21355175971984863,0.4829126298427582,0.516596794128418,0.030693447217345238,0.4551936984062195,0.537290096282959,-0.2502983808517456,0.46264225244522095,0.5210356712341309,0.03715352714061737,0.4514907896518707,0.5294321775436401,-0.22606952488422394,0.4619845747947693,0.5224591493606567,0.004193217493593693,0.45854663848876953,0.527320921421051,-0.2061711549758911,0.46698641777038574,0.5229097008705139,0.015282228589057922,0.7393959760665894,0.5818430781364441,-0.08702239394187927,0.7216303944587708,0.5708797574043274,0.08707165718078613,0.6164640188217163,0.5135645270347595,-0.17092502117156982,0.6015289425849915,0.5057888627052307,0.13974323868751526,0.5437746047973633,0.7154818177223206,-0.16725660860538483,0.5374825596809387,0.6821383833885193,0.1670621782541275,0.5433102250099182,0.7565113306045532,-0.16892006993293762,0.5432108044624329,0.7200016379356384,0.16752134263515472,0.48552069067955017,0.6700634956359863,-0.22063827514648438,0.4864107668399811,0.6867713928222656,0.14666250348091125,0,1
0.5620328187942505,0.3016631007194519,-0.04029035568237305,0.5686620473861694,0.2860649526119232,-0.054112743586301804,0.5709904432296753,0.28570085763931274,-0.05415734648704529,0.5736221075057983,0.28532105684280396,-0.05419263243675232,0.5654485821723938,0.28602707386016846,-0.026495564728975296,0.5655669569969177,0.2858472466468811,-0.026549208909273148,0.5658697485923767,0.28542211651802063,-0.026499290019273758,0.5887466073036194,0.29433438181877136,-0.07956362515687943,0.5807174444198608,0.2915140390396118,0.04575444757938385,0.5679953694343567,0.32016271352767944,-0.04832553490996361,0.564107358455658,0.3191370964050293,-0.012040862813591957,0.6153546571731567,0.3807043433189392,-0.15112514793872833,0.5923213958740234,0.3896799385547638,0.13064509630203247,0.5215834379196167,0.47403252124786377,-0.2011316567659378,0.5213960409164429,0.46487489342689514,0.13909828662872314,0.43527093529701233,0.5179097652435303,-0.18320992588996887,0.4436609148979187,0.5120118856430054,0.08775223791599274,0.41483888030052185,0.5303874015808105,-0.22427496314048767,0.42514458298683167,0.5192397236824036,0.09385883808135986,0.4119448661804199,0.5235552191734314,-0.1970190405845642,0.4242192804813385,0.5198834538459778,0.061393965035676956,0.41849446296691895,0.5207549929618835,-0.17524749040603638,0.43017926812171936,0.5195487141609192,0.07154367864131927,0.7160883545875549,0.5825147032737732,-0.09779106825590134,0.6943192481994629,0.5724161863327026,0.09783101081848145,0.5950487852096558,0.5017858147621155,-0.18588276207447052,0.5695313811302185,0.4834284782409668,0.16227616369724274,0.5371561646461487,0.7153283953666687,-0.1873837113380432,0.5349339246749878,0.6838847398757935,0.20668485760688782,0.5384413599967957,0.751683235168457,-0.18875864148139954,0.5438810586929321,0.7206699848175049,0.2088610678911209,0.4761105179786682,0.6787723302841187,-0.24150201678276062,0.4847145080566406,0.6915539503097534,0.1816549003124237,0,1
0.5334307551383972,0.3019617199897766,-0.009210975840687752,0.5410820841789246,0.28590860962867737,-0.025001132860779762,0.5433650612831116,0.28543028235435486,-0.025065919384360313,0.5459194183349609,0.2847699224948883,-0.025106076151132584,0.5386132001876831,0.2858952283859253,0.005400198511779308,0.539269208908081,0.2856121361255646,0.00535186193883419,0.5400909185409546,0.2851126790046692,0.005375932436436415,0.5613107681274414,0.2921319901943207,-0.05865001678466797,0.5552823543548584,0.29025357961654663,0.07880048453807831,0.5385951399803162,0.3191916048526764,-0.02046777494251728,0.5360788106918335,0.3187530040740967,0.019443104043602943,0.5832674503326416,0.37850919365882874,-0.1427280753850937,0.5659491419792175,0.3916957378387451,0.16672691702842712,0.48846426606178284,0.46709421277046204,-0.19631728529930115,0.48519235849380493,0.46692177653312683,0.17660510540008545,0.39860066771507263,0.51758873462677,-0.1788843870162964,0.4055085778236389,0.5118955373764038,0.12748631834983826,0.37957513332366943,0.5339879989624023,-0.2171013057231903,0.3867271840572357,0.5215092301368713,0.1355036497116089,0.37630853056907654,0.5288914442062378,-0.18969473242759705,0.3859401345252991,0.5253861546516418,0.10337509214878082,0.3835875391960144,0.5249166488647461,-0.17020054161548615,0.3914799988269806,0.5232848525047302,0.1107422262430191,0.6909655928611755,0.5847517848014832,-0.10641523450613022,0.6726164817810059,0.5797866582870483,0.10640819370746613,0.5708127617835999,0.4991520047187805,-0.19220829010009766,0.5478032231330872,0.48230621218681335,0.17093589901924133,0.5286828279495239,0.7166464924812317,-0.15637215971946716,0.5256014466285706,0.6881843209266663,0.21355465054512024,0.53578120470047,0.7617461085319519,-0.15375375747680664,0.5417022109031677,0.7252780199050903,0.21569831669330597,0.4656391143798828,0.7129989862442017,-0.19818785786628723,0.47593650221824646,0.7060391306877136,0.18812939524650574,0,1
0.5071138739585876,0.29965656995773315,-0.018553389236330986,0.5146587491035461,0.2834918200969696,-0.03128061443567276,0.5173577070236206,0.28312671184539795,-0.03135327249765396,0.5204670429229736,0.2825488746166229,-0.031410232186317444,0.5112101435661316,0.2833966016769409,-0.0013339396100491285,0.5113908052444458,0.2831462323665619,-0.0013806913048028946,0.511785626411438,0.28267043828964233,-0.0013771459925919771,0.5366976857185364,0.29012295603752136,-0.051480285823345184,0.5286194086074829,0.28832387924194336,0.08512594550848007,0.5138962268829346,0.317390114068985,-0.024643177166581154,0.5101222395896912,0.3171031177043915,0.014702608808875084,0.560451090335846,0.3768598437309265,-0.14503690600395203,0.5490455031394958,0.3941473662853241,0.19321368634700775,0.4584290385246277,0.4623053967952728,-0.21762171387672424,0.45633798837661743,0.4674728810787201,0.20079405605793,0.36507219076156616,0.5190603733062744,-0.1843077838420868,0.3671223819255829,0.5171627998352051,0.1418105661869049,0.345831036567688,0.5358099341392517,-0.22256579995155334,0.3483937084674835,0.5269762873649597,0.14682282507419586,0.34305691719055176,0.5331763029098511,-0.19569861888885498,0.34673577547073364,0.5301277041435242,0.11756256967782974,0.3500378727912903,0.5283163189888,-0.17593076825141907,0.3530041575431824,0.5283715724945068,0.12508736550807953,0.6656476855278015,0.5893304347991943,-0.11555753648281097,0.6518511176109314,0.5985690355300903,0.11547067016363144,0.5428194999694824,0.4869280457496643,-0.17836585640907288,0.537290096282959,0.48474621772766113,0.2132246196269989,0.5214544534683228,0.716306746006012,-0.1159047931432724,0.5257788896560669,0.7049360275268555,0.2916991710662842,0.5341452360153198,0.7731462121009827,-0.11000581085681915,0.5386654734611511,0.7341166138648987,0.29791873693466187,0.45243144035339355,0.7226070165634155,-0.1488330215215683,0.4746779799461365,0.725726842880249,0.27754345536231995,0,1
0.48707857728004456,0.2991410493850708,-0.04942154139280319,0.4935513138771057,0.28295043110847473,-0.06455286592245102,0.4960748255252838,0.28259629011154175,-0.06463725119829178,0.4988721013069153,0.28191113471984863,-0.06472276151180267,0.49046844244003296,0.28240156173706055,-0.030304154381155968,0.4908457398414612,0.2816736102104187,-0.030347486957907677,0.4914957880973816,0.2807371914386749,-0.030350932851433754,0.5169841051101685,0.2884640693664551,-0.08466573059558868,0.509574294090271,0.2854611873626709,0.07162877172231674,0.4948321282863617,0.3168399930000305,-0.055666856467723846,0.4916383624076843,0.31647083163261414,-0.010660972446203232,0.5390343070030212,0.3760536313056946,-0.18465225398540497,0.5343774557113647,0.39200761914253235,0.18242883682250977,0.4380941390991211,0.4629361033439636,-0.2688525319099426,0.44366592168807983,0.46943938732147217,0.19216327369213104,0.3440541625022888,0.522823691368103,-0.24009382724761963,0.3503810465335846,0.5212041735649109,0.12192992120981216,0.32410117983818054,0.5392447710037231,-0.283891499042511,0.3320592939853668,0.5293943285942078,0.1219111829996109,0.32085126638412476,0.537472128868103,-0.25544220209121704,0.328676700592041,0.5336062908172607,0.08370448648929596,0.32750481367111206,0.5327810645103455,-0.2310161143541336,0.3348918855190277,0.5317037105560303,0.09947329014539719,0.6464780569076538,0.5945538282394409,-0.11946696043014526,0.6370689868927002,0.5975263118743896,0.1193738579750061,0.5218786001205444,0.4797815680503845,-0.15379294753074646,0.5220673084259033,0.4768126904964447,0.23042094707489014,0.5250707864761353,0.7127635478973389,-0.06313706189393997,0.5286499857902527,0.6960582137107849,0.35087504982948303,0.5359612703323364,0.7636083960533142,-0.055248577147722244,0.5446996688842773,0.7291157841682434,0.3612922430038452,0.4596707820892334,0.7214239239692688,-0.08955437690019608,0.4867486357688904,0.7213791012763977,0.3429725766181946,0,1
0.47296324372291565,0.29434728622436523,-0.07969474792480469,0.47965437173843384,0.27678167819976807,-0.09408367425203323,0.4823775887489319,0.27675655484199524,-0.09417081624269485,0.48560261726379395,0.27640676498413086,-0.09425294399261475,0.4765773415565491,0.27570828795433044,-0.06078215688467026,0.47695913910865784,0.2749382555484772,-0.060822732746601105,0.4776533544063568,0.2739945650100708,-0.060822855681180954,0.5047755241394043,0.2848378121852875,-0.11448969691991806,0.4966983199119568,0.2804560661315918,0.02942769229412079,0.48037251830101013,0.3141241669654846,-0.08549477159976959,0.47690925002098083,0.312865674495697,-0.042014800012111664,0.5260792374610901,0.37679189443588257,-0.20810218155384064,0.5207341909408569,0.3868713080883026,0.16132141649723053,0.42292994260787964,0.464987188577652,-0.291641503572464,0.4311152994632721,0.47243809700012207,0.1641385406255722,0.32366815209388733,0.5274431109428406,-0.2684127986431122,0.33375146985054016,0.529200553894043,0.07943316549062729,0.3030681014060974,0.5427409410476685,-0.31568431854248047,0.31523212790489197,0.5389183759689331,0.07841897755861282,0.30005934834480286,0.5416763424873352,-0.28768885135650635,0.31090253591537476,0.5404993891716003,0.040956106036901474,0.30578097701072693,0.5394583940505981,-0.2601655423641205,0.3145802617073059,0.5439496040344238,0.05861038714647293,0.6317014694213867,0.6014019250869751,-0.11886914074420929,0.6203279495239258,0.6027555465698242,0.11874970048666,0.5005010366439819,0.4765128791332245,-0.14007598161697388,0.4996265470981598,0.4722447991371155,0.2464350014925003,0.5279885530471802,0.7060644626617432,-0.04878000542521477,0.5304484367370605,0.6862016320228577,0.36176347732543945,0.5449005365371704,0.7613742351531982,-0.040314920246601105,0.5491384267807007,0.7116504311561584,0.3720495402812958,0.4694950580596924,0.7113339900970459,-0.07166475057601929,0.49113211035728455,0.7092857956886292,0.35413238406181335,0,1
0.4661615788936615,0.28723716735839844,-0.13906870782375336,0.4737747311592102,0.26966410875320435,-0.15950393676757812,0.4764072000980377,0.2698831856250763,-0.15958599746227264,0.4793928265571594,0.26990044116973877,-0.15968243777751923,0.47112783789634705,0.2683250308036804,-0.12085757404565811,0.47169867157936096,0.26768115162849426,-0.12088940292596817,0.4725489616394043,0.266912043094635,-0.12089484930038452,0.49798911809921265,0.2805887758731842,-0.19011691212654114,0.4910140931606293,0.27531421184539795,-0.016264524310827255,0.4729486405849457,0.30851250886917114,-0.14820435643196106,0.47011667490005493,0.30594173073768616,-0.09765235334634781,0.5168325901031494,0.3782697916030884,-0.2783212959766388,0.5176739692687988,0.38183844089508057,0.11574475467205048,0.41347065567970276,0.4710655212402344,-0.3624144494533539,0.42281627655029297,0.4736473560333252,0.1221465915441513,0.3151032030582428,0.5351089239120483,-0.3427075743675232,0.32537320256233215,0.533424973487854,0.02472643554210663,0.29252877831459045,0.5524162650108337,-0.3992428183555603,0.30402177572250366,0.5442913770675659,0.017677750438451767,0.2906535267829895,0.5497272610664368,-0.3704460561275482,0.3020632266998291,0.54640132188797,-0.024839170277118683,0.29696786403656006,0.5495545864105225,-0.3349538743495941,0.30602434277534485,0.5499356985092163,0.0009086516802199185,0.6215919256210327,0.6023500561714172,-0.1219487339258194,0.6149152517318726,0.6034114956855774,0.12181093543767929,0.4905165135860443,0.4759810268878937,-0.13864874839782715,0.49012595415115356,0.4684997498989105,0.2690519392490387,0.5297333002090454,0.7061380743980408,0.015329854562878609,0.5312153697013855,0.6819041967391968,0.42555999755859375,0.5466136932373047,0.7449339032173157,0.030832504853606224,0.5491784811019897,0.7072131037712097,0.4404197633266449,0.47659730911254883,0.7137485146522522,0.017598135396838188,0.4979077875614166,0.7031785249710083,0.43028679490089417,0,1
0.46644657850265503,0.2854893207550049,-0.08779926598072052,0.47434839606285095,0.2677464485168457,-0.10629267990589142,0.47699660062789917,0.26748380064964294,-0.10639087110757828,0.4799765944480896,0.2670385241508484,-0.10648294538259506,0.4714272916316986,0.2671135663986206,-0.06833244115114212,0.47190818190574646,0.26667505502700806,-0.06835642457008362,0.47260183095932007,0.266012966632843,-0.06835903227329254,0.4974958002567291,0.2753043472766876,-0.13723817467689514,0.4892794191837311,0.27345284819602966,0.035402022302150726,0.47335442900657654,0.3061995208263397,-0.09721127152442932,0.4698905944824219,0.3049270510673523,-0.04755350947380066,0.519054651260376,0.3762608766555786,-0.23342375457286835,0.5126639604568481,0.3829837739467621,0.15368542075157166,0.41755399107933044,0.47488054633140564,-0.31300491094589233,0.41990381479263306,0.47761988639831543,0.16068795323371887,0.31955498456954956,0.5411989092826843,-0.3011711537837982,0.3281288743019104,0.5366728901863098,0.07062624394893646,0.296062171459198,0.561683714389801,-0.3545958399772644,0.30845004320144653,0.5475747585296631,0.06544820964336395,0.295065701007843,0.5601257085800171,-0.3264092206954956,0.3052833080291748,0.5529924631118774,0.0220714770257473,0.30169478058815,0.5563111305236816,-0.2930697798728943,0.3096287250518799,0.5527783036231995,0.047128207981586456,0.6198482513427734,0.6022663712501526,-0.12283182144165039,0.6113952398300171,0.6048312187194824,0.12271449714899063,0.48434990644454956,0.47250717878341675,-0.12376608699560165,0.4833091199398041,0.4717988669872284,0.2347520887851715,0.523769736289978,0.7002694010734558,0.04280707240104675,0.5284462571144104,0.6831883192062378,0.3619925379753113,0.5420175790786743,0.7411338090896606,0.06019659712910652,0.5495325326919556,0.7067444324493408,0.3751065135002136,0.4753498136997223,0.7149718403816223,0.06055760383605957,0.4985297620296478,0.7099605798721313,0.3625769317150116,0,1
0.4697877764701843,0.28159114718437195,-0.11474281549453735,0.47842422127723694,0.26397866010665894,-0.13068407773971558,0.4811194837093353,0.2634545564651489,-0.13076624274253845,0.4841768145561218,0.26295819878578186,-0.13084998726844788,0.47537678480148315,0.26394715905189514,-0.09516111016273499,0.4758523404598236,0.2635613679885864,-0.09520187228918076,0.47651156783103943,0.2629724144935608,-0.09520930051803589,0.5014361143112183,0.27154839038848877,-0.1547703593969345,0.4931454062461853,0.2702653706073761,0.007117012050002813,0.47639647126197815,0.3019569218158722,-0.1208043321967125,0.4732059836387634,0.3015337884426117,-0.07461138814687729,0.5232700705528259,0.3740650713443756,-0.2450612485408783,0.5168453454971313,0.3822478950023651,0.1324596107006073,0.4222230911254883,0.47656869888305664,-0.32426291704177856,0.42201510071754456,0.4764648973941803,0.15187248587608337,0.3242674767971039,0.5444387793540955,-0.30789893865585327,0.3301973342895508,0.537260115146637,0.05577728897333145,0.301567941904068,0.5651313066482544,-0.359292209148407,0.3061977028846741,0.5491796135902405,0.05295838788151741,0.30014920234680176,0.5637933015823364,-0.3311326205730438,0.3078911602497101,0.5532928705215454,0.006864792201668024,0.3065066933631897,0.5593721866607666,-0.2999095320701599,0.31387099623680115,0.5539617538452148,0.03272372856736183,0.6226596236228943,0.6039134860038757,-0.12222273647785187,0.6127257943153381,0.6078362464904785,0.12211759388446808,0.4881623387336731,0.4691956043243408,-0.1340249627828598,0.47868403792381287,0.4627302289009094,0.20828120410442352,0.5190027952194214,0.7029533982276917,0.025838617235422134,0.5224390625953674,0.6869010329246521,0.3117726445198059,0.5373169779777527,0.7401984333992004,0.04185990244150162,0.5474763512611389,0.708962082862854,0.3212628960609436,0.47014886140823364,0.708864152431488,0.036160729825496674,0.4950246810913086,0.7145766615867615,0.30892908573150635,0,1
0.4950425624847412,0.27610790729522705,-0.10528341680765152,0.5036696195602417,0.25827595591545105,-0.1178017407655716,0.5066729784011841,0.2575048804283142,-0.11787275969982147,0.5098864436149597,0.256653755903244,-0.11792413145303726,0.4998300075531006,0.25917723774909973,-0.08561164885759354,0.5000672936439514,0.25902870297431946,-0.08566778898239136,0.5004793405532837,0.25858017802238464,-0.08564174920320511,0.526707649230957,0.2648523449897766,-0.12826204299926758,0.5151271224021912,0.2651479244232178,0.018645331263542175,0.5015605688095093,0.29482588171958923,-0.10715101659297943,0.4960409700870514,0.2963216304779053,-0.06471394002437592,0.5480102300643921,0.3682541847229004,-0.21398086845874786,0.5302658081054688,0.37973594665527344,0.14825716614723206,0.4552566409111023,0.46517354249954224,-0.27883267402648926,0.44910120964050293,0.4533289074897766,0.17320509254932404,0.3587789833545685,0.5291691422462463,-0.2674998641014099,0.3655492961406708,0.5077502131462097,0.08181266486644745,0.3395898938179016,0.5528542995452881,-0.31402963399887085,0.3474668860435486,0.5146567225456238,0.08296173810958862,0.33768385648727417,0.5456281304359436,-0.28713172674179077,0.3436602056026459,0.5227345824241638,0.04162300378084183,0.34347760677337646,0.5403974056243896,-0.25910258293151855,0.34947386384010315,0.5227342247962952,0.06050010398030281,0.6394134759902954,0.6013801097869873,-0.11879102140665054,0.6227012872695923,0.6060119867324829,0.11864688247442245,0.511590301990509,0.452409952878952,-0.13567793369293213,0.49722981452941895,0.4538802206516266,0.17263847589492798,0.524869441986084,0.6979090571403503,0.00830593891441822,0.5252976417541504,0.6846275925636292,0.25404343008995056,0.5377622246742249,0.7346004843711853,0.02094278298318386,0.5430854558944702,0.7143738865852356,0.26047220826148987,0.47066205739974976,0.6981884837150574,0.001156042912043631,0.485114723443985,0.7082347273826599,0.24572794139385223,0,1
0.5382027626037598,0.2684367001056671,-0.14477130770683289,0.5465487837791443,0.24908411502838135,-0.15461087226867676,0.549677848815918,0.24771258234977722,-0.15463201701641083,0.5530904531478882,0.24643130600452423,-0.15462720394134521,0.5414611101150513,0.251083642244339,-0.12630590796470642,0.5408505201339722,0.2511441707611084,-0.12641359865665436,0.5403864979743958,0.2508705258369446,-0.12643639743328094,0.5699329972267151,0.25525885820388794,-0.15179219841957092,0.5536514520645142,0.25720134377479553,-0.02480456419289112,0.5464794039726257,0.2876328229904175,-0.1419648826122284,0.5385155081748962,0.2902252972126007,-0.10457116365432739,0.6000521779060364,0.35645627975463867,-0.21785780787467957,0.5607622861862183,0.37130454182624817,0.10088090598583221,0.5129335522651672,0.4603023827075958,-0.2765752673149109,0.48787108063697815,0.4482032358646393,0.14009562134742737,0.4154372215270996,0.5130639672279358,-0.2677887976169586,0.40923142433166504,0.49573248624801636,0.0677749365568161,0.39505499601364136,0.5330426692962646,-0.3104553520679474,0.3894224762916565,0.5071493983268738,0.06906713545322418,0.39175111055374146,0.5217288732528687,-0.2872028946876526,0.3861120641231537,0.5070830583572388,0.030608901754021645,0.39838963747024536,0.5186335444450378,-0.2604491412639618,0.39304226636886597,0.5058179497718811,0.04852154478430748,0.6686171293258667,0.5982789993286133,-0.10905317217111588,0.6419577598571777,0.6004523634910583,0.10883015394210815,0.5487706661224365,0.46932002902030945,-0.19393715262413025,0.5219684839248657,0.46297013759613037,0.1658243089914322,0.5258055925369263,0.7127709984779358,-0.1523667871952057,0.5144625902175903,0.690440833568573,0.19002272188663483,0.5370498299598694,0.7731982469558716,-0.14857830107212067,0.5277808904647827,0.7281056642532349,0.19057847559452057,0.4580344259738922,0.7079102993011475,-0.19171279668807983,0.4625333249568939,0.7056426405906677,0.17090842127799988,0,1
0.5869168043136597,0.25475409626960754,-0.16269710659980774,0.5960901975631714,0.2353409379720688,-0.1719328910112381,0.5996520519256592,0.235279843211174,-0.17194098234176636,0.6035975217819214,0.23527206480503082,-0.17192970216274261,0.5903336405754089,0.23620636761188507,-0.1439393013715744,0.5896756052970886,0.2360551804304123,-0.14405173063278198,0.5890871286392212,0.2358635514974594,-0.144084170460701,0.6208691000938416,0.24746914207935333,-0.17406710982322693,0.6008501648902893,0.24526865780353546,-0.04516468197107315,0.5939610600471497,0.2762387990951538,-0.16157235205173492,0.5858882665634155,0.2779112160205841,-0.12456671893596649,0.6488263607025146,0.354333758354187,-0.24712152779102325,0.5973995923995972,0.3583998382091522,0.06191135197877884,0.5641888976097107,0.4490978717803955,-0.3191218376159668,0.5365968346595764,0.43141475319862366,0.08426158875226974,0.4748435616493225,0.4668131470680237,-0.31128865480422974,0.4644472002983093,0.4685330390930176,0.005333040375262499,0.45072856545448303,0.48364517092704773,-0.3563401997089386,0.44358792901039124,0.4803132712841034,-0.0005514451186172664,0.44590479135513306,0.4792029559612274,-0.3344126045703888,0.442324161529541,0.4808077812194824,-0.03735363855957985,0.4549929201602936,0.4752015769481659,-0.30557817220687866,0.4491763710975647,0.4797859191894531,-0.014418398961424828,0.7009934782981873,0.595318078994751,-0.10540686547756195,0.666904866695404,0.5930023193359375,0.10521520674228668,0.5870952010154724,0.4850502014160156,-0.282230019569397,0.5482032895088196,0.4932127296924591,0.11159759759902954,0.5323240756988525,0.7271244525909424,-0.3393106162548065,0.5180113911628723,0.7036287784576416,0.0622003972530365,0.5390347838401794,0.779082179069519,-0.3447326123714447,0.5243879556655884,0.7431983947753906,0.05590995401144028,0.45920529961586,0.7280852198600769,-0.42155736684799194,0.46270522475242615,0.7123874425888062,0.015858767554163933,0,1
0.6351504325866699,0.24558870494365692,-0.27240973711013794,0.6445273160934448,0.22822870314121246,-0.2718973457813263,0.6482759714126587,0.2284546047449112,-0.2718741297721863,0.6527525186538696,0.2288288176059723,-0.27186793088912964,0.637844979763031,0.22673335671424866,-0.2483137547969818,0.6366137266159058,0.22590425610542297,-0.24843160808086395,0.6355047821998596,0.22511714696884155,-0.2484401911497116,0.6693078875541687,0.2426590770483017,-0.2325400412082672,0.6448617577552795,0.2358405441045761,-0.12442042678594589,0.6421911120414734,0.26724356412887573,-0.25644853711128235,0.633001446723938,0.2673306465148926,-0.22499322891235352,0.6929117441177368,0.3412909507751465,-0.2932165265083313,0.6356765627861023,0.34903377294540405,0.01848747394979,0.6164794564247131,0.40953394770622253,-0.3825836181640625,0.5714585185050964,0.4124514162540436,0.05643334984779358,0.5182021260261536,0.4418942332267761,-0.4039016366004944,0.49955326318740845,0.4465932548046112,-0.02909955382347107,0.49819666147232056,0.45675304532051086,-0.4487980902194977,0.48277488350868225,0.45352232456207275,-0.035855889320373535,0.4934752881526947,0.45203742384910583,-0.43148669600486755,0.4816833436489105,0.4529600739479065,-0.07195174694061279,0.500785768032074,0.44996631145477295,-0.3994724154472351,0.48750996589660645,0.4525453746318817,-0.04838843271136284,0.7314513921737671,0.5838627219200134,-0.10819482803344727,0.6976602077484131,0.5743597745895386,0.10795445740222931,0.6055485606193542,0.5067794919013977,-0.26241475343704224,0.5790284872055054,0.4902002215385437,0.10929203033447266,0.5405411720275879,0.7259678244590759,-0.2774811387062073,0.5227778553962708,0.6982767581939697,0.11543569713830948,0.5454414486885071,0.7806169986724854,-0.28056180477142334,0.5264264941215515,0.734801709651947,0.11377314478158951,0.47692814469337463,0.7278871536254883,-0.3548964560031891,0.4653819501399994,0.6955156326293945,0.08131971955299377,0,1
0.6784852147102356,0.24087026715278625,-0.13806918263435364,0.6892342567443848,0.2247929722070694,-0.13152280449867249,0.6933975219726562,0.22540538012981415,-0.13148896396160126,0.6981726288795471,0.22645829617977142,-0.1314605176448822,0.681328535079956,0.2231387197971344,-0.11683286726474762,0.6797486543655396,0.2219046950340271,-0.11692708730697632,0.6780608892440796,0.22038333117961884,-0.11696988344192505,0.713179886341095,0.23963306844234467,-0.08239571750164032,0.6859979629516602,0.23059770464897156,-0.015926238149404526,0.6862882375717163,0.2624742090702057,-0.11983300745487213,0.6752156615257263,0.260587215423584,-0.10073389858007431,0.7347924113273621,0.32880595326423645,-0.16253015398979187,0.674988865852356,0.33492612838745117,0.08913643658161163,0.6675459146499634,0.3998151123523712,-0.2525889277458191,0.617367148399353,0.38115066289901733,0.07376240193843842,0.5756767988204956,0.43264687061309814,-0.26315948367118835,0.5514528751373291,0.4307677745819092,-0.0618722066283226,0.5555840730667114,0.4479546546936035,-0.29091012477874756,0.5324970483779907,0.4426252245903015,-0.07994632422924042,0.5490342378616333,0.44275978207588196,-0.27968043088912964,0.5313135385513306,0.4419296681880951,-0.10297653824090958,0.5564888715744019,0.4404366910457611,-0.2584459185600281,0.5404399037361145,0.43973231315612793,-0.07767282426357269,0.7523310780525208,0.5732934474945068,-0.09366919100284576,0.7170321941375732,0.5631386637687683,0.0934406965970993,0.6227282881736755,0.5289648175239563,-0.1752801239490509,0.600867509841919,0.5100380182266235,0.036081232130527496,0.5421274304389954,0.726135790348053,-0.22601798176765442,0.5308810472488403,0.6939419507980347,-0.02767188288271427,0.5444158315658569,0.7804739475250244,-0.23112602531909943,0.5301440358161926,0.7326816320419312,-0.03587039187550545,0.47627997398376465,0.7104378342628479,-0.28093212842941284,0.47289592027664185,0.6921083927154541,-0.07097885757684708,0,1
0.7158902883529663,0.23746445775032043,-0.06575024873018265,0.7265681624412537,0.2218148112297058,-0.0673804059624672,0.7307555079460144,0.2221575677394867,-0.0673626959323883,0.7350777983665466,0.22281941771507263,-0.06729990988969803,0.7188513278961182,0.22146911919116974,-0.04740864038467407,0.7174727916717529,0.22116610407829285,-0.04747422784566879,0.7162445783615112,0.22062119841575623,-0.04754004627466202,0.7487631440162659,0.23487433791160583,-0.046734459698200226,0.7275062799453735,0.2299436330795288,0.04466114938259125,0.7244097590446472,0.2594640552997589,-0.05712302774190903,0.7155598402023315,0.2578015923500061,-0.030445527285337448,0.7772173285484314,0.32050612568855286,-0.1305304318666458,0.7115206122398376,0.3314589858055115,0.14592713117599487,0.7077138423919678,0.39411598443984985,-0.23445527255535126,0.6413842439651489,0.3926253318786621,0.17859680950641632,0.6197686791419983,0.4144127666950226,-0.2757708728313446,0.575886607170105,0.4240659177303314,0.09318005293607712,0.5922536849975586,0.42932942509651184,-0.3050679564476013,0.556541919708252,0.437061607837677,0.08265683799982071,0.5902048349380493,0.42451396584510803,-0.29404398798942566,0.557787299156189,0.43428248167037964,0.05515555292367935,0.6008790135383606,0.4220018684864044,-0.271363228559494,0.5640248656272888,0.43240198493003845,0.07659807801246643,0.7656770944595337,0.5727872848510742,-0.09503592550754547,0.7261875867843628,0.5590083003044128,0.09488534927368164,0.6370699405670166,0.5584787726402283,-0.20360314846038818,0.6130616664886475,0.5375062227249146,0.004733724053949118,0.5478416681289673,0.7341171503067017,-0.2548973858356476,0.5269755125045776,0.7006292343139648,-0.04538731649518013,0.5474367737770081,0.7863954305648804,-0.25809699296951294,0.5235536694526672,0.7392663955688477,-0.05196499824523926,0.49177831411361694,0.7275308966636658,-0.32638221979141235,0.46564096212387085,0.6839613914489746,-0.09742053598165512,0,1
0.746828556060791,0.24942190945148468,0.08657591044902802,0.7536152601242065,0.23174281418323517,0.09284180402755737,0.7583702802658081,0.23076216876506805,0.09286102652549744,0.763584554195404,0.22980628907680511,0.09290513396263123,0.7468006610870361,0.2341078370809555,0.11148574203252792,0.7454583644866943,0.23476506769657135,0.11140487343072891,0.7439051866531372,0.2353147268295288,0.11134425550699234,0.7801109552383423,0.23514482378959656,0.12522318959236145,0.7518152594566345,0.23827995359897614,0.20906534790992737,0.7558621764183044,0.2702410817146301,0.09702003747224808,0.7468284368515015,0.2707163691520691,0.1215757504105568,0.8098084330558777,0.32200801372528076,0.03074628673493862,0.7405031323432922,0.3314128518104553,0.2597265839576721,0.7632343769073486,0.3957315981388092,-0.11651767790317535,0.6742944717407227,0.39514830708503723,0.23597952723503113,0.6886487603187561,0.3941233456134796,-0.22172167897224426,0.6108947992324829,0.41869956254959106,0.10247039794921875,0.6670098304748535,0.4005287289619446,-0.2556592524051666,0.5927537679672241,0.42626622319221497,0.08111147582530975,0.6609023213386536,0.3933393359184265,-0.247236967086792,0.5945037603378296,0.4221084713935852,0.059264786541461945,0.6679848432540894,0.39424246549606323,-0.21916648745536804,0.6021864414215088,0.4214872717857361,0.08690042793750763,0.7759190797805786,0.5699774026870728,-0.0821133404970169,0.731528103351593,0.5507906079292297,0.08205128461122513,0.6534178853034973,0.5896917581558228,-0.24082863330841064,0.6254603862762451,0.5581154823303223,-0.07613934576511383,0.5525925159454346,0.75441575050354,-0.3602287173271179,0.5267909169197083,0.6962873935699463,-0.18686258792877197,0.5459328889846802,0.7994228601455688,-0.37162095308303833,0.5176704525947571,0.7255278825759888,-0.19929862022399902,0.49649763107299805,0.7341222167015076,-0.46318355202674866,0.46128028631210327,0.6639150381088257,-0.2614470422267914,0,1
0.767253577709198,0.277176171541214,0.05812770128250122,0.7730628848075867,0.2602006793022156,0.06061127781867981,0.7774280905723572,0.2582891881465912,0.06060038134455681,0.7821665406227112,0.25524476170539856,0.060593634843826294,0.7655137777328491,0.2624548673629761,0.07987163960933685,0.7638102769851685,0.26290059089660645,0.07983212172985077,0.7622029185295105,0.2634652256965637,0.07978256791830063,0.8002203702926636,0.2534171938896179,0.08875735104084015,0.7710016965866089,0.2639950215816498,0.17693877220153809,0.7768548727035522,0.29361692070961,0.06836457550525665,0.7680284380912781,0.2947147488594055,0.09411139786243439,0.8363310694694519,0.33073410391807556,0.02252044901251793,0.7571662068367004,0.3385739326477051,0.23651723563671112,0.8054265975952148,0.43092015385627747,-0.08562777191400528,0.7037620544433594,0.417758047580719,0.22144167125225067,0.7295428514480591,0.4001484215259552,-0.17403708398342133,0.6494461297988892,0.4182293713092804,0.06324964761734009,0.7080898284912109,0.4099981486797333,-0.20140020549297333,0.6341385245323181,0.4264931082725525,0.030902117490768433,0.7081550359725952,0.4033545255661011,-0.20036070048809052,0.6353925466537476,0.42212432622909546,0.013777190819382668,0.714199423789978,0.40215039253234863,-0.17317521572113037,0.6417019367218018,0.42159304022789,0.04869876429438591,0.7793570756912231,0.5688701868057251,-0.07063069194555283,0.7355217933654785,0.5490515828132629,0.07063344120979309,0.6623812317848206,0.6009315252304077,-0.21521814167499542,0.635027289390564,0.5655948519706726,-0.06177997589111328,0.5595490336418152,0.7540125250816345,-0.35423681139945984,0.5270982980728149,0.6997417211532593,-0.20605596899986267,0.5469949245452881,0.7989359498023987,-0.3669547438621521,0.5213416814804077,0.7343597412109375,-0.2219630777835846,0.4976728558540344,0.7228847742080688,-0.44888901710510254,0.46445971727371216,0.6670382022857666,-0.28093212842941284,0,1
0.7661820650100708,0.27646777033805847,0.035049036145210266,0.7721970081329346,0.2583106756210327,0.04216385260224342,0.777085542678833,0.2562694251537323,0.042127449065446854,0.7819458246231079,0.253452330827713,0.04204195737838745,0.7630370855331421,0.26114988327026367,0.05671766400337219,0.7607129812240601,0.26143908500671387,0.056734003126621246,0.7587056159973145,0.26186007261276245,0.05669523403048515,0.7975677847862244,0.2514488101005554,0.09760364890098572,0.76421058177948,0.26503872871398926,0.16476787626743317,0.7765481472015381,0.29299211502075195,0.05528678372502327,0.7668542861938477,0.29446282982826233,0.07537329941987991,0.8356911540031433,0.32968148589134216,0.06820975244045258,0.7564559578895569,0.34616392850875854,0.23129203915596008,0.8478805422782898,0.4720841348171234,0.015720833092927933,0.7395893335342407,0.46692588925361633,0.23100873827934265,0.7742104530334473,0.4350937604904175,-0.04632904380559921,0.7028504610061646,0.4457094967365265,0.08868370205163956,0.7531040906906128,0.435158908367157,-0.06482940912246704,0.6872187852859497,0.4449344277381897,0.05650807544589043,0.7530747652053833,0.4196787178516388,-0.059931449592113495,0.6877365708351135,0.4348159730434418,0.043302908539772034,0.757175087928772,0.41965124011039734,-0.041886117309331894,0.6945482492446899,0.4364011585712433,0.07612831890583038,0.7813657522201538,0.5694963932037354,-0.0698464959859848,0.736793041229248,0.5494446158409119,0.06993459165096283,0.6694701313972473,0.6086739897727966,-0.22969762980937958,0.6387302875518799,0.5702263712882996,-0.07776398956775665,0.5607017278671265,0.7559627890586853,-0.37817054986953735,0.5297709703445435,0.700929582118988,-0.2320440709590912,0.548317015171051,0.8011162877082825,-0.3915858566761017,0.5228086709976196,0.7424463629722595,-0.24883851408958435,0.4879288673400879,0.7291951775550842,-0.4782150685787201,0.46569156646728516,0.6673202514648438,-0.3064809739589691,0,1
0.7483862638473511,0.2515341639518738,7.673937943764031e-05,0.755302369594574,0.2331579178571701,0.004524790681898594,0.7595945596694946,0.23131315410137177,0.004497370682656765,0.7645037174224854,0.2288920283317566,0.004439821932464838,0.7475524544715881,0.2365102618932724,0.021756747737526894,0.7457616925239563,0.23772239685058594,0.021750636398792267,0.7440029382705688,0.23909218609333038,0.021706951782107353,0.7801222205162048,0.22882677614688873,0.03842424973845482,0.7522400617599487,0.24746538698673248,0.12564831972122192,0.7587665915489197,0.2687600553035736,0.014655129984021187,0.7498869895935059,0.2717992663383484,0.0391695536673069,0.8236597180366516,0.3222200274467468,0.02485843375325203,0.7491428256034851,0.34566953778266907,0.19189760088920593,0.8465431332588196,0.4667084217071533,-0.04229464381933212,0.7282590270042419,0.47463056445121765,0.17473992705345154,0.7763453125953674,0.4327262043952942,-0.09978298842906952,0.6998763084411621,0.45237353444099426,0.0028786598704755306,0.7543462514877319,0.43699929118156433,-0.11767144501209259,0.6912771463394165,0.4531504809856415,-0.028214817866683006,0.7547844052314758,0.4196159839630127,-0.10782383382320404,0.6901514530181885,0.44094106554985046,-0.03782240301370621,0.7577476501464844,0.41968458890914917,-0.09320802241563797,0.696174144744873,0.44145581126213074,-0.0076143741607666016,0.7803556323051453,0.5686493515968323,-0.06727926433086395,0.7378242015838623,0.5495395064353943,0.06741524487733841,0.6666324734687805,0.611602246761322,-0.20919296145439148,0.640249490737915,0.569577693939209,-0.08913329243659973,0.5597480535507202,0.7618974447250366,-0.34871017932891846,0.5307902097702026,0.7021239995956421,-0.22843043506145477,0.5503652691841125,0.8043469786643982,-0.36280012130737305,0.5220171213150024,0.7486692667007446,-0.24439997971057892,0.4911668300628662,0.7503919005393982,-0.4605924189090729,0.4670237600803375,0.6723162531852722,-0.31192830204963684,0,1
0.7073881030082703,0.25151321291923523,-0.04670706391334534,0.7135460376739502,0.23168137669563293,-0.051274437457323074,0.7167017459869385,0.230057954788208,-0.051333773881196976,0.7204589247703552,0.22799192368984222,-0.051358409225940704,0.7085992097854614,0.23452618718147278,-0.029699260368943214,0.7081547975540161,0.23551473021507263,-0.02978038229048252,0.707909107208252,0.23647558689117432,-0.029867133125662804,0.7391182780265808,0.22858460247516632,-0.05246683955192566,0.7230892181396484,0.24402037262916565,0.0449858121573925,0.7167860269546509,0.269328236579895,-0.046525634825229645,0.7122125029563904,0.2721993625164032,-0.01792033389210701,0.7959320545196533,0.3285132348537445,-0.09468039870262146,0.7235239744186401,0.3524389863014221,0.11249588429927826,0.7929850816726685,0.4843069314956665,-0.16658812761306763,0.7007880806922913,0.4765608608722687,0.10530243813991547,0.7174530625343323,0.43373188376426697,-0.20668897032737732,0.6477392315864563,0.46102985739707947,-0.06290780007839203,0.691513180732727,0.43866652250289917,-0.22748124599456787,0.6316588521003723,0.46310916543006897,-0.0904068574309349,0.6938921213150024,0.42056190967559814,-0.21765394508838654,0.6322705745697021,0.455710768699646,-0.1065545454621315,0.7014473676681519,0.41914084553718567,-0.20050397515296936,0.6380531787872314,0.4550815522670746,-0.0771949365735054,0.7818596959114075,0.5727741718292236,-0.06887034326791763,0.7389835715293884,0.561549961566925,0.06921003758907318,0.6658703088760376,0.6086808443069458,-0.2148030549287796,0.6403092741966248,0.5818196535110474,-0.08715489506721497,0.5588923692703247,0.7615652084350586,-0.3086858093738556,0.5367952585220337,0.6993857622146606,-0.19770894944667816,0.5510112047195435,0.8077741861343384,-0.31921011209487915,0.532245934009552,0.7444584965705872,-0.21051838994026184,0.49563050270080566,0.7363337874412537,-0.407609224319458,0.4744578003883362,0.6725728511810303,-0.2630189061164856,0,1
0.6702884435653687,0.25538140535354614,-0.07539300620555878,0.6792067289352417,0.2362118363380432,-0.08388065546751022,0.6822096705436707,0.2351098358631134,-0.08388171344995499,0.685936450958252,0.23394674062728882,-0.08381436765193939,0.6741513013839722,0.23816922307014465,-0.059722792357206345,0.6737320423126221,0.2385362833738327,-0.059837765991687775,0.6735009551048279,0.23870007693767548,-0.059929005801677704,0.702691912651062,0.24199926853179932,-0.09840724617242813,0.6876643896102905,0.24555854499340057,0.00923581887036562,0.6792072057723999,0.2747581899166107,-0.07972939312458038,0.673477053642273,0.2760246694087982,-0.048294033855199814,0.7439287304878235,0.33522218465805054,-0.17246010899543762,0.6822218298912048,0.35791337490081787,0.09935624152421951,0.7029567956924438,0.4697503447532654,-0.22759099304676056,0.6210430860519409,0.44917216897010803,0.12879814207553864,0.6218158006668091,0.4966828525066376,-0.22714462876319885,0.5596548914909363,0.48471248149871826,0.06322108209133148,0.6038371324539185,0.516696572303772,-0.25446993112564087,0.5431078672409058,0.49251365661621094,0.05965947359800339,0.5973542928695679,0.5111980438232422,-0.24654912948608398,0.5423167943954468,0.4907287657260895,0.03233243152499199,0.6032554507255554,0.5045326948165894,-0.2238057404756546,0.5492008924484253,0.49035826325416565,0.047736722975969315,0.7803632020950317,0.5755147933959961,-0.08963305503129959,0.7388100624084473,0.565109372138977,0.08985172212123871,0.6548436284065247,0.5845756530761719,-0.2220020294189453,0.6284810304641724,0.5636733770370483,-0.0311188492923975,0.5582823157310486,0.7431784868240356,-0.27719607949256897,0.5384770631790161,0.6987345218658447,-0.09829330444335938,0.5513488054275513,0.7936043739318848,-0.2834168076515198,0.533509373664856,0.7439274191856384,-0.10658778250217438,0.5002998113632202,0.7087671756744385,-0.3609720468521118,0.4755195677280426,0.6747388243675232,-0.1516232043504715,0,1
0.6343701481819153,0.27602526545524597,-0.08797571063041687,0.6432980298995972,0.2576339840888977,-0.09567207098007202,0.6462668180465698,0.2577056586742401,-0.09569453448057175,0.6495870351791382,0.25777769088745117,-0.095680370926857,0.6387571096420288,0.2561691999435425,-0.0748848170042038,0.6383613348007202,0.2554316818714142,-0.07498196512460709,0.6380823850631714,0.25453659892082214,-0.07501567900180817,0.6657646298408508,0.27039772272109985,-0.10582238435745239,0.6528146862983704,0.26305392384529114,-0.01153396163135767,0.6410325169563293,0.29738011956214905,-0.08816911280155182,0.6357607841491699,0.29444780945777893,-0.060867827385663986,0.686206042766571,0.3523957133293152,-0.16928432881832123,0.6558026671409607,0.3618544340133667,0.07522669434547424,0.6043657064437866,0.437938392162323,-0.21090564131736755,0.5797137022018433,0.43253785371780396,0.09165631234645844,0.5197185277938843,0.5037142634391785,-0.20156443119049072,0.5086256265640259,0.4990917146205902,0.05930523946881294,0.5044572949409485,0.5180656909942627,-0.24828751385211945,0.4966558814048767,0.5050128698348999,0.06296982616186142,0.500696063041687,0.512613832950592,-0.2147274911403656,0.49555912613868713,0.5043919682502747,0.032305050641298294,0.5068884491920471,0.5122596025466919,-0.19390931725502014,0.5009365677833557,0.506646990776062,0.04439440742135048,0.7637529373168945,0.5754648447036743,-0.09258320927619934,0.737887978553772,0.5654841065406799,0.09263357520103455,0.6273153424263,0.5362786650657654,-0.14786279201507568,0.6151876449584961,0.5219748616218567,0.1208152323961258,0.5453208684921265,0.7080994248390198,-0.14458714425563812,0.5390175580978394,0.6912258863449097,0.12151924520730972,0.5441344976425171,0.7549566626548767,-0.14532676339149475,0.53387451171875,0.7289226055145264,0.1196640357375145,0.4815898537635803,0.6817077994346619,-0.1832362562417984,0.4810895323753357,0.67828768491745,0.10663427412509918,0,1
0.5938527584075928,0.29998573660850525,-0.05155690759420395,0.6005111932754517,0.28220075368881226,-0.0693339854478836,0.602706253528595,0.2824059724807739,-0.06937793642282486,0.6051260232925415,0.2826612591743469,-0.06939555704593658,0.5977712273597717,0.2812723219394684,-0.041300125420093536,0.5979613661766052,0.28058528900146484,-0.04135243222117424,0.598249077796936,0.27991846203804016,-0.04130393639206886,0.6200262308120728,0.2934635579586029,-0.105556920170784,0.6130512952804565,0.2886906564235687,0.019314944744110107,0.5997334718704224,0.31931301951408386,-0.06333650648593903,0.5961214900016785,0.3178806006908417,-0.026143616065382957,0.6440155506134033,0.3678458333015442,-0.17009000480175018,0.6295555233955383,0.3782576322555542,0.10797872394323349,0.5490180850028992,0.4371141195297241,-0.22342559695243835,0.5490005612373352,0.43581610918045044,0.11994610726833344,0.46077069640159607,0.4986049234867096,-0.2026991844177246,0.4731500744819641,0.49553897976875305,0.0717509463429451,0.44177255034446716,0.5096766352653503,-0.24582788348197937,0.45428237318992615,0.5002583861351013,0.07389169931411743,0.439638614654541,0.506061851978302,-0.21336248517036438,0.45276886224746704,0.5013538002967834,0.043510086834430695,0.44589024782180786,0.5035936236381531,-0.19324536621570587,0.45703428983688354,0.5021304488182068,0.05689387395977974,0.7349696159362793,0.5779582262039185,-0.09424928575754166,0.7201222777366638,0.5732701420783997,0.09430025517940521,0.6112430691719055,0.5126087069511414,-0.15624776482582092,0.597678542137146,0.5001531839370728,0.15028737485408783,0.5427511930465698,0.7109248042106628,-0.14012254774570465,0.5397350788116455,0.6846927404403687,0.20391900837421417,0.5429884195327759,0.7444997429847717,-0.1404915452003479,0.5470799803733826,0.7182034254074097,0.20701520144939423,0.48480305075645447,0.6657969355583191,-0.19241347908973694,0.48564761877059937,0.6874828338623047,0.18471281230449677,0,1
0.5519759654998779,0.32197433710098267,0.010073414072394371,0.5576455593109131,0.30533939599990845,-0.006102962885051966,0.5597337484359741,0.3050411641597748,-0.006140278652310371,0.5620920658111572,0.3047126233577728,-0.006160580553114414,0.5557290315628052,0.3049375116825104,0.02350524440407753,0.5563235282897949,0.3042680323123932,0.02344163879752159,0.5571466684341431,0.3034987449645996,0.023449916392564774,0.5775579214096069,0.31222450733184814,-0.04485369846224785,0.5727778673171997,0.30899351835250854,0.08936088532209396,0.5582808256149292,0.34045398235321045,-0.002848041709512472,0.5558140873908997,0.3397218585014343,0.03613178804516792,0.6012327671051025,0.38578876852989197,-0.12130993604660034,0.5869845151901245,0.3964766263961792,0.16506879031658173,0.5101090669631958,0.46119046211242676,-0.17673778533935547,0.51228928565979,0.46063053607940674,0.1787855625152588,0.42013949155807495,0.5108232498168945,-0.1632617563009262,0.4325486719608307,0.5121152400970459,0.12720830738544464,0.3993394672870636,0.5254536867141724,-0.2011767327785492,0.4117922782897949,0.5178982019424438,0.1330132782459259,0.3972972333431244,0.5211750268936157,-0.1757044941186905,0.4104274809360504,0.5190044045448303,0.10218192636966705,0.40365809202194214,0.5180706977844238,-0.1553005427122116,0.41666969656944275,0.5176151394844055,0.1115054041147232,0.7095984220504761,0.5791491866111755,-0.10217110067605972,0.693088710308075,0.5766233205795288,0.10219340026378632,0.5896044969558716,0.5021659731864929,-0.18830826878547668,0.5678625106811523,0.4862068295478821,0.18520089983940125,0.533528208732605,0.7066128849983215,-0.1687878668308258,0.5331591367721558,0.6846355199813843,0.2530812621116638,0.5390040278434753,0.7557830810546875,-0.1748109757900238,0.5439122915267944,0.7176368832588196,0.25782424211502075,0.4725032448768616,0.6823779344558716,-0.23237471282482147,0.4823673665523529,0.6917782425880432,0.23581461608409882,0,1
0.5169917941093445,0.33077117800712585,0.02090107649564743,0.5222578048706055,0.3128637373447418,0.00046569021651521325,0.5241451859474182,0.3121236562728882,0.0004069823771715164,0.5262274742126465,0.3112703859806061,0.00036195520078763366,0.5210705399513245,0.31238991022109985,0.0343998558819294,0.5220800638198853,0.31146520376205444,0.034343212842941284,0.5233477354049683,0.3103327751159668,0.03433717414736748,0.542361855506897,0.3147653639316559,-0.05244310945272446,0.5391094088554382,0.31223997473716736,0.102186419069767,0.5235071778297424,0.34730902314186096,0.0035096737556159496,0.5221025347709656,0.34684228897094727,0.04812763258814812,0.5680371522903442,0.3942797780036926,-0.14598581194877625,0.5601971745491028,0.4027189612388611,0.18801181018352509,0.4773821234703064,0.48055022954940796,-0.20446434617042542,0.4791160225868225,0.474068284034729,0.20278605818748474,0.3908727169036865,0.5391298532485962,-0.18379364907741547,0.39961889386177063,0.525463342666626,0.14043830335140228,0.37073251605033875,0.5543367266654968,-0.2267703264951706,0.379448264837265,0.5328279137611389,0.14513042569160461,0.36823374032974243,0.5485420823097229,-0.19644992053508759,0.3784295618534088,0.5356455445289612,0.11252858489751816,0.3742296099662781,0.5458511710166931,-0.1742517650127411,0.3834814131259918,0.5385063290596008,0.12301327288150787,0.6825109720230103,0.5888324975967407,-0.11311362683773041,0.6709721684455872,0.5815966129302979,0.11312055587768555,0.5631815195083618,0.49874168634414673,-0.18664035201072693,0.5483354330062866,0.48475268483161926,0.2053205668926239,0.5295027494430542,0.72394859790802,-0.1435997188091278,0.5293182134628296,0.6947632431983948,0.2896999418735504,0.5372583270072937,0.7754514813423157,-0.14105267822742462,0.5423890352249146,0.7268826961517334,0.29610565304756165,0.46705326437950134,0.7274447679519653,-0.18694685399532318,0.48744091391563416,0.7134370803833008,0.27164334058761597,0,1
0.4931124150753021,0.33226606249809265,-0.00467842910438776,0.49703162908554077,0.3126008212566376,-0.028060367330908775,0.49907785654067993,0.31175410747528076,-0.028145765885710716,0.5013589859008789,0.3106645941734314,-0.028231466189026833,0.49551302194595337,0.31210601329803467,0.00953366793692112,0.49638310074806213,0.3110315799713135,0.009475313127040863,0.4975101947784424,0.30972933769226074,0.009449061937630177,0.5181396007537842,0.3123548626899719,-0.07922600209712982,0.514504075050354,0.3101995289325714,0.08845877647399902,0.5008271932601929,0.3494078814983368,-0.022366899996995926,0.49918293952941895,0.3485598564147949,0.0276661179959774,0.5481961965560913,0.3940354287624359,-0.17861399054527283,0.5476815104484558,0.40324944257736206,0.18224170804023743,0.4507213234901428,0.4848317503929138,-0.25333017110824585,0.45428887009620667,0.4796516001224518,0.1959717869758606,0.36044830083847046,0.5461173057556152,-0.2217881977558136,0.36746761202812195,0.5367298722267151,0.11934371292591095,0.3380195200443268,0.5661410093307495,-0.26535287499427795,0.3481055796146393,0.5476645827293396,0.12215741723775864,0.33605918288230896,0.564628541469574,-0.2381792515516281,0.34717273712158203,0.5512713193893433,0.0923922061920166,0.34375423192977905,0.5583384037017822,-0.21298952400684357,0.35351312160491943,0.5489819049835205,0.10285627841949463,0.6597491502761841,0.5935441255569458,-0.11820825189352036,0.6547598242759705,0.5913997292518616,0.11815713346004486,0.5331308841705322,0.4855806529521942,-0.14917051792144775,0.5237772464752197,0.4822492301464081,0.21547357738018036,0.5273469090461731,0.7244201898574829,-0.06581561267375946,0.5349184274673462,0.6999287009239197,0.33461031317710876,0.5378636121749878,0.785429060459137,-0.058748651295900345,0.5516575574874878,0.7216583490371704,0.34459763765335083,0.4695504605770111,0.7411231398582458,-0.09615184366703033,0.5027604103088379,0.7234970927238464,0.32253187894821167,0,1
0.4789162278175354,0.3280036747455597,-0.04189695790410042,0.4839305281639099,0.3079603910446167,-0.0608019158244133,0.4862542748451233,0.30689460039138794,-0.060887835919857025,0.48881444334983826,0.30568167567253113,-0.06098096817731857,0.48155683279037476,0.30689695477485657,-0.024792032316327095,0.48219355940818787,0.30541884899139404,-0.024845723062753677,0.4830319881439209,0.3038502335548401,-0.02486698143184185,0.5070888996124268,0.30772191286087036,-0.09614685922861099,0.5014081001281738,0.3047647178173065,0.06763429939746857,0.48761266469955444,0.34658047556877136,-0.05326196551322937,0.48476845026016235,0.3451988697052002,-0.005836055614054203,0.5349045395851135,0.3913455605506897,-0.19511309266090393,0.5325722694396973,0.4013659656047821,0.18122777342796326,0.43261614441871643,0.4822545647621155,-0.2836145758628845,0.4330109655857086,0.48026877641677856,0.1881227195262909,0.3375715911388397,0.5425674915313721,-0.25438040494918823,0.33954352140426636,0.5373908281326294,0.09549225866794586,0.31278830766677856,0.5636018514633179,-0.3008463382720947,0.31301015615463257,0.5499204397201538,0.09172570705413818,0.3102700412273407,0.5628315210342407,-0.2732669711112976,0.3126930594444275,0.555437445640564,0.053633321076631546,0.3169049918651581,0.5574486255645752,-0.24616380035877228,0.3194026052951813,0.5546483397483826,0.07334282994270325,0.6429653167724609,0.5972343683242798,-0.11884312331676483,0.6351910829544067,0.5986406803131104,0.11873128265142441,0.5176902413368225,0.47570517659187317,-0.1425129622220993,0.5089336633682251,0.47406038641929626,0.20291531085968018,0.528927206993103,0.7108498215675354,-0.03371333330869675,0.5317809581756592,0.700584352016449,0.31224024295806885,0.5402016639709473,0.7588671445846558,-0.02376900240778923,0.5506479740142822,0.7275686264038086,0.32103782892227173,0.46984854340553284,0.7242333889007568,-0.052815187722444534,0.4907989501953125,0.724884033203125,0.29951733350753784,0,1
0.4727689325809479,0.30548614263534546,-0.06865696609020233,0.47953423857688904,0.2872326970100403,-0.08494101464748383,0.48196324706077576,0.2866697609424591,-0.08500568568706512,0.4846826195716858,0.2859126925468445,-0.08506494760513306,0.4771644175052643,0.2862888276576996,-0.057273171842098236,0.4778783321380615,0.28545811772346497,-0.057344019412994385,0.478877454996109,0.28449052572250366,-0.05733971670269966,0.5027668476104736,0.292555570602417,-0.11970540136098862,0.49691587686538696,0.29021838307380676,0.05014262720942497,0.4798181653022766,0.3261227011680603,-0.07813402265310287,0.4771958291530609,0.32435816526412964,-0.042368996888399124,0.5299092531204224,0.3836212456226349,-0.2134474515914917,0.521109938621521,0.39679208397865295,0.1622561663389206,0.4236608147621155,0.4798314869403839,-0.29539790749549866,0.42390337586402893,0.4796768128871918,0.1563490331172943,0.3229910731315613,0.539054274559021,-0.2759997546672821,0.32527628540992737,0.5355494022369385,0.053635746240615845,0.30083033442497253,0.5598819255828857,-0.32460135221481323,0.301370769739151,0.5473702549934387,0.03927857428789139,0.298401802778244,0.5591623187065125,-0.2988131642341614,0.3001522421836853,0.5524667501449585,0.0027404697611927986,0.3047654926776886,0.5545911192893982,-0.2687922716140747,0.305886447429657,0.5518974661827087,0.022508572787046432,0.6312486529350281,0.6025366187095642,-0.1210927739739418,0.6222856044769287,0.6098325252532959,0.12097855657339096,0.5000717639923096,0.47159847617149353,-0.15015442669391632,0.49686652421951294,0.46879875659942627,0.21582117676734924,0.5286379456520081,0.7043963670730591,-0.03738626465201378,0.5287653803825378,0.6916025280952454,0.31935903429985046,0.5412827730178833,0.747782289981842,-0.0258244127035141,0.5510927438735962,0.7167007327079773,0.32792943716049194,0.47252875566482544,0.7127071619033813,-0.052342601120471954,0.4956881105899811,0.7195081114768982,0.30404895544052124,0,1
0.47373461723327637,0.2899220883846283,-0.061729468405246735,0.48092755675315857,0.27344390749931335,-0.07999056577682495,0.4834783673286438,0.2737334668636322,-0.08006348460912704,0.48638176918029785,0.2738390862941742,-0.0801558718085289,0.47863489389419556,0.2724592685699463,-0.042740944772958755,0.47938066720962524,0.2721617519855499,-0.042781420052051544,0.480449914932251,0.27171483635902405,-0.04283944517374039,0.5043495893478394,0.2829389274120331,-0.1171555370092392,0.4985034465789795,0.2802629768848419,0.05297469347715378,0.48025935888290405,0.31116580963134766,-0.07150954753160477,0.47755080461502075,0.3099614381790161,-0.02598746120929718,0.526820957660675,0.37937307357788086,-0.21525101363658905,0.5193507075309753,0.3929896056652069,0.16551746428012848,0.42368125915527344,0.4743061065673828,-0.29608020186424255,0.42589229345321655,0.4793455898761749,0.17008329927921295,0.3211659789085388,0.5370558500289917,-0.27850812673568726,0.3269888758659363,0.5362704396247864,0.08136919885873795,0.2983857989311218,0.5590839385986328,-0.327187716960907,0.3053956627845764,0.5486211776733398,0.07709061354398727,0.2964950203895569,0.5586872100830078,-0.30116796493530273,0.30063506960868835,0.5559826493263245,0.03817524015903473,0.3019195795059204,0.5547626614570618,-0.2710893154144287,0.3070087730884552,0.5626426339149475,0.05825633928179741,0.6261221766471863,0.6035352349281311,-0.12139757722616196,0.6157941818237305,0.6089934706687927,0.12128491699695587,0.4967265725135803,0.4725385904312134,-0.14819230139255524,0.49193912744522095,0.470936119556427,0.23950858414173126,0.5288602113723755,0.7057825922966003,-0.019551988691091537,0.5282313227653503,0.6910960078239441,0.35223501920700073,0.5442089438438416,0.7515851259231567,-0.011616622097790241,0.5503596067428589,0.7141380310058594,0.3583405613899231,0.47010570764541626,0.7117006182670593,-0.04621072858572006,0.4966055452823639,0.7147631049156189,0.3338916003704071,0,1
0.47730445861816406,0.2812740206718445,-0.10953976958990097,0.4855012893676758,0.26412755250930786,-0.12732037901878357,0.4882928729057312,0.2637218236923218,-0.12739969789981842,0.49154114723205566,0.2632521986961365,-0.12746331095695496,0.4824236333370209,0.2639824450016022,-0.09191639721393585,0.48288583755493164,0.2636065185070038,-0.0919647365808487,0.48362475633621216,0.26301950216293335,-0.09196360409259796,0.5088820457458496,0.27120479941368103,-0.15309199690818787,0.5013574361801147,0.27010759711265564,0.006563826464116573,0.48424601554870605,0.300773561000824,-0.11677028983831406,0.4817914068698883,0.3014937937259674,-0.07055558264255524,0.529171347618103,0.37440159916877747,-0.24330446124076843,0.5207298994064331,0.3846825063228607,0.13076576590538025,0.4351062774658203,0.47572147846221924,-0.32192540168762207,0.4319467544555664,0.4716484844684601,0.1356416493654251,0.33955270051956177,0.5439907908439636,-0.30590155720710754,0.34971627593040466,0.5365988612174988,0.049383215606212616,0.31911900639533997,0.5710088610649109,-0.3564659059047699,0.32833367586135864,0.553005576133728,0.04455127194523811,0.3168075680732727,0.5697351694107056,-0.33052340149879456,0.32692453265190125,0.5584109425544739,0.004890472162514925,0.323938250541687,0.5641772747039795,-0.298539936542511,0.33397793769836426,0.5594754815101624,0.026981383562088013,0.6298896074295044,0.6042569279670715,-0.12051808834075928,0.6176635026931763,0.6081057190895081,0.12038521468639374,0.49844127893447876,0.4674246907234192,-0.13143418729305267,0.4857708513736725,0.45690324902534485,0.188975527882576,0.5251790285110474,0.7049875855445862,0.0101888133212924,0.5240201354026794,0.6911426782608032,0.2803893983364105,0.5400703549385071,0.7434531450271606,0.0235820934176445,0.5483981370925903,0.7112784385681152,0.2879820764064789,0.4685479700565338,0.7010864615440369,0.006432326976209879,0.4955736994743347,0.7121604681015015,0.27424079179763794,0,1
0.5107857584953308,0.26705536246299744,-0.135509192943573,0.519136369228363,0.24738453328609467,-0.14923511445522308,0.5223650932312012,0.2465626448392868,-0.14929217100143433,0.5259865522384644,0.24552682042121887,-0.1493266522884369,0.5140944123268127,0.2488134354352951,-0.11836667358875275,0.513690173625946,0.24886180460453033,-0.1184634417295456,0.5133734941482544,0.24871891736984253,-0.11848849058151245,0.5426892638206482,0.2543989419937134,-0.17925921082496643,0.5275869965553284,0.25535455346107483,-0.0224967859685421,0.5180801153182983,0.28696709871292114,-0.1382085233926773,0.5106357336044312,0.29013505578041077,-0.09750621765851974,0.5720027089118958,0.36117199063301086,-0.24264216423034668,0.5363590717315674,0.3748277425765991,0.09929869323968887,0.4928201138973236,0.4787188172340393,-0.2861552834510803,0.47009849548339844,0.46845513582229614,0.09779106825590134,0.3976578116416931,0.5503276586532593,-0.2789752781391144,0.39130082726478577,0.5384253263473511,0.046958018094301224,0.37670034170150757,0.5770670771598816,-0.31929099559783936,0.3720533549785614,0.5537300705909729,0.052549369633197784,0.3726027309894562,0.569835364818573,-0.29910045862197876,0.3704877495765686,0.5574297308921814,0.014847499318420887,0.37920817732810974,0.5632692575454712,-0.2725432813167572,0.37699541449546814,0.5581237077713013,0.02961045131087303,0.6515352725982666,0.59730064868927,-0.11147882789373398,0.6256788969039917,0.5981093049049377,0.11125640571117401,0.5260037183761597,0.46192190051078796,-0.17050619423389435,0.5074398517608643,0.45836400985717773,0.16930918395519257,0.5260149836540222,0.7052270770072937,-0.10058848559856415,0.5183723568916321,0.680542528629303,0.225873664021492,0.5370168685913086,0.7522313594818115,-0.0944826751947403,0.5368742346763611,0.7126796245574951,0.22963356971740723,0.4591657519340515,0.6991637945175171,-0.12833808362483978,0.4648728370666504,0.7044928073883057,0.21466653048992157,0,1
0.5607787370681763,0.25277066230773926,-0.19198395311832428,0.5694448947906494,0.23484238982200623,-0.20729558169841766,0.5731232762336731,0.23404453694820404,-0.20731253921985626,0.5770467519760132,0.23360463976860046,-0.20732149481773376,0.564936637878418,0.23466862738132477,-0.17704857885837555,0.5645310282707214,0.23426541686058044,-0.17717403173446655,0.5641962885856628,0.23358574509620667,-0.17719273269176483,0.594067394733429,0.24573296308517456,-0.22199265658855438,0.577961266040802,0.24166443943977356,-0.08509674668312073,0.5669447183609009,0.27376750111579895,-0.19462543725967407,0.5601122975349426,0.27456140518188477,-0.15476012229919434,0.6229472756385803,0.3564949333667755,-0.2911730110645294,0.5776129364967346,0.3602111339569092,0.037396907806396484,0.5438151359558105,0.48117905855178833,-0.3538467288017273,0.5159959197044373,0.45910125970840454,0.07057938724756241,0.45640650391578674,0.5418186783790588,-0.3462064266204834,0.4488721787929535,0.5189118981361389,0.0028620820958167315,0.4352192282676697,0.5611050724983215,-0.3927099108695984,0.42642688751220703,0.5299904942512512,0.0019345199689269066,0.42992544174194336,0.5483649969100952,-0.3730814754962921,0.4267956614494324,0.5276519060134888,-0.03781280666589737,0.4363862872123718,0.5429992079734802,-0.340808242559433,0.43367132544517517,0.5292150974273682,-0.017074260860681534,0.6868827939033508,0.5954509973526001,-0.10970890522003174,0.6547988653182983,0.5857747793197632,0.10948362201452255,0.5692007541656494,0.48226436972618103,-0.24743886291980743,0.5356811881065369,0.47145381569862366,0.17676889896392822,0.5306084752082825,0.7252205014228821,-0.24055548012256622,0.514844536781311,0.6896228194236755,0.20556263625621796,0.5365122556686401,0.7806844115257263,-0.24076250195503235,0.5229463577270508,0.7272242903709412,0.20653554797172546,0.45667189359664917,0.7147964239120483,-0.3038039803504944,0.46027952432632446,0.709328293800354,0.18551453948020935,0,1
0.6213082075119019,0.24540750682353973,-0.22486750781536102,0.6298150420188904,0.22749479115009308,-0.2319452315568924,0.6331037282943726,0.22778837382793427,-0.2319273054599762,0.6370708346366882,0.22809429466724396,-0.23190543055534363,0.6243322491645813,0.22537674009799957,-0.20529572665691376,0.6236755847930908,0.22429612278938293,-0.2054183930158615,0.6231400370597839,0.22310347855091095,-0.20543916523456573,0.6544654965400696,0.24093350768089294,-0.22136156260967255,0.6345046162605286,0.23359239101409912,-0.10017584264278412,0.6283469796180725,0.2669149935245514,-0.21963214874267578,0.6204031705856323,0.26631519198417664,-0.1842629760503769,0.6805494427680969,0.3378899395465851,-0.2953755557537079,0.6247540712356567,0.3430838882923126,0.02406138740479946,0.6081868410110474,0.4230111539363861,-0.39204326272010803,0.5586798787117004,0.41086024045944214,0.045016512274742126,0.5133069753646851,0.4542107582092285,-0.4015865921974182,0.4936315417289734,0.45446696877479553,-0.06214647740125656,0.49448853731155396,0.4702666103839874,-0.44791680574417114,0.47634220123291016,0.4600365161895752,-0.07349460572004318,0.4898177981376648,0.4660335183143616,-0.4307529330253601,0.4765867590904236,0.4603499472141266,-0.10837998241186142,0.4958232343196869,0.4637952446937561,-0.39696913957595825,0.4837806224822998,0.4612267315387726,-0.08192814141511917,0.7224516272544861,0.5888150334358215,-0.10625515133142471,0.6874533891677856,0.5723633170127869,0.10603602975606918,0.6046919226646423,0.5062173008918762,-0.27436038851737976,0.567453920841217,0.4860917925834656,0.10539194196462631,0.5370796918869019,0.7274172306060791,-0.304129958152771,0.5181544423103333,0.6923262476921082,0.09998416900634766,0.5426256656646729,0.7776627540588379,-0.3085026741027832,0.5267573595046997,0.7313081622123718,0.09687579423189163,0.47276878356933594,0.7331281304359436,-0.38997316360473633,0.46672534942626953,0.6981648206710815,0.060419321060180664,0,1
0.6774624586105347,0.23734897375106812,-0.1214427575469017,0.6884239912033081,0.22426621615886688,-0.11896679550409317,0.6917977929115295,0.22587721049785614,-0.11896747350692749,0.6957170963287354,0.227446511387825,-0.11893967539072037,0.6815889477729797,0.21808850765228271,-0.09882345050573349,0.6804800629615784,0.21588461101055145,-0.09887552261352539,0.6795042753219604,0.2136785238981247,-0.09887538850307465,0.7098675966262817,0.24133612215518951,-0.08561886101961136,0.6889802813529968,0.22646357119083405,0.005608000326901674,0.6821762919425964,0.25872182846069336,-0.10821591317653656,0.6734699010848999,0.25473085045814514,-0.08191236108541489,0.7192143201828003,0.33174657821655273,-0.16241517663002014,0.6769112348556519,0.33163756132125854,0.12804481387138367,0.6321088075637817,0.3800290524959564,-0.23093828558921814,0.6080945134162903,0.37951210141181946,0.17494769394397736,0.5439434051513672,0.4060152769088745,-0.2278018444776535,0.5414087176322937,0.40692850947380066,0.12233833968639374,0.522925615310669,0.4212823212146759,-0.2583962082862854,0.5240259766578674,0.4168911874294281,0.1269809752702713,0.5218945145606995,0.4161745607852936,-0.23422546684741974,0.5202637910842896,0.41680780053138733,0.0964539647102356,0.5283077359199524,0.4144801199436188,-0.21869659423828125,0.5294696092605591,0.41547471284866333,0.1069733053445816,0.7476516962051392,0.5740553736686707,-0.10228495299816132,0.7201194763183594,0.5636222958564758,0.10210628807544708,0.6190727949142456,0.5270847678184509,-0.17356567084789276,0.6019097566604614,0.5145764350891113,0.08314388990402222,0.5397493839263916,0.728026270866394,-0.1777787208557129,0.5301107168197632,0.6950322985649109,0.06411000341176987,0.5422232747077942,0.7791081666946411,-0.17832188308238983,0.5328294038772583,0.7335777282714844,0.06089587137103081,0.47369933128356934,0.6964334845542908,-0.21640488505363464,0.4707712233066559,0.6895710229873657,0.041897647082805634,0,1
0.7208739519119263,0.23636922240257263,-0.11792244762182236,0.7324795722961426,0.2222062200307846,-0.12089691311120987,0.7359170317649841,0.22370575368404388,-0.12088795751333237,0.7399368286132812,0.2255496084690094,-0.12085460126399994,0.7264172434806824,0.21794064342975616,-0.09891119599342346,0.7254372239112854,0.21623118221759796,-0.09899891167879105,0.7245136499404907,0.2143307626247406,-0.09904799610376358,0.7536724805831909,0.24222855269908905,-0.09905129671096802,0.7341102361679077,0.2260526418685913,-0.0020809448324143887,0.7261112928390503,0.25817540287971497,-0.10927345603704453,0.7170909643173218,0.2537837028503418,-0.08096354454755783,0.7713812589645386,0.32601964473724365,-0.17633074522018433,0.7090328931808472,0.3242477774620056,0.11702332645654678,0.7060453295707703,0.39026862382888794,-0.2893825173377991,0.6415279507637024,0.38426026701927185,0.16191546618938446,0.6189326047897339,0.41844117641448975,-0.3429344892501831,0.5780897736549377,0.42462170124053955,0.07251939922571182,0.5971544981002808,0.43354958295822144,-0.37741661071777344,0.5585344433784485,0.43601125478744507,0.052862413227558136,0.593826413154602,0.4286789298057556,-0.370572566986084,0.5590534210205078,0.4353644549846649,0.027109365910291672,0.6030288934707642,0.4275231659412384,-0.3411159813404083,0.5669282078742981,0.4332786500453949,0.0579754002392292,0.7637139558792114,0.5711076259613037,-0.09664902836084366,0.728119432926178,0.557572603225708,0.0965382307767868,0.6367734670639038,0.5549477338790894,-0.21330800652503967,0.6135877370834351,0.537446141242981,0.01204524002969265,0.545974850654602,0.7346767783164978,-0.26669570803642273,0.5264007449150085,0.6989255547523499,-0.028508607298135757,0.5456530451774597,0.7876933813095093,-0.27109742164611816,0.5253405570983887,0.7375052571296692,-0.03401213139295578,0.49297863245010376,0.7134266495704651,-0.34081360697746277,0.4671081006526947,0.6811161637306213,-0.0764988511800766,0,1
0.7520366311073303,0.27067744731903076,0.0944947600364685,0.7594677209854126,0.2543797492980957,0.09418154507875443,0.7634246349334717,0.2542392909526825,0.09419633448123932,0.7680186629295349,0.2540743052959442,0.09425608813762665,0.7531421780586243,0.2535078525543213,0.11443229764699936,0.7522760629653931,0.2528880834579468,0.114329494535923,0.7514948844909668,0.2524070739746094,0.11420591175556183,0.7845516800880432,0.25644171237945557,0.10941119492053986,0.7640365958213806,0.2515111565589905,0.20059721171855927,0.7609297633171082,0.2884414792060852,0.10041216760873795,0.752350926399231,0.28555333614349365,0.1270732432603836,0.8113062977790833,0.32871344685554504,0.020878342911601067,0.7424031496047974,0.323947548866272,0.24888089299201965,0.7525179982185364,0.3966643810272217,-0.11085265874862671,0.675726056098938,0.3880724310874939,0.23410670459270477,0.6720227003097534,0.4158121347427368,-0.20374731719493866,0.6118138432502747,0.4154318869113922,0.10933656990528107,0.6533758640289307,0.4259476959705353,-0.23473091423511505,0.5915857553482056,0.4240443706512451,0.08486185222864151,0.6509103775024414,0.4218164086341858,-0.23084644973278046,0.5940253734588623,0.4216189980506897,0.06453102082014084,0.6532750129699707,0.4210223853588104,-0.2026289701461792,0.6011354327201843,0.42040616273880005,0.09429163485765457,0.7744326591491699,0.5706570744514465,-0.07993626594543457,0.7306635975837708,0.5482085347175598,0.07986408472061157,0.6516957879066467,0.586658239364624,-0.23354411125183105,0.6241632699966431,0.5571854710578918,-0.07882045209407806,0.5549935698509216,0.7513806819915771,-0.3666650056838989,0.5263188481330872,0.6969712972640991,-0.20640461146831512,0.5480301380157471,0.795943558216095,-0.379475861787796,0.5183268785476685,0.7357564568519592,-0.22036965191364288,0.5015183687210083,0.7364389300346375,-0.46737995743751526,0.4647126793861389,0.670135498046875,-0.2838190197944641,0,1
0.765258252620697,0.2912049889564514,0.0732308179140091,0.7688633799552917,0.27376803755760193,0.07119593769311905,0.7722984552383423,0.2712462246417999,0.07118376344442368,0.7760831117630005,0.2684098482131958,0.0711880698800087,0.7630430459976196,0.27685287594795227,0.09379575401544571,0.7621169686317444,0.27677854895591736,0.09375704824924469,0.761353611946106,0.2768203020095825,0.09370099008083344,0.7935742139816284,0.2643405795097351,0.07996468991041183,0.773006796836853,0.2729891240596771,0.18273375928401947,0.77576744556427,0.30437979102134705,0.076716847717762,0.7688013315200806,0.30559536814689636,0.1068510189652443,0.836768627166748,0.33084648847579956,0.006847817450761795,0.7613567113876343,0.3409784138202667,0.2308313101530075,0.8016477823257446,0.42292290925979614,-0.11082609742879868,0.7054117918014526,0.40675586462020874,0.2368338406085968,0.7251089811325073,0.3972129821777344,-0.20291762053966522,0.6483058929443359,0.4064007103443146,0.129100501537323,0.7078256607055664,0.405181884765625,-0.2356422245502472,0.6352600455284119,0.41432780027389526,0.10874918848276138,0.7045163512229919,0.40026506781578064,-0.22996267676353455,0.6367085576057434,0.41086992621421814,0.08713056147098541,0.7110872268676758,0.399080753326416,-0.2009975165128708,0.6422598361968994,0.40919286012649536,0.11385587602853775,0.7799149751663208,0.5688591599464417,-0.07530821859836578,0.7381739020347595,0.5455517768859863,0.07529742270708084,0.6615912318229675,0.595255970954895,-0.23115377128124237,0.6365390419960022,0.5713143348693848,-0.06597721576690674,0.5587476491928101,0.7519599199295044,-0.3664569556713104,0.5295054316520691,0.6996044516563416,-0.20637698471546173,0.5476974248886108,0.7963763475418091,-0.37921544909477234,0.5188146829605103,0.738827109336853,-0.22191309928894043,0.5070655941963196,0.7134411334991455,-0.4626540243625641,0.4700765013694763,0.668194055557251,-0.2854451537132263,0,1
0.7566233277320862,0.28821685910224915,0.03962382301688194,0.7599490880966187,0.27067676186561584,0.036274440586566925,0.7630066275596619,0.2683899700641632,0.0362437441945076,0.7663468718528748,0.2659817039966583,0.03618616983294487,0.7540789842605591,0.2744414508342743,0.05723576992750168,0.753163754940033,0.2748558521270752,0.05724029615521431,0.7523515224456787,0.2754860520362854,0.057181466370821,0.7829395532608032,0.26001355051994324,0.04176553338766098,0.7619556188583374,0.27744928002357483,0.14076188206672668,0.7674490213394165,0.3016631305217743,0.04306136444211006,0.760269045829773,0.30526530742645264,0.07190985977649689,0.8376134634017944,0.32754042744636536,0.0035437368787825108,0.7602548599243164,0.3493588864803314,0.19003476202487946,0.8471814393997192,0.47633224725723267,-0.050145555287599564,0.7423660159111023,0.46815240383148193,0.19796010851860046,0.7708455920219421,0.42381125688552856,-0.09430435299873352,0.7014469504356384,0.4333007335662842,0.0785127729177475,0.7501729130744934,0.4198814034461975,-0.11137980222702026,0.6866243481636047,0.43100669980049133,0.050925739109516144,0.749802827835083,0.4081589877605438,-0.1068490594625473,0.6858651638031006,0.4205824136734009,0.03801349923014641,0.7533449530601501,0.40659862756729126,-0.08969540148973465,0.6916636228561401,0.4204401969909668,0.0667695701122284,0.7835909128189087,0.5679240822792053,-0.07198886573314667,0.7392632961273193,0.5472016930580139,0.07210372388362885,0.6682913303375244,0.6055378317832947,-0.20887331664562225,0.6399871706962585,0.576605498790741,-0.06420507282018661,0.5618419647216797,0.7567963600158691,-0.33094000816345215,0.5327228307723999,0.6996012926101685,-0.184535950422287,0.5487526655197144,0.8015457391738892,-0.3395784795284271,0.5221089124679565,0.7455759644508362,-0.19862334430217743,0.5015464425086975,0.7227851748466492,-0.40958112478256226,0.47081583738327026,0.6676764488220215,-0.254355251789093,0,1
0.7494706511497498,0.2807703912258148,0.03426029533147812,0.7527313232421875,0.2610192894935608,0.03419700264930725,0.7562595009803772,0.25728458166122437,0.034180693328380585,0.7604672312736511,0.2529059648513794,0.03412682190537453,0.7460882663726807,0.2684727907180786,0.054784875363111496,0.7447095513343811,0.26923760771751404,0.05480159446597099,0.7435344457626343,0.2702053189277649,0.05476928874850273,0.7758654356002808,0.24566303193569183,0.056977760046720505,0.7530492544174194,0.2739097774028778,0.1539841592311859,0.7600404024124146,0.29178985953330994,0.04354613646864891,0.7529905438423157,0.2974986433982849,0.07189720869064331,0.8253861665725708,0.323067843914032,0.03327222168445587,0.7539432644844055,0.3504611551761627,0.20877763628959656,0.852828860282898,0.46867233514785767,-0.02703695558011532,0.7362005114555359,0.4731510281562805,0.17045602202415466,0.7797976732254028,0.43885931372642517,-0.06896276772022247,0.7114511728286743,0.45669516921043396,-0.007411374244838953,0.7586337327957153,0.43896451592445374,-0.08456416428089142,0.7028311491012573,0.45760950446128845,-0.03863010182976723,0.756847083568573,0.4213673770427704,-0.07123953104019165,0.7060990929603577,0.44347915053367615,-0.04170679301023483,0.7613491415977478,0.4221852719783783,-0.060062307864427567,0.7116948962211609,0.44167256355285645,-0.015142230316996574,0.7820495367050171,0.5646706819534302,-0.06963609158992767,0.7408571243286133,0.5477326512336731,0.06970828026533127,0.664630115032196,0.6131723523139954,-0.20008763670921326,0.6423355937004089,0.5784053206443787,-0.07143290340900421,0.5582308173179626,0.7636040449142456,-0.3411588966846466,0.5339466333389282,0.7029208540916443,-0.20607712864875793,0.5476406216621399,0.8068793416023254,-0.3524567782878876,0.5234401822090149,0.7496212720870972,-0.22074934840202332,0.48860254883766174,0.7439091801643372,-0.43538278341293335,0.47099336981773376,0.672264814376831,-0.27793410420417786,0,1
0.7267289757728577,0.2748301029205322,0.01769246719777584,0.7300652265548706,0.25455552339553833,0.015377516858279705,0.7333027124404907,0.2509366571903229,0.015331095084547997,0.7372282147407532,0.24678130447864532,0.015282315202057362,0.7243082523345947,0.26169249415397644,0.0372142568230629,0.7234241962432861,0.26309752464294434,0.03717084228992462,0.7227800488471985,0.2647968828678131,0.03708852455019951,0.7539069056510925,0.240000382065773,0.02913726307451725,0.7344806790351868,0.267311692237854,0.1302596777677536,0.7388869524002075,0.28524643182754517,0.023486075922846794,0.7319395542144775,0.2915584146976471,0.0531429722905159,0.8120983242988586,0.322472482919693,0.0035207178443670273,0.7438704371452332,0.350840300321579,0.19026730954647064,0.8322049975395203,0.47453659772872925,-0.0692199170589447,0.7275832891464233,0.4781443774700165,0.17688630521297455,0.7542604207992554,0.4390837848186493,-0.1285770982503891,0.6971129179000854,0.46511006355285645,0.008255550637841225,0.7350454330444336,0.4422035217285156,-0.1484428346157074,0.68194979429245,0.4658941924571991,-0.01832733303308487,0.7338751554489136,0.4286654591560364,-0.13694745302200317,0.6799963116645813,0.4550946056842804,-0.031080305576324463,0.7370431423187256,0.4287202060222626,-0.12161333858966827,0.6840227246284485,0.4549005627632141,-0.0031223942060023546,0.7818731665611267,0.5684666037559509,-0.06956728547811508,0.7405901551246643,0.55607008934021,0.06967951357364655,0.664526104927063,0.6093620657920837,-0.22771719098091125,0.6415638327598572,0.5796446800231934,-0.09687760472297668,0.5617573857307434,0.7614037394523621,-0.37776467204093933,0.5342205762863159,0.7019079923629761,-0.24757137894630432,0.5511170029640198,0.8077901005744934,-0.3927340507507324,0.5253299474716187,0.7438033223152161,-0.2639181315898895,0.4916136860847473,0.7440106868743896,-0.48822593688964844,0.4701383113861084,0.6680042743682861,-0.3254527449607849,0,1
0.7029469609260559,0.263568252325058,-0.034328848123550415,0.7075425982475281,0.2436949461698532,-0.03942464664578438,0.7109746336936951,0.24116715788841248,-0.039465706795454025,0.7150146961212158,0.2384503036737442,-0.03947218880057335,0.7027292251586914,0.24764946103096008,-0.0162054356187582,0.7019972801208496,0.24850128591060638,-0.016281504184007645,0.7012850046157837,0.24915048480033875,-0.016362009570002556,0.732087254524231,0.23545575141906738,-0.03869754821062088,0.7143321633338928,0.2514077425003052,0.06725531071424484,0.7134822607040405,0.27847594022750854,-0.03243246302008629,0.7076256275177002,0.28277936577796936,-0.0017227655043825507,0.7847208380699158,0.3227037191390991,-0.08836103975772858,0.7159441709518433,0.35047081112861633,0.1413542926311493,0.7756601572036743,0.47442910075187683,-0.17808431386947632,0.6777379512786865,0.4620906114578247,0.1258314549922943,0.698410153388977,0.43952909111976624,-0.2408783882856369,0.6256364583969116,0.46123793721199036,-0.04713498800992966,0.6771880388259888,0.4456799030303955,-0.2669526934623718,0.6122196912765503,0.4625897705554962,-0.07723090052604675,0.6770997047424316,0.4314787983894348,-0.25881290435791016,0.6137997508049011,0.4537164568901062,-0.08902256190776825,0.6833184957504272,0.43011465668678284,-0.23630037903785706,0.6191114783287048,0.45348435640335083,-0.059618543833494186,0.7769874334335327,0.5707187652587891,-0.07719819992780685,0.7339082360267639,0.5599151253700256,0.0774243101477623,0.658976674079895,0.6020914316177368,-0.22807808220386505,0.633702278137207,0.5696524977684021,-0.08646595478057861,0.5535356998443604,0.7603029012680054,-0.32814404368400574,0.5327092409133911,0.7008224725723267,-0.19313327968120575,0.5476365089416504,0.8054527044296265,-0.3394366502761841,0.527827799320221,0.7421079874038696,-0.20364145934581757,0.49219244718551636,0.7299584150314331,-0.4306049942970276,0.4753502905368805,0.6725534796714783,-0.27148422598838806,0,1
0.6748576164245605,0.25052163004875183,-0.09341518580913544,0.6832572817802429,0.23268909752368927,-0.09605516493320465,0.6867750883102417,0.23133890330791473,-0.09604942798614502,0.6910003423690796,0.22991350293159485,-0.09598921239376068,0.676470160484314,0.23530106246471405,-0.07528015226125717,0.675248920917511,0.2358442097902298,-0.07541151344776154,0.6742087602615356,0.23630349338054657,-0.07550881803035736,0.7074083089828491,0.2343394011259079,-0.0826294869184494,0.6855294704437256,0.24144113063812256,0.006889914628118277,0.6846718192100525,0.2681703269481659,-0.0891614705324173,0.6774669289588928,0.2703148126602173,-0.06220122054219246,0.745860755443573,0.3248056173324585,-0.15304459631443024,0.6780103445053101,0.3493726849555969,0.10293202102184296,0.7120336890220642,0.4641507863998413,-0.21653962135314941,0.6265309453010559,0.438617080450058,0.12044304609298706,0.6301184892654419,0.46959054470062256,-0.23542647063732147,0.5758437514305115,0.46072250604629517,0.013833470642566681,0.6121337413787842,0.4901256263256073,-0.2626328766345978,0.5563725233078003,0.46900972723960876,0.004940250888466835,0.6085558533668518,0.482069194316864,-0.2549307644367218,0.5560243129730225,0.46616360545158386,-0.02311602234840393,0.6143636703491211,0.47529762983322144,-0.2319093644618988,0.5647990107536316,0.4641381502151489,-0.0024388569872826338,0.7647824287414551,0.5713986158370972,-0.09145532548427582,0.7240232229232788,0.5612549185752869,0.091469407081604,0.6455343961715698,0.5542810559272766,-0.2294488400220871,0.6123272180557251,0.533348023891449,-0.03751078248023987,0.5559248924255371,0.7281152606010437,-0.25784045457839966,0.5341178774833679,0.7019456028938293,-0.09195809811353683,0.5540461540222168,0.7797895669937134,-0.2625654339790344,0.5335898995399475,0.74406898021698,-0.09899848699569702,0.4955102503299713,0.7231679558753967,-0.3387065529823303,0.47554922103881836,0.6866979598999023,-0.14679190516471863,0,1
0.6409034132957458,0.25220081210136414,-0.20239397883415222,0.6501166224479675,0.23508022725582123,-0.2073361575603485,0.6540412902832031,0.23492678999900818,-0.20729848742485046,0.6581889390945435,0.23491157591342926,-0.20725969970226288,0.6439462900161743,0.23631754517555237,-0.1861192137002945,0.6429556608200073,0.2365967035293579,-0.18627628684043884,0.64201420545578,0.236562117934227,-0.18632766604423523,0.6746858358383179,0.24879083037376404,-0.19185292720794678,0.6540550589561462,0.24302402138710022,-0.09560193866491318,0.6457874774932861,0.27180537581443787,-0.19527609646320343,0.639855682849884,0.27072662115097046,-0.16717691719532013,0.7000374794006348,0.3410472869873047,-0.25908371806144714,0.6439935564994812,0.3504101634025574,0.020724251866340637,0.6390982866287231,0.45164990425109863,-0.3256889581680298,0.5762845277786255,0.43320196866989136,0.050997667014598846,0.5612751245498657,0.48840415477752686,-0.3309885859489441,0.5182098746299744,0.495466411113739,-0.014365050010383129,0.5378941297531128,0.5208075642585754,-0.3701950013637543,0.5019046068191528,0.5010973215103149,-0.017672989517450333,0.5319854021072388,0.5135572552680969,-0.36020103096961975,0.5023801326751709,0.5038904547691345,-0.05517597123980522,0.5391268730163574,0.5059856176376343,-0.3286402225494385,0.5100384950637817,0.5037872791290283,-0.03281702846288681,0.749845564365387,0.5738586783409119,-0.10351413488388062,0.7147808074951172,0.5618482232093811,0.10343986749649048,0.6246986389160156,0.5275693535804749,-0.23211601376533508,0.5991129279136658,0.51213139295578,0.0994892567396164,0.5503185987472534,0.7229479551315308,-0.24726836383342743,0.5344714522361755,0.6889715194702148,0.09220696985721588,0.5538033843040466,0.7761035561561584,-0.2508239448070526,0.5342724323272705,0.7330193519592285,0.08857385814189911,0.48953157663345337,0.7057918310165405,-0.3231133818626404,0.47617393732070923,0.6846853494644165,0.05446222424507141,0,1
0.5979421734809875,0.2739892601966858,-0.09367235749959946,0.6061339378356934,0.2569335699081421,-0.10678571462631226,0.6086309552192688,0.2579854428768158,-0.10681384801864624,0.6116496324539185,0.2589349150657654,-0.10680936276912689,0.6022966504096985,0.2553282082080841,-0.08222892135381699,0.6019445061683655,0.2550600469112396,-0.08231735974550247,0.601638674736023,0.2545417249202728,-0.08227559179067612,0.6273741126060486,0.27635738253593445,-0.1517801731824875,0.6157519221305847,0.26909053325653076,-0.02321663126349449,0.6029586791992188,0.2976396977901459,-0.10088840872049332,0.5981661081314087,0.29454857110977173,-0.06826001405715942,0.654263436794281,0.3574475944042206,-0.22966650128364563,0.6253737211227417,0.37970712780952454,0.06264590471982956,0.5755888223648071,0.4526735544204712,-0.22658701241016388,0.5546632409095764,0.4508187472820282,0.09783416241407394,0.49070167541503906,0.49584290385246277,-0.20396685600280762,0.4800564646720886,0.5053839683532715,0.07385985553264618,0.46770891547203064,0.5196934342384338,-0.23878534138202667,0.4615327715873718,0.5141961574554443,0.0801747664809227,0.4632096290588379,0.5142745971679688,-0.2146914303302765,0.4593466818332672,0.5179679989814758,0.04943566024303436,0.471130907535553,0.5099365711212158,-0.19639891386032104,0.46663251519203186,0.515252947807312,0.05867539718747139,0.7331469655036926,0.5746719241142273,-0.09602351486682892,0.7113415598869324,0.5737882256507874,0.09596966952085495,0.6113371849060059,0.5085669755935669,-0.1589536964893341,0.5925835371017456,0.5017827153205872,0.12376312166452408,0.5424366593360901,0.7099505662918091,-0.14163270592689514,0.5313844084739685,0.6831041574478149,0.148073211312294,0.5482100248336792,0.7675269246101379,-0.14160451292991638,0.5343412160873413,0.7184349894523621,0.14820168912410736,0.4788193702697754,0.6890367865562439,-0.18582920730113983,0.47722530364990234,0.6883240342140198,0.12845277786254883,0,1
0.5575066804885864,0.30798661708831787,-0.02795826457440853,0.5643289685249329,0.2925759255886078,-0.04055820778012276,0.5668885707855225,0.29259538650512695,-0.04060758277773857,0.5696621537208557,0.2924990653991699,-0.040646083652973175,0.5604682564735413,0.29235100746154785,-0.013473628088831902,0.5604524612426758,0.29212483763694763,-0.013530020602047443,0.5606197714805603,0.29178386926651,-0.0134965805336833,0.585019588470459,0.302024781703949,-0.0633934885263443,0.576403021812439,0.2989969551563263,0.0595073327422142,0.5638574957847595,0.32839304208755493,-0.03488253802061081,0.5595809817314148,0.3268809914588928,0.00073626748053357,0.6108366250991821,0.3818305432796478,-0.14014732837677002,0.5909339785575867,0.3963920474052429,0.14683231711387634,0.5185736417770386,0.4661300778388977,-0.19370968639850616,0.5201473832130432,0.46976491808891296,0.1578294038772583,0.43383097648620605,0.5097537040710449,-0.17979569733142853,0.4418949484825134,0.5130400657653809,0.10808758437633514,0.41261419653892517,0.5261780619621277,-0.2185320407152176,0.4226903021335602,0.5250800251960754,0.11548322439193726,0.4089828133583069,0.5215149521827698,-0.19340980052947998,0.42293938994407654,0.5272281169891357,0.08464020490646362,0.41590064764022827,0.5167540311813354,-0.17225521802902222,0.4286748468875885,0.5234657526016235,0.09246065467596054,0.715837836265564,0.5766822099685669,-0.10125023126602173,0.696634829044342,0.5767505764961243,0.10127302259206772,0.5946555733680725,0.5032278299331665,-0.18720859289169312,0.5719547271728516,0.49131202697753906,0.1747521460056305,0.5360872745513916,0.7147795557975769,-0.19353239238262177,0.5319544076919556,0.6852419376373291,0.22547917068004608,0.5373691320419312,0.7494250535964966,-0.19516104459762573,0.541229784488678,0.7205451726913452,0.22842872142791748,0.47368818521499634,0.6841263771057129,-0.2499355971813202,0.4813343584537506,0.6938571333885193,0.20160003006458282,0,1
0.5267785787582397,0.32613277435302734,-0.010500381700694561,0.5325037240982056,0.30927151441574097,-0.027560073882341385,0.534814715385437,0.3081815242767334,-0.027621060609817505,0.5373517274856567,0.30692240595817566,-0.02766524627804756,0.529811680316925,0.3099534213542938,0.004126179032027721,0.5301787853240967,0.3096596896648407,0.00406976044178009,0.5307620763778687,0.30902621150016785,0.004076803103089333,0.5537387728691101,0.31052279472351074,-0.06586774438619614,0.5464234948158264,0.3109692931175232,0.07649754732847214,0.5337315797805786,0.3415370583534241,-0.023537620902061462,0.530558705329895,0.3418039083480835,0.018013780936598778,0.5850379467010498,0.3888511657714844,-0.14408554136753082,0.5673238635063171,0.4025880694389343,0.16940917074680328,0.4923182427883148,0.48026448488235474,-0.1979248970746994,0.4904869496822357,0.47765570878982544,0.18378524482250214,0.4087933599948883,0.5287418961524963,-0.1936333328485489,0.414297491312027,0.5197234749794006,0.12275892496109009,0.38767698407173157,0.5487864017486572,-0.2325599193572998,0.3928316533565521,0.5279586315155029,0.1269437074661255,0.38438883423805237,0.5426931381225586,-0.20797593891620636,0.39091867208480835,0.5327157974243164,0.09646011888980865,0.39084163308143616,0.5393246412277222,-0.18570345640182495,0.39897438883781433,0.5321063995361328,0.10611424595117569,0.6953592300415039,0.5828952193260193,-0.11059217154979706,0.6786676645278931,0.577002227306366,0.1106451153755188,0.5744933485984802,0.5065391063690186,-0.19188903272151947,0.5559093356132507,0.4888288676738739,0.20584027469158173,0.5306693315505981,0.7262687683105469,-0.1689513921737671,0.529255747795105,0.6905071139335632,0.2867717146873474,0.5382265448570251,0.7753188014030457,-0.16789478063583374,0.540719211101532,0.7263045310974121,0.2922596335411072,0.46893543004989624,0.726136326789856,-0.2191592901945114,0.4800928235054016,0.7083753347396851,0.2672475278377533,0,1
0.5030111074447632,0.3300294578075409,-0.005116546060889959,0.5080757737159729,0.3106735050678253,-0.0227957833558321,0.5103049278259277,0.3095157742500305,-0.022874251008033752,0.5128737688064575,0.3081682324409485,-0.022946344688534737,0.505630612373352,0.31101250648498535,0.009226126596331596,0.5060531497001648,0.3103114366531372,0.009171970188617706,0.5066521763801575,0.30939972400665283,0.009167665615677834,0.53020840883255,0.310420960187912,-0.060485828667879105,0.5234097242355347,0.3103981912136078,0.08454826474189758,0.5112242102622986,0.3469184637069702,-0.016990287229418755,0.5082324743270874,0.3470252752304077,0.025173868983983994,0.5612099766731262,0.38631778955459595,-0.15346969664096832,0.555508553981781,0.40413233637809753,0.189792662858963,0.46824413537979126,0.4790628254413605,-0.2296740561723709,0.4678570628166199,0.4790484607219696,0.20910517871379852,0.37927088141441345,0.5254172086715698,-0.19027237594127655,0.38373488187789917,0.520763635635376,0.14017179608345032,0.35932284593582153,0.5479751229286194,-0.22698795795440674,0.3631109595298767,0.5405339598655701,0.14308008551597595,0.3554235100746155,0.5458081364631653,-0.19351837038993835,0.3614467680454254,0.5421927571296692,0.11157464981079102,0.36211198568344116,0.5397380590438843,-0.17881157994270325,0.36732017993927,0.5374659895896912,0.12227851152420044,0.6730853319168091,0.5900070667266846,-0.11555920541286469,0.6628414988517761,0.5944458246231079,0.1155070886015892,0.5524039268493652,0.4911302328109741,-0.14975214004516602,0.538313090801239,0.4878406226634979,0.1972104161977768,0.5271155834197998,0.7219212055206299,-0.06462331116199493,0.5281494855880737,0.6974573731422424,0.2848224937915802,0.5369631052017212,0.7742729783058167,-0.056882523000240326,0.5421710014343262,0.7351999282836914,0.29214078187942505,0.46151813864707947,0.7243768572807312,-0.09076245129108429,0.4873214662075043,0.7273107171058655,0.26952552795410156,0,1
0.48874226212501526,0.3251805305480957,0.008502889424562454,0.494218111038208,0.306235134601593,-0.007957661524415016,0.4966147541999817,0.30529800057411194,-0.008034540340304375,0.4993163049221039,0.3041955530643463,-0.008099581114947796,0.4916345477104187,0.30651456117630005,0.024481825530529022,0.49224334955215454,0.30594709515571594,0.024429069831967354,0.49306172132492065,0.3052387535572052,0.024418946355581284,0.51679527759552,0.3075956702232361,-0.042048875242471695,0.5106781721115112,0.30675220489501953,0.10422372817993164,0.4975343644618988,0.3423302471637726,-0.0024802919942885637,0.4946536421775818,0.342330664396286,0.0398993082344532,0.5469878911972046,0.3847070038318634,-0.14478355646133423,0.5413161516189575,0.4059935212135315,0.20945057272911072,0.4490233361721039,0.4737810790538788,-0.22633492946624756,0.4513755738735199,0.4830673933029175,0.22457508742809296,0.35434919595718384,0.5236812233924866,-0.18905477225780487,0.36574089527130127,0.5618041157722473,0.1599148064851761,0.33446258306503296,0.543779730796814,-0.2246418297290802,0.3483366370201111,0.5722771286964417,0.1645875722169876,0.33032676577568054,0.5409672260284424,-0.1979181468486786,0.3422752320766449,0.570246160030365,0.13447429239749908,0.33708733320236206,0.5356717705726624,-0.1796887069940567,0.3464747667312622,0.5863545536994934,0.14269676804542542,0.6557132601737976,0.5911602973937988,-0.11591621488332748,0.6452137231826782,0.6017358899116516,0.1158171072602272,0.535034716129303,0.4792144298553467,-0.15601567924022675,0.5257288813591003,0.48849257826805115,0.20397546887397766,0.5256767272949219,0.720276415348053,-0.07963819801807404,0.5266821980476379,0.706633448600769,0.2828979194164276,0.5351887345314026,0.7748270034790039,-0.07220511138439178,0.5406054258346558,0.7387922406196594,0.2892571687698364,0.45565128326416016,0.7251251935958862,-0.10762789100408554,0.47935575246810913,0.7287647724151611,0.2654344439506531,0,1
0.4804099500179291,0.3159032464027405,-0.03542520850896835,0.48647889494895935,0.2972995340824127,-0.04963179677724838,0.48903900384902954,0.2963840663433075,-0.04971723631024361,0.49203553795814514,0.29533207416534424,-0.04980408400297165,0.48336902260780334,0.29706549644470215,-0.016417978331446648,0.4836973547935486,0.29628846049308777,-0.016463752835989,0.4842127859592438,0.2953222990036011,-0.01647263392806053,0.5102386474609375,0.30108585953712463,-0.0694069117307663,0.502013623714447,0.2980981469154358,0.08285845816135406,0.4887847304344177,0.3374488651752472,-0.04096808284521103,0.4853685796260834,0.3364918529987335,0.0026044563855975866,0.5370663404464722,0.3840499520301819,-0.17020073533058167,0.5322808027267456,0.404678076505661,0.19498798251152039,0.43285641074180603,0.47147271037101746,-0.25487035512924194,0.43669015169143677,0.49671223759651184,0.19550570845603943,0.3332671523094177,0.5180334448814392,-0.22712509334087372,0.3420349359512329,0.5371847748756409,0.11116522550582886,0.31293317675590515,0.5372903347015381,-0.268830269575119,0.3168933093547821,0.5536620616912842,0.11004246771335602,0.3095364570617676,0.5371710658073425,-0.24180932343006134,0.3140628933906555,0.5550101399421692,0.07346923649311066,0.31546348333358765,0.5321014523506165,-0.21872767806053162,0.32184919714927673,0.554006040096283,0.0905889943242073,0.6422296166419983,0.5983513593673706,-0.11546047031879425,0.6333975791931152,0.6077501177787781,0.11537814140319824,0.5173198580741882,0.46926718950271606,-0.11992202699184418,0.5140697956085205,0.47061318159103394,0.17403753101825714,0.5317412614822388,0.6992565393447876,0.02372046932578087,0.5338703989982605,0.6936710476875305,0.2633682191371918,0.5457115769386292,0.7566978335380554,0.03749290108680725,0.5521851778030396,0.7247151136398315,0.27114641666412354,0.47363370656967163,0.7051489353179932,0.02485688030719757,0.49656668305397034,0.7227305769920349,0.25748929381370544,0,1
0.476140558719635,0.29978126287460327,-0.04790174961090088,0.4828220307826996,0.281436949968338,-0.06467070430517197,0.4853639006614685,0.2807007133960724,-0.0647573322057724,0.48823484778404236,0.27973368763923645,-0.06484165787696838,0.4800073504447937,0.281152606010437,-0.02964578941464424,0.48052874207496643,0.2805943489074707,-0.02969484031200409,0.4812975823879242,0.27976295351982117,-0.029706573113799095,0.506534218788147,0.28816837072372437,-0.0939466804265976,0.49897846579551697,0.2852296531200409,0.06573083251714706,0.4840068817138672,0.3224315047264099,-0.05694323033094406,0.48093661665916443,0.32095053791999817,-0.011262306943535805,0.5297829508781433,0.38261687755584717,-0.19191095232963562,0.5250554084777832,0.3988279700279236,0.17689159512519836,0.42496341466903687,0.4713476896286011,-0.2741859555244446,0.4270886480808258,0.4855228364467621,0.17509886622428894,0.32633325457572937,0.5229849219322205,-0.25416797399520874,0.3313567638397217,0.5255518555641174,0.0894542783498764,0.3021833598613739,0.5426107048988342,-0.3013319671154022,0.30758577585220337,0.5413305759429932,0.08569277077913284,0.3001854717731476,0.5415427088737488,-0.2749800682067871,0.30380958318710327,0.550807774066925,0.04835434630513191,0.30661076307296753,0.537561297416687,-0.246587872505188,0.3133317828178406,0.5531564354896545,0.06796172261238098,0.6322594285011292,0.6030972003936768,-0.11609423160552979,0.6248348355293274,0.6125625371932983,0.11598479747772217,0.5042993426322937,0.46931397914886475,-0.12353062629699707,0.5008214116096497,0.46924322843551636,0.2124377191066742,0.5282491445541382,0.7018187046051025,0.007348168641328812,0.5339565873146057,0.6900292038917542,0.32780709862709045,0.5444272756576538,0.751248836517334,0.01976422779262066,0.5538743734359741,0.7188200950622559,0.337838351726532,0.47363752126693726,0.7066365480422974,-0.0022734494414180517,0.4994770586490631,0.7203356623649597,0.3160865306854248,0,1
0.4758903384208679,0.2864518165588379,-0.05070988088846207,0.48230892419815063,0.2680891156196594,-0.07052616775035858,0.48478513956069946,0.26798078417778015,-0.07061946392059326,0.4877374768257141,0.26771557331085205,-0.0707034021615982,0.479627788066864,0.26736176013946533,-0.03364992514252663,0.48010993003845215,0.2669203579425812,-0.03368831425905228,0.4808921813964844,0.26634979248046875,-0.03370213136076927,0.5063952207565308,0.2780310809612274,-0.10837936401367188,0.49927371740341187,0.27430012822151184,0.05805019289255142,0.48318377137184143,0.30888429284095764,-0.06250037252902985,0.48011642694473267,0.30656084418296814,-0.01435068715363741,0.52747642993927,0.38232752680778503,-0.2093028575181961,0.5258020162582397,0.3909020721912384,0.1771848201751709,0.4261763095855713,0.473646879196167,-0.2868165373802185,0.43149930238723755,0.4798205494880676,0.1801135390996933,0.32980841398239136,0.5364288091659546,-0.268533319234848,0.34287896752357483,0.5271357297897339,0.09692151844501495,0.30475592613220215,0.5573110580444336,-0.3177022635936737,0.318520188331604,0.5420781373977661,0.09481581300497055,0.3038363754749298,0.5542804002761841,-0.29106584191322327,0.31677332520484924,0.5488969087600708,0.056952882558107376,0.3114621341228485,0.5504793524742126,-0.26051515340805054,0.32383161783218384,0.5506746172904968,0.0755976215004921,0.628156304359436,0.60731041431427,-0.12063568830490112,0.6193589568138123,0.6135209798812866,0.12049587815999985,0.5014091730117798,0.4663364887237549,-0.13140781223773956,0.4930444657802582,0.4545306861400604,0.23489268124103546,0.5257869958877563,0.7049798965454102,0.009524540044367313,0.5294013023376465,0.6912672519683838,0.3400960862636566,0.5399922132492065,0.7472394108772278,0.024753233417868614,0.5497280955314636,0.7183683514595032,0.34911996126174927,0.4712943434715271,0.7037897706031799,0.009463762864470482,0.4969976842403412,0.7178274989128113,0.32988741993904114,0,1
0.4842475950717926,0.27137884497642517,-0.08799935132265091,0.4914347529411316,0.25130927562713623,-0.11012691259384155,0.4940604567527771,0.251213937997818,-0.11021514236927032,0.49725157022476196,0.2511640191078186,-0.1102929338812828,0.48848313093185425,0.2513364255428314,-0.07277184724807739,0.48881417512893677,0.2509136199951172,-0.0728173479437828,0.4894704818725586,0.25049179792404175,-0.07282146066427231,0.5152735710144043,0.2613750100135803,-0.1525455266237259,0.5068488717079163,0.25875124335289,0.01454264484345913,0.49170565605163574,0.29210612177848816,-0.1017947643995285,0.48797255754470825,0.29157400131225586,-0.05302558094263077,0.5454028844833374,0.36377906799316406,-0.24637477099895477,0.5281426310539246,0.37844404578208923,0.13453033566474915,0.4552200436592102,0.46883419156074524,-0.3223465383052826,0.44075924158096313,0.46437543630599976,0.14828583598136902,0.35369157791137695,0.5328572392463684,-0.3127210736274719,0.357638418674469,0.5211061239242554,0.06053439900279045,0.3335021734237671,0.5535386204719543,-0.36346468329429626,0.3382517099380493,0.5341901779174805,0.05722817778587341,0.3290101885795593,0.5515654683113098,-0.33870431780815125,0.3329100012779236,0.5428009629249573,0.015871308743953705,0.33538609743118286,0.5465719103813171,-0.3055761456489563,0.33784088492393494,0.541304886341095,0.038023434579372406,0.6333912014961243,0.5987845063209534,-0.12223000824451447,0.6215492486953735,0.6051851511001587,0.12209596484899521,0.5041537880897522,0.4543665051460266,-0.13961252570152283,0.4910731911659241,0.4554644823074341,0.17175918817520142,0.5280848145484924,0.6957513093948364,0.010062272660434246,0.526389479637146,0.6846064925193787,0.2493804693222046,0.5393627882003784,0.7362683415412903,0.024770259857177734,0.5478223562240601,0.7077822685241699,0.2558629810810089,0.4704468846321106,0.6920216679573059,0.007725114934146404,0.4870660901069641,0.7078545689582825,0.23988933861255646,0,1
0.5236212611198425,0.2581729590892792,-0.0654832050204277,0.5323585271835327,0.23976299166679382,-0.08412560820579529,0.535537838935852,0.2389194667339325,-0.08420459926128387,0.5388107299804688,0.23817086219787598,-0.08426229655742645,0.5281753540039062,0.24062010645866394,-0.0500924214720726,0.528093159198761,0.24061734974384308,-0.05016130208969116,0.5282523036003113,0.24030113220214844,-0.05018454045057297,0.5555230379104614,0.2479713261127472,-0.12142684310674667,0.5429867506027222,0.2473706603050232,0.032009027898311615,0.530776858329773,0.2782667875289917,-0.0769028291106224,0.5242417454719543,0.2804250121116638,-0.03237000107765198,0.5870938897132874,0.3483694791793823,-0.20909342169761658,0.5489127039909363,0.37385809421539307,0.14302106201648712,0.5054423213005066,0.4623858630657196,-0.2625312805175781,0.4811459183692932,0.45840415358543396,0.16758772730827332,0.4078432023525238,0.5177294611930847,-0.24662557244300842,0.4023904800415039,0.508959174156189,0.10417629778385162,0.38795560598373413,0.5377277135848999,-0.28631848096847534,0.3830792009830475,0.5220265984535217,0.11269117891788483,0.38338664174079895,0.5293534994125366,-0.2622981667518616,0.3796876072883606,0.5222021341323853,0.07629398256540298,0.3902748227119446,0.5250898003578186,-0.23889461159706116,0.38500869274139404,0.520480751991272,0.08647904545068741,0.6603469252586365,0.5939241051673889,-0.11273392289876938,0.6329343318939209,0.6001542210578918,0.11260292679071426,0.5393161773681641,0.46198275685310364,-0.1810004860162735,0.5090211033821106,0.4635782837867737,0.17218033969402313,0.525029718875885,0.7037129998207092,-0.1211385726928711,0.5139521360397339,0.6861624121665955,0.20083943009376526,0.5346781611442566,0.767517626285553,-0.11533677577972412,0.5271987318992615,0.7173508405685425,0.2019079625606537,0.4543612003326416,0.6945638656616211,-0.1523926556110382,0.46086567640304565,0.7092112898826599,0.1798466444015503,0,1
0.5740520358085632,0.25005418062210083,-0.11958958208560944,0.5830599069595337,0.23156395554542542,-0.13359716534614563,0.5860044360160828,0.23138298094272614,-0.13362784683704376,0.5897048711776733,0.23102743923664093,-0.13362732529640198,0.5784062147140503,0.23220233619213104,-0.10211948305368423,0.5781005620956421,0.2319440394639969,-0.10221129655838013,0.5778677463531494,0.2315647155046463,-0.1022292971611023,0.6066207885742188,0.24282032251358032,-0.15292245149612427,0.591479480266571,0.2398853898048401,-0.011033550836145878,0.580245852470398,0.27096349000930786,-0.12554393708705902,0.57343590259552,0.2721579074859619,-0.08411869406700134,0.6375719308853149,0.3501228392124176,-0.2255702018737793,0.5894074440002441,0.3606809973716736,0.09292097389698029,0.5586674809455872,0.45897865295410156,-0.2863137423992157,0.5305250883102417,0.44517213106155396,0.12973454594612122,0.46802282333374023,0.48709046840667725,-0.27751535177230835,0.4579417109489441,0.4796140491962433,0.056307923048734665,0.44590339064598083,0.5071533918380737,-0.31857866048812866,0.4369122385978699,0.4898635447025299,0.05446404963731766,0.44150954484939575,0.49688196182250977,-0.30147993564605713,0.43623122572898865,0.48936569690704346,0.0174191165715456,0.4503808617591858,0.4928414523601532,-0.27259117364883423,0.4436187148094177,0.48756831884384155,0.03682786226272583,0.6954270601272583,0.5935962796211243,-0.10690945386886597,0.6597105264663696,0.5933336615562439,0.10678480565547943,0.5848337411880493,0.4892193675041199,-0.2736942172050476,0.5403215885162354,0.473842591047287,0.130994975566864,0.5305877923965454,0.7221755385398865,-0.31767842173576355,0.5132828950881958,0.6975995302200317,0.08949702233076096,0.5355020761489868,0.7798301577568054,-0.3218461275100708,0.5219888091087341,0.7422016859054565,0.08331505954265594,0.45412302017211914,0.72554612159729,-0.3939455449581146,0.4595549702644348,0.7171411514282227,0.046432677656412125,0,1
0.6276966333389282,0.24305157363414764,-0.1999398022890091,0.6365723013877869,0.22546957433223724,-0.20171794295310974,0.6404630541801453,0.22572015225887299,-0.20171208679676056,0.6451773047447205,0.22623583674430847,-0.20169270038604736,0.6301091313362122,0.22447456419467926,-0.17709174752235413,0.6289353966712952,0.22374071180820465,-0.17719636857509613,0.6278530955314636,0.2228361815214157,-0.17719991505146027,0.661532461643219,0.23946556448936462,-0.1866791546344757,0.6375741958618164,0.23281915485858917,-0.06654780358076096,0.6344446539878845,0.2644397020339966,-0.19051744043827057,0.6258667707443237,0.2646157443523407,-0.1577540934085846,0.6872715950012207,0.3381730318069458,-0.2674623429775238,0.6302870512008667,0.3513813316822052,0.05801547318696976,0.6114456653594971,0.40637126564979553,-0.3467704653739929,0.5665803551673889,0.411117285490036,0.08630948513746262,0.5161076784133911,0.432234525680542,-0.3528602421283722,0.49844974279403687,0.43922773003578186,0.0024055694229900837,0.4957249164581299,0.4496404826641083,-0.3953573703765869,0.48080939054489136,0.44827067852020264,-0.0029161376878619194,0.49095696210861206,0.44654595851898193,-0.3760267496109009,0.47985634207725525,0.4484933614730835,-0.04748087376356125,0.4983152747154236,0.44443342089653015,-0.3472508192062378,0.486733615398407,0.44715380668640137,-0.020837340503931046,0.7306421995162964,0.5828874111175537,-0.10571418702602386,0.6965177655220032,0.5755085349082947,0.10559748113155365,0.6079553365707397,0.5058062076568604,-0.2547452449798584,0.5740833282470703,0.4907076954841614,0.1070299744606018,0.5370408296585083,0.7244186997413635,-0.27552178502082825,0.5191859006881714,0.6943315267562866,0.09021291881799698,0.5442240238189697,0.775997519493103,-0.2787795960903168,0.523469090461731,0.7340778112411499,0.08628219366073608,0.4695255756378174,0.7237648963928223,-0.35013607144355774,0.4639407992362976,0.6960296034812927,0.05134784057736397,0,1
0.6754162311553955,0.23082111775875092,-0.08886965364217758,0.6853743195533752,0.215646430850029,-0.08135847747325897,0.68924880027771,0.21716703474521637,-0.08135844022035599,0.6936149001121521,0.218668133020401,-0.08133092522621155,0.6779830455780029,0.21310842037200928,-0.06333377212285995,0.6765824556350708,0.21227283775806427,-0.06338413059711456,0.6753320693969727,0.21114476025104523,-0.06341429054737091,0.7076703310012817,0.23253409564495087,-0.03952615708112717,0.6831738948822021,0.22362197935581207,0.04445121809840202,0.6813341379165649,0.25241270661354065,-0.07337568700313568,0.671729564666748,0.25170961022377014,-0.049343958497047424,0.7303762435913086,0.3156830370426178,-0.12855632603168488,0.6745145320892334,0.3385174572467804,0.15763618052005768,0.6540725231170654,0.38557782769203186,-0.20844468474388123,0.6074169874191284,0.39789870381355286,0.2196280062198639,0.5600007772445679,0.42513132095336914,-0.21386894583702087,0.5459979176521301,0.4342086911201477,0.16867829859256744,0.534140944480896,0.4408057630062103,-0.2386023998260498,0.5254420638084412,0.44621339440345764,0.17122548818588257,0.5307665467262268,0.4385736584663391,-0.2196228802204132,0.523604691028595,0.4459773898124695,0.14297904074192047,0.5403586626052856,0.43476247787475586,-0.20619383454322815,0.5294250249862671,0.44377610087394714,0.1536864936351776,0.7524652481079102,0.5691642165184021,-0.10109206289052963,0.7195873856544495,0.5662261843681335,0.1009153500199318,0.6228228807449341,0.5305695533752441,-0.1752968728542328,0.6021832823753357,0.523529589176178,0.05627065151929855,0.540972113609314,0.7264641523361206,-0.2036597728729248,0.5303469896316528,0.6949048042297363,0.011188614182174206,0.5433460474014282,0.7799222469329834,-0.20724782347679138,0.5292080044746399,0.7337461709976196,0.005606040358543396,0.47126179933547974,0.7112499475479126,-0.25368791818618774,0.4692467749118805,0.6864501237869263,-0.024701956659555435,0,1
0.7135738134384155,0.23092439770698547,-0.007583252154290676,0.7234171628952026,0.21508193016052246,-0.010957155376672745,0.7278555631637573,0.2155928760766983,-0.010944941081106663,0.7325617671012878,0.21632063388824463,-0.010884193703532219,0.7165651917457581,0.21430718898773193,0.011787381023168564,0.7154937982559204,0.21396543085575104,0.011710372753441334,0.714460551738739,0.2133975625038147,0.011630291119217873,0.7468550205230713,0.23047246038913727,-0.004583022557199001,0.725845217704773,0.22513717412948608,0.09894118458032608,0.7214103937149048,0.251069575548172,-0.004852019716054201,0.713312029838562,0.25086653232574463,0.025338951498270035,0.7775724530220032,0.3154463768005371,-0.10149756819009781,0.7127588391304016,0.3410981297492981,0.18696962296962738,0.7043792605400085,0.38191184401512146,-0.22746479511260986,0.6489864587783813,0.39454418420791626,0.2271360158920288,0.6142337322235107,0.40708670020103455,-0.27493974566459656,0.5813263654708862,0.4284166097640991,0.1569359302520752,0.5925098657608032,0.422211617231369,-0.3033687472343445,0.5608407258987427,0.4411854147911072,0.151618093252182,0.5910699963569641,0.42005154490470886,-0.2884611487388611,0.5624038577079773,0.4395952820777893,0.12587083876132965,0.5963743329048157,0.4181341826915741,-0.2683121860027313,0.5701914429664612,0.4369311034679413,0.14185062050819397,0.769699215888977,0.5710006356239319,-0.0974651649594307,0.7315992116928101,0.5619308352470398,0.09733656048774719,0.6403407454490662,0.5661996006965637,-0.19852092862129211,0.6138070821762085,0.5418704152107239,-0.007200314663350582,0.5462805032730103,0.7352049946784973,-0.24956341087818146,0.5276660919189453,0.7030792236328125,-0.060742974281311035,0.5452307462692261,0.7862139344215393,-0.2535012662410736,0.5240961313247681,0.7426977157592773,-0.06691519916057587,0.48710981011390686,0.7205439209938049,-0.3220198154449463,0.4664551615715027,0.6837785243988037,-0.11467912048101425,0,1
0.7471499443054199,0.24543283879756927,0.0943598672747612,0.7547435760498047,0.2283288687467575,0.09792965650558472,0.759200394153595,0.2275075912475586,0.09793548285961151,0.7641711831092834,0.22663547098636627,0.09798253327608109,0.748571515083313,0.23037831485271454,0.11825056374073029,0.7474037408828735,0.23080123960971832,0.11815222352743149,0.746073305606842,0.2312464565038681,0.11807741224765778,0.7811214327812195,0.2331101894378662,0.11830613762140274,0.7549370527267456,0.23605021834373474,0.20903253555297852,0.7545578479766846,0.26601192355155945,0.10026425123214722,0.7474196553230286,0.2659771740436554,0.1268579065799713,0.8125126957893372,0.31830403208732605,0.020578548312187195,0.7434663772583008,0.3382796049118042,0.2579677104949951,0.763745903968811,0.3888813555240631,-0.12633997201919556,0.6761043667793274,0.39620259404182434,0.24646814167499542,0.6824532747268677,0.39780452847480774,-0.22490744292736053,0.6189860701560974,0.4150024950504303,0.10984160006046295,0.6600984930992126,0.40593358874320984,-0.25769931077957153,0.5992388129234314,0.42191463708877563,0.07992137223482132,0.657332181930542,0.40096142888069153,-0.2507629990577698,0.603502631187439,0.41809001564979553,0.06344509869813919,0.6641581058502197,0.4009624123573303,-0.22246281802654266,0.6107655763626099,0.4177852272987366,0.09527289867401123,0.7783323526382446,0.5709864497184753,-0.08027806878089905,0.7352896332740784,0.5520608425140381,0.08024551719427109,0.6538945436477661,0.594935417175293,-0.21912844479084015,0.6291738748550415,0.5636165142059326,-0.07451613247394562,0.5503999590873718,0.7532538771629333,-0.3436266779899597,0.5269341468811035,0.6983991861343384,-0.18767991662025452,0.5417981743812561,0.7957451939582825,-0.3552943170070648,0.5185821056365967,0.7386346459388733,-0.20029401779174805,0.4954602122306824,0.717993438243866,-0.44032883644104004,0.4642094075679779,0.6677882075309753,-0.2594459652900696,0,1
0.7638044357299805,0.26362374424934387,0.0917486697435379,0.7695626020431519,0.2462584227323532,0.09152943640947342,0.7729595899581909,0.24398039281368256,0.09148913621902466,0.7774555087089539,0.2414257824420929,0.09144356846809387,0.7635413408279419,0.24848416447639465,0.11432389169931412,0.7624997496604919,0.24896340072155,0.1142975464463234,0.7617405652999878,0.24940596520900726,0.11423341184854507,0.7976935505867004,0.24054425954818726,0.10134247690439224,0.7745851874351501,0.2503463625907898,0.20512548089027405,0.773114025592804,0.2789883017539978,0.0945599228143692,0.7663514614105225,0.2806430459022522,0.12492211163043976,0.8363608121871948,0.3268120586872101,0.023857876658439636,0.7628583908081055,0.3401644825935364,0.2501474916934967,0.8067495226860046,0.438035786151886,-0.06458930671215057,0.723981499671936,0.43543195724487305,0.2379463016986847,0.7307034730911255,0.4063868224620819,-0.11686219274997711,0.6747061014175415,0.41071170568466187,0.09710262715816498,0.7093448638916016,0.41540709137916565,-0.1397818624973297,0.6579636335372925,0.4196009337902069,0.06316974014043808,0.7044317722320557,0.4107530415058136,-0.13722196221351624,0.6561537981033325,0.41551530361175537,0.044546473771333694,0.7131220102310181,0.40921515226364136,-0.1140228658914566,0.6628130674362183,0.4154372811317444,0.08162062615156174,0.781158447265625,0.5681481957435608,-0.07443773746490479,0.7377643585205078,0.5485256314277649,0.07448750734329224,0.6647748947143555,0.6082658767700195,-0.21855822205543518,0.6398209929466248,0.5755796432495117,-0.06611476838588715,0.5558674931526184,0.7561785578727722,-0.3525485694408417,0.5279665589332581,0.703529417514801,-0.20825715363025665,0.5445005297660828,0.7995202541351318,-0.3660584092140198,0.5182905793190002,0.7470985651016235,-0.22436431050300598,0.4938245415687561,0.719114363193512,-0.4520440697669983,0.4657818675041199,0.667159378528595,-0.2859079837799072,0,1
0.7692100405693054,0.2550560534000397,0.008778994902968407,0.7771285176277161,0.2394903600215912,0.009546136483550072,0.7810049653053284,0.2383577525615692,0.009508625604212284,0.7855480313301086,0.23666295409202576,0.009452413767576218,0.7704538702964783,0.2404516488313675,0.02872033789753914,0.7689821124076843,0.24097704887390137,0.02870085835456848,0.7677498459815979,0.24158772826194763,0.02864271029829979,0.8023141622543335,0.23762363195419312,0.03320223093032837,0.7805454134941101,0.24766400456428528,0.12186849117279053,0.7772157192230225,0.27277833223342896,0.01774480752646923,0.7695052623748779,0.2743746042251587,0.043914519250392914,0.8393680453300476,0.32747316360473633,0.006383863277733326,0.7690476775169373,0.3448103666305542,0.18058529496192932,0.8513766527175903,0.47869178652763367,-0.07317831367254257,0.7443867921829224,0.4693611264228821,0.15488579869270325,0.7788137197494507,0.4366479516029358,-0.12436141073703766,0.7104796171188354,0.4444429576396942,-0.01320079155266285,0.7584748268127441,0.43725454807281494,-0.14443278312683105,0.696877658367157,0.44203585386276245,-0.044840939342975616,0.7581688165664673,0.42646658420562744,-0.1356281042098999,0.6967149972915649,0.43021565675735474,-0.0542333647608757,0.7623397707939148,0.42673102021217346,-0.11886148154735565,0.7040420174598694,0.4318213164806366,-0.024132031947374344,0.7842186093330383,0.5692083239555359,-0.06737123429775238,0.7408496737480164,0.5491247177124023,0.0675101950764656,0.6678305864334106,0.6188408732414246,-0.2055548131465912,0.6410307288169861,0.5861861109733582,-0.0691114291548729,0.5583368539810181,0.7538467645645142,-0.33544960618019104,0.5327550172805786,0.7032324075698853,-0.20039591193199158,0.5472514629364014,0.799435019493103,-0.34996798634529114,0.5208989977836609,0.7473821640014648,-0.2155095636844635,0.488985151052475,0.7130622863769531,-0.44631344079971313,0.46659788489341736,0.6629340648651123,-0.2741566002368927,0,1
0.7660955786705017,0.23303966224193573,0.032147690653800964,0.7752467393875122,0.21837833523750305,0.04257700964808464,0.7790599465370178,0.21843037009239197,0.042545340955257416,0.7832070589065552,0.21835945546627045,0.04249585047364235,0.7679053544998169,0.21945135295391083,0.0568368062376976,0.7663736939430237,0.22025884687900543,0.05679900199174881,0.7648166418075562,0.22082088887691498,0.056720443069934845,0.7990211844444275,0.22670970857143402,0.07920635491609573,0.7754005193710327,0.23320338129997253,0.14974166452884674,0.7734746932983398,0.2520134747028351,0.044419314712285995,0.7652878761291504,0.25246185064315796,0.06401701271533966,0.8357403874397278,0.3250183165073395,0.041033174842596054,0.7606484889984131,0.34505486488342285,0.18852385878562927,0.8561221957206726,0.4685961902141571,-0.03267228975892067,0.7350391745567322,0.47034767270088196,0.15904757380485535,0.792285144329071,0.4339302182197571,-0.08668752014636993,0.7120333909988403,0.44695866107940674,-0.02045973762869835,0.771344780921936,0.43468818068504333,-0.10266654193401337,0.6989928483963013,0.45230141282081604,-0.05395461246371269,0.7689325213432312,0.41863760352134705,-0.09375441819429398,0.7010747790336609,0.44156548380851746,-0.05911336466670036,0.7742830514907837,0.420226514339447,-0.08046909421682358,0.7060930132865906,0.4399884045124054,-0.029397055506706238,0.789565920829773,0.5679293274879456,-0.06708765029907227,0.7447463274002075,0.5489583015441895,0.06715689599514008,0.6704067587852478,0.6189138293266296,-0.19226215779781342,0.6445294618606567,0.5866531133651733,-0.07360367476940155,0.5569795370101929,0.7577828168869019,-0.3205711245536804,0.5321382284164429,0.7050513029098511,-0.21128800511360168,0.5463882088661194,0.804222047328949,-0.33456212282180786,0.5191216468811035,0.7493993043899536,-0.22713840007781982,0.48763689398765564,0.7292922735214233,-0.4275607466697693,0.4660360813140869,0.6652386784553528,-0.28795188665390015,0,1
0.7614002227783203,0.23403659462928772,-0.008022305555641651,0.7698811292648315,0.2184530645608902,-0.00349073251709342,0.7738927006721497,0.21818993985652924,-0.0035394448786973953,0.778453528881073,0.21772530674934387,-0.00356493704020977,0.7626872062683105,0.21947121620178223,0.012755915522575378,0.7613534927368164,0.2201206386089325,0.012693027965724468,0.7601365447044373,0.22060352563858032,0.012605234980583191,0.7954881191253662,0.22619637846946716,0.026670169085264206,0.7682191729545593,0.23171429336071014,0.10141517221927643,0.7697614431381226,0.2536301612854004,0.002620209474116564,0.7607115507125854,0.25398901104927063,0.02453971840441227,0.8317869305610657,0.3304729163646698,-0.012743478640913963,0.7534212470054626,0.3460186719894409,0.16839680075645447,0.8229135274887085,0.4785732626914978,-0.08363134413957596,0.7234103083610535,0.47055408358573914,0.17340940237045288,0.7500431537628174,0.4355184733867645,-0.14763183891773224,0.6737240552902222,0.44816887378692627,0.028956826776266098,0.7271522879600525,0.4368678629398346,-0.16756492853164673,0.6551748514175415,0.4495808184146881,0.0020032799802720547,0.7246308922767639,0.423816055059433,-0.1583612710237503,0.6567173600196838,0.43926647305488586,-0.016447026282548904,0.7324331998825073,0.4234042763710022,-0.14226511120796204,0.6629815697669983,0.4398250877857208,0.014622809365391731,0.787744402885437,0.5696377754211426,-0.06651010364294052,0.7421737909317017,0.5532822012901306,0.0665893703699112,0.6714216470718384,0.615225076675415,-0.22428032755851746,0.6451848745346069,0.5894772410392761,-0.09468633681535721,0.5599719285964966,0.7629390954971313,-0.3543485999107361,0.5290240049362183,0.7045697569847107,-0.23522046208381653,0.5490126013755798,0.8063541054725647,-0.3674265742301941,0.5178676843643188,0.7403454184532166,-0.25097987055778503,0.4951135218143463,0.7457189559936523,-0.4574737548828125,0.46595439314842224,0.6658756732940674,-0.31492874026298523,0,1
0.7400205135345459,0.23395483195781708,-0.08424390107393265,0.7500148415565491,0.2189691960811615,-0.07631613314151764,0.7543231844902039,0.2187999039888382,-0.07632875442504883,0.7587935328483582,0.21856056153774261,-0.07625187188386917,0.7420144081115723,0.2192123383283615,-0.06242408603429794,0.7400914430618286,0.2193664163351059,-0.06252679973840714,0.7383185625076294,0.21951554715633392,-0.06263160705566406,0.7729052305221558,0.22950147092342377,-0.03261646255850792,0.7453277111053467,0.2297452986240387,0.028017614036798477,0.7459925413131714,0.25495874881744385,-0.06885916739702225,0.7376809120178223,0.2546254098415375,-0.051116395741701126,0.7960323095321655,0.3348369002342224,-0.10178501904010773,0.7229553461074829,0.344226598739624,0.12705430388450623,0.7486959099769592,0.4637881815433502,-0.16656966507434845,0.6609299778938293,0.43410131335258484,0.1498284637928009,0.6723906993865967,0.5006986856460571,-0.2129351645708084,0.5998122096061707,0.45804235339164734,0.08098132908344269,0.6527597308158875,0.5151580572128296,-0.238851398229599,0.5855562090873718,0.47013145685195923,0.06871998310089111,0.6511679887771606,0.5057265162467957,-0.23764531314373016,0.586048424243927,0.46921783685684204,0.041840504854917526,0.6527464985847473,0.49942636489868164,-0.2116595059633255,0.5921110510826111,0.46692875027656555,0.06583993881940842,0.7829967737197876,0.5716651678085327,-0.07425437867641449,0.7381588220596313,0.5505980849266052,0.07424141466617584,0.6663831472396851,0.5910588502883911,-0.23537540435791016,0.6423212289810181,0.565598726272583,-0.0987127497792244,0.5640796422958374,0.7562571167945862,-0.33287951350212097,0.5362411737442017,0.700291633605957,-0.20338919758796692,0.5528663992881775,0.8002848029136658,-0.34318774938583374,0.5360275506973267,0.7344719767570496,-0.21299465000629425,0.5093847513198853,0.7280904054641724,-0.442305326461792,0.48288923501968384,0.6701524257659912,-0.2905746400356293,0,1
0.7024437189102173,0.23237743973731995,-0.1968626081943512,0.7129650712013245,0.21869108080863953,-0.19201232492923737,0.7167453765869141,0.2188834547996521,-0.19196030497550964,0.7210351228713989,0.2189520299434662,-0.19187037646770477,0.707236647605896,0.2178795039653778,-0.17565016448497772,0.7062802314758301,0.21738459169864655,-0.17578835785388947,0.7052301168441772,0.21666763722896576,-0.1758614480495453,0.735427975654602,0.23250694572925568,-0.14238515496253967,0.711830735206604,0.22706818580627441,-0.06941503286361694,0.7054881453514099,0.2526162564754486,-0.17725753784179688,0.6993380188941956,0.24950766563415527,-0.15606597065925598,0.7505559325218201,0.3272593319416046,-0.18852289021015167,0.6870545744895935,0.334465354681015,0.0624823160469532,0.6909108757972717,0.4421863555908203,-0.21672256290912628,0.6246377229690552,0.41387858986854553,0.12037600576877594,0.6205816268920898,0.5221507549285889,-0.22492948174476624,0.559430718421936,0.4711841940879822,0.06873205304145813,0.6008597016334534,0.5405909419059753,-0.24926355481147766,0.5460353493690491,0.48705604672431946,0.05721893161535263,0.6005005240440369,0.5347709655761719,-0.24723772704601288,0.5453416109085083,0.48798418045043945,0.030133593827486038,0.6028808355331421,0.5284839272499084,-0.2234821766614914,0.5517880916595459,0.48558181524276733,0.056683916598558426,0.7661568522453308,0.5770442485809326,-0.09389019757509232,0.7271507382392883,0.5523139834403992,0.09385770559310913,0.6494611501693726,0.5722401738166809,-0.2600622773170471,0.620695948600769,0.5257121920585632,-0.0161499734967947,0.5562388300895691,0.747376561164856,-0.3271835148334503,0.538439929485321,0.6905328631401062,-0.047937605530023575,0.5536303520202637,0.797387421131134,-0.3345043957233429,0.5421294569969177,0.7224662899971008,-0.053070068359375,0.5046393871307373,0.7302439212799072,-0.43274545669555664,0.48536601662635803,0.6714909076690674,-0.10544247925281525,0,1
0.6610614061355591,0.23382042348384857,-0.3165387511253357,0.673376202583313,0.22090888023376465,-0.31357133388519287,0.6774612665176392,0.2224748581647873,-0.3135278820991516,0.6816153526306152,0.22420351207256317,-0.3135053813457489,0.6657390594482422,0.218017578125,-0.2963320016860962,0.6643874049186707,0.2169564813375473,-0.29649314284324646,0.663246214389801,0.21559779345989227,-0.29648080468177795,0.6955379247665405,0.24529311060905457,-0.25503578782081604,0.6754789352416992,0.23098818957805634,-0.17825934290885925,0.6647945046424866,0.25643542408943176,-0.2924402356147766,0.6575303077697754,0.2528285086154938,-0.2699718475341797,0.7035142183303833,0.33997756242752075,-0.2941886782646179,0.653936505317688,0.3336125612258911,-0.0056870440021157265,0.6398235559463501,0.4666314721107483,-0.3195449709892273,0.5890699625015259,0.41903969645500183,0.062248896807432175,0.5651932954788208,0.5367696285247803,-0.3254691958427429,0.5245264172554016,0.4898237884044647,0.0034350648056715727,0.5430757403373718,0.5477343797683716,-0.3636777997016907,0.5099011063575745,0.49859869480133057,0.006964287720620632,0.5400887727737427,0.542072594165802,-0.35307228565216064,0.5094901919364929,0.5023289918899536,-0.031224917620420456,0.5469139218330383,0.5372055768966675,-0.32212769985198975,0.515366792678833,0.5017825365066528,-0.014248132705688477,0.7527427077293396,0.5808255672454834,-0.10659550130367279,0.7199419736862183,0.5527934432029724,0.10655049234628677,0.6276718378067017,0.5360564589500427,-0.2510266602039337,0.6057815551757812,0.5139173865318298,0.09247923642396927,0.548863410949707,0.7283750772476196,-0.2682144045829773,0.5374231338500977,0.6849099397659302,0.10697511583566666,0.5487865209579468,0.7807377576828003,-0.27268922328948975,0.5392293334007263,0.7137951254844666,0.10531662404537201,0.4919837415218353,0.702673077583313,-0.3504336476325989,0.48461776971817017,0.6681399941444397,0.07033229619264603,0,1
0.6178640127182007,0.24593374133110046,-0.2422882616519928,0.6280863881111145,0.23266446590423584,-0.25114279985427856,0.6312946677207947,0.2343301922082901,-0.25113967061042786,0.6347211599349976,0.23580549657344818,-0.25114139914512634,0.6226902604103088,0.2305637151002884,-0.2294960767030716,0.6222118139266968,0.23022080957889557,-0.22965021431446075,0.6219813823699951,0.2297230362892151,-0.22963909804821014,0.6503674387931824,0.2548733949661255,-0.24066391587257385,0.637262761592865,0.24529914557933807,-0.14272542297840118,0.6223770380020142,0.2711383104324341,-0.23502250015735626,0.6168408393859863,0.26929622888565063,-0.20640385150909424,0.6684665679931641,0.359762579202652,-0.2812010645866394,0.6262296438217163,0.3505280911922455,-0.014183337800204754,0.5992917418479919,0.4903099834918976,-0.2999335825443268,0.5637690424919128,0.4374174475669861,0.03261999040842056,0.5197299718856812,0.5369513034820557,-0.29778093099594116,0.49960455298423767,0.5002474188804626,-0.010743378661572933,0.5002361536026001,0.5555523633956909,-0.3382677435874939,0.48541316390037537,0.5116525292396545,-0.006676331162452698,0.4976778030395508,0.545350968837738,-0.3217651844024658,0.4847569465637207,0.5119240880012512,-0.04570407792925835,0.5022979974746704,0.5406525731086731,-0.29318517446517944,0.4895927309989929,0.5114399194717407,-0.028386414051055908,0.734424352645874,0.5818860530853271,-0.10363481193780899,0.7056849002838135,0.5571067929267883,0.10351765155792236,0.6086791157722473,0.513640284538269,-0.209720641374588,0.5799503922462463,0.49075445532798767,0.10170727968215942,0.5458810925483704,0.7263761758804321,-0.2095446139574051,0.5325733423233032,0.6814548373222351,0.11404502391815186,0.5513437986373901,0.7774662375450134,-0.2107703983783722,0.539661705493927,0.7166411280632019,0.11329056322574615,0.483510822057724,0.7041205763816833,-0.2639872133731842,0.4854584336280823,0.6874919533729553,0.09328906238079071,0,1
0.5804808139801025,0.26548144221305847,-0.23053514957427979,0.5895813703536987,0.2506466507911682,-0.23477371037006378,0.5925751328468323,0.2509813606739044,-0.2347744256258011,0.595673680305481,0.2519632875919342,-0.23477330803871155,0.584433913230896,0.2504260838031769,-0.2145313024520874,0.5838283896446228,0.2505068778991699,-0.21466875076293945,0.5834254622459412,0.2505265772342682,-0.21468253433704376,0.6116792559623718,0.26952996850013733,-0.23605914413928986,0.5989803075790405,0.2639137804508209,-0.1200823038816452,0.5855721831321716,0.2888772487640381,-0.22004318237304688,0.5801091194152832,0.2879635989665985,-0.19470536708831787,0.6410362720489502,0.36922889947891235,-0.2871223986148834,0.5946235656738281,0.36842966079711914,0.006494888104498386,0.5682393312454224,0.49768978357315063,-0.32601985335350037,0.5354471206665039,0.4708573520183563,0.05147119611501694,0.4829952120780945,0.5467595458030701,-0.3227503299713135,0.46720805764198303,0.5188522934913635,-0.01142545510083437,0.4599282741546631,0.5664963722229004,-0.366035521030426,0.44757670164108276,0.5306641459465027,-0.005159864667803049,0.45593422651290894,0.5570796728134155,-0.34985727071762085,0.4462668299674988,0.5335155725479126,-0.05234016850590706,0.4621790051460266,0.5517855882644653,-0.31867972016334534,0.4544541835784912,0.5327312350273132,-0.028592849150300026,0.7164513468742371,0.5856733322143555,-0.10138805955648422,0.6863269805908203,0.5740053653717041,0.10128499567508698,0.5940459370613098,0.4974138140678406,-0.23068241775035858,0.5619611144065857,0.4779338538646698,0.12989455461502075,0.5379601716995239,0.7140103578567505,-0.22845983505249023,0.523103654384613,0.680496871471405,0.13523408770561218,0.5487505793571472,0.7696303725242615,-0.2292347252368927,0.5344850420951843,0.7150070071220398,0.13341422379016876,0.4739170968532562,0.7016295790672302,-0.2876281440258026,0.4775228500366211,0.6856281161308289,0.10781539976596832,0,1
0.5453140139579773,0.2806423306465149,-0.1638178825378418,0.5539954900741577,0.26505568623542786,-0.17705054581165314,0.5566715002059937,0.2649758756160736,-0.17705507576465607,0.5594310760498047,0.26493340730667114,-0.1770535707473755,0.5494765043258667,0.2651810646057129,-0.1501627266407013,0.5492881536483765,0.26523807644844055,-0.15029551088809967,0.549362063407898,0.2651587724685669,-0.15030232071876526,0.5762015581130981,0.2769813537597656,-0.17407329380512238,0.5648048520088196,0.27355700731277466,-0.06545307487249374,0.5515071749687195,0.30152472853660583,-0.16535013914108276,0.5465610027313232,0.3010733127593994,-0.13031086325645447,0.6086746454238892,0.3753999173641205,-0.23791928589344025,0.5625025629997253,0.3834230601787567,0.057002048939466476,0.5347561836242676,0.5089176893234253,-0.2626122534275055,0.49871426820755005,0.47905346751213074,0.07273118197917938,0.4436286985874176,0.5544958114624023,-0.2661066949367523,0.4272087514400482,0.5361711978912354,0.026509812101721764,0.419320285320282,0.5714491009712219,-0.30718013644218445,0.4079788327217102,0.5420178174972534,0.03559780493378639,0.4176316261291504,0.5580660700798035,-0.29106760025024414,0.4085341989994049,0.5410261154174805,-0.004119449760764837,0.4241434633731842,0.5547263622283936,-0.2620767056941986,0.4143497943878174,0.5426257848739624,0.008071552030742168,0.6934033632278442,0.5883130431175232,-0.09875454008579254,0.6646536588668823,0.5814926028251648,0.09864252805709839,0.5716838240623474,0.49654218554496765,-0.20532052218914032,0.5375288724899292,0.48240870237350464,0.15197166800498962,0.5288681387901306,0.7123834490776062,-0.18610820174217224,0.5202968120574951,0.6826539039611816,0.17500562965869904,0.5415843725204468,0.7660672664642334,-0.1851070374250412,0.5277457237243652,0.714984118938446,0.175205796957016,0.46875786781311035,0.7194443345069885,-0.2344822883605957,0.4711677134037018,0.699522078037262,0.1560942530632019,0,1
0.5199176073074341,0.28812286257743835,-0.12904010713100433,0.5272855162620544,0.270490437746048,-0.13871750235557556,0.5302659869194031,0.26980793476104736,-0.13870485126972198,0.5336611270904541,0.2694301903247833,-0.1386721432209015,0.5228812098503113,0.27113068103790283,-0.11515599489212036,0.5224931240081787,0.27091771364212036,-0.11528271436691284,0.5222392082214355,0.27052029967308044,-0.11529531329870224,0.550575852394104,0.2791140377521515,-0.14158126711845398,0.5387176871299744,0.2770616114139557,-0.0254244152456522,0.5271927118301392,0.30880868434906006,-0.12920470535755157,0.5218065977096558,0.3081892728805542,-0.09608810395002365,0.577377200126648,0.37733379006385803,-0.22291633486747742,0.5533000230789185,0.3858492076396942,0.10459377616643906,0.4925355017185211,0.5044230818748474,-0.2828224003314972,0.4778887629508972,0.4804474413394928,0.1340457648038864,0.40223580598831177,0.5507108569145203,-0.26494118571281433,0.40261945128440857,0.5332313776016235,0.06120960786938667,0.3795260190963745,0.5671956539154053,-0.31254127621650696,0.38299375772476196,0.5402550101280212,0.0650981217622757,0.37473419308662415,0.5559946894645691,-0.2833883464336395,0.3789704442024231,0.5411028861999512,0.029275620356202126,0.382333904504776,0.5520074367523193,-0.25577419996261597,0.3865680694580078,0.5414203405380249,0.043484874069690704,0.6686289310455322,0.5961836576461792,-0.10963690280914307,0.6517814993858337,0.591362476348877,0.10950224101543427,0.544042706489563,0.4843426048755646,-0.17309968173503876,0.5217398405075073,0.47375521063804626,0.1655922830104828,0.5229184627532959,0.7126691341400146,-0.09890784323215485,0.5181204676628113,0.6857997179031372,0.23688964545726776,0.5378800630569458,0.7667688727378845,-0.09316610544919968,0.5261858701705933,0.7180739641189575,0.24202661216259003,0.4620499014854431,0.7251887917518616,-0.1300075799226761,0.4649680256843567,0.7064719200134277,0.2269977629184723,0,1
0.5043479800224304,0.288166344165802,-0.17176273465156555,0.5115010142326355,0.2690044939517975,-0.17301763594150543,0.5151011347770691,0.26823630928993225,-0.1731003224849701,0.5187761783599854,0.26777344942092896,-0.17316420376300812,0.5052173137664795,0.2702614963054657,-0.14769914746284485,0.5038601160049438,0.2701816260814667,-0.14776045083999634,0.5024231672286987,0.2698516547679901,-0.14775244891643524,0.5349594354629517,0.2773497402667999,-0.14715342223644257,0.5158756971359253,0.27461114525794983,-0.029628997668623924,0.5130046606063843,0.30871814489364624,-0.1534872204065323,0.5053607225418091,0.3089935779571533,-0.1222379058599472,0.5578101873397827,0.3708416521549225,-0.22339968383312225,0.5339443683624268,0.3837628662586212,0.12263001501560211,0.4702969193458557,0.4829893410205841,-0.29545578360557556,0.4596407413482666,0.4730544984340668,0.1465904861688614,0.3790179491043091,0.537871778011322,-0.2829018235206604,0.38210806250572205,0.5297280550003052,0.0581984743475914,0.35588088631629944,0.5567893385887146,-0.3296636641025543,0.36111921072006226,0.5378186702728271,0.060092102736234665,0.35152384638786316,0.5519762635231018,-0.3075407147407532,0.3578845262527466,0.5389378666877747,0.020045015960931778,0.3595874607563019,0.5462795495986938,-0.27628812193870544,0.3648427426815033,0.5388597846031189,0.038312338292598724,0.6467969417572021,0.5968633890151978,-0.1114475354552269,0.629170835018158,0.5970298647880554,0.11111386865377426,0.523025393486023,0.46917763352394104,-0.1479366421699524,0.5044353604316711,0.4633347690105438,0.15804843604564667,0.5203304886817932,0.6987059116363525,-0.03511947765946388,0.5191781520843506,0.6834927201271057,0.20729205012321472,0.5368484854698181,0.755768895149231,-0.023695729672908783,0.5446230173110962,0.7164524793624878,0.21046563982963562,0.46394848823547363,0.7100833654403687,-0.04142152518033981,0.4827750623226166,0.7111290097236633,0.19576673209667206,0,1
0.4979969561100006,0.28742969036102295,-0.2907090485095978,0.5063748955726624,0.26773008704185486,-0.2907659411430359,0.5108698010444641,0.26726165413856506,-0.29081621766090393,0.5152925252914429,0.2669716775417328,-0.2908673882484436,0.4963557720184326,0.2690109610557556,-0.2661098837852478,0.4937388300895691,0.2691613435745239,-0.26619017124176025,0.4911595284938812,0.26906853914260864,-0.2662031948566437,0.5304406881332397,0.27113014459609985,-0.2318176031112671,0.5007989406585693,0.2737281024456024,-0.12072024494409561,0.5090752243995667,0.30830928683280945,-0.26529163122177124,0.4973919987678528,0.3096641004085541,-0.23310621082782745,0.5490217208862305,0.36530637741088867,-0.2838650047779083,0.51714026927948,0.3803848624229431,0.048135701566934586,0.4555191099643707,0.47073885798454285,-0.3603716492652893,0.4413827359676361,0.4603583514690399,0.06208056956529617,0.3574766516685486,0.5274353623390198,-0.37660104036331177,0.3578624427318573,0.518706738948822,-0.03949683532118797,0.33461689949035645,0.5509306788444519,-0.428000271320343,0.33377864956855774,0.5295184254646301,-0.05052626132965088,0.3305619955062866,0.5459890365600586,-0.4119698107242584,0.3322841227054596,0.5307008028030396,-0.09050701558589935,0.33864134550094604,0.5384684801101685,-0.3732021152973175,0.34195706248283386,0.530722975730896,-0.06080545857548714,0.6310816407203674,0.601472795009613,-0.1125401109457016,0.6096322536468506,0.6009466052055359,0.11212457716464996,0.505729615688324,0.4734097719192505,-0.1791655570268631,0.4867594838142395,0.46128883957862854,0.2097751349210739,0.5292537212371826,0.6959396004676819,-0.0857783630490303,0.5273157954216003,0.6766795516014099,0.316403329372406,0.5483942627906799,0.7468608617782593,-0.07716090977191925,0.548421323299408,0.692504346370697,0.32638028264045715,0.47152194380760193,0.717416524887085,-0.10367466509342194,0.49156326055526733,0.7011810541152954,0.3266090452671051,0,1
0.49786311388015747,0.28619980812072754,-0.3128191828727722,0.5071994066238403,0.265400767326355,-0.308979332447052,0.5120084285736084,0.2638109028339386,-0.30902180075645447,0.5170808434486389,0.2624272108078003,-0.30906131863594055,0.49502164125442505,0.2684824466705322,-0.28634023666381836,0.49074587225914,0.2689189612865448,-0.28640860319137573,0.48697566986083984,0.26876190304756165,-0.28642386198043823,0.5294643044471741,0.2657286822795868,-0.2380238026380539,0.49090251326560974,0.27341291308403015,-0.13530336320400238,0.5105754137039185,0.30699390172958374,-0.28302082419395447,0.49403005838394165,0.3087698221206665,-0.25372159481048584,0.5408278703689575,0.36349204182624817,-0.2901837229728699,0.5058609247207642,0.37296125292778015,0.03120659664273262,0.44250115752220154,0.47218212485313416,-0.36744946241378784,0.42810001969337463,0.45818838477134705,0.03844735026359558,0.33900269865989685,0.5284807682037354,-0.389038622379303,0.33896344900131226,0.5281797647476196,-0.054542578756809235,0.3145729899406433,0.5525281429290771,-0.4401583671569824,0.31613239645957947,0.5427724719047546,-0.06316454708576202,0.31263530254364014,0.5469045639038086,-0.4187723994255066,0.3147439658641815,0.5445447564125061,-0.1049308180809021,0.3192996084690094,0.5414903163909912,-0.38423097133636475,0.31996214389801025,0.5452737212181091,-0.07670192420482635,0.6213315725326538,0.6047141551971436,-0.11399932950735092,0.5989136099815369,0.6051687598228455,0.11351730674505234,0.4945363402366638,0.47506004571914673,-0.17620649933815002,0.4744057059288025,0.4747669994831085,0.23173744976520538,0.5309284925460815,0.711694061756134,-0.05012946203351021,0.5339804887771606,0.6690492630004883,0.32557469606399536,0.5547529458999634,0.748623251914978,-0.03565081208944321,0.5516525506973267,0.6981503963470459,0.33518290519714355,0.479973703622818,0.7445019483566284,-0.042661674320697784,0.5030556917190552,0.7091659307479858,0.3361867666244507,0,1
0.5004063248634338,0.28618842363357544,-0.2892552614212036,0.5083829760551453,0.26533985137939453,-0.2859014868736267,0.5134772062301636,0.2636241912841797,-0.2859385907649994,0.5184857249259949,0.26168093085289,-0.2859618067741394,0.4959832727909088,0.26822629570961,-0.26455098390579224,0.49248138070106506,0.26876363158226013,-0.2646098732948303,0.4889982342720032,0.26909339427948,-0.2646135985851288,0.5286009907722473,0.2649695575237274,-0.2071157991886139,0.4881180226802826,0.2761842906475067,-0.1281554400920868,0.5119085907936096,0.3068971335887909,-0.26206105947494507,0.49592143297195435,0.31051310896873474,-0.23283140361309052,0.5391964316368103,0.35873785614967346,-0.2587832808494568,0.5048655867576599,0.3726905286312103,0.04996000602841377,0.44921985268592834,0.4681256115436554,-0.33890852332115173,0.43616724014282227,0.4616069495677948,0.04789773374795914,0.3476255238056183,0.52996426820755,-0.3512786030769348,0.35343509912490845,0.5353738069534302,-0.05391784384846687,0.32421427965164185,0.5545433759689331,-0.39224833250045776,0.3320114016532898,0.5517275333404541,-0.06385020911693573,0.32022973895072937,0.5534953474998474,-0.3683619499206543,0.32993775606155396,0.5544799566268921,-0.1014283150434494,0.32815372943878174,0.5476953387260437,-0.3437627851963043,0.3370932936668396,0.5525721907615662,-0.07452686131000519,0.6195432543754578,0.6011830568313599,-0.11341015994548798,0.598054051399231,0.6049666404724121,0.11287102848291397,0.48564639687538147,0.483537882566452,-0.14956629276275635,0.4692477583885193,0.49409666657447815,0.19807173311710358,0.5328022837638855,0.7123246192932129,-0.009147140197455883,0.5358399152755737,0.6709431409835815,0.2348952740430832,0.5583658218383789,0.7431737184524536,0.00740321259945631,0.5562378168106079,0.6974635124206543,0.2391280233860016,0.4862680435180664,0.7655113935470581,0.008506438694894314,0.5125637054443359,0.7345390915870667,0.23905162513256073,0,1
0.5117229223251343,0.2844255268573761,-0.2523868680000305,0.5175455808639526,0.26288333535194397,-0.24473047256469727,0.5222772359848022,0.26026737689971924,-0.24477557837963104,0.5265318155288696,0.2575915455818176,-0.2447754144668579,0.5036584138870239,0.26691484451293945,-0.2275601327419281,0.49899834394454956,0.2679031193256378,-0.22761571407318115,0.4950535297393799,0.26869791746139526,-0.2276361733675003,0.531781792640686,0.2632664442062378,-0.15947872400283813,0.49293217062950134,0.27785664796829224,-0.08678625524044037,0.5208949446678162,0.30476030707359314,-0.2192864865064621,0.5042003393173218,0.3099409341812134,-0.1974773108959198,0.5427541732788086,0.35384371876716614,-0.21590662002563477,0.5069688558578491,0.3752986192703247,0.07903721183538437,0.4513487219810486,0.4668377637863159,-0.29551634192466736,0.4408794343471527,0.4704550802707672,0.03226751834154129,0.35200372338294983,0.5324592590332031,-0.3107515871524811,0.3657880425453186,0.5362625122070312,-0.09763859212398529,0.32682961225509644,0.556301474571228,-0.35213586688041687,0.3388696312904358,0.553091287612915,-0.11380898952484131,0.32437223196029663,0.5550645589828491,-0.3319486975669861,0.3409636616706848,0.5526949763298035,-0.1447378695011139,0.33222752809524536,0.5494674444198608,-0.3052446246147156,0.34947603940963745,0.5509256720542908,-0.11658068746328354,0.6224251985549927,0.5960863828659058,-0.10878193378448486,0.5975359678268433,0.6053512096405029,0.10814876854419708,0.4942646026611328,0.48257163166999817,-0.17248663306236267,0.4756395220756531,0.4929576516151428,0.20840740203857422,0.5317689180374146,0.7165406942367554,-0.08725522458553314,0.5389931201934814,0.6755387783050537,0.22507616877555847,0.555863082408905,0.7516046166419983,-0.07640229165554047,0.5592725872993469,0.6995577812194824,0.22598376870155334,0.4793103337287903,0.7637242674827576,-0.1075543612241745,0.5112320184707642,0.7345945835113525,0.203844353556633,0,1
0.5340368747711182,0.2773307263851166,-0.2467435896396637,0.5396696329116821,0.2563246190547943,-0.23767077922821045,0.5440524220466614,0.25451284646987915,-0.23769600689411163,0.5482702255249023,0.2530500292778015,-0.2376747876405716,0.5262075662612915,0.26035934686660767,-0.22169411182403564,0.521828293800354,0.2613869905471802,-0.2217729091644287,0.5181663632392883,0.26239046454429626,-0.22181221842765808,0.5526277422904968,0.25918126106262207,-0.15100711584091187,0.5134664177894592,0.27169644832611084,-0.08011410385370255,0.5430152416229248,0.2966081202030182,-0.21229514479637146,0.5265870094299316,0.3020791709423065,-0.19173304736614227,0.5654112100601196,0.34607160091400146,-0.20093171298503876,0.515582263469696,0.3757207691669464,0.04987704008817673,0.4852818548679352,0.4622291028499603,-0.28580254316329956,0.4535503387451172,0.4699998199939728,0.01828816905617714,0.38676244020462036,0.5222302675247192,-0.32191216945648193,0.37584739923477173,0.5292247533798218,-0.11348606646060944,0.36398616433143616,0.5484273433685303,-0.3641716241836548,0.35726600885391235,0.5483812093734741,-0.12861944735050201,0.3590778708457947,0.5449165105819702,-0.3487260639667511,0.3553363084793091,0.549544095993042,-0.16249491274356842,0.368461549282074,0.5371360182762146,-0.3189794719219208,0.3617873787879944,0.5456766486167908,-0.1333204209804535,0.631085216999054,0.5910743474960327,-0.10012342780828476,0.6015108823776245,0.6060110330581665,0.09951520711183548,0.5136343836784363,0.4797280728816986,-0.2052401602268219,0.48556241393089294,0.5011798143386841,0.15937015414237976,0.530925989151001,0.7217735052108765,-0.14569994807243347,0.5371817946434021,0.6883848309516907,0.15065690875053406,0.5504626035690308,0.7635044455528259,-0.13845883309841156,0.5586724877357483,0.7062849402427673,0.1490483582019806,0.4737682342529297,0.7679554224014282,-0.18196363747119904,0.5073044300079346,0.740047812461853,0.11767121404409409,0,1
0.5691180229187012,0.2677624523639679,-0.2353825569152832,0.5743626356124878,0.24827580153942108,-0.22712621092796326,0.5786320567131042,0.2473580241203308,-0.227142333984375,0.5829695463180542,0.24677185714244843,-0.22711189091205597,0.561062216758728,0.251290887594223,-0.21406081318855286,0.5568340420722961,0.2517549395561218,-0.21416357159614563,0.5527838468551636,0.25283950567245483,-0.2142144739627838,0.5866960287094116,0.2540389895439148,-0.14812049269676208,0.548305332660675,0.2627639174461365,-0.08860858529806137,0.5781323313713074,0.2863769233226776,-0.20300500094890594,0.5602608323097229,0.29156655073165894,-0.18605086207389832,0.5992319583892822,0.3401837944984436,-0.1997489035129547,0.5392175316810608,0.3701227009296417,0.041628189384937286,0.5154359936714172,0.45082080364227295,-0.2814895510673523,0.48593005537986755,0.46378093957901,0.017571618780493736,0.415731281042099,0.5021949410438538,-0.3184663653373718,0.4082174301147461,0.5071319341659546,-0.1063782349228859,0.39282625913619995,0.5267433524131775,-0.35884732007980347,0.38997775316238403,0.5220332741737366,-0.12558111548423767,0.38842689990997314,0.521436333656311,-0.3452799916267395,0.38874876499176025,0.5229539275169373,-0.15423478186130524,0.395598828792572,0.516518771648407,-0.3158210813999176,0.3955722451210022,0.5221385359764099,-0.1242554560303688,0.6518204808235168,0.5936294794082642,-0.10107415914535522,0.6164783239364624,0.6068391799926758,0.10052759945392609,0.5349908471107483,0.478252112865448,-0.20458874106407166,0.507327139377594,0.4961535930633545,0.14844833314418793,0.5196073055267334,0.7318874001502991,-0.19929488003253937,0.5175741910934448,0.6893623471260071,0.1300240457057953,0.5337061285972595,0.7827655076980591,-0.1988682597875595,0.5279974937438965,0.7191067337989807,0.12710170447826385,0.46044936776161194,0.7427753806114197,-0.2657095491886139,0.46592479944229126,0.7139099836349487,0.08894195407629013,0,1
0.6079856157302856,0.25891464948654175,-0.2187395542860031,0.614322304725647,0.2403402179479599,-0.2103167474269867,0.6188660264015198,0.24040454626083374,-0.21033048629760742,0.6221290230751038,0.2411288619041443,-0.21029309928417206,0.6001084446907043,0.24006174504756927,-0.1962282806634903,0.5951864719390869,0.23923596739768982,-0.1963156759738922,0.5909239649772644,0.23907892405986786,-0.19635699689388275,0.6254227757453918,0.247822567820549,-0.12749963998794556,0.5867442488670349,0.24948284029960632,-0.052950598299503326,0.6162708401679993,0.27801206707954407,-0.18561877310276031,0.5978459715843201,0.280830442905426,-0.16645316779613495,0.636293888092041,0.33817601203918457,-0.17779739201068878,0.5702711939811707,0.35993435978889465,0.054231852293014526,0.5568330883979797,0.4400993883609772,-0.2723924517631531,0.5128519535064697,0.4547533392906189,0.008905535563826561,0.4671863913536072,0.4817393720149994,-0.335781991481781,0.4462060034275055,0.4941878020763397,-0.144998699426651,0.44492802023887634,0.49976375699043274,-0.37791889905929565,0.4276816248893738,0.5049698948860168,-0.1676396131515503,0.4397669732570648,0.49512773752212524,-0.3672192692756653,0.4278546869754791,0.503909170627594,-0.1957564502954483,0.44639110565185547,0.4909760355949402,-0.3345028758049011,0.43504247069358826,0.5035027861595154,-0.1623971164226532,0.6744399666786194,0.5957021713256836,-0.10062501579523087,0.634365975856781,0.6041355133056641,0.10013501346111298,0.5632520318031311,0.47601959109306335,-0.24660666286945343,0.5303630828857422,0.4916988015174866,0.08529853820800781,0.5245516896247864,0.7256275415420532,-0.27778398990631104,0.5172678828239441,0.7043524384498596,0.02590792253613472,0.5330419540405273,0.7830626368522644,-0.28075602650642395,0.5278829336166382,0.7393838763237,0.01873369887471199,0.45964866876602173,0.7341015934944153,-0.3514140844345093,0.46820488572120667,0.7098502516746521,-0.026982057839632034,0,1
0.651964545249939,0.2521175742149353,-0.22653071582317352,0.6585205793380737,0.23452597856521606,-0.21153557300567627,0.6616790294647217,0.23529285192489624,-0.21152321994304657,0.6647638082504272,0.23610055446624756,-0.21145157516002655,0.6442455053329468,0.23118740320205688,-0.20508119463920593,0.6384698152542114,0.22971265017986298,-0.2052495926618576,0.6335142254829407,0.22849568724632263,-0.20529630780220032,0.6677185893058777,0.24323341250419617,-0.1134694367647171,0.6275871396064758,0.23871566355228424,-0.0807037279009819,0.6569448709487915,0.2736174166202545,-0.18689914047718048,0.6399323344230652,0.2731720805168152,-0.17888782918453217,0.676350474357605,0.33212658762931824,-0.1597927063703537,0.6051732301712036,0.3508079946041107,0.051944833248853683,0.6004266738891602,0.42889541387557983,-0.25591471791267395,0.5502781271934509,0.44319814443588257,-0.013314785435795784,0.5156936645507812,0.48077091574668884,-0.2986048758029938,0.49408799409866333,0.4880235493183136,-0.2215050756931305,0.49701181054115295,0.498963326215744,-0.33794841170310974,0.4742547571659088,0.5014753341674805,-0.2521485984325409,0.4907664358615875,0.49551740288734436,-0.34221720695495605,0.47586789727211,0.50318443775177,-0.2800321578979492,0.497750461101532,0.49106916785240173,-0.3032921254634857,0.48282599449157715,0.5001293420791626,-0.23969607055187225,0.7020969986915588,0.5930987000465393,-0.0982869565486908,0.6585580706596375,0.5896168351173401,0.09792657196521759,0.5951851606369019,0.4974643588066101,-0.29434511065483093,0.5516834259033203,0.4968641996383667,-0.018699850887060165,0.5309023261070251,0.725631058216095,-0.39378994703292847,0.51710045337677,0.7152950763702393,-0.15061718225479126,0.535415530204773,0.7912229895591736,-0.4042281210422516,0.527807354927063,0.7533214092254639,-0.16543997824192047,0.46907997131347656,0.7373122572898865,-0.49174705147743225,0.4663330912590027,0.7065675258636475,-0.23097744584083557,0,1
0.6926060318946838,0.24768929183483124,-0.28554216027259827,0.6986914873123169,0.23086823523044586,-0.27299124002456665,0.701701283454895,0.2317582666873932,-0.272991418838501,0.7046388387680054,0.23265206813812256,-0.27297526597976685,0.6864684820175171,0.22917136549949646,-0.264548659324646,0.6812799572944641,0.22816406190395355,-0.26469242572784424,0.6763790845870972,0.22702834010124207,-0.26468056440353394,0.7067950963973999,0.23975183069705963,-0.17973564565181732,0.6692522168159485,0.23591163754463196,-0.1420518159866333,0.6972399950027466,0.26900002360343933,-0.2496006041765213,0.6811980605125427,0.26760154962539673,-0.23858687281608582,0.7163801193237305,0.3283326327800751,-0.22896309196949005,0.6432968378067017,0.3438747525215149,0.003954536281526089,0.6528339385986328,0.42711034417152405,-0.34461668133735657,0.5892223715782166,0.43313950300216675,-0.05234048515558243,0.5695520639419556,0.4633603096008301,-0.4333570599555969,0.5339182019233704,0.4654425382614136,-0.2628750205039978,0.5481761693954468,0.4826606810092926,-0.4842468798160553,0.515691339969635,0.47883251309394836,-0.2921457290649414,0.5419939756393433,0.47721052169799805,-0.4750939905643463,0.5144034624099731,0.4802837669849396,-0.32191866636276245,0.5502039194107056,0.4729163348674774,-0.4331546425819397,0.5216562747955322,0.4772385060787201,-0.28188371658325195,0.7328659296035767,0.5806650519371033,-0.09918125718832016,0.6921020746231079,0.5671705603599548,0.0989718958735466,0.6123846769332886,0.5151622295379639,-0.2783089876174927,0.579247772693634,0.4931960999965668,0.01670515350997448,0.542467474937439,0.7246922850608826,-0.3241369128227234,0.5217773914337158,0.7111791968345642,-0.11947675794363022,0.5459738373756409,0.7889118790626526,-0.32919853925704956,0.5241886377334595,0.7549838423728943,-0.13590563833713531,0.49539613723754883,0.7301716208457947,-0.4087325632572174,0.46549057960510254,0.6966564059257507,-0.1666431427001953,0,1
0.7281081676483154,0.24632899463176727,-0.09231023490428925,0.7337172031402588,0.2294544279575348,-0.0775490552186966,0.7376121878623962,0.22988194227218628,-0.07753361761569977,0.7413133382797241,0.23046478629112244,-0.07748699933290482,0.7215185761451721,0.2291305512189865,-0.0694754496216774,0.716765820980072,0.2287246733903885,-0.06957150995731354,0.7122941017150879,0.2279932200908661,-0.06960488855838776,0.7440382242202759,0.23737743496894836,0.011123498901724815,0.704301655292511,0.23675692081451416,0.0485810823738575,0.7340293526649475,0.2672386169433594,-0.05888531357049942,0.7203198075294495,0.2667713761329651,-0.04812726750969887,0.7619041204452515,0.3180690407752991,-0.056853435933589935,0.6845644116401672,0.33650222420692444,0.16133451461791992,0.6914530992507935,0.40909528732299805,-0.1788634955883026,0.6275097131729126,0.4157840609550476,0.09516076743602753,0.6089105010032654,0.43969985842704773,-0.2734059989452362,0.5749170780181885,0.44214481115341187,-0.12921419739723206,0.5879808664321899,0.45302459597587585,-0.3106921315193176,0.5484399795532227,0.45558249950408936,-0.1575929820537567,0.5834420323371887,0.4455355405807495,-0.30247628688812256,0.5490704774856567,0.45240068435668945,-0.18129588663578033,0.5901170969009399,0.44377610087394714,-0.2720980644226074,0.5606276988983154,0.44863754510879517,-0.14591598510742188,0.7548256516456604,0.5787729620933533,-0.09408695995807648,0.7155937552452087,0.564595639705658,0.09391964226961136,0.6271936893463135,0.5368334650993347,-0.2401593178510666,0.6009393930435181,0.5083461403846741,-0.0069103604182600975,0.5480972528457642,0.728114902973175,-0.31332314014434814,0.5235894918441772,0.7033064961433411,-0.09943749010562897,0.5490677356719971,0.7868188619613647,-0.31879156827926636,0.5239723324775696,0.7391161322593689,-0.11074600368738174,0.4967579245567322,0.7341479659080505,-0.3979007303714752,0.46605563163757324,0.6883062720298767,-0.17474420368671417,0,1
