nose_x,nose_y,nose_z,left_eye_inner_x,left_eye_inner_y,left_eye_inner_z,left_eye_x,left_eye_y,left_eye_z,left_eye_outer_x,left_eye_outer_y,left_eye_outer_z,right_eye_inner_x,right_eye_inner_y,right_eye_inner_z,right_eye_x,right_eye_y,right_eye_z,right_eye_outer_x,right_eye_outer_y,right_eye_outer_z,left_ear_x,left_ear_y,left_ear_z,right_ear_x,right_ear_y,right_ear_z,mouth_left_x,mouth_left_y,mouth_left_z,mouth_right_x,mouth_right_y,mouth_right_z,left_shoulder_x,left_shoulder_y,left_shoulder_z,right_shoulder_x,right_shoulder_y,right_shoulder_z,left_elbow_x,left_elbow_y,left_elbow_z,right_elbow_x,right_elbow_y,right_elbow_z,left_wrist_x,left_wrist_y,left_wrist_z,right_wrist_x,right_wrist_y,right_wrist_z,left_pinky_x,left_pinky_y,left_pinky_z,right_pinky_x,right_pinky_y,right_pinky_z,left_index_x,left_index_y,left_index_z,right_index_x,right_index_y,right_index_z,left_thumb_x,left_thumb_y,left_thumb_z,right_thumb_x,right_thumb_y,right_thumb_z,left_hip_x,left_hip_y,left_hip_z,right_hip_x,right_hip_y,right_hip_z,left_knee_x,left_knee_y,left_knee_z,right_knee_x,right_knee_y,right_knee_z,left_ankle_x,left_ankle_y,left_ankle_z,right_ankle_x,right_ankle_y,right_ankle_z,left_heel_x,left_heel_y,left_heel_z,right_heel_x,right_heel_y,right_heel_z,left_foot_index_x,left_foot_index_y,left_foot_index_z,right_foot_index_x,right_foot_index_y,right_foot_index_z,GOOD,BAD
0.6157461404800415,0.21079429984092712,-0.19070829451084137,0.6263611316680908,0.19319775700569153,-0.19725003838539124,0.6307939291000366,0.1928459107875824,-0.1972992867231369,0.6351978182792664,0.1926676481962204,-0.19731037318706512,0.618816077709198,0.1938716620206833,-0.1647605001926422,0.6176528930664062,0.19381728768348694,-0.16476404666900635,0.6165662407875061,0.193439319729805,-0.16478820145130157,0.6488114595413208,0.20544397830963135,-0.17881259322166443,0.6290603876113892,0.20101803541183472,-0.03129418566823006,0.6229196786880493,0.2335023283958435,-0.18311595916748047,0.6150866150856018,0.23362161219120026,-0.1400209665298462,0.6696993708610535,0.31084394454956055,-0.256237268447876,0.6183183789253235,0.3222087025642395,0.11626259982585907,0.582216203212738,0.39267095923423767,-0.364302396774292,0.551579475402832,0.39711126685142517,0.1519097536802292,0.4842611253261566,0.43306392431259155,-0.3977959156036377,0.4791344702243805,0.45128610730171204,0.04602929204702377,0.4651342034339905,0.44913601875305176,-0.4467690885066986,0.4637477397918701,0.4619380831718445,0.03435762599110603,0.46362853050231934,0.4482521414756775,-0.4325394630432129,0.4638100564479828,0.46646416187286377,-0.004503488074988127,0.4689734876155853,0.4470149874687195,-0.3936012387275696,0.46991395950317383,0.4649181365966797,0.024711109697818756,0.6725095510482788,0.5841861367225647,-0.11939726769924164,0.6399742364883423,0.5814922451972961,0.119112528860569,0.5539283752441406,0.4758341908454895,-0.2767561972141266,0.5328413248062134,0.4708068370819092,0.07061023265123367,0.5376085638999939,0.7104611396789551,-0.19371579587459564,0.5209265351295471,0.6859291791915894,0.06143365427851677,0.543703556060791,0.7631452083587646,-0.18394796550273895,0.5297362804412842,0.7256131768226624,0.05826251953840256,0.48290032148361206,0.720617413520813,-0.22942721843719482,0.46920737624168396,0.7044390439987183,0.01336921751499176,0,1
0.6302562355995178,0.20843732357025146,-0.19294968247413635,0.6409769058227539,0.19234707951545715,-0.19723878800868988,0.6447746753692627,0.19229820370674133,-0.1972862035036087,0.6485840082168579,0.19239354133605957,-0.19729240238666534,0.6346974968910217,0.1923489272594452,-0.16682791709899902,0.6336475014686584,0.1922682374715805,-0.1668557971715927,0.6328595876693726,0.19208481907844543,-0.16688314080238342,0.6630166172981262,0.20542354881763458,-0.1681237518787384,0.6438943147659302,0.20084592700004578,-0.03534743934869766,0.6366549134254456,0.23189790546894073,-0.1832161843776703,0.6294866800308228,0.23086699843406677,-0.14401787519454956,0.6821396946907043,0.3109005093574524,-0.24440321326255798,0.622285783290863,0.32323765754699707,0.10029659420251846,0.607214093208313,0.392635315656662,-0.37277597188949585,0.5523775815963745,0.39711427688598633,0.13301898539066315,0.5081726908683777,0.42983436584472656,-0.45067086815834045,0.48235782980918884,0.449383407831192,0.023684751242399216,0.4891492426395416,0.44615745544433594,-0.5007902383804321,0.46592873334884644,0.4576461911201477,0.00860863272100687,0.4866340160369873,0.44412028789520264,-0.48620232939720154,0.4663565754890442,0.4590087831020355,-0.030358439311385155,0.4928440451622009,0.44201016426086426,-0.44748562574386597,0.47324734926223755,0.4588189125061035,0.0022640738170593977,0.6811537742614746,0.5866904854774475,-0.1144694834947586,0.6440275311470032,0.5815423130989075,0.11426755040884018,0.5723032355308533,0.4832642078399658,-0.32276052236557007,0.5362425446510315,0.4710962176322937,0.019815098494291306,0.5381618738174438,0.7121878862380981,-0.31042277812957764,0.5179514288902283,0.6869617104530334,-0.012955555692315102,0.5436905026435852,0.7667034864425659,-0.3091069459915161,0.5256035327911377,0.7249007225036621,-0.019111033529043198,0.4829917550086975,0.7197363376617432,-0.38301581144332886,0.46197056770324707,0.6971062421798706,-0.07875259220600128,0,1
0.652329683303833,0.2091314047574997,-0.18263202905654907,0.6630197167396545,0.19346994161605835,-0.17771296203136444,0.6665536165237427,0.1936866194009781,-0.17770229279994965,0.6708149313926697,0.19392992556095123,-0.17763352394104004,0.6560808420181274,0.19276122748851776,-0.15481054782867432,0.6548084020614624,0.19256310164928436,-0.15487758815288544,0.6537142992019653,0.19227991998195648,-0.1549253761768341,0.6856862902641296,0.20809027552604675,-0.12754963338375092,0.6633106470108032,0.20109623670578003,-0.023436736315488815,0.6590318083763123,0.23294828832149506,-0.16519390046596527,0.6502786874771118,0.23095360398292542,-0.13501909375190735,0.7025853395462036,0.31145647168159485,-0.20284554362297058,0.6399415135383606,0.323202908039093,0.10351137071847916,0.6285222768783569,0.38933631777763367,-0.3405502438545227,0.5757933855056763,0.3867841362953186,0.13016356527805328,0.5383033156394958,0.4191878139972687,-0.4262292981147766,0.5096891522407532,0.4329877495765686,0.010494338348507881,0.5155983567237854,0.43955540657043457,-0.4759928584098816,0.49132999777793884,0.4484553337097168,-0.005765347275882959,0.5136772394180298,0.43663889169692993,-0.46119117736816406,0.4925999045372009,0.45013388991355896,-0.04240594059228897,0.5199440717697144,0.43404054641723633,-0.42265844345092773,0.5007380247116089,0.4460024833679199,-0.009896734729409218,0.7038217782974243,0.5847774744033813,-0.10725410282611847,0.6647171974182129,0.5736150145530701,0.10707785189151764,0.5972283482551575,0.5092799067497253,-0.35452598333358765,0.5547453165054321,0.4756641387939453,-0.0057288408279418945,0.5404773354530334,0.7283647060394287,-0.38594213128089905,0.517343282699585,0.6907797455787659,-0.04327397048473358,0.5449539422988892,0.7840170860290527,-0.38928186893463135,0.5256363749504089,0.7253090739250183,-0.04961443319916725,0.4891003966331482,0.7310355305671692,-0.4752443730831146,0.45930415391921997,0.6909231543540955,-0.10781721025705338,0,1
0.6705493330955505,0.2091638743877411,-0.14687693119049072,0.680316686630249,0.1935206949710846,-0.1406874656677246,0.6843660473823547,0.1937243938446045,-0.14067527651786804,0.68885338306427,0.19393639266490936,-0.14060500264167786,0.6731010675430298,0.1927928924560547,-0.12110234797000885,0.6717256903648376,0.19259613752365112,-0.12117375433444977,0.6705284118652344,0.19230283796787262,-0.12121878564357758,0.7049426436424255,0.20811127126216888,-0.093699611723423,0.680121898651123,0.2015381008386612,-0.004108770750463009,0.6781364679336548,0.23296329379081726,-0.13043896853923798,0.6690067648887634,0.23099327087402344,-0.1043722853064537,0.7236762642860413,0.3113383948802948,-0.16838344931602478,0.6603939533233643,0.3232651948928833,0.11191722005605698,0.6494622230529785,0.38403934240341187,-0.27044209837913513,0.5939375758171082,0.38270509243011475,0.14480748772621155,0.5574937462806702,0.4116668999195099,-0.3191681206226349,0.5320674777030945,0.4234859049320221,0.05093834549188614,0.5387776494026184,0.4306369423866272,-0.35237202048301697,0.509937047958374,0.43907153606414795,0.04256829991936684,0.53589928150177,0.42777884006500244,-0.3394037187099457,0.5106131434440613,0.4385177493095398,0.01056594867259264,0.5431287288665771,0.4234866201877594,-0.3145010471343994,0.5203191637992859,0.4334922432899475,0.033666662871837616,0.7222698926925659,0.5823215246200562,-0.09954489022493362,0.6838212609291077,0.5694757699966431,0.09936726838350296,0.6046810150146484,0.5170124769210815,-0.2857981324195862,0.569642186164856,0.4855670630931854,-0.004912503995001316,0.5418359041213989,0.7286264300346375,-0.3396758437156677,0.5159452557563782,0.6990901827812195,-0.08772628009319305,0.5451006889343262,0.7824438214302063,-0.34476780891418457,0.51469486951828,0.7427231073379517,-0.09811125695705414,0.48796361684799194,0.7223341464996338,-0.41931647062301636,0.4596850872039795,0.689703106880188,-0.1539764702320099,0,1
0.6905573606491089,0.21279551088809967,-0.13572387397289276,0.6995682120323181,0.19817009568214417,-0.12696683406829834,0.7035641074180603,0.19796928763389587,-0.12695138156414032,0.7080366015434265,0.19782111048698425,-0.12687399983406067,0.6920774579048157,0.19779209792613983,-0.10800707340240479,0.6905028223991394,0.19769832491874695,-0.10807478427886963,0.6889897584915161,0.19744867086410522,-0.1081065759062767,0.7240319848060608,0.2106626331806183,-0.06997235864400864,0.6984351277351379,0.20624849200248718,0.016161497682332993,0.698756992816925,0.23539823293685913,-0.1155535951256752,0.6891006827354431,0.23389531672000885,-0.09034202247858047,0.7418869733810425,0.3106285631656647,-0.1438513547182083,0.681984543800354,0.3232368528842926,0.14999829232692719,0.6671198606491089,0.37896478176116943,-0.23995451629161835,0.6193915009498596,0.380476176738739,0.22386515140533447,0.5806097388267517,0.408099502325058,-0.2974180579185486,0.5571922659873962,0.4196641147136688,0.16315707564353943,0.5602805018424988,0.425265371799469,-0.3298282325267792,0.5371035933494568,0.4333195090293884,0.16428342461585999,0.5586655139923096,0.42224910855293274,-0.31692227721214294,0.537223219871521,0.43205970525741577,0.13252505660057068,0.5664124488830566,0.41906988620758057,-0.2924412488937378,0.5466834306716919,0.4278113842010498,0.14772334694862366,0.736420750617981,0.5775440335273743,-0.10147956758737564,0.7002224922180176,0.561194121837616,0.10127685219049454,0.6139901280403137,0.5263570547103882,-0.27453547716140747,0.5866814851760864,0.49692031741142273,0.006856656167656183,0.541938066482544,0.7297981977462769,-0.3299948573112488,0.5188220739364624,0.698421061038971,-0.05633680894970894,0.5447297692298889,0.7820568680763245,-0.33554917573928833,0.5161297917366028,0.7428769469261169,-0.0649775043129921,0.48605942726135254,0.7115371823310852,-0.40991896390914917,0.4618454873561859,0.685867965221405,-0.11706231534481049,0,1
0.7094132900238037,0.2178308218717575,-0.11755958944559097,0.7180811166763306,0.2023172825574875,-0.11040321737527847,0.7219094038009644,0.2017442286014557,-0.11038925498723984,0.7260424494743347,0.2013324499130249,-0.11032500118017197,0.7100652456283569,0.20266948640346527,-0.0909368246793747,0.7081164717674255,0.2028408944606781,-0.09099254012107849,0.7066154479980469,0.20299032330513,-0.09102754294872284,0.7416762113571167,0.21343521773815155,-0.0569644495844841,0.7144289612770081,0.21203021705150604,0.033148232847452164,0.7179008722305298,0.2393464595079422,-0.09787872433662415,0.7080477476119995,0.23819416761398315,-0.0716136246919632,0.7640721797943115,0.3106119632720947,-0.13026383519172668,0.6998632550239563,0.3225395381450653,0.1565239131450653,0.6870679259300232,0.3760397732257843,-0.24920812249183655,0.6348758339881897,0.3803122639656067,0.20008711516857147,0.6069470643997192,0.405112624168396,-0.3208617866039276,0.5795720815658569,0.4154243767261505,0.11751077324151993,0.5864006876945496,0.4195752739906311,-0.35542231798171997,0.5550283789634705,0.4283215403556824,0.11390937864780426,0.584084153175354,0.4155213236808777,-0.34178248047828674,0.5554096102714539,0.42613649368286133,0.0755506306886673,0.5894788503646851,0.4135673940181732,-0.3162267506122589,0.5657551288604736,0.4229435920715332,0.09833614528179169,0.7446552515029907,0.5768516659736633,-0.10233932733535767,0.7064713835716248,0.5564435124397278,0.10215435922145844,0.6276067495346069,0.541860818862915,-0.276957631111145,0.5972227454185486,0.507344663143158,0.0022702275309711695,0.5448380708694458,0.7355986833572388,-0.3468000888824463,0.5205081701278687,0.6964644193649292,-0.061206042766571045,0.5448654890060425,0.7845197916030884,-0.3542013466358185,0.5165547132492065,0.7407734990119934,-0.06918131560087204,0.49304574728012085,0.7245913743972778,-0.43507322669029236,0.46639734506607056,0.6824852228164673,-0.12119575589895248,0,1
0.7285639047622681,0.23153471946716309,-0.06514975428581238,0.7363531589508057,0.21477459371089935,-0.0632442906498909,0.7401050925254822,0.21374450623989105,-0.06324313580989838,0.7442284822463989,0.21285396814346313,-0.06319926679134369,0.7285536527633667,0.21556848287582397,-0.041642673313617706,0.7269591689109802,0.21556057035923004,-0.04171348735690117,0.7256063222885132,0.21573121845722198,-0.041779980063438416,0.7578390836715698,0.21980641782283783,-0.027934011071920395,0.7337300181388855,0.22273209691047668,0.07149747014045715,0.7370873689651489,0.24952998757362366,-0.05129700154066086,0.727893054485321,0.24914686381816864,-0.02231130748987198,0.7857602834701538,0.31249505281448364,-0.10393927991390228,0.716204047203064,0.3228045105934143,0.17695094645023346,0.7185290455818176,0.384360671043396,-0.23682697117328644,0.6578714847564697,0.3822023272514343,0.19714899361133575,0.6381661891937256,0.40416663885116577,-0.32378166913986206,0.5937148928642273,0.411190927028656,0.07519605755805969,0.6158676147460938,0.4146299660205841,-0.35789376497268677,0.5744997262954712,0.4200242757797241,0.062383174896240234,0.6131383180618286,0.4094606935977936,-0.3473149836063385,0.5742989182472229,0.4171615242958069,0.03451105207204819,0.6206917762756348,0.4092974364757538,-0.32025378942489624,0.5826197862625122,0.41699060797691345,0.05808426812291145,0.7590870261192322,0.5749131441116333,-0.09995003789663315,0.7154712080955505,0.5550724267959595,0.09983040392398834,0.6389151811599731,0.5621984004974365,-0.26999545097351074,0.6092225909233093,0.5243945121765137,-0.022452743723988533,0.5491487383842468,0.7387144565582275,-0.34647127985954285,0.522049605846405,0.696213960647583,-0.09448206424713135,0.5467521548271179,0.7856908440589905,-0.35425642132759094,0.5151316523551941,0.73692786693573,-0.10293857008218765,0.4955640733242035,0.7249270081520081,-0.43646469712257385,0.4653623104095459,0.6725310683250427,-0.15940934419631958,0,1
0.7455979585647583,0.24840371310710907,0.006925818510353565,0.7517541646957397,0.232462078332901,0.003676504362374544,0.7562745809555054,0.23108157515525818,0.003671432612463832,0.76067054271698,0.2294643223285675,0.003726699622347951,0.7446615695953369,0.23512038588523865,0.025276655331254005,0.7431161999702454,0.23536016047000885,0.025182614102959633,0.7415621280670166,0.2355843037366867,0.025073161348700523,0.775274932384491,0.23082959651947021,0.014134516008198261,0.7512246370315552,0.23710009455680847,0.111446812748909,0.7559278011322021,0.2671757936477661,0.0117062171921134,0.7461338639259338,0.26979413628578186,0.04015474393963814,0.8073068857192993,0.3162054717540741,-0.06722874194383621,0.7377232313156128,0.32662057876586914,0.1901698261499405,0.7556854486465454,0.39520567655563354,-0.1945604532957077,0.6810632944107056,0.39266684651374817,0.20434896647930145,0.6740511059761047,0.4045847952365875,-0.28738337755203247,0.6168779134750366,0.41230714321136475,0.08809886872768402,0.652594804763794,0.41579264402389526,-0.3177796006202698,0.6003475785255432,0.42170578241348267,0.07353594899177551,0.6496965885162354,0.4109463095664978,-0.3112659156322479,0.6009736061096191,0.41931483149528503,0.05130652338266373,0.6581584215164185,0.410412460565567,-0.2848482131958008,0.6072389483451843,0.41864094138145447,0.0732242688536644,0.7732647061347961,0.5726635456085205,-0.08855824917554855,0.7286242246627808,0.55311119556427,0.08847862482070923,0.6477141976356506,0.5849038362503052,-0.2268839180469513,0.6200235486030579,0.5473279356956482,-0.043213196098804474,0.5519089698791504,0.7456526756286621,-0.3340345323085785,0.5255730748176575,0.6948850750923157,-0.13445329666137695,0.5453741550445557,0.7903220057487488,-0.3479016423225403,0.5152221918106079,0.7320689558982849,-0.14438839256763458,0.4954965114593506,0.7244895100593567,-0.43249472975730896,0.4653816223144531,0.6626309156417847,-0.19551843404769897,0,1
0.7566887736320496,0.27242279052734375,0.11769914627075195,0.7611050009727478,0.254514217376709,0.1156826764345169,0.7646812796592712,0.2528470456600189,0.11568482220172882,0.7688982486724854,0.2507457733154297,0.11570533365011215,0.7556629776954651,0.257517546415329,0.1396547257900238,0.7543835043907166,0.2579531967639923,0.13959011435508728,0.7531118392944336,0.25839483737945557,0.13954617083072662,0.7864567041397095,0.24774301052093506,0.11979760229587555,0.762478232383728,0.25766420364379883,0.2278328686952591,0.7659814357757568,0.28741365671157837,0.11887425184249878,0.7580880522727966,0.28880438208580017,0.1505100429058075,0.8219194412231445,0.31733953952789307,0.027117645367980003,0.7547621726989746,0.3345334231853485,0.2722572088241577,0.7908433079719543,0.40129390358924866,-0.10838820785284042,0.7001932859420776,0.41055265069007874,0.2603156268596649,0.7116691470146179,0.4047306478023529,-0.2171628475189209,0.6428645849227905,0.413570374250412,0.1269037127494812,0.6919819116592407,0.41633763909339905,-0.252202570438385,0.626735508441925,0.42226549983024597,0.10441198199987411,0.6866990327835083,0.4104262590408325,-0.2484077662229538,0.6279213428497314,0.41953545808792114,0.08332895487546921,0.6929843425750732,0.409756600856781,-0.21600241959095,0.6342110633850098,0.41904860734939575,0.11118930578231812,0.7786998152732849,0.5703060626983643,-0.08486279100179672,0.7374354600906372,0.5499488115310669,0.08487863838672638,0.6534613966941833,0.5966031551361084,-0.21452517807483673,0.6295503377914429,0.5620802044868469,-0.039122529327869415,0.5542639493942261,0.7521972060203552,-0.33370572328567505,0.5314229726791382,0.6951519250869751,-0.1342344433069229,0.5453706979751587,0.7965127825737,-0.3450987935066223,0.5239464640617371,0.7181389927864075,-0.14548324048519135,0.4960377812385559,0.7185723185539246,-0.4273742735385895,0.46707209944725037,0.6645220518112183,-0.20036137104034424,0,1
0.7477323412895203,0.28574153780937195,0.05016966536641121,0.751571774482727,0.2673662006855011,0.04449077695608139,0.7550272345542908,0.2650589346885681,0.04445115476846695,0.7591685056686401,0.262038916349411,0.04444658011198044,0.7466742992401123,0.270268976688385,0.06848900765180588,0.7459275722503662,0.27033767104148865,0.06845108419656754,0.7452939748764038,0.27065470814704895,0.06838798522949219,0.7762173414230347,0.251400887966156,0.05230950191617012,0.7576436400413513,0.2686866521835327,0.1835668683052063,0.7578824758529663,0.2972060739994049,0.048093654215335846,0.7518583536148071,0.30030858516693115,0.07977308332920074,0.8248759508132935,0.3154377341270447,-0.026359399780631065,0.7567021250724792,0.34215226769447327,0.19363397359848022,0.8125543594360352,0.42378678917884827,-0.1415662169456482,0.7250174283981323,0.4503963887691498,0.20432238280773163,0.7346052527427673,0.40480664372444153,-0.21273644268512726,0.6714920401573181,0.43817222118377686,0.08064031600952148,0.7148870229721069,0.4132486879825592,-0.24034669995307922,0.6560603380203247,0.4390908479690552,0.06044429540634155,0.7122901678085327,0.4045933187007904,-0.23502691090106964,0.6562163233757019,0.43349725008010864,0.03797706589102745,0.718633234500885,0.4036160707473755,-0.2096107006072998,0.6625078320503235,0.4341811239719391,0.06532637774944305,0.7787371873855591,0.5698224306106567,-0.0827113464474678,0.7392769455909729,0.5505988001823425,0.08284243196249008,0.6587299108505249,0.5979552865028381,-0.20757417380809784,0.6371598839759827,0.5697606205940247,-0.046009790152311325,0.5587509274482727,0.7544806003570557,-0.3210480213165283,0.5311892628669739,0.7015233039855957,-0.1623205840587616,0.5482434034347534,0.7978909015655518,-0.33209988474845886,0.52330482006073,0.7364813685417175,-0.1761360466480255,0.4982413351535797,0.7170328497886658,-0.4032328724861145,0.47148600220680237,0.6671838164329529,-0.23287741839885712,0,1
0.7136920094490051,0.27643921971321106,-0.020663412287831306,0.7180116176605225,0.25726234912872314,-0.03070584312081337,0.720992386341095,0.25575193762779236,-0.030742302536964417,0.7243311405181885,0.25341230630874634,-0.030770307406783104,0.713914692401886,0.2590354382991791,-0.004862741567194462,0.71369469165802,0.2590654492378235,-0.004892350174486637,0.7136517763137817,0.2595725357532501,-0.004949680529534817,0.7434864044189453,0.24281466007232666,-0.047627680003643036,0.7304559946060181,0.2602512836456299,0.07196222990751266,0.7244712114334106,0.2940501868724823,-0.02566349133849144,0.7206679582595825,0.29483065009117126,0.008909184485673904,0.8106226921081543,0.30779677629470825,-0.07851671427488327,0.7385568618774414,0.3367037773132324,0.13058818876743317,0.8298867344856262,0.44586867094039917,-0.1882978230714798,0.7189000844955444,0.4598117768764496,0.10973510891199112,0.7545784115791321,0.4021930694580078,-0.2619507610797882,0.6818475127220154,0.4364013969898224,-0.050533659756183624,0.7346479296684265,0.40671226382255554,-0.2857723832130432,0.6704787015914917,0.43748241662979126,-0.07779016345739365,0.7335902452468872,0.3891715705394745,-0.2661277651786804,0.6724944710731506,0.43034791946411133,-0.08876500278711319,0.738524317741394,0.3904021680355072,-0.2538393437862396,0.6761443614959717,0.4308016002178192,-0.061690546572208405,0.7756285667419434,0.5705438256263733,-0.08297315239906311,0.7356489896774292,0.5547758936882019,0.08314294368028641,0.658605694770813,0.5942090153694153,-0.2151867151260376,0.6360681056976318,0.568213164806366,-0.06843812763690948,0.5574119091033936,0.7537177801132202,-0.3224407136440277,0.5320717096328735,0.702912449836731,-0.18206509947776794,0.5475611686706543,0.7978280782699585,-0.33410415053367615,0.5225171446800232,0.7436525225639343,-0.19581350684165955,0.49584969878196716,0.7137286067008972,-0.410980761051178,0.47126832604408264,0.6673905849456787,-0.25696122646331787,0,1
0.6799098253250122,0.261123389005661,-0.0407552644610405,0.6865463256835938,0.24254177510738373,-0.04716946557164192,0.6900699734687805,0.2414460927248001,-0.04721705988049507,0.6941337585449219,0.23973043262958527,-0.04721386358141899,0.6819785833358765,0.24396485090255737,-0.02231062762439251,0.6816917061805725,0.2442198246717453,-0.022423090413212776,0.6815494298934937,0.24429616332054138,-0.02253977581858635,0.7121198773384094,0.238108828663826,-0.05461191013455391,0.6980248093605042,0.24928414821624756,0.058343153446912766,0.6895958185195923,0.28179481625556946,-0.04258539527654648,0.6845244765281677,0.2835264503955841,-0.009701617062091827,0.7672086954116821,0.3193352520465851,-0.08909214287996292,0.6924835443496704,0.3447696566581726,0.11601199209690094,0.7735438942909241,0.4724350869655609,-0.20549499988555908,0.6616352796554565,0.4591304063796997,0.10453937947750092,0.6994807124137878,0.4150451719760895,-0.29955193400382996,0.6232410669326782,0.43713200092315674,-0.05776183679699898,0.6776819825172424,0.4091249108314514,-0.3292490541934967,0.610073447227478,0.43673884868621826,-0.08578860014677048,0.6785998344421387,0.390991747379303,-0.3147537112236023,0.6080762147903442,0.4301106035709381,-0.10379184782505035,0.6828169226646423,0.3907884359359741,-0.29428499937057495,0.6152856945991516,0.43049630522727966,-0.0722280889749527,0.761492908000946,0.5705746412277222,-0.07677368819713593,0.7133939266204834,0.5576353669166565,0.07696804404258728,0.6540406942367554,0.5843687057495117,-0.27935075759887695,0.6253759860992432,0.5435304641723633,-0.14533457159996033,0.5570772290229797,0.7489653825759888,-0.39725932478904724,0.5361630320549011,0.7007226943969727,-0.26885607838630676,0.5490821003913879,0.7954502701759338,-0.4097103476524353,0.5283012390136719,0.7390495538711548,-0.2828466296195984,0.4974904954433441,0.7133384943008423,-0.5115162134170532,0.47646188735961914,0.6720148324966431,-0.3601919412612915,0,1
0.6374972462654114,0.2610536217689514,-0.16842594742774963,0.6460550427436829,0.24258136749267578,-0.17866995930671692,0.6497123837471008,0.24148429930210114,-0.17860615253448486,0.6539324522018433,0.23995114862918854,-0.17851540446281433,0.6404650211334229,0.24394312500953674,-0.15174806118011475,0.6400893926620483,0.24409443140029907,-0.15185734629631042,0.6399766802787781,0.24397633969783783,-0.1519007831811905,0.6714788675308228,0.24389290809631348,-0.18893390893936157,0.6568325757980347,0.24906189739704132,-0.06994902342557907,0.6464606523513794,0.28109708428382874,-0.17048600316047668,0.6404536962509155,0.2829147279262543,-0.13578395545482635,0.712234377861023,0.33578792214393616,-0.24617967009544373,0.6553182005882263,0.34428051114082336,0.034860752522945404,0.6462933421134949,0.4669542908668518,-0.3009813129901886,0.5873501300811768,0.4257800579071045,0.07294884324073792,0.5659592747688293,0.49616631865501404,-0.29575860500335693,0.5177439451217651,0.46449339389801025,-0.012020964175462723,0.5415818095207214,0.5006211400032043,-0.32533979415893555,0.5004091858863831,0.46498948335647583,-0.011237310245633125,0.5402866005897522,0.4940972328186035,-0.31742581725120544,0.49918681383132935,0.46524763107299805,-0.046157218515872955,0.5475199222564697,0.4931682050228119,-0.29175907373428345,0.5061265230178833,0.46710413694381714,-0.03244418278336525,0.7404069304466248,0.5773910284042358,-0.085283063352108,0.701379656791687,0.5568065643310547,0.08533819764852524,0.6312457919120789,0.5444236993789673,-0.2907131314277649,0.6030083894729614,0.512889564037323,-0.019359206780791283,0.5552198886871338,0.7419934868812561,-0.3520791530609131,0.5369113087654114,0.6882955431938171,-0.05023916810750961,0.5497710108757019,0.7902047634124756,-0.3572414517402649,0.5343619585037231,0.72572261095047,-0.05468021705746651,0.4945887625217438,0.7116706967353821,-0.44575944542884827,0.48411208391189575,0.682400643825531,-0.09630879759788513,0,1
0.595672607421875,0.27104222774505615,-0.13119220733642578,0.6025238633155823,0.2522779107093811,-0.14801564812660217,0.605437695980072,0.2515504062175751,-0.14797228574752808,0.6085860133171082,0.25047972798347473,-0.14790716767311096,0.598889172077179,0.25218597054481506,-0.11532615125179291,0.5991869568824768,0.25161075592041016,-0.11542858928442001,0.5997732877731323,0.2506884038448334,-0.11545685678720474,0.6271597743034363,0.2600467801094055,-0.1825755387544632,0.6162628531455994,0.2578360140323639,-0.03498673439025879,0.6051308512687683,0.28965696692466736,-0.1420639008283615,0.5996308922767639,0.2894808351993561,-0.09914837777614594,0.6664136648178101,0.34588128328323364,-0.2521701753139496,0.6297258138656616,0.34663549065589905,0.06632683426141739,0.5859567523002625,0.45041924715042114,-0.3165538012981415,0.5455489158630371,0.4211811125278473,0.09593807905912399,0.4951196312904358,0.47523075342178345,-0.30563315749168396,0.47191208600997925,0.4731839597225189,0.026817282661795616,0.47166457772254944,0.48447299003601074,-0.34290429949760437,0.45272547006607056,0.47460052371025085,0.026449615135788918,0.4683547914028168,0.47820088267326355,-0.3265528976917267,0.45067867636680603,0.4751288592815399,-0.00943772867321968,0.47543659806251526,0.4767559766769409,-0.3000063896179199,0.45785316824913025,0.47724831104278564,0.007503270171582699,0.7273141145706177,0.5775710344314575,-0.10255801677703857,0.6943379044532776,0.563147246837616,0.10256147384643555,0.6124463081359863,0.510103702545166,-0.27942776679992676,0.5820820331573486,0.49835628271102905,0.0702781155705452,0.5469202399253845,0.7268537878990173,-0.3096906542778015,0.530307412147522,0.6886799335479736,0.039249487221241,0.548708975315094,0.7767645120620728,-0.31435495615005493,0.5333424806594849,0.7235077023506165,0.034206949174404144,0.48787155747413635,0.6993013620376587,-0.3902001678943634,0.47857141494750977,0.6866149306297302,-0.0004082781670149416,0,1
0.5579625368118286,0.2884994447231293,-0.08317139744758606,0.5645507574081421,0.26694267988204956,-0.11607569456100464,0.566953182220459,0.26599806547164917,-0.11605532467365265,0.5694193840026855,0.2649925947189331,-0.11609198153018951,0.5615686774253845,0.26634228229522705,-0.07523021101951599,0.5618863701820374,0.26515838503837585,-0.07532666623592377,0.5624082088470459,0.2637763023376465,-0.07531767338514328,0.5877822637557983,0.2716177999973297,-0.15448127686977386,0.5791202783584595,0.26887816190719604,-0.0207073837518692,0.5659313201904297,0.3051028251647949,-0.10593388974666595,0.5612949132919312,0.3056998550891876,-0.05492452532052994,0.6267473697662354,0.3535234034061432,-0.2282906472682953,0.60096675157547,0.35796546936035156,0.11089584976434708,0.5409331917762756,0.4512495696544647,-0.3017449676990509,0.5184626579284668,0.4263261556625366,0.1567191183567047,0.4404183030128479,0.49282997846603394,-0.23444297909736633,0.4386943280696869,0.4745901823043823,0.10455480962991714,0.4236587584018707,0.5128030776977539,-0.27218616008758545,0.41988497972488403,0.4816778898239136,0.1117171198129654,0.42061862349510193,0.5057504177093506,-0.2498740404844284,0.41897645592689514,0.4838341474533081,0.07582482695579529,0.4249805510044098,0.501380443572998,-0.2266543209552765,0.42401814460754395,0.48761287331581116,0.08693231642246246,0.7080446481704712,0.5870904326438904,-0.11088111251592636,0.6848437786102295,0.5823653340339661,0.11074730008840561,0.5864475965499878,0.48812437057495117,-0.17773577570915222,0.5620027780532837,0.47963351011276245,0.16230829060077667,0.5351268649101257,0.7179988622665405,-0.13026975095272064,0.5272539854049683,0.6882590651512146,0.2063586711883545,0.5406897664070129,0.7705835103988647,-0.12588809430599213,0.5338267087936401,0.7257270812988281,0.20941166579723358,0.4645734429359436,0.6976092457771301,-0.16426530480384827,0.4773155748844147,0.7014133334159851,0.19497892260551453,0,1
0.5370526313781738,0.29918184876441956,-0.015302817337214947,0.5429394245147705,0.279384583234787,-0.03592963516712189,0.5453053712844849,0.27845498919487,-0.03595371171832085,0.5478843450546265,0.2777072489261627,-0.03595147654414177,0.5406099557876587,0.27909061312675476,-0.004445087630301714,0.5411843061447144,0.27818572521209717,-0.004503991454839706,0.5419798493385315,0.2772033214569092,-0.0045153251849114895,0.5640234351158142,0.2830369174480438,-0.08014269918203354,0.5571268796920776,0.2803584933280945,0.05953938886523247,0.5444498062133789,0.3169267773628235,-0.029574954882264137,0.5415292382240295,0.3163372278213501,0.011710016056895256,0.5982683897018433,0.35717740654945374,-0.15781113505363464,0.5777093172073364,0.37563759088516235,0.1572938859462738,0.4970099925994873,0.4502142071723938,-0.20924167335033417,0.49277281761169434,0.43897929787635803,0.18374928832054138,0.40945395827293396,0.49719271063804626,-0.18381290137767792,0.41419798135757446,0.487775981426239,0.12750932574272156,0.39083340764045715,0.5162858963012695,-0.2185909003019333,0.3924719989299774,0.4977661669254303,0.13525734841823578,0.3893960118293762,0.5125707387924194,-0.19179487228393555,0.39321407675743103,0.5053591132164001,0.10186193883419037,0.3941720128059387,0.5092700719833374,-0.17436829209327698,0.39832156896591187,0.5037611126899719,0.1107429638504982,0.6888803839683533,0.5883092284202576,-0.1069721132516861,0.6704806685447693,0.5974266529083252,0.10692747682332993,0.5680838823318481,0.4815106689929962,-0.19744417071342468,0.5525914430618286,0.4864448010921478,0.16553911566734314,0.5295383334159851,0.7128450870513916,-0.18317820131778717,0.5213378667831421,0.6944164633750916,0.1704052984714508,0.5407039523124695,0.7707312703132629,-0.182011678814888,0.532769501209259,0.7287692427635193,0.16992920637130737,0.4674392640590668,0.70218425989151,-0.22792033851146698,0.47226351499557495,0.7022339105606079,0.14806406199932098,0,1
0.5215564966201782,0.30383098125457764,0.009702284820377827,0.5277585983276367,0.28490617871284485,-0.010542468167841434,0.530159056186676,0.2841155230998993,-0.010593738406896591,0.5328181385993958,0.2834499478340149,-0.010629789903759956,0.5257358551025391,0.2848246991634369,0.022215191274881363,0.5264045000076294,0.2841569483280182,0.022160852327942848,0.5273065567016602,0.2833390235900879,0.022149281576275826,0.5493628978729248,0.28876036405563354,-0.05813233181834221,0.5441720485687256,0.2874104678630829,0.08930866420269012,0.5276666283607483,0.3196476995944977,-0.005685262847691774,0.5247569680213928,0.3207285702228546,0.03721669316291809,0.5754830241203308,0.3621616065502167,-0.14720073342323303,0.5674875378608704,0.3824229836463928,0.1884959191083908,0.4815763831138611,0.44311079382896423,-0.2099655419588089,0.4775792062282562,0.4447445869445801,0.2122592180967331,0.38748177886009216,0.49245601892471313,-0.17864279448986053,0.3914462924003601,0.49197378754615784,0.15311755239963531,0.3687865436077118,0.5114706158638,-0.21173164248466492,0.37283819913864136,0.5079054832458496,0.1596011221408844,0.36621230840682983,0.510287880897522,-0.18405811488628387,0.37138599157333374,0.5123470425605774,0.12929454445838928,0.3716885447502136,0.5057041049003601,-0.16832248866558075,0.3775576949119568,0.5092953443527222,0.13630634546279907,0.6729917526245117,0.5911272764205933,-0.10816969722509384,0.6633497476577759,0.6052147150039673,0.10803644359111786,0.5517822504043579,0.4833068549633026,-0.17652395367622375,0.5420075058937073,0.4890366792678833,0.20104339718818665,0.5296589732170105,0.7146769165992737,-0.12104831635951996,0.5216342210769653,0.6995351314544678,0.2607872486114502,0.5400581359863281,0.7711553573608398,-0.11635147035121918,0.5341495275497437,0.7324308753013611,0.2655009925365448,0.46987491846084595,0.7023063898086548,-0.15355657041072845,0.4707332253456116,0.7013420462608337,0.24633193016052246,0,1
0.5169802904129028,0.3012600541114807,0.008652912452816963,0.5228309035301208,0.28262221813201904,-0.012104948982596397,0.5250611305236816,0.2818484902381897,-0.01217129360884428,0.5275830030441284,0.2813408672809601,-0.012234953232109547,0.5205233693122864,0.2830393612384796,0.022561777383089066,0.5209983587265015,0.28272098302841187,0.022519366815686226,0.5216625928878784,0.28239044547080994,0.02252180688083172,0.5443188548088074,0.28830617666244507,-0.061454176902770996,0.5376617908477783,0.28553885221481323,0.09502995014190674,0.5242629051208496,0.31739237904548645,-0.007569454610347748,0.5211969614028931,0.3185652494430542,0.03791565075516701,0.5767998099327087,0.361513614654541,-0.15587660670280457,0.563342273235321,0.3792365491390228,0.20280763506889343,0.4821743965148926,0.4350352883338928,-0.22182154655456543,0.4865942597389221,0.4441106617450714,0.23460891842842102,0.3936558663845062,0.4817693829536438,-0.19468547403812408,0.4009304642677307,0.4854973554611206,0.16452394425868988,0.3715992569923401,0.5070468187332153,-0.22936685383319855,0.3818245232105255,0.5044825077056885,0.1698109209537506,0.3688843846321106,0.5095592737197876,-0.20259153842926025,0.3797747492790222,0.5113487839698792,0.13866952061653137,0.3758886456489563,0.5018200278282166,-0.18449096381664276,0.3859683573246002,0.5050032734870911,0.1471039354801178,0.6656333208084106,0.5908389687538147,-0.11489878594875336,0.6528598070144653,0.602702260017395,0.1147635206580162,0.5448724031448364,0.4845152497291565,-0.17713050544261932,0.5344927310943604,0.4894554615020752,0.21510370075702667,0.527830958366394,0.712835967540741,-0.12329063564538956,0.521894633769989,0.7002539038658142,0.2863646447658539,0.5391701459884644,0.771134078502655,-0.11840938031673431,0.5317021608352661,0.7337996363639832,0.2922475039958954,0.46806615591049194,0.7042840719223022,-0.15959860384464264,0.46571794152259827,0.701587438583374,0.2721148133277893,0,1
0.5280364751815796,0.26817432045936584,-0.002839823253452778,0.5347674489021301,0.24986226856708527,-0.02090606465935707,0.5372505187988281,0.2492884248495102,-0.020975060760974884,0.5400407314300537,0.2486833781003952,-0.021031413227319717,0.5317565202713013,0.2496686577796936,0.013031424954533577,0.5320075750350952,0.2492820918560028,0.012994542717933655,0.5324777364730835,0.24871429800987244,0.012986871413886547,0.5568670630455017,0.2583693265914917,-0.05398024991154671,0.5483530759811401,0.2561315894126892,0.10001015663146973,0.5350255966186523,0.2876981198787689,-0.015902820974588394,0.530856192111969,0.2882236838340759,0.028630277141928673,0.5885524749755859,0.34489625692367554,-0.1561407595872879,0.5622478127479553,0.3779068887233734,0.21667782962322235,0.4976869523525238,0.42091095447540283,-0.2300301343202591,0.492103636264801,0.4425470530986786,0.252556174993515,0.40662533044815063,0.4719764292240143,-0.20869383215904236,0.4120681881904602,0.4772149920463562,0.17568814754486084,0.38641154766082764,0.5008738040924072,-0.2468920648097992,0.39280614256858826,0.4945329427719116,0.1823389083147049,0.38416343927383423,0.5049558281898499,-0.21781909465789795,0.39112091064453125,0.4995010495185852,0.14971426129341125,0.3897770047187805,0.49598419666290283,-0.19763121008872986,0.3976581394672394,0.4929705858230591,0.15784737467765808,0.6647857427597046,0.5893768072128296,-0.11884400993585587,0.6470686197280884,0.6049630641937256,0.1186426430940628,0.5385922193527222,0.47543594241142273,-0.1854875534772873,0.5299502611160278,0.4847257435321808,0.2044517993927002,0.5285611748695374,0.7114639282226562,-0.14147795736789703,0.5216771960258484,0.7018657922744751,0.24685105681419373,0.5398868918418884,0.7696701288223267,-0.13707956671714783,0.5344945192337036,0.7334293723106384,0.24956336617469788,0.4631726145744324,0.704769492149353,-0.1791994571685791,0.4661884903907776,0.705338716506958,0.22633083164691925,0,1
0.5518196821212769,0.24128292500972748,-0.05299776792526245,0.5596262812614441,0.22270293533802032,-0.06403613090515137,0.5625866651535034,0.2220301777124405,-0.06412415206432343,0.5659474730491638,0.22110016644001007,-0.06418275088071823,0.5543912053108215,0.2216622680425644,-0.030871903523802757,0.5537726879119873,0.22066713869571686,-0.0309146735817194,0.5532408952713013,0.21973936259746552,-0.030936822295188904,0.5838989615440369,0.23308752477169037,-0.0737178772687912,0.5680279731750488,0.22786156833171844,0.07655834406614304,0.5595613121986389,0.2629299759864807,-0.056736718863248825,0.5525904893875122,0.2633620500564575,-0.013158438727259636,0.6138167977333069,0.32514309883117676,-0.17744234204292297,0.5640590786933899,0.3695439100265503,0.2029142826795578,0.5269914865493774,0.4076273739337921,-0.26883336901664734,0.5115160346031189,0.441620796918869,0.23913300037384033,0.43469467759132385,0.4593348503112793,-0.2585190534591675,0.4354769289493561,0.47031331062316895,0.16203966736793518,0.41529569029808044,0.48195233941078186,-0.29780009388923645,0.4157896935939789,0.4873519539833069,0.1692880094051361,0.412853866815567,0.4810151755809784,-0.2735536992549896,0.41526857018470764,0.4854413866996765,0.138336181640625,0.418794721364975,0.475879043340683,-0.24967984855175018,0.4215385913848877,0.4822990894317627,0.144541934132576,0.6682913303375244,0.5914061069488525,-0.120930016040802,0.646589457988739,0.608689546585083,0.12068095058202744,0.543403685092926,0.4766216576099396,-0.18777170777320862,0.5311378836631775,0.48632150888442993,0.1833866536617279,0.5285953283309937,0.7125697731971741,-0.1264713555574417,0.5201641321182251,0.7044063806533813,0.18551692366600037,0.5399108529090881,0.7694471478462219,-0.11908102035522461,0.5330079793930054,0.7384673953056335,0.1845756471157074,0.45588740706443787,0.7142001390457153,-0.1547641158103943,0.4655091166496277,0.7114487290382385,0.15794721245765686,0,1
0.5881360769271851,0.2261134535074234,-0.1424035280942917,0.5968281030654907,0.20755036175251007,-0.14603765308856964,0.6002457141876221,0.206511989235878,-0.14608965814113617,0.6041550040245056,0.2055695354938507,-0.14609399437904358,0.5910200476646423,0.20728479325771332,-0.11714543402194977,0.5901871919631958,0.2062327116727829,-0.11720608174800873,0.5895286202430725,0.20510749518871307,-0.11720818281173706,0.6222766041755676,0.21789248287677765,-0.12925466895103455,0.603166401386261,0.21270260214805603,0.0022769314236938953,0.5960675477981567,0.2506442666053772,-0.13628935813903809,0.5891860723495483,0.24867388606071472,-0.09792786091566086,0.6510980129241943,0.3228697180747986,-0.21586164832115173,0.5959662199020386,0.3416537940502167,0.13398493826389313,0.5701470375061035,0.41126158833503723,-0.31055280566215515,0.5401079058647156,0.42345890402793884,0.18656891584396362,0.4732598662376404,0.4539479911327362,-0.32211944460868835,0.4669785499572754,0.4571188688278198,0.10185406357049942,0.4560220241546631,0.4707089364528656,-0.3620714545249939,0.45070165395736694,0.4668329358100891,0.09947375953197479,0.4516710340976715,0.46593546867370605,-0.3430490791797638,0.44849738478660583,0.466448038816452,0.06440015137195587,0.45759621262550354,0.4625542163848877,-0.31566330790519714,0.4546968936920166,0.465912401676178,0.08269675821065903,0.6775034666061401,0.5933407545089722,-0.11670391261577606,0.6482269763946533,0.602627158164978,0.11641101539134979,0.5576530694961548,0.4848262667655945,-0.23036794364452362,0.5315734148025513,0.4864599406719208,0.11991763114929199,0.5313025712966919,0.7248830199241638,-0.22399672865867615,0.520264208316803,0.7080928087234497,0.0917934775352478,0.5412153005599976,0.785154402256012,-0.22365716099739075,0.5288000106811523,0.7503934502601624,0.08658140152692795,0.45729488134384155,0.7312696576118469,-0.282589316368103,0.46388858556747437,0.7109494805335999,0.04762803390622139,0,1
0.6257871985435486,0.21543768048286438,-0.15788210928440094,0.6341636180877686,0.19794023036956787,-0.16457462310791016,0.6374777555465698,0.1972801238298416,-0.16459979116916656,0.6411663889884949,0.19684584438800812,-0.16458187997341156,0.6288238763809204,0.197053000330925,-0.1338299959897995,0.62813401222229,0.1960553228855133,-0.1338929831981659,0.627595067024231,0.19493389129638672,-0.133904367685318,0.6600669026374817,0.21073321998119354,-0.15686990320682526,0.6413174271583557,0.20359301567077637,-0.017086831852793694,0.6323965787887573,0.24061188101768494,-0.15546098351478577,0.6262734532356262,0.2378135621547699,-0.11469336599111557,0.68553626537323,0.3213852345943451,-0.24452149868011475,0.6268002986907959,0.33107903599739075,0.10446876287460327,0.6119803190231323,0.4072761535644531,-0.38302844762802124,0.5572618246078491,0.39614564180374146,0.12090687453746796,0.5181196331977844,0.44077420234680176,-0.4437626004219055,0.4903499484062195,0.4417353868484497,-0.02230486460030079,0.4964870810508728,0.454451322555542,-0.4954569339752197,0.4742403030395508,0.44904324412345886,-0.03978251293301582,0.4936584532260895,0.4510360658168793,-0.4808451533317566,0.4752688407897949,0.4500799775123596,-0.0763021782040596,0.499713659286499,0.44870659708976746,-0.44043001532554626,0.4821286201477051,0.4489201307296753,-0.044225431978702545,0.6936894655227661,0.5922181010246277,-0.11663533747196198,0.6564396619796753,0.5885859727859497,0.11636500060558319,0.5740393996238708,0.4910762906074524,-0.28032833337783813,0.5479005575180054,0.4831191301345825,0.07292255759239197,0.5332404375076294,0.7246246933937073,-0.29050779342651367,0.5181304216384888,0.7048972845077515,0.03192930296063423,0.5412209630012512,0.7894641160964966,-0.29250243306159973,0.524785578250885,0.7500025629997253,0.024341342970728874,0.4676436483860016,0.7299357056617737,-0.3734946846961975,0.46078580617904663,0.7044569253921509,-0.03405583277344704,0,1
0.6667519211769104,0.2063107192516327,-0.1300504207611084,0.6760531663894653,0.19190029799938202,-0.14056871831417084,0.6798861622810364,0.19235283136367798,-0.1407313048839569,0.6845119595527649,0.19280970096588135,-0.14089414477348328,0.6699668169021606,0.19119051098823547,-0.10524441301822662,0.6691402196884155,0.19078053534030914,-0.10530579090118408,0.6683900952339172,0.19018465280532837,-0.10532183945178986,0.7007972002029419,0.208435520529747,-0.08871899545192719,0.6792050004005432,0.20131303369998932,0.009572290815412998,0.6715275049209595,0.23191432654857635,-0.13418850302696228,0.6653368473052979,0.22873172163963318,-0.08730684220790863,0.7207542061805725,0.31454998254776,-0.17026232182979584,0.660325825214386,0.32010525465011597,0.12195328623056412,0.6461166143417358,0.39676475524902344,-0.30919915437698364,0.5929707288742065,0.3823985755443573,0.15319950878620148,0.5554080605506897,0.4266476035118103,-0.37679460644721985,0.5288051962852478,0.4238947927951813,0.02738519012928009,0.5339736342430115,0.43880870938301086,-0.4194018244743347,0.5118240118026733,0.43153494596481323,0.01517814863473177,0.5308117866516113,0.43429023027420044,-0.40471404790878296,0.511996328830719,0.43100860714912415,-0.016121551394462585,0.538732647895813,0.43294334411621094,-0.3724740445613861,0.5199192762374878,0.4299328625202179,0.008904973044991493,0.7179142832756042,0.5794845819473267,-0.10925815254449844,0.6778976321220398,0.5690657496452332,0.10903779417276382,0.5974010825157166,0.5055680274963379,-0.3074990212917328,0.5687209367752075,0.4856438636779785,0.019586199894547462,0.5398315191268921,0.7281526923179626,-0.38032984733581543,0.5180165767669678,0.7046438455581665,-0.05505911260843277,0.5446103811264038,0.7906991839408875,-0.387683242559433,0.5236642956733704,0.7431622743606567,-0.06504474580287933,0.4788133502006531,0.7290605902671814,-0.4690829813480377,0.4610500931739807,0.6990687847137451,-0.12082844972610474,0,1
0.7030149698257446,0.2091633528470993,-0.13790541887283325,0.7126777172088623,0.19494281709194183,-0.13265714049339294,0.7167690992355347,0.1953667551279068,-0.13268350064754486,0.7213438749313354,0.19597333669662476,-0.1326785385608673,0.7062302231788635,0.19397298991680145,-0.11040173470973969,0.7049586176872253,0.19355492293834686,-0.110476553440094,0.7037004232406616,0.19302217662334442,-0.11051430553197861,0.7360824346542358,0.2112118899822235,-0.0759800598025322,0.7106247544288635,0.20355010032653809,0.01249843742698431,0.7073683738708496,0.2332906574010849,-0.12307337671518326,0.700030505657196,0.23064693808555603,-0.0925062894821167,0.755544900894165,0.31320422887802124,-0.1495974212884903,0.6906474828720093,0.31643858551979065,0.1310044676065445,0.6822702288627625,0.3898182213306427,-0.2620181441307068,0.6358271241188049,0.38517311215400696,0.17857852578163147,0.5975642204284668,0.4098208546638489,-0.33339783549308777,0.5697418451309204,0.4170258045196533,0.08073209971189499,0.5759167075157166,0.42255836725234985,-0.36634355783462524,0.543786346912384,0.42937782406806946,0.07380169630050659,0.5726346373558044,0.41826117038726807,-0.3556725084781647,0.5441671013832092,0.4278161823749542,0.04376110062003136,0.5807925462722778,0.4180256724357605,-0.329690545797348,0.5552634000778198,0.42450249195098877,0.06440500169992447,0.742590069770813,0.576980471611023,-0.10322090238332748,0.7009663581848145,0.5592591762542725,0.1030617505311966,0.6214722990989685,0.5299302935600281,-0.2886049151420593,0.5898648500442505,0.5012228488922119,-0.017786763608455658,0.5461386442184448,0.7350441217422485,-0.3464461863040924,0.5180999040603638,0.7022107243537903,-0.08536408841609955,0.5451337099075317,0.7902325391769409,-0.35259467363357544,0.5161551237106323,0.7458171248435974,-0.09401600807905197,0.4890505373477936,0.7182695865631104,-0.43062257766723633,0.4626200199127197,0.6915123462677002,-0.14871558547019958,0,1
0.7327939867973328,0.2098539173603058,-0.12556619942188263,0.7425099611282349,0.19677568972110748,-0.11663494259119034,0.7458890080451965,0.19793474674224854,-0.11663250625133514,0.750173032283783,0.19941234588623047,-0.11657442897558212,0.7361867427825928,0.19489417970180511,-0.0992947667837143,0.7349879145622253,0.19455750286579132,-0.09936550259590149,0.7339154481887817,0.1941831111907959,-0.09942127764225006,0.7653538584709167,0.2160366326570511,-0.06485272943973541,0.7417663335800171,0.20565927028656006,0.02003205195069313,0.738169252872467,0.23475472629070282,-0.10496492683887482,0.7305478453636169,0.2317502796649933,-0.0809689611196518,0.7848266959190369,0.31373342871665955,-0.13508304953575134,0.7189574241638184,0.3184472322463989,0.14795491099357605,0.7167105078697205,0.39075177907943726,-0.23713675141334534,0.6540384888648987,0.38789400458335876,0.21309897303581238,0.6351116895675659,0.41056522727012634,-0.3071586489677429,0.5848411321640015,0.41792669892311096,0.12610627710819244,0.6100730299949646,0.42039141058921814,-0.3406884968280792,0.5653239488601685,0.42709752917289734,0.11987539380788803,0.6091967225074768,0.4160304665565491,-0.3303174376487732,0.5654829740524292,0.4246721863746643,0.08647974580526352,0.6171322464942932,0.4160129427909851,-0.3034757971763611,0.5745993256568909,0.4234791696071625,0.10839840024709702,0.763247013092041,0.5721299052238464,-0.10212463140487671,0.7212379574775696,0.5513440370559692,0.10200393199920654,0.6400963068008423,0.5584214925765991,-0.26806527376174927,0.6116424798965454,0.5256021022796631,-0.024271782487630844,0.5475845336914062,0.7405672669410706,-0.3251958191394806,0.5234169960021973,0.6981061100959778,-0.06952529400587082,0.5455203056335449,0.7907534837722778,-0.3310701549053192,0.5161260366439819,0.745733380317688,-0.07631973922252655,0.4942609667778015,0.72953200340271,-0.4153427481651306,0.46266621351242065,0.6776682138442993,-0.13551415503025055,0,1
0.7546354532241821,0.23586001992225647,0.05673575401306152,0.7636521458625793,0.22086675465106964,0.06412940472364426,0.767768919467926,0.220847487449646,0.06415435671806335,0.7726224660873413,0.2204456478357315,0.06419634073972702,0.754500687122345,0.22100503742694855,0.08020206540822983,0.7524362206459045,0.22113820910453796,0.08012531697750092,0.750588059425354,0.22138097882270813,0.08005400002002716,0.7866634130477905,0.2292073369026184,0.10672608762979507,0.7580909132957458,0.228566512465477,0.17974922060966492,0.7643954157829285,0.25630342960357666,0.07198373973369598,0.7539006471633911,0.2562849223613739,0.09332339465618134,0.8091939091682434,0.31687936186790466,0.008038878440856934,0.7454220652580261,0.3260444104671478,0.2555929124355316,0.750881552696228,0.387423038482666,-0.14302898943424225,0.6870095133781433,0.3932722210884094,0.2581915855407715,0.6760156750679016,0.4027392864227295,-0.25579705834388733,0.6183863878250122,0.41904881596565247,0.15502135455608368,0.6500643491744995,0.4096553921699524,-0.2886243164539337,0.6007843613624573,0.42649149894714355,0.14055022597312927,0.6480854749679565,0.40474045276641846,-0.2808910608291626,0.6016639471054077,0.4237384796142578,0.11953286081552505,0.6562554240226746,0.4054870903491974,-0.253976047039032,0.6078978776931763,0.4231977164745331,0.14081257581710815,0.7766661047935486,0.5707147121429443,-0.09157052636146545,0.7322794795036316,0.5512120723724365,0.09144480526447296,0.6515979170799255,0.5901139974594116,-0.23071131110191345,0.6238495707511902,0.5539576411247253,-0.04751960188150406,0.5520141124725342,0.7566410303115845,-0.3202729821205139,0.5274194478988647,0.6966601610183716,-0.11331945657730103,0.5458157658576965,0.801485002040863,-0.32573580741882324,0.5181061029434204,0.7366889715194702,-0.1210518330335617,0.4930444657802582,0.741243839263916,-0.40712547302246094,0.46295684576034546,0.6652820706367493,-0.1740553081035614,0,1
0.7666990160942078,0.2704889476299286,0.1307949721813202,0.7722747325897217,0.25252237915992737,0.13276562094688416,0.7762942314147949,0.2511163055896759,0.13275805115699768,0.7811850309371948,0.24902081489562988,0.13275544345378876,0.7645514011383057,0.2564980089664459,0.15514317154884338,0.7630923986434937,0.2577210068702698,0.15507586300373077,0.7619507312774658,0.2589128613471985,0.15502044558525085,0.7973734140396118,0.2474207580089569,0.14501819014549255,0.7701268196105957,0.2593145966529846,0.2453225553035736,0.7777974605560303,0.2865252196788788,0.13346578180789948,0.7678979635238647,0.2879454791545868,0.16287213563919067,0.8320439457893372,0.3260718286037445,0.06090245395898819,0.7597291469573975,0.34190666675567627,0.2704390585422516,0.8013859987258911,0.40992826223373413,-0.06155603379011154,0.7059035301208496,0.42254775762557983,0.23597387969493866,0.7229641079902649,0.39917945861816406,-0.16134805977344513,0.6558470726013184,0.42671364545822144,0.04649534076452255,0.7039223909378052,0.4082295596599579,-0.19316789507865906,0.6373864412307739,0.42967846989631653,0.010706916451454163,0.6990827918052673,0.39950117468833923,-0.19278497993946075,0.6384150981903076,0.42455655336380005,-0.005579580087214708,0.7060967683792114,0.3994351327419281,-0.16157346963882446,0.6450053453445435,0.42365723848342896,0.03108561970293522,0.7813085317611694,0.5661500692367554,-0.07439880073070526,0.7384244799613953,0.5460628271102905,0.07439981400966644,0.660252571105957,0.6009414196014404,-0.18729200959205627,0.6350969672203064,0.5689942836761475,-0.04562763497233391,0.5548046827316284,0.7569501399993896,-0.3087005615234375,0.5313559770584106,0.6967635154724121,-0.1530940681695938,0.5463560819625854,0.8015303015708923,-0.3212363123893738,0.5249935388565063,0.7250725626945496,-0.16635912656784058,0.4975454807281494,0.7359989881515503,-0.4052577614784241,0.46482133865356445,0.6633673310279846,-0.22601962089538574,0,1
0.7637133598327637,0.2846921384334564,0.06777606904506683,0.7686752080917358,0.2667829394340515,0.06763672083616257,0.7725810408592224,0.26433783769607544,0.06760033965110779,0.7766233682632446,0.26034635305404663,0.06752956658601761,0.7618228793144226,0.2701951861381531,0.0883566290140152,0.7603424787521362,0.27073633670806885,0.08835630118846893,0.758888840675354,0.27147215604782104,0.0883006751537323,0.7938789129257202,0.25335821509361267,0.08588041365146637,0.7682937383651733,0.27293696999549866,0.18318423628807068,0.7746948599815369,0.2980867326259613,0.07473334670066833,0.7673578262329102,0.30259713530540466,0.10312416404485703,0.8395929336547852,0.32651886343955994,0.031725574284791946,0.7657968401908875,0.3511086702346802,0.2506081759929657,0.8449705839157104,0.4622326195240021,-0.03925628587603569,0.7403330206871033,0.4637046456336975,0.21123388409614563,0.7595037817955017,0.4185187816619873,-0.08731751888990402,0.7000234723091125,0.44456008076667786,0.05624396726489067,0.7416114211082458,0.4216923117637634,-0.10690398514270782,0.6819674372673035,0.44371849298477173,0.025017911568284035,0.7401264905929565,0.41089901328086853,-0.10416903346776962,0.6805210113525391,0.43376511335372925,0.008279813453555107,0.7452565431594849,0.41040530800819397,-0.08380274474620819,0.6873548030853271,0.4350792467594147,0.04168079420924187,0.7815424203872681,0.5660913586616516,-0.07221069931983948,0.7382022142410278,0.5474496483802795,0.07231725007295609,0.6643359065055847,0.6029366850852966,-0.20431332290172577,0.6375305652618408,0.5778417587280273,-0.05318146198987961,0.5566312670707703,0.7554659247398376,-0.35005056858062744,0.5307735800743103,0.7012712955474854,-0.20889513194561005,0.5473339557647705,0.8011502027511597,-0.36337992548942566,0.5249323844909668,0.7416658401489258,-0.22583714127540588,0.48983699083328247,0.7323399782180786,-0.43975692987442017,0.4635092616081238,0.6643372178077698,-0.2784132659435272,0,1
0.756371259689331,0.2759941518306732,-0.005717947147786617,0.7622677683830261,0.2586207389831543,-0.009682819247245789,0.7662359476089478,0.2569883465766907,-0.00970925111323595,0.770453155040741,0.25402218103408813,-0.00977654941380024,0.7552746534347534,0.2612540125846863,0.010389463976025581,0.7540634870529175,0.2617318034172058,0.01039690338075161,0.7530776262283325,0.26233339309692383,0.010349280200898647,0.7870293855667114,0.25080740451812744,0.0025848292279988527,0.7629197835922241,0.2657970190048218,0.09681648015975952,0.7668384313583374,0.29146483540534973,0.0004927806439809501,0.7589461207389832,0.2947496473789215,0.02813347801566124,0.834514319896698,0.32656946778297424,-0.008153950795531273,0.7596735954284668,0.35040563344955444,0.1557716578245163,0.8599783778190613,0.46800705790519714,-0.08231159299612045,0.7422385811805725,0.46889105439186096,0.13766178488731384,0.7844310998916626,0.4452471137046814,-0.13820704817771912,0.7114453911781311,0.4543207287788391,-0.01737423613667488,0.7639365196228027,0.44431787729263306,-0.159011572599411,0.698715090751648,0.459151953458786,-0.04751301556825638,0.761135458946228,0.42990031838417053,-0.1498406082391739,0.7011326551437378,0.44876161217689514,-0.058488719165325165,0.7656812071800232,0.4313713014125824,-0.1324167102575302,0.707473635673523,0.4478849768638611,-0.02831503190100193,0.7816672921180725,0.5656675696372986,-0.06912238895893097,0.7400816082954407,0.5480639934539795,0.06931157410144806,0.6640754342079163,0.6052708625793457,-0.19915786385536194,0.6383694410324097,0.5738325119018555,-0.06020263582468033,0.5580588579177856,0.7565793991088867,-0.3223763406276703,0.5320941209793091,0.7004795670509338,-0.19174176454544067,0.54756760597229,0.8014917969703674,-0.33548399806022644,0.527037501335144,0.7442636489868164,-0.2072792947292328,0.48640456795692444,0.728175699710846,-0.41328614950180054,0.4664793908596039,0.6668218970298767,-0.26294100284576416,0,1
0.7535906434059143,0.2716498374938965,-0.019991466775536537,0.75937819480896,0.2546784579753876,-0.02143627032637596,0.7631804347038269,0.2529538869857788,-0.021466804668307304,0.7679521441459656,0.2501470446586609,-0.02148709073662758,0.752117395401001,0.25927653908729553,-0.0028867381624877453,0.7508259415626526,0.26089751720428467,-0.002926756627857685,0.749911904335022,0.26086002588272095,-0.0030030719935894012,0.7834165692329407,0.24727965891361237,-0.0035987584851682186,0.7589317560195923,0.26321446895599365,0.08197079598903656,0.7653745412826538,0.28472161293029785,-0.011996245943009853,0.7557289004325867,0.288539856672287,0.013080639764666557,0.8283565640449524,0.3315260708332062,-0.03599734604358673,0.7499690651893616,0.3525131344795227,0.1432502567768097,0.8453739285469055,0.476413756608963,-0.09089098870754242,0.7213636636734009,0.4659310579299927,0.13722775876522064,0.7573642730712891,0.49081239104270935,-0.1509176343679428,0.6791573762893677,0.4837356209754944,-0.009073123335838318,0.7354022264480591,0.502148449420929,-0.17395757138729095,0.6664814352989197,0.49279776215553284,-0.03902503848075867,0.7367843389511108,0.49020665884017944,-0.169328972697258,0.6643902063369751,0.48463141918182373,-0.05742776393890381,0.7454325556755066,0.4876057207584381,-0.1476619839668274,0.6707134246826172,0.48394903540611267,-0.023347416892647743,0.7797609567642212,0.5684018731117249,-0.06794841587543488,0.7381359338760376,0.5488331913948059,0.06806664168834686,0.6652477383613586,0.6121795177459717,-0.19795194268226624,0.6379310488700867,0.5724004507064819,-0.06835232675075531,0.5584195852279663,0.7563236951828003,-0.3039652407169342,0.5319081544876099,0.6997386813163757,-0.19165202975273132,0.5479303598403931,0.8012181520462036,-0.31531599164009094,0.5240793228149414,0.7412959337234497,-0.20597393810749054,0.48897862434387207,0.7344458103179932,-0.4001960754394531,0.4654877185821533,0.6678556203842163,-0.2661594748497009,0,1
0.7392534613609314,0.25928637385368347,-0.06515009701251984,0.7474865913391113,0.24346677958965302,-0.06547520309686661,0.7513496279716492,0.24370177090168,-0.06550619751214981,0.756069540977478,0.24358923733234406,-0.06546716392040253,0.7407678365707397,0.24365921318531036,-0.05033235624432564,0.7395291328430176,0.24409839510917664,-0.050416409969329834,0.7384899258613586,0.2440797984600067,-0.050552934408187866,0.770844042301178,0.2468511015176773,-0.047376204282045364,0.7484269738197327,0.2510496973991394,0.01968458853662014,0.7469786405563354,0.2768499255180359,-0.05762176960706711,0.7391416430473328,0.2774761915206909,-0.03777114674448967,0.8015456199645996,0.33301806449890137,-0.0946904793381691,0.7287191152572632,0.35201191902160645,0.08860240131616592,0.7533940672874451,0.4533219337463379,-0.1622008979320526,0.675304651260376,0.449740469455719,0.10399825870990753,0.6890544295310974,0.5327767133712769,-0.2176220864057541,0.6188859343528748,0.5077635645866394,0.016319001093506813,0.6744105219841003,0.5555574893951416,-0.2420826405286789,0.6053521037101746,0.5266457200050354,0.0041526989080011845,0.6680288314819336,0.5472621321678162,-0.24499206244945526,0.6054447889328003,0.5262268781661987,-0.02077292650938034,0.6703659892082214,0.541084349155426,-0.21904423832893372,0.6116467714309692,0.5227222442626953,0.003256353083997965,0.779295027256012,0.5689855217933655,-0.06364736706018448,0.7324546575546265,0.5500504374504089,0.06367699056863785,0.670954704284668,0.6198495626449585,-0.22829894721508026,0.640058696269989,0.5799350142478943,-0.10268042236566544,0.5622851848602295,0.7582398056983948,-0.3320019841194153,0.5365496873855591,0.6995163559913635,-0.2210921347141266,0.5528067946434021,0.7996930480003357,-0.34402015805244446,0.5313458442687988,0.7354744672775269,-0.23477987945079803,0.49966272711753845,0.7253455519676208,-0.4352127015590668,0.4762665629386902,0.6672900915145874,-0.29970118403434753,0,1
0.7215223908424377,0.23947378993034363,-0.09865998476743698,0.7315555214881897,0.22646649181842804,-0.09745796024799347,0.7352860569953918,0.2266918569803238,-0.09748218953609467,0.7393237352371216,0.22705402970314026,-0.0974123403429985,0.7251924276351929,0.22649532556533813,-0.07832072675228119,0.7239894270896912,0.22660861909389496,-0.07842517644166946,0.7230474352836609,0.22652557492256165,-0.07853730022907257,0.7531235814094543,0.2390693873167038,-0.07756586372852325,0.734946072101593,0.23657239973545074,0.006455984897911549,0.7285983562469482,0.2612532377243042,-0.09179754555225372,0.721269965171814,0.2615787386894226,-0.06714115291833878,0.7853970527648926,0.3334953188896179,-0.14312738180160522,0.7117925882339478,0.3513343930244446,0.09992697089910507,0.7311177253723145,0.4528159201145172,-0.22082702815532684,0.6566488146781921,0.448294073343277,0.1124473363161087,0.660382866859436,0.5288137793540955,-0.2730872631072998,0.6004300713539124,0.5020373463630676,0.056285738945007324,0.6460422277450562,0.5486465692520142,-0.30152803659439087,0.5841047763824463,0.5172480940818787,0.04651877284049988,0.6435803771018982,0.5367806553840637,-0.2991907000541687,0.5837689638137817,0.5154179334640503,0.017925361171364784,0.6471795439720154,0.5297914147377014,-0.2719093859195709,0.5897347927093506,0.5119192600250244,0.04070022329688072,0.7790512442588806,0.5731565952301025,-0.07905853539705276,0.7319121360778809,0.5570134520530701,0.07906095683574677,0.6712402701377869,0.6042801141738892,-0.26866480708122253,0.6392129063606262,0.5704956650733948,-0.09693387150764465,0.562224805355072,0.7580178380012512,-0.3603723645210266,0.5400574207305908,0.7020785212516785,-0.20875175297260284,0.5534936189651489,0.8005779981613159,-0.3715786337852478,0.5348503589630127,0.7355146408081055,-0.21633851528167725,0.5146001577377319,0.72333163022995,-0.4731193482875824,0.4789254665374756,0.6693903803825378,-0.2818041443824768,0,1
0.7050184607505798,0.23366808891296387,-0.0843236967921257,0.7155764698982239,0.21929188072681427,-0.08045938611030579,0.7188513278961182,0.21995799243450165,-0.08045333623886108,0.7224645614624023,0.22079594433307648,-0.08038408309221268,0.709443211555481,0.21881960332393646,-0.06513310223817825,0.7084650993347168,0.2188921570777893,-0.06524518132209778,0.7076245546340942,0.21887029707431793,-0.06532339006662369,0.7373842000961304,0.23664399981498718,-0.054868318140506744,0.7191833257675171,0.23177368938922882,0.014577697031199932,0.7105876207351685,0.2540329098701477,-0.07523743063211441,0.703399658203125,0.2529776990413666,-0.05534260720014572,0.768682062625885,0.33592909574508667,-0.1174962967634201,0.6957908868789673,0.35229599475860596,0.08596650511026382,0.7168899774551392,0.4580652415752411,-0.1879473477602005,0.6435121893882751,0.45621007680892944,0.09943501651287079,0.637353241443634,0.5245479345321655,-0.17718373239040375,0.5895090699195862,0.5056279301643372,0.026995515450835228,0.6241531372070312,0.5415686964988708,-0.19655126333236694,0.572198212146759,0.5204192996025085,0.017235856503248215,0.6188062429428101,0.5316404104232788,-0.19535686075687408,0.5723775625228882,0.517957866191864,-0.007053806446492672,0.6251468062400818,0.5263171195983887,-0.17556312680244446,0.5791253447532654,0.5153508186340332,0.013342440128326416,0.7701861262321472,0.579966127872467,-0.07842184603214264,0.7259079217910767,0.561806857585907,0.07848546653985977,0.6612499952316284,0.5671809911727905,-0.2612755298614502,0.6215015649795532,0.5299869775772095,-0.07400722801685333,0.5620793104171753,0.7384494543075562,-0.3533582091331482,0.5387605428695679,0.6914206743240356,-0.1628856509923935,0.5553561449050903,0.792171061038971,-0.363166481256485,0.5367211103439331,0.7267343401908875,-0.17231464385986328,0.5120080709457397,0.7251543402671814,-0.45558157563209534,0.47933539748191833,0.6748086214065552,-0.22742712497711182,0,1
0.6880052089691162,0.2340678721666336,-0.21681459248065948,0.6992980241775513,0.2189096212387085,-0.21201619505882263,0.7029619216918945,0.21951062977313995,-0.21196480095386505,0.7067053914070129,0.22050164639949799,-0.21190591156482697,0.6929402351379395,0.2174748331308365,-0.19766780734062195,0.6919314861297607,0.21703380346298218,-0.19781053066253662,0.6908401250839233,0.21640746295452118,-0.19786792993545532,0.72369384765625,0.2367723435163498,-0.16780146956443787,0.699611246585846,0.22934149205684662,-0.1032223105430603,0.6943529844284058,0.25518688559532166,-0.19986727833747864,0.6855482459068298,0.25367364287376404,-0.1810319572687149,0.7499178051948547,0.34010985493659973,-0.2055436074733734,0.6788528561592102,0.3521137535572052,0.0002619907900225371,0.7017275094985962,0.47021493315696716,-0.22784030437469482,0.6291730999946594,0.4601207673549652,0.03329234942793846,0.6270046234130859,0.5313022136688232,-0.2228715717792511,0.5839603543281555,0.5135233402252197,-0.03664885088801384,0.6099446415901184,0.5480045676231384,-0.2476803958415985,0.564038872718811,0.5299152135848999,-0.051846928894519806,0.6000690460205078,0.539444088935852,-0.2488386631011963,0.5677409768104553,0.5275267958641052,-0.0751391276717186,0.6087024807929993,0.5332711338996887,-0.22301802039146423,0.5739439129829407,0.5251435041427612,-0.04913695901632309,0.7574797868728638,0.5801953673362732,-0.08093632757663727,0.7150803208351135,0.5588043928146362,0.08087213337421417,0.6463614106178284,0.5505474209785461,-0.26420706510543823,0.6048479676246643,0.5161948800086975,-0.051088880747556686,0.5610917210578918,0.7396396994590759,-0.3322381377220154,0.5375246405601501,0.6881129145622253,-0.12140089273452759,0.5574773550033569,0.7922738194465637,-0.3390682637691498,0.5384716391563416,0.7273999452590942,-0.1303206980228424,0.5034596920013428,0.7341302633285522,-0.42537960410118103,0.478886216878891,0.6826751232147217,-0.18327826261520386,0,1
0.670559287071228,0.2278609573841095,-0.17588980495929718,0.6812764406204224,0.21217471361160278,-0.17572537064552307,0.6846824884414673,0.21297244727611542,-0.17568901181221008,0.6887012720108032,0.2137622982263565,-0.17563363909721375,0.6760802268981934,0.2106078714132309,-0.155053049325943,0.6753039360046387,0.21020802855491638,-0.15519656240940094,0.674454391002655,0.20971418917179108,-0.1552557647228241,0.7049087882041931,0.23151978850364685,-0.15137436985969543,0.6822800636291504,0.22346752882003784,-0.05824057385325432,0.6749680042266846,0.25042808055877686,-0.16692113876342773,0.6678376793861389,0.24959580600261688,-0.1397915482521057,0.7310318946838379,0.33905676007270813,-0.2046418935060501,0.6584151387214661,0.35261377692222595,0.035716116428375244,0.685998797416687,0.4713824391365051,-0.25160786509513855,0.6059316992759705,0.46505656838417053,0.05996556207537651,0.6107348203659058,0.5387747287750244,-0.25930097699165344,0.554343581199646,0.5301402807235718,-0.017379838973283768,0.5911791920661926,0.5587812066078186,-0.29196107387542725,0.5375945568084717,0.5405160784721375,-0.03093511424958706,0.5862151384353638,0.5515398383140564,-0.2890475392341614,0.5381277203559875,0.5395005941390991,-0.05768674612045288,0.5892989635467529,0.5446354150772095,-0.2588222622871399,0.5453988313674927,0.5373215079307556,-0.03219764679670334,0.7462829351425171,0.5829550623893738,-0.09063424170017242,0.7030709385871887,0.5669711828231812,0.0904855951666832,0.6364557147026062,0.534983217716217,-0.30109545588493347,0.5910233855247498,0.5020676851272583,-0.028788451105356216,0.5593048930168152,0.7305810451507568,-0.33301055431365967,0.5315690040588379,0.691034197807312,-0.09274987876415253,0.5592508912086487,0.7806009650230408,-0.33687257766723633,0.5333400964736938,0.7339990139007568,-0.10119505226612091,0.5080088973045349,0.7376855611801147,-0.4206696152687073,0.4782487452030182,0.700166642665863,-0.16182658076286316,0,1
0.650678277015686,0.2230318933725357,-0.24718134105205536,0.6610320806503296,0.20934000611305237,-0.2508351504802704,0.6645501852035522,0.21016563475131989,-0.25081220269203186,0.6684486865997314,0.210862398147583,-0.25079381465911865,0.6555092930793762,0.20776140689849854,-0.22607330977916718,0.6548671126365662,0.20771272480487823,-0.22622117400169373,0.6541441082954407,0.20750795304775238,-0.2262490689754486,0.6847459077835083,0.22921627759933472,-0.23332464694976807,0.6645113229751587,0.22154320776462555,-0.12122051417827606,0.6544390916824341,0.24744725227355957,-0.2402988225221634,0.6486087441444397,0.24581192433834076,-0.20774762332439423,0.7102627158164978,0.3408185839653015,-0.27768924832344055,0.6411340236663818,0.3517492413520813,-0.010523836128413677,0.6541106104850769,0.47692954540252686,-0.3037987947463989,0.5893087387084961,0.4629119038581848,0.0259723924100399,0.58638596534729,0.5372361540794373,-0.2764422595500946,0.5387932658195496,0.5255337357521057,-0.04421337693929672,0.5683144330978394,0.5552051067352295,-0.30955907702445984,0.523518979549408,0.5370965600013733,-0.05454143136739731,0.5633130073547363,0.5476081967353821,-0.3081290125846863,0.5227330327033997,0.5366033911705017,-0.08811233937740326,0.5696098804473877,0.5414842963218689,-0.27659451961517334,0.5297714471817017,0.5347537398338318,-0.062309183180332184,0.7311521172523499,0.5841941237449646,-0.09623520076274872,0.6894838809967041,0.5666303634643555,0.09620460867881775,0.6182827353477478,0.5221680402755737,-0.2894173264503479,0.5852049589157104,0.4922502338886261,0.03997478634119034,0.5518752932548523,0.724972128868103,-0.3250724673271179,0.5316922068595886,0.6788098812103271,0.012651011347770691,0.5560917258262634,0.774257242679596,-0.32952842116355896,0.5298328399658203,0.7228991389274597,0.006724115461111069,0.5033081769943237,0.729435384273529,-0.4174967408180237,0.4771258234977722,0.6768723130226135,-0.04416098818182945,0,1
0.6337519884109497,0.2135663777589798,-0.2972848415374756,0.6451852321624756,0.20073282718658447,-0.2992105782032013,0.6491364240646362,0.2016388326883316,-0.2992212176322937,0.653282105922699,0.2026132345199585,-0.29924362897872925,0.6381269693374634,0.1979338824748993,-0.2733016908168793,0.6368601322174072,0.1974271535873413,-0.2734115421772003,0.63563072681427,0.19697892665863037,-0.2734246551990509,0.6680001020431519,0.2250954955816269,-0.269509494304657,0.6459741592407227,0.21181833744049072,-0.15136349201202393,0.6368520259857178,0.24038566648960114,-0.2860497236251831,0.6304984092712402,0.23656675219535828,-0.2516610324382782,0.6915616393089294,0.34071826934814453,-0.32042792439460754,0.6231065392494202,0.34705495834350586,-0.02217963896691799,0.630974292755127,0.47958311438560486,-0.3763377070426941,0.5651411414146423,0.45713064074516296,-0.0162530355155468,0.5595873594284058,0.5209534168243408,-0.38075655698776245,0.5102468132972717,0.5231088995933533,-0.13363169133663177,0.5304700136184692,0.5388898849487305,-0.42568692564964294,0.49049288034439087,0.5298270583152771,-0.15106001496315002,0.5327456593513489,0.5255396366119385,-0.421397864818573,0.4904657304286957,0.5299848914146423,-0.19108469784259796,0.536379337310791,0.5233929753303528,-0.381464421749115,0.49896925687789917,0.5299764275550842,-0.15624003112316132,0.710973858833313,0.5885630249977112,-0.10677095502614975,0.6676202416419983,0.5703328251838684,0.10665987432003021,0.598288893699646,0.5111059546470642,-0.3153473734855652,0.5674784779548645,0.4842040538787842,0.03549223765730858,0.5383226275444031,0.7240534424781799,-0.32591816782951355,0.5249497294425964,0.6795567274093628,0.012158958241343498,0.5446930527687073,0.7751349806785583,-0.32954129576683044,0.5132856965065002,0.7216541767120361,0.005983186420053244,0.4854784905910492,0.7264822125434875,-0.42624491453170776,0.46520060300827026,0.6750026941299438,-0.057660020887851715,0,1
0.6122439503669739,0.20882587134838104,-0.30600982904434204,0.6227033138275146,0.1950991451740265,-0.30874115228652954,0.6267545223236084,0.19635364413261414,-0.3087734878063202,0.6310908198356628,0.1979208141565323,-0.30878159403800964,0.6161648035049438,0.1930600255727768,-0.2820919156074524,0.6151697039604187,0.19264762103557587,-0.282174289226532,0.6142295002937317,0.19210344552993774,-0.28221315145492554,0.6478776335716248,0.22072410583496094,-0.2792925238609314,0.6231561899185181,0.20631252229213715,-0.15890654921531677,0.6162149310112,0.2353353500366211,-0.2948293685913086,0.6092879176139832,0.23150062561035156,-0.25980496406555176,0.6667739152908325,0.3401664197444916,-0.3402898907661438,0.6003381609916687,0.34522420167922974,-0.028576930984854698,0.5864207744598389,0.47559699416160583,-0.43259578943252563,0.5363465547561646,0.45135560631752014,-0.028174668550491333,0.5001997351646423,0.5220255255699158,-0.47303661704063416,0.468273401260376,0.5220414996147156,-0.13697397708892822,0.47989654541015625,0.5382577180862427,-0.5273608565330505,0.4480001926422119,0.5210636258125305,-0.15564128756523132,0.47754406929016113,0.5245968699455261,-0.5194052457809448,0.44886231422424316,0.5219264626502991,-0.19804836809635162,0.4849964678287506,0.5232747197151184,-0.4733728766441345,0.45711126923561096,0.5247864127159119,-0.16077667474746704,0.6873930096626282,0.597847044467926,-0.10758008807897568,0.6447532176971436,0.5784577131271362,0.10744281858205795,0.5876654982566833,0.5005186796188354,-0.3585490584373474,0.5493139028549194,0.4696398079395294,0.048789966851472855,0.5367515087127686,0.7246029376983643,-0.3636387884616852,0.5239788293838501,0.6836161017417908,0.05311658978462219,0.5443721413612366,0.7816435694694519,-0.3662448525428772,0.5149180889129639,0.7220059633255005,0.04960503429174423,0.4787333607673645,0.7297502160072327,-0.47040194272994995,0.46615082025527954,0.68324875831604,-0.012538818642497063,0,1
0.5888581871986389,0.20318454504013062,-0.27870047092437744,0.6013641357421875,0.19170159101486206,-0.2789405882358551,0.6050641536712646,0.19287268817424774,-0.2789466679096222,0.6089688539505005,0.19437043368816376,-0.278945654630661,0.594458818435669,0.18846294283866882,-0.2593345046043396,0.5933426022529602,0.18775226175785065,-0.259546160697937,0.5924089550971985,0.1870671957731247,-0.2595813572406769,0.6231942772865295,0.21605736017227173,-0.2519521117210388,0.6032313704490662,0.2029484063386917,-0.11675894260406494,0.5913445949554443,0.22712966799736023,-0.26904743909835815,0.5851370096206665,0.22317835688591003,-0.247086763381958,0.6383330821990967,0.33269214630126953,-0.31194978952407837,0.5803008675575256,0.3437963128089905,0.03162912279367447,0.5421180129051208,0.4524027407169342,-0.3986488878726959,0.5134671330451965,0.4380978047847748,0.046887002885341644,0.4491061270236969,0.5058427453041077,-0.436023473739624,0.4399898052215576,0.5018290281295776,-0.06488846242427826,0.4301418662071228,0.5214419364929199,-0.48949456214904785,0.42072901129722595,0.5075258612632751,-0.08095917105674744,0.4276804029941559,0.5106872320175171,-0.47780245542526245,0.42132383584976196,0.507571816444397,-0.12556371092796326,0.43454307317733765,0.5085018873214722,-0.43442314863204956,0.42946353554725647,0.5098311305046082,-0.08932563662528992,0.6660257577896118,0.5996372699737549,-0.1120399609208107,0.6275330185890198,0.5965041518211365,0.11180691421031952,0.5636138319969177,0.4779861867427826,-0.34190091490745544,0.5216153264045715,0.4644002318382263,0.05994265526533127,0.5340250730514526,0.7177355289459229,-0.2822716534137726,0.510269045829773,0.684053897857666,0.04963449388742447,0.542228102684021,0.7793404459953308,-0.27608513832092285,0.5174132585525513,0.7220450639724731,0.04565820097923279,0.47371870279312134,0.7300011515617371,-0.3497250974178314,0.4640042781829834,0.6950734257698059,-0.010538727976381779,0,1
0.5662207007408142,0.20417609810829163,-0.2945771813392639,0.5787331461906433,0.191649928689003,-0.29759156703948975,0.5826302766799927,0.19264833629131317,-0.2976413369178772,0.5869759917259216,0.1942335069179535,-0.29768407344818115,0.572006106376648,0.18873019516468048,-0.26955240964889526,0.5709843039512634,0.18771293759346008,-0.2696191668510437,0.5701183080673218,0.18668898940086365,-0.2696205973625183,0.6025407910346985,0.2154141366481781,-0.2623116374015808,0.5821271538734436,0.20214854180812836,-0.13131220638751984,0.5696082711219788,0.22815704345703125,-0.28058451414108276,0.5631462335586548,0.22372396290302277,-0.24442274868488312,0.6113950610160828,0.33271023631095886,-0.33316946029663086,0.5658557415008545,0.33918237686157227,0.03148427605628967,0.5133247375488281,0.44139379262924194,-0.41510921716690063,0.49368125200271606,0.4205355644226074,0.053925056010484695,0.42347222566604614,0.4838723838329315,-0.44718384742736816,0.41100287437438965,0.4717738628387451,-0.04405561462044716,0.3998912572860718,0.5090120434761047,-0.5020654797554016,0.39219075441360474,0.4887421131134033,-0.05157470703125,0.3983340561389923,0.5025584697723389,-0.48752298951148987,0.3935340642929077,0.4917971193790436,-0.09765519201755524,0.40492352843284607,0.4975813031196594,-0.44422397017478943,0.40025120973587036,0.4881702959537506,-0.0678376778960228,0.6444730162620544,0.604586124420166,-0.12212580442428589,0.6158091425895691,0.6002284288406372,0.1218915730714798,0.5268181562423706,0.47212761640548706,-0.23965001106262207,0.5095714330673218,0.4651608467102051,0.14776372909545898,0.5273352861404419,0.7036315202713013,-0.08313833177089691,0.5131405591964722,0.6780701875686646,0.20167548954486847,0.5346754789352417,0.7639130353927612,-0.06793780624866486,0.5183440446853638,0.7172613143920898,0.20491905510425568,0.464485228061676,0.720534086227417,-0.10227735340595245,0.46441349387168884,0.6939495205879211,0.1840783804655075,0,1
0.5573043823242188,0.2031291276216507,-0.3328965902328491,0.569815456867218,0.19060833752155304,-0.3277628421783447,0.5739141702651978,0.19190837442874908,-0.3277978003025055,0.5784870386123657,0.19430576264858246,-0.32779639959335327,0.5595012903213501,0.18750321865081787,-0.30555179715156555,0.5567508935928345,0.18612635135650635,-0.3056142032146454,0.5541490316390991,0.18478216230869293,-0.3056316375732422,0.5895082950592041,0.21496573090553284,-0.258421391248703,0.5594378709793091,0.20001472532749176,-0.157710000872612,0.5617225170135498,0.22823530435562134,-0.30537039041519165,0.5505832433700562,0.22283492982387543,-0.2768731713294983,0.5913547873497009,0.3327524960041046,-0.32482075691223145,0.542773962020874,0.3320557773113251,0.00913122110068798,0.4904600977897644,0.4380141794681549,-0.4002772271633148,0.46985793113708496,0.41459307074546814,0.004579626955091953,0.40051692724227905,0.48437172174453735,-0.4449024200439453,0.384602427482605,0.46975937485694885,-0.10156238079071045,0.3800605535507202,0.5074130296707153,-0.5008155703544617,0.36511290073394775,0.4870195686817169,-0.11315891891717911,0.37763598561286926,0.5036645531654358,-0.48862504959106445,0.36619967222213745,0.49173879623413086,-0.15563306212425232,0.3839489817619324,0.49835166335105896,-0.44342344999313354,0.3739485740661621,0.48839297890663147,-0.12322815507650375,0.6311212778091431,0.6051519513130188,-0.12049958854913712,0.5942435264587402,0.6032394766807556,0.12070828676223755,0.5241492986679077,0.4769439399242401,-0.29634544253349304,0.48711737990379333,0.47679275274276733,0.18670400977134705,0.5139247179031372,0.725416898727417,-0.19005559384822845,0.5144277215003967,0.6874365210533142,0.2629782259464264,0.5245983600616455,0.7740049362182617,-0.183536559343338,0.5318245887756348,0.7184900641441345,0.2698083519935608,0.44729796051979065,0.733398973941803,-0.23915691673755646,0.48309311270713806,0.7157869935035706,0.2480579912662506,0,1
0.5605979561805725,0.2064932882785797,-0.3275315761566162,0.5708057880401611,0.19393910467624664,-0.31899192929267883,0.5758156180381775,0.1959875375032425,-0.3189948797225952,0.5805240869522095,0.19783879816532135,-0.31894612312316895,0.5588607788085938,0.1905844360589981,-0.3027052581310272,0.5552712678909302,0.18928749859333038,-0.30278724431991577,0.5518009662628174,0.1876961588859558,-0.3028048574924469,0.5863903760910034,0.21483412384986877,-0.22776786983013153,0.5491849184036255,0.20036722719669342,-0.1597401350736618,0.5656996965408325,0.23228353261947632,-0.2939116358757019,0.5505651831626892,0.22465826570987701,-0.27258801460266113,0.5872514247894287,0.322470486164093,-0.26892417669296265,0.5253288745880127,0.33162376284599304,-0.010581634007394314,0.4909445643424988,0.43125593662261963,-0.3476647734642029,0.4579455256462097,0.41778191924095154,-0.0647042840719223,0.3940972089767456,0.4794503450393677,-0.41052675247192383,0.38415655493736267,0.47397905588150024,-0.24016156792640686,0.374333918094635,0.5014721155166626,-0.46082592010498047,0.36546844244003296,0.49134835600852966,-0.26519328355789185,0.3708416223526001,0.49686291813850403,-0.44646304845809937,0.3640356659889221,0.49311691522598267,-0.3025444746017456,0.3777056038379669,0.49075740575790405,-0.4074997305870056,0.3722938895225525,0.4902411103248596,-0.26118654012680054,0.6269052624702454,0.5991289615631104,-0.10871712863445282,0.5815513134002686,0.603911280632019,0.10840632766485214,0.5081868767738342,0.4718889892101288,-0.2966565489768982,0.4460206627845764,0.5574414730072021,0.15850454568862915,0.5168445706367493,0.7117066383361816,-0.20279958844184875,0.5365069508552551,0.6773920059204102,0.1986815631389618,0.5306096076965332,0.767984926700592,-0.19102302193641663,0.555353045463562,0.6990733742713928,0.2633337378501892,0.46211138367652893,0.7459806799888611,-0.21581490337848663,0.533707857131958,0.7270979285240173,0.15875741839408875,0,1
0.5654463171958923,0.21066205203533173,-0.24658934772014618,0.5767837762832642,0.19620592892169952,-0.23330096900463104,0.5814540386199951,0.19835104048252106,-0.23330478370189667,0.5859895348548889,0.20022974908351898,-0.2332381308078766,0.5657616853713989,0.1933506578207016,-0.22122466564178467,0.5620302557945251,0.19244177639484406,-0.22131824493408203,0.558086633682251,0.19159522652626038,-0.22134140133857727,0.5919186472892761,0.21480195224285126,-0.13612541556358337,0.5544976592063904,0.20167581737041473,-0.08424172550439835,0.5680134892463684,0.2344127595424652,-0.20979194343090057,0.5575269460678101,0.23005254566669464,-0.19490543007850647,0.5953327417373657,0.31416723132133484,-0.19418784976005554,0.5269224047660828,0.3341067135334015,0.042842283844947815,0.5038137435913086,0.41555583477020264,-0.2980216145515442,0.463750422000885,0.42531517148017883,-0.03375435620546341,0.40625128149986267,0.46919652819633484,-0.3575303852558136,0.3927101492881775,0.47863250970840454,-0.22485049068927765,0.38226640224456787,0.49425968527793884,-0.40210309624671936,0.3750259280204773,0.49795570969581604,-0.253145307302475,0.37852978706359863,0.48973506689071655,-0.38660892844200134,0.37538641691207886,0.49723947048187256,-0.2866506278514862,0.38707637786865234,0.48328351974487305,-0.35411396622657776,0.3817002475261688,0.4922984540462494,-0.24537810683250427,0.6267139315605164,0.5955733060836792,-0.10175957530736923,0.5807492136955261,0.6053674817085266,0.10133184492588043,0.5126160383224487,0.46673572063446045,-0.3145366907119751,0.45142287015914917,0.5425305366516113,0.032744646072387695,0.5253256559371948,0.6995935440063477,-0.26027804613113403,0.5342129468917847,0.6745836734771729,-0.017898069694638252,0.5359384417533875,0.7453001141548157,-0.25122448801994324,0.5513193607330322,0.6974592804908752,-0.01981896162033081,0.4670438766479492,0.7495324015617371,-0.28733664751052856,0.5243765115737915,0.727143406867981,-0.05834261327981949,0,1
0.5926986932754517,0.21155674755573273,-0.25364381074905396,0.6024109721183777,0.1974703073501587,-0.24133315682411194,0.6070340275764465,0.19941236078739166,-0.24133577942848206,0.6111125946044922,0.20103469491004944,-0.2412891834974289,0.5893297791481018,0.19333331286907196,-0.22945502400398254,0.5849465131759644,0.19244293868541718,-0.2295548915863037,0.580581545829773,0.19161149859428406,-0.22955124080181122,0.615139901638031,0.21482297778129578,-0.1459309160709381,0.5735248327255249,0.20142604410648346,-0.09529106318950653,0.5985082387924194,0.23583431541919708,-0.21739935874938965,0.5815282464027405,0.23154664039611816,-0.2028169184923172,0.615484893321991,0.3110065162181854,-0.2000969648361206,0.5378402471542358,0.32932373881340027,0.043998606503009796,0.5233676433563232,0.4114365577697754,-0.2900225520133972,0.4802602231502533,0.42519670724868774,-0.0272253155708313,0.42840108275413513,0.45217365026474,-0.3421444296836853,0.41181284189224243,0.4599914848804474,-0.24016721546649933,0.4083136022090912,0.47474971413612366,-0.38469836115837097,0.39367830753326416,0.474384605884552,-0.2673868238925934,0.40427693724632263,0.4681403636932373,-0.3715086579322815,0.3958323299884796,0.46984630823135376,-0.29944348335266113,0.4117524027824402,0.46169131994247437,-0.3389700949192047,0.4004611372947693,0.4692823588848114,-0.26025670766830444,0.6290069222450256,0.5925531387329102,-0.10014007985591888,0.5825945138931274,0.6020764708518982,0.09972637891769409,0.5139237642288208,0.4670874774456024,-0.2808723747730255,0.46085554361343384,0.521905779838562,0.033227305859327316,0.5285680294036865,0.6960287094116211,-0.2270343005657196,0.524715006351471,0.6925856471061707,-0.020153675228357315,0.5426667332649231,0.7436922788619995,-0.21943369507789612,0.5458108186721802,0.7154091000556946,-0.025435710325837135,0.4725189805030823,0.7483968138694763,-0.2514459788799286,0.5013348460197449,0.7385807633399963,-0.06485418230295181,0,1
0.634514331817627,0.21635182201862335,-0.20640678703784943,0.6424218416213989,0.20028354227542877,-0.1921461522579193,0.6469420790672302,0.20227311551570892,-0.19214992225170135,0.6513451933860779,0.20419995486736298,-0.192117378115654,0.6287891864776611,0.19680950045585632,-0.18020671606063843,0.6241527199745178,0.19544672966003418,-0.1803191602230072,0.619559109210968,0.1943330317735672,-0.18034520745277405,0.6536692380905151,0.21552154421806335,-0.0930301696062088,0.6113275289535522,0.20373615622520447,-0.041008852422237396,0.6382917761802673,0.24002304673194885,-0.16949328780174255,0.6221395134925842,0.2373233139514923,-0.1546744853258133,0.6544293165206909,0.31202584505081177,-0.14895065128803253,0.5813533663749695,0.3253018260002136,0.09682391583919525,0.5672348141670227,0.4088764488697052,-0.2374386340379715,0.5203701257705688,0.41458192467689514,0.033515024930238724,0.47532135248184204,0.450798362493515,-0.28428444266319275,0.4545052647590637,0.45512479543685913,-0.2001299113035202,0.45269742608070374,0.4670349657535553,-0.3241899013519287,0.4355507791042328,0.46493127942085266,-0.238918274641037,0.44889146089553833,0.45855623483657837,-0.3191588819026947,0.43541431427001953,0.46038126945495605,-0.264322966337204,0.4556005895137787,0.4560370445251465,-0.28386735916137695,0.4420091211795807,0.46106937527656555,-0.22009935975074768,0.6624883413314819,0.5921341180801392,-0.09962403029203415,0.617878794670105,0.5992311835289001,0.09922312200069427,0.5514837503433228,0.4644118547439575,-0.2628350257873535,0.5115218758583069,0.4777013957500458,0.018422938883304596,0.5357104539871216,0.6965089440345764,-0.2926630675792694,0.5117915868759155,0.6924329400062561,-0.09418769180774689,0.5479058027267456,0.7593745589256287,-0.2965509295463562,0.5225866436958313,0.7384549379348755,-0.10840082168579102,0.4787778854370117,0.7313467264175415,-0.3572787642478943,0.45833247900009155,0.7364605665206909,-0.1712891310453415,0,1
0.6705653071403503,0.2217329889535904,-0.14853444695472717,0.679129421710968,0.20567633211612701,-0.13283205032348633,0.6836137175559998,0.20704233646392822,-0.13283438980579376,0.6880292296409607,0.2086920440196991,-0.13275636732578278,0.6660866737365723,0.2021072655916214,-0.12173040211200714,0.6611882448196411,0.20042744278907776,-0.12184514105319977,0.6566795110702515,0.19933390617370605,-0.12188379466533661,0.6914104223251343,0.22017669677734375,-0.03659402206540108,0.6483774185180664,0.2083752453327179,0.011615858413279057,0.6743794679641724,0.2461370825767517,-0.11340795457363129,0.657529890537262,0.24330970644950867,-0.0996258333325386,0.6912322640419006,0.31681352853775024,-0.0988934189081192,0.6176760792732239,0.32596614956855774,0.13232938945293427,0.6079810261726379,0.4060347378253937,-0.20585234463214874,0.5527317523956299,0.4150927662849426,0.08987779915332794,0.5131630301475525,0.4427582323551178,-0.27799028158187866,0.4836124777793884,0.452117383480072,-0.09099753201007843,0.49304383993148804,0.45304641127586365,-0.315393328666687,0.4615841507911682,0.4531022310256958,-0.11520536243915558,0.49048155546188354,0.4489738941192627,-0.30740711092948914,0.4630185663700104,0.45384088158607483,-0.1473069190979004,0.4973490834236145,0.4474913775920868,-0.27686089277267456,0.4724012315273285,0.45498448610305786,-0.11046797037124634,0.6919839382171631,0.5883914828300476,-0.09663762152194977,0.6456934213638306,0.5926014184951782,0.09629026055335999,0.5781644582748413,0.4806579649448395,-0.29414835572242737,0.5448182821273804,0.4750032126903534,-0.006288096308708191,0.5413674116134644,0.7168271541595459,-0.38623207807540894,0.5130098462104797,0.6992781162261963,-0.12973327934741974,0.5484296083450317,0.7883346676826477,-0.39477258920669556,0.524125874042511,0.7363205552101135,-0.144022136926651,0.48708176612854004,0.7459644675254822,-0.470730721950531,0.46274805068969727,0.7124233841896057,-0.2097155600786209,0,1
0.7033745646476746,0.22728750109672546,-0.1427994668483734,0.7112535238265991,0.2109326273202896,-0.12685248255729675,0.7158650159835815,0.21160587668418884,-0.12684686481952667,0.7204145193099976,0.21247462928295135,-0.12678125500679016,0.698443591594696,0.20784971117973328,-0.11622951924800873,0.6938608288764954,0.20646606385707855,-0.11634933948516846,0.6886664032936096,0.20575211942195892,-0.11637282371520996,0.724609375,0.2231416553258896,-0.033545978367328644,0.68075031042099,0.21430227160453796,0.011451383121311665,0.7083261013031006,0.2503265142440796,-0.10876084864139557,0.6918784976005554,0.24867504835128784,-0.0958154946565628,0.7296634912490845,0.3155820369720459,-0.09660756587982178,0.6564034223556519,0.3233133554458618,0.13128569722175598,0.655700147151947,0.3960742652416229,-0.2111874520778656,0.589465856552124,0.3980257213115692,0.0820562094449997,0.5585052371025085,0.4179537892341614,-0.2904554605484009,0.5392643213272095,0.42421239614486694,-0.20900335907936096,0.5381576418876648,0.4309348165988922,-0.3287180960178375,0.5197387933731079,0.4328186511993408,-0.24137115478515625,0.5352500677108765,0.4279404580593109,-0.31866025924682617,0.5242375731468201,0.4316791892051697,-0.260957807302475,0.5430548191070557,0.42618608474731445,-0.2878761887550354,0.5325557589530945,0.4303261637687683,-0.22468829154968262,0.7221927642822266,0.5798940658569336,-0.09372013807296753,0.6774899363517761,0.5751804709434509,0.09341391175985336,0.6033945083618164,0.5064582824707031,-0.28385382890701294,0.5705708265304565,0.478470116853714,-0.007082611322402954,0.5446850061416626,0.7273967266082764,-0.3752089738845825,0.515721321105957,0.7004913091659546,-0.1261761486530304,0.5481262803077698,0.7909491658210754,-0.3841404616832733,0.5251180529594421,0.7373793721199036,-0.13986656069755554,0.4866247773170471,0.7391760945320129,-0.4585460126399994,0.46302300691604614,0.6988332271575928,-0.19732017815113068,0,1
0.7202821969985962,0.2364339828491211,-0.1611042320728302,0.7289766073226929,0.21697215735912323,-0.1481313407421112,0.7340425848960876,0.216560497879982,-0.14811262488365173,0.7384449243545532,0.21675409376621246,-0.14804789423942566,0.7156636714935303,0.2179812788963318,-0.13565310835838318,0.7120187878608704,0.21804121136665344,-0.13575567305088043,0.7091048955917358,0.2184980809688568,-0.13577592372894287,0.746989369392395,0.22616174817085266,-0.04160438850522041,0.7084016799926758,0.22635118663311005,-0.007043921388685703,0.730341911315918,0.25695687532424927,-0.12951217591762543,0.7139210104942322,0.2586306929588318,-0.11366304010152817,0.7663389444351196,0.31946948170661926,-0.11586086452007294,0.6890889406204224,0.3235273063182831,0.1226588636636734,0.6936872601509094,0.3968634307384491,-0.21502384543418884,0.6300212740898132,0.39247655868530273,0.13715673983097076,0.6144531965255737,0.41814228892326355,-0.2802931070327759,0.5741273164749146,0.4162573516368866,0.0007706102915108204,0.5920921564102173,0.4309786856174469,-0.3120967745780945,0.5494087934494019,0.427612841129303,-0.011544090695679188,0.5892459750175476,0.4263237714767456,-0.3057020902633667,0.5505433082580566,0.4240330159664154,-0.038290973752737045,0.5968765616416931,0.4251002073287964,-0.27827924489974976,0.5588051080703735,0.4231964647769928,-0.014803120866417885,0.744213342666626,0.5801020860671997,-0.09511558711528778,0.7012916803359985,0.5658107399940491,0.09491874277591705,0.6223630905151367,0.5281558036804199,-0.2687283754348755,0.5910366177558899,0.49261292815208435,-0.0005805442342534661,0.5472407341003418,0.7310483455657959,-0.3456732928752899,0.5190208554267883,0.7013917565345764,-0.06733913719654083,0.5483213067054749,0.7880805134773254,-0.360401451587677,0.5205318927764893,0.7416535019874573,-0.0767812579870224,0.4906470775604248,0.7192550897598267,-0.4244382977485657,0.4652177691459656,0.6915791034698486,-0.13164201378822327,0,1
0.7360093593597412,0.2571412920951843,-0.04131380468606949,0.7416645288467407,0.23878873884677887,-0.041465114802122116,0.7460708618164062,0.23633639514446259,-0.04144096374511719,0.7505406141281128,0.23412558436393738,-0.04140587896108627,0.7326005101203918,0.2436075359582901,-0.020117832347750664,0.7301795482635498,0.24455922842025757,-0.020190205425024033,0.7279825806617737,0.24540069699287415,-0.02025284245610237,0.7655729651451111,0.23511749505996704,-0.00463114632293582,0.7339940071105957,0.24608618021011353,0.0921013131737709,0.746756911277771,0.2733178734779358,-0.02619977295398712,0.7371705770492554,0.27810731530189514,0.0021075010299682617,0.7976275682449341,0.3227763772010803,-0.08407493680715561,0.7210191488265991,0.32505476474761963,0.19672515988349915,0.743730366230011,0.41232168674468994,-0.21173326671123505,0.6655913591384888,0.39389681816101074,0.1695692390203476,0.6572439074516296,0.4201357066631317,-0.2837349772453308,0.6043733358383179,0.41664212942123413,-0.018838930875062943,0.6341737508773804,0.43055495619773865,-0.31676939129829407,0.5861098170280457,0.42539548873901367,-0.04077453911304474,0.6305323839187622,0.42382457852363586,-0.3081660568714142,0.587131142616272,0.4219791889190674,-0.06526970863342285,0.6390759348869324,0.4241166114807129,-0.28000861406326294,0.5943833589553833,0.4209020733833313,-0.03605771064758301,0.7603446245193481,0.5804076194763184,-0.09984666109085083,0.719551682472229,0.562549352645874,0.09972304850816727,0.6343787908554077,0.5488032102584839,-0.2529227137565613,0.6085497140884399,0.5135869979858398,-0.019845135509967804,0.5485097169876099,0.7386608719825745,-0.3315303325653076,0.5235148072242737,0.7011547684669495,-0.10346124321222305,0.5482674241065979,0.7886220216751099,-0.34115439653396606,0.5153681039810181,0.7432534098625183,-0.1123708039522171,0.4915114939212799,0.7211883664131165,-0.40905165672302246,0.46499156951904297,0.6758140325546265,-0.16528721153736115,0,1
0.7463703155517578,0.27117791771888733,0.04553993418812752,0.7509298324584961,0.25411850214004517,0.0382823571562767,0.7545307874679565,0.2524299919605255,0.038264743983745575,0.7585409283638,0.25085437297821045,0.03828490525484085,0.7457557320594788,0.25666674971580505,0.0630599707365036,0.7448689937591553,0.2571534216403961,0.06297948956489563,0.7441466450691223,0.2575140595436096,0.06289117783308029,0.7776308059692383,0.24854505062103271,0.02546805515885353,0.7561551928520203,0.25787776708602905,0.13738428056240082,0.7567532658576965,0.2887706160545349,0.04087594524025917,0.7495835423469543,0.2910941541194916,0.0736003965139389,0.8206237554550171,0.32281187176704407,-0.05024521425366402,0.7455241680145264,0.33837997913360596,0.18824568390846252,0.790927529335022,0.41233453154563904,-0.1712932288646698,0.6956072449684143,0.42267876863479614,0.1855810135602951,0.7149413824081421,0.4128890633583069,-0.26420849561691284,0.6384710073471069,0.4255638122558594,0.05172083526849747,0.695983350276947,0.41833505034446716,-0.29343828558921814,0.6223586797714233,0.428072452545166,0.028571149334311485,0.6926560401916504,0.4078608751296997,-0.29276520013809204,0.6239162683486938,0.42488598823547363,0.007283459417521954,0.6994174122810364,0.40753045678138733,-0.2636938691139221,0.6298475861549377,0.42402932047843933,0.0361504964530468,0.7716814279556274,0.5766163468360901,-0.08149532973766327,0.7278099060058594,0.5588934421539307,0.08154554665088654,0.6473401188850403,0.5756620168685913,-0.21410012245178223,0.6228650808334351,0.5438833832740784,-0.050895899534225464,0.5559364557266235,0.7477977275848389,-0.3317669928073883,0.5255461931228638,0.6964832544326782,-0.18144428730010986,0.548355221748352,0.7922881841659546,-0.34273627400398254,0.5166079998016357,0.7398859858512878,-0.19617804884910583,0.4954286515712738,0.7247346639633179,-0.41706523299217224,0.4640704095363617,0.668053150177002,-0.2527005970478058,0,1
0.756578803062439,0.28028228878974915,0.052614569664001465,0.7612296342849731,0.26210683584213257,0.04763982445001602,0.7648354172706604,0.25993356108665466,0.04760940745472908,0.7694646120071411,0.2571437954902649,0.04757101088762283,0.7561730742454529,0.26373323798179626,0.07021216303110123,0.7553542852401733,0.2636517584323883,0.070191390812397,0.754675030708313,0.2635304033756256,0.0701320469379425,0.7912198901176453,0.2534562945365906,0.04389062523841858,0.7675231099128723,0.2631477415561676,0.1480422466993332,0.7662677764892578,0.29433730244636536,0.05160364508628845,0.7599979639053345,0.2966179847717285,0.08195339143276215,0.8374195098876953,0.3234773278236389,-0.015056530945003033,0.760242223739624,0.34457775950431824,0.18489474058151245,0.8271659016609192,0.4321627616882324,-0.11295664310455322,0.728498637676239,0.4507913291454315,0.1730344593524933,0.7478666305541992,0.40855681896209717,-0.19424422085285187,0.678285539150238,0.43745726346969604,0.029231280088424683,0.7302626967430115,0.41311532258987427,-0.22098520398139954,0.6616747379302979,0.43731677532196045,0.0001261331490240991,0.7313394546508789,0.40039756894111633,-0.22142823040485382,0.6625043153762817,0.43272387981414795,-0.020816896110773087,0.7346872091293335,0.4009647071361542,-0.19383971393108368,0.667884886264801,0.43365511298179626,0.01326269656419754,0.7788357734680176,0.5752272605895996,-0.0742715373635292,0.7372161746025085,0.554660439491272,0.07439463585615158,0.6603258848190308,0.6069574952125549,-0.20170807838439941,0.6342738270759583,0.5694484710693359,-0.05382249876856804,0.5588940382003784,0.757500946521759,-0.33569085597991943,0.5254338979721069,0.6965288519859314,-0.1943739354610443,0.5483278632164001,0.7995396852493286,-0.3488921821117401,0.5161491632461548,0.7411194443702698,-0.21076273918151855,0.49527984857559204,0.724922239780426,-0.42386287450790405,0.4643888473510742,0.6659586429595947,-0.2667252719402313,0,1
0.7587715983390808,0.2752545177936554,0.03316212072968483,0.7640156745910645,0.2573375105857849,0.030563224107027054,0.7676740288734436,0.2555335462093353,0.030541207641363144,0.7720062732696533,0.25325649976730347,0.030483882874250412,0.7577382326126099,0.25879183411598206,0.05208377167582512,0.7567290663719177,0.2587442696094513,0.05209534615278244,0.7558115124702454,0.25873488187789917,0.05203371122479439,0.7910693287849426,0.24966876208782196,0.04514427110552788,0.7665262222290039,0.260163277387619,0.14645510911941528,0.769309401512146,0.2911500930786133,0.039984606206417084,0.7622498273849487,0.2934107184410095,0.06944246590137482,0.8406974673271179,0.316960871219635,0.011246605776250362,0.7653689384460449,0.3410457968711853,0.20062661170959473,0.8632935285568237,0.45912137627601624,-0.06424614042043686,0.7495819330215454,0.4537650942802429,0.1633148193359375,0.7829871773719788,0.41053086519241333,-0.10875783860683441,0.717499852180481,0.43010905385017395,-0.017600446939468384,0.7631417512893677,0.41551050543785095,-0.12619850039482117,0.7047626972198486,0.43317341804504395,-0.051757920533418655,0.7634564638137817,0.40187427401542664,-0.11558147519826889,0.7069889307022095,0.42518454790115356,-0.05765027552843094,0.7675844430923462,0.4020833671092987,-0.10110980272293091,0.7135013341903687,0.4249262511730194,-0.02720203436911106,0.7848497033119202,0.5724668502807617,-0.07102583348751068,0.7408766150474548,0.5491384863853455,0.07109974324703217,0.669101357460022,0.6224946975708008,-0.19469615817070007,0.6389690637588501,0.5873193144798279,-0.0522097647190094,0.5587388277053833,0.7602462768554688,-0.3169451951980591,0.5292136669158936,0.697963535785675,-0.1799464225769043,0.5483177900314331,0.8059929609298706,-0.32934364676475525,0.5174431800842285,0.745146632194519,-0.1949845403432846,0.48809319734573364,0.7285405397415161,-0.4122447967529297,0.46308499574661255,0.6682575941085815,-0.2505686581134796,0,1
0.7597466111183167,0.2545631527900696,0.02442450448870659,0.7658199071884155,0.23729169368743896,0.020100856199860573,0.769966721534729,0.235580176115036,0.020073983818292618,0.7743697166442871,0.23375946283340454,0.020014043897390366,0.7595287561416626,0.2408531755208969,0.04220099002122879,0.7586021423339844,0.24192357063293457,0.04219437390565872,0.7577419281005859,0.24280792474746704,0.04211730882525444,0.793171763420105,0.23169955611228943,0.03592488914728165,0.7702789306640625,0.24759648740291595,0.13234058022499084,0.769680380821228,0.27005717158317566,0.028431087732315063,0.762444257736206,0.2714107036590576,0.05885199457406998,0.8441370725631714,0.31656575202941895,0.003334860084578395,0.7661650776863098,0.33228442072868347,0.1817898154258728,0.8648875951766968,0.46901729702949524,-0.07676473259925842,0.7503719925880432,0.45833614468574524,0.14825865626335144,0.798693060874939,0.4037333130836487,-0.12457660585641861,0.7213821411132812,0.4150258004665375,-0.024102333933115005,0.7803252339363098,0.40217360854148865,-0.1422956883907318,0.7091342210769653,0.41356369853019714,-0.057528428733348846,0.7783153057098389,0.38524630665779114,-0.130877286195755,0.7104693055152893,0.40605926513671875,-0.06586497277021408,0.782746434211731,0.38567084074020386,-0.11777777969837189,0.7167640328407288,0.4068399965763092,-0.03467964380979538,0.7883460521697998,0.5716296434402466,-0.06503601372241974,0.7407199740409851,0.5459097027778625,0.06521982699632645,0.6724700331687927,0.6397362947463989,-0.1582275778055191,0.6407572031021118,0.6011202335357666,-0.04935654252767563,0.5582214593887329,0.7601970434188843,-0.25174573063850403,0.5287939310073853,0.6978306770324707,-0.15598826110363007,0.5482012629508972,0.8057041764259338,-0.2622903287410736,0.5150081515312195,0.74253249168396,-0.16941790282726288,0.4881429672241211,0.7457671165466309,-0.34799879789352417,0.46367964148521423,0.6673861742019653,-0.23591473698616028,0,1
0.7652097940444946,0.25477680563926697,0.05688204616308212,0.7714731097221375,0.23794689774513245,0.05336393043398857,0.7749049663543701,0.23613384366035461,0.05331772565841675,0.7792383432388306,0.23394493758678436,0.05324297398328781,0.7650740742683411,0.24153363704681396,0.07562292367219925,0.7640267014503479,0.24234837293624878,0.07563403993844986,0.7631058096885681,0.24313309788703918,0.07555298507213593,0.7988719940185547,0.23215197026729584,0.05494440346956253,0.776307225227356,0.2476305365562439,0.15901543200016022,0.775269627571106,0.27056050300598145,0.057638734579086304,0.7680944204330444,0.27191609144210815,0.08824752271175385,0.848763644695282,0.3281625807285309,0.01188951451331377,0.7682844400405884,0.3330637514591217,0.19350162148475647,0.8429452180862427,0.47659972310066223,-0.040800515562295914,0.7412543296813965,0.45718103647232056,0.21593233942985535,0.770088791847229,0.40699729323387146,-0.08279212564229965,0.7041741013526917,0.42892172932624817,0.0996396616101265,0.7511463761329651,0.4031032919883728,-0.10367288440465927,0.696347177028656,0.4255602955818176,0.0725044459104538,0.7497793436050415,0.38888582587242126,-0.10184036195278168,0.7016485929489136,0.41821038722991943,0.047566257417201996,0.7547866106033325,0.3890577554702759,-0.08021813631057739,0.7147399187088013,0.41895943880081177,0.08265061676502228,0.7876588702201843,0.570488452911377,-0.06518922746181488,0.7395343780517578,0.5444729328155518,0.06536044180393219,0.674769937992096,0.6314980983734131,-0.20633354783058167,0.6458821296691895,0.6031558513641357,-0.0538153275847435,0.5581554174423218,0.7596188187599182,-0.3041534721851349,0.5292743444442749,0.6954306364059448,-0.1720816195011139,0.5482007265090942,0.8056342005729675,-0.3142434358596802,0.5177381634712219,0.7370014786720276,-0.18718218803405762,0.4916352331638336,0.7442461848258972,-0.391640841960907,0.46347346901893616,0.6622058153152466,-0.24594351649284363,0,1
0.7747074365615845,0.2551213502883911,-0.045691028237342834,0.7823342680931091,0.23835547268390656,-0.04118887335062027,0.7868428230285645,0.23628288507461548,-0.041235193610191345,0.791547954082489,0.23419536650180817,-0.04125303030014038,0.7746071219444275,0.2415315806865692,-0.02794092521071434,0.7723932862281799,0.2419690042734146,-0.02795790135860443,0.7703272700309753,0.2424713373184204,-0.028041040524840355,0.8079274296760559,0.23691362142562866,-0.0029963215347379446,0.7798272371292114,0.24765871465206146,0.058797687292099,0.7840772271156311,0.27201634645462036,-0.03153860941529274,0.7749041318893433,0.2721709907054901,-0.013100194744765759,0.8441988825798035,0.34128010272979736,-0.048014845699071884,0.7645060420036316,0.34158381819725037,0.11616814136505127,0.806567370891571,0.4650627076625824,-0.12392909824848175,0.708147406578064,0.44503524899482727,0.11212153732776642,0.7219983339309692,0.4757143557071686,-0.20356109738349915,0.6512190103530884,0.4570801258087158,-0.00584233645349741,0.7032332420349121,0.48810654878616333,-0.23186740279197693,0.6368979215621948,0.46295759081840515,-0.036127083003520966,0.7013671398162842,0.47669199109077454,-0.23940670490264893,0.6375106573104858,0.4590568244457245,-0.0600254125893116,0.7056469321250916,0.4720739722251892,-0.20690064132213593,0.6439933776855469,0.45811593532562256,-0.021991029381752014,0.78602135181427,0.5690698623657227,-0.06254835426807404,0.7390404343605042,0.543990433216095,0.06265415251255035,0.6718546152114868,0.6308882236480713,-0.20533061027526855,0.6445311307907104,0.5999232530593872,-0.061788368970155716,0.5563316345214844,0.7535877823829651,-0.3097633719444275,0.5351192355155945,0.6998642086982727,-0.19287925958633423,0.5456401109695435,0.8040144443511963,-0.32119765877723694,0.520892858505249,0.7411243915557861,-0.20899131894111633,0.4912005364894867,0.7274867296218872,-0.4030844271183014,0.4664275646209717,0.6659405827522278,-0.27136844396591187,0,1
0.7740455269813538,0.24564044177532196,-0.16996335983276367,0.7840054035186768,0.23056049644947052,-0.16604627668857574,0.7882426977157593,0.2301410734653473,-0.1660374253988266,0.7932108640670776,0.23003101348876953,-0.16599997878074646,0.7753047943115234,0.23000063002109528,-0.1532936990261078,0.773327648639679,0.22985650599002838,-0.15337811410427094,0.7712063193321228,0.2294028401374817,-0.1534816026687622,0.8078305125236511,0.23693892359733582,-0.12018529325723648,0.7786610722541809,0.2381782978773117,-0.06378871947526932,0.7816186547279358,0.2675396800041199,-0.15155771374702454,0.7724844217300415,0.2658669650554657,-0.13479721546173096,0.8288834691047668,0.3400072753429413,-0.15869712829589844,0.7551460862159729,0.3387477397918701,0.03375094011425972,0.765170156955719,0.44677361845970154,-0.20921353995800018,0.6916444301605225,0.42543166875839233,0.059668414294719696,0.6972537636756897,0.5047897696495056,-0.2436797320842743,0.6290234923362732,0.4618978202342987,-0.006871584802865982,0.6800614595413208,0.5216420888900757,-0.265062540769577,0.6144629716873169,0.4753476083278656,-0.027492757886648178,0.6792793869972229,0.5112757086753845,-0.2702600359916687,0.6159085631370544,0.4745548963546753,-0.04931429773569107,0.6809424161911011,0.5032814145088196,-0.24586203694343567,0.6225071549415588,0.4716414511203766,-0.020317548885941505,0.7826271653175354,0.5699542164802551,-0.0655965805053711,0.7378405332565308,0.5440235137939453,0.06545660644769669,0.6704872250556946,0.6086828708648682,-0.21940632164478302,0.643784761428833,0.5737568140029907,-0.078812375664711,0.5602906942367554,0.7507882714271545,-0.29593706130981445,0.536634087562561,0.6996628046035767,-0.17399246990680695,0.546392560005188,0.7997673749923706,-0.30465075373649597,0.5260648131370544,0.7410866618156433,-0.1851690411567688,0.49945369362831116,0.7147214412689209,-0.387742817401886,0.4701929986476898,0.6660727858543396,-0.2518928647041321,0,1
0.7662191987037659,0.23728244006633759,-0.10163608938455582,0.7775552272796631,0.22325818240642548,-0.09926871955394745,0.7821217775344849,0.223440483212471,-0.09927734732627869,0.7872492074966431,0.22418570518493652,-0.09928785264492035,0.7672861814498901,0.2219725102186203,-0.08351345360279083,0.7648569941520691,0.22166341543197632,-0.08356259763240814,0.7624517679214478,0.2212475836277008,-0.08365325629711151,0.7996396422386169,0.2361316680908203,-0.058009080588817596,0.7681374549865723,0.23023368418216705,-0.0318354107439518,0.7725812792778015,0.2600908577442169,-0.0878959447145462,0.7623186707496643,0.2595987617969513,-0.06670652329921722,0.8115826845169067,0.33433499932289124,-0.10896043479442596,0.7403699159622192,0.3364917039871216,0.13770931959152222,0.746015191078186,0.42616599798202515,-0.18131834268569946,0.677859902381897,0.42109280824661255,0.17570829391479492,0.668997585773468,0.49261727929115295,-0.22921264171600342,0.6164395213127136,0.46342721581459045,0.09724593907594681,0.6532983183860779,0.5097864866256714,-0.2559792697429657,0.5976325869560242,0.47435706853866577,0.08810487389564514,0.6517263650894165,0.4992353320121765,-0.25443127751350403,0.5978381037712097,0.47351598739624023,0.06172646954655647,0.6532018184661865,0.4924790561199188,-0.22849509119987488,0.6055640578269958,0.47188621759414673,0.08290442079305649,0.7744042277336121,0.56998610496521,-0.08315502852201462,0.7307129502296448,0.5462380647659302,0.08304828405380249,0.6609354615211487,0.5702952742576599,-0.27475887537002563,0.6372972726821899,0.5489279627799988,-0.09498019516468048,0.5601171851158142,0.7415595054626465,-0.3472035527229309,0.5362547636032104,0.7032365798950195,-0.18380555510520935,0.5475189685821533,0.7909254431724548,-0.3547458052635193,0.527814507484436,0.7476435899734497,-0.19425876438617706,0.4989107549190521,0.7098538279533386,-0.435372918844223,0.4733204245567322,0.6752431392669678,-0.2592751085758209,0,1
0.7448544502258301,0.232942596077919,-0.10898798704147339,0.7561023235321045,0.21893467009067535,-0.10152848809957504,0.7602797746658325,0.21920154988765717,-0.10153994709253311,0.7646828293800354,0.21982267498970032,-0.10149433463811874,0.7476464509963989,0.2171480655670166,-0.08326202630996704,0.7456287741661072,0.21639542281627655,-0.0833173543214798,0.7436069846153259,0.2155921310186386,-0.08338777720928192,0.7780329585075378,0.23231907188892365,-0.05014080926775932,0.7532095909118652,0.22413834929466248,-0.018153663724660873,0.7515305280685425,0.2539810538291931,-0.08988264203071594,0.7418610453605652,0.2518807351589203,-0.06616174429655075,0.7916657328605652,0.327490895986557,-0.11975522339344025,0.7262693047523499,0.3335251808166504,0.1627839356660843,0.7189823389053345,0.4233734607696533,-0.19761481881141663,0.660531222820282,0.4199499785900116,0.2102336585521698,0.6433216333389282,0.49149173498153687,-0.24161048233509064,0.5975040197372437,0.4618804156780243,0.1314772218465805,0.6234305500984192,0.5023285150527954,-0.27050721645355225,0.5817793011665344,0.47368288040161133,0.1268557608127594,0.6197584271430969,0.4923079311847687,-0.2661876976490021,0.5819841027259827,0.4731605648994446,0.09748826920986176,0.6278371810913086,0.4859510660171509,-0.2394988238811493,0.5885382890701294,0.47040829062461853,0.11621946096420288,0.7593668699264526,0.5725622177124023,-0.0994398444890976,0.7182514667510986,0.549813449382782,0.099307581782341,0.6439345479011536,0.5527523756027222,-0.3011210858821869,0.6142662763595581,0.516150712966919,-0.044294845312833786,0.5585413575172424,0.7383717894554138,-0.3457447588443756,0.535118818283081,0.7006421685218811,-0.07510428130626678,0.5496090650558472,0.7887107133865356,-0.35053950548171997,0.5226215720176697,0.7392014265060425,-0.08007679134607315,0.4986284673213959,0.706448495388031,-0.42642053961753845,0.4730134606361389,0.6725111603736877,-0.129316508769989,0,1
0.7216653823852539,0.23053133487701416,-0.1460372507572174,0.7322598695755005,0.21611963212490082,-0.13760089874267578,0.7361464500427246,0.2167131006717682,-0.13757899403572083,0.7401891946792603,0.21754314005374908,-0.1375240981578827,0.7241987586021423,0.21379731595516205,-0.11904432624578476,0.7225316762924194,0.21298043429851532,-0.11910216510295868,0.7210413217544556,0.2121841013431549,-0.11913575232028961,0.7523308992385864,0.23091769218444824,-0.07667569816112518,0.7283594012260437,0.2232825756072998,0.0006678503123112023,0.7283114194869995,0.2515866160392761,-0.12368299067020416,0.7187798023223877,0.24932660162448883,-0.09985148161649704,0.7656755447387695,0.3272627592086792,-0.14669455587863922,0.7041292190551758,0.33372732996940613,0.1508542001247406,0.687371015548706,0.4212668538093567,-0.18832114338874817,0.6382006406784058,0.42007583379745483,0.20059159398078918,0.6010376811027527,0.4795428514480591,-0.1804405152797699,0.5781152844429016,0.4625402092933655,0.1323799043893814,0.5759783983230591,0.49216222763061523,-0.20288240909576416,0.5603370070457458,0.4752567410469055,0.13006624579429626,0.5716020464897156,0.4863802194595337,-0.19900855422019958,0.5602056384086609,0.4749523103237152,0.09893946349620819,0.5829941034317017,0.4840703010559082,-0.1769576519727707,0.5672918558120728,0.4721851348876953,0.11657886207103729,0.7396689653396606,0.5809869766235352,-0.10619491338729858,0.7018230557441711,0.5621233582496643,0.10597057640552521,0.6185560822486877,0.5232012271881104,-0.27952688932418823,0.5941922664642334,0.5094086527824402,0.014945680275559425,0.5549719929695129,0.7316655516624451,-0.2792651355266571,0.5293653011322021,0.6978721022605896,0.004665188491344452,0.5498040914535522,0.7816724181175232,-0.27814412117004395,0.5210522413253784,0.7367951273918152,0.002042933367192745,0.49381399154663086,0.7088895440101624,-0.33223241567611694,0.47168177366256714,0.6759940385818481,-0.03461044654250145,0,1
0.6935662031173706,0.22785213589668274,-0.15673556923866272,0.7041042447090149,0.21430370211601257,-0.15128761529922485,0.7079125642776489,0.2151038944721222,-0.1512369066476822,0.7119811773300171,0.21604503691196442,-0.15114624798297882,0.6960893869400024,0.211961030960083,-0.13110928237438202,0.6945157647132874,0.21134784817695618,-0.13116800785064697,0.6930381059646606,0.21068812906742096,-0.1311923861503601,0.7245354652404785,0.22944214940071106,-0.09702019393444061,0.7024083137512207,0.2213432341814041,-0.008229239843785763,0.6993013620376587,0.24917659163475037,-0.1363963782787323,0.6904577612876892,0.24705325067043304,-0.11042819172143936,0.7382124662399292,0.32711678743362427,-0.16071699559688568,0.6821041703224182,0.3326142430305481,0.13246428966522217,0.6629296541213989,0.41892683506011963,-0.21210992336273193,0.6136635541915894,0.4126434326171875,0.17778827250003815,0.5723843574523926,0.47850722074508667,-0.21299651265144348,0.5459507703781128,0.4595928192138672,0.11316746473312378,0.5563658475875854,0.4877983033657074,-0.23760440945625305,0.5283374786376953,0.47151312232017517,0.1271393895149231,0.5502558350563049,0.48514488339424133,-0.23326611518859863,0.5276416540145874,0.4725157916545868,0.0770164281129837,0.558650553226471,0.48349854350090027,-0.2096494734287262,0.5350414514541626,0.4705306589603424,0.09417696297168732,0.7184986472129822,0.5881525278091431,-0.10453818738460541,0.6818781495094299,0.5652687549591064,0.10431317985057831,0.602707028388977,0.5135366320610046,-0.31196027994155884,0.5747271776199341,0.4954839050769806,0.008895369246602058,0.5476480722427368,0.7360435724258423,-0.3351864218711853,0.5238460302352905,0.6977094411849976,-0.01649327017366886,0.5486839413642883,0.7911208271980286,-0.3361687958240509,0.5189537405967712,0.7362373471260071,-0.020975755527615547,0.49109983444213867,0.7290760278701782,-0.399742066860199,0.46532344818115234,0.675796389579773,-0.061192579567432404,0,1
0.6645323038101196,0.22048772871494293,-0.21288058161735535,0.6756519079208374,0.20900309085845947,-0.2097293585538864,0.6797299385070801,0.21015553176403046,-0.2096768617630005,0.6837949156761169,0.21139806509017944,-0.20957443118095398,0.6678210496902466,0.20642171800136566,-0.18736857175827026,0.6663530468940735,0.20591367781162262,-0.187429741024971,0.6651254892349243,0.20528948307037354,-0.18745039403438568,0.6957869529724121,0.2255120575428009,-0.16119614243507385,0.6753148436546326,0.21703851222991943,-0.06237245351076126,0.6692488789558411,0.2448452264070511,-0.19478651881217957,0.6615508794784546,0.24237923324108124,-0.16599200665950775,0.711025595664978,0.3266964256763458,-0.22428719699382782,0.6542094349861145,0.332083523273468,0.08254387974739075,0.6332615613937378,0.41976454854011536,-0.29826781153678894,0.5808871388435364,0.4112416207790375,0.12018326669931412,0.5492798089981079,0.4783470630645752,-0.3293479382991791,0.5149797797203064,0.45860469341278076,0.024263372644782066,0.5268763899803162,0.4882713258266449,-0.36541157960891724,0.4918474555015564,0.46933162212371826,0.013414539396762848,0.5203677415847778,0.48460647463798523,-0.36162012815475464,0.49123066663742065,0.4711463451385498,-0.021576842293143272,0.5284579992294312,0.48252275586128235,-0.3275752663612366,0.4983537197113037,0.4703366458415985,0.005473039578646421,0.6987394690513611,0.5911508202552795,-0.10610330104827881,0.6622173190116882,0.5667005777359009,0.10589543730020523,0.5949894785881042,0.5035615563392639,-0.3544989824295044,0.5603693127632141,0.48259273171424866,-0.0030272281728684902,0.5438345670700073,0.7327641248703003,-0.3491024374961853,0.5207552313804626,0.6894862055778503,-0.009896516799926758,0.5458790063858032,0.7801292538642883,-0.3488244116306305,0.5190249085426331,0.7329661250114441,-0.012787205167114735,0.4769172668457031,0.720335066318512,-0.4288836419582367,0.4650576710700989,0.6803982853889465,-0.06069963052868843,0,1
0.6353551149368286,0.20986665785312653,-0.18551737070083618,0.6467559933662415,0.19909648597240448,-0.18537022173404694,0.650455892086029,0.2001284509897232,-0.18534287810325623,0.6543191075325012,0.20142501592636108,-0.1852537840604782,0.6398357152938843,0.1972796767950058,-0.16099070012569427,0.6386876702308655,0.1968798041343689,-0.16105100512504578,0.6376602649688721,0.19652298092842102,-0.16109535098075867,0.6666885614395142,0.21757659316062927,-0.15785610675811768,0.6490181684494019,0.20831634104251862,-0.046614859253168106,0.6397109031677246,0.23372754454612732,-0.17465925216674805,0.6327517628669739,0.23115764558315277,-0.14296872913837433,0.681351363658905,0.3249720633029938,-0.23322694003582,0.6251205205917358,0.3320799767971039,0.07802586257457733,0.5979124307632446,0.4202122092247009,-0.3223032057285309,0.5492635369300842,0.4078735411167145,0.09511028230190277,0.5073798894882202,0.48343637585639954,-0.3471928536891937,0.47390398383140564,0.4594246447086334,4.8439429519930854e-05,0.48651227355003357,0.493497371673584,-0.38674822449684143,0.45490336418151855,0.4668925106525421,-0.014334583654999733,0.4813478887081146,0.48641544580459595,-0.3808843195438385,0.4557967185974121,0.47069457173347473,-0.04930410534143448,0.48743852972984314,0.4845465421676636,-0.34571629762649536,0.46413764357566833,0.4698947072029114,-0.019767526537179947,0.6788142323493958,0.5904198288917542,-0.10546986758708954,0.6401659846305847,0.5713356137275696,0.10524754226207733,0.5805503129959106,0.47644224762916565,-0.33286231756210327,0.5451167821884155,0.46358489990234375,-0.0019098352640867233,0.5386210680007935,0.7187748551368713,-0.3493001163005829,0.5210764408111572,0.6828203201293945,-0.04186967760324478,0.5428876280784607,0.7680298089981079,-0.351052463054657,0.5274553894996643,0.7212164402008057,-0.04969938099384308,0.47294068336486816,0.7090765833854675,-0.4358108639717102,0.4652537405490875,0.6807907223701477,-0.11187601089477539,0,1
0.6068381071090698,0.20210807025432587,-0.21969279646873474,0.6185716390609741,0.190856471657753,-0.23025794327259064,0.6218122839927673,0.19149303436279297,-0.23028838634490967,0.6250871419906616,0.19254961609840393,-0.230281263589859,0.6138732433319092,0.19033892452716827,-0.19685547053813934,0.6134997010231018,0.19039060175418854,-0.1968756467103958,0.6132241487503052,0.19045117497444153,-0.1969047635793686,0.6383565068244934,0.21146461367607117,-0.23029084503650665,0.623982310295105,0.20476531982421875,-0.08087244629859924,0.6096028685569763,0.22412027418613434,-0.21923275291919708,0.6046230792999268,0.2217666357755661,-0.1757594794034958,0.6494959592819214,0.3201597332954407,-0.3173781931400299,0.6009731292724609,0.3311982750892639,0.06532563269138336,0.5586870908737183,0.42149701714515686,-0.40911349654197693,0.5267130136489868,0.4079466462135315,0.0928279235959053,0.4668422341346741,0.4831565320491791,-0.43548446893692017,0.4481176435947418,0.4595072567462921,-0.003134768921881914,0.4478726387023926,0.4932796061038971,-0.48690325021743774,0.4302009046077728,0.467632919549942,-0.013812211342155933,0.4423273205757141,0.4862716794013977,-0.4782930016517639,0.4298606812953949,0.4704274833202362,-0.05533113330602646,0.4490293860435486,0.48436838388442993,-0.43364810943603516,0.43821531534194946,0.4702603220939636,-0.025875244289636612,0.657159686088562,0.5935304164886475,-0.11798211187124252,0.6227589845657349,0.5819151997566223,0.1178383082151413,0.554535984992981,0.4563502073287964,-0.28774940967559814,0.5229276418685913,0.44179844856262207,0.04822224751114845,0.5361672639846802,0.6990166902542114,-0.17596912384033203,0.5143870711326599,0.6695301532745361,0.0533025860786438,0.5427395701408386,0.7512181401252747,-0.1652459353208542,0.5268270969390869,0.7109442353248596,0.05045226961374283,0.4741164743900299,0.7001096606254578,-0.22516867518424988,0.4648635983467102,0.6876882910728455,-0.001025679986923933,0,1
0.5806576013565063,0.19601768255233765,-0.18095101416110992,0.5924677848815918,0.18488015234470367,-0.20328089594841003,0.5954771041870117,0.18621215224266052,-0.20344023406505585,0.5986809134483337,0.18774132430553436,-0.20353195071220398,0.588034987449646,0.18323372304439545,-0.16060830652713776,0.5877463221549988,0.1834762990474701,-0.16061027348041534,0.5875743627548218,0.18367110192775726,-0.1606099158525467,0.6124911904335022,0.20794862508773804,-0.2010786533355713,0.5976132154464722,0.20008935034275055,-0.06048829108476639,0.5840636491775513,0.2173948734998703,-0.20215921103954315,0.5777908563613892,0.2158593088388443,-0.14124718308448792,0.6233507394790649,0.3192164897918701,-0.2988324761390686,0.5758249163627625,0.3313635289669037,0.07488922029733658,0.5281296372413635,0.4232725501060486,-0.387783944606781,0.5083509683609009,0.411059707403183,0.10343092679977417,0.4360507130622864,0.4752800762653351,-0.4060801863670349,0.42463192343711853,0.4630855619907379,0.0241184551268816,0.4142284393310547,0.49281659722328186,-0.45443177223205566,0.4060758650302887,0.4750240743160248,0.02171761728823185,0.412179172039032,0.48399510979652405,-0.43996864557266235,0.40595006942749023,0.4743911623954773,-0.01867389678955078,0.41678673028945923,0.4819102883338928,-0.4017394185066223,0.4133663773536682,0.4757498800754547,0.0011795826721936464,0.6438661217689514,0.6002768874168396,-0.12040714174509048,0.6095629930496216,0.5934473276138306,0.12021197378635406,0.5310941934585571,0.463847815990448,-0.22561025619506836,0.5130519866943359,0.4527253806591034,0.13402444124221802,0.5264319181442261,0.6950749754905701,-0.09269498288631439,0.5152355432510376,0.6712915897369385,0.14981356263160706,0.5348246693611145,0.7528532147407532,-0.07888737320899963,0.5267616510391235,0.7114396691322327,0.14914603531360626,0.46486538648605347,0.69903963804245,-0.12039817869663239,0.46931400895118713,0.6953893303871155,0.11348482221364975,0,1
0.5588968396186829,0.19714786112308502,-0.1545310914516449,0.5691882371902466,0.1849188655614853,-0.17711099982261658,0.5721595287322998,0.18632471561431885,-0.17723432183265686,0.5754779577255249,0.18778865039348602,-0.177291601896286,0.5656123161315918,0.1829686313867569,-0.13426926732063293,0.565661609172821,0.18308643996715546,-0.13426610827445984,0.5658591389656067,0.1831156611442566,-0.13425825536251068,0.5908066034317017,0.20760662853717804,-0.20740099251270294,0.5796045064926147,0.20004373788833618,-0.03026927076280117,0.5615646839141846,0.21801622211933136,-0.17136028409004211,0.5576637983322144,0.21638569235801697,-0.11403091251850128,0.6014405488967896,0.31913623213768005,-0.3177031874656677,0.5631314516067505,0.33609092235565186,0.1194114238023758,0.4991808831691742,0.425963819026947,-0.40839990973472595,0.4891992509365082,0.4205924868583679,0.15936125814914703,0.40582236647605896,0.475688636302948,-0.4140792489051819,0.4064668118953705,0.4726506471633911,0.09508807957172394,0.3869071304798126,0.4937683641910553,-0.4649713933467865,0.39005300402641296,0.47979307174682617,0.09888936579227448,0.3852340877056122,0.4847067594528198,-0.4433284401893616,0.3891816735267639,0.4777701795101166,0.05965694785118103,0.38965216279029846,0.4823572039604187,-0.40690916776657104,0.39328959584236145,0.4806400239467621,0.0746353417634964,0.6296311616897583,0.6046862006187439,-0.13404695689678192,0.6054028272628784,0.6054810285568237,0.13394983112812042,0.5161164402961731,0.4657553732395172,-0.1601506620645523,0.5015998482704163,0.4547114372253418,0.191604346036911,0.5137313604354858,0.6953496932983398,0.04490320757031441,0.5156909227371216,0.6715567708015442,0.2665797472000122,0.5253276228904724,0.7439743280410767,0.06716379523277283,0.5283498764038086,0.710613489151001,0.27322620153427124,0.46523046493530273,0.6987805366516113,0.06402899324893951,0.47327321767807007,0.6971295475959778,0.26086121797561646,0,1
0.544686496257782,0.1963142603635788,-0.15921147167682648,0.5559385418891907,0.1827065646648407,-0.1917949765920639,0.5586667656898499,0.18417342007160187,-0.19187845289707184,0.5617901086807251,0.18571814894676208,-0.1919175386428833,0.552660346031189,0.18026992678642273,-0.1448589712381363,0.5528748631477356,0.18022742867469788,-0.1448175609111786,0.5533088445663452,0.17996548116207123,-0.1447964757680893,0.5759345293045044,0.20689532160758972,-0.23563320934772491,0.5672630667686462,0.1989874690771103,-0.04159362241625786,0.5472086668014526,0.21833637356758118,-0.18286535143852234,0.5439835786819458,0.2165593057870865,-0.11842687427997589,0.5851137638092041,0.32051882147789,-0.3384609818458557,0.5517086982727051,0.3389480412006378,0.11253169924020767,0.4795868396759033,0.42906609177589417,-0.4261513650417328,0.47188106179237366,0.42477619647979736,0.14702525734901428,0.39116171002388,0.479914128780365,-0.44018101692199707,0.3883158266544342,0.4830054044723511,0.07705698907375336,0.3714936673641205,0.5015659332275391,-0.49550336599349976,0.3730199337005615,0.4944297671318054,0.07879688590765,0.3682606816291809,0.49459123611450195,-0.47282499074935913,0.3689653277397156,0.4938773214817047,0.03610687702894211,0.3743574023246765,0.4905271828174591,-0.4332504868507385,0.37570834159851074,0.49136531352996826,0.05528906732797623,0.6232454180717468,0.6041494011878967,-0.13954344391822815,0.6008063554763794,0.6028252243995667,0.1394573301076889,0.499722421169281,0.46494314074516296,-0.20497123897075653,0.483185350894928,0.4619431495666504,0.17637202143669128,0.5181896686553955,0.6959162354469299,0.004776853136718273,0.5162348747253418,0.6734343767166138,0.2594735026359558,0.5429759621620178,0.7357547283172607,0.03042352758347988,0.5401611924171448,0.703361451625824,0.2680050730705261,0.4758809208869934,0.7536275386810303,0.04444747418165207,0.4937564730644226,0.7294989824295044,0.26430362462997437,0,1
0.5454165935516357,0.19499853253364563,-0.15749192237854004,0.5565898418426514,0.1815744787454605,-0.18245787918567657,0.5593414306640625,0.1829800009727478,-0.1825367957353592,0.5624861717224121,0.18426378071308136,-0.18255853652954102,0.5533775687217712,0.17922809720039368,-0.14049032330513,0.5535000562667847,0.17926697432994843,-0.1404663771390915,0.553827702999115,0.17913267016410828,-0.14046747982501984,0.576015830039978,0.2035617232322693,-0.22174128890037537,0.5666311979293823,0.19631753861904144,-0.039288561791181564,0.5481382012367249,0.2171904444694519,-0.17257769405841827,0.5437920689582825,0.21570847928524017,-0.1173454076051712,0.5867543816566467,0.32054224610328674,-0.32126274704933167,0.5504820346832275,0.33733537793159485,0.10005737841129303,0.48780590295791626,0.42905232310295105,-0.4097307622432709,0.4786398410797119,0.42186272144317627,0.1188744455575943,0.3973959684371948,0.4790142774581909,-0.42513370513916016,0.39879167079925537,0.4800463318824768,0.02655249461531639,0.37832561135292053,0.5009908676147461,-0.4785105586051941,0.38096851110458374,0.49205780029296875,0.023580271750688553,0.37572380900382996,0.4940330386161804,-0.4571637511253357,0.37766188383102417,0.4925319254398346,-0.02271123044192791,0.38226550817489624,0.4900006949901581,-0.41863346099853516,0.384921669960022,0.48975664377212524,0.0024869320914149284,0.625787615776062,0.6038199067115784,-0.13685575127601624,0.5971509218215942,0.6013992428779602,0.13683593273162842,0.5073007941246033,0.46557727456092834,-0.2119896411895752,0.46818408370018005,0.4784128963947296,0.19214875996112823,0.5195605754852295,0.6959546804428101,-0.027811234816908836,0.5345798134803772,0.6702322363853455,0.2331770658493042,0.5412606000900269,0.730944812297821,-0.005252580624073744,0.551762044429779,0.6912736892700195,0.23866121470928192,0.4756293296813965,0.7517858743667603,0.003774906974285841,0.5206676721572876,0.722135603427887,0.24079811573028564,0,1
0.5532684326171875,0.19543355703353882,-0.2328580617904663,0.5650307536125183,0.18186332285404205,-0.24200506508350372,0.5676845908164978,0.18306253850460052,-0.24206605553627014,0.570284366607666,0.18428730964660645,-0.2421061098575592,0.5616282224655151,0.17936068773269653,-0.20979337394237518,0.5616068243980408,0.1794908046722412,-0.20982913672924042,0.5617190003395081,0.17943193018436432,-0.20984618365764618,0.5788699984550476,0.20288708806037903,-0.2320418655872345,0.574458122253418,0.1950213611125946,-0.08537561446428299,0.5532187223434448,0.21845181286334991,-0.22762715816497803,0.5517966747283936,0.21618904173374176,-0.185139998793602,0.5993399620056152,0.31914258003234863,-0.31908273696899414,0.5570418238639832,0.33542370796203613,0.06166454032063484,0.5167249441146851,0.4290409982204437,-0.4009338319301605,0.48481082916259766,0.4200710654258728,0.09553192555904388,0.4206973612308502,0.4723145663738251,-0.42325201630592346,0.3995308578014374,0.46976980566978455,-0.0017162807052955031,0.3915560245513916,0.49563220143318176,-0.4755423069000244,0.38528677821159363,0.48404639959335327,-0.00985817052423954,0.3892422318458557,0.48698318004608154,-0.45769357681274414,0.37913939356803894,0.4864969849586487,-0.05354570597410202,0.3954082131385803,0.4842177927494049,-0.4183267652988434,0.38801681995391846,0.4819544851779938,-0.024606332182884216,0.6304999589920044,0.6023267507553101,-0.12398666143417358,0.6006555557250977,0.6008679866790771,0.12375931441783905,0.5100980997085571,0.4664202034473419,-0.2376071959733963,0.4791366159915924,0.4866175055503845,0.1567091941833496,0.5333958864212036,0.6960936188697815,-0.06007997319102287,0.5155369639396667,0.6842896938323975,0.18767724931240082,0.5496023893356323,0.7383824586868286,-0.03936493396759033,0.5325578451156616,0.7149127721786499,0.19056330621242523,0.48395997285842896,0.7405337691307068,-0.04535587877035141,0.4756552278995514,0.7232326865196228,0.17885082960128784,0,1
0.5860545635223389,0.20224103331565857,-0.25130772590637207,0.5952231287956238,0.1862756311893463,-0.25434044003486633,0.5987290143966675,0.18633003532886505,-0.2543783187866211,0.6029421091079712,0.1863808035850525,-0.25439533591270447,0.5893813371658325,0.18570762872695923,-0.22378869354724884,0.5886781811714172,0.18541431427001953,-0.22383809089660645,0.5880932211875916,0.18492870032787323,-0.2238646298646927,0.6208513975143433,0.20326268672943115,-0.2303878366947174,0.6018413305282593,0.19657295942306519,-0.08072735369205475,0.592332661151886,0.2263297140598297,-0.2373323142528534,0.5864862203598022,0.22392494976520538,-0.19691413640975952,0.6418859362602234,0.3201344311237335,-0.2956313490867615,0.5900744199752808,0.3312729597091675,0.06945615261793137,0.5591155290603638,0.42713257670402527,-0.3837016820907593,0.520591139793396,0.4093110263347626,0.11574648320674896,0.46488770842552185,0.47185346484184265,-0.414724200963974,0.44465142488479614,0.46884995698928833,0.002096734242513776,0.4457186162471771,0.4920085072517395,-0.46500858664512634,0.42918914556503296,0.47531136870384216,-0.009248314425349236,0.44341498613357544,0.4828849732875824,-0.4530884623527527,0.4288739562034607,0.47774738073349,-0.05398605391383171,0.45005813241004944,0.479604035615921,-0.411712646484375,0.4341413378715515,0.47914746403694153,-0.022084584459662437,0.6609618067741394,0.6019788384437561,-0.1236809641122818,0.6241365671157837,0.6005823612213135,0.12343166768550873,0.5521813631057739,0.4655403196811676,-0.3046533167362213,0.5170906186103821,0.48315101861953735,0.08215146511793137,0.5367171764373779,0.7062368988990784,-0.22747480869293213,0.5107757449150085,0.7021889686584473,0.05201737955212593,0.5495811700820923,0.76568204164505,-0.21907179057598114,0.5247838497161865,0.742554247379303,0.04637972265481949,0.48304423689842224,0.7217897772789001,-0.2653806507587433,0.45832714438438416,0.7254006266593933,0.004702049307525158,0,1
0.6246755123138428,0.21567274630069733,-0.238468199968338,0.6317999362945557,0.1990581452846527,-0.24056418240070343,0.6357452273368835,0.19805888831615448,-0.24059203267097473,0.6402579545974731,0.197013258934021,-0.24059495329856873,0.6258808374404907,0.19975632429122925,-0.21231500804424286,0.6250938177108765,0.19951894879341125,-0.21239104866981506,0.6243241429328918,0.19909939169883728,-0.21242567896842957,0.6587753295898438,0.20775125920772552,-0.19071105122566223,0.6364954710006714,0.20616762340068817,-0.07548236101865768,0.6322985291481018,0.23794125020503998,-0.22579297423362732,0.6260786056518555,0.2375299483537674,-0.18591643869876862,0.6817137002944946,0.32060614228248596,-0.24984586238861084,0.6258996725082397,0.33109331130981445,0.07394731789827347,0.5989620089530945,0.421893447637558,-0.33275192975997925,0.5593494176864624,0.40856674313545227,0.11612478643655777,0.5080856084823608,0.4524637460708618,-0.35937198996543884,0.4845675826072693,0.4580068290233612,0.004597794730216265,0.4866030216217041,0.4673941731452942,-0.40076255798339844,0.4676854610443115,0.4574347734451294,-0.007532424293458462,0.4843335747718811,0.4572623372077942,-0.3904416859149933,0.4671611189842224,0.45681461691856384,-0.04862484708428383,0.4919568598270416,0.45825687050819397,-0.3568044900894165,0.4740418791770935,0.458944708108902,-0.01795208267867565,0.6941187977790833,0.5950954556465149,-0.11562354862689972,0.655213475227356,0.5886317491531372,0.11534704267978668,0.5841273069381714,0.478139191865921,-0.3339768350124359,0.548575222492218,0.4811384975910187,0.05662646144628525,0.5444186925888062,0.7150208950042725,-0.34873467683792114,0.5140366554260254,0.6989387273788452,0.005482795648276806,0.5521476864814758,0.7836907505989075,-0.3496711552143097,0.5262530446052551,0.7365604639053345,-0.0019206271972507238,0.49000343680381775,0.7343423366546631,-0.41670769453048706,0.4627229571342468,0.7052570581436157,-0.046322885900735855,0,1
0.6640185117721558,0.22435814142227173,-0.19378222525119781,0.670527458190918,0.20530809462070465,-0.1888612061738968,0.6749520897865295,0.20406091213226318,-0.1888124942779541,0.6797870397567749,0.202793687582016,-0.1887390911579132,0.664429783821106,0.20691439509391785,-0.16903652250766754,0.6634681224822998,0.20698919892311096,-0.16913823783397675,0.6625115275382996,0.20702511072158813,-0.16920873522758484,0.6970903873443604,0.21107183396816254,-0.13447746634483337,0.6712676882743835,0.2130795121192932,-0.043675366789102554,0.672412097454071,0.24519895017147064,-0.17277823388576508,0.6652361750602722,0.2455386072397232,-0.14619222283363342,0.7235789895057678,0.3200201690196991,-0.19344592094421387,0.6601623296737671,0.3268931210041046,0.09008918702602386,0.6452930569648743,0.41136714816093445,-0.26799923181533813,0.5967411994934082,0.3892612159252167,0.14524398744106293,0.552717387676239,0.43772122263908386,-0.29898470640182495,0.5297711491584778,0.4293271005153656,0.05465364456176758,0.533416211605072,0.45133671164512634,-0.3309483230113983,0.5140708088874817,0.43706178665161133,0.047083787620067596,0.5306202173233032,0.44405031204223633,-0.32181206345558167,0.5143263936042786,0.4351487457752228,0.012854231521487236,0.5368815660476685,0.44192788004875183,-0.29555049538612366,0.521067202091217,0.43527933955192566,0.03649941831827164,0.725881040096283,0.5789225697517395,-0.10495863109827042,0.6858490109443665,0.5679962635040283,0.10469405353069305,0.6069805026054382,0.5067393183708191,-0.31984221935272217,0.576504647731781,0.48492002487182617,0.03462463989853859,0.5451529026031494,0.7247979044914246,-0.3569955825805664,0.5194074511528015,0.7000037431716919,-0.03035583719611168,0.5515421628952026,0.7877224683761597,-0.362981379032135,0.5268808007240295,0.7398173809051514,-0.03840666636824608,0.485107421875,0.7307167649269104,-0.4329451620578766,0.46461328864097595,0.7004489898681641,-0.08050038665533066,0,1
0.6998076438903809,0.23630954325199127,-0.17254415154457092,0.7068983316421509,0.21721769869327545,-0.17618229985237122,0.7105528116226196,0.21569637954235077,-0.17615191638469696,0.7148892283439636,0.21420766413211823,-0.17609485983848572,0.7005433440208435,0.21855810284614563,-0.15409132838249207,0.6994027495384216,0.2180110365152359,-0.15420077741146088,0.6983970403671265,0.21752674877643585,-0.15425407886505127,0.7307059168815613,0.2193680703639984,-0.15022894740104675,0.7077752351760864,0.22120752930641174,-0.04807461053133011,0.7087892293930054,0.25331631302833557,-0.160965695977211,0.7013484239578247,0.253532737493515,-0.13153786957263947,0.7639214992523193,0.32098448276519775,-0.21000878512859344,0.690544605255127,0.32167544960975647,0.07409007847309113,0.6886564493179321,0.4124310314655304,-0.2909306585788727,0.6262833476066589,0.3801333010196686,0.11294475942850113,0.6025071740150452,0.43573319911956787,-0.31962454319000244,0.5621016025543213,0.4043717682361603,0.0076587507501244545,0.5809886455535889,0.446405827999115,-0.35346823930740356,0.5467389822006226,0.41204002499580383,-0.004325024783611298,0.5779353380203247,0.43918853998184204,-0.34606873989105225,0.5465759038925171,0.4113769829273224,-0.031884897500276566,0.5841394066810608,0.43422234058380127,-0.3164394199848175,0.5529115796089172,0.411199152469635,-0.008856890723109245,0.7510908246040344,0.5775184035301208,-0.09825128316879272,0.7090296149253845,0.5566376447677612,0.09818144887685776,0.6356281042098999,0.5425826907157898,-0.2991969585418701,0.6037212610244751,0.5042771100997925,0.009552650153636932,0.5505184531211853,0.7287503480911255,-0.34213560819625854,0.526093065738678,0.6991455554962158,-0.0350479856133461,0.551421046257019,0.7842531204223633,-0.34867388010025024,0.5271538496017456,0.7335957884788513,-0.04152572527527809,0.49616193771362305,0.7168205380439758,-0.4345831871032715,0.46513065695762634,0.6850292682647705,-0.0919865220785141,0,1
0.7256067991256714,0.24871826171875,-0.041237905621528625,0.7325029969215393,0.2321120798587799,-0.04826529324054718,0.7363867163658142,0.2302616983652115,-0.048258811235427856,0.7405024766921997,0.2281959503889084,-0.04819777235388756,0.7257112264633179,0.23408158123493195,-0.025483474135398865,0.7245490550994873,0.23385709524154663,-0.0255616195499897,0.7237309813499451,0.2336452454328537,-0.02565174736082554,0.7578344345092773,0.22870105504989624,-0.0444050207734108,0.7354655861854553,0.23356527090072632,0.058982908725738525,0.7364005446434021,0.2666483521461487,-0.03731932118535042,0.7281497716903687,0.26829805970191956,-0.007142023183405399,0.7957679033279419,0.32477033138275146,-0.11738407611846924,0.7177354097366333,0.32064980268478394,0.15354225039482117,0.7411683797836304,0.42351534962654114,-0.22147974371910095,0.6606711149215698,0.3867798149585724,0.20294389128684998,0.653661847114563,0.44194042682647705,-0.2880144715309143,0.5939304828643799,0.4119305908679962,0.11075598001480103,0.6323860883712769,0.44872796535491943,-0.3178042471408844,0.577887773513794,0.4197704792022705,0.09954763203859329,0.6261643171310425,0.44030120968818665,-0.31249701976776123,0.57769376039505,0.41741520166397095,0.07316170632839203,0.6332910656929016,0.43985942006111145,-0.2853281497955322,0.5849125385284424,0.41666844487190247,0.09486507624387741,0.7689695954322815,0.578000545501709,-0.09410125762224197,0.7245492935180664,0.5537944436073303,0.0941108763217926,0.6495426297187805,0.5820359587669373,-0.24480211734771729,0.6177056431770325,0.5336052179336548,-0.04195818305015564,0.5492203831672668,0.7490888237953186,-0.33275240659713745,0.5312740802764893,0.6940553188323975,-0.11477474868297577,0.5457011461257935,0.7946851253509521,-0.34182271361351013,0.5321766138076782,0.732334554195404,-0.12280597537755966,0.4951609969139099,0.7304202318191528,-0.4281840920448303,0.46845632791519165,0.677182137966156,-0.17451882362365723,0,1
0.7484835982322693,0.25996020436286926,-0.014040728099644184,0.7546761631965637,0.24165019392967224,-0.014835154637694359,0.7590824365615845,0.24035678803920746,-0.014822503551840782,0.7636604905128479,0.23907314240932465,-0.014771930873394012,0.7473194599151611,0.24387012422084808,0.003673798870295286,0.7459853887557983,0.2441832274198532,0.0035841192584484816,0.7445510625839233,0.2445031702518463,0.003495169337838888,0.7792562246322632,0.2396233081817627,0.006828115787357092,0.7548213005065918,0.24419429898262024,0.08878014981746674,0.7595783472061157,0.27935701608657837,-0.004647465422749519,0.7503188252449036,0.28197363018989563,0.019327161833643913,0.8152531385421753,0.33366596698760986,-0.05444923788309097,0.7425055503845215,0.32431575655937195,0.16413703560829163,0.776032567024231,0.4545426666736603,-0.12186131626367569,0.6886428594589233,0.4066820740699768,0.19035162031650543,0.6951398849487305,0.4714300036430359,-0.15942785143852234,0.6322206854820251,0.4129478335380554,0.003492133691906929,0.6752747893333435,0.4812527596950531,-0.1809675395488739,0.619091808795929,0.4223730266094208,-0.02414402738213539,0.6739228367805481,0.4705978035926819,-0.18069739639759064,0.6185046434402466,0.42116579413414,-0.03976542130112648,0.6773659586906433,0.46532055735588074,-0.15731213986873627,0.6238187551498413,0.42063018679618835,-0.009896313771605492,0.7812002301216125,0.5730460286140442,-0.07549461722373962,0.7398759126663208,0.5444024205207825,0.07547406852245331,0.6648114919662476,0.6009900569915771,-0.1893487274646759,0.6333521008491516,0.5680045485496521,-0.05769651383161545,0.555190920829773,0.7586170434951782,-0.2846541404724121,0.5346795320510864,0.6948804259300232,-0.15282978117465973,0.5487596988677979,0.8001126050949097,-0.2947087287902832,0.5321025252342224,0.730259895324707,-0.16331389546394348,0.4949165880680084,0.7325875759124756,-0.37992599606513977,0.47070541977882385,0.6741235256195068,-0.22228789329528809,0,1
0.7577946782112122,0.26125943660736084,-0.01643039658665657,0.7644580602645874,0.242276132106781,-0.01548777800053358,0.7681745290756226,0.24074985086917877,-0.015498767606914043,0.7733298540115356,0.2388925552368164,-0.015521521680057049,0.7572339773178101,0.2454437017440796,0.004345034249126911,0.7558585405349731,0.24607044458389282,0.004300008527934551,0.7548272013664246,0.24669407308101654,0.00421260017901659,0.7925151586532593,0.2403954416513443,0.010384744964540005,0.7651742696762085,0.24824665486812592,0.10240451246500015,0.7676076889038086,0.27829158306121826,-0.006069201044738293,0.7591782808303833,0.28019291162490845,0.020700013265013695,0.8308695554733276,0.34265029430389404,-0.02043967694044113,0.7522065043449402,0.33545124530792236,0.16367168724536896,0.810821533203125,0.49193984270095825,-0.07052527368068695,0.7103744745254517,0.4359966218471527,0.13606593012809753,0.7307871580123901,0.48204541206359863,-0.10062329471111298,0.6678181886672974,0.4207826256752014,-0.06729559600353241,0.7102187871932983,0.48474690318107605,-0.12107598781585693,0.6555384397506714,0.42364028096199036,-0.10521582514047623,0.7093998193740845,0.47186267375946045,-0.12072362750768661,0.6550880670547485,0.42263251543045044,-0.12054022401571274,0.7164474725723267,0.4687768816947937,-0.0980776995420456,0.6606370806694031,0.4220588207244873,-0.0816028043627739,0.7821817994117737,0.5715380907058716,-0.06677147001028061,0.7366563081741333,0.5431984066963196,0.06678004562854767,0.6727523803710938,0.6341658234596252,-0.20894570648670197,0.639819324016571,0.5895876288414001,-0.07868541777133942,0.5585213303565979,0.7656927108764648,-0.33090171217918396,0.5338090062141418,0.695783793926239,-0.19943085312843323,0.5501803159713745,0.806135892868042,-0.3464469313621521,0.5270533561706543,0.7279568910598755,-0.2139693796634674,0.4985494017601013,0.7539994716644287,-0.45739245414733887,0.4699455797672272,0.6717838644981384,-0.2879504859447479,0,1
0.7592828273773193,0.256567120552063,0.004493081010878086,0.7658458948135376,0.2395017445087433,0.006368509493768215,0.7700682878494263,0.2381005436182022,0.006361597683280706,0.7745881676673889,0.23522797226905823,0.0063153160735964775,0.7585538625717163,0.2428053766489029,0.026064401492476463,0.7568560838699341,0.24401013553142548,0.026038488373160362,0.7552845478057861,0.24513810873031616,0.025957118719816208,0.7925431728363037,0.23395779728889465,0.03347774222493172,0.7660588026046753,0.24597850441932678,0.12863853573799133,0.7688745260238647,0.27338507771492004,0.01563616283237934,0.7606487274169922,0.27561384439468384,0.04321179538965225,0.8356771469116211,0.341246098279953,0.012320724315941334,0.7543797492980957,0.3356468975543976,0.19098083674907684,0.8465515971183777,0.4958726763725281,-0.04608624428510666,0.7376359105110168,0.4578503370285034,0.1951606720685959,0.7690145969390869,0.48974570631980896,-0.1096845418214798,0.700012743473053,0.4337945580482483,0.03832784295082092,0.7476260662078857,0.49385499954223633,-0.12939327955245972,0.6862765550613403,0.4334413707256317,0.006094726733863354,0.745543360710144,0.475713312625885,-0.1267840415239334,0.6839832067489624,0.42540910840034485,-0.00868166796863079,0.7504349946975708,0.471832811832428,-0.10631471872329712,0.6907307505607605,0.4256123900413513,0.025402506813406944,0.7860804796218872,0.5769884586334229,-0.0655917376279831,0.7374412417411804,0.5463995337486267,0.06566344946622849,0.6735246181488037,0.6433567404747009,-0.21171888709068298,0.6399812698364258,0.5853017568588257,-0.10722740739583969,0.5575296878814697,0.777356743812561,-0.32268601655960083,0.5334094166755676,0.6961546540260315,-0.21924836933612823,0.5476147532463074,0.8045166730880737,-0.33432719111442566,0.5210505127906799,0.7293883562088013,-0.23336192965507507,0.4927903115749359,0.7670039534568787,-0.43775779008865356,0.4651626944541931,0.6632220149040222,-0.3130131959915161,0,1
0.7559192180633545,0.2532466948032379,0.012906799092888832,0.7634028792381287,0.2360129952430725,0.01050480268895626,0.767257571220398,0.23446424305438995,0.010482082143425941,0.7718909978866577,0.2322351485490799,0.010446565225720406,0.756158173084259,0.23828251659870148,0.03150365874171257,0.754915714263916,0.23934423923492432,0.0314580537378788,0.7538958787918091,0.24043308198451996,0.031357377767562866,0.789189875125885,0.23246192932128906,0.021110016852617264,0.7666626572608948,0.24425211548805237,0.1202944666147232,0.7655003666877747,0.2700541913509369,0.018015209585428238,0.7581068277359009,0.27269309759140015,0.04693474620580673,0.8310297727584839,0.3404315710067749,-0.008980395272374153,0.7537413835525513,0.3367413282394409,0.17901161313056946,0.8414791226387024,0.4945310354232788,-0.06699054688215256,0.7350091934204102,0.4576399624347687,0.20274026691913605,0.764952540397644,0.4974116086959839,-0.11714278161525726,0.6926532983779907,0.44536200165748596,0.08007758855819702,0.7443163394927979,0.5034555196762085,-0.13468722999095917,0.6782066226005554,0.44955042004585266,0.05359550565481186,0.7418947815895081,0.4887458384037018,-0.13363075256347656,0.6781281232833862,0.4383179843425751,0.03640270605683327,0.7468622922897339,0.4812001585960388,-0.11415340006351471,0.683935284614563,0.4380817711353302,0.06692149490118027,0.7848923206329346,0.5783414244651794,-0.06663208454847336,0.7383071184158325,0.5469195246696472,0.06673742085695267,0.6734735369682312,0.6511954665184021,-0.19279791414737701,0.6378923058509827,0.5912365913391113,-0.09084281325340271,0.5571423172950745,0.7740169763565063,-0.2933546006679535,0.5287300944328308,0.6966116428375244,-0.19889894127845764,0.5455701351165771,0.8037617802619934,-0.3048045039176941,0.5159339904785156,0.7340095639228821,-0.2123449593782425,0.49283871054649353,0.7634152770042419,-0.40112414956092834,0.4640654921531677,0.6647987961769104,-0.2829838693141937,0,1
0.7539736032485962,0.2502959072589874,0.02588319219648838,0.7617055773735046,0.23282578587532043,0.02654840424656868,0.7655177116394043,0.23163169622421265,0.0265224426984787,0.7701274156570435,0.2301238626241684,0.026477504521608353,0.7544213533401489,0.23394635319709778,0.04640843719244003,0.7529836297035217,0.23440663516521454,0.046376097947359085,0.7518798112869263,0.23478330671787262,0.04627465829253197,0.7867788076400757,0.23135226964950562,0.04073917865753174,0.7644847631454468,0.241099551320076,0.13418063521385193,0.7630124688148499,0.26828137040138245,0.031280118972063065,0.7556738257408142,0.2707090377807617,0.05853717401623726,0.8278354406356812,0.33762121200561523,0.0010636358056217432,0.7503128051757812,0.33912909030914307,0.18075866997241974,0.8257416486740112,0.4930289685726166,-0.05189626291394234,0.7242752909660339,0.4537859261035919,0.19245733320713043,0.7456250786781311,0.4938087463378906,-0.09157474339008331,0.6841897368431091,0.4507138431072235,0.05938484147191048,0.7248978614807129,0.4984005093574524,-0.1097336858510971,0.6704394221305847,0.45607638359069824,0.03767996281385422,0.7231635451316833,0.48073968291282654,-0.10763714462518692,0.6724965572357178,0.4450678825378418,0.022128021344542503,0.7281800508499146,0.47780829668045044,-0.0882270336151123,0.6767748594284058,0.4454910159111023,0.04636687412858009,0.7828606367111206,0.5729912519454956,-0.06291190534830093,0.7366995215415955,0.5454672574996948,0.06296555697917938,0.6756381392478943,0.6426470279693604,-0.20168647170066833,0.6386102437973022,0.5934863090515137,-0.09084070473909378,0.5578259229660034,0.7806144952774048,-0.32144248485565186,0.5277910828590393,0.6993981003761292,-0.21071794629096985,0.5463643670082092,0.8051642775535583,-0.33479082584381104,0.5150572657585144,0.7365192770957947,-0.22533249855041504,0.4934622645378113,0.7687994241714478,-0.43309029936790466,0.46418046951293945,0.665583610534668,-0.2928985059261322,0,1
0.7505039572715759,0.24415472149848938,-0.05369289591908455,0.7587549090385437,0.22769421339035034,-0.05617138743400574,0.7624882459640503,0.22694797813892365,-0.05619833990931511,0.7666391134262085,0.2257251888513565,-0.05621079355478287,0.7524361610412598,0.22787705063819885,-0.03579917922616005,0.7517721056938171,0.22808429598808289,-0.03587736934423447,0.7511811256408691,0.22826695442199707,-0.03597881644964218,0.7828064560890198,0.22843590378761292,-0.04508129507303238,0.7636884450912476,0.23661494255065918,0.04736752435564995,0.7586438655853271,0.2633126974105835,-0.04851023852825165,0.7519773244857788,0.264166921377182,-0.021419454365968704,0.8230660557746887,0.33477264642715454,-0.08038222044706345,0.7453118562698364,0.3378136157989502,0.11801022291183472,0.8061577081680298,0.48730430006980896,-0.12950225174427032,0.7042461633682251,0.4509435296058655,0.14908918738365173,0.7269845008850098,0.4786984324455261,-0.16761159896850586,0.6540679335594177,0.4502459168434143,0.028072219341993332,0.7064085602760315,0.48260074853897095,-0.18775704503059387,0.6388533115386963,0.4549960196018219,0.006521315313875675,0.7051025032997131,0.469414085149765,-0.18688228726387024,0.6361365914344788,0.446539044380188,-0.015188954770565033,0.7105444073677063,0.46564024686813354,-0.1652623862028122,0.6425787210464478,0.4471077024936676,0.01276968140155077,0.7826169729232788,0.5677729249000549,-0.06649403274059296,0.7360565662384033,0.5441842675209045,0.06653611361980438,0.6712138652801514,0.6234397888183594,-0.2049664705991745,0.6379215121269226,0.576046347618103,-0.07766029238700867,0.5595799684524536,0.7726189494132996,-0.2789154648780823,0.5309873819351196,0.7004581689834595,-0.15355636179447174,0.5496131181716919,0.8049806356430054,-0.2874336540699005,0.5245847105979919,0.7413488626480103,-0.16334839165210724,0.4990819990634918,0.7531848549842834,-0.37671875953674316,0.46704965829849243,0.667290985584259,-0.22762241959571838,0,1
0.7373380661010742,0.23962506651878357,-0.04810069501399994,0.7450804114341736,0.22303888201713562,-0.05032800883054733,0.7487837076187134,0.2227315902709961,-0.05034855008125305,0.7527798414230347,0.22228214144706726,-0.05031443387269974,0.7403063178062439,0.2229367196559906,-0.028620993718504906,0.739686131477356,0.22308574616909027,-0.02872084639966488,0.7390716671943665,0.22333721816539764,-0.028823193162679672,0.7690607309341431,0.22734883427619934,-0.03974296897649765,0.7512310743331909,0.23381108045578003,0.05693256855010986,0.7444009780883789,0.26050272583961487,-0.04385203495621681,0.7384739518165588,0.2603870630264282,-0.015587938018143177,0.8089061975479126,0.33335113525390625,-0.08998116850852966,0.7293442487716675,0.3379027545452118,0.13311660289764404,0.7833012342453003,0.4762645661830902,-0.17637178301811218,0.6788367033004761,0.4504280388355255,0.12775924801826477,0.6974440217018127,0.47445520758628845,-0.24343399703502655,0.6319250464439392,0.4536774456501007,-0.03242063894867897,0.6787238717079163,0.4767265021800995,-0.270276814699173,0.6170637011528015,0.4605351388454437,-0.05892143398523331,0.6771529316902161,0.4643569886684418,-0.26369526982307434,0.6157649755477905,0.4542616903781891,-0.07794053852558136,0.6823893189430237,0.4614119529724121,-0.23967286944389343,0.6223199963569641,0.4529264271259308,-0.04732861369848251,0.7738777995109558,0.5693166255950928,-0.08044315874576569,0.728692889213562,0.5513108968734741,0.08047664165496826,0.6573148965835571,0.5753517150878906,-0.2781203091144562,0.63156658411026,0.5483205914497375,-0.10009314119815826,0.5560845136642456,0.7545376420021057,-0.39248788356781006,0.5301878452301025,0.700724720954895,-0.2271990329027176,0.545590877532959,0.8013195395469666,-0.40421509742736816,0.5200445652008057,0.7426707744598389,-0.2417221963405609,0.49421724677085876,0.722515344619751,-0.5022537112236023,0.4688672423362732,0.6675940752029419,-0.31153446435928345,0,1
0.7220243215560913,0.23499663174152374,-0.03820112720131874,0.7308357954025269,0.2193182408809662,-0.03592565283179283,0.7351332902908325,0.21919098496437073,-0.03591874986886978,0.7397038340568542,0.21886995434761047,-0.03585077449679375,0.7242408990859985,0.21921826899051666,-0.016360068693757057,0.7231154441833496,0.21923957765102386,-0.016459984704852104,0.7220377922058105,0.21951332688331604,-0.01653388887643814,0.7539425492286682,0.22532100975513458,-0.011037472635507584,0.7331905961036682,0.22836293280124664,0.07668260484933853,0.7308183312416077,0.2556270658969879,-0.02852974459528923,0.7224611043930054,0.2560917139053345,-0.0037671253085136414,0.7875872850418091,0.33007171750068665,-0.08223079144954681,0.7136827707290649,0.3339574337005615,0.16227827966213226,0.7503143548965454,0.4568289816379547,-0.1850181221961975,0.6576194763183594,0.4377937316894531,0.1615953892469406,0.6671651005744934,0.46966472268104553,-0.25444239377975464,0.611076831817627,0.4520624876022339,0.02127654291689396,0.6445476412773132,0.4758904278278351,-0.2812962532043457,0.5913485288619995,0.4599696397781372,0.002035229466855526,0.6417239308357239,0.464118629693985,-0.2784448266029358,0.5906866788864136,0.454000860452652,-0.020209770649671555,0.6469957232475281,0.46132129430770874,-0.252513587474823,0.5980932712554932,0.4521297514438629,0.00614961888641119,0.7572584748268127,0.5716741681098938,-0.08638380467891693,0.7145274877548218,0.5516731142997742,0.08633623272180557,0.6425603628158569,0.5548071265220642,-0.2562602460384369,0.6106631755828857,0.5190719962120056,-0.05240986868739128,0.5558677911758423,0.7452515363693237,-0.36097273230552673,0.5289057493209839,0.6991500854492188,-0.14381644129753113,0.5482797026634216,0.7982242107391357,-0.3613240122795105,0.5197521448135376,0.7433708310127258,-0.1540149450302124,0.4947371482849121,0.7286758422851562,-0.42640918493270874,0.4676578938961029,0.6728366613388062,-0.20600147545337677,0,1
0.7011370062828064,0.2312043309211731,-0.036504510790109634,0.71086585521698,0.21586161851882935,-0.03513265401124954,0.7150498628616333,0.2152060866355896,-0.035120487213134766,0.7198926210403442,0.21450304985046387,-0.03505728021264076,0.7042847871780396,0.21668264269828796,-0.015013022348284721,0.7035754919052124,0.21678298711776733,-0.015105041675269604,0.7029200792312622,0.21691778302192688,-0.015189634636044502,0.7338038086891174,0.22380195558071136,-0.010921942070126534,0.7150148749351501,0.22517932951450348,0.08357412368059158,0.7096454501152039,0.25134360790252686,-0.02813451550900936,0.7024654150009155,0.2517843544483185,-0.0019105607643723488,0.7639569044113159,0.32922014594078064,-0.09672532975673676,0.6941850781440735,0.33317291736602783,0.17573915421962738,0.7154797315597534,0.4416259825229645,-0.2112000733613968,0.6352969408035278,0.42754456400871277,0.18702034652233124,0.6303919553756714,0.4689532518386841,-0.28233644366264343,0.5798560380935669,0.4471435546875,0.06426116079092026,0.6126245856285095,0.476329505443573,-0.31109702587127686,0.5619515180587769,0.4573802053928375,0.05180453509092331,0.6072052121162415,0.46517693996429443,-0.30722424387931824,0.5626152753829956,0.45328763127326965,0.028260767459869385,0.6138466000556946,0.461437851190567,-0.2800464928150177,0.568963885307312,0.4514692425727844,0.049645986407995224,0.7377046942710876,0.5820024609565735,-0.09773088246583939,0.6969454288482666,0.5583174228668213,0.09754475206136703,0.6270067691802979,0.5195652842521667,-0.29743820428848267,0.5911435484886169,0.4913942515850067,0.004025369882583618,0.5548381805419922,0.7355068922042847,-0.3486294746398926,0.5260359048843384,0.6969907283782959,-0.03523677960038185,0.5512377023696899,0.7891485691070557,-0.35372647643089294,0.5170360207557678,0.7413746118545532,-0.04017622023820877,0.4947968125343323,0.7293490171432495,-0.4073343873023987,0.4671480059623718,0.6728591322898865,-0.07713020592927933,0,1
0.6769971251487732,0.22995628416538239,-0.0599430613219738,0.6859081983566284,0.2144407331943512,-0.05546628311276436,0.68971186876297,0.2140972912311554,-0.05545616149902344,0.6944584250450134,0.21364672482013702,-0.05537388473749161,0.6798392534255981,0.21465060114860535,-0.032508816570043564,0.6790577173233032,0.21459199488162994,-0.03257680684328079,0.6783892512321472,0.21450194716453552,-0.03264515846967697,0.7098821401596069,0.22333630919456482,-0.019533593207597733,0.6891762018203735,0.22338850796222687,0.08311963081359863,0.6842066049575806,0.2495722621679306,-0.047999367117881775,0.6774910688400269,0.2497277408838272,-0.01823742501437664,0.7375263571739197,0.32581692934036255,-0.10301122814416885,0.6703513860702515,0.3331278860569,0.18873554468154907,0.6855210065841675,0.4329763948917389,-0.20740875601768494,0.6104999780654907,0.4231681823730469,0.23279587924480438,0.5979844331741333,0.47821226716041565,-0.2769666016101837,0.5464287996292114,0.4607812762260437,0.13559097051620483,0.5801995992660522,0.49633967876434326,-0.3100177049636841,0.5288764238357544,0.4705865681171417,0.12570743262767792,0.5732160806655884,0.48558443784713745,-0.30861660838127136,0.5279335379600525,0.46818622946739197,0.09564509987831116,0.5811194181442261,0.48024967312812805,-0.2758295238018036,0.5362010598182678,0.4660531282424927,0.1191728338599205,0.7213608026504517,0.5867605209350586,-0.10169736295938492,0.6806618571281433,0.5655945539474487,0.10156062990427017,0.6108514070510864,0.5217300057411194,-0.3593171238899231,0.574860155582428,0.4957953095436096,-0.020678238943219185,0.5500587224960327,0.7365896701812744,-0.4062688946723938,0.522599458694458,0.6968370676040649,-0.07081927359104156,0.5497581958770752,0.7886877059936523,-0.4104672074317932,0.5165140628814697,0.7405020594596863,-0.0777377337217331,0.488427072763443,0.7252121567726135,-0.49282652139663696,0.46168532967567444,0.6731415390968323,-0.13118135929107666,0,1
0.6501477360725403,0.2254047840833664,-0.14776502549648285,0.659498929977417,0.2096497267484665,-0.14659260213375092,0.6638146042823792,0.2095232903957367,-0.14656557142734528,0.6685396432876587,0.20939897000789642,-0.14648015797138214,0.6532105207443237,0.20957034826278687,-0.12147543579339981,0.6522706151008606,0.20931315422058105,-0.12154339253902435,0.6514219641685486,0.20885494351387024,-0.12158485502004623,0.6828207969665527,0.22060737013816833,-0.11238404363393784,0.6636226773262024,0.21777117252349854,-0.00033104713656939566,0.6570531725883484,0.24675314128398895,-0.13558870553970337,0.6499574780464172,0.24664711952209473,-0.10304515063762665,0.7072485685348511,0.325190931558609,-0.18864771723747253,0.6444251537322998,0.33312278985977173,0.12880466878414154,0.6361571550369263,0.43080803751945496,-0.28159770369529724,0.5783300995826721,0.4240817129611969,0.15751183032989502,0.5577253699302673,0.47798848152160645,-0.3190962076187134,0.5155133605003357,0.472791463136673,0.04787250980734825,0.5339194536209106,0.5009607076644897,-0.35787004232406616,0.4950404763221741,0.4816298484802246,0.031924013048410416,0.5265597105026245,0.49454265832901,-0.3553202450275421,0.4946826100349426,0.48363250494003296,-0.0014017451321706176,0.534611165523529,0.49075108766555786,-0.3184918761253357,0.5047945380210876,0.48294466733932495,0.02867511473596096,0.7003638744354248,0.590723991394043,-0.10974623262882233,0.660592257976532,0.5720024704933167,0.10956680774688721,0.596732497215271,0.5048400163650513,-0.3682929575443268,0.5604003667831421,0.487777441740036,-0.015404489822685719,0.544519305229187,0.7337214350700378,-0.4060073792934418,0.5177028179168701,0.685398280620575,-0.0541691891849041,0.5471923351287842,0.7829025983810425,-0.4100011885166168,0.5165305137634277,0.7383849024772644,-0.060880791395902634,0.47813352942466736,0.7190371751785278,-0.4997783601284027,0.4612969756126404,0.676175594329834,-0.11654621362686157,0,1
0.6228139400482178,0.220286026597023,-0.15886925160884857,0.6325069665908813,0.20480778813362122,-0.16190862655639648,0.6362571120262146,0.20479893684387207,-0.16188746690750122,0.6403471231460571,0.20495064556598663,-0.16180136799812317,0.6261733770370483,0.20507827401161194,-0.13546600937843323,0.6253454089164734,0.20497176051139832,-0.13553288578987122,0.6247279047966003,0.2047586888074875,-0.13558802008628845,0.6544793248176575,0.2171880453824997,-0.14178577065467834,0.6374831795692444,0.213274747133255,-0.02426615171134472,0.63018399477005,0.2428860068321228,-0.15188471972942352,0.6234813928604126,0.2424291968345642,-0.11773841083049774,0.6780636310577393,0.32407665252685547,-0.21751050651073456,0.6169816851615906,0.33489325642585754,0.09645839780569077,0.604040265083313,0.4270060956478119,-0.3109779953956604,0.5497332811355591,0.4245584309101105,0.11470695585012436,0.5255445241928101,0.48760321736335754,-0.3390944004058838,0.4819890856742859,0.4850817918777466,0.00702852476388216,0.5011536478996277,0.505645215511322,-0.37928634881973267,0.4641132354736328,0.49370667338371277,-0.010283635929226875,0.4990100860595703,0.49873432517051697,-0.37656542658805847,0.4637064039707184,0.4968143403530121,-0.04515857249498367,0.502052903175354,0.4966929852962494,-0.33905309438705444,0.4714977741241455,0.4952912926673889,-0.013335330411791801,0.6804115772247314,0.5908467769622803,-0.10771968215703964,0.640809178352356,0.5766543745994568,0.10754676163196564,0.5972129702568054,0.47930485010147095,-0.3534805178642273,0.5435584783554077,0.4693746864795685,-0.013014115393161774,0.5403958559036255,0.7277723550796509,-0.3806675970554352,0.5178606510162354,0.6891965866088867,-0.06032397598028183,0.5446968078613281,0.7797096371650696,-0.38204309344291687,0.5278043150901794,0.7323333621025085,-0.06818583607673645,0.4737566113471985,0.7192697525024414,-0.48827052116394043,0.4647015631198883,0.6871094703674316,-0.13067325949668884,0,1
0.5958452820777893,0.21375170350074768,-0.23075814545154572,0.6063082218170166,0.19847339391708374,-0.23833966255187988,0.610109806060791,0.1984393447637558,-0.23836609721183777,0.6139582991600037,0.19869449734687805,-0.2383560687303543,0.6001467108726501,0.19900082051753998,-0.20865897834300995,0.5992233753204346,0.19919675588607788,-0.20869989693164825,0.5984414219856262,0.19945663213729858,-0.208729550242424,0.6292648315429688,0.21262982487678528,-0.22452668845653534,0.6103684306144714,0.20962364971637726,-0.09200038760900497,0.602773904800415,0.23599764704704285,-0.22515296936035156,0.5955244898796082,0.23558750748634338,-0.18661217391490936,0.6503012180328369,0.323771595954895,-0.3066958785057068,0.5933325886726379,0.33525922894477844,0.05493844673037529,0.5656095743179321,0.4295532703399658,-0.3969917893409729,0.5287784337997437,0.4248083233833313,0.08013058453798294,0.47761744260787964,0.49622100591659546,-0.414194256067276,0.4577929377555847,0.4881088137626648,-0.030117128044366837,0.45388102531433105,0.5126745700836182,-0.46244722604751587,0.43731945753097534,0.4949016273021698,-0.04522710293531418,0.45167890191078186,0.5039171576499939,-0.4567682147026062,0.4375160336494446,0.4952138662338257,-0.08719013631343842,0.45865750312805176,0.5016549229621887,-0.4135230481624603,0.44488221406936646,0.49582675099372864,-0.05374801903963089,0.6599231362342834,0.5978069305419922,-0.11369352042675018,0.6218321323394775,0.5874064564704895,0.1135377436876297,0.5549005270004272,0.4706369638442993,-0.29704877734184265,0.5274105072021484,0.4552459418773651,0.031476497650146484,0.5402640700340271,0.713474690914154,-0.21676841378211975,0.5161134004592896,0.6790223121643066,0.0012602437054738402,0.5456269979476929,0.76744544506073,-0.20984084904193878,0.5268553495407104,0.7223089337348938,-0.005847891792654991,0.4751587510108948,0.7196714878082275,-0.2805522084236145,0.4647131860256195,0.6929500102996826,-0.06670799851417542,0,1
0.5723620057106018,0.2133520394563675,-0.1904837042093277,0.5827846527099609,0.1977085918188095,-0.1960412710905075,0.5864614248275757,0.19733473658561707,-0.19607628881931305,0.5904103517532349,0.1974058747291565,-0.1960495114326477,0.5765165090560913,0.198460191488266,-0.16718819737434387,0.5755352973937988,0.19859425723552704,-0.16722245514392853,0.5746583938598633,0.1987408548593521,-0.16727322340011597,0.6062169671058655,0.21163223683834076,-0.17778253555297852,0.5859888792037964,0.20854327082633972,-0.04959702119231224,0.5795515179634094,0.23456276953220367,-0.1835905909538269,0.5712894201278687,0.2341604083776474,-0.1462680995464325,0.6258916854858398,0.32209450006484985,-0.26527854800224304,0.5711681842803955,0.3372364640235901,0.08047573268413544,0.5321651101112366,0.43197232484817505,-0.35603368282318115,0.5085464715957642,0.42389440536499023,0.10609124600887299,0.4460156559944153,0.4983046352863312,-0.37252554297447205,0.4323032796382904,0.48817113041877747,-0.003938150126487017,0.42441338300704956,0.519591212272644,-0.4159429669380188,0.41536903381347656,0.5006899237632751,-0.0072877490893006325,0.42328447103500366,0.5121915340423584,-0.40830931067466736,0.4150480628013611,0.4976271390914917,-0.05569245666265488,0.4302446246147156,0.5061674118041992,-0.3706435561180115,0.42146235704421997,0.4962727725505829,-0.0337054543197155,0.6415308117866516,0.60440993309021,-0.11569513380527496,0.6032893061637878,0.6016467213630676,0.1154191642999649,0.5287390947341919,0.46143338084220886,-0.26234012842178345,0.5054405331611633,0.4529533386230469,0.08095496892929077,0.5168377161026001,0.7058092355728149,-0.1799563467502594,0.511994481086731,0.6803949475288391,0.019403723999857903,0.5276736617088318,0.7559956908226013,-0.1711258590221405,0.5264660120010376,0.7231463193893433,0.010134466923773289,0.4586663246154785,0.7175365686416626,-0.22172744572162628,0.4655776917934418,0.7083083987236023,-0.042038850486278534,0,1
0.5531856417655945,0.21132594347000122,-0.18090900778770447,0.5629538297653198,0.1956126093864441,-0.18961584568023682,0.566428542137146,0.19537268579006195,-0.18965528905391693,0.5702913999557495,0.1955299824476242,-0.18962518870830536,0.55768221616745,0.19618143141269684,-0.15716499090194702,0.5570817589759827,0.1961962878704071,-0.15719567239284515,0.5566574335098267,0.19610215723514557,-0.15723630785942078,0.5870343446731567,0.2102879136800766,-0.18408098816871643,0.56886887550354,0.2057044953107834,-0.04348832368850708,0.560015857219696,0.23156777024269104,-0.17710424959659576,0.5532914400100708,0.231271892786026,-0.13652031123638153,0.6062053442001343,0.3217276632785797,-0.2793913185596466,0.5541145205497742,0.3403012454509735,0.11649508774280548,0.5080341100692749,0.4344581961631775,-0.37222301959991455,0.4901038706302643,0.42885851860046387,0.1490907073020935,0.4214278757572174,0.49729499220848083,-0.38140347599983215,0.41396594047546387,0.49310502409935,0.04429943114519119,0.3997332453727722,0.518504798412323,-0.42780619859695435,0.39905285835266113,0.5089533925056458,0.037552740424871445,0.39802250266075134,0.5101204514503479,-0.4133676588535309,0.3977348804473877,0.5044310092926025,-0.005909306462854147,0.4048566222190857,0.504726767539978,-0.3768389821052551,0.401297390460968,0.5023671388626099,0.020286306738853455,0.6271886229515076,0.6068516373634338,-0.12581142783164978,0.5889899730682373,0.6073474884033203,0.12553951144218445,0.5179443955421448,0.46364957094192505,-0.27877289056777954,0.4917888641357422,0.4546288847923279,0.10522180795669556,0.5173401832580566,0.6809613704681396,-0.12639912962913513,0.5179035663604736,0.672214686870575,0.06204894185066223,0.5272789001464844,0.7354854941368103,-0.10798569023609161,0.5356417894363403,0.7110487818717957,0.055939752608537674,0.46270686388015747,0.7177025675773621,-0.13727232813835144,0.4825407564640045,0.7202192544937134,0.009819619357585907,0,1
0.5380398631095886,0.207527756690979,-0.17813481390476227,0.5470691919326782,0.192475363612175,-0.19516035914421082,0.5500823259353638,0.19295944273471832,-0.19522219896316528,0.5536983013153076,0.19350920617580414,-0.19523540139198303,0.5435303449630737,0.1913488656282425,-0.15588274598121643,0.5436731576919556,0.19113390147686005,-0.1558811217546463,0.5439531207084656,0.19085325300693512,-0.15590207278728485,0.5712900161743164,0.20893245935440063,-0.22531548142433167,0.5598453283309937,0.20316234230995178,-0.04394947364926338,0.5422275066375732,0.22793543338775635,-0.18490755558013916,0.5383442640304565,0.22609493136405945,-0.13422612845897675,0.5839377045631409,0.32677263021469116,-0.3309117555618286,0.5476473569869995,0.34006041288375854,0.1153651624917984,0.48467183113098145,0.4452129006385803,-0.4282017648220062,0.47928038239479065,0.4336954653263092,0.15010249614715576,0.39217621088027954,0.5020632147789001,-0.4351983666419983,0.4015998840332031,0.49212324619293213,0.07113558799028397,0.37430649995803833,0.5200745463371277,-0.4916158616542816,0.38196760416030884,0.5076960921287537,0.0691598579287529,0.37180042266845703,0.5097599029541016,-0.47020500898361206,0.380751371383667,0.5004957914352417,0.023913199082016945,0.37811940908432007,0.5041250586509705,-0.4287838339805603,0.3876041769981384,0.5006772875785828,0.047914545983076096,0.6130627989768982,0.6110026240348816,-0.13711902499198914,0.5880433320999146,0.6072037816047668,0.1369697004556656,0.4863313138484955,0.4605197608470917,-0.2061852216720581,0.4723675847053528,0.45487090945243835,0.1700180470943451,0.5187399387359619,0.6761547327041626,0.02575395628809929,0.5321728587150574,0.6661281585693359,0.2356880009174347,0.5276960730552673,0.7202177047729492,0.0536591000854969,0.5513408780097961,0.6890471577644348,0.24208614230155945,0.4839145243167877,0.7414317727088928,0.09355223923921585,0.5227831602096558,0.7234601378440857,0.25102323293685913,0,1
0.534218430519104,0.2023611068725586,-0.16153044998645782,0.5447553396224976,0.18688005208969116,-0.1858399659395218,0.5475310683250427,0.18807561695575714,-0.1859196573495865,0.5505560636520386,0.1894589513540268,-0.18595388531684875,0.5415276288986206,0.18489250540733337,-0.14259687066078186,0.5418022871017456,0.184743270277977,-0.1425679326057434,0.5423070192337036,0.18449215590953827,-0.14256389439105988,0.5651824474334717,0.2071823924779892,-0.2209489345550537,0.5572036504745483,0.20054009556770325,-0.042877040803432465,0.5374683737754822,0.22451873123645782,-0.1792149841785431,0.5340599417686462,0.22234272956848145,-0.12163683027029037,0.5775732398033142,0.32812076807022095,-0.3301413655281067,0.5451363325119019,0.3387739062309265,0.10901538282632828,0.47823190689086914,0.4449543356895447,-0.4231835901737213,0.4741458296775818,0.4316708445549011,0.13369248807430267,0.39497190713882446,0.4911082088947296,-0.4249170422554016,0.3985077142715454,0.48323068022727966,0.06327345222234726,0.3739098608493805,0.5111844539642334,-0.4811097979545593,0.37700650095939636,0.49865832924842834,0.05676809698343277,0.36998963356018066,0.5032456517219543,-0.4600289762020111,0.3750064969062805,0.49532872438430786,0.010008604265749454,0.3777962625026703,0.4984937310218811,-0.41893014311790466,0.3798706829547882,0.4966781735420227,0.03269128501415253,0.6114190816879272,0.6103415489196777,-0.13812467455863953,0.5889049172401428,0.6059185266494751,0.13803955912590027,0.4843269884586334,0.4618658721446991,-0.18750494718551636,0.4668821394443512,0.455588161945343,0.18601424992084503,0.5250401496887207,0.6807487607002258,0.018772441893815994,0.5370818376541138,0.662591278553009,0.27496594190597534,0.5441588163375854,0.7154887914657593,0.04341666027903557,0.5563814043998718,0.6885793209075928,0.2830854058265686,0.490587055683136,0.7443663477897644,0.0790872722864151,0.5345351696014404,0.7289943099021912,0.29824212193489075,0,1
0.5414542555809021,0.20258405804634094,-0.2494780570268631,0.5523130893707275,0.18743345141410828,-0.25330978631973267,0.5555480718612671,0.1882789134979248,-0.25336506962776184,0.5590899586677551,0.18964919447898865,-0.25337865948677063,0.5474828481674194,0.18581120669841766,-0.22439172863960266,0.547100841999054,0.18563459813594818,-0.22440752387046814,0.5469087958335876,0.18529611825942993,-0.22443386912345886,0.5740408897399902,0.20727291703224182,-0.2204032689332962,0.5590533018112183,0.20073287189006805,-0.08866631239652634,0.5469899773597717,0.22485797107219696,-0.23554451763629913,0.5404914617538452,0.22270306944847107,-0.19769495725631714,0.5876616835594177,0.3268033564090729,-0.30574819445610046,0.5472897887229919,0.3386957347393036,0.06814046204090118,0.49396228790283203,0.432312548160553,-0.38817447423934937,0.4753723740577698,0.42574504017829895,0.08545618504285812,0.40237173438072205,0.4742300808429718,-0.41798192262649536,0.4012084901332855,0.47365549206733704,-0.029139790683984756,0.37995070219039917,0.4944217801094055,-0.47308143973350525,0.3811798691749573,0.49207279086112976,-0.04405991733074188,0.3769466280937195,0.48717308044433594,-0.4512700140476227,0.37856802344322205,0.4883439242839813,-0.08959031105041504,0.3844239115715027,0.4829675853252411,-0.4112986624240875,0.38604050874710083,0.4856090843677521,-0.053586285561323166,0.6177331209182739,0.6066918969154358,-0.1265798807144165,0.5910565853118896,0.6052505373954773,0.12621349096298218,0.4948897361755371,0.4629921317100525,-0.1719883531332016,0.4646475315093994,0.4734742343425751,0.1723698079586029,0.5259386301040649,0.6824169754981995,0.009747186675667763,0.5376713275909424,0.6627640724182129,0.2149726152420044,0.5433182716369629,0.7196012139320374,0.032192714512348175,0.5536680817604065,0.6871365308761597,0.2198370397090912,0.4800280034542084,0.7458525896072388,0.05290500447154045,0.5284034609794617,0.7269873023033142,0.22464212775230408,0,1
0.5645444989204407,0.20306718349456787,-0.25939804315567017,0.574608325958252,0.18764124810695648,-0.2604985535144806,0.5784343481063843,0.18829567730426788,-0.2605367600917816,0.5831650495529175,0.18954794108867645,-0.2605404257774353,0.567956805229187,0.18644976615905762,-0.23400036990642548,0.5667852163314819,0.18629786372184753,-0.23403313755989075,0.5655981302261353,0.18599554896354675,-0.2340599000453949,0.5989565253257751,0.2068936675786972,-0.2186010777950287,0.5759245157241821,0.20046675205230713,-0.09768494218587875,0.5701277852058411,0.2252235859632492,-0.2428435981273651,0.5626733899116516,0.22286918759346008,-0.20802387595176697,0.6177374124526978,0.3231945335865021,-0.29462242126464844,0.5600371360778809,0.3386712968349457,0.06447790563106537,0.5280357003211975,0.4250102639198303,-0.3760908544063568,0.4924001097679138,0.41924530267715454,0.10092451423406601,0.43429070711135864,0.4603063464164734,-0.41051560640335083,0.41371870040893555,0.4631491005420685,-0.005946672055870295,0.4104989469051361,0.48292863368988037,-0.4546099305152893,0.39679285883903503,0.47829800844192505,-0.017592918127775192,0.4068373739719391,0.47564423084259033,-0.44244584441185,0.39655473828315735,0.4748460650444031,-0.06033673137426376,0.4159213900566101,0.46886447072029114,-0.40688377618789673,0.40298134088516235,0.471664696931839,-0.02886275015771389,0.6360376477241516,0.60429847240448,-0.1213168129324913,0.6025972962379456,0.6037300825119019,0.12095727771520615,0.5143042206764221,0.4634283781051636,-0.19033780694007874,0.4819031357765198,0.4851154386997223,0.15789547562599182,0.5243989825248718,0.7034338116645813,-0.04280608892440796,0.5258990526199341,0.6884263157844543,0.1498798280954361,0.542878270149231,0.7407885789871216,-0.02669374644756317,0.5438408851623535,0.7198454141616821,0.14889436960220337,0.4744094908237457,0.7440177202224731,-0.03465345874428749,0.49059611558914185,0.7314556837081909,0.1317228078842163,0,1
0.5970913171768188,0.20794661343097687,-0.24170264601707458,0.6059554815292358,0.19207045435905457,-0.24530260264873505,0.6097272634506226,0.19211307168006897,-0.24534304440021515,0.6143596768379211,0.19237138330936432,-0.2453492432832718,0.599402904510498,0.1915856897830963,-0.21554574370384216,0.5984659194946289,0.19115227460861206,-0.21557264029979706,0.5976561307907104,0.1905062347650528,-0.2155977189540863,0.632731020450592,0.20902453362941742,-0.20731189846992493,0.6106571555137634,0.20239588618278503,-0.06939654052257538,0.603789210319519,0.23110872507095337,-0.22935040295124054,0.597398042678833,0.22890187799930573,-0.19065280258655548,0.6550635099411011,0.32570895552635193,-0.2774021029472351,0.5992738008499146,0.334106981754303,0.0904596596956253,0.5733219385147095,0.4241342842578888,-0.37115320563316345,0.5338602066040039,0.411490797996521,0.1248672753572464,0.4828763008117676,0.4619283378124237,-0.40376752614974976,0.46427732706069946,0.463928759098053,-0.004423853475600481,0.46020475029945374,0.48096659779548645,-0.45217975974082947,0.4466415345668793,0.4755861163139343,-0.019698331132531166,0.45680251717567444,0.4730856120586395,-0.44109946489334106,0.4455316662788391,0.47427093982696533,-0.06454803794622421,0.4641115665435791,0.4691822826862335,-0.4016900062561035,0.4505886137485504,0.47267523407936096,-0.029285853728652,0.6642905473709106,0.6029986143112183,-0.12303115427494049,0.6259632110595703,0.5993314981460571,0.12271954119205475,0.5488196611404419,0.4654313921928406,-0.3026789128780365,0.5149714350700378,0.4921085238456726,0.046531904488801956,0.534169614315033,0.7079858779907227,-0.23933205008506775,0.5063103437423706,0.7042937874794006,-0.0027266405522823334,0.5436872243881226,0.7722989320755005,-0.2328428328037262,0.5198308229446411,0.7465924024581909,-0.011157138273119926,0.474968820810318,0.7380989789962769,-0.2860129475593567,0.45018142461776733,0.7310248613357544,-0.06323544681072235,0,1
0.6350506544113159,0.21197785437107086,-0.15256841480731964,0.6428925395011902,0.1954808533191681,-0.1535162627696991,0.6464270353317261,0.1954338550567627,-0.1535065770149231,0.6508297920227051,0.19535617530345917,-0.15344150364398956,0.6370422840118408,0.19525021314620972,-0.12536221742630005,0.6361104249954224,0.19507946074008942,-0.12542983889579773,0.6352537274360657,0.1948375254869461,-0.12546783685684204,0.6686139702796936,0.20979119837284088,-0.12036509811878204,0.646454393863678,0.2058824747800827,0.00802487600594759,0.6420414447784424,0.23458148539066315,-0.14050701260566711,0.6352589130401611,0.2340065836906433,-0.10331131517887115,0.6929255723953247,0.3250449597835541,-0.19707687199115753,0.6339345574378967,0.33292335271835327,0.1370098739862442,0.6119836568832397,0.4178084135055542,-0.30312156677246094,0.5676913261413574,0.41185060143470764,0.16954991221427917,0.5255901217460632,0.4549626111984253,-0.3435952067375183,0.496091365814209,0.45811721682548523,0.049943357706069946,0.5049325227737427,0.46943432092666626,-0.38509395718574524,0.47324854135513306,0.4618511497974396,0.03578948229551315,0.5023716688156128,0.46147945523262024,-0.3743433356285095,0.4786376357078552,0.4633773863315582,-0.0027209126856178045,0.5110003352165222,0.462952196598053,-0.3406897187232971,0.4844638407230377,0.4636572599411011,0.02823060378432274,0.6930080056190491,0.5954034328460693,-0.11760109663009644,0.6542824506759644,0.5879496932029724,0.1173035129904747,0.5791844725608826,0.47810792922973633,-0.3133983612060547,0.5484548211097717,0.4865563213825226,0.035708121955394745,0.5413673520088196,0.7207212448120117,-0.3517846465110779,0.5095275640487671,0.7026362419128418,-0.03174173831939697,0.5455328822135925,0.7874765396118164,-0.35494476556777954,0.5248690843582153,0.7385174036026001,-0.04092172905802727,0.48055166006088257,0.7381951212882996,-0.4255242943763733,0.45906299352645874,0.7111333012580872,-0.09216431528329849,0,1
0.6710049510002136,0.2263135015964508,-0.08212780952453613,0.6786636114120483,0.20831039547920227,-0.07637050747871399,0.6822282075881958,0.2077493816614151,-0.076337069272995,0.686707615852356,0.20660772919654846,-0.07625171542167664,0.6720653772354126,0.20930321514606476,-0.054792799055576324,0.6709311604499817,0.20949223637580872,-0.054852575063705444,0.6699403524398804,0.20958374440670013,-0.05490806698799133,0.7040432691574097,0.21491195261478424,-0.029333677142858505,0.6799942851066589,0.21720905601978302,0.06909754127264023,0.6791720986366272,0.24585457146167755,-0.06552992761135101,0.6716952919960022,0.24673639237880707,-0.036976803094148636,0.7312155961990356,0.322574645280838,-0.10773639380931854,0.6664075255393982,0.33044928312301636,0.1772872656583786,0.658949613571167,0.4089405834674835,-0.23208585381507874,0.6064533591270447,0.40277689695358276,0.18995097279548645,0.573252260684967,0.433817982673645,-0.3083121180534363,0.5411152243614197,0.4378676116466522,0.04738370329141617,0.54985511302948,0.4462547302246094,-0.3423041105270386,0.5208731293678284,0.44480186700820923,0.03198835998773575,0.550121545791626,0.4412921965122223,-0.33399075269699097,0.5211514830589294,0.44228243827819824,0.003242087783291936,0.5555076599121094,0.440422385931015,-0.30530303716659546,0.5294855833053589,0.440777450799942,0.0298643559217453,0.7211809754371643,0.5823372006416321,-0.10321599245071411,0.6803277730941772,0.5737500786781311,0.10290026664733887,0.6057083010673523,0.5098822116851807,-0.306074857711792,0.5718413591384888,0.487222284078598,0.013039070181548595,0.5439049601554871,0.7270997166633606,-0.39898672699928284,0.5134930610656738,0.7021710872650146,-0.07604672759771347,0.547101616859436,0.7879024744033813,-0.40725716948509216,0.5292626023292542,0.7378683090209961,-0.08667491376399994,0.4830629229545593,0.7254390120506287,-0.48024097084999084,0.46089261770248413,0.6950182914733887,-0.1351936310529709,0,1
0.7032750844955444,0.23892129957675934,-0.0738230049610138,0.7106601595878601,0.22106929123401642,-0.06819074600934982,0.7145892381668091,0.21993155777454376,-0.06816212832927704,0.7190559506416321,0.21871158480644226,-0.06811787188053131,0.7033787965774536,0.22216545045375824,-0.04802826792001724,0.7018527388572693,0.22227753698825836,-0.048090748488903046,0.7004894018173218,0.22243444621562958,-0.048146627843379974,0.7358031272888184,0.22619016468524933,-0.01883062534034252,0.7096934914588928,0.22887811064720154,0.07301898300647736,0.7123782634735107,0.25672248005867004,-0.05550612881779671,0.7040677666664124,0.2569664716720581,-0.02882065810263157,0.7651876211166382,0.32494908571243286,-0.09436918795108795,0.694393515586853,0.33088815212249756,0.19113250076770782,0.7022603750228882,0.4107028841972351,-0.19230273365974426,0.6340907216072083,0.40387365221977234,0.2115461826324463,0.6198951005935669,0.4295705556869507,-0.24388977885246277,0.5750584602355957,0.42488887906074524,0.07534906268119812,0.5964860916137695,0.4424339830875397,-0.2728798985481262,0.5540560483932495,0.43591079115867615,0.06454800069332123,0.5937628746032715,0.433782696723938,-0.2654406428337097,0.5547701716423035,0.43221381306648254,0.03901135176420212,0.602786660194397,0.43312597274780273,-0.24025161564350128,0.5629492998123169,0.4290885925292969,0.05971980839967728,0.7417212724685669,0.5811210870742798,-0.10403613746166229,0.7002478241920471,0.5672604441642761,0.10378911346197128,0.6161372661590576,0.5274149775505066,-0.27144569158554077,0.5900424122810364,0.49960097670555115,0.017805736511945724,0.5478565692901611,0.7355940341949463,-0.3289598524570465,0.5142053365707397,0.701488733291626,-0.04370928928256035,0.5481454133987427,0.7868300676345825,-0.3328368067741394,0.51753169298172,0.74334317445755,-0.0512227825820446,0.48691830039024353,0.7226164937019348,-0.39475399255752563,0.463218629360199,0.6896219253540039,-0.09523304551839828,0,1
0.7252298593521118,0.251019150018692,-0.06629014760255814,0.7327858805656433,0.2346075028181076,-0.06752613186836243,0.737037181854248,0.23314720392227173,-0.06749372184276581,0.7414529919624329,0.2313358038663864,-0.06744297593832016,0.7252763509750366,0.23594500124454498,-0.045665837824344635,0.7235819101333618,0.2359422892332077,-0.0457548089325428,0.7222753167152405,0.2359352707862854,-0.04580789431929588,0.7564660906791687,0.23573262989521027,-0.03756266459822655,0.7319357395172119,0.23973125219345093,0.060678623616695404,0.7351680397987366,0.2679702341556549,-0.05448324605822563,0.7258593440055847,0.2691807150840759,-0.02600276470184326,0.7894763946533203,0.33149150013923645,-0.10575797408819199,0.7150622606277466,0.3324105441570282,0.17359919846057892,0.7480445504188538,0.43281251192092896,-0.2214462012052536,0.6640219688415527,0.4084518849849701,0.151083305478096,0.6639550924301147,0.4326309263706207,-0.27561497688293457,0.6028443574905396,0.42822423577308655,-0.03337134048342705,0.6448547840118408,0.4422207772731781,-0.31780746579170227,0.587411642074585,0.43840277194976807,-0.056907396763563156,0.6409937143325806,0.43543222546577454,-0.306096613407135,0.5881792306900024,0.43432849645614624,-0.07956179231405258,0.6447447538375854,0.4347383677959442,-0.2731682360172272,0.5948714017868042,0.43259188532829285,-0.04948005825281143,0.7505933046340942,0.5816606879234314,-0.10124380886554718,0.7122679948806763,0.5636422634124756,0.1011156439781189,0.6269394159317017,0.5323114395141602,-0.24929895997047424,0.6016629338264465,0.5035051703453064,-0.004968426190316677,0.5499981045722961,0.7366288900375366,-0.31450703740119934,0.5216337442398071,0.6977040767669678,-0.06634151935577393,0.5496138334274292,0.7853022217750549,-0.3159042000770569,0.5182813405990601,0.7416670918464661,-0.0738474577665329,0.49309054017066956,0.7253866195678711,-0.3771992623806,0.4630882740020752,0.6793235540390015,-0.12169937789440155,0,1
0.7359036803245544,0.25632160902023315,-0.02586127445101738,0.7430660724639893,0.24005161225795746,-0.03137465566396713,0.746940553188324,0.23882058262825012,-0.03133761137723923,0.75178062915802,0.23744910955429077,-0.031309712678194046,0.7357649207115173,0.24195069074630737,-0.008750088512897491,0.7342133522033691,0.24204953014850616,-0.008826897479593754,0.7329593896865845,0.2423160821199417,-0.008902071043848991,0.768682599067688,0.2408120036125183,-0.02048167586326599,0.7429267168045044,0.2449098378419876,0.08150502294301987,0.744529664516449,0.27346929907798767,-0.020261729136109352,0.7364652752876282,0.27545103430747986,0.009458955377340317,0.8055866360664368,0.3311700224876404,-0.07590697705745697,0.7280855178833008,0.33850109577178955,0.16900111734867096,0.7878527045249939,0.46379169821739197,-0.17909389734268188,0.6815935969352722,0.43725162744522095,0.14124183356761932,0.7065898776054382,0.4401591420173645,-0.24578198790550232,0.634276270866394,0.4317283630371094,-0.0365862138569355,0.6842630505561829,0.44285741448402405,-0.27053722739219666,0.6207055449485779,0.44005343317985535,-0.06287066638469696,0.6795868873596191,0.43729639053344727,-0.26318496465682983,0.6226312518119812,0.43623483180999756,-0.07672777771949768,0.6863812804222107,0.43643060326576233,-0.2413587123155594,0.6286182403564453,0.43466928601264954,-0.04930996149778366,0.7520696520805359,0.5817981958389282,-0.09258752316236496,0.7105548977851868,0.5602984428405762,0.09251910448074341,0.6300786137580872,0.5367963910102844,-0.22758662700653076,0.6073606014251709,0.506678581237793,-0.031239602714776993,0.5498852729797363,0.7353531122207642,-0.3097960352897644,0.5231451392173767,0.6976422071456909,-0.1329732984304428,0.5480610132217407,0.7848464250564575,-0.3128405809402466,0.5178704261779785,0.7448136806488037,-0.1440582573413849,0.49035850167274475,0.7187548279762268,-0.37536337971687317,0.46239104866981506,0.6793708205223083,-0.1932615339756012,0,1
0.7363675832748413,0.2557164430618286,-0.06839173287153244,0.7427976131439209,0.23918171226978302,-0.07466636598110199,0.7471672892570496,0.23781165480613708,-0.07465299963951111,0.7518824338912964,0.23606958985328674,-0.07469509541988373,0.7352434396743774,0.24028532207012177,-0.05235954001545906,0.7333188056945801,0.24023696780204773,-0.052391864359378815,0.7317794561386108,0.24032406508922577,-0.05243806913495064,0.7683737277984619,0.23936237394809723,-0.046608977019786835,0.7432720065116882,0.24465981125831604,0.058813631534576416,0.7458696961402893,0.2732384502887726,-0.052986420691013336,0.7374633550643921,0.2772485315799713,-0.02249106951057911,0.8101627230644226,0.3308132290840149,-0.0705636665225029,0.7310397028923035,0.34064677357673645,0.16580596566200256,0.8258614540100098,0.4805760681629181,-0.17621061205863953,0.7120695114135742,0.466338187456131,0.1339699625968933,0.744673490524292,0.4502932131290436,-0.2659798264503479,0.6754580736160278,0.4470827281475067,-0.08263478428125381,0.7194091081619263,0.44950562715530396,-0.29581591486930847,0.6607629060745239,0.4438404440879822,-0.11572220176458359,0.7201961874961853,0.4384300112724304,-0.2878212332725525,0.6603640913963318,0.4370321035385132,-0.13073238730430603,0.7251242399215698,0.43665170669555664,-0.2625734210014343,0.6665484309196472,0.43629729747772217,-0.09659214317798615,0.7544680237770081,0.582324206829071,-0.09401092678308487,0.7144262194633484,0.5613452196121216,0.09401930123567581,0.6296831369400024,0.543196976184845,-0.2326197326183319,0.6089881658554077,0.5080956220626831,-0.04230453819036484,0.5501461029052734,0.7379012107849121,-0.3120650351047516,0.5223687887191772,0.6964120864868164,-0.12746630609035492,0.5474953055381775,0.7897561192512512,-0.3179633915424347,0.517314076423645,0.7415399551391602,-0.13858114182949066,0.4776078760623932,0.7223271727561951,-0.40426692366600037,0.4603769779205322,0.6771470308303833,-0.20294836163520813,0,1
0.7340609431266785,0.25300168991088867,-0.10276231914758682,0.7415443658828735,0.23744778335094452,-0.1019812598824501,0.7460776567459106,0.23709185421466827,-0.10197997093200684,0.7506444454193115,0.2355690449476242,-0.10198593139648438,0.7335647344589233,0.2400425523519516,-0.0814102441072464,0.7320365905761719,0.2393578588962555,-0.08143473416566849,0.7304258942604065,0.2392030954360962,-0.0814395546913147,0.7660067677497864,0.23729993402957916,-0.056617677211761475,0.7417598962783813,0.24379058182239532,0.038844626396894455,0.7447923421859741,0.27155059576034546,-0.08386630564928055,0.7352591156959534,0.2763564884662628,-0.05622169375419617,0.8102136850357056,0.33071792125701904,-0.06336338818073273,0.7311484217643738,0.34041571617126465,0.15529148280620575,0.8498629331588745,0.47258517146110535,-0.1591641902923584,0.7109848856925964,0.4616796374320984,0.13523881137371063,0.7703913450241089,0.46723616123199463,-0.2706136107444763,0.6853159666061401,0.47193530201911926,-0.07368773221969604,0.7478414177894592,0.4753449857234955,-0.3020923435688019,0.6772779822349548,0.476846307516098,-0.10495805740356445,0.7415326833724976,0.4583778381347656,-0.2913963794708252,0.6793591976165771,0.4667535126209259,-0.11938431113958359,0.7498348951339722,0.4574924111366272,-0.2652643322944641,0.6836934089660645,0.46634113788604736,-0.08576547354459763,0.7557591199874878,0.5793578028678894,-0.09362266212701797,0.7189452052116394,0.5601924657821655,0.09369191527366638,0.6331372261047363,0.5531085133552551,-0.247171550989151,0.6108907461166382,0.5214821696281433,-0.05578961968421936,0.5500940084457397,0.7451999187469482,-0.33836689591407776,0.5223508477210999,0.6964685916900635,-0.14468905329704285,0.5459071397781372,0.7937164902687073,-0.34783685207366943,0.5174394845962524,0.7409533262252808,-0.15661394596099854,0.47379159927368164,0.7224866151809692,-0.44822797179222107,0.46055516600608826,0.6779703497886658,-0.2286141812801361,0,1
0.7344943284988403,0.24874451756477356,-0.10185039043426514,0.7419692277908325,0.23348043859004974,-0.10199402272701263,0.746343195438385,0.23311470448970795,-0.10199704021215439,0.7509361505508423,0.23156362771987915,-0.10200291872024536,0.733684241771698,0.23665966093540192,-0.0812428742647171,0.7321709990501404,0.23686759173870087,-0.08128180354833603,0.7307640314102173,0.2372533529996872,-0.08131404221057892,0.7669630646705627,0.23217330873012543,-0.06432317942380905,0.742262601852417,0.2414332777261734,0.030983323231339455,0.7460533380508423,0.2663075625896454,-0.08600928634405136,0.7362926602363586,0.2710135281085968,-0.058174170553684235,0.8117291331291199,0.32747501134872437,-0.0712297111749649,0.7303326725959778,0.3398182988166809,0.13794907927513123,0.8420249819755554,0.4750291705131531,-0.1489604264497757,0.7137991189956665,0.4624204933643341,0.1280558705329895,0.762459397315979,0.49489712715148926,-0.24004709720611572,0.683620810508728,0.48688116669654846,-0.0641346275806427,0.7430065274238586,0.5065901279449463,-0.27104753255844116,0.673709511756897,0.4970235228538513,-0.09402379393577576,0.7382522821426392,0.49047961831092834,-0.2645626664161682,0.6734086871147156,0.48634427785873413,-0.110268235206604,0.7450419664382935,0.48692840337753296,-0.236473947763443,0.6794614195823669,0.48460420966148376,-0.07703164964914322,0.7636280059814453,0.5784230828285217,-0.08718875050544739,0.7239552736282349,0.5600729584693909,0.08733753114938736,0.6410002112388611,0.5626729130744934,-0.25862112641334534,0.619543731212616,0.538870096206665,-0.07429720461368561,0.5500301718711853,0.7446015477180481,-0.3411634862422943,0.5251924991607666,0.6967552304267883,-0.1699652522802353,0.5463324189186096,0.7934030294418335,-0.35011833906173706,0.519686758518219,0.7421144843101501,-0.18247641623020172,0.4758698344230652,0.7200691103935242,-0.4480067193508148,0.46100300550460815,0.6781067848205566,-0.2557757794857025,0,1
0.7361508011817932,0.24456264078617096,-0.09919597208499908,0.7433215379714966,0.2285521775484085,-0.09941696375608444,0.7475515604019165,0.22747738659381866,-0.09940717369318008,0.7518405914306641,0.22519803047180176,-0.09941379725933075,0.7352477312088013,0.2308419942855835,-0.07836087048053741,0.7334026098251343,0.23127038776874542,-0.07839611917734146,0.7318593263626099,0.23199373483657837,-0.0784245952963829,0.7680230140686035,0.22558537125587463,-0.07082106918096542,0.7435134053230286,0.23620761930942535,0.025901952758431435,0.7470676898956299,0.260755330324173,-0.08501487225294113,0.7379617691040039,0.2652655243873596,-0.056766994297504425,0.811774730682373,0.32346317172050476,-0.10360132157802582,0.7330960035324097,0.33825355768203735,0.12805026769638062,0.8323186635971069,0.47651198506355286,-0.17184869945049286,0.7180510759353638,0.46113115549087524,0.11781273782253265,0.7543337345123291,0.5167126059532166,-0.24840147793293,0.6787958741188049,0.48783621191978455,-0.06445218622684479,0.734586238861084,0.5336198806762695,-0.2785125970840454,0.6659232378005981,0.4998946785926819,-0.09181924164295197,0.728371262550354,0.5199444890022278,-0.2732248902320862,0.6662310361862183,0.49261200428009033,-0.11005119979381561,0.7324312925338745,0.514831006526947,-0.2449388951063156,0.6706148386001587,0.4898936450481415,-0.0786222591996193,0.7701805830001831,0.5785689353942871,-0.08564481139183044,0.730161726474762,0.5598825216293335,0.08577588200569153,0.6466619372367859,0.576598584651947,-0.2384522259235382,0.6236809492111206,0.5469766855239868,-0.06478121131658554,0.5518307089805603,0.7457123398780823,-0.3145727515220642,0.5278493165969849,0.6952164769172668,-0.1449989378452301,0.5463348031044006,0.7939017415046692,-0.32435479760169983,0.5198289155960083,0.7371107339859009,-0.15549436211585999,0.48505258560180664,0.714171826839447,-0.4166804850101471,0.4637569487094879,0.668797492980957,-0.20793989300727844,0,1
0.7350329756736755,0.2394397258758545,-0.10306207835674286,0.7425996661186218,0.22353042662143707,-0.10272345691919327,0.7468243837356567,0.22229531407356262,-0.10276341438293457,0.7512043714523315,0.22003521025180817,-0.10275910049676895,0.7346775531768799,0.22522945702075958,-0.08180558681488037,0.7329484820365906,0.22579972445964813,-0.08187911659479141,0.7315095663070679,0.22661735117435455,-0.08192015439271927,0.7670351266860962,0.22272361814975739,-0.07719148695468903,0.7433450818061829,0.23199805617332458,0.016633346676826477,0.7457703351974487,0.2557471990585327,-0.09264863282442093,0.7368052005767822,0.25914105772972107,-0.06527706235647202,0.8101663589477539,0.32364556193351746,-0.11664905399084091,0.7321337461471558,0.33979713916778564,0.11833150684833527,0.8233908414840698,0.4791713356971741,-0.18747995793819427,0.7131794691085815,0.460384339094162,0.10830972343683243,0.7334994077682495,0.5176354646682739,-0.2513882517814636,0.6738384962081909,0.48758113384246826,-0.0753990039229393,0.7102349400520325,0.5312702059745789,-0.2817176580429077,0.6578184962272644,0.5022587776184082,-0.10399570316076279,0.7021018266677856,0.5153709053993225,-0.27440428733825684,0.6608836054801941,0.4922560751438141,-0.12604346871376038,0.7087831497192383,0.5119399428367615,-0.24755612015724182,0.6662809252738953,0.48928219079971313,-0.0917893499135971,0.7745837569236755,0.583168625831604,-0.08414042741060257,0.7327590584754944,0.5650675296783447,0.08432115614414215,0.6526414155960083,0.580569326877594,-0.25666409730911255,0.6316494941711426,0.549231231212616,-0.08543925732374191,0.558207631111145,0.7487182021141052,-0.3463314175605774,0.5307179093360901,0.6975870728492737,-0.18580617010593414,0.5501803159713745,0.7953596115112305,-0.357295960187912,0.5199498534202576,0.7387847304344177,-0.19876983761787415,0.49432986974716187,0.7146914005279541,-0.45889538526535034,0.4697019159793854,0.6665126085281372,-0.2697380781173706,0,1
0.7330870032310486,0.23778972029685974,-0.11826232820749283,0.7407180070877075,0.22153106331825256,-0.11561043560504913,0.7447805404663086,0.2202642858028412,-0.11564884334802628,0.7486165761947632,0.2187393605709076,-0.11563817411661148,0.7331988215446472,0.2237866073846817,-0.09539277851581573,0.7312880754470825,0.22424592077732086,-0.09546605497598648,0.7295398116111755,0.22496654093265533,-0.09550287574529648,0.764028787612915,0.22243143618106842,-0.08206441253423691,0.7392734289169312,0.2304099202156067,0.007772276643663645,0.7423637509346008,0.2544984817504883,-0.10585437715053558,0.7335413098335266,0.2558509409427643,-0.07968992739915848,0.8029829859733582,0.32443490624427795,-0.1311543881893158,0.7257115244865417,0.338066965341568,0.11660616099834442,0.7945879697799683,0.4812396466732025,-0.2109026461839676,0.6991931796073914,0.45909935235977173,0.10277082771062851,0.7117296457290649,0.5209721326828003,-0.27990004420280457,0.6499395966529846,0.4877316653728485,-0.08726133406162262,0.6906446218490601,0.5360998511314392,-0.31271815299987793,0.6334966421127319,0.5027390122413635,-0.11462758481502533,0.6853384971618652,0.5228177905082703,-0.30699506402015686,0.634916365146637,0.4932079613208771,-0.1381693035364151,0.6912396550178528,0.5169156789779663,-0.2763863503932953,0.6415380239486694,0.49046415090560913,-0.1041288748383522,0.7737175226211548,0.5827676057815552,-0.08714757859706879,0.7328106164932251,0.5662599205970764,0.08729662746191025,0.650868833065033,0.5776090621948242,-0.2188105285167694,0.6302911043167114,0.5475609302520752,-0.05250643938779831,0.5548852682113647,0.7466776371002197,-0.2719219923019409,0.5367434024810791,0.698537290096283,-0.12119238078594208,0.5487719774246216,0.795928418636322,-0.2791961431503296,0.5296343564987183,0.7389755249023438,-0.13081887364387512,0.4927523732185364,0.7144778966903687,-0.3680810034275055,0.47019535303115845,0.6661084294319153,-0.1944354772567749,0,1
0.7225099802017212,0.2341962605714798,-0.08728955686092377,0.7311235070228577,0.21794410049915314,-0.0812237411737442,0.7348979115486145,0.21722671389579773,-0.08124002069234848,0.7388468980789185,0.21638107299804688,-0.0812033861875534,0.7235145568847656,0.21849367022514343,-0.06571682542562485,0.7219295501708984,0.21854017674922943,-0.06580276787281036,0.7205073833465576,0.2187405228614807,-0.06587059795856476,0.7535789012908936,0.2218603789806366,-0.04169715195894241,0.7298794388771057,0.2268124222755432,0.026016544550657272,0.7307297587394714,0.2519475519657135,-0.07362721860408783,0.7219587564468384,0.25167497992515564,-0.0540204718708992,0.7881731390953064,0.32688894867897034,-0.09671895205974579,0.7114435434341431,0.33723780512809753,0.11640220880508423,0.7690209746360779,0.478890061378479,-0.17920400202274323,0.6802312135696411,0.4591195285320282,0.08639361709356308,0.6825655102729797,0.5039027333259583,-0.23882751166820526,0.6308636665344238,0.4854537546634674,-0.09021218866109848,0.6577502489089966,0.5138174891471863,-0.26505982875823975,0.6157599687576294,0.4993155598640442,-0.11965670436620712,0.6538568735122681,0.5079131722450256,-0.2588132917881012,0.617840051651001,0.4911191761493683,-0.13730846345424652,0.6616559028625488,0.502926230430603,-0.2352115660905838,0.6229618191719055,0.48835763335227966,-0.10416761785745621,0.7644335031509399,0.5780872106552124,-0.08205866813659668,0.7213749885559082,0.5626209378242493,0.08210577815771103,0.6499603986740112,0.5504807233810425,-0.24702700972557068,0.6183885335922241,0.5290592312812805,-0.0727081447839737,0.5563592910766602,0.7378801703453064,-0.33618396520614624,0.5362356901168823,0.6961198449134827,-0.16433531045913696,0.5508626103401184,0.7908775210380554,-0.34592342376708984,0.5293978452682495,0.735994279384613,-0.17563360929489136,0.4979936480522156,0.723683774471283,-0.4385410249233246,0.4713057577610016,0.6701151728630066,-0.2404717653989792,0,1
0.7072300314903259,0.2306002974510193,-0.04533451423048973,0.7164463996887207,0.2143985480070114,-0.04216345027089119,0.7202165126800537,0.21393074095249176,-0.04214800149202347,0.7243764996528625,0.21352018415927887,-0.04208832606673241,0.7087745666503906,0.21427735686302185,-0.023279350250959396,0.7073239088058472,0.21401873230934143,-0.02337469533085823,0.7060188055038452,0.2138739973306656,-0.023451104760169983,0.7390954494476318,0.22058819234371185,-0.012986429035663605,0.7157784700393677,0.22308701276779175,0.07043427228927612,0.7156223058700562,0.2489822953939438,-0.03570934012532234,0.7067378759384155,0.24796250462532043,-0.011473032645881176,0.7705989480018616,0.32689329981803894,-0.08569034934043884,0.6950008869171143,0.33708757162094116,0.15373674035072327,0.7363649010658264,0.4699156880378723,-0.1800902783870697,0.650149941444397,0.4522109031677246,0.13724449276924133,0.6494301557540894,0.4874579608440399,-0.23667292296886444,0.6006161570549011,0.47466713190078735,-0.020004641264677048,0.6283222436904907,0.49662330746650696,-0.2619583010673523,0.5811142921447754,0.48025622963905334,-0.04182233661413193,0.626817524433136,0.4888113737106323,-0.2566990554332733,0.5811618566513062,0.47576475143432617,-0.06123843044042587,0.6304444074630737,0.4848746955394745,-0.23326508700847626,0.5891693234443665,0.47431501746177673,-0.033871036022901535,0.7471956610679626,0.583486795425415,-0.08633166551589966,0.7036975622177124,0.563524603843689,0.08620516955852509,0.6416574716567993,0.531218945980072,-0.2957642674446106,0.5981734991073608,0.499836266040802,-0.03547930344939232,0.5548633933067322,0.7358710169792175,-0.3945235311985016,0.5313506126403809,0.6932806372642517,-0.12235286086797714,0.5514497756958008,0.7897678017616272,-0.40357962250709534,0.527029812335968,0.73143470287323,-0.13246461749076843,0.497250497341156,0.7261776328086853,-0.48885035514831543,0.4668327867984772,0.6704181432723999,-0.18718911707401276,0,1
0.6884618997573853,0.22538937628269196,-0.061540842056274414,0.6985613107681274,0.2100876420736313,-0.05862906575202942,0.7026728391647339,0.2101972997188568,-0.05862843990325928,0.70701664686203,0.21020087599754333,-0.0585821196436882,0.690567135810852,0.2095053493976593,-0.03900548815727234,0.6891400218009949,0.20943628251552582,-0.03909855708479881,0.6879166960716248,0.20927484333515167,-0.039169810712337494,0.721372127532959,0.21927589178085327,-0.02754203975200653,0.6985317468643188,0.21998976171016693,0.06324412673711777,0.6960694193840027,0.2446993738412857,-0.05059562996029854,0.6874846816062927,0.24430276453495026,-0.025835100561380386,0.7494878172874451,0.3269535303115845,-0.10640460252761841,0.6773134469985962,0.3350636661052704,0.1634444296360016,0.6987891793251038,0.45695868134498596,-0.1859123408794403,0.627792239189148,0.44270917773246765,0.17105020582675934,0.6116236448287964,0.4847329556941986,-0.22709167003631592,0.5724332332611084,0.46794718503952026,0.02651602402329445,0.5909718871116638,0.4971075654029846,-0.25455570220947266,0.5559515953063965,0.47625139355659485,0.008851810358464718,0.5873061418533325,0.4863390326499939,-0.2525078058242798,0.5548354387283325,0.47257304191589355,-0.014895488508045673,0.5921593904495239,0.4810255169868469,-0.2249692976474762,0.5609158277511597,0.47014546394348145,0.01152186281979084,0.7323926687240601,0.5841379165649414,-0.09648171812295914,0.6896899938583374,0.5641970038414001,0.09632504731416702,0.6276065111160278,0.5199800133705139,-0.3453449010848999,0.5879454016685486,0.49395138025283813,-0.03299912065267563,0.551281213760376,0.7351738214492798,-0.4129544794559479,0.5246145725250244,0.6933127641677856,-0.09319132566452026,0.5514034032821655,0.7857786417007446,-0.41911816596984863,0.5197823643684387,0.734123170375824,-0.10106079280376434,0.48908886313438416,0.7157301902770996,-0.5047389268875122,0.46420472860336304,0.6709330677986145,-0.15764743089675903,0,1
0.6671077609062195,0.21657316386699677,-0.11727102845907211,0.6781474351882935,0.2032606154680252,-0.11204168945550919,0.6823681592941284,0.2040034383535385,-0.11204223334789276,0.6867768168449402,0.20472553372383118,-0.111982561647892,0.6696947813034058,0.20167063176631927,-0.08941386640071869,0.6681945323944092,0.20149466395378113,-0.08948253095149994,0.6669777631759644,0.20121575891971588,-0.08954240381717682,0.700674295425415,0.2165563851594925,-0.07171116769313812,0.6778103113174438,0.21319083869457245,0.030058223754167557,0.6740139722824097,0.24006140232086182,-0.10400563478469849,0.6654919981956482,0.23896057903766632,-0.07454554736614227,0.7256752252578735,0.32616156339645386,-0.15155303478240967,0.654032826423645,0.33396291732788086,0.14808844029903412,0.6652773022651672,0.44481706619262695,-0.23965927958488464,0.595203697681427,0.4350817799568176,0.16805121302604675,0.5817051529884338,0.4836002290248871,-0.28260666131973267,0.536398708820343,0.46676021814346313,0.05250655487179756,0.55958491563797,0.49813058972358704,-0.31949344277381897,0.5173878073692322,0.47730687260627747,0.03524446859955788,0.5512628555297852,0.4894087016582489,-0.3189427852630615,0.5166618227958679,0.4742884039878845,0.0044930316507816315,0.5613908171653748,0.4821200370788574,-0.2827531099319458,0.5245187878608704,0.4717322885990143,0.03451823443174362,0.7139447927474976,0.5876482725143433,-0.10487624257802963,0.6706787943840027,0.571187436580658,0.10470179468393326,0.6037551164627075,0.5060469508171082,-0.3550669848918915,0.5687417984008789,0.48728278279304504,-0.010121353901922703,0.546512246131897,0.7331358194351196,-0.4002726674079895,0.5200223922729492,0.6914057731628418,-0.058623116463422775,0.5490321516990662,0.7823452353477478,-0.40481728315353394,0.5201951265335083,0.7251319885253906,-0.06612395495176315,0.48534297943115234,0.716931164264679,-0.4897921681404114,0.46035799384117126,0.6720899343490601,-0.12164045870304108,0,1
0.6436216235160828,0.21346645057201385,-0.187571719288826,0.6545580625534058,0.19974583387374878,-0.18555018305778503,0.6586649417877197,0.20016026496887207,-0.18553555011749268,0.662972629070282,0.20086093246936798,-0.1854535937309265,0.6465979814529419,0.1987299621105194,-0.16242751479148865,0.6450258493423462,0.19837771356105804,-0.16250798106193542,0.6436485648155212,0.1979960948228836,-0.16255997121334076,0.6778426766395569,0.21523235738277435,-0.14594446122646332,0.6541412472724915,0.2090483158826828,-0.04255511984229088,0.650642454624176,0.23816701769828796,-0.17340262234210968,0.6414544582366943,0.23593738675117493,-0.14333519339561462,0.6980108022689819,0.32620880007743835,-0.2123270332813263,0.629670262336731,0.33398404717445374,0.08419706672430038,0.6261304616928101,0.43464723229408264,-0.30553433299064636,0.5626307725906372,0.4326130747795105,0.09632430225610733,0.5478538274765015,0.4784652590751648,-0.35152795910835266,0.5008100271224976,0.4764373004436493,-0.030075540766119957,0.5235809683799744,0.4986167550086975,-0.3949175775051117,0.48655572533607483,0.4847073554992676,-0.05377405136823654,0.515666127204895,0.4893932342529297,-0.3927292227745056,0.4866717457771301,0.4814372658729553,-0.08723858743906021,0.5240369439125061,0.4831395447254181,-0.3521616458892822,0.49223417043685913,0.48056361079216003,-0.04989314079284668,0.693496823310852,0.5906286239624023,-0.1052069216966629,0.6512396335601807,0.5768502950668335,0.10505704581737518,0.5987206101417542,0.5030767917633057,-0.36635786294937134,0.5564700365066528,0.4783656597137451,-0.0292053185403347,0.540691614151001,0.7342419028282166,-0.4169262945652008,0.5154854655265808,0.6928893327713013,-0.07285060733556747,0.5438873767852783,0.7858021259307861,-0.42214393615722656,0.518543004989624,0.7258617877960205,-0.08223007619380951,0.477264940738678,0.725452184677124,-0.5194839239120483,0.46069011092185974,0.6807324290275574,-0.15519216656684875,0,1
0.6162203550338745,0.2060585916042328,-0.1826644241809845,0.6273829936981201,0.19271068274974823,-0.18664374947547913,0.631067156791687,0.19315460324287415,-0.1866413950920105,0.634838342666626,0.19406504929065704,-0.18658074736595154,0.620959997177124,0.19249089062213898,-0.1585332304239273,0.6198521256446838,0.19249194860458374,-0.15859384834766388,0.618857204914093,0.19252817332744598,-0.15863922238349915,0.6494635343551636,0.21102558076381683,-0.16848990321159363,0.6297239661216736,0.20529109239578247,-0.043549276888370514,0.6219695806503296,0.2293333262205124,-0.17659559845924377,0.6143189072608948,0.2276630401611328,-0.140313059091568,0.6678634881973267,0.32428860664367676,-0.2508328855037689,0.6051959991455078,0.3338066041469574,0.07971727848052979,0.5898023247718811,0.42812418937683105,-0.35140901803970337,0.539634108543396,0.4221739172935486,0.08756338059902191,0.5007745623588562,0.47874146699905396,-0.3784728944301605,0.4754762053489685,0.4769153296947479,-0.0342467799782753,0.47746285796165466,0.4989204704761505,-0.42457470297813416,0.4511116147041321,0.488838791847229,-0.05542724207043648,0.4746500551700592,0.4896411597728729,-0.41985073685646057,0.45475998520851135,0.4869404733181,-0.09205972403287888,0.48133325576782227,0.4835100471973419,-0.3781788945198059,0.4621455669403076,0.48570144176483154,-0.05622066929936409,0.672882080078125,0.5930960774421692,-0.10758272558450699,0.6331114172935486,0.5830420851707458,0.10743562132120132,0.5602737665176392,0.48137325048446655,-0.33467110991477966,0.5311038494110107,0.4709504544734955,-0.012295471504330635,0.5372602939605713,0.7231860756874084,-0.33071020245552063,0.5159255266189575,0.692410945892334,-0.06989707797765732,0.5407916903495789,0.7800123691558838,-0.33125659823417664,0.5187498331069946,0.7262935042381287,-0.0795598179101944,0.47063177824020386,0.7252026200294495,-0.4219507575035095,0.4611968994140625,0.6960268020629883,-0.15262359380722046,0,1
0.5890432596206665,0.2023436427116394,-0.21473351120948792,0.6012046337127686,0.18939580023288727,-0.2207319438457489,0.605379045009613,0.18986763060092926,-0.22076888382434845,0.6099938750267029,0.19090425968170166,-0.22075267136096954,0.594250500202179,0.1889430582523346,-0.1900898814201355,0.59322190284729,0.1889110952615738,-0.19011738896369934,0.5922213792800903,0.1889122873544693,-0.19013884663581848,0.6257312297821045,0.20942381024360657,-0.20434892177581787,0.6026517152786255,0.20139534771442413,-0.06773741543292999,0.5951893329620361,0.22499966621398926,-0.20894694328308105,0.5862549543380737,0.22291162610054016,-0.16916903853416443,0.6405892372131348,0.3242509663105011,-0.28972408175468445,0.583407998085022,0.3345160484313965,0.06972531974315643,0.5483265519142151,0.4236779510974884,-0.3859616816043854,0.5229586362838745,0.42338770627975464,0.08486206084489822,0.4646375775337219,0.47466760873794556,-0.4110494554042816,0.44500356912612915,0.4802296459674835,-0.02822769060730934,0.4400657117366791,0.49557873606681824,-0.4603804647922516,0.4225674569606781,0.4969044029712677,-0.04697534441947937,0.4373544156551361,0.48839184641838074,-0.44961971044540405,0.42333555221557617,0.4928678870201111,-0.08298882097005844,0.444754421710968,0.48295941948890686,-0.40872320532798767,0.43267956376075745,0.48972591757774353,-0.04908831790089607,0.6528630256652832,0.5969562530517578,-0.11359383910894394,0.6154768466949463,0.5952172875404358,0.11338543891906738,0.5402566194534302,0.47076475620269775,-0.2758539021015167,0.5180755853652954,0.4672326445579529,0.06519725173711777,0.535461962223053,0.7029356956481934,-0.16949975490570068,0.5242367386817932,0.6803591847419739,0.04596845060586929,0.541243851184845,0.757787823677063,-0.15880563855171204,0.5287553668022156,0.7238494753837585,0.041195593774318695,0.4713870882987976,0.7173337340354919,-0.21566171944141388,0.47603899240493774,0.703350305557251,-0.011911211535334587,0,1
0.5677784085273743,0.19984214007854462,-0.17814508080482483,0.5779212713241577,0.18571551144123077,-0.19613516330718994,0.5806623697280884,0.18674078583717346,-0.19611111283302307,0.5837685465812683,0.18814755976200104,-0.19603480398654938,0.5741307139396667,0.18452171981334686,-0.15965038537979126,0.5740617513656616,0.18450570106506348,-0.15954160690307617,0.5740141272544861,0.1843796819448471,-0.15949052572250366,0.6005866527557373,0.20820003747940063,-0.2083142250776291,0.5856828689575195,0.19948865473270416,-0.06428714096546173,0.5719119906425476,0.22137652337551117,-0.18438750505447388,0.5664615631103516,0.2197188287973404,-0.13627050817012787,0.6153348088264465,0.32412755489349365,-0.3171229660511017,0.5689245462417603,0.3350242078304291,0.10271819680929184,0.515053391456604,0.4257197976112366,-0.41521644592285156,0.5019060969352722,0.42206230759620667,0.12772062420845032,0.42678943276405334,0.4755847454071045,-0.4256168305873871,0.41979891061782837,0.4837590456008911,0.044714488089084625,0.4044215679168701,0.498341828584671,-0.4770885407924652,0.40281254053115845,0.49747398495674133,0.04320233315229416,0.4018201231956482,0.4884341359138489,-0.4565514922142029,0.39923983812332153,0.4948137104511261,-0.0006382758729159832,0.4082428514957428,0.4836036264896393,-0.4190340042114258,0.40636783838272095,0.49453073740005493,0.021469293162226677,0.6341608762741089,0.6036978363990784,-0.1317669302225113,0.6029022932052612,0.6015658378601074,0.13163934648036957,0.5173689126968384,0.46631380915641785,-0.19691738486289978,0.502264142036438,0.4623255133628845,0.1687207818031311,0.5187297463417053,0.6917779445648193,-0.004230680875480175,0.5260375142097473,0.6742326021194458,0.2040613442659378,0.5297507643699646,0.7331643104553223,0.01717318966984749,0.5399068593978882,0.7066357731819153,0.20668315887451172,0.47044357657432556,0.70830237865448,0.007636889815330505,0.4944736063480377,0.7038781642913818,0.18774086236953735,0,1
0.5533692240715027,0.1926209181547165,-0.1399625688791275,0.564926266670227,0.17879901826381683,-0.1615397334098816,0.5678876638412476,0.18032868206501007,-0.16159312427043915,0.5709869265556335,0.18194308876991272,-0.16158513724803925,0.5613092184066772,0.1766519546508789,-0.11989665031433105,0.5614105463027954,0.17660477757453918,-0.119867704808712,0.5616231560707092,0.17639903724193573,-0.11987383663654327,0.5852749943733215,0.2055404931306839,-0.1961425244808197,0.5741993188858032,0.19578638672828674,-0.019083771854639053,0.555270254611969,0.21571385860443115,-0.1547912210226059,0.5515957474708557,0.21406811475753784,-0.10049698501825333,0.599853515625,0.322026789188385,-0.3043777346611023,0.5527862906455994,0.33673542737960815,0.11598119884729385,0.49571260809898376,0.4262751638889313,-0.39737260341644287,0.4804662764072418,0.4243110120296478,0.13479061424732208,0.4073306918144226,0.47570863366127014,-0.41076722741127014,0.3985207974910736,0.4895305931568146,0.0523810088634491,0.3845215439796448,0.49891310930252075,-0.46184730529785156,0.3807522654533386,0.5054506659507751,0.048932697623968124,0.38270848989486694,0.49090564250946045,-0.4427315592765808,0.3802744448184967,0.5020256638526917,0.006686936132609844,0.3879256844520569,0.4872235059738159,-0.40473517775535583,0.386699378490448,0.5001278519630432,0.02963513508439064,0.6240770220756531,0.6036383509635925,-0.13313762843608856,0.5901273488998413,0.6064962148666382,0.1329556703567505,0.5069202184677124,0.4665369987487793,-0.21113380789756775,0.4739353656768799,0.4779978096485138,0.16404566168785095,0.5146711468696594,0.688388466835022,-0.0047458321787416935,0.5073796510696411,0.6905477046966553,0.18916615843772888,0.526012122631073,0.737841784954071,0.01955232210457325,0.5250774025917053,0.7203407883644104,0.19156314432621002,0.46737995743751526,0.7203309535980225,0.013682527467608452,0.47985878586769104,0.7253053188323975,0.16951361298561096,0,1
0.5472629070281982,0.18533499538898468,-0.14656727015972137,0.5587464570999146,0.17333614826202393,-0.16386695206165314,0.5615453124046326,0.17496243119239807,-0.1639053374528885,0.5646246671676636,0.17644190788269043,-0.16389480233192444,0.554941713809967,0.17093990743160248,-0.12606245279312134,0.5550460815429688,0.1710861474275589,-0.12604932487010956,0.5554177761077881,0.17106574773788452,-0.1260649859905243,0.5785980820655823,0.1994207352399826,-0.2006978988647461,0.5689955949783325,0.19025692343711853,-0.019730107858777046,0.5498170852661133,0.2101614773273468,-0.1566324084997177,0.5457807779312134,0.20840731263160706,-0.10624627023935318,0.5909930467605591,0.3193560838699341,-0.3044734597206116,0.5456792116165161,0.33618640899658203,0.11229757219552994,0.4877026081085205,0.42475271224975586,-0.3989637792110443,0.4717184603214264,0.4240615963935852,0.1272086352109909,0.4004233777523041,0.4758264720439911,-0.42295631766319275,0.39219212532043457,0.48780733346939087,0.03881031274795532,0.38030514121055603,0.4986133873462677,-0.477100133895874,0.3769811987876892,0.5018117427825928,0.030247341841459274,0.37656697630882263,0.49087220430374146,-0.45659512281417847,0.37605011463165283,0.5000937581062317,-0.003168987575918436,0.3835456371307373,0.48772239685058594,-0.416799932718277,0.3798794448375702,0.49944987893104553,0.019056405872106552,0.6182471513748169,0.6033503413200378,-0.1320156753063202,0.5842287540435791,0.6057568192481995,0.1317899525165558,0.4992597699165344,0.46643027663230896,-0.22033452987670898,0.4560557007789612,0.4846160411834717,0.16420617699623108,0.517714262008667,0.6821738481521606,-0.011338846758008003,0.5197643637657166,0.6743540167808533,0.18919672071933746,0.5292948484420776,0.7198069095611572,0.014696520753204823,0.5430575609207153,0.7020368576049805,0.19364246726036072,0.467528760433197,0.7283555865287781,0.023416345939040184,0.5097910165786743,0.7240513563156128,0.18650338053703308,0,1
0.5568863749504089,0.18477565050125122,-0.22832684218883514,0.5683135986328125,0.1726139634847641,-0.23460109531879425,0.5713613033294678,0.1739807277917862,-0.23463384807109833,0.5746925473213196,0.17535564303398132,-0.23463287949562073,0.5636657476425171,0.17011111974716187,-0.20409753918647766,0.5633314251899719,0.1699734330177307,-0.20411953330039978,0.5630800724029541,0.16974128782749176,-0.204145148396492,0.5889966487884521,0.1962648332118988,-0.213673397898674,0.5742157101631165,0.185715913772583,-0.07460612058639526,0.5603147149085999,0.20839174091815948,-0.21911554038524628,0.5544615983963013,0.20651063323020935,-0.1791873276233673,0.603080689907074,0.31738680601119995,-0.29798227548599243,0.5512427091598511,0.33214884996414185,0.07135267555713654,0.5047202110290527,0.41786226630210876,-0.3955431580543518,0.48356491327285767,0.41318824887275696,0.09683968871831894,0.4176483750343323,0.46070238947868347,-0.4176599085330963,0.40552371740341187,0.46000316739082336,-0.014077368192374706,0.3950534462928772,0.4843995273113251,-0.4694320261478424,0.3885342478752136,0.4765450656414032,-0.028265532106161118,0.39167261123657227,0.4763902425765991,-0.45154619216918945,0.3877764344215393,0.47497105598449707,-0.07189130783081055,0.3992611765861511,0.47090643644332886,-0.4123464524745941,0.3933410346508026,0.47286859154701233,-0.03718337416648865,0.6241474747657776,0.599274754524231,-0.1296934336423874,0.590236485004425,0.5989577770233154,0.12933854758739471,0.49858468770980835,0.46716877818107605,-0.20318785309791565,0.45640134811401367,0.5024234652519226,0.14961087703704834,0.5218897461891174,0.6841424107551575,-0.009961781091988087,0.5291757583618164,0.6717160940170288,0.1979069858789444,0.5365466475486755,0.7204768061637878,0.015030463226139545,0.5445156097412109,0.6982373595237732,0.20489759743213654,0.47755807638168335,0.7597224116325378,0.04331006109714508,0.5150477886199951,0.738132119178772,0.21091432869434357,0,1
0.5819915533065796,0.18506363034248352,-0.21843937039375305,0.5932660102844238,0.17312471568584442,-0.22063913941383362,0.5971843004226685,0.17432262003421783,-0.2206922322511673,0.6017566919326782,0.1755169779062271,-0.22070524096488953,0.5863160490989685,0.17074312269687653,-0.19132177531719208,0.5852863788604736,0.1706281304359436,-0.19136978685855865,0.5845164656639099,0.17040696740150452,-0.19139215350151062,0.6180629730224609,0.19610604643821716,-0.18863096833229065,0.5971572995185852,0.186128169298172,-0.05992451310157776,0.5865760445594788,0.20944252610206604,-0.20687441527843475,0.5798794031143188,0.20705418288707733,-0.168215811252594,0.6361558437347412,0.31687796115875244,-0.264160692691803,0.5749191045761108,0.330966979265213,0.08357418328523636,0.5435866117477417,0.41231876611709595,-0.35823869705200195,0.5151171684265137,0.4115189015865326,0.12417097389698029,0.4537717401981354,0.44542595744132996,-0.38871854543685913,0.44067543745040894,0.4458148181438446,-0.004540700931102037,0.433360755443573,0.4593231678009033,-0.43604254722595215,0.4224182963371277,0.45473894476890564,-0.015561595559120178,0.42972636222839355,0.4502374827861786,-0.42521539330482483,0.4210323691368103,0.4522082805633545,-0.058465875685214996,0.4365769028663635,0.4471949338912964,-0.38624879717826843,0.42747148871421814,0.45158514380455017,-0.027271131053566933,0.6452104449272156,0.5961024165153503,-0.11853352934122086,0.6074154376983643,0.5972788333892822,0.11830876022577286,0.5301257967948914,0.45834341645240784,-0.2502185106277466,0.4998010993003845,0.4739289879798889,0.060989171266555786,0.5338096618652344,0.696010172367096,-0.18996484577655792,0.5044854283332825,0.6840464472770691,0.0050947838462889194,0.5405479669570923,0.7571558356285095,-0.18362560868263245,0.5193548798561096,0.7253491878509521,-0.0036448310129344463,0.4770939350128174,0.7275577187538147,-0.23467664420604706,0.45416027307510376,0.7191317081451416,-0.05657131224870682,0,1
0.6196027994155884,0.20123673975467682,-0.16396038234233856,0.6288114786148071,0.18662315607070923,-0.15612484514713287,0.6330440044403076,0.1872425079345703,-0.15614019334316254,0.6381407976150513,0.18770763278007507,-0.15612003207206726,0.6215187311172485,0.18586064875125885,-0.13124556839466095,0.6204401254653931,0.18581506609916687,-0.13130149245262146,0.6193878054618835,0.18561647832393646,-0.13136321306228638,0.654686450958252,0.20537853240966797,-0.09561477601528168,0.6280876994132996,0.19772934913635254,0.01961432956159115,0.6251986622810364,0.22616957128047943,-0.1423390656709671,0.6182905435562134,0.22377872467041016,-0.10917220264673233,0.674976646900177,0.3184294104576111,-0.1723843514919281,0.6145933866500854,0.3300233483314514,0.15114839375019073,0.5881608128547668,0.40929093956947327,-0.2702743113040924,0.5526675581932068,0.41195157170295715,0.1710139662027359,0.49430137872695923,0.4467146694660187,-0.3101848363876343,0.47877803444862366,0.45048272609710693,0.035733096301555634,0.47383490204811096,0.45745405554771423,-0.352836549282074,0.46260470151901245,0.45789387822151184,0.017472194507718086,0.47223448753356934,0.4510687589645386,-0.3452428877353668,0.46301063895225525,0.45652610063552856,-0.020801136270165443,0.4783356785774231,0.45022886991500854,-0.3085858225822449,0.46961966156959534,0.45693570375442505,0.013598918914794922,0.6792449355125427,0.5926634669303894,-0.11578849703073502,0.638725221157074,0.5901080369949341,0.11548447608947754,0.5620813965797424,0.47128960490226746,-0.3385462462902069,0.5345613360404968,0.47423088550567627,0.023519741371273994,0.5385981798171997,0.7121846675872803,-0.3761691451072693,0.5081306099891663,0.6915648579597473,-0.056263267993927,0.5465161800384521,0.7754128575325012,-0.3797110915184021,0.5159979462623596,0.7354556322097778,-0.06734757870435715,0.4809724688529968,0.7338571548461914,-0.451570987701416,0.44790416955947876,0.7145833969116211,-0.12553657591342926,0,1
0.6556636691093445,0.205523282289505,-0.13862326741218567,0.6638340950012207,0.19065730273723602,-0.12953448295593262,0.6680959463119507,0.1910730004310608,-0.1295212358236313,0.6727412939071655,0.19144846498966217,-0.12944558262825012,0.657368004322052,0.19014860689640045,-0.10796792805194855,0.656199038028717,0.1901347041130066,-0.10804204642772675,0.6549556851387024,0.19003573060035706,-0.10810297727584839,0.6893249750137329,0.20674188435077667,-0.068637914955616,0.6633507013320923,0.20167586207389832,0.02984369732439518,0.6615198254585266,0.2291763871908188,-0.11756493896245956,0.654120922088623,0.22782957553863525,-0.08910205960273743,0.7119709253311157,0.313283234834671,-0.14524880051612854,0.6485059261322021,0.32776662707328796,0.15309587121009827,0.6330066323280334,0.3961414694786072,-0.26231712102890015,0.589144229888916,0.4023538827896118,0.1650671809911728,0.544171154499054,0.43273815512657166,-0.32582226395606995,0.5246990919113159,0.441910982131958,0.02975144423544407,0.5213554501533508,0.45010754466056824,-0.3653992712497711,0.506340742111206,0.45498305559158325,0.006695831660181284,0.519389808177948,0.44618386030197144,-0.3572399616241455,0.5103259682655334,0.45399656891822815,-0.026586094871163368,0.5262719392776489,0.44248971343040466,-0.3236526846885681,0.5163558721542358,0.45077747106552124,0.007802644278854132,0.7126873731613159,0.5834793448448181,-0.10718041658401489,0.670590341091156,0.5770890712738037,0.10690701007843018,0.5981552600860596,0.49741023778915405,-0.32416224479675293,0.5610629916191101,0.4752093553543091,0.01041305810213089,0.545860767364502,0.7248467206954956,-0.392952024936676,0.5150510668754578,0.6984606981277466,-0.07160153239965439,0.5484555959701538,0.7872448563575745,-0.39950844645500183,0.5229955315589905,0.7380949854850769,-0.08220572769641876,0.4910406470298767,0.7409170269966125,-0.48058590292930603,0.45659178495407104,0.7116098999977112,-0.13954146206378937,0,1
0.6896389722824097,0.21888746321201324,-0.12990549206733704,0.6977335214614868,0.20155802369117737,-0.1250341385602951,0.7017475962638855,0.20079006254673004,-0.1250034123659134,0.7067691087722778,0.20009572803974152,-0.12493312358856201,0.690961480140686,0.20273736119270325,-0.10542622953653336,0.6895549893379211,0.2029384970664978,-0.10550962388515472,0.688262939453125,0.20309369266033173,-0.10557202994823456,0.7227510213851929,0.21083195507526398,-0.08000423014163971,0.6966281533241272,0.2112291157245636,0.014117995277047157,0.6968170404434204,0.23859524726867676,-0.11321814358234406,0.6891603469848633,0.23917871713638306,-0.08720655739307404,0.7500356435775757,0.31313377618789673,-0.15000657737255096,0.6817761659622192,0.32537415623664856,0.13859429955482483,0.6755156517028809,0.3932690918445587,-0.23978134989738464,0.6280450224876404,0.3952426612377167,0.16642019152641296,0.5852583646774292,0.4241184592247009,-0.28018319606781006,0.5654147863388062,0.4304675757884979,0.06593956053256989,0.5662144422531128,0.43893393874168396,-0.3086774945259094,0.5406879186630249,0.4447820782661438,0.05774369090795517,0.5631281733512878,0.43510425090789795,-0.2995494306087494,0.5411511659622192,0.4427039623260498,0.029555266723036766,0.5705766677856445,0.4321501553058624,-0.27622753381729126,0.5499497056007385,0.4388699531555176,0.04992132633924484,0.7414039373397827,0.5748974680900574,-0.09683728218078613,0.7004298567771912,0.5628648400306702,0.09670951962471008,0.6179233193397522,0.5275150537490845,-0.27359676361083984,0.58857262134552,0.49887001514434814,-0.0017023587133735418,0.5476582050323486,0.7295591831207275,-0.33711856603622437,0.5168377757072449,0.6989784836769104,-0.07788694649934769,0.5482861399650574,0.7838566303253174,-0.34291884303092957,0.523309588432312,0.7368869185447693,-0.08723513036966324,0.4895458221435547,0.7177923321723938,-0.41608038544654846,0.45738300681114197,0.6956049799919128,-0.13769221305847168,0,1
0.7201438546180725,0.23307499289512634,-0.0846194177865982,0.7277452349662781,0.21462687849998474,-0.08433673530817032,0.7318164110183716,0.21346920728683472,-0.08432357013225555,0.7363409996032715,0.21246229112148285,-0.08426376432180405,0.7208262085914612,0.21662616729736328,-0.06239742040634155,0.7196044921875,0.21673020720481873,-0.06246877834200859,0.7185654044151306,0.21681684255599976,-0.06252621114253998,0.7527575492858887,0.2211599200963974,-0.052091728895902634,0.7277844548225403,0.22278454899787903,0.048781029880046844,0.7297022938728333,0.25076308846473694,-0.07126708328723907,0.7215243577957153,0.2509894073009491,-0.04185519367456436,0.7844001054763794,0.3155846893787384,-0.12155978381633759,0.7129029631614685,0.3248470425605774,0.17121343314647675,0.7160457968711853,0.3969975411891937,-0.22639289498329163,0.6563175916671753,0.39520755410194397,0.24480192363262177,0.6398627758026123,0.4250243604183197,-0.2964878976345062,0.5865737795829773,0.4257597327232361,0.17770321667194366,0.6098599433898926,0.4364340901374817,-0.3296869695186615,0.5631116032600403,0.43563181161880493,0.17441301047801971,0.608068585395813,0.4303649067878723,-0.3206355571746826,0.5645987391471863,0.432862251996994,0.14293822646141052,0.6169552206993103,0.42968466877937317,-0.2931947410106659,0.5737821459770203,0.4315646290779114,0.16097529232501984,0.7652038931846619,0.5733603239059448,-0.10004184395074844,0.7231134176254272,0.5586317181587219,0.09984658658504486,0.6381362676620483,0.5624101161956787,-0.24682757258415222,0.6135019659996033,0.5289462804794312,-0.011648540385067463,0.5469042658805847,0.7359315752983093,-0.32534173130989075,0.5265613198280334,0.6991462707519531,-0.06397883594036102,0.5440070033073425,0.7880123853683472,-0.324433833360672,0.5211583971977234,0.7358224391937256,-0.07094256579875946,0.49153608083724976,0.7192922830581665,-0.3913035988807678,0.45969128608703613,0.6822259426116943,-0.12655076384544373,0,1
0.7459657192230225,0.256153404712677,0.03788233548402786,0.7520686388015747,0.23834028840065002,0.03821312636137009,0.7560312747955322,0.23750656843185425,0.03822467848658562,0.7602475881576538,0.23614297807216644,0.038254909217357635,0.7440977692604065,0.23911720514297485,0.056641511619091034,0.7422767877578735,0.23927217721939087,0.05654032155871391,0.7407695055007935,0.23943780362606049,0.056440383195877075,0.7758979201316833,0.23651239275932312,0.060479987412691116,0.7495421171188354,0.24083057045936584,0.1429320126771927,0.7556701302528381,0.27464306354522705,0.04643953591585159,0.746630072593689,0.2774835228919983,0.07054807245731354,0.8114954233169556,0.31834495067596436,-0.020216111093759537,0.7374793291091919,0.32546958327293396,0.20247776806354523,0.7753724455833435,0.416747510433197,-0.14536456763744354,0.6872147917747498,0.40159013867378235,0.1670229434967041,0.6908194422721863,0.42227423191070557,-0.23319903016090393,0.625371515750885,0.4277333915233612,-0.010466908104717731,0.6675347089767456,0.43118607997894287,-0.26066699624061584,0.6081864833831787,0.4358668327331543,-0.03960218280553818,0.6639910936355591,0.42500585317611694,-0.2562747597694397,0.6094797849655151,0.4317925274372101,-0.055526964366436005,0.6715545654296875,0.42538315057754517,-0.23090067505836487,0.6181154847145081,0.4314509928226471,-0.02464752271771431,0.7795941233634949,0.5739229917526245,-0.08010739833116531,0.7348605990409851,0.5529765486717224,0.08005896955728531,0.6535555720329285,0.5933747887611389,-0.18895532190799713,0.627029299736023,0.5562083125114441,-0.051466334611177444,0.5506435632705688,0.7598949670791626,-0.3194113075733185,0.5287600755691528,0.6971843838691711,-0.16232526302337646,0.5448139309883118,0.7972870469093323,-0.3170183300971985,0.5202857255935669,0.7355175614356995,-0.17425225675106049,0.4915415346622467,0.7269521951675415,-0.3944604992866516,0.46480774879455566,0.6747623682022095,-0.22980532050132751,0,1
0.7577709555625916,0.26500415802001953,0.07012574374675751,0.7634114027023315,0.24692124128341675,0.07244247943162918,0.767722487449646,0.24488815665245056,0.07243260741233826,0.7725950479507446,0.2420930713415146,0.0723903477191925,0.7570242881774902,0.2497709095478058,0.0924433097243309,0.7555539608001709,0.25031131505966187,0.0924161821603775,0.7538740634918213,0.2510242164134979,0.09235291928052902,0.7900279760360718,0.2418099343776703,0.0952618420124054,0.7623241543769836,0.25217944383621216,0.1867258995771408,0.7682381272315979,0.2818223536014557,0.07801516354084015,0.758510410785675,0.28480759263038635,0.10466711223125458,0.8279334902763367,0.32594919204711914,0.031960852444171906,0.7512301802635193,0.33950793743133545,0.22837527096271515,0.8066749572753906,0.45055699348449707,-0.020427362993359566,0.7090879678726196,0.441358357667923,0.17221535742282867,0.7275193929672241,0.43997496366500854,-0.029539864510297775,0.6648591160774231,0.43885430693626404,-0.010458340868353844,0.7043851017951965,0.4485839307308197,-0.043845806270837784,0.6471654772758484,0.4394022524356842,-0.04562371224164963,0.7026686072349548,0.4375893771648407,-0.04220720753073692,0.647203266620636,0.4354860484600067,-0.05758553743362427,0.7115891575813293,0.4374198615550995,-0.025759002193808556,0.6551884412765503,0.4371927082538605,-0.0238926000893116,0.7813248038291931,0.5611608624458313,-0.06891120970249176,0.7382389307022095,0.5403743982315063,0.06888575106859207,0.660835325717926,0.6058019995689392,-0.18474966287612915,0.635594367980957,0.5732336044311523,-0.04765257611870766,0.5565217137336731,0.7623558044433594,-0.3178024888038635,0.5307002663612366,0.6970587372779846,-0.1656540334224701,0.5470107793807983,0.8103073835372925,-0.32840263843536377,0.5255031585693359,0.7247107625007629,-0.17869475483894348,0.49311256408691406,0.7506031394004822,-0.41422238945961,0.46409907937049866,0.6707014441490173,-0.23119814693927765,0,1
0.7576934099197388,0.26773178577423096,-0.007392796687781811,0.7630776166915894,0.250487744808197,-0.005781519692391157,0.7674826383590698,0.24823488295078278,-0.0058465818874537945,0.7716788649559021,0.24581536650657654,-0.006023415829986334,0.7558891177177429,0.2533934414386749,0.010940229520201683,0.7543326616287231,0.2533942461013794,0.010980256833136082,0.7527123689651489,0.25346797704696655,0.010912333615124226,0.7900391817092896,0.24272286891937256,0.043631479144096375,0.7612655758857727,0.25607386231422424,0.12163673341274261,0.7674800157546997,0.28418949246406555,0.01385490782558918,0.7594316005706787,0.2852570414543152,0.0369439423084259,0.8340288996696472,0.33223506808280945,0.004501386545598507,0.7569316625595093,0.34105783700942993,0.18398016691207886,0.8470319509506226,0.48741447925567627,-0.04478593170642853,0.737113356590271,0.4627458453178406,0.17421633005142212,0.7668615579605103,0.44968947768211365,-0.09776650369167328,0.7006266713142395,0.4425501525402069,0.010191468521952629,0.7456913590431213,0.4495769441127777,-0.11730209738016129,0.6823749542236328,0.44417804479599,-0.01789555512368679,0.7462474703788757,0.43633824586868286,-0.11053748428821564,0.6829737424850464,0.43567878007888794,-0.035536520183086395,0.7505348324775696,0.4367702901363373,-0.09298054873943329,0.6882826089859009,0.4373270273208618,-0.0050136796198785305,0.7810996174812317,0.5661599040031433,-0.06924568861722946,0.7368651032447815,0.5434690117835999,0.06933578103780746,0.6647384762763977,0.6119336485862732,-0.2087954580783844,0.6373480558395386,0.5769824385643005,-0.07618995755910873,0.5568255186080933,0.7586215734481812,-0.3355056047439575,0.5311740636825562,0.697011411190033,-0.19863176345825195,0.5469059348106384,0.8086197972297668,-0.3472786545753479,0.5250905156135559,0.7379295229911804,-0.21274635195732117,0.49191147089004517,0.7330645322799683,-0.44240719079971313,0.4658900201320648,0.6653720140457153,-0.28003430366516113,0,1
0.7525373697280884,0.2636446952819824,-0.0345621183514595,0.7586793303489685,0.2443058043718338,-0.036604590713977814,0.7629901170730591,0.2425587922334671,-0.036643289029598236,0.7676197290420532,0.23981712758541107,-0.03671857342123985,0.7523286938667297,0.24871058762073517,-0.015476671978831291,0.7510004043579102,0.2501731216907501,-0.0154888229444623,0.7496689558029175,0.2519316077232361,-0.015546424314379692,0.7852063179016113,0.23799270391464233,-0.009703499265015125,0.7602306604385376,0.2545959949493408,0.09015015512704849,0.7624251842498779,0.27929940819740295,-0.022037331014871597,0.7543666958808899,0.28089725971221924,0.007016029208898544,0.8305279016494751,0.33108440041542053,-0.014032095670700073,0.7527104020118713,0.34104570746421814,0.16683438420295715,0.8664318323135376,0.4718347191810608,-0.07856760919094086,0.7395803928375244,0.46298620104789734,0.15079762041568756,0.7881802320480347,0.45413246750831604,-0.17031770944595337,0.708250880241394,0.4529057741165161,-0.03643220290541649,0.7658746242523193,0.4542157053947449,-0.19577468931674957,0.6976954340934753,0.4571446180343628,-0.06944271177053452,0.7638087272644043,0.4372200071811676,-0.18544569611549377,0.7005687952041626,0.44638630747795105,-0.082481250166893,0.7694545984268188,0.43886232376098633,-0.1643981784582138,0.7064588665962219,0.44312232732772827,-0.04846297204494476,0.7794983983039856,0.56687992811203,-0.0722002238035202,0.7383864521980286,0.5448254346847534,0.0722697526216507,0.6600077152252197,0.6117255091667175,-0.19768759608268738,0.6351130604743958,0.5718289017677307,-0.06306706368923187,0.5577214360237122,0.7579464316368103,-0.29417842626571655,0.5315576791763306,0.6988044381141663,-0.171531543135643,0.5469917058944702,0.8059691786766052,-0.3055759370326996,0.5270098447799683,0.7476314902305603,-0.18393032252788544,0.4918246865272522,0.7324482202529907,-0.4140213429927826,0.4671129286289215,0.6667694449424744,-0.24698753654956818,0,1
0.7494781017303467,0.25642839074134827,-0.044651586562395096,0.7559133768081665,0.23774990439414978,-0.04614681750535965,0.7601844072341919,0.23699845373630524,-0.04616902023553848,0.7648508548736572,0.23503106832504272,-0.04620221257209778,0.7493335008621216,0.24067422747612,-0.02627415955066681,0.7480034828186035,0.2420216053724289,-0.0263085775077343,0.7466498017311096,0.24351884424686432,-0.026356447488069534,0.7824810147285461,0.23442333936691284,-0.027854960411787033,0.7571723461151123,0.24848125874996185,0.0636228695511818,0.7594029903411865,0.2733064591884613,-0.036455947905778885,0.7509409189224243,0.2737969160079956,-0.009690575301647186,0.826834499835968,0.3340538740158081,-0.05387915298342705,0.7488707304000854,0.3412497341632843,0.13673052191734314,0.8410118222236633,0.48913174867630005,-0.11080881208181381,0.7326716184616089,0.46403372287750244,0.1517561972141266,0.7582457065582275,0.4869229197502136,-0.16872768104076385,0.6887637972831726,0.4845517873764038,0.015896141529083252,0.7368093729019165,0.4963263273239136,-0.19302283227443695,0.6752302646636963,0.4950895607471466,-0.01030061487108469,0.734321117401123,0.4841691255569458,-0.18476122617721558,0.6768175959587097,0.4839637279510498,-0.029825527220964432,0.7404667735099792,0.47991350293159485,-0.16366931796073914,0.6827948093414307,0.4827463924884796,0.00173270667437464,0.7792440056800842,0.5775593519210815,-0.07166822254657745,0.7386521100997925,0.5522129535675049,0.07179539650678635,0.6591891050338745,0.6080067157745361,-0.21763673424720764,0.6362848281860352,0.5707240104675293,-0.0759410411119461,0.5585044622421265,0.7582834959030151,-0.30598071217536926,0.5322225093841553,0.6989221572875977,-0.19010454416275024,0.5487810373306274,0.8022886514663696,-0.31595808267593384,0.5258475542068481,0.7471119165420532,-0.20352604985237122,0.49137091636657715,0.7339918613433838,-0.4135764539241791,0.46792253851890564,0.6673040986061096,-0.26463109254837036,0,1
0.7439644932746887,0.2509891092777252,-0.07573837041854858,0.7515179514884949,0.23309671878814697,-0.07457546889781952,0.7558996677398682,0.23255042731761932,-0.07461456209421158,0.7608258128166199,0.23145955801010132,-0.07460208982229233,0.7441188097000122,0.2352171540260315,-0.05481604486703873,0.7425444722175598,0.23642809689044952,-0.05488738417625427,0.7414065003395081,0.23779591917991638,-0.05495796352624893,0.7762831449508667,0.23405490815639496,-0.051496751606464386,0.7523609399795532,0.24571318924427032,0.03625734895467758,0.7541629076004028,0.2705721855163574,-0.06736867874860764,0.7454620003700256,0.27196234464645386,-0.04171370714902878,0.8158672451972961,0.338024765253067,-0.09723536670207977,0.7374705076217651,0.34614458680152893,0.12427707761526108,0.8039070963859558,0.4911910891532898,-0.18019375205039978,0.7079979181289673,0.4649321734905243,0.11890344321727753,0.7218436598777771,0.5120232701301575,-0.2461080253124237,0.6553953886032104,0.4967133700847626,-0.03639322519302368,0.7002134919166565,0.5273687839508057,-0.2746904194355011,0.6377592086791992,0.5130726099014282,-0.06281052529811859,0.6956852674484253,0.5160099864006042,-0.2680414617061615,0.6383786797523499,0.5019956827163696,-0.08498932421207428,0.7010551691055298,0.5086027383804321,-0.24210843443870544,0.6455403566360474,0.4984038770198822,-0.05244206637144089,0.7775556445121765,0.5851662755012512,-0.07634877413511276,0.7362714409828186,0.5690486431121826,0.07650663703680038,0.658877968788147,0.5778728127479553,-0.26482871174812317,0.635627806186676,0.56791752576828,-0.0912819355726242,0.5531556606292725,0.7485658526420593,-0.37108156085014343,0.5292791128158569,0.7014588117599487,-0.22776177525520325,0.5458744764328003,0.798491358757019,-0.38240647315979004,0.517720639705658,0.7469742894172668,-0.2438119351863861,0.49030742049217224,0.7150205969810486,-0.4796516001224518,0.46810975670814514,0.6653034687042236,-0.3141348958015442,0,1
0.7302820086479187,0.24130867421627045,-0.06659506261348724,0.7399660348892212,0.22559577226638794,-0.07081528007984161,0.7445846796035767,0.22452940046787262,-0.07088140398263931,0.7494802474975586,0.22334815561771393,-0.07071462273597717,0.7320224046707153,0.22640207409858704,-0.04748285934329033,0.7307265400886536,0.22659511864185333,-0.04747200384736061,0.729430079460144,0.22684715688228607,-0.047516487538814545,0.7631944417953491,0.22966092824935913,-0.038435693830251694,0.7401759624481201,0.2341611087322235,0.05097057297825813,0.7401712536811829,0.260125994682312,-0.05695071071386337,0.7305790185928345,0.26034656167030334,-0.028099799528717995,0.7981244325637817,0.3373189866542816,-0.09031830728054047,0.7214125394821167,0.3454018831253052,0.1336645781993866,0.7757121324539185,0.4888579547405243,-0.1754271686077118,0.6837332248687744,0.46421173214912415,0.11548137664794922,0.691584050655365,0.5122045278549194,-0.22682809829711914,0.6309260129928589,0.49248793721199036,-0.04556457698345184,0.6688194274902344,0.5238900780677795,-0.2522954046726227,0.6151536703109741,0.5063212513923645,-0.07181376963853836,0.6634467840194702,0.5135884881019592,-0.2462504655122757,0.6158642768859863,0.49889296293258667,-0.09171674400568008,0.6725631952285767,0.5083165764808655,-0.2229727953672409,0.6221339702606201,0.495945006608963,-0.060555826872587204,0.7669578790664673,0.5844116806983948,-0.08080348372459412,0.7245348691940308,0.5678678154945374,0.08088874816894531,0.6515715718269348,0.5597811341285706,-0.251932293176651,0.6253038644790649,0.5380728244781494,-0.0907951295375824,0.5532485246658325,0.741858184337616,-0.3529193103313446,0.5320307016372681,0.7033438682556152,-0.2108622044324875,0.5465196371078491,0.7959202527999878,-0.3635176122188568,0.5259701013565063,0.7441965937614441,-0.22472696006298065,0.4910520911216736,0.713212251663208,-0.4563503861427307,0.4694962501525879,0.6739712357521057,-0.29015618562698364,0,1
0.7153774499893188,0.23245510458946228,-0.04620068520307541,0.7249926924705505,0.21714259684085846,-0.04370475932955742,0.7290974855422974,0.21654173731803894,-0.043692782521247864,0.7334880232810974,0.2159470021724701,-0.043605171144008636,0.7177103757858276,0.21786068379878998,-0.025426868349313736,0.7165078520774841,0.21799437701702118,-0.02551334537565708,0.7154985666275024,0.21822479367256165,-0.025606876239180565,0.7479662299156189,0.2243698090314865,-0.0134651567786932,0.7264525294303894,0.22732563316822052,0.0646478682756424,0.724310576915741,0.2518374025821686,-0.036250632256269455,0.7158478498458862,0.2506882846355438,-0.012996447272598743,0.7829489707946777,0.3352262079715729,-0.08381196856498718,0.7027264833450317,0.34249281883239746,0.1383025348186493,0.7420945763587952,0.47824931144714355,-0.17105460166931152,0.6546778082847595,0.45915672183036804,0.11520719528198242,0.6480846405029297,0.49861466884613037,-0.2188332974910736,0.6052495241165161,0.4827982187271118,-0.04265031963586807,0.6235734224319458,0.5023689270019531,-0.2440178096294403,0.5844247341156006,0.49310314655303955,-0.06872101873159409,0.6219474077224731,0.49500828981399536,-0.23824691772460938,0.5833353400230408,0.4890557527542114,-0.08730955421924591,0.6288213729858398,0.49502983689308167,-0.21516160666942596,0.5934792757034302,0.48598241806030273,-0.05674542859196663,0.7551709413528442,0.5841073393821716,-0.08222422748804092,0.7118030786514282,0.5674828290939331,0.08221600204706192,0.646227240562439,0.5334349870681763,-0.2681763768196106,0.6072156429290771,0.5122552514076233,-0.08726496994495392,0.5533320903778076,0.7408688068389893,-0.36760133504867554,0.5315092206001282,0.7033735513687134,-0.20514395833015442,0.5497035980224609,0.7934210300445557,-0.3765326738357544,0.5214846730232239,0.7443069219589233,-0.21640150249004364,0.4923008382320404,0.7263554334640503,-0.4590227007865906,0.46774357557296753,0.6703363656997681,-0.272407591342926,0,1
0.6996087431907654,0.22924990952014923,-0.0689324289560318,0.7092380523681641,0.2137393057346344,-0.06300043314695358,0.7132667303085327,0.2134561985731125,-0.0629790872335434,0.7174856662750244,0.2129717469215393,-0.06288713216781616,0.7016591429710388,0.2134171575307846,-0.04412297159433365,0.7003031969070435,0.21324068307876587,-0.04421168565750122,0.6991211771965027,0.21299436688423157,-0.04428812488913536,0.7324343323707581,0.22216740250587463,-0.024577416479587555,0.7092488408088684,0.2236742377281189,0.05824919790029526,0.7077183127403259,0.24828468263149261,-0.05631855130195618,0.6991280317306519,0.2475186288356781,-0.03193244710564613,0.759842574596405,0.3328802287578583,-0.10129990428686142,0.6887646913528442,0.3373628258705139,0.1477888822555542,0.7041734457015991,0.45608267188072205,-0.17463108897209167,0.6335350871086121,0.4441736042499542,0.16571810841560364,0.6194164752960205,0.5028122067451477,-0.2138809710741043,0.5749832987785339,0.4769127368927002,0.05067635327577591,0.6000044345855713,0.5153828263282776,-0.2406093329191208,0.5594013929367065,0.48661309480667114,0.036096639931201935,0.597009539604187,0.5075225234031677,-0.2361411154270172,0.558940052986145,0.48517972230911255,0.011108404025435448,0.6036074757575989,0.5017582178115845,-0.21243011951446533,0.5653219819068909,0.48274609446525574,0.035953305661678314,0.7411094307899475,0.5840393900871277,-0.09058334678411484,0.6987382173538208,0.5626965165138245,0.09041931480169296,0.633085310459137,0.5277749300003052,-0.31474095582962036,0.5957580208778381,0.501430869102478,-0.051405299454927444,0.5533875226974487,0.7335691452026367,-0.3896070718765259,0.52715665102005,0.6956272721290588,-0.11986496299505234,0.5510470867156982,0.7849451899528503,-0.3962952494621277,0.5156896710395813,0.7376714944839478,-0.12799867987632751,0.49252262711524963,0.7216511964797974,-0.47997918725013733,0.466294527053833,0.6668936610221863,-0.18387539684772491,0,1
0.6823605298995972,0.22466841340065002,-0.13296714425086975,0.6923742890357971,0.20933562517166138,-0.12282305955886841,0.6965049505233765,0.20926405489444733,-0.12279585748910904,0.700774073600769,0.209189310669899,-0.12269984185695648,0.6838780045509338,0.20895233750343323,-0.10384877026081085,0.6820394992828369,0.20871548354625702,-0.1039421558380127,0.6803163886070251,0.20849689841270447,-0.10402194410562515,0.7148696184158325,0.21995909512043,-0.06535784155130386,0.6897388696670532,0.21884797513484955,0.01926598697900772,0.6897693872451782,0.24391773343086243,-0.11319024860858917,0.6798465251922607,0.2438363879919052,-0.08851424604654312,0.7383016347885132,0.33004045486450195,-0.13207386434078217,0.6691163182258606,0.33513185381889343,0.13859809935092926,0.6767088174819946,0.4428653419017792,-0.1996854990720749,0.6093499660491943,0.4333685636520386,0.1801791936159134,0.6000583171844482,0.5021880865097046,-0.24084925651550293,0.547710657119751,0.47322162985801697,0.09003136307001114,0.5795193910598755,0.5164876580238342,-0.27028167247772217,0.5321590900421143,0.485911101102829,0.08122039586305618,0.5756960511207581,0.5083553791046143,-0.26778778433799744,0.5317099094390869,0.48491615056991577,0.05200717970728874,0.5831772089004517,0.5023455023765564,-0.23941977322101593,0.538923978805542,0.4824223816394806,0.07460235059261322,0.7281658053398132,0.5845363140106201,-0.09782683104276657,0.6855572462081909,0.5639327764511108,0.09760301560163498,0.6258440017700195,0.5276486873626709,-0.34334084391593933,0.5846043825149536,0.5042202472686768,-0.02350654825568199,0.5510320067405701,0.7342681884765625,-0.3976975083351135,0.5257768034934998,0.6919669508934021,-0.0590643472969532,0.550848662853241,0.7846421003341675,-0.4031739830970764,0.5158205032348633,0.7377275228500366,-0.0647229328751564,0.4923311173915863,0.721833348274231,-0.4874206483364105,0.46584591269493103,0.6667492389678955,-0.11591996252536774,0,1
0.6619914770126343,0.2168571650981903,-0.18427824974060059,0.6722251176834106,0.2025400549173355,-0.18130475282669067,0.6760951280593872,0.20300820469856262,-0.18128174543380737,0.6806899309158325,0.20347580313682556,-0.1812019646167755,0.6647101044654846,0.2017117142677307,-0.15801528096199036,0.6633113622665405,0.20171412825584412,-0.15810273587703705,0.6620376110076904,0.20168344676494598,-0.1581535041332245,0.6963357925415039,0.21701723337173462,-0.14274261891841888,0.6722300052642822,0.2128223478794098,-0.03880472481250763,0.6690370440483093,0.24012401700019836,-0.1707591414451599,0.6600892543792725,0.23826374113559723,-0.14054325222969055,0.7168367505073547,0.3266832232475281,-0.2124098241329193,0.6480792760848999,0.33452561497688293,0.08512629568576813,0.6465035676956177,0.4372837543487549,-0.29803234338760376,0.5857445597648621,0.42702943086624146,0.1093159094452858,0.5627114176750183,0.49792754650115967,-0.33401721715927124,0.5219165086746216,0.4732763469219208,0.0037837489508092403,0.5391473770141602,0.51601243019104,-0.37573572993278503,0.5044992566108704,0.4856872260570526,-0.014020043425261974,0.5320760011672974,0.5102677941322327,-0.3710165321826935,0.5041643381118774,0.48487481474876404,-0.04805127531290054,0.5391930937767029,0.5034234523773193,-0.33314767479896545,0.5109637379646301,0.4833889901638031,-0.015200813300907612,0.7116848826408386,0.5857700705528259,-0.10443087667226791,0.6703256368637085,0.566801130771637,0.10424699634313583,0.6077735424041748,0.5175834894180298,-0.36461371183395386,0.571403443813324,0.48945435881614685,-0.01916002854704857,0.5458374619483948,0.7334520816802979,-0.40224558115005493,0.5202359557151794,0.687505304813385,-0.04789617285132408,0.548603892326355,0.7847163677215576,-0.4065392017364502,0.515247642993927,0.7365353107452393,-0.05345560237765312,0.4886329770088196,0.7243860960006714,-0.5005869269371033,0.46276727318763733,0.6707218885421753,-0.11326911300420761,0,1
0.6396296620368958,0.21203091740608215,-0.24044284224510193,0.650287389755249,0.19758595526218414,-0.2452373504638672,0.6538034677505493,0.19795693457126617,-0.2452201545238495,0.6579249501228333,0.19853687286376953,-0.24516339600086212,0.6435481905937195,0.1967155635356903,-0.21900133788585663,0.6422698497772217,0.1965857595205307,-0.21908991038799286,0.6410928964614868,0.196502223610878,-0.2191438227891922,0.674143373966217,0.21521951258182526,-0.22590339183807373,0.6520205736160278,0.20842239260673523,-0.10831622034311295,0.6457617878913879,0.23615695536136627,-0.23285989463329315,0.6375239491462708,0.23371818661689758,-0.19859512150287628,0.6950808763504028,0.3277246356010437,-0.28500238060951233,0.6275030374526978,0.3347751200199127,0.015079407021403313,0.6106153726577759,0.4385799467563629,-0.36760851740837097,0.5612127184867859,0.42810842394828796,0.029849624261260033,0.535188615322113,0.49067550897598267,-0.3957391381263733,0.49599847197532654,0.47709012031555176,-0.07836515456438065,0.5068321228027344,0.5115385055541992,-0.4398987889289856,0.47936391830444336,0.4858494997024536,-0.0988885909318924,0.5041517019271851,0.5005132555961609,-0.43495863676071167,0.4789380133152008,0.48508593440055847,-0.1366439014673233,0.5110474824905396,0.49669408798217773,-0.39580225944519043,0.48533305525779724,0.4839676320552826,-0.09993255883455276,0.6918526887893677,0.595018208026886,-0.10494454950094223,0.6508041620254517,0.5745623111724854,0.10478079319000244,0.5911344289779663,0.5042373538017273,-0.34775933623313904,0.5554012656211853,0.4720906615257263,-0.019573185592889786,0.5384188890457153,0.7316271662712097,-0.37395811080932617,0.5175626873970032,0.6935688853263855,-0.04981521517038345,0.5408530831336975,0.783743143081665,-0.3762567639350891,0.5157009363174438,0.7379056215286255,-0.055310506373643875,0.4694754481315613,0.7269060611724854,-0.4722258448600769,0.4628812372684479,0.6937768459320068,-0.11801431328058243,0,1
0.6202875375747681,0.20910805463790894,-0.238948255777359,0.6311448812484741,0.1939171403646469,-0.2415579855442047,0.6353513598442078,0.19412016868591309,-0.2415637969970703,0.6397401690483093,0.194883331656456,-0.24151816964149475,0.6236039400100708,0.19375033676624298,-0.21535232663154602,0.6220260858535767,0.19386431574821472,-0.21542087197303772,0.6205688118934631,0.1940898895263672,-0.21548613905906677,0.6555684804916382,0.21310465037822723,-0.21328935027122498,0.6298317313194275,0.2064349502325058,-0.09633531421422958,0.6271768808364868,0.23321813344955444,-0.2287958562374115,0.6181427240371704,0.23156875371932983,-0.19473467767238617,0.6735167503356934,0.3278399705886841,-0.2813741862773895,0.6079229116439819,0.3361159861087799,0.03117598034441471,0.5874665975570679,0.4359523355960846,-0.3749924898147583,0.5402699708938599,0.4288719892501831,0.040068261325359344,0.4944063723087311,0.49074557423591614,-0.40621575713157654,0.46806731820106506,0.4853736460208893,-0.07214803993701935,0.4737551212310791,0.5114994049072266,-0.4516940712928772,0.4483860433101654,0.4923773407936096,-0.09280560910701752,0.4728730618953705,0.5009889602661133,-0.4453696310520172,0.44896382093429565,0.49464136362075806,-0.1310824751853943,0.47938552498817444,0.49796292185783386,-0.40577763319015503,0.4578483998775482,0.49521416425704956,-0.0943739041686058,0.6702510118484497,0.5989179611206055,-0.10472575575113297,0.6303215622901917,0.5872169733047485,0.10450197756290436,0.5872839093208313,0.46686726808547974,-0.32383421063423157,0.535497784614563,0.4577580392360687,0.012450439855456352,0.5399430394172668,0.71930330991745,-0.30314335227012634,0.5170792937278748,0.6829307675361633,-0.02810751274228096,0.541397213935852,0.7786440253257751,-0.30143874883651733,0.5240069627761841,0.7258142828941345,-0.03540697693824768,0.4736224114894867,0.7249109148979187,-0.38263648748397827,0.46395978331565857,0.6935664415359497,-0.10050394386053085,0,1
0.6018518805503845,0.20678620040416718,-0.21656982600688934,0.612615704536438,0.1921118199825287,-0.22020244598388672,0.6165846586227417,0.1924104541540146,-0.22022072970867157,0.62091463804245,0.19324709475040436,-0.22018229961395264,0.6056090593338013,0.19215276837348938,-0.19252364337444305,0.6043042540550232,0.19221186637878418,-0.1925811618566513,0.603155255317688,0.19236375391483307,-0.19264429807662964,0.6372789740562439,0.2113175094127655,-0.19678929448127747,0.6133430004119873,0.20427261292934418,-0.07467623054981232,0.6081621646881104,0.23013485968112946,-0.20780901610851288,0.599802553653717,0.22884634137153625,-0.1721932590007782,0.6530340909957886,0.32744476199150085,-0.27541765570640564,0.5923178195953369,0.3365076184272766,0.059824418276548386,0.5648399591445923,0.43395131826400757,-0.37092071771621704,0.5260040163993835,0.4292631447315216,0.06467600166797638,0.46703338623046875,0.49079734086990356,-0.3979821801185608,0.4555131494998932,0.48558396100997925,-0.054680317640304565,0.4497659206390381,0.5099179744720459,-0.44506072998046875,0.43913644552230835,0.49367815256118774,-0.07527588307857513,0.44818297028541565,0.4997527599334717,-0.43647581338882446,0.43933773040771484,0.49512991309165955,-0.10877712815999985,0.4550291895866394,0.4970642924308777,-0.3964371085166931,0.4462108612060547,0.4953320026397705,-0.07419547438621521,0.6524791717529297,0.6015281081199646,-0.11133493483066559,0.6138942241668701,0.5933303236961365,0.11104152351617813,0.5541843175888062,0.4523695707321167,-0.2980400621891022,0.51643306016922,0.4492748975753784,0.03301471099257469,0.5349642038345337,0.6974526047706604,-0.22675414383411407,0.5173206329345703,0.6729981303215027,-0.020192965865135193,0.5391257405281067,0.7549466490745544,-0.2191968411207199,0.5312192440032959,0.7187162041664124,-0.028462011367082596,0.47195449471473694,0.72017502784729,-0.2835480272769928,0.47272148728370667,0.7029575109481812,-0.09007873386144638,0,1
0.5867950320243835,0.20509424805641174,-0.22758276760578156,0.5974947214126587,0.19113309681415558,-0.23205938935279846,0.6015149354934692,0.19152818620204926,-0.23208244144916534,0.6062284708023071,0.1923552006483078,-0.2320614755153656,0.5908394455909729,0.190787211060524,-0.20249107480049133,0.5896980166435242,0.1907203048467636,-0.20252437889575958,0.5885754227638245,0.1906271129846573,-0.2025562971830368,0.6222426295280457,0.21017581224441528,-0.20701536536216736,0.5993648767471313,0.20246972143650055,-0.07560770213603973,0.592337965965271,0.22799086570739746,-0.21830587089061737,0.5847834348678589,0.22599641978740692,-0.17996945977210999,0.6353892087936401,0.32633790373802185,-0.285255491733551,0.5789919495582581,0.3357556164264679,0.07243552803993225,0.5378615260124207,0.4331229627132416,-0.3694731891155243,0.5149706602096558,0.42590489983558655,0.1029769629240036,0.44717898964881897,0.4908652901649475,-0.38490962982177734,0.4399784207344055,0.48565346002578735,0.0064284466207027435,0.42888563871383667,0.5101125240325928,-0.4295717179775238,0.42293763160705566,0.4980180561542511,-0.004104035906493664,0.4271739423274994,0.5014137029647827,-0.42027148604393005,0.42329519987106323,0.4976729154586792,-0.042902104556560516,0.43159809708595276,0.49857330322265625,-0.38249680399894714,0.43017691373825073,0.49746355414390564,-0.014272743836045265,0.6367506384849548,0.6023566722869873,-0.11485616862773895,0.5995715260505676,0.5987558364868164,0.11453549563884735,0.5282396078109741,0.45719245076179504,-0.23673899471759796,0.5016021728515625,0.44808268547058105,0.08027341216802597,0.5191640257835388,0.6961985230445862,-0.11414086818695068,0.5161961317062378,0.6690191626548767,0.055731505155563354,0.5308805704116821,0.742125928401947,-0.09982012212276459,0.5306187272071838,0.717818021774292,0.05126349255442619,0.46663084626197815,0.7205734252929688,-0.12711454927921295,0.47208747267723083,0.7103962302207947,0.010122742503881454,0,1
0.5719674825668335,0.20133794844150543,-0.2270013391971588,0.5826007127761841,0.1883711963891983,-0.232242152094841,0.5862565636634827,0.18904992938041687,-0.2322854995727539,0.5906592607498169,0.1900791972875595,-0.2322578877210617,0.5769699811935425,0.18703500926494598,-0.20029711723327637,0.576339840888977,0.18670880794525146,-0.2003077268600464,0.5756913423538208,0.18633770942687988,-0.20032739639282227,0.6069982647895813,0.20854923129081726,-0.209323450922966,0.5872750878334045,0.19979572296142578,-0.07143272459506989,0.5764440298080444,0.2235567271709442,-0.21861569583415985,0.5700098276138306,0.22094020247459412,-0.17744562029838562,0.6188156604766846,0.3247685730457306,-0.29660290479660034,0.5644502639770508,0.33441561460494995,0.09462466835975647,0.5170067548751831,0.4332294464111328,-0.392757773399353,0.5008810758590698,0.42618608474731445,0.13630768656730652,0.43101605772972107,0.4892233610153198,-0.4113815724849701,0.4273911118507385,0.48555442690849304,0.04849350452423096,0.4117046892642975,0.5102640986442566,-0.45912066102027893,0.40809425711631775,0.5007382035255432,0.04078628867864609,0.4089972972869873,0.5012848973274231,-0.44681334495544434,0.4104517996311188,0.49787551164627075,0.0021737776696681976,0.41382473707199097,0.4980102479457855,-0.40748968720436096,0.41474446654319763,0.49715477228164673,0.02877124212682247,0.6259510517120361,0.6055836081504822,-0.1259336620569229,0.5866233110427856,0.6017646193504333,0.12562918663024902,0.5095659494400024,0.46157607436180115,-0.2343052327632904,0.48612356185913086,0.4485468566417694,0.0941544696688652,0.5214137434959412,0.6852978467941284,-0.002590807154774666,0.5273351669311523,0.666123628616333,0.09796975553035736,0.5356371402740479,0.7125569581985474,0.025802090764045715,0.5509936809539795,0.6967442631721497,0.09865833818912506,0.47658759355545044,0.7260375022888184,0.04454272240400314,0.5130966305732727,0.7155354022979736,0.08143438398838043,0,1
0.559228777885437,0.1976529210805893,-0.18821577727794647,0.5703051686286926,0.18471576273441315,-0.2005331814289093,0.5739154815673828,0.18603239953517914,-0.20060205459594727,0.5775760412216187,0.18749243021011353,-0.20059087872505188,0.5658657550811768,0.1824108064174652,-0.16313418745994568,0.56570965051651,0.1821139007806778,-0.16311034560203552,0.5656951665878296,0.18180732429027557,-0.16312438249588013,0.5930541753768921,0.20709218084812164,-0.20510080456733704,0.5796076059341431,0.19786924123764038,-0.0377361997961998,0.5621782541275024,0.21925777196884155,-0.18954138457775116,0.5576794743537903,0.21614864468574524,-0.14120040833950043,0.6054502725601196,0.32502028346061707,-0.29855090379714966,0.5570445656776428,0.3354049324989319,0.11963003873825073,0.503057599067688,0.43284279108047485,-0.4012838900089264,0.4874758720397949,0.42924749851226807,0.16105177998542786,0.40721431374549866,0.48879796266555786,-0.41962766647338867,0.4101641774177551,0.4874703288078308,0.07792901247739792,0.3875666558742523,0.5102325081825256,-0.47113698720932007,0.39240941405296326,0.506782591342926,0.07172821462154388,0.385165810585022,0.5007081627845764,-0.45530828833580017,0.3910846710205078,0.5002939105033875,0.030901888385415077,0.39152321219444275,0.4967195689678192,-0.4147716462612152,0.39554718136787415,0.497775137424469,0.056915827095508575,0.6160227060317993,0.6102436184883118,-0.1320185363292694,0.5791364908218384,0.6070188283920288,0.13173791766166687,0.4955560266971588,0.462665855884552,-0.2387336939573288,0.47436609864234924,0.45740601420402527,0.11122153699398041,0.5146039128303528,0.6876866221427917,-0.014642794616520405,0.526310920715332,0.6674858927726746,0.10713319480419159,0.5297222137451172,0.7202692627906799,0.013533229008316994,0.5470423698425293,0.7104626893997192,0.10697335004806519,0.47619277238845825,0.7457327246665955,0.03303763270378113,0.5086511969566345,0.7406734228134155,0.08523710817098618,0,1
0.5553373098373413,0.1954333782196045,-0.11150462925434113,0.5664761066436768,0.18196462094783783,-0.12951943278312683,0.5693475008010864,0.1835593581199646,-0.12957385182380676,0.5727561712265015,0.18525159358978271,-0.12956377863883972,0.5629472136497498,0.17947223782539368,-0.09115016460418701,0.563026487827301,0.17943094670772552,-0.09112231433391571,0.5632973909378052,0.17937137186527252,-0.09114447981119156,0.5872780084609985,0.2054273784160614,-0.16030211746692657,0.5771517753601074,0.19698649644851685,0.012129020877182484,0.5582718253135681,0.2177005559206009,-0.12220962345600128,0.5545427203178406,0.21473845839500427,-0.07240281999111176,0.5978959798812866,0.3247074782848358,-0.27757972478866577,0.5573610663414001,0.3353131413459778,0.14912989735603333,0.5037021040916443,0.4254608452320099,-0.38516396284103394,0.48902925848960876,0.4240894317626953,0.17694801092147827,0.41153496503829956,0.4707731604576111,-0.388117253780365,0.40813392400741577,0.4778168201446533,0.08492608368396759,0.3897666335105896,0.49061939120292664,-0.43837761878967285,0.39012011885643005,0.4929632842540741,0.07913456857204437,0.3874390721321106,0.4828076958656311,-0.41843119263648987,0.38903313875198364,0.49037793278694153,0.03479095175862312,0.3951110541820526,0.48134544491767883,-0.3813973069190979,0.3948574662208557,0.4887297749519348,0.06103873997926712,0.6182025074958801,0.6083511710166931,-0.13562610745429993,0.5856384038925171,0.6059349775314331,0.13541558384895325,0.4939448833465576,0.4612477123737335,-0.19750931859016418,0.4773900508880615,0.45836949348449707,0.16579219698905945,0.5162509083747864,0.6829293966293335,0.0009737957152538002,0.5289066433906555,0.6680949330329895,0.17255134880542755,0.5356157422065735,0.7177256345748901,0.026139995083212852,0.5499745011329651,0.7010120153427124,0.17291338741779327,0.4803541302680969,0.7475782036781311,0.05243733525276184,0.5178912878036499,0.7388229370117188,0.1674140989780426,0,1
0.5616777539253235,0.19570381939411163,-0.175123393535614,0.5729789733886719,0.1820869892835617,-0.18156173825263977,0.576137900352478,0.18371406197547913,-0.18162819743156433,0.5797625780105591,0.18539464473724365,-0.18164722621440887,0.5684870481491089,0.17976324260234833,-0.1498803347349167,0.5682603120803833,0.17978070676326752,-0.14986614882946014,0.5682103037834167,0.1797441840171814,-0.1498734951019287,0.5945941209793091,0.20491555333137512,-0.17016825079917908,0.5810163617134094,0.19608990848064423,-0.015835478901863098,0.5655787587165833,0.2179678976535797,-0.1672326773405075,0.5603630542755127,0.21510495245456696,-0.12608778476715088,0.6059026122093201,0.32239997386932373,-0.272997111082077,0.5614252686500549,0.334692120552063,0.14651113748550415,0.5119777917861938,0.40793970227241516,-0.3796371519565582,0.49237871170043945,0.407206267118454,0.133019357919693,0.42027172446250916,0.44497501850128174,-0.39437100291252136,0.4129312038421631,0.44836485385894775,-0.0015985987847670913,0.3971770405769348,0.46834948658943176,-0.44585686922073364,0.39255255460739136,0.46462422609329224,-0.01645730622112751,0.39347198605537415,0.46277761459350586,-0.4269130825996399,0.391493558883667,0.4634333848953247,-0.05876505374908447,0.40107932686805725,0.4586285948753357,-0.3883388638496399,0.3989314138889313,0.46164730191230774,-0.02524721249938011,0.6213897466659546,0.6075105667114258,-0.1336088925600052,0.5880178213119507,0.6053508520126343,0.13340920209884644,0.4984857439994812,0.4615061581134796,-0.19237935543060303,0.47098952531814575,0.4662022590637207,0.15550504624843597,0.5218193531036377,0.681904137134552,0.01809895597398281,0.5268775224685669,0.6656543612480164,0.1621597707271576,0.5372439622879028,0.7141452431678772,0.04457893967628479,0.5486573576927185,0.7021365165710449,0.16318348050117493,0.48000723123550415,0.7480930685997009,0.06646732240915298,0.5136897563934326,0.7372113466262817,0.15318730473518372,0,1
0.5818470120429993,0.19666317105293274,-0.2345430552959442,0.5932368040084839,0.18253909051418304,-0.2367132604122162,0.5970269441604614,0.18377496302127838,-0.2367670238018036,0.6012380719184875,0.18545383214950562,-0.2367682158946991,0.58687824010849,0.18117311596870422,-0.2078063189983368,0.5856860876083374,0.18112371861934662,-0.2078222930431366,0.5847390294075012,0.180998295545578,-0.20784536004066467,0.6158501505851746,0.20480014383792877,-0.200679212808609,0.5939716100692749,0.19608627259731293,-0.06953301280736923,0.5883204340934753,0.21998216211795807,-0.22096559405326843,0.5796085596084595,0.21690599620342255,-0.18298140168190002,0.6317365169525146,0.3215327858924866,-0.2841804027557373,0.5740053057670593,0.33355912566185,0.0919506624341011,0.5402679443359375,0.40830662846565247,-0.3823906183242798,0.5097152590751648,0.40955913066864014,0.12525567412376404,0.4471088945865631,0.4367040991783142,-0.40865546464920044,0.43056926131248474,0.4440179169178009,0.0026093428023159504,0.42607560753822327,0.45348867774009705,-0.456599622964859,0.41167983412742615,0.4576664865016937,-0.009876513853669167,0.4221937656402588,0.44569751620292664,-0.4408106207847595,0.4119287431240082,0.4533151388168335,-0.052425336092710495,0.42996543645858765,0.441722571849823,-0.40377694368362427,0.418306440114975,0.451517790555954,-0.020334942266345024,0.6368082761764526,0.6047549247741699,-0.1304965317249298,0.6017789840698242,0.6015578508377075,0.13025547564029694,0.5166965126991272,0.46172454953193665,-0.19593200087547302,0.4956754148006439,0.46618542075157166,0.1447175294160843,0.531095564365387,0.6867680549621582,-0.018212322145700455,0.5321164727210999,0.6670451760292053,0.15129633247852325,0.545604407787323,0.7277438640594482,-0.0013570627197623253,0.5513169765472412,0.7069897055625916,0.1518552601337433,0.4821651577949524,0.7363471984863281,-0.005243380554020405,0.5105435252189636,0.7357191443443298,0.13698048889636993,0,1
0.6119553446769714,0.19979621469974518,-0.21656468510627747,0.6208394765853882,0.1850963532924652,-0.22078461945056915,0.624527096748352,0.18600785732269287,-0.22083663940429688,0.6290851831436157,0.18713174760341644,-0.2208327054977417,0.614737868309021,0.1837405562400818,-0.19020915031433105,0.6139443516731262,0.18345491588115692,-0.19023291766643524,0.6133034825325012,0.18324445188045502,-0.19025631248950958,0.6465550065040588,0.2049582600593567,-0.1909284144639969,0.6241601705551147,0.1967972218990326,-0.0589418038725853,0.6178256273269653,0.2244550883769989,-0.20696529746055603,0.6109638810157776,0.22170773148536682,-0.167203888297081,0.6675572991371155,0.3216695487499237,-0.263275146484375,0.6067768335342407,0.3306906521320343,0.0886150449514389,0.5834347009658813,0.4086548388004303,-0.35698357224464417,0.5414202809333801,0.40886837244033813,0.12072964757680893,0.4887813627719879,0.44561758637428284,-0.38039112091064453,0.46431827545166016,0.45402976870536804,0.0051145958714187145,0.4632454514503479,0.4602675437927246,-0.4255469739437103,0.44600892066955566,0.46214383840560913,-0.008525545708835125,0.4623132348060608,0.4519270658493042,-0.4127408564090729,0.44642990827560425,0.45751672983169556,-0.050240807235240936,0.4689870774745941,0.44243088364601135,-0.37686052918434143,0.45450377464294434,0.4529344439506531,-0.018232686445116997,0.6645629405975342,0.6003814339637756,-0.11865218728780746,0.6251965761184692,0.5948631763458252,0.11842737346887589,0.5579385757446289,0.4643530249595642,-0.2794964909553528,0.5234678387641907,0.4820800721645355,0.040738996118307114,0.5388638973236084,0.7065190076828003,-0.20832648873329163,0.5143001079559326,0.6770303249359131,0.02186186984181404,0.5466450452804565,0.7590456008911133,-0.20142939686775208,0.5184107422828674,0.7283780574798584,0.01661464385688305,0.4835851788520813,0.7221922278404236,-0.26048213243484497,0.4504173696041107,0.7134398818016052,-0.03618311136960983,0,1
0.6477818489074707,0.20946553349494934,-0.126211479306221,0.6559514999389648,0.1928078979253769,-0.12086615711450577,0.6594282388687134,0.1928938776254654,-0.12085942178964615,0.6639288663864136,0.19301635026931763,-0.12076219171285629,0.6497159004211426,0.19268642365932465,-0.0967387706041336,0.648698627948761,0.1926746517419815,-0.09680194407701492,0.6477755308151245,0.19272872805595398,-0.09682906419038773,0.680942177772522,0.20711570978164673,-0.07063756883144379,0.6573731899261475,0.20393787324428558,0.0390050895512104,0.6545290350914001,0.23226989805698395,-0.10855044424533844,0.6474071741104126,0.2316611111164093,-0.07670249789953232,0.7031374573707581,0.3203888237476349,-0.1466282308101654,0.6418744325637817,0.33108222484588623,0.16704507172107697,0.6268211007118225,0.40655627846717834,-0.26356378197669983,0.5765610933303833,0.4100675880908966,0.2171793282032013,0.5413590669631958,0.4461177885532379,-0.33786290884017944,0.4992208480834961,0.454349547624588,0.11811665445566177,0.5204993486404419,0.4583836793899536,-0.37484753131866455,0.4826279580593109,0.4634692668914795,0.11152936518192291,0.5185903310775757,0.4532029926776886,-0.36404547095298767,0.47906365990638733,0.4598727822303772,0.07437602430582047,0.525173544883728,0.44849738478660583,-0.3345980942249298,0.48763757944107056,0.4559582471847534,0.09832878410816193,0.6976101398468018,0.59223872423172,-0.11162058264017105,0.6576041579246521,0.5890205502510071,0.11136537790298462,0.5850614309310913,0.4740518033504486,-0.32500189542770386,0.5541098713874817,0.4808119833469391,0.03664387762546539,0.5427073240280151,0.7143051028251648,-0.36510610580444336,0.5143668055534363,0.6937647461891174,-0.025322621688246727,0.5501671433448792,0.7718935608863831,-0.36804383993148804,0.5242536664009094,0.7325435876846313,-0.033640794456005096,0.48622965812683105,0.724019467830658,-0.43455272912979126,0.46071332693099976,0.7106488347053528,-0.08041388541460037,0,1
0.6817525625228882,0.22038881480693817,-0.09668286144733429,0.6896016001701355,0.20465990900993347,-0.0920557975769043,0.6935831308364868,0.20395685732364655,-0.09202341735363007,0.6981078386306763,0.20310518145561218,-0.09193063527345657,0.6827753782272339,0.2050328105688095,-0.07073356211185455,0.6813260316848755,0.20509397983551025,-0.0707995817065239,0.6802193522453308,0.20499028265476227,-0.0708562582731247,0.714977502822876,0.21235841512680054,-0.04802822321653366,0.6901293992996216,0.21370574831962585,0.04913219437003136,0.6893927454948425,0.24220871925354004,-0.08078548312187195,0.6821632385253906,0.24268341064453125,-0.05261852219700813,0.7404428124427795,0.31993377208709717,-0.12173829227685928,0.6759373545646667,0.32738015055656433,0.1595783680677414,0.6607538461685181,0.39969602227211,-0.23687276244163513,0.6178733706474304,0.39739134907722473,0.18950052559375763,0.5776272416114807,0.4280757009983063,-0.2991940379142761,0.5524075627326965,0.43581971526145935,0.035293757915496826,0.5567957162857056,0.4411476254463196,-0.3309427499771118,0.5305366516113281,0.44524744153022766,0.018064655363559723,0.554187536239624,0.4369983375072479,-0.3227539360523224,0.5356334447860718,0.4438507854938507,-0.005955317988991737,0.5621927976608276,0.43471747636795044,-0.2958884835243225,0.5449597835540771,0.4412250220775604,0.019866198301315308,0.7282169461250305,0.5820237398147583,-0.09790099412202835,0.6874887347221375,0.5707143545150757,0.09767018258571625,0.6157001852989197,0.5198943018913269,-0.32125145196914673,0.5761955380439758,0.48750096559524536,-0.01733270287513733,0.5469813942909241,0.7277454733848572,-0.4235624670982361,0.5148137807846069,0.6976315379142761,-0.11225581169128418,0.5500712394714355,0.7830619215965271,-0.43252530694007874,0.5257736444473267,0.7311009168624878,-0.12303879112005234,0.4866172671318054,0.7212190628051758,-0.51176518201828,0.4603348672389984,0.6873946785926819,-0.1761368066072464,0,1
0.715092658996582,0.23339207470417023,-0.08584386110305786,0.7226769328117371,0.215799942612648,-0.08104062080383301,0.7266726493835449,0.21473687887191772,-0.08101055771112442,0.7313021421432495,0.21373207867145538,-0.08094268292188644,0.7151807546615601,0.2172793447971344,-0.06026514619588852,0.7135878801345825,0.21763040125370026,-0.06032261252403259,0.7121423482894897,0.2180580496788025,-0.0603632926940918,0.7477633357048035,0.22280478477478027,-0.03524433821439743,0.7201567888259888,0.22491741180419922,0.06024475768208504,0.7240638136863708,0.25183600187301636,-0.06856238842010498,0.7158874869346619,0.25193893909454346,-0.04073122888803482,0.7748206853866577,0.32110652327537537,-0.10803097486495972,0.7061305046081543,0.32712432742118835,0.17633646726608276,0.7026070356369019,0.4004112184047699,-0.22018249332904816,0.6457830667495728,0.39704716205596924,0.2131234109401703,0.6271873116493225,0.4185580015182495,-0.29211828112602234,0.5817636251449585,0.42112162709236145,0.0964612141251564,0.5983121395111084,0.4283498525619507,-0.32439202070236206,0.563077449798584,0.43235185742378235,0.08708244562149048,0.5961010456085205,0.4231952130794525,-0.31525135040283203,0.5646458864212036,0.43062639236450195,0.05998967960476875,0.6062389612197876,0.4222186207771301,-0.2885960340499878,0.5718815326690674,0.42857983708381653,0.08069317787885666,0.7511572241783142,0.5795745253562927,-0.10027126967906952,0.7102977633476257,0.5613750219345093,0.10009124130010605,0.625542163848877,0.5380896925926208,-0.2855662703514099,0.5998927354812622,0.5063135027885437,-0.013582156971096992,0.5485131740570068,0.7329908013343811,-0.34418001770973206,0.5190884470939636,0.6968352794647217,-0.07466931641101837,0.5498412847518921,0.7828136682510376,-0.3495424687862396,0.5198417901992798,0.7372366189956665,-0.0821940153837204,0.4883348047733307,0.7099466323852539,-0.4249292314052582,0.46305227279663086,0.6842195987701416,-0.13431255519390106,0,1
0.7410678267478943,0.2518681287765503,-0.022706614807248116,0.7479407787322998,0.23503173887729645,-0.02601933479309082,0.752405047416687,0.23335577547550201,-0.02601797506213188,0.7565507888793945,0.23153112828731537,-0.025982555001974106,0.7397271990776062,0.23760183155536652,-0.00486218836158514,0.7380129098892212,0.23774974048137665,-0.004943553823977709,0.7364814877510071,0.23809602856636047,-0.005037290975451469,0.7721927762031555,0.2329074591398239,-0.007966573350131512,0.7459071278572083,0.2397768497467041,0.08751913160085678,0.7517379522323608,0.2684134244918823,-0.014418711885809898,0.7425215244293213,0.2711862027645111,0.013421019539237022,0.8063106536865234,0.32251569628715515,-0.08304223418235779,0.733364462852478,0.32742464542388916,0.1789863258600235,0.762839138507843,0.40966618061065674,-0.20577888190746307,0.6775500178337097,0.39791104197502136,0.19351628422737122,0.6755725145339966,0.4185582399368286,-0.2916184067726135,0.6127547025680542,0.42454609274864197,0.05059995502233505,0.6550795435905457,0.42892998456954956,-0.32177284359931946,0.5953159332275391,0.43484634160995483,0.03298602253198624,0.6460800766944885,0.42287784814834595,-0.314508318901062,0.5960640907287598,0.4319983720779419,0.013014184311032295,0.6549221277236938,0.422489196062088,-0.28855031728744507,0.6027828454971313,0.43033289909362793,0.03627825528383255,0.7684728503227234,0.5757054090499878,-0.09205859154462814,0.7251236438751221,0.5564978122711182,0.0919727087020874,0.6415544748306274,0.5690333247184753,-0.22745957970619202,0.6170448064804077,0.5325995683670044,-0.03723803535103798,0.5501312613487244,0.7420594096183777,-0.32463914155960083,0.5245713591575623,0.696092963218689,-0.13378271460533142,0.5488553643226624,0.7889423966407776,-0.3301061987876892,0.5174256563186646,0.7369462847709656,-0.14418676495552063,0.4920526444911957,0.7163099646568298,-0.40428465604782104,0.46337586641311646,0.674462616443634,-0.19841612875461578,0,1
0.7612945437431335,0.2684811055660248,0.07349272072315216,0.767342209815979,0.2505571246147156,0.07279966026544571,0.7715965509414673,0.2487625926733017,0.07278893142938614,0.7767006754875183,0.24726560711860657,0.07279252260923386,0.7596230506896973,0.25308963656425476,0.09386883676052094,0.7582191228866577,0.25378653407096863,0.09379394352436066,0.7571797966957092,0.25427815318107605,0.09371019899845123,0.7928091287612915,0.24808631837368011,0.08507727086544037,0.7655208706855774,0.2551440894603729,0.17959032952785492,0.7721339464187622,0.2875927984714508,0.07780692726373672,0.7622456550598145,0.29057034850120544,0.10549793392419815,0.828342616558075,0.3305094838142395,0.012088918127119541,0.7523716688156128,0.33911213278770447,0.22228331863880157,0.7960969805717468,0.4333530366420746,-0.09148089587688446,0.698712944984436,0.42158043384552,0.1905454695224762,0.7200989127159119,0.4203793406486511,-0.17333941161632538,0.6459122896194458,0.4251801073551178,0.01451448630541563,0.6994069814682007,0.43044042587280273,-0.19994235038757324,0.6289646029472351,0.43636953830718994,-0.016887221485376358,0.6982303857803345,0.4246375560760498,-0.20036616921424866,0.6296812891960144,0.43345117568969727,-0.03392068296670914,0.7018040418624878,0.42331263422966003,-0.17284801602363586,0.6363807916641235,0.4322494864463806,-0.0005857563810423017,0.7787352800369263,0.573369026184082,-0.07548463344573975,0.7349947094917297,0.5516912937164307,0.07546422630548477,0.6544219255447388,0.5924077033996582,-0.18687492609024048,0.6313119530677795,0.5620114803314209,-0.04653112217783928,0.5538830757141113,0.7531119585037231,-0.31280896067619324,0.5271710157394409,0.6993256211280823,-0.16132128238677979,0.547531008720398,0.7987730503082275,-0.3252342641353607,0.5182663798332214,0.7378528118133545,-0.17444124817848206,0.49170270562171936,0.7151960730552673,-0.40038999915122986,0.46593576669692993,0.6703669428825378,-0.2309236228466034,0,1
0.7635098099708557,0.2768518328666687,0.06824904680252075,0.7688977718353271,0.25880730152130127,0.07134830206632614,0.7727701663970947,0.2564166486263275,0.07132596522569656,0.7777472138404846,0.2532338798046112,0.07124688476324081,0.7616385221481323,0.2613855004310608,0.08923667669296265,0.7602919936180115,0.2617377042770386,0.08925046771764755,0.7591104507446289,0.2622529864311218,0.08919122815132141,0.7967163920402527,0.2506096363067627,0.10009553283452988,0.7696210145950317,0.26304149627685547,0.18436425924301147,0.7740879654884338,0.291596382856369,0.0788811594247818,0.7659648656845093,0.2941121459007263,0.10344535112380981,0.8366748094558716,0.33100637793540955,0.052464742213487625,0.7602968215942383,0.3448723256587982,0.22411957383155823,0.8373066782951355,0.4686477780342102,-0.013514754362404346,0.72930908203125,0.45406103134155273,0.19025947153568268,0.7554394006729126,0.4234561622142792,-0.06530074775218964,0.6904119253158569,0.4329448342323303,0.02445734106004238,0.7364653944969177,0.4313306212425232,-0.08504201471805573,0.6740688681602478,0.43709564208984375,-0.007862979546189308,0.7360349297523499,0.4205012917518616,-0.08106107264757156,0.6743859052658081,0.4333641529083252,-0.022135067731142044,0.741741955280304,0.419354110956192,-0.06148881837725639,0.6802741289138794,0.4328553378582001,0.010274466127157211,0.7825058102607727,0.5669597387313843,-0.06715133786201477,0.738893985748291,0.5455517768859863,0.06720606237649918,0.6649256944656372,0.6131006479263306,-0.18871478736400604,0.639430582523346,0.5750477910041809,-0.04600674659013748,0.5599139928817749,0.7589767575263977,-0.3172416388988495,0.5294049978256226,0.6998891234397888,-0.17814002931118011,0.5493327379226685,0.8037054538726807,-0.32967430353164673,0.5232741236686707,0.7401608228683472,-0.19308359920978546,0.49148282408714294,0.7392692565917969,-0.40564340353012085,0.4664173722267151,0.6725666522979736,-0.24460837244987488,0,1
0.7509750127792358,0.2605774402618408,-0.03389618918299675,0.7571187615394592,0.24260440468788147,-0.04023533686995506,0.7610663771629333,0.24105003476142883,-0.04026859626173973,0.765917181968689,0.2390478402376175,-0.040313176810741425,0.7503362894058228,0.2447807341814041,-0.0175919346511364,0.7491424083709717,0.24522078037261963,-0.01763036847114563,0.7481096982955933,0.2458118498325348,-0.017680905759334564,0.7841903567314148,0.24175408482551575,-0.034221164882183075,0.7592229843139648,0.25219178199768066,0.07052712142467499,0.761132538318634,0.2763727903366089,-0.029479797929525375,0.7527708411216736,0.2777291536331177,0.0010845470242202282,0.8268457651138306,0.3283306062221527,-0.04439651221036911,0.7509947419166565,0.33885666728019714,0.1349262297153473,0.8586171269416809,0.46662262082099915,-0.14979910850524902,0.7335828542709351,0.4557369351387024,0.10454974323511124,0.7819750905036926,0.4213849902153015,-0.22941358387470245,0.7068024277687073,0.4331071078777313,-0.07752926647663116,0.7613469362258911,0.420641154050827,-0.2513754963874817,0.6944617033004761,0.4349161684513092,-0.10943318903446198,0.7602485418319702,0.40776512026786804,-0.23594096302986145,0.6963626146316528,0.4277362823486328,-0.11792553961277008,0.7629142999649048,0.4077901244163513,-0.22134670615196228,0.700241208076477,0.4271809160709381,-0.08819027990102768,0.7793219685554504,0.5693016648292542,-0.06908231228590012,0.734851062297821,0.546308159828186,0.06919695436954498,0.6646069884300232,0.6090415716171265,-0.2076064795255661,0.6389743089675903,0.5725693106651306,-0.08903507888317108,0.5617886185646057,0.7566229104995728,-0.3166086673736572,0.5330391526222229,0.6997190117835999,-0.1988699734210968,0.5497514009475708,0.8025990128517151,-0.327849417924881,0.5247575044631958,0.7418915629386902,-0.21244259178638458,0.4946858882904053,0.7290849685668945,-0.4168871343135834,0.46980661153793335,0.6691733002662659,-0.280457079410553,0,1
0.725576639175415,0.249289408326149,-0.06244777888059616,0.7329429984092712,0.23329013586044312,-0.06524430215358734,0.7368911504745483,0.23220977187156677,-0.06528837978839874,0.7413517236709595,0.230438232421875,-0.06530773639678955,0.7274525761604309,0.23505577445030212,-0.044681888073682785,0.7269740700721741,0.23546333611011505,-0.04477113485336304,0.7266496419906616,0.2358887493610382,-0.044854603707790375,0.7597220540046692,0.23569080233573914,-0.047311462461948395,0.7390524744987488,0.24339014291763306,0.04709313437342644,0.7342284917831421,0.26751476526260376,-0.05404362827539444,0.7279282212257385,0.26897209882736206,-0.026509981602430344,0.8052951693534851,0.3284356892108917,-0.06461180746555328,0.7302752137184143,0.3395984172821045,0.12230359017848969,0.8284072875976562,0.47951528429985046,-0.16290417313575745,0.7276915907859802,0.46787595748901367,0.0968475341796875,0.7564703822135925,0.42101407051086426,-0.251736044883728,0.694441020488739,0.4334281086921692,-0.09289722144603729,0.7445876002311707,0.4192606508731842,-0.27833929657936096,0.6797020435333252,0.4338078796863556,-0.12561063468456268,0.7317373156547546,0.40725699067115784,-0.2656460702419281,0.6927458047866821,0.4245764911174774,-0.1398574560880661,0.7368291616439819,0.40767768025398254,-0.2460615634918213,0.6892785429954529,0.42515602707862854,-0.10633338987827301,0.7761650085449219,0.5697354078292847,-0.07112155854701996,0.7321575880050659,0.5538519620895386,0.07121274620294571,0.6606131792068481,0.601793110370636,-0.2510576844215393,0.6359339356422424,0.566265344619751,-0.10946591943502426,0.5609860420227051,0.7493816018104553,-0.3669901490211487,0.5333499312400818,0.6994959712028503,-0.238705113530159,0.5499807000160217,0.7989080548286438,-0.37966376543045044,0.5244077444076538,0.7415323853492737,-0.25396084785461426,0.4988933205604553,0.7220386266708374,-0.4790480136871338,0.47182297706604004,0.6691784858703613,-0.32735320925712585,0,1
0.6875542402267456,0.24937528371810913,-0.05880194902420044,0.6973013877868652,0.23340025544166565,-0.05942650884389877,0.7006388902664185,0.23287124931812286,-0.059449803084135056,0.7048062086105347,0.23202559351921082,-0.05941411852836609,0.6915346384048462,0.23488424718379974,-0.038828857243061066,0.6910125613212585,0.23512405157089233,-0.038911283016204834,0.6907250285148621,0.23529449105262756,-0.03899931162595749,0.7221163511276245,0.24036607146263123,-0.04459112137556076,0.7035546898841858,0.24335072934627533,0.04753432050347328,0.6954535841941833,0.26977023482322693,-0.053194958716630936,0.6889740228652954,0.26957112550735474,-0.026366740465164185,0.7575134634971619,0.33429914712905884,-0.10300322622060776,0.6911250352859497,0.3442158102989197,0.13169723749160767,0.7318979501724243,0.47495993971824646,-0.18702764809131622,0.643083930015564,0.4396989941596985,0.16785427927970886,0.6457213163375854,0.47551649808883667,-0.24546118080615997,0.58281409740448,0.44676530361175537,0.07272233068943024,0.6270890235900879,0.4776458442211151,-0.2723323106765747,0.5625540018081665,0.4511622488498688,0.057383257895708084,0.6243223547935486,0.4655364453792572,-0.2676181197166443,0.5632649660110474,0.44805267453193665,0.03318236395716667,0.6294243931770325,0.4624294340610504,-0.24302437901496887,0.570912778377533,0.4477105438709259,0.05761351063847542,0.7609856724739075,0.5715376138687134,-0.0769001916050911,0.7186442017555237,0.5539988875389099,0.07698448747396469,0.651354193687439,0.5683955550193787,-0.2614172399044037,0.6266698837280273,0.5511201620101929,-0.10068485885858536,0.5574182868003845,0.7450211644172668,-0.3634944260120392,0.5345743298530579,0.6993837952613831,-0.2165943682193756,0.5499922037124634,0.791818380355835,-0.37473633885383606,0.5279757380485535,0.738969087600708,-0.22996774315834045,0.49982064962387085,0.7109181880950928,-0.4698725640773773,0.47440305352211,0.6691250205039978,-0.2974833846092224,0,1
0.6428317427635193,0.2520030736923218,-0.2518099546432495,0.6534976959228516,0.23630771040916443,-0.2573913335800171,0.6569548845291138,0.23653200268745422,-0.2573208212852478,0.6609786152839661,0.23684340715408325,-0.2572333514690399,0.6476279497146606,0.23635441064834595,-0.23353686928749084,0.6471458673477173,0.23612083494663239,-0.23365876078605652,0.6468671560287476,0.2359064519405365,-0.23369435966014862,0.6781166195869446,0.24984359741210938,-0.23975880444049835,0.6608191132545471,0.24485322833061218,-0.13348452746868134,0.651704728603363,0.2748333513736725,-0.24273459613323212,0.6441665887832642,0.2712457478046417,-0.21170476078987122,0.7013715505599976,0.3399687707424164,-0.2936306893825531,0.6618150472640991,0.34189245104789734,0.0038946946151554585,0.6147693395614624,0.44157493114471436,-0.3555471897125244,0.590141236782074,0.41056087613105774,0.044108107686042786,0.5273787379264832,0.47439321875572205,-0.3508443236351013,0.514395534992218,0.46223950386047363,-0.00786367617547512,0.5048714280128479,0.4863533079624176,-0.3823101222515106,0.49755340814590454,0.46695655584335327,0.046173229813575745,0.5018638968467712,0.47896304726600647,-0.3665640354156494,0.4918678402900696,0.46740806102752686,-0.0338282473385334,0.5095179677009583,0.47862276434898376,-0.34403306245803833,0.49943405389785767,0.4695434868335724,-0.023881273344159126,0.7386475205421448,0.5790212154388428,-0.09606486558914185,0.7050061225891113,0.5541736483573914,0.09598444402217865,0.6269561052322388,0.5408781170845032,-0.2744738459587097,0.6024661064147949,0.5122323036193848,0.011504199355840683,0.554131269454956,0.7350327968597412,-0.313069224357605,0.5345103144645691,0.696587324142456,-0.0048792664892971516,0.5499521493911743,0.7878598570823669,-0.31751424074172974,0.5391982793807983,0.7390209436416626,-0.007310728542506695,0.493154376745224,0.7028683423995972,-0.39767199754714966,0.4782271981239319,0.6840475797653198,-0.041927676647901535,0,1
0.5915635824203491,0.2652905285358429,-0.1654023826122284,0.6006134748458862,0.247994527220726,-0.1618334949016571,0.6034635305404663,0.24801990389823914,-0.16180476546287537,0.606514573097229,0.2478778213262558,-0.16175320744514465,0.5965928435325623,0.24727480113506317,-0.14127780497074127,0.5966951251029968,0.24661797285079956,-0.14136160910129547,0.5970451235771179,0.24577154219150543,-0.14145132899284363,0.623645544052124,0.261746346950531,-0.17660804092884064,0.6121387481689453,0.2560039460659027,-0.04425235092639923,0.5991725921630859,0.2860003709793091,-0.15120829641819,0.5935096144676208,0.28383368253707886,-0.1236419677734375,0.6543722152709961,0.34667691588401794,-0.2518421411514282,0.6298552751541138,0.34968239068984985,0.0243246890604496,0.5593293309211731,0.42869681119918823,-0.3118959963321686,0.5420255064964294,0.41499581933021545,0.1128937378525734,0.4646802842617035,0.4717295467853546,-0.3032611012458801,0.4592917561531067,0.46282529830932617,0.06418199837207794,0.43988943099975586,0.4782922863960266,-0.3348003327846527,0.4364786744117737,0.47661954164505005,0.07107071578502655,0.4378719925880432,0.4722084403038025,-0.32134056091308594,0.4354221820831299,0.4784475862979889,0.03332848101854324,0.4455532133579254,0.4700074791908264,-0.29852160811424255,0.44181913137435913,0.4754290282726288,0.04589429870247841,0.7195562720298767,0.5807285308837891,-0.10962499678134918,0.6904057264328003,0.5702618956565857,0.10953201353549957,0.6017886400222778,0.5038716793060303,-0.23640306293964386,0.5762501955032349,0.4906325340270996,0.1220240592956543,0.5402259826660156,0.7219637632369995,-0.2407267987728119,0.5304101705551147,0.6950628161430359,0.12018834054470062,0.5426639318466187,0.7783564329147339,-0.24190828204154968,0.5323668718338013,0.7297321557998657,0.11881154775619507,0.4722382128238678,0.6894509792327881,-0.30821946263313293,0.4729228615760803,0.6830383539199829,0.09133745729923248,0,1
0.5469601154327393,0.2755725681781769,-0.13881222903728485,0.5547284483909607,0.2563896179199219,-0.1479836404323578,0.557424008846283,0.25626224279403687,-0.1479390561580658,0.5602776408195496,0.2559090256690979,-0.14786167442798615,0.5506367087364197,0.2558804750442505,-0.13712427020072937,0.5505281686782837,0.25519293546676636,-0.13707338273525238,0.5506137609481812,0.2544163167476654,-0.13684067130088806,0.5768261551856995,0.2684391438961029,-0.16445067524909973,0.5664147138595581,0.2632134258747101,-0.03066651150584221,0.5541075468063354,0.295786589384079,-0.13846784830093384,0.548711359500885,0.2953977882862091,-0.10621807724237442,0.6009541749954224,0.3568199574947357,-0.23729045689105988,0.5875976085662842,0.3647805154323578,0.07143093645572662,0.4992550313472748,0.42588934302330017,-0.29393813014030457,0.4961325526237488,0.41634199023246765,0.12214745581150055,0.4061295986175537,0.47248348593711853,-0.2793465256690979,0.41490617394447327,0.4700983166694641,0.06447537243366241,0.3871919810771942,0.48712098598480225,-0.32479724287986755,0.39267680048942566,0.48388925194740295,0.07054774463176727,0.3848886489868164,0.48698878288269043,-0.293509304523468,0.39243417978286743,0.49049898982048035,0.03354354575276375,0.3907264471054077,0.4835573732852936,-0.27067720890045166,0.39730116724967957,0.4875679314136505,0.046090688556432724,0.6914982795715332,0.590974748134613,-0.10702836513519287,0.66965651512146,0.5906822681427002,0.10691919177770615,0.5699703097343445,0.48494458198547363,-0.17637163400650024,0.5503098964691162,0.48954087495803833,0.1595943123102188,0.5323694348335266,0.7129825949668884,-0.12821051478385925,0.5249693989753723,0.6916381120681763,0.21202130615711212,0.5382120013237,0.7688084244728088,-0.12434202432632446,0.5302581191062927,0.7264829277992249,0.21620361506938934,0.46574920415878296,0.6853588223457336,-0.1708524525165558,0.4719161093235016,0.6875852942466736,0.19805462658405304,0,1
0.5144191384315491,0.2803334891796112,-0.07089947164058685,0.5222426652908325,0.2617420554161072,-0.0806887298822403,0.5249906778335571,0.26110440492630005,-0.08075328916311264,0.5280514359474182,0.26040127873420715,-0.08075836300849915,0.5184310674667358,0.2615806460380554,-0.05361434817314148,0.5185807347297668,0.26104629039764404,-0.053662050515413284,0.5188878774642944,0.26043808460235596,-0.053690772503614426,0.5442712903022766,0.26969289779663086,-0.08777076005935669,0.5345779061317444,0.26754316687583923,0.038603927940130234,0.5223677754402161,0.29829704761505127,-0.07196690142154694,0.5176207423210144,0.29866892099380493,-0.03555987775325775,0.5705562829971313,0.3607672452926636,-0.17697666585445404,0.5513277053833008,0.3779233694076538,0.15131878852844238,0.464695543050766,0.4282779395580292,-0.24856781959533691,0.4614237844944,0.43483874201774597,0.16920353472232819,0.37643730640411377,0.47884276509284973,-0.22895638644695282,0.4007054269313812,0.5436998009681702,0.11020731925964355,0.35800665616989136,0.5046242475509644,-0.2648657560348511,0.36052072048187256,0.5093328356742859,0.11835251748561859,0.35478800535202026,0.5067461133003235,-0.23683138191699982,0.3600817024707794,0.5190370082855225,0.0851125568151474,0.36198338866233826,0.5002874732017517,-0.21925251185894012,0.36709725856781006,0.5116114020347595,0.09283085912466049,0.668608546257019,0.5916811227798462,-0.10644395649433136,0.6456193923950195,0.6007775664329529,0.10629068315029144,0.5502611398696899,0.4810120463371277,-0.2006404846906662,0.5343757271766663,0.48652708530426025,0.1801036298274994,0.5284804105758667,0.7095572352409363,-0.1782139241695404,0.5227567553520203,0.6976462602615356,0.1912255436182022,0.5374399423599243,0.7695609927177429,-0.17559349536895752,0.5300489068031311,0.7296104431152344,0.19127947092056274,0.4683403968811035,0.6943775415420532,-0.22550933063030243,0.46771517395973206,0.7008303999900818,0.16661834716796875,0,1
0.4958086907863617,0.2817523777484894,-0.046006280928850174,0.5025078058242798,0.261503130197525,-0.058106474578380585,0.5052388906478882,0.26093414425849915,-0.058173052966594696,0.5083369016647339,0.2604053318500519,-0.05821700021624565,0.49921560287475586,0.26139214634895325,-0.0258097555488348,0.49948710203170776,0.26080819964408875,-0.02584560588002205,0.4999655783176422,0.2601645886898041,-0.025845855474472046,0.5256732106208801,0.2687753140926361,-0.07304774969816208,0.5175560712814331,0.2665315270423889,0.07329051196575165,0.5040356516838074,0.30038657784461975,-0.05015472322702408,0.4998592734336853,0.299530953168869,-0.0077110580168664455,0.5483048558235168,0.3595483601093292,-0.17539824545383453,0.5463203191757202,0.37442508339881897,0.20055708289146423,0.44765686988830566,0.42879244685173035,-0.2525942027568817,0.4716961979866028,0.46110856533050537,0.2295033484697342,0.35577574372291565,0.4910522997379303,-0.2190156728029251,0.4145991802215576,0.5811873078346252,0.16413794457912445,0.33681100606918335,0.518339216709137,-0.25368186831474304,0.3989812135696411,0.5748471021652222,0.17423191666603088,0.33243441581726074,0.5191989541053772,-0.2194889783859253,0.39774882793426514,0.5774837732315063,0.14037922024726868,0.3389994502067566,0.5138985514640808,-0.20622627437114716,0.40158161520957947,0.583209216594696,0.14612369239330292,0.6481741666793823,0.5946710705757141,-0.11757911741733551,0.636189877986908,0.6016979813575745,0.11736460775136948,0.526470422744751,0.47357746958732605,-0.156227245926857,0.5284897089004517,0.47733908891677856,0.24612239003181458,0.5270564556121826,0.708977460861206,-0.0713140144944191,0.5251303911209106,0.6959236264228821,0.35698360204696655,0.5378062129020691,0.7670255303382874,-0.0639709085226059,0.539956271648407,0.7258896827697754,0.3667089343070984,0.4693511426448822,0.7009096145629883,-0.0977407768368721,0.4799589514732361,0.7165606021881104,0.35317206382751465,0,1
0.49365052580833435,0.26875633001327515,-0.0878833532333374,0.5004880428314209,0.2507055401802063,-0.1072523221373558,0.5029312968254089,0.25100627541542053,-0.10737729072570801,0.50578773021698,0.25116512179374695,-0.10749081522226334,0.4976968765258789,0.2493503987789154,-0.0701371431350708,0.49815478920936584,0.24859634041786194,-0.07014323770999908,0.4989120066165924,0.2477971762418747,-0.07011636346578598,0.5231339931488037,0.2601650357246399,-0.13609005510807037,0.5166943073272705,0.25555121898651123,0.030683234333992004,0.5004246234893799,0.2895866930484772,-0.0968298614025116,0.4972970485687256,0.28713515400886536,-0.04782945662736893,0.5403486490249634,0.3590027391910553,-0.23704853653907776,0.5409401655197144,0.3623729348182678,0.17239528894424438,0.4413847327232361,0.43086954951286316,-0.32214003801345825,0.45967498421669006,0.4553414285182953,0.1988469809293747,0.3490126132965088,0.49675601720809937,-0.29281848669052124,0.373432993888855,0.5103238821029663,0.12654869258403778,0.32792407274246216,0.5210391879081726,-0.3404488265514374,0.3825993537902832,0.5482218265533447,0.12751224637031555,0.32502132654190063,0.5220193862915039,-0.30843302607536316,0.3483818769454956,0.5431711673736572,0.07908398658037186,0.33150920271873474,0.5173162817955017,-0.2822813093662262,0.3830096125602722,0.5583844780921936,0.09774276614189148,0.6336244940757751,0.6023838520050049,-0.12297437340021133,0.6259641647338867,0.6000366806983948,0.12289483845233917,0.5102704763412476,0.4741538465023041,-0.13861286640167236,0.5109919309616089,0.4692108929157257,0.2441992312669754,0.52753746509552,0.7024785876274109,-0.0014417062047868967,0.5300062298774719,0.6868354082107544,0.37189510464668274,0.5464150905609131,0.7623172998428345,0.010834322310984135,0.5451272130012512,0.7148492336273193,0.38331276178359985,0.47254905104637146,0.7009503245353699,-0.008474314585328102,0.48605841398239136,0.7135720252990723,0.37330228090286255,0,1
0.49902963638305664,0.2498326599597931,-0.13029822707176208,0.5069055557250977,0.23046328127384186,-0.14988544583320618,0.5096200704574585,0.23052802681922913,-0.14999113976955414,0.5127701759338379,0.2306758314371109,-0.1500825583934784,0.5035264492034912,0.22998878359794617,-0.11244161427021027,0.5036826133728027,0.22959287464618683,-0.11246024072170258,0.504120945930481,0.2290387749671936,-0.11245355755090714,0.5290335416793823,0.24201293289661407,-0.17990799248218536,0.5201303958892822,0.237991064786911,-0.011158238165080547,0.5063136219978333,0.2716897428035736,-0.13952618837356567,0.5017942190170288,0.2704727053642273,-0.09045728296041489,0.546827495098114,0.34926170110702515,-0.2775938808917999,0.5371214747428894,0.35206669569015503,0.12644998729228973,0.4488216042518616,0.43068963289260864,-0.3693760931491852,0.45559319853782654,0.4379224181175232,0.14054812490940094,0.35687893629074097,0.4933944344520569,-0.35264989733695984,0.3687339127063751,0.4867915213108063,0.04688325151801109,0.33510535955429077,0.5203155279159546,-0.40482982993125916,0.34855467081069946,0.5080043077468872,0.04343699663877487,0.3316144049167633,0.5211654901504517,-0.37826183438301086,0.3442241847515106,0.5105886459350586,0.002468121238052845,0.3382987678050995,0.5157285928726196,-0.3448805510997772,0.3508884310722351,0.5106109976768494,0.02370932511985302,0.6285873651504517,0.6047457456588745,-0.126205712556839,0.6149862408638,0.6018742322921753,0.12614068388938904,0.5039657354354858,0.47474056482315063,-0.16343960165977478,0.49964576959609985,0.46501049399375916,0.286869078874588,0.528643012046814,0.6996921896934509,-0.037460967898368835,0.5299566984176636,0.674285352230072,0.42597898840904236,0.5483404994010925,0.7360219955444336,-0.02446052059531212,0.5477574467658997,0.6937910914421082,0.4382145404815674,0.4753781259059906,0.6988805532455444,-0.044181983917951584,0.48576194047927856,0.6910421848297119,0.43090876936912537,0,1
0.5129850506782532,0.22654035687446594,-0.2337300032377243,0.522087574005127,0.20777004957199097,-0.24089249968528748,0.5264588594436646,0.20786134898662567,-0.2409580945968628,0.5311442613601685,0.20837421715259552,-0.24101456999778748,0.5157695412635803,0.20729096233844757,-0.21017596125602722,0.5145761966705322,0.20664174854755402,-0.21021465957164764,0.5131679177284241,0.20568354427814484,-0.21021075546741486,0.5496171116828918,0.22162462770938873,-0.21982300281524658,0.52206951379776,0.2141847461462021,-0.081589475274086,0.5200871825218201,0.24996767938137054,-0.22358672320842743,0.5105470418930054,0.2470661848783493,-0.18354901671409607,0.5643054246902466,0.33375781774520874,-0.2943344712257385,0.5380207300186157,0.342108815908432,0.07229063659906387,0.481229305267334,0.4468541741371155,-0.37534743547439575,0.4638136029243469,0.43308040499687195,0.10472390800714493,0.3905639052391052,0.4932875335216522,-0.3822919726371765,0.37093740701675415,0.47541165351867676,0.009603024460375309,0.36922183632850647,0.5179998278617859,-0.4335967004299164,0.36565592885017395,0.49163225293159485,0.003113165497779846,0.3653261363506317,0.5157594680786133,-0.4127257764339447,0.3539593815803528,0.49001234769821167,-0.0377362035214901,0.3722628057003021,0.5102792382240295,-0.3762076497077942,0.36474326252937317,0.48754388093948364,-0.012002470903098583,0.6268614530563354,0.6060858964920044,-0.12592212855815887,0.6056668162345886,0.601910412311554,0.12563857436180115,0.5003182291984558,0.47588446736335754,-0.1862785816192627,0.48682674765586853,0.4674132466316223,0.26582977175712585,0.5259451270103455,0.7184402346611023,-0.0633985847234726,0.5335911512374878,0.6754328608512878,0.38543233275413513,0.5477933883666992,0.7654326558113098,-0.0426289364695549,0.5555573105812073,0.6982490420341492,0.3970045745372772,0.47334450483322144,0.7224512696266174,-0.0742398053407669,0.49697160720825195,0.7096024751663208,0.403684139251709,0,1
0.5456997156143188,0.20783154666423798,-0.17430484294891357,0.5561853051185608,0.1901712566614151,-0.1652834266424179,0.5602246522903442,0.19071312248706818,-0.1653342992067337,0.564825177192688,0.19106583297252655,-0.1653060019016266,0.5493745803833008,0.18838249146938324,-0.14087355136871338,0.5482515096664429,0.187847301363945,-0.1409117877483368,0.5473300218582153,0.1873053014278412,-0.14097045361995697,0.582262396812439,0.20792996883392334,-0.13146989047527313,0.5595560669898987,0.19843682646751404,-0.008641445077955723,0.5517953634262085,0.23301628232002258,-0.15283381938934326,0.5445493459701538,0.22967681288719177,-0.12203903496265411,0.6046341061592102,0.322428822517395,-0.22320179641246796,0.5414559245109558,0.34185990691185,0.10442100465297699,0.5296661257743835,0.4319919943809509,-0.3612839877605438,0.4770067632198334,0.4297041594982147,0.0725310668349266,0.4394424855709076,0.474086731672287,-0.41152581572532654,0.41501036286354065,0.4741170108318329,-0.13152188062667847,0.4182070195674896,0.49807116389274597,-0.4597632884979248,0.40028223395347595,0.4921491742134094,-0.15325793623924255,0.41591301560401917,0.49325233697891235,-0.4435245096683502,0.40041327476501465,0.49033406376838684,-0.18186433613300323,0.4211793541908264,0.4869448244571686,-0.4068099558353424,0.4068378508090973,0.48602715134620667,-0.1508321613073349,0.6317227482795715,0.608145534992218,-0.11130823194980621,0.5963228940963745,0.6098272204399109,0.11090832948684692,0.5373005867004395,0.5109732151031494,-0.25947561860084534,0.4870670437812805,0.5060145854949951,0.14548072218894958,0.5094343423843384,0.7309556007385254,-0.19290249049663544,0.5275092720985413,0.6908643245697021,0.09698614478111267,0.5200493931770325,0.7745694518089294,-0.18341641128063202,0.5477381348609924,0.721700131893158,0.09072510153055191,0.4474765360355377,0.7397486567497253,-0.22414536774158478,0.4960883557796478,0.721369743347168,0.05131738632917404,0,1
0.5814858078956604,0.20157074928283691,-0.17066198587417603,0.5919644832611084,0.18473942577838898,-0.15254904329776764,0.5960642695426941,0.18449337780475616,-0.15258421003818512,0.6006426215171814,0.1843833476305008,-0.1525656133890152,0.5857608318328857,0.183816596865654,-0.12659195065498352,0.584809422492981,0.18317724764347076,-0.12661424279212952,0.5837730169296265,0.18250390887260437,-0.1266249418258667,0.6178411245346069,0.20093008875846863,-0.1043020486831665,0.5958043336868286,0.1933748424053192,0.0228610560297966,0.5871193408966064,0.22573977708816528,-0.13955678045749664,0.5810388326644897,0.2233797013759613,-0.10531900823116302,0.640889048576355,0.3135330080986023,-0.19260087609291077,0.5768522024154663,0.33506447076797485,0.16397427022457123,0.5582934617996216,0.4189583957195282,-0.32448676228523254,0.5178163647651672,0.4216017723083496,0.19403383135795593,0.46828287839889526,0.45765194296836853,-0.3877265751361847,0.4504762589931488,0.4589007496833801,0.04517694190144539,0.44597095251083374,0.47689002752304077,-0.43544435501098633,0.43375134468078613,0.47200414538383484,0.030050117522478104,0.44188523292541504,0.46896693110466003,-0.4215257167816162,0.4329928755760193,0.4699757397174835,-0.00942899938672781,0.4486314654350281,0.4632517993450165,-0.3840298056602478,0.4388699531555176,0.46621614694595337,0.022921916097402573,0.6445225477218628,0.6039518117904663,-0.1162809506058693,0.6003084182739258,0.6095820069313049,0.11589912325143814,0.5341187715530396,0.47188809514045715,-0.2670203149318695,0.49107980728149414,0.48746708035469055,0.08718078583478928,0.5261222124099731,0.713561475276947,-0.2142605483531952,0.5166720151901245,0.6942930221557617,-0.0035680425353348255,0.5416842103004456,0.7717227339744568,-0.20761176943778992,0.5380538105964661,0.7431331872940063,-0.015355115756392479,0.4664461016654968,0.7502469420433044,-0.2483654022216797,0.4773128926753998,0.7369670271873474,-0.06241559237241745,0,1
0.6212282180786133,0.2030826359987259,-0.1627037674188614,0.630121111869812,0.186545729637146,-0.15302422642707825,0.6342660188674927,0.1865745186805725,-0.1530727595090866,0.6388244032859802,0.18679162859916687,-0.15307088196277618,0.6240267753601074,0.1859181672334671,-0.12655740976333618,0.6231489777565002,0.18557709455490112,-0.12657903134822845,0.6222704648971558,0.18515580892562866,-0.12658941745758057,0.6567608714103699,0.2027771770954132,-0.1152343899011612,0.6338470578193665,0.1963202953338623,0.0166250541806221,0.6271224617958069,0.22700069844722748,-0.14015480875968933,0.6202771067619324,0.22534078359603882,-0.10466787964105606,0.6781054139137268,0.3146073520183563,-0.19498226046562195,0.6187542676925659,0.3283919394016266,0.15383045375347137,0.6010143160820007,0.416248619556427,-0.309622585773468,0.5479474067687988,0.4072473347187042,0.18983052670955658,0.5143736004829407,0.4501808285713196,-0.36959409713745117,0.4779890477657318,0.4509942829608917,0.06879311054944992,0.4902481138706207,0.4675184488296509,-0.41443386673927307,0.4602534770965576,0.4512856900691986,0.05614941194653511,0.48803800344467163,0.46060609817504883,-0.40674901008605957,0.46104884147644043,0.4484005868434906,0.016213009133934975,0.4960203170776367,0.45845502614974976,-0.3683772087097168,0.46833091974258423,0.45114415884017944,0.04663049429655075,0.671734094619751,0.6034981608390808,-0.11806689202785492,0.6318718194961548,0.6028337478637695,0.11770149320363998,0.5649355053901672,0.47458067536354065,-0.31784141063690186,0.5282195806503296,0.48113229870796204,0.03740342706441879,0.5351782441139221,0.7140695452690125,-0.2935941517353058,0.5075615048408508,0.6985169053077698,-0.01861950382590294,0.5483575463294983,0.7781220078468323,-0.29028961062431335,0.5173798203468323,0.7456112504005432,-0.026864558458328247,0.4811602532863617,0.7383774518966675,-0.34683993458747864,0.445453405380249,0.7265617251396179,-0.07709147781133652,0,1
0.6625182032585144,0.20356535911560059,-0.13363784551620483,0.6712961196899414,0.1868898570537567,-0.12565477192401886,0.6750599145889282,0.1871008723974228,-0.12564411759376526,0.679888904094696,0.18726053833961487,-0.12556780874729156,0.6644505262374878,0.18641872704029083,-0.10211857408285141,0.663138747215271,0.18640609085559845,-0.10218660533428192,0.6619385480880737,0.18652625381946564,-0.10223646461963654,0.6969058513641357,0.20416761934757233,-0.06847159564495087,0.6714592576026917,0.1986609399318695,0.04017249494791031,0.6689552068710327,0.2278796285390854,-0.11192653328180313,0.661263644695282,0.2268911749124527,-0.08077768981456757,0.7180200815200806,0.31569820642471313,-0.1417509913444519,0.6544535160064697,0.32720062136650085,0.17145121097564697,0.6365698575973511,0.4194260835647583,-0.24242036044597626,0.5880426168441772,0.40287983417510986,0.22452589869499207,0.5513706803321838,0.44305673241615295,-0.297300785779953,0.5207849740982056,0.4386883080005646,0.11541645228862762,0.5343249440193176,0.45058825612068176,-0.3326353132724762,0.505135178565979,0.4442387521266937,0.1064409613609314,0.5318607091903687,0.44530749320983887,-0.3266323506832123,0.5047284364700317,0.44123587012290955,0.068802610039711,0.5395285487174988,0.44432246685028076,-0.2956850528717041,0.5111829042434692,0.44207561016082764,0.09526032954454422,0.7006649374961853,0.5941802263259888,-0.11250988394021988,0.6624265909194946,0.5843132734298706,0.11222106218338013,0.5932275652885437,0.4878860116004944,-0.3524191677570343,0.557171106338501,0.4806273877620697,0.023057932034134865,0.5439335107803345,0.7217941284179688,-0.4131719470024109,0.5090169310569763,0.6995845437049866,-0.03968892991542816,0.5510344505310059,0.7854823470115662,-0.4182443618774414,0.5218982696533203,0.7430763840675354,-0.04791417345404625,0.4872036874294281,0.7392148375511169,-0.49143147468566895,0.45459771156311035,0.7128196954727173,-0.09627930819988251,0,1
0.6970462203025818,0.21216537058353424,-0.07013510167598724,0.7057672142982483,0.19771385192871094,-0.0634145587682724,0.7100690603256226,0.19748623669147491,-0.06338661164045334,0.7147090435028076,0.1971510946750641,-0.06331048905849457,0.6983288526535034,0.19768188893795013,-0.042744770646095276,0.6967074871063232,0.19758349657058716,-0.04280799254775047,0.6954473853111267,0.1974688470363617,-0.042868755757808685,0.7308815121650696,0.20811408758163452,-0.01689101569354534,0.7045935988426208,0.20685520768165588,0.07737983763217926,0.7039006948471069,0.23443588614463806,-0.053582675755023956,0.6961725354194641,0.23418551683425903,-0.026211237534880638,0.7538504600524902,0.31164515018463135,-0.10217771679162979,0.6889358758926392,0.3212147057056427,0.18909108638763428,0.68044513463974,0.3908461332321167,-0.2315611094236374,0.6261551976203918,0.39280030131340027,0.21835550665855408,0.6003018617630005,0.4110255837440491,-0.31209343671798706,0.5642017126083374,0.4222821891307831,0.09701929241418839,0.5763844847679138,0.42337778210639954,-0.3454349637031555,0.544407844543457,0.43159401416778564,0.08691819757223129,0.5748782753944397,0.4172951281070709,-0.33578234910964966,0.545298159122467,0.42957255244255066,0.05853327363729477,0.5821380019187927,0.4157409369945526,-0.3084731698036194,0.5530879497528076,0.4270918071269989,0.08054523915052414,0.7364781498908997,0.5801682472229004,-0.10177484899759293,0.6961989998817444,0.5667299628257751,0.10161380469799042,0.6126190423965454,0.5246878862380981,-0.2968832552433014,0.5856267213821411,0.4958564043045044,-0.021803149953484535,0.5476811528205872,0.7285431027412415,-0.35357123613357544,0.512360692024231,0.696081817150116,-0.09778963029384613,0.5499305725097656,0.7853672504425049,-0.35857853293418884,0.5127754211425781,0.7436266541481018,-0.1064455509185791,0.48524418473243713,0.722716212272644,-0.4290778636932373,0.45735377073287964,0.6818242073059082,-0.15725071728229523,0,1
0.7279428243637085,0.2334190309047699,-0.07172171771526337,0.735262393951416,0.21636971831321716,-0.06721437722444534,0.739439845085144,0.21469411253929138,-0.06719949841499329,0.7439824342727661,0.21317552030086517,-0.06715502589941025,0.7283483743667603,0.2189825475215912,-0.045407988131046295,0.7270010709762573,0.2190464586019516,-0.04545948654413223,0.7257806062698364,0.2191372960805893,-0.04550418630242348,0.7603383660316467,0.22074007987976074,-0.01884249970316887,0.7345823049545288,0.22281931340694427,0.08186676353216171,0.73784339427948,0.2509188652038574,-0.05280523747205734,0.7296028733253479,0.250916987657547,-0.023517601191997528,0.7883334755897522,0.31158775091171265,-0.09889008104801178,0.7253177165985107,0.32190757989883423,0.20875918865203857,0.7200834155082703,0.38044407963752747,-0.2361321747303009,0.659415066242218,0.38440683484077454,0.266177237033844,0.6374316811561584,0.3948705494403839,-0.3256266713142395,0.5893390774726868,0.40869298577308655,0.18832454085350037,0.6082062721252441,0.4062005877494812,-0.3586658537387848,0.5710551738739014,0.418058305978775,0.18627862632274628,0.6085867881774902,0.4030627906322479,-0.3452926278114319,0.5723724961280823,0.4163041114807129,0.15676911175251007,0.6171027421951294,0.4021259844303131,-0.32119107246398926,0.5801998376846313,0.41486841440200806,0.172337144613266,0.7610605359077454,0.5758933424949646,-0.10591024160385132,0.7212790250778198,0.5606420040130615,0.10586746782064438,0.6294020414352417,0.5450262427330017,-0.25230297446250916,0.6102502942085266,0.5246594548225403,0.004349680617451668,0.5471526384353638,0.7357268333435059,-0.31751957535743713,0.5216753482818604,0.6974400281906128,-0.0569036528468132,0.5488986372947693,0.7862135171890259,-0.3282906115055084,0.5114411115646362,0.7442118525505066,-0.06415815651416779,0.4907723367214203,0.7209237813949585,-0.4022158682346344,0.4578345715999603,0.6733428835868835,-0.1156948059797287,0,1
0.7569305896759033,0.2631656527519226,0.08810511976480484,0.7632141709327698,0.24553026258945465,0.08858765661716461,0.7673852443695068,0.24456509947776794,0.0886194035410881,0.771787166595459,0.24349357187747955,0.08867177367210388,0.7549058794975281,0.24708832800388336,0.10918767750263214,0.7529643177986145,0.24737639725208282,0.1091005951166153,0.7513607740402222,0.24780695140361786,0.10902905464172363,0.786974310874939,0.24371419847011566,0.10964371263980865,0.7608895301818848,0.2484198659658432,0.2025708705186844,0.7675312161445618,0.28112322092056274,0.09608931839466095,0.758201539516449,0.28352296352386475,0.12331684678792953,0.8195329904556274,0.3187978267669678,0.015649564564228058,0.7508937120437622,0.32824549078941345,0.26101964712142944,0.7616496086120605,0.38414302468299866,-0.1324036717414856,0.6914592981338501,0.3889729678630829,0.24322855472564697,0.6805363893508911,0.4004497230052948,-0.2438569962978363,0.6262922883033752,0.4150294065475464,0.10999927669763565,0.6584888696670532,0.40958496928215027,-0.27959805727005005,0.6104069948196411,0.42333513498306274,0.08755265176296234,0.6560345888137817,0.40586379170417786,-0.2704915404319763,0.6121488809585571,0.4205534756183624,0.0696793869137764,0.6638827919960022,0.4056103527545929,-0.24126681685447693,0.6185251474380493,0.41973602771759033,0.09648818522691727,0.7774733901023865,0.5711216330528259,-0.0892048329114914,0.7340681552886963,0.55656498670578,0.08912103623151779,0.6473073363304138,0.5804696083068848,-0.22462861239910126,0.6256625652313232,0.5567183494567871,-0.03178586810827255,0.5531936883926392,0.7495396137237549,-0.3238597512245178,0.5251133441925049,0.6971734762191772,-0.11562951654195786,0.5486475825309753,0.7946116328239441,-0.3337494730949402,0.5119763016700745,0.7346780300140381,-0.12481749057769775,0.4934517741203308,0.7213775515556335,-0.4081500172615051,0.4609708786010742,0.6658932566642761,-0.17317086458206177,0,1
0.7760019898414612,0.2886888384819031,0.14834849536418915,0.7806455492973328,0.27301329374313354,0.15071630477905273,0.7841951847076416,0.2720874547958374,0.1506962776184082,0.788525402545929,0.2705681622028351,0.15067492425441742,0.7747727036476135,0.2741319537162781,0.1722460687160492,0.773769736289978,0.274029940366745,0.17220439016819,0.7728815078735352,0.2742402255535126,0.17216135561466217,0.805778980255127,0.26663070917129517,0.16606846451759338,0.7829475402832031,0.2740456461906433,0.2634168267250061,0.7858180403709412,0.30387642979621887,0.15248239040374756,0.7776486873626709,0.30478739738464355,0.1809430569410324,0.8412848711013794,0.33260348439216614,0.0775604397058487,0.7695745825767517,0.34456151723861694,0.2846328318119049,0.8102242350578308,0.4231453835964203,-0.04864044487476349,0.7196348905563354,0.4151960015296936,0.23953309655189514,0.7320457696914673,0.4023934602737427,-0.1454383283853531,0.6655409336090088,0.4154764413833618,0.07419701665639877,0.710234522819519,0.4134922921657562,-0.1766938418149948,0.6484138369560242,0.4239250123500824,0.04007181525230408,0.7093871831893921,0.4099298119544983,-0.1756521612405777,0.6480074524879456,0.4219145178794861,0.02197200618684292,0.7141692638397217,0.4092109203338623,-0.14514020085334778,0.6560702919960022,0.4211708903312683,0.05808330699801445,0.7827186584472656,0.5649425983428955,-0.07332900911569595,0.7408650517463684,0.5460259318351746,0.0733787789940834,0.6607879400253296,0.6097322106361389,-0.19123923778533936,0.6382914781570435,0.5810871124267578,-0.048821188509464264,0.5601021647453308,0.7591813802719116,-0.31788742542266846,0.5264832377433777,0.6983855962753296,-0.16000404953956604,0.5490521192550659,0.8019401431083679,-0.32944080233573914,0.5122048854827881,0.7393959760665894,-0.17400768399238586,0.49879828095436096,0.7283072471618652,-0.4072304368019104,0.462292343378067,0.6677771210670471,-0.23742122948169708,0,1
0.7841285467147827,0.30475950241088867,0.09756692498922348,0.7890479564666748,0.28906938433647156,0.09823470562696457,0.7929255962371826,0.2876990735530853,0.09820615500211716,0.7974590063095093,0.28542545437812805,0.09812568873167038,0.7826154828071594,0.2893105745315552,0.11832235008478165,0.7813158631324768,0.288678914308548,0.11833465099334717,0.7801172137260437,0.288204163312912,0.11826244741678238,0.8162134885787964,0.2795812487602234,0.11979418992996216,0.7886311411857605,0.2879925072193146,0.21482470631599426,0.7931903600692749,0.317114919424057,0.10610077530145645,0.785606324672699,0.32011038064956665,0.13370706140995026,0.8525545001029968,0.3361266255378723,0.06070638447999954,0.7812281847000122,0.3519250452518463,0.25927895307540894,0.8483244776725769,0.4694828391075134,-0.014078602194786072,0.7516372203826904,0.458143949508667,0.2395668923854828,0.7677111625671387,0.42362159490585327,-0.06789576262235641,0.7107676863670349,0.43809235095977783,0.0996776595711708,0.7511691451072693,0.42314842343330383,-0.08761101961135864,0.6903036832809448,0.4355115294456482,0.04680400714278221,0.7495497465133667,0.4129153788089752,-0.08697919547557831,0.6912320852279663,0.4273391366004944,0.05000733584165573,0.7543013691902161,0.41464874148368835,-0.06561742722988129,0.6989315748214722,0.4297119975090027,0.08650532364845276,0.7849839925765991,0.5662310123443604,-0.06996611505746841,0.7440106868743896,0.54352205991745,0.07005006074905396,0.6727859377861023,0.6163625717163086,-0.21011359989643097,0.6429498791694641,0.5887377262115479,-0.05940492823719978,0.5581052899360657,0.7594992518424988,-0.33037978410720825,0.5283614993095398,0.6986174583435059,-0.19149158895015717,0.5462055802345276,0.8023176193237305,-0.34127017855644226,0.5137215256690979,0.745395302772522,-0.20674896240234375,0.49004650115966797,0.7315394282341003,-0.4151291847229004,0.46212831139564514,0.6657493114471436,-0.26200589537620544,0,1
0.7796763181686401,0.2945301830768585,0.07656019926071167,0.7866905331611633,0.27825018763542175,0.07835905253887177,0.7905353903770447,0.2769175171852112,0.07835227251052856,0.7946439981460571,0.2748537063598633,0.07834252715110779,0.7795249223709106,0.27865439653396606,0.1009833812713623,0.7783309817314148,0.2782013416290283,0.100899837911129,0.7773439884185791,0.277884304523468,0.10084166377782822,0.8114084005355835,0.2719811499118805,0.1065678820014,0.7869635820388794,0.27861204743385315,0.1928950548171997,0.7890008687973022,0.3081485331058502,0.08582101762294769,0.7808301448822021,0.3103795647621155,0.11523284763097763,0.8509887456893921,0.335710734128952,0.04940759390592575,0.7792483568191528,0.35093411803245544,0.2342338114976883,0.8673399686813354,0.4701402485370636,-0.021471193060278893,0.7577786445617676,0.4550667107105255,0.2301003634929657,0.7997288107872009,0.4277970492839813,-0.06509096920490265,0.7270429730415344,0.42636993527412415,0.10119350999593735,0.7799201011657715,0.42367252707481384,-0.08123165369033813,0.7166813611984253,0.4238395392894745,0.05428094416856766,0.7776910662651062,0.41217511892318726,-0.07234560698270798,0.7191221714019775,0.4136267304420471,0.06101970002055168,0.7816799879074097,0.4129655063152313,-0.05833401158452034,0.7253360152244568,0.41551512479782104,0.09012535959482193,0.784957766532898,0.5661346912384033,-0.06698615849018097,0.7451131343841553,0.5418675541877747,0.06706167012453079,0.6713579893112183,0.626343309879303,-0.20048341155052185,0.6439350843429565,0.5925241708755493,-0.06402571499347687,0.5537196397781372,0.7621945142745972,-0.33317363262176514,0.5290864706039429,0.6984951496124268,-0.20761387050151825,0.5397747755050659,0.803193986415863,-0.34559568762779236,0.5133244395256042,0.7465768456459045,-0.22412514686584473,0.48728007078170776,0.7314885258674622,-0.41427573561668396,0.46177950501441956,0.6567420363426208,-0.2740752100944519,0,1
0.7818971276283264,0.27314135432243347,0.053452469408512115,0.7888272404670715,0.2572011649608612,0.06186708062887192,0.7936251163482666,0.25518497824668884,0.06185372918844223,0.7982282638549805,0.25316551327705383,0.061741966754198074,0.780089259147644,0.2583298087120056,0.07509195059537888,0.7780178785324097,0.2579839825630188,0.07513993233442307,0.7762462496757507,0.25798624753952026,0.07509898394346237,0.8131526112556458,0.2529599666595459,0.10458619892597198,0.7823691368103027,0.26369792222976685,0.17855527997016907,0.7912030816078186,0.2887301743030548,0.07454080134630203,0.7816909551620483,0.289045512676239,0.09294731914997101,0.8505891561508179,0.33465462923049927,0.07076770812273026,0.7731525897979736,0.3427806496620178,0.2251189947128296,0.8537584543228149,0.4832266867160797,0.016678351908922195,0.7498284578323364,0.45675772428512573,0.2050877809524536,0.7877926230430603,0.4271552264690399,-0.0384046845138073,0.717025876045227,0.4263259172439575,0.056892991065979004,0.7696384191513062,0.4216529130935669,-0.0566510371863842,0.7021560668945312,0.4237629473209381,0.025155071169137955,0.7696413397789001,0.4070209562778473,-0.049590371549129486,0.7030516862869263,0.4139009714126587,0.012997053563594818,0.7733341455459595,0.4070381224155426,-0.03336533531546593,0.7097402811050415,0.4158431887626648,0.044751543551683426,0.7888363599777222,0.5647959113121033,-0.06407346576452255,0.7427394390106201,0.5385653972625732,0.06415607780218124,0.6723804473876953,0.6286743879318237,-0.204918771982193,0.6431636214256287,0.5949421525001526,-0.057638831436634064,0.5524442195892334,0.7643255591392517,-0.3115614056587219,0.5287676453590393,0.6984421610832214,-0.18178296089172363,0.5392502546310425,0.8043696284294128,-0.32082390785217285,0.512381911277771,0.7445974349975586,-0.1963156908750534,0.48250144720077515,0.7420943379402161,-0.39593082666397095,0.4617682099342346,0.6575292944908142,-0.24814848601818085,0,1
0.778045654296875,0.26502829790115356,0.005863868165761232,0.7847363352775574,0.24844340980052948,0.012138237245380878,0.7892993688583374,0.247140035033226,0.012092730030417442,0.793729841709137,0.24494902789592743,0.011995279230177402,0.7773773670196533,0.24856679141521454,0.027636468410491943,0.7760595083236694,0.24884018301963806,0.027659554034471512,0.7751336693763733,0.2498297095298767,0.027604231610894203,0.8104504346847534,0.24499040842056274,0.05853915214538574,0.7784337997436523,0.25622832775115967,0.13365918397903442,0.7871633172035217,0.28188249468803406,0.02379123494029045,0.7785004377365112,0.2838601768016815,0.04554130882024765,0.8465277552604675,0.340037077665329,0.02527773007750511,0.7672628164291382,0.34255439043045044,0.19675332307815552,0.8464418649673462,0.48071587085723877,-0.011336041614413261,0.7373656034469604,0.45746520161628723,0.20937559008598328,0.7818175554275513,0.4296063184738159,-0.04531130939722061,0.696158766746521,0.44147661328315735,0.08794233947992325,0.7622586488723755,0.4276401102542877,-0.06187465041875839,0.6781980395317078,0.44050946831703186,0.060663800686597824,0.7639392614364624,0.411287784576416,-0.05981094390153885,0.6755582094192505,0.43341556191444397,0.03802335634827614,0.7606562972068787,0.41324764490127563,-0.041668601334095,0.682584285736084,0.43320232629776,0.07239183038473129,0.7864969968795776,0.5690076351165771,-0.06595706939697266,0.7423926591873169,0.5405446290969849,0.06600348651409149,0.6697121858596802,0.6247745156288147,-0.22456328570842743,0.6415644884109497,0.5931421518325806,-0.06437395513057709,0.5532926917076111,0.7630201578140259,-0.3401266634464264,0.5330274105072021,0.6991482973098755,-0.198357492685318,0.5413461923599243,0.8042826056480408,-0.35107308626174927,0.5202254056930542,0.7428783178329468,-0.21352151036262512,0.4828965663909912,0.7403249144554138,-0.43451714515686035,0.46232181787490845,0.6619746088981628,-0.2698562741279602,0,1
0.7593047618865967,0.24427779018878937,-0.07102513313293457,0.7676613330841064,0.22833837568759918,-0.06946976482868195,0.7721118330955505,0.22793839871883392,-0.06950408965349197,0.7770637273788452,0.22781910002231598,-0.06951694190502167,0.7595318555831909,0.2294156551361084,-0.052197039127349854,0.7577799558639526,0.22980283200740814,-0.05226108431816101,0.7565346956253052,0.23029479384422302,-0.05233076214790344,0.7926526069641113,0.2326597273349762,-0.03942837193608284,0.7639753818511963,0.2371031641960144,0.039289508014917374,0.7683919668197632,0.26316460967063904,-0.059115517884492874,0.758621871471405,0.26178738474845886,-0.0360114760696888,0.8275831937789917,0.33951056003570557,-0.07836165279150009,0.7448802590370178,0.3348454535007477,0.11536582559347153,0.7946680188179016,0.47178104519844055,-0.16417595744132996,0.6982032656669617,0.44362175464630127,0.1141786128282547,0.7122100591659546,0.4420686960220337,-0.2449634075164795,0.6439727544784546,0.44374924898147583,-0.040776681154966354,0.6928308606147766,0.4475213289260864,-0.2735331952571869,0.6281813979148865,0.4507405161857605,-0.07201100885868073,0.6915575861930847,0.4359058737754822,-0.2731136679649353,0.6296273469924927,0.44476428627967834,-0.09215821325778961,0.6975950598716736,0.43542811274528503,-0.24427589774131775,0.6362709999084473,0.44297218322753906,-0.05622982233762741,0.7795178294181824,0.572024941444397,-0.06663414090871811,0.7318569421768188,0.547006368637085,0.06667033582925797,0.6641228199005127,0.604097306728363,-0.28926655650138855,0.6371973752975464,0.5635623335838318,-0.1235988587141037,0.557632565498352,0.7544015049934387,-0.37025997042655945,0.5329228043556213,0.699174165725708,-0.23409149050712585,0.5466673970222473,0.8022241592407227,-0.37937813997268677,0.5244438648223877,0.7425263524055481,-0.24802455306053162,0.4964871406555176,0.7320477962493896,-0.4768224358558655,0.4636865556240082,0.6667252779006958,-0.32374152541160583,0,1
0.7357476949691772,0.23020398616790771,-0.03191906958818436,0.7444038391113281,0.21649451553821564,-0.029356444254517555,0.7488792538642883,0.21598856151103973,-0.029403124004602432,0.7540372610092163,0.21557164192199707,-0.029500257223844528,0.7369376420974731,0.2169257551431656,-0.012709471397101879,0.7355324625968933,0.21712033450603485,-0.012685487978160381,0.7345624566078186,0.21726909279823303,-0.012723403051495552,0.7683825492858887,0.22514359652996063,0.00494693499058485,0.7443286776542664,0.22647380828857422,0.08456679433584213,0.744041383266449,0.25235337018966675,-0.018619831651449203,0.7355437278747559,0.25323474407196045,0.004680157173424959,0.7961120009422302,0.329583078622818,-0.07069061696529388,0.7220423817634583,0.33506351709365845,0.12864452600479126,0.7451355457305908,0.440884530544281,-0.17925825715065002,0.6652302145957947,0.43423351645469666,0.14861947298049927,0.6574321985244751,0.45402172207832336,-0.24772930145263672,0.6165546178817749,0.4543236494064331,-0.006794280372560024,0.6418532133102417,0.46763741970062256,-0.2742741107940674,0.5937187671661377,0.4664285480976105,-0.0015724599361419678,0.6370059847831726,0.45776036381721497,-0.27307188510894775,0.5933116674423218,0.4620879292488098,-0.02102266438305378,0.6435130834579468,0.45506274700164795,-0.2462967336177826,0.602973461151123,0.45908936858177185,-0.012347497045993805,0.7688770890235901,0.5722430348396301,-0.084816575050354,0.7232009172439575,0.549024224281311,0.08472548425197601,0.6504090428352356,0.5610724091529846,-0.2773783802986145,0.6249488592147827,0.529483437538147,-0.06481990218162537,0.5586594939231873,0.7422541975975037,-0.3616911470890045,0.532793402671814,0.6989620923995972,-0.14920851588249207,0.5503186583518982,0.7940061092376709,-0.3700176775455475,0.5244462490081787,0.7400652766227722,-0.15915174782276154,0.4950520992279053,0.7071846723556519,-0.46230706572532654,0.4683745503425598,0.6693331003189087,-0.21137340366840363,0,1
0.7052521109580994,0.22573015093803406,-0.04996389150619507,0.7150202989578247,0.21133895218372345,-0.04109838232398033,0.7196468114852905,0.21105149388313293,-0.04109996557235718,0.7248156666755676,0.21080143749713898,-0.041042935103178024,0.7075701951980591,0.21171428263187408,-0.02322738990187645,0.7064400315284729,0.21175649762153625,-0.023294055834412575,0.7055191993713379,0.21178114414215088,-0.023358631879091263,0.7386634349822998,0.22191238403320312,0.005713764112442732,0.7155243158340454,0.22047477960586548,0.08562047779560089,0.7131460905075073,0.24599045515060425,-0.03381214663386345,0.7048295736312866,0.24585328996181488,-0.010540325194597244,0.7617992758750916,0.3241310715675354,-0.0755641907453537,0.6931509375572205,0.33448362350463867,0.17300859093666077,0.7021311521530151,0.4367147982120514,-0.1679239571094513,0.6317402124404907,0.4313610792160034,0.21686561405658722,0.6132699251174927,0.46206825971603394,-0.2295686900615692,0.5742425918579102,0.4617648720741272,0.11681896448135376,0.5970887541770935,0.4783162474632263,-0.2575764060020447,0.5559995770454407,0.474873811006546,0.1077081710100174,0.58823162317276,0.4681432545185089,-0.25386834144592285,0.5548571944236755,0.4713871479034424,0.07994940131902695,0.5966898202896118,0.46459823846817017,-0.22715428471565247,0.5624071359634399,0.4679902493953705,0.10173143446445465,0.7476183176040649,0.580810010433197,-0.09204486012458801,0.7031527757644653,0.5626039505004883,0.09190394729375839,0.6338973641395569,0.5386277437210083,-0.3118577301502228,0.6023862361907959,0.5180310010910034,-0.0536235049366951,0.5563513040542603,0.7347411513328552,-0.3942967653274536,0.527125895023346,0.7015811204910278,-0.141201451420784,0.5507544279098511,0.7913557887077332,-0.401709645986557,0.5200752019882202,0.7344692945480347,-0.15121349692344666,0.4944497048854828,0.7110480666160583,-0.48454412817955017,0.46888095140457153,0.6704698801040649,-0.20934490859508514,0,1
0.6754425764083862,0.22210034728050232,-0.17665579915046692,0.6857975125312805,0.20693069696426392,-0.16713938117027283,0.6901496648788452,0.2071848064661026,-0.16710259020328522,0.6942765116691589,0.20746783912181854,-0.16700045764446259,0.6785655617713928,0.20618192851543427,-0.1477658450603485,0.677361011505127,0.20602211356163025,-0.14787471294403076,0.6762723326683044,0.20575951039791107,-0.14793220162391663,0.7076152563095093,0.2196049988269806,-0.10708607733249664,0.6861845850944519,0.21720734238624573,-0.02097383886575699,0.6811996698379517,0.24298451840877533,-0.15532389283180237,0.6740430593490601,0.24246902763843536,-0.1301947981119156,0.7296472191810608,0.3212950825691223,-0.16936710476875305,0.665967583656311,0.3320993185043335,0.11328363418579102,0.6595470309257507,0.42891401052474976,-0.23398983478546143,0.6003469228744507,0.42215949296951294,0.15791165828704834,0.5787709951400757,0.46854352951049805,-0.27324753999710083,0.5358715653419495,0.4643635153770447,0.06625016033649445,0.5530126690864563,0.4891895353794098,-0.3061630427837372,0.5187252759933472,0.47631868720054626,0.06831012666225433,0.5501725673675537,0.48353806138038635,-0.30221644043922424,0.5182791352272034,0.4751770496368408,0.025683853775262833,0.559958279132843,0.47897961735725403,-0.27134767174720764,0.5247768759727478,0.47302961349487305,0.04858853667974472,0.7285878658294678,0.5820185542106628,-0.1004488468170166,0.686888575553894,0.5649319291114807,0.1002475768327713,0.6166511178016663,0.5195627808570862,-0.34641939401626587,0.5866773128509521,0.4962173104286194,-0.034079354256391525,0.5495604872703552,0.7305891513824463,-0.40008407831192017,0.526776909828186,0.6893735527992249,-0.08119072765111923,0.5506342649459839,0.783815860748291,-0.40625637769699097,0.5196918249130249,0.7175366878509521,-0.08839286863803864,0.4917014539241791,0.7075027227401733,-0.4958046078681946,0.467262327671051,0.6713936924934387,-0.14483626186847687,0,1
0.6453797221183777,0.21606284379959106,-0.2719259560108185,0.6554709076881409,0.20327360928058624,-0.26987841725349426,0.6592949628829956,0.20376425981521606,-0.2698468565940857,0.6631239056587219,0.20418569445610046,-0.269783079624176,0.6480904817581177,0.20218971371650696,-0.2479172945022583,0.646716296672821,0.2020208090543747,-0.24801583588123322,0.6453304886817932,0.2017577886581421,-0.24806375801563263,0.6773781180381775,0.21761362254619598,-0.22253850102424622,0.6567107439041138,0.21296308934688568,-0.12469996511936188,0.6516203880310059,0.2388005405664444,-0.25411558151245117,0.6433581709861755,0.23735688626766205,-0.2255704700946808,0.6976168155670166,0.3202196955680847,-0.28319698572158813,0.637127697467804,0.33037471771240234,0.020794671028852463,0.6143654584884644,0.42802491784095764,-0.3688322901725769,0.5692774057388306,0.4172237515449524,0.03992313891649246,0.530083954334259,0.4705549478530884,-0.40244942903518677,0.5054084062576294,0.4693056643009186,-0.07088551670312881,0.5063174962997437,0.4901164472103119,-0.4474261701107025,0.48843345046043396,0.48238423466682434,-0.0887608677148819,0.5040760040283203,0.4853120446205139,-0.44183412194252014,0.48778119683265686,0.48096635937690735,-0.1270197033882141,0.5105939507484436,0.48057517409324646,-0.4019008278846741,0.4947342276573181,0.4788007438182831,-0.0920056626200676,0.709189236164093,0.5857610702514648,-0.10737018287181854,0.6675341129302979,0.5692059993743896,0.10721232742071152,0.5974300503730774,0.5014231204986572,-0.3490637540817261,0.560968816280365,0.4801498353481293,-0.01612021215260029,0.544018566608429,0.7317619919776917,-0.3799205422401428,0.51698237657547,0.6935185194015503,-0.04515787586569786,0.5495290756225586,0.7848382592201233,-0.3822343349456787,0.5198125839233398,0.7224839925765991,-0.051389746367931366,0.48291268944740295,0.7119269371032715,-0.48642104864120483,0.4649260938167572,0.6886440515518188,-0.11172368377447128,0,1
0.6114797592163086,0.211690753698349,-0.1948336958885193,0.6222620010375977,0.1985529214143753,-0.19550976157188416,0.6255379915237427,0.19872775673866272,-0.19550009071826935,0.6290266513824463,0.19902515411376953,-0.19543737173080444,0.6169004440307617,0.19804808497428894,-0.16946949064731598,0.6163773536682129,0.1980612874031067,-0.16954557597637177,0.6160040497779846,0.1980345994234085,-0.16960638761520386,0.644921600818634,0.21437279880046844,-0.16532239317893982,0.6287075877189636,0.20853576064109802,-0.04830458015203476,0.6169138550758362,0.23481614887714386,-0.1830161213874817,0.6105216145515442,0.23253972828388214,-0.14932706952095032,0.6617557406425476,0.31968191266059875,-0.2471093237400055,0.6123155355453491,0.3304312527179718,0.040999364107847214,0.572041928768158,0.42260032892227173,-0.3441941738128662,0.5425013303756714,0.41705381870269775,0.08193201571702957,0.4822157919406891,0.47035977244377136,-0.3763955235481262,0.4650358259677887,0.4790664315223694,-0.04541312903165817,0.4609975814819336,0.4878551959991455,-0.4222560524940491,0.4449380338191986,0.4902607798576355,-0.039338119328022,0.45848459005355835,0.48257216811180115,-0.4131724238395691,0.4448964595794678,0.49122709035873413,-0.07200653105974197,0.4649442136287689,0.4792366027832031,-0.3745049238204956,0.4543610215187073,0.48844048380851746,-0.04719359427690506,0.6864156126976013,0.5931954979896545,-0.11775211989879608,0.650935173034668,0.5840134620666504,0.11754538863897324,0.5708519220352173,0.48167407512664795,-0.338388055562973,0.5434393286705017,0.46792593598365784,0.04064889997243881,0.5386360883712769,0.7265084981918335,-0.3698495328426361,0.5130835175514221,0.6929427981376648,-0.017243841663002968,0.5448872447013855,0.7836416363716125,-0.3724238872528076,0.5144323110580444,0.7338098287582397,-0.02640688419342041,0.47582441568374634,0.7200335264205933,-0.4616560935974121,0.4597508907318115,0.6904556155204773,-0.08494652807712555,0,1
0.5827168226242065,0.2114584743976593,-0.22919908165931702,0.5946467518806458,0.19678030908107758,-0.23036852478981018,0.5985403656959534,0.19675450026988983,-0.23039691150188446,0.6024847030639648,0.1972259134054184,-0.2303742617368698,0.5883523225784302,0.19660085439682007,-0.20387029647827148,0.5875442028045654,0.19653365015983582,-0.20391936600208282,0.5868672728538513,0.196422278881073,-0.20392945408821106,0.6175097227096558,0.21291331946849823,-0.19001583755016327,0.5975998640060425,0.2070256620645523,-0.07114183902740479,0.5895528793334961,0.23375090956687927,-0.21378448605537415,0.5808541178703308,0.2312440276145935,-0.1792537271976471,0.6274281144142151,0.31716373562812805,-0.26585859060287476,0.5919272303581238,0.33035022020339966,0.07941518723964691,0.5368272066116333,0.42658722400665283,-0.33775794506073,0.5204800963401794,0.4172983765602112,0.09495510905981064,0.4488709568977356,0.47270452976226807,-0.3617488741874695,0.4408583641052246,0.47783634066581726,0.01629989966750145,0.4273466169834137,0.4946862459182739,-0.4041930139064789,0.4209325313568115,0.4887372851371765,0.014960864558815956,0.42425841093063354,0.48930779099464417,-0.39581170678138733,0.42111197113990784,0.490709513425827,-0.024959446862339973,0.4307444095611572,0.48435091972351074,-0.3594352602958679,0.4276660084724426,0.48728615045547485,-0.0023356787860393524,0.6633006930351257,0.5960776209831238,-0.11667655408382416,0.6347330808639526,0.5926432609558105,0.1163857951760292,0.5499532222747803,0.46994319558143616,-0.22109058499336243,0.5292984843254089,0.4595021903514862,0.12191279977560043,0.5339099764823914,0.7154092788696289,-0.15035134553909302,0.5119134187698364,0.6916407346725464,0.09647031873464584,0.5426434278488159,0.7739472985267639,-0.14338921010494232,0.5175235271453857,0.7235517501831055,0.09067920595407486,0.4674721658229828,0.7199584245681763,-0.19730164110660553,0.4583493769168854,0.6968814134597778,0.05205411836504936,0,1
0.5601696372032166,0.20709022879600525,-0.214320108294487,0.5708661675453186,0.19344861805438995,-0.2197633683681488,0.5740169882774353,0.19384224712848663,-0.21983113884925842,0.5773565173149109,0.19452045857906342,-0.21984143555164337,0.5666515827178955,0.19210299849510193,-0.18940836191177368,0.5663880109786987,0.19177548587322235,-0.18944218754768372,0.5661451816558838,0.19143977761268616,-0.18943709135055542,0.590881884098053,0.21109576523303986,-0.19850066304206848,0.5777778029441833,0.20490023493766785,-0.06114216893911362,0.5640844702720642,0.22954653203487396,-0.2049991637468338,0.5585824251174927,0.22658950090408325,-0.1656942069530487,0.5908689498901367,0.3148728311061859,-0.29014867544174194,0.5789090394973755,0.3307172656059265,0.11156636476516724,0.5012747049331665,0.4352094531059265,-0.35900387167930603,0.4945988655090332,0.42476239800453186,0.15323923528194427,0.4136344790458679,0.5017579793930054,-0.3610248565673828,0.41642022132873535,0.48495376110076904,0.08583434671163559,0.395664781332016,0.5266965627670288,-0.4045886993408203,0.39949649572372437,0.4991391599178314,0.09204278141260147,0.39369481801986694,0.5175715684890747,-0.3873741328716278,0.3990710377693176,0.4999251067638397,0.05497711896896362,0.39953193068504333,0.5120208263397217,-0.354770302772522,0.4034896790981293,0.500077486038208,0.0674646645784378,0.6376208066940308,0.5992025136947632,-0.1281503587961197,0.6241484880447388,0.597199559211731,0.12789031863212585,0.5240528583526611,0.4647103548049927,-0.16805130243301392,0.518760621547699,0.46101248264312744,0.196769580245018,0.5224809050559998,0.7044631242752075,-0.027108216658234596,0.5141653418540955,0.6778579950332642,0.26916807889938354,0.5298935174942017,0.7706365585327148,-0.013278065249323845,0.5264182090759277,0.7147230505943298,0.2745541036128998,0.45953577756881714,0.7054303288459778,-0.03198465332388878,0.46370235085487366,0.6963962912559509,0.26426154375076294,0,1
0.5377002358436584,0.2050633281469345,-0.16317090392112732,0.5491231679916382,0.19178947806358337,-0.18251076340675354,0.5519900321960449,0.1926189810037613,-0.18260863423347473,0.5549114942550659,0.19354936480522156,-0.18262502551078796,0.5455743074417114,0.1900586634874344,-0.14475132524967194,0.5458882451057434,0.18999703228473663,-0.1447569727897644,0.5463539361953735,0.18995901942253113,-0.14477850496768951,0.5681940317153931,0.21092455089092255,-0.20205488801002502,0.5615831613540649,0.2050146460533142,-0.0447709895670414,0.5403573513031006,0.22703561186790466,-0.1721755713224411,0.5366640686988831,0.22432266175746918,-0.12339510768651962,0.5644868016242981,0.31507518887519836,-0.29875078797340393,0.5570554137229919,0.3364628553390503,0.11412695795297623,0.47291311621665955,0.4393397867679596,-0.366758793592453,0.47235482931137085,0.4337752163410187,0.1468798816204071,0.38805657625198364,0.5198096632957458,-0.36896151304244995,0.39210158586502075,0.49850136041641235,0.07948093116283417,0.36931878328323364,0.5457985997200012,-0.4160991609096527,0.37541836500167847,0.5151667594909668,0.08267060667276382,0.3655344843864441,0.538532018661499,-0.39532536268234253,0.3732152581214905,0.5166025161743164,0.048441287130117416,0.37219303846359253,0.5324421525001526,-0.3617473840713501,0.3779260516166687,0.5126465559005737,0.061729975044727325,0.618998646736145,0.60478675365448,-0.12774017453193665,0.6062699556350708,0.6066016554832458,0.12750080227851868,0.5038500428199768,0.45727840065956116,-0.1714409738779068,0.5011476278305054,0.4559977352619171,0.2883795499801636,0.5155115723609924,0.6999967098236084,-0.030629396438598633,0.5221527814865112,0.6704097986221313,0.3908919095993042,0.5272208452224731,0.7679855227470398,-0.015469717793166637,0.5391577482223511,0.7017145156860352,0.40059176087379456,0.4579284191131592,0.7057953476905823,-0.036853235214948654,0.4888063967227936,0.6955803632736206,0.39219456911087036,0,1
0.519696831703186,0.20081664621829987,-0.13440224528312683,0.5309959053993225,0.18798214197158813,-0.15737637877464294,0.5336119532585144,0.19003786146640778,-0.15746964514255524,0.5364455580711365,0.19186581671237946,-0.15747632086277008,0.5282948613166809,0.18530026078224182,-0.11900962889194489,0.5288926362991333,0.18566197156906128,-0.11900345981121063,0.5297685265541077,0.18613779544830322,-0.11903967708349228,0.5484195947647095,0.21088765561580658,-0.1967754065990448,0.5443152785301208,0.20462650060653687,-0.02947019599378109,0.5216721892356873,0.22423650324344635,-0.14789798855781555,0.5185534954071045,0.22205297648906708,-0.09826315194368362,0.544183611869812,0.3156546950340271,-0.2982991337776184,0.541613757610321,0.32834044098854065,0.11557720601558685,0.45824408531188965,0.4392993450164795,-0.35797208547592163,0.4544905722141266,0.42857974767684937,0.1460551768541336,0.3676249086856842,0.5135411620140076,-0.3587453365325928,0.37027817964553833,0.49525192379951477,0.07914899289608002,0.34751588106155396,0.5396091938018799,-0.41336479783058167,0.35486406087875366,0.5132710337638855,0.08438169211149216,0.3448953628540039,0.5317480564117432,-0.3840523958206177,0.349152147769928,0.513395369052887,0.04631514847278595,0.3525470197200775,0.5251116156578064,-0.35040920972824097,0.35694068670272827,0.5088757872581482,0.05948590114712715,0.6112088561058044,0.6048426628112793,-0.12829351425170898,0.5966695547103882,0.6040199995040894,0.12811073660850525,0.5004194974899292,0.4620231091976166,-0.19447581470012665,0.48757219314575195,0.45799463987350464,0.26369819045066833,0.5169057846069336,0.6943212747573853,-0.05383286997675896,0.5274049043655396,0.6704926490783691,0.3148118257522583,0.5322345495223999,0.7512465715408325,-0.03652537986636162,0.5459173917770386,0.6999070644378662,0.319539338350296,0.46262234449386597,0.7110795378684998,-0.0555119588971138,0.4961039125919342,0.7030974626541138,0.30978238582611084,0,1
0.5078333616256714,0.20161136984825134,-0.13849970698356628,0.5178695321083069,0.19008731842041016,-0.15563395619392395,0.5207424759864807,0.19242633879184723,-0.15570302307605743,0.5239049196243286,0.19467498362064362,-0.1557079404592514,0.5145184397697449,0.18742114305496216,-0.12065523862838745,0.5148332715034485,0.18780918419361115,-0.12066373974084854,0.5155794024467468,0.18833667039871216,-0.12066979706287384,0.5374971628189087,0.21461015939712524,-0.17711015045642853,0.5319632291793823,0.20761509239673615,-0.020401593297719955,0.5114381313323975,0.22599394619464874,-0.14407376945018768,0.5076037049293518,0.22296492755413055,-0.09876157343387604,0.5341857075691223,0.31734684109687805,-0.26960983872413635,0.5335573554039001,0.3284359276294708,0.12494754791259766,0.4460262656211853,0.43307968974113464,-0.31648117303848267,0.44158440828323364,0.42430543899536133,0.15532591938972473,0.3580622971057892,0.4996035695075989,-0.293748676776886,0.3599672317504883,0.4942633807659149,0.1096288338303566,0.3381410837173462,0.5241824388504028,-0.3339465856552124,0.34305042028427124,0.5103667378425598,0.12226682901382446,0.3364483714103699,0.51731276512146,-0.3075118660926819,0.3372608423233032,0.5117931962013245,0.08126671612262726,0.341867595911026,0.5119950771331787,-0.2840237617492676,0.3453114330768585,0.5072471499443054,0.08943437784910202,0.6094365119934082,0.6045246720314026,-0.12320850044488907,0.5969786643981934,0.602869987487793,0.12301001697778702,0.4896644949913025,0.4639021158218384,-0.18853697180747986,0.4846106469631195,0.4605551064014435,0.22875425219535828,0.5193396210670471,0.6972649693489075,-0.044996026903390884,0.5267335772514343,0.6756994724273682,0.2859153151512146,0.5324422717094421,0.7527331113815308,-0.02920577861368656,0.5429995059967041,0.7056583166122437,0.2842980623245239,0.46443191170692444,0.7277705073356628,-0.03304547071456909,0.49178123474121094,0.7265312075614929,0.2589026689529419,0,1
0.5087758302688599,0.2019989788532257,-0.07874855399131775,0.5191990733146667,0.19067376852035522,-0.10152801126241684,0.5218579173088074,0.19271187484264374,-0.10162689536809921,0.5247122049331665,0.19474934041500092,-0.10165448486804962,0.5160298943519592,0.18844002485275269,-0.06307892501354218,0.5165185332298279,0.18878424167633057,-0.06308449059724808,0.5172446966171265,0.18920983374118805,-0.0631161630153656,0.5373778939247131,0.21399034559726715,-0.14688563346862793,0.5313752889633179,0.20759448409080505,0.024512019008398056,0.5117213726043701,0.22575263679027557,-0.09358632564544678,0.5076830387115479,0.22322319447994232,-0.0439254567027092,0.5358246564865112,0.31521037220954895,-0.2528197765350342,0.5349653959274292,0.32671919465065,0.15821929275989532,0.4486235976219177,0.4203229248523712,-0.31483757495880127,0.4455609917640686,0.42023441195487976,0.18082872033119202,0.36356568336486816,0.48555463552474976,-0.2989564538002014,0.36071279644966125,0.4890914559364319,0.11754518747329712,0.3430575132369995,0.5099025368690491,-0.3442853093147278,0.3444313406944275,0.5040497779846191,0.12400337308645248,0.3410789668560028,0.5056571960449219,-0.3188275098800659,0.342977911233902,0.5025725364685059,0.08463682979345322,0.3473353981971741,0.5002807378768921,-0.2899923026561737,0.34780198335647583,0.501541018486023,0.09705320745706558,0.612963080406189,0.6034044623374939,-0.12701138854026794,0.6003197431564331,0.6024224758148193,0.12686271965503693,0.48908430337905884,0.46481433510780334,-0.16040942072868347,0.48206013441085815,0.47060516476631165,0.2349187582731247,0.5299657583236694,0.6983709335327148,0.01203460805118084,0.5312382578849792,0.6715949773788452,0.3042657673358917,0.5428421497344971,0.753812849521637,0.031046444550156593,0.5531468391418457,0.702688455581665,0.3108213543891907,0.4756481647491455,0.7327163815498352,0.029536163434386253,0.5072932243347168,0.72272127866745,0.30700424313545227,0,1
0.5130018591880798,0.2019025981426239,-0.06525233387947083,0.524145245552063,0.18925049901008606,-0.08352632820606232,0.5281484723091125,0.1905318796634674,-0.08363111317157745,0.5315276980400085,0.1919260025024414,-0.08366819471120834,0.5179761648178101,0.18817302584648132,-0.04723256453871727,0.5172682404518127,0.18851089477539062,-0.047241151332855225,0.5192564725875854,0.18886631727218628,-0.04723535105586052,0.5471674799919128,0.20906081795692444,-0.11316786706447601,0.5360564589500427,0.20389801263809204,0.04952148348093033,0.519176185131073,0.22468143701553345,-0.07453720271587372,0.511992335319519,0.22281034290790558,-0.027407297864556313,0.5608683824539185,0.31042343378067017,-0.21936556696891785,0.5415691137313843,0.3266434073448181,0.18632322549819946,0.46787986159324646,0.4152396321296692,-0.2890785336494446,0.469989538192749,0.4132516086101532,0.2254895716905594,0.3804713785648346,0.4749871492385864,-0.2618967294692993,0.3877893090248108,0.45869335532188416,0.14734122157096863,0.3671792447566986,0.4938930869102478,-0.3021707832813263,0.37066179513931274,0.4709140658378601,0.15463972091674805,0.36448803544044495,0.487319678068161,-0.27547693252563477,0.36887872219085693,0.4692457914352417,0.11315874755382538,0.3708205819129944,0.48202481865882874,-0.2516500651836395,0.3739871382713318,0.4679553508758545,0.12612900137901306,0.6228185296058655,0.6032697558403015,-0.1266757696866989,0.6041045188903809,0.605918288230896,0.12655046582221985,0.4921322762966156,0.4648337960243225,-0.17244669795036316,0.48247355222702026,0.47249820828437805,0.21181797981262207,0.5213139057159424,0.7203184962272644,-0.021153440698981285,0.5311232805252075,0.6827403903007507,0.21674863994121552,0.5378775000572205,0.7701081037521362,-0.004642433952540159,0.5519095063209534,0.7234153747558594,0.2164880484342575,0.4676041007041931,0.7377477884292603,-0.01537968497723341,0.5029710531234741,0.7373476624488831,0.20266616344451904,0,1
0.5554190874099731,0.20369930565357208,-0.008982518687844276,0.5641811490058899,0.1891954243183136,-0.024172591045498848,0.5675531625747681,0.1899874210357666,-0.024237243458628654,0.5711702704429626,0.19060637056827545,-0.024236485362052917,0.5594416856765747,0.18828676640987396,0.010454433038830757,0.5591970086097717,0.18859171867370605,0.01042130310088396,0.559396505355835,0.1888761669397354,0.010418537072837353,0.5883931517601013,0.20518670976161957,-0.05174322798848152,0.5756005048751831,0.2016628533601761,0.10425294935703278,0.5617758631706238,0.22526142001152039,-0.018548626452684402,0.5562942624092102,0.2239563763141632,0.02659600041806698,0.6129864454269409,0.3031812310218811,-0.17201557755470276,0.5765312314033508,0.32993605732917786,0.23281161487102509,0.5221782326698303,0.38162773847579956,-0.25660669803619385,0.5086259245872498,0.4006781280040741,0.2972549796104431,0.43271175026893616,0.41912642121315,-0.22740063071250916,0.42770838737487793,0.42470628023147583,0.21873629093170166,0.4138491749763489,0.440321683883667,-0.25957876443862915,0.4106523096561432,0.4407767951488495,0.22561903297901154,0.4127347469329834,0.43633514642715454,-0.2404675930738449,0.4113132059574127,0.43346917629241943,0.187770813703537,0.4181358814239502,0.43151402473449707,-0.21868184208869934,0.4164484143257141,0.4350365996360779,0.19874145090579987,0.6456644535064697,0.600962221622467,-0.1265186220407486,0.6183501482009888,0.6075336933135986,0.12640875577926636,0.5187023878097534,0.4642781913280487,-0.19304315745830536,0.502796471118927,0.47243359684944153,0.15112058818340302,0.5285094976425171,0.7107141017913818,-0.10104948282241821,0.5254169702529907,0.6899029612541199,0.08441083133220673,0.5402558445930481,0.7639473080635071,-0.09016336500644684,0.5424442291259766,0.731035590171814,0.07614685595035553,0.46394237875938416,0.7322111129760742,-0.11195911467075348,0.47497397661209106,0.7220802903175354,0.0496944785118103,0,1
0.6024923920631409,0.2070731520652771,-0.041673414409160614,0.6097878217697144,0.19154825806617737,-0.054813992232084274,0.6132632493972778,0.19152958691120148,-0.05485909432172775,0.6171421408653259,0.19132760167121887,-0.05484539270401001,0.6049646139144897,0.19110076129436493,-0.02097160741686821,0.6045752763748169,0.19112025201320648,-0.02100597321987152,0.6042853593826294,0.19104430079460144,-0.02100812830030918,0.6364381313323975,0.20466603338718414,-0.055887531489133835,0.6188479661941528,0.20184928178787231,0.09458928555250168,0.6094220876693726,0.2285219430923462,-0.04702610522508621,0.6039057970046997,0.2277851700782776,-0.002692875685170293,0.665260910987854,0.3037727475166321,-0.16429224610328674,0.6141143441200256,0.32949745655059814,0.22501973807811737,0.5794351696968079,0.3689534068107605,-0.27714017033576965,0.5418822765350342,0.3862127661705017,0.2848832905292511,0.48674488067626953,0.40606290102005005,-0.31521567702293396,0.4669054448604584,0.42193782329559326,0.195651113986969,0.4650651812553406,0.4196655750274658,-0.3543039858341217,0.45135554671287537,0.4249088168144226,0.19541232287883759,0.46282249689102173,0.41791877150535583,-0.3385949432849884,0.45202627778053284,0.4251875579357147,0.15857240557670593,0.469618022441864,0.417841374874115,-0.30909931659698486,0.45757222175598145,0.42745038866996765,0.17569079995155334,0.6712545156478882,0.5951355695724487,-0.1275002509355545,0.6382569670677185,0.5992498397827148,0.12729725241661072,0.540279746055603,0.46692177653312683,-0.22641360759735107,0.5283619165420532,0.47135651111602783,0.0806615948677063,0.5324146747589111,0.7111388444900513,-0.208245187997818,0.5163899660110474,0.6917879581451416,-0.013907471671700478,0.5413473844528198,0.7703608274459839,-0.20635846257209778,0.5184382200241089,0.732111930847168,-0.026946017518639565,0.4646744132041931,0.7356671094894409,-0.2518237829208374,0.45293721556663513,0.6946382522583008,-0.07210751622915268,0,1
0.6465230584144592,0.21314376592636108,-0.07134614884853363,0.6554683446884155,0.19525431096553802,-0.06751928478479385,0.6589491367340088,0.19510334730148315,-0.06744842231273651,0.662905752658844,0.1946328729391098,-0.06732937693595886,0.6493741869926453,0.1956978291273117,-0.04130636900663376,0.6485525965690613,0.19576236605644226,-0.04138471558690071,0.6478715538978577,0.19571100175380707,-0.04144533723592758,0.6806795597076416,0.20618031919002533,-0.046336036175489426,0.6598491668701172,0.2046278417110443,0.08702044934034348,0.6538100242614746,0.23387974500656128,-0.05500323697924614,0.6473042368888855,0.23445630073547363,-0.021411851048469543,0.7073021531105042,0.30387383699417114,-0.13975468277931213,0.6479405760765076,0.3245111107826233,0.215632826089859,0.6292908787727356,0.37455952167510986,-0.2831178605556488,0.5819314122200012,0.3802603483200073,0.28386151790618896,0.5382220149040222,0.4100840389728546,-0.37193888425827026,0.518426239490509,0.42253050208091736,0.15019114315509796,0.5138610005378723,0.4286048412322998,-0.4113485813140869,0.5015610456466675,0.4317079186439514,0.14170481264591217,0.5136102437973022,0.42626312375068665,-0.39901846647262573,0.5023559331893921,0.43224719166755676,0.10904798656702042,0.5193273425102234,0.4238516390323639,-0.36800846457481384,0.509158730506897,0.4314942955970764,0.13186495006084442,0.7022022008895874,0.5895547866821289,-0.11922164261341095,0.6650048494338989,0.5851127505302429,0.11896292120218277,0.5811614394187927,0.48984667658805847,-0.28584957122802734,0.5542193055152893,0.4753539264202118,0.053883232176303864,0.5404122471809387,0.721261739730835,-0.343851238489151,0.516950249671936,0.6950304508209229,-0.02811191976070404,0.5424808263778687,0.7835366725921631,-0.3489530384540558,0.5222073793411255,0.7311891317367554,-0.03874382749199867,0.47181859612464905,0.734958291053772,-0.41642412543296814,0.45968955755233765,0.6923732757568359,-0.08698885887861252,0,1
0.6828483939170837,0.21584877371788025,-0.06370919197797775,0.691689670085907,0.1979239284992218,-0.06068003922700882,0.6955041885375977,0.19765250384807587,-0.0606430247426033,0.6994240283966064,0.19725269079208374,-0.060533761978149414,0.6857264041900635,0.19836963713169098,-0.03845516964793205,0.6847770810127258,0.19843021035194397,-0.03853708878159523,0.6840104460716248,0.19841820001602173,-0.03861728310585022,0.7163997888565063,0.20907661318778992,-0.03555621951818466,0.6950360536575317,0.20769432187080383,0.07362280786037445,0.690141499042511,0.2361191064119339,-0.05169443413615227,0.6830887198448181,0.23691251873970032,-0.02130131423473358,0.742888331413269,0.30443546175956726,-0.11819855868816376,0.6797786355018616,0.32259270548820496,0.17471487820148468,0.6614512205123901,0.3766498267650604,-0.2222229689359665,0.6192307472229004,0.3825613260269165,0.22048965096473694,0.5745327472686768,0.40983572602272034,-0.26474693417549133,0.5560027360916138,0.4214976131916046,0.12736818194389343,0.5550582408905029,0.4257979094982147,-0.29084062576293945,0.5369682908058167,0.4337123930454254,0.12120968103408813,0.5527043342590332,0.4224643409252167,-0.28019946813583374,0.5376482009887695,0.43296846747398376,0.0928020030260086,0.5609912276268005,0.4191751778125763,-0.2600076496601105,0.5451557636260986,0.4301920533180237,0.11151816695928574,0.7334445118904114,0.5797981023788452,-0.09829071164131165,0.694920003414154,0.5695356726646423,0.09814219176769257,0.6107701659202576,0.5204381942749023,-0.2875319719314575,0.5822364091873169,0.4906471371650696,-0.011088395491242409,0.5464418530464172,0.7291420698165894,-0.37790530920028687,0.5173354148864746,0.6964754462242126,-0.10590245574712753,0.5463351011276245,0.7865965962409973,-0.38606908917427063,0.5228184461593628,0.733977735042572,-0.11641460657119751,0.48231086134910583,0.7265301942825317,-0.46105772256851196,0.4619831442832947,0.6940958499908447,-0.16633974015712738,0,1
0.7165934443473816,0.22733531892299652,-0.06375912576913834,0.7248741388320923,0.2096986621618271,-0.06033254787325859,0.7290424108505249,0.20894290506839752,-0.06031421944499016,0.7334637641906738,0.20839892327785492,-0.06024237349629402,0.7180678248405457,0.21093188226222992,-0.038584232330322266,0.7167952656745911,0.21098282933235168,-0.038661859929561615,0.7157397866249084,0.2110319286584854,-0.03873590752482414,0.7496362924575806,0.21877679228782654,-0.020644618198275566,0.7247298955917358,0.21748654544353485,0.07586788386106491,0.7257011532783508,0.24579927325248718,-0.049200911074876785,0.717525064945221,0.24541901051998138,-0.02095530554652214,0.7769066095352173,0.30516311526298523,-0.10058234632015228,0.7126683592796326,0.3226504325866699,0.18710875511169434,0.7048601508140564,0.3774339556694031,-0.22456887364387512,0.6501739621162415,0.3832210898399353,0.2573293447494507,0.6253005266189575,0.4029313921928406,-0.29455476999282837,0.5863873958587646,0.41609349846839905,0.18436461687088013,0.602356493473053,0.4163069427013397,-0.3253374695777893,0.5638922452926636,0.4298672676086426,0.18091659247875214,0.6003390550613403,0.4141083061695099,-0.31870245933532715,0.5653914213180542,0.4272632896900177,0.15195252001285553,0.6076571941375732,0.412174254655838,-0.2922590374946594,0.5743013024330139,0.42479032278060913,0.16877040266990662,0.7580853700637817,0.5727589130401611,-0.10168442875146866,0.7171410918235779,0.559630811214447,0.10155348479747772,0.6294678449630737,0.5466935038566589,-0.27168136835098267,0.604724645614624,0.5176344513893127,-0.019159987568855286,0.5463124513626099,0.7329717874526978,-0.325971782207489,0.521007776260376,0.6965810060501099,-0.09665164351463318,0.5461132526397705,0.7872439622879028,-0.3324575126171112,0.5188495516777039,0.7442315220832825,-0.10575465857982635,0.4913528859615326,0.7257594466209412,-0.4128095507621765,0.46220293641090393,0.679747462272644,-0.1650640070438385,0,1
0.7414095401763916,0.24608296155929565,0.04548751190304756,0.7481091618537903,0.23095571994781494,0.044214729219675064,0.752042293548584,0.2295050323009491,0.04422324150800705,0.7564784288406372,0.22780613601207733,0.04426608234643936,0.7413042783737183,0.23256124556064606,0.06540507078170776,0.7400437593460083,0.2326413094997406,0.0653022825717926,0.7388657331466675,0.23263214528560638,0.06520543247461319,0.7727792859077454,0.23084832727909088,0.0600297674536705,0.7494574785232544,0.23450525104999542,0.15492621064186096,0.7516173720359802,0.2641626000404358,0.05193554237484932,0.743324339389801,0.2659079134464264,0.07959159463644028,0.8054830431938171,0.3133293390274048,-0.030580932274460793,0.7387624979019165,0.3225722014904022,0.2227722406387329,0.7575411200523376,0.3916001319885254,-0.1671755611896515,0.6824115514755249,0.384299635887146,0.20033690333366394,0.6713325381278992,0.40267300605773926,-0.25090491771698,0.6252725720405579,0.41135433316230774,0.04063978046178818,0.6498362421989441,0.41330641508102417,-0.280503511428833,0.6020091772079468,0.4224106967449188,0.01916571520268917,0.6464191675186157,0.40824267268180847,-0.27344101667404175,0.6053803563117981,0.41958126425743103,-9.248497372027487e-05,0.6547873616218567,0.4074726998806,-0.2478426992893219,0.6139892339706421,0.41837412118911743,0.025741184130311012,0.7772800326347351,0.5693820714950562,-0.08713788539171219,0.7321742177009583,0.5528782606124878,0.08706764876842499,0.6519492864608765,0.5884649157524109,-0.22018226981163025,0.6255671977996826,0.558881938457489,-0.06712682545185089,0.5494247078895569,0.7489264011383057,-0.3324567675590515,0.5251525044441223,0.6965375542640686,-0.17683866620063782,0.5459359884262085,0.7952005863189697,-0.34350451827049255,0.5159775018692017,0.7428559064865112,-0.188452810049057,0.4908149242401123,0.7203883528709412,-0.42887014150619507,0.46360182762145996,0.6709061861038208,-0.24891050159931183,0,1
0.7599039673805237,0.26307931542396545,0.10366799682378769,0.7653880715370178,0.2453690618276596,0.10314701497554779,0.769098699092865,0.24423816800117493,0.10312964767217636,0.7736178636550903,0.24250483512878418,0.10313768684864044,0.7588312029838562,0.24774853885173798,0.12541596591472626,0.7577235698699951,0.2483607828617096,0.12535050511360168,0.7568638920783997,0.24918010830879211,0.12528742849826813,0.790762722492218,0.24190515279769897,0.1098257452249527,0.7676087021827698,0.2492123544216156,0.20935595035552979,0.7707232236862183,0.28025496006011963,0.10488852113485336,0.7619901895523071,0.28237321972846985,0.13405129313468933,0.8270143270492554,0.32526734471321106,0.03123662993311882,0.756006121635437,0.33091646432876587,0.24055159091949463,0.7984821796417236,0.4243741035461426,-0.08027082681655884,0.7010266780853271,0.40593308210372925,0.20393672585487366,0.7200225591659546,0.41568854451179504,-0.16522641479969025,0.6473627686500549,0.4125325381755829,0.03216911107301712,0.7013136744499207,0.42323625087738037,-0.19393274188041687,0.6330637335777283,0.42130473256111145,-0.00010805831698235124,0.6987059712409973,0.4171505272388458,-0.19414836168289185,0.6339200735092163,0.41853058338165283,-0.017813459038734436,0.7045491933822632,0.4157688617706299,-0.16487297415733337,0.640182375907898,0.4176742136478424,0.016717107966542244,0.7815860509872437,0.5645959377288818,-0.07094422727823257,0.7393273711204529,0.5397171974182129,0.07097522169351578,0.6653724908828735,0.6149285435676575,-0.18564529716968536,0.6350828409194946,0.5834594964981079,-0.05791415646672249,0.5574946403503418,0.7556970119476318,-0.3283179998397827,0.5270527601242065,0.6956679821014404,-0.17293627560138702,0.5459622144699097,0.8022351861000061,-0.32914334535598755,0.5198461413383484,0.7219037413597107,-0.1866087168455124,0.49797528982162476,0.732695460319519,-0.4064781665802002,0.4650605320930481,0.6604640483856201,-0.24510879814624786,0,1
0.7650631070137024,0.2703668475151062,0.09768625348806381,0.7700719237327576,0.2527649700641632,0.09826929122209549,0.7742558717727661,0.2498750537633896,0.09824202209711075,0.7791980504989624,0.24706369638442993,0.09815840423107147,0.7630409598350525,0.25589898228645325,0.11910891532897949,0.7615211009979248,0.2560907006263733,0.11912037432193756,0.7601455450057983,0.256385862827301,0.1190490573644638,0.7975364923477173,0.24448193609714508,0.11487840116024017,0.770372748374939,0.2568413317203522,0.213762566447258,0.7753286361694336,0.285721093416214,0.10384700447320938,0.7670530080795288,0.287648469209671,0.13263246417045593,0.8398820161819458,0.32640865445137024,0.06637705862522125,0.7634528875350952,0.3376152515411377,0.2434627115726471,0.8365527391433716,0.46611011028289795,0.0032947766594588757,0.7368794083595276,0.4525485634803772,0.20792646706104279,0.7529311776161194,0.42856162786483765,-0.037213243544101715,0.6945992112159729,0.4269312918186188,0.03720185533165932,0.734519362449646,0.4323045611381531,-0.05693109706044197,0.6793668866157532,0.4278489947319031,0.001484469510614872,0.7341907024383545,0.41987890005111694,-0.053480036556720734,0.6796379089355469,0.4190693795681,-0.013313991017639637,0.7383851408958435,0.4180198311805725,-0.03337804600596428,0.6871911883354187,0.41931411623954773,0.02311479113996029,0.7848268151283264,0.5620992183685303,-0.06330623477697372,0.7387663722038269,0.5379645228385925,0.06342694163322449,0.672467827796936,0.6433176398277283,-0.18866215646266937,0.641243577003479,0.6025946140289307,-0.051005177199840546,0.5589374303817749,0.7753296494483948,-0.28408777713775635,0.5255507230758667,0.6958726644515991,-0.15445780754089355,0.5477580428123474,0.8060615658760071,-0.2923731803894043,0.5178349018096924,0.7246641516685486,-0.16757707297801971,0.4961670935153961,0.7696905136108398,-0.37259167432785034,0.46498537063598633,0.6600892543792725,-0.22589047253131866,0,1
0.762627899646759,0.26802536845207214,0.024216122925281525,0.7690004706382751,0.2498115748167038,0.026148784905672073,0.7729545831680298,0.2475992888212204,0.02612561360001564,0.777629017829895,0.24502994120121002,0.026046941056847572,0.7609834671020508,0.2530739903450012,0.04324214905500412,0.759610116481781,0.25315141677856445,0.043263211846351624,0.7584012150764465,0.25327762961387634,0.04319486767053604,0.7937158346176147,0.24404288828372955,0.059042297303676605,0.7659361362457275,0.25287961959838867,0.14014898240566254,0.7726236581802368,0.2839862108230591,0.03721825033426285,0.7640414237976074,0.2852589786052704,0.06113399192690849,0.8378952145576477,0.32580262422561646,0.031740251928567886,0.7630175948143005,0.340153306722641,0.19146613776683807,0.8596951365470886,0.4688597321510315,-0.034187786281108856,0.7443951368331909,0.4640346169471741,0.16971230506896973,0.7850713133811951,0.43550512194633484,-0.08432634174823761,0.7139493227005005,0.4410335123538971,0.012648718431591988,0.7632116079330444,0.4358561336994171,-0.10120292007923126,0.7017699480056763,0.44620031118392944,-0.01690707728266716,0.7610506415367126,0.42129194736480713,-0.08870284259319305,0.7048174142837524,0.434780091047287,-0.026646414771676064,0.7655568718910217,0.42084985971450806,-0.07662291824817657,0.7099440693855286,0.4332582652568817,0.0025362232699990273,0.786813497543335,0.5626260638237,-0.06286695599555969,0.741391122341156,0.5399438738822937,0.06297849118709564,0.6701338291168213,0.6456440687179565,-0.1700357049703598,0.642804741859436,0.6062630414962769,-0.04536309465765953,0.5578581690788269,0.7700709104537964,-0.24791035056114197,0.5273688435554504,0.6983314156532288,-0.14791473746299744,0.5469443202018738,0.8088449239730835,-0.2559390962123871,0.5175868272781372,0.736748993396759,-0.16170626878738403,0.49044108390808105,0.7633506655693054,-0.3332638144493103,0.46391552686691284,0.6617797613143921,-0.2203705757856369,0,1
0.7602496147155762,0.26468855142593384,0.07968125492334366,0.7664075493812561,0.2472531646490097,0.08425753563642502,0.7705998420715332,0.24509775638580322,0.08422774821519852,0.7752391695976257,0.2427620142698288,0.08414440602064133,0.759029746055603,0.24995897710323334,0.10327353328466415,0.757342517375946,0.2500472068786621,0.10327943414449692,0.7558261156082153,0.25019723176956177,0.10320824384689331,0.7919184565544128,0.24242782592773438,0.11241499334573746,0.7649999856948853,0.25234150886535645,0.2038213014602661,0.7698333263397217,0.2810033857822418,0.08979301899671555,0.7614242434501648,0.2819697856903076,0.11630227416753769,0.8344688415527344,0.3270399868488312,0.06652204692363739,0.7629543542861938,0.34161925315856934,0.24326734244823456,0.8465864062309265,0.47875145077705383,0.004243834875524044,0.74346524477005,0.4671742618083954,0.24150466918945312,0.7664719820022583,0.4422225058078766,-0.03257188946008682,0.7069448232650757,0.4532700777053833,0.10649373382329941,0.7468792200088501,0.44833648204803467,-0.04952849820256233,0.6906214356422424,0.4569918215274811,0.07714763283729553,0.7440295219421387,0.43220871686935425,-0.04091034084558487,0.6884202361106873,0.44476696848869324,0.06207101792097092,0.7501899600028992,0.4308083951473236,-0.026134807616472244,0.6962321996688843,0.4451906979084015,0.09373597055673599,0.7865818738937378,0.5635347366333008,-0.06566615402698517,0.7416426539421082,0.5412404537200928,0.06576229631900787,0.6749053597450256,0.6404193043708801,-0.1869904100894928,0.6405572295188904,0.6035441160202026,-0.05423538014292717,0.5582362413406372,0.7681684494018555,-0.29448315501213074,0.5273987054824829,0.6997250318527222,-0.17136767506599426,0.5485107898712158,0.8082565069198608,-0.30435171723365784,0.515874981880188,0.7392910718917847,-0.1853373646736145,0.48881545662879944,0.7588532567024231,-0.38384538888931274,0.46480074524879456,0.6623893976211548,-0.24155180156230927,0,1
0.7583965063095093,0.26355621218681335,-0.004750124178826809,0.7649317383766174,0.2457108348608017,-0.0007452749414369464,0.7690715193748474,0.24427922070026398,-0.0008073458448052406,0.7736519575119019,0.24252745509147644,-0.0008940399857237935,0.757195770740509,0.24861913919448853,0.01640152372419834,0.7554439306259155,0.24892479181289673,0.01640983670949936,0.7539335489273071,0.2494976818561554,0.01636151596903801,0.7901099920272827,0.24215295910835266,0.036341600120067596,0.7636475563049316,0.25187841057777405,0.11721893399953842,0.7682659029960632,0.28064921498298645,0.009584357962012291,0.7595700025558472,0.2817346155643463,0.033218808472156525,0.8313602209091187,0.330220490694046,3.381772694410756e-05,0.7597159147262573,0.34134039282798767,0.18973466753959656,0.8342739343643188,0.47801879048347473,-0.042529236525297165,0.7367352843284607,0.46168777346611023,0.22991080582141876,0.754091203212738,0.442982017993927,-0.0419231578707695,0.6955531239509583,0.453980028629303,0.10671578347682953,0.734469473361969,0.45006218552589417,-0.068661630153656,0.679820716381073,0.4567994773387909,0.08210808783769608,0.7319281101226807,0.43307381868362427,-0.06543393433094025,0.6782239675521851,0.44668862223625183,0.06083819270133972,0.7382473349571228,0.4324077069759369,-0.044468462467193604,0.6857385039329529,0.4474368095397949,0.09186018258333206,0.7861373424530029,0.5689499974250793,-0.06583527475595474,0.7401836514472961,0.5428429841995239,0.06603838503360748,0.6714891195297241,0.638454794883728,-0.21367788314819336,0.6388574838638306,0.5821896195411682,-0.07284321635961533,0.5571046471595764,0.7673380374908447,-0.3404356837272644,0.5330612659454346,0.6991773247718811,-0.20296433568000793,0.5470084547996521,0.8078793287277222,-0.3530873656272888,0.5232034921646118,0.7392873167991638,-0.2181788980960846,0.4886961877346039,0.7477128505706787,-0.44271764159202576,0.4651273190975189,0.6615983247756958,-0.27888935804367065,0,1
0.7523048520088196,0.2510850429534912,-0.036653220653533936,0.7604347467422485,0.2336973249912262,-0.03490881994366646,0.7643008828163147,0.2334297150373459,-0.03494657203555107,0.7688499093055725,0.23233038187026978,-0.034975118935108185,0.7526192665100098,0.23515309393405914,-0.01663060113787651,0.7512470483779907,0.23585565388202667,-0.016701268032193184,0.74997478723526,0.23663870990276337,-0.016793735325336456,0.7849538326263428,0.23420840501785278,-0.006772263441234827,0.7600062489509583,0.24377386271953583,0.07670099288225174,0.7615161538124084,0.2694792151451111,-0.025759894400835037,0.7532748579978943,0.27074581384658813,-0.0013641663827002048,0.8270150423049927,0.3315359354019165,-0.04166552796959877,0.743977427482605,0.3416460454463959,0.1457132250070572,0.8107530474662781,0.47543808817863464,-0.10912173986434937,0.7071137428283691,0.45988667011260986,0.129950612783432,0.7310483455657959,0.4479483664035797,-0.1620042324066162,0.6655528545379639,0.45276689529418945,-0.052109699696302414,0.7099795341491699,0.4544234275817871,-0.18325290083885193,0.6473479270935059,0.4557408094406128,-0.08473838865756989,0.7066643238067627,0.4422796964645386,-0.178298681974411,0.6473262310028076,0.44656309485435486,-0.10052706301212311,0.7130059599876404,0.4415290057659149,-0.15828576683998108,0.6553934812545776,0.44732317328453064,-0.0662146732211113,0.784191370010376,0.5717023015022278,-0.06635207682847977,0.7360039353370667,0.5502959489822388,0.06648700684309006,0.6665267944335938,0.6042225956916809,-0.24434299767017365,0.6372781991958618,0.5650530457496643,-0.09225162118673325,0.5594279170036316,0.7641242742538452,-0.3552442193031311,0.5336484909057617,0.6993204951286316,-0.21135035157203674,0.5482758283615112,0.807641863822937,-0.36718040704727173,0.5269127488136292,0.7407265305519104,-0.2254980355501175,0.49371466040611267,0.7370087504386902,-0.46576619148254395,0.46851736307144165,0.6625603437423706,-0.29501816630363464,0,1
0.7394845485687256,0.24176466464996338,-0.01216838601976633,0.7480719685554504,0.22630354762077332,-0.01315199863165617,0.752070963382721,0.22647376358509064,-0.01317525189369917,0.7565905451774597,0.22616314888000488,-0.013006268069148064,0.7414668798446655,0.22588475048542023,0.00398645643144846,0.7404268980026245,0.22598156332969666,0.003650220111012459,0.7393845319747925,0.22621199488639832,0.003405492752790451,0.7716162204742432,0.23226392269134521,0.016441557556390762,0.7500274181365967,0.23671218752861023,0.101887047290802,0.7471761107444763,0.2640155553817749,-0.017696669325232506,0.7396624088287354,0.2648124396800995,0.014146042056381702,0.8098548054695129,0.3312768042087555,-0.03774033486843109,0.7278095483779907,0.34195375442504883,0.1635541468858719,0.7849624752998352,0.46627333760261536,-0.1318741887807846,0.6803690195083618,0.4520867168903351,0.14829149842262268,0.7032957077026367,0.45883631706237793,-0.19997449219226837,0.6367449164390564,0.4525841474533081,-0.010688038542866707,0.6843872666358948,0.46535545587539673,-0.2222478836774826,0.619861364364624,0.4575885832309723,-0.0395745225250721,0.6805967092514038,0.4512322247028351,-0.2201099693775177,0.6214389204978943,0.4509030282497406,-0.05573446303606033,0.6876963376998901,0.44992154836654663,-0.19757641851902008,0.6283951997756958,0.44926783442497253,-0.024445287883281708,0.7717499136924744,0.5717608332633972,-0.07044900208711624,0.7254111766815186,0.5511585474014282,0.07051501423120499,0.6544228196144104,0.5725604295730591,-0.235175222158432,0.6287630200386047,0.5426417589187622,-0.09444303810596466,0.5565037131309509,0.752533495426178,-0.36111852526664734,0.5329662561416626,0.7003554105758667,-0.23757927119731903,0.5482368469238281,0.8018131852149963,-0.373597115278244,0.5216020345687866,0.7451972365379333,-0.2532435953617096,0.4918185770511627,0.7196347713470459,-0.4616362154483795,0.469046413898468,0.6708857417106628,-0.3155221939086914,0,1
0.7214611768722534,0.23371785879135132,-0.005155541002750397,0.7305654287338257,0.22042429447174072,-0.003949030302464962,0.734910786151886,0.22038881480693817,-0.003983156755566597,0.7394076585769653,0.22040754556655884,-0.003940302412956953,0.7238600254058838,0.2203955054283142,0.012848511338233948,0.7229340076446533,0.22046223282814026,0.012697486206889153,0.721986711025238,0.2204384207725525,0.01254482101649046,0.753756046295166,0.23088428378105164,0.017738476395606995,0.733803391456604,0.2304152399301529,0.10723215341567993,0.7295660376548767,0.2567949593067169,-0.0008941420237533748,0.7213678359985352,0.25706881284713745,0.026039261370897293,0.786925196647644,0.3311194181442261,-0.0646260604262352,0.7094785571098328,0.33817151188850403,0.17485688626766205,0.7458274960517883,0.4525683522224426,-0.17831996083259583,0.6548534035682678,0.4382757544517517,0.14921993017196655,0.654166579246521,0.45779067277908325,-0.24464353919029236,0.608245849609375,0.4523196220397949,-0.003706263843923807,0.6325060129165649,0.4662948548793793,-0.2700035274028778,0.5878860354423523,0.46020498871803284,-0.015098152682185173,0.6307349801063538,0.45443102717399597,-0.2676129937171936,0.5872504115104675,0.4546460807323456,-0.03639046102762222,0.6353858113288879,0.4524202048778534,-0.24253728985786438,0.5958588719367981,0.45131438970565796,-0.020095381885766983,0.7524293661117554,0.5802287459373474,-0.08612383902072906,0.7085158228874207,0.5587132573127747,0.08603091537952423,0.6359810829162598,0.5455380082130432,-0.2615891396999359,0.6069915294647217,0.5135193467140198,-0.058102868497371674,0.5555849671363831,0.7400025129318237,-0.3532821536064148,0.5304646492004395,0.7005588412284851,-0.1579093039035797,0.5486894249916077,0.7961210608482361,-0.3641970753669739,0.5207113027572632,0.7468162775039673,-0.16865955293178558,0.48912128806114197,0.7217215895652771,-0.43530917167663574,0.4687488079071045,0.6749451160430908,-0.21839162707328796,0,1
0.701423704624176,0.2291242778301239,-0.045047931373119354,0.7118510007858276,0.21459895372390747,-0.0411652997136116,0.7165825366973877,0.2146059274673462,-0.041136231273412704,0.7210835218429565,0.21470436453819275,-0.041047755628824234,0.7045115232467651,0.2150343805551529,-0.02048495225608349,0.7034294605255127,0.21516543626785278,-0.02057897299528122,0.7024461030960083,0.21523745357990265,-0.02065974846482277,0.7343220710754395,0.22604912519454956,-0.007172466721385717,0.7126520276069641,0.22543953359127045,0.08568471670150757,0.7100924253463745,0.2509184777736664,-0.03386780992150307,0.7014967203140259,0.2498343586921692,-0.006840996444225311,0.7626712918281555,0.3291383683681488,-0.09132548421621323,0.6913920044898987,0.33526259660720825,0.17760804295539856,0.7113920450210571,0.4364467263221741,-0.19807323813438416,0.6320443153381348,0.42746174335479736,0.19922247529029846,0.6278185248374939,0.45705321431159973,-0.2715316116809845,0.5759778022766113,0.45316317677497864,0.07729761302471161,0.6094527840614319,0.4705345630645752,-0.3003526031970978,0.5604470372200012,0.46501731872558594,0.06527838110923767,0.6064004302024841,0.4622264802455902,-0.29951125383377075,0.5610694289207458,0.461997389793396,0.041373707354068756,0.6122359037399292,0.45652511715888977,-0.2704515755176544,0.5674711465835571,0.4586476683616638,0.0628977119922638,0.7365819811820984,0.586311399936676,-0.09813647717237473,0.696415364742279,0.5640827417373657,0.09795017540454865,0.6246334314346313,0.5187721252441406,-0.306433767080307,0.5907023549079895,0.4929578900337219,-0.003519909456372261,0.5547059774398804,0.73344486951828,-0.351689875125885,0.5276079773902893,0.6993921995162964,-0.046771857887506485,0.5515934228897095,0.7859410047531128,-0.3517085313796997,0.5268408060073853,0.7348809242248535,-0.052762627601623535,0.4891171455383301,0.7130209803581238,-0.41711464524269104,0.4677252769470215,0.6806901097297668,-0.09569516777992249,0,1
0.6782407760620117,0.22505991160869598,-0.09801693260669708,0.6887780427932739,0.2104518860578537,-0.09120391309261322,0.6934175491333008,0.2110385298728943,-0.09117524325847626,0.6978367567062378,0.21169325709342957,-0.09108059108257294,0.6814182996749878,0.20958377420902252,-0.071229487657547,0.6801006197929382,0.2094300538301468,-0.07130874693393707,0.6789067983627319,0.20923630893230438,-0.0713830217719078,0.7111796140670776,0.22435900568962097,-0.04517938941717148,0.6889740228652954,0.22179055213928223,0.0436570979654789,0.6846605539321899,0.24625146389007568,-0.08215569704771042,0.6767874956130981,0.24532760679721832,-0.05632901191711426,0.7364996671676636,0.32784220576286316,-0.11793764680624008,0.6657153367996216,0.33503374457359314,0.1598758101463318,0.6768671870231628,0.4337475299835205,-0.1875830441713333,0.6075054407119751,0.42415711283683777,0.20347686111927032,0.5909140110015869,0.4762010872364044,-0.24993140995502472,0.5484305024147034,0.46574562788009644,0.10642536729574203,0.5655679106712341,0.48810499906539917,-0.26919451355934143,0.5322478413581848,0.4770987927913666,0.09632299840450287,0.5620272755622864,0.4806938171386719,-0.26585227251052856,0.5314034223556519,0.47592443227767944,0.0670158788561821,0.5721915364265442,0.4756764769554138,-0.24464218318462372,0.5392022728919983,0.4734165072441101,0.0905800312757492,0.7209063172340393,0.5864266157150269,-0.10044515132904053,0.6783449649810791,0.5653049945831299,0.10027451813220978,0.6129539012908936,0.5174205899238586,-0.3422176241874695,0.5730428695678711,0.49185851216316223,-0.0222991481423378,0.5485016107559204,0.735338568687439,-0.38786977529525757,0.5205094814300537,0.6949170827865601,-0.06639514118432999,0.5484708547592163,0.7854123711585999,-0.39165765047073364,0.5190594792366028,0.7349373698234558,-0.07256163656711578,0.48911160230636597,0.7262258529663086,-0.47354984283447266,0.4626193046569824,0.6817658543586731,-0.12370479106903076,0,1
0.6521910429000854,0.21743270754814148,-0.17821016907691956,0.6637322306632996,0.205839142203331,-0.17322883009910583,0.6679214835166931,0.20704515278339386,-0.17319658398628235,0.6720070242881775,0.20825237035751343,-0.17311222851276398,0.6552501320838928,0.20354580879211426,-0.15104568004608154,0.6534256935119629,0.20311686396598816,-0.15112371742725372,0.6519089937210083,0.2025832235813141,-0.15117061138153076,0.6848031282424927,0.2225191295146942,-0.12710890173912048,0.6627968549728394,0.2165917009115219,-0.02889432944357395,0.6573442220687866,0.2418493926525116,-0.1623857617378235,0.6492773294448853,0.23999366164207458,-0.13376206159591675,0.7052040100097656,0.3273216784000397,-0.19775347411632538,0.6389676928520203,0.33502399921417236,0.09885987639427185,0.6411079168319702,0.43378299474716187,-0.2861412465572357,0.5722082853317261,0.425218790769577,0.12254921346902847,0.5605977773666382,0.47692540287971497,-0.33361974358558655,0.5081670880317688,0.4791322946548462,0.009485152550041676,0.5396962761878967,0.504202127456665,-0.37431973218917847,0.489834725856781,0.4846796691417694,-0.00881919451057911,0.5308754444122314,0.49630236625671387,-0.37270253896713257,0.4928811192512512,0.4849545657634735,-0.04105765372514725,0.5384918451309204,0.4897540509700775,-0.33379119634628296,0.4985488951206207,0.4856930077075958,-0.008926235139369965,0.7010162472724915,0.5891463756561279,-0.10732641071081161,0.6599167585372925,0.5705422163009644,0.10713311284780502,0.5998830795288086,0.5085773468017578,-0.3596002459526062,0.5550011396408081,0.4865221381187439,-0.01787232980132103,0.5434831380844116,0.7360775470733643,-0.3954114019870758,0.5185829401016235,0.6949415802955627,-0.05246827006340027,0.5468332171440125,0.7855769395828247,-0.39924758672714233,0.5192790627479553,0.7430868148803711,-0.05885034054517746,0.47672557830810547,0.7267211675643921,-0.49020832777023315,0.46425938606262207,0.6923524141311646,-0.11658880859613419,0,1
0.6224324107170105,0.21059145033359528,-0.23210790753364563,0.6338818073272705,0.1985810548067093,-0.23779043555259705,0.6375681757926941,0.199676975607872,-0.2377661019563675,0.641280472278595,0.20110267400741577,-0.2377152144908905,0.627632737159729,0.19670452177524567,-0.20944488048553467,0.6265866160392761,0.19646427035331726,-0.20951831340789795,0.625739574432373,0.196350559592247,-0.20956754684448242,0.6553091406822205,0.2193959355354309,-0.21871522068977356,0.6367056965827942,0.21032819151878357,-0.0923597514629364,0.6267064213752747,0.23531119525432587,-0.22489424049854279,0.6197628378868103,0.2323274165391922,-0.1881692111492157,0.6744049787521362,0.32889023423194885,-0.28527477383613586,0.6090418696403503,0.33588647842407227,0.03731575235724449,0.5946517586708069,0.4375993013381958,-0.37078922986984253,0.5436841249465942,0.42561301589012146,0.052007079124450684,0.5148342847824097,0.4924496114253998,-0.39701205492019653,0.4784080386161804,0.4879499673843384,-0.05963345244526863,0.48832646012306213,0.510826587677002,-0.4435040056705475,0.4587485194206238,0.4915875792503357,-0.0787019208073616,0.4866495728492737,0.5002659559249878,-0.439664751291275,0.4592863619327545,0.4941653907299042,-0.11802151054143906,0.4930846691131592,0.4971880614757538,-0.39745956659317017,0.46763119101524353,0.49560463428497314,-0.08204513788223267,0.6812113523483276,0.5946593880653381,-0.10941649973392487,0.6408861875534058,0.5799211859703064,0.109224833548069,0.5935512781143188,0.46172553300857544,-0.34047189354896545,0.5382272601127625,0.46493005752563477,0.013643814250826836,0.5367438197135925,0.72380131483078,-0.34653374552726746,0.5129190683364868,0.6931149959564209,-0.026250431314110756,0.5432643890380859,0.7776477336883545,-0.3466898798942566,0.5159633159637451,0.726148247718811,-0.033478785306215286,0.47703322768211365,0.7234105467796326,-0.4347969591617584,0.4589293897151947,0.693731427192688,-0.09672562032938004,0,1
0.5949674248695374,0.2083723545074463,-0.1927911937236786,0.6062830686569214,0.19551020860671997,-0.19872984290122986,0.6098789572715759,0.19599539041519165,-0.19874997437000275,0.6136809587478638,0.19695723056793213,-0.19871652126312256,0.600300669670105,0.19484971463680267,-0.17009469866752625,0.5992982387542725,0.19479133188724518,-0.1701534539461136,0.5984715223312378,0.19472557306289673,-0.1702118217945099,0.6287508010864258,0.2152492105960846,-0.1850559115409851,0.6083679795265198,0.2076946198940277,-0.05641351267695427,0.6004816889762878,0.2307801991701126,-0.18785938620567322,0.5925877690315247,0.2290896326303482,-0.15062786638736725,0.6477581262588501,0.3279959261417389,-0.26595935225486755,0.5862031579017639,0.3371506333351135,0.06410005688667297,0.5647412538528442,0.43725404143333435,-0.35909420251846313,0.5208278298377991,0.4258062243461609,0.07279933243989944,0.47303682565689087,0.4896659851074219,-0.38741418719291687,0.4487783908843994,0.4902469515800476,-0.03557092696428299,0.45196881890296936,0.5072113871574402,-0.43338021636009216,0.43043240904808044,0.4979062080383301,-0.05263776332139969,0.4494364857673645,0.49764445424079895,-0.42718830704689026,0.43085575103759766,0.49565884470939636,-0.09209606051445007,0.4537915587425232,0.4949345886707306,-0.3870730400085449,0.43838930130004883,0.4950900971889496,-0.05846017599105835,0.6607180833816528,0.5962687134742737,-0.10950412601232529,0.6210311055183411,0.5916392207145691,0.10928581655025482,0.5714572668075562,0.45569226145744324,-0.30493927001953125,0.5215014815330505,0.45794951915740967,0.043909650295972824,0.5316858887672424,0.7070682644844055,-0.2784736752510071,0.5139169692993164,0.6835411787033081,-0.023232733830809593,0.5413161516189575,0.766255259513855,-0.27631717920303345,0.5217578411102295,0.7156060934066772,-0.03353486582636833,0.4712273180484772,0.7229390740394592,-0.35369449853897095,0.45952194929122925,0.6931832432746887,-0.09524538367986679,0,1
0.5724239349365234,0.20765019953250885,-0.18363980948925018,0.5828982591629028,0.1945212483406067,-0.19050531089305878,0.5861528515815735,0.19491587579250336,-0.19054314494132996,0.589816153049469,0.1956878900527954,-0.1905069500207901,0.5774628520011902,0.19391712546348572,-0.16022512316703796,0.5767467617988586,0.19377553462982178,-0.16025900840759277,0.5760044455528259,0.19362451136112213,-0.1603238880634308,0.6055514812469482,0.21395285427570343,-0.17706552147865295,0.5868138670921326,0.20678995549678802,-0.04255322366952896,0.577163815498352,0.22928780317306519,-0.1786416620016098,0.5701996088027954,0.2275204062461853,-0.1396356225013733,0.6253436803817749,0.3262217342853546,-0.2683801054954529,0.5667036771774292,0.341756135225296,0.08548631519079208,0.5274423360824585,0.43443772196769714,-0.36562082171440125,0.5035186409950256,0.4286426901817322,0.07398627698421478,0.4342068135738373,0.488435834646225,-0.3945710062980652,0.42262810468673706,0.49234306812286377,-0.022740982472896576,0.4103828966617584,0.5060554146766663,-0.443939208984375,0.4050613343715668,0.5011255741119385,-0.04013558477163315,0.40903258323669434,0.49617213010787964,-0.4325806498527527,0.40836867690086365,0.49628931283950806,-0.07748078554868698,0.41559290885925293,0.4941290020942688,-0.3922145962715149,0.41252583265304565,0.49823135137557983,-0.04424817115068436,0.6430317759513855,0.6020011901855469,-0.11771656572818756,0.6035659313201904,0.6080864071846008,0.117335245013237,0.5335003137588501,0.4506794512271881,-0.2373615801334381,0.50275719165802,0.4565839469432831,0.12544523179531097,0.5136783123016357,0.7006530165672302,-0.12316145747900009,0.5190261006355286,0.6821935772895813,0.09349421411752701,0.5244272351264954,0.7510240077972412,-0.10993938148021698,0.5307551622390747,0.7232468724250793,0.08845870196819305,0.4511704444885254,0.7173815369606018,-0.16014839708805084,0.47846493124961853,0.7242077589035034,0.03624122962355614,0,1
0.551861584186554,0.20731209218502045,-0.18338994681835175,0.5622668862342834,0.19385062158107758,-0.1924779713153839,0.5655437111854553,0.19439862668514252,-0.1925049126148224,0.5694472193717957,0.1951611191034317,-0.19246116280555725,0.5573617219924927,0.19268307089805603,-0.16144299507141113,0.5568963289260864,0.19245703518390656,-0.16146644949913025,0.5564032793045044,0.1922178864479065,-0.16150370240211487,0.5868860483169556,0.21336629986763,-0.18417386710643768,0.5687807202339172,0.20585249364376068,-0.04589366912841797,0.5569664239883423,0.22847305238246918,-0.17966698110103607,0.550659716129303,0.22682781517505646,-0.13976535201072693,0.6058485507965088,0.32485154271125793,-0.2753097414970398,0.5500269532203674,0.34377527236938477,0.08547195047140121,0.5119379162788391,0.43389755487442017,-0.37084028124809265,0.4822695255279541,0.42957356572151184,0.0894395038485527,0.4193434715270996,0.48782551288604736,-0.39634448289871216,0.406425803899765,0.49400854110717773,-0.024019461125135422,0.39583703875541687,0.5079522728919983,-0.4440639019012451,0.3882032334804535,0.5070669651031494,-0.039860986173152924,0.3917556405067444,0.4965357482433319,-0.4299646019935608,0.3875660300254822,0.49994149804115295,-0.08064814656972885,0.39752450585365295,0.4941137433052063,-0.3922167420387268,0.3937423527240753,0.4996315836906433,-0.04671139642596245,0.6311802864074707,0.6032721400260925,-0.11857225000858307,0.5914316773414612,0.6105204224586487,0.1182454451918602,0.5177573561668396,0.45773816108703613,-0.2418191134929657,0.4638676047325134,0.5050445795059204,0.08957792818546295,0.5072365999221802,0.7028623223304749,-0.0918344035744667,0.528178870677948,0.6817091703414917,0.05897669121623039,0.5189552903175354,0.7398772239685059,-0.07218025624752045,0.5534763336181641,0.7165303826332092,0.0568646602332592,0.4495665431022644,0.7298622131347656,-0.09059536457061768,0.5188735127449036,0.7413026690483093,0.022330546751618385,0,1
0.5381866693496704,0.19928842782974243,-0.14098507165908813,0.5488432049751282,0.18560656905174255,-0.1628337949514389,0.551609992980957,0.1871868073940277,-0.1629014015197754,0.5547725558280945,0.18880049884319305,-0.16291560232639313,0.5454494953155518,0.1831112951040268,-0.12139338254928589,0.5456953048706055,0.1829606145620346,-0.1213693767786026,0.546059250831604,0.18265627324581146,-0.12137856334447861,0.570072591304779,0.20816093683242798,-0.19720454514026642,0.5604562163352966,0.19995248317718506,-0.018362578004598618,0.5409870147705078,0.22081878781318665,-0.1555444598197937,0.5376425981521606,0.21855932474136353,-0.10144728422164917,0.5879288911819458,0.3248933255672455,-0.30763059854507446,0.5453025698661804,0.3404354751110077,0.11687412112951279,0.48974791169166565,0.4404905140399933,-0.40659016370773315,0.4780420660972595,0.4326733946800232,0.14011920988559723,0.3996114134788513,0.4902362525463104,-0.4145996570587158,0.3998764455318451,0.493632048368454,0.05575238913297653,0.37829869985580444,0.5104146599769592,-0.4691452085971832,0.3780166506767273,0.5071489214897156,0.05059894919395447,0.37407347559928894,0.5011335015296936,-0.4477149546146393,0.37674176692962646,0.5028717517852783,0.004794617649167776,0.3818604350090027,0.4980338513851166,-0.40814757347106934,0.38524115085601807,0.5007070899009705,0.03142730891704559,0.6145115494728088,0.6057409644126892,-0.1346326321363449,0.5864554047584534,0.608343780040741,0.13449230790138245,0.48490118980407715,0.4580937325954437,-0.18604746460914612,0.46523720026016235,0.4691178500652313,0.1627921462059021,0.5108796954154968,0.6887912154197693,0.02663647197186947,0.5339187383651733,0.6721996665000916,0.21020111441612244,0.532583475112915,0.7278387546539307,0.05275251716375351,0.555895209312439,0.6945809125900269,0.21495766937732697,0.48046016693115234,0.7465640306472778,0.08634711056947708,0.5277077555656433,0.7403897643089294,0.21961195766925812,0,1
0.53520667552948,0.19401460886001587,-0.17161913216114044,0.5462459325790405,0.1811230331659317,-0.19384075701236725,0.5490167140960693,0.18282969295978546,-0.1938985288143158,0.5520018339157104,0.18471506237983704,-0.19390985369682312,0.5426534414291382,0.17855378985404968,-0.15283741056919098,0.5427597761154175,0.17856065928936005,-0.15280590951442719,0.5430793762207031,0.17844778299331665,-0.15281642973423004,0.5660945177078247,0.205542653799057,-0.2287416160106659,0.5567197799682617,0.19700783491134644,-0.0493629053235054,0.5377086400985718,0.21742473542690277,-0.18492846190929413,0.5339705944061279,0.21517884731292725,-0.13154663145542145,0.5811716914176941,0.32524141669273376,-0.32418856024742126,0.5370538234710693,0.34021976590156555,0.08202607184648514,0.47966232895851135,0.44180557131767273,-0.4209989905357361,0.4706408381462097,0.4342632591724396,0.10372432321310043,0.39139363169670105,0.4923205077648163,-0.44919878244400024,0.39143887162208557,0.494506299495697,0.03192107006907463,0.3701000511646271,0.5110752582550049,-0.5061103105545044,0.37224915623664856,0.5066982507705688,0.020131198689341545,0.366476833820343,0.5026038885116577,-0.48390135169029236,0.36796340346336365,0.5061947107315063,-0.020575398579239845,0.3744097352027893,0.5007134079933167,-0.44289430975914,0.3761868178844452,0.5037908554077148,0.009569485671818256,0.6099088788032532,0.6055067181587219,-0.13055568933486938,0.5814212560653687,0.6080607771873474,0.13037005066871643,0.48153090476989746,0.4588746726512909,-0.20692484080791473,0.4530107378959656,0.495098739862442,0.15961046516895294,0.5246531367301941,0.6901631951332092,-0.002739390591159463,0.5362027287483215,0.6692603826522827,0.25589147210121155,0.5467935800552368,0.7228869199752808,0.023089326918125153,0.5557096600532532,0.6908661127090454,0.2677224278450012,0.48654356598854065,0.7587595582008362,0.049661315977573395,0.5385395884513855,0.7380905747413635,0.27807295322418213,0,1
0.5407114028930664,0.1942664086818695,-0.16461829841136932,0.5526440739631653,0.18128953874111176,-0.178669735789299,0.5556365251541138,0.18252407014369965,-0.1787201464176178,0.5588791370391846,0.18390591442584991,-0.17869432270526886,0.5484791994094849,0.17919616401195526,-0.1433776170015335,0.5483382344245911,0.17918366193771362,-0.14337044954299927,0.5483978390693665,0.1790538728237152,-0.14340336620807648,0.5727127194404602,0.20448613166809082,-0.18025268614292145,0.5606215596199036,0.19607846438884735,-0.027163635939359665,0.5442391633987427,0.21675580739974976,-0.1658789962530136,0.5386759638786316,0.2152269184589386,-0.12067128717899323,0.5887506604194641,0.32488760352134705,-0.2753605246543884,0.5378126502037048,0.34290599822998047,0.10505060851573944,0.4955056607723236,0.43547388911247253,-0.37734419107437134,0.4708332121372223,0.4345601499080658,0.10414554923772812,0.40161722898483276,0.48951101303100586,-0.40319594740867615,0.3962104916572571,0.4943602681159973,-0.029111962765455246,0.3790738582611084,0.5086029767990112,-0.45421189069747925,0.3771767020225525,0.5083094835281372,-0.04541698098182678,0.37583744525909424,0.5019394159317017,-0.43655627965927124,0.3747873902320862,0.5059541463851929,-0.0877537652850151,0.38249558210372925,0.4988768994808197,-0.39807772636413574,0.38214340806007385,0.5034849047660828,-0.053105033934116364,0.615044355392456,0.6051830649375916,-0.12763258814811707,0.579707682132721,0.6105117797851562,0.12733255326747894,0.49329107999801636,0.4602729082107544,-0.23869498074054718,0.45003682374954224,0.5005702972412109,0.12619474530220032,0.5219796299934387,0.6913221478462219,-0.10008203983306885,0.5282806158065796,0.6770935654640198,0.07776173949241638,0.5323346853256226,0.7400082349777222,-0.08164919912815094,0.5495021939277649,0.7263942956924438,0.07393739372491837,0.4733452796936035,0.7564524412155151,-0.0969434529542923,0.5222133994102478,0.7500202655792236,0.040414776653051376,0,1
0.5573552250862122,0.19364428520202637,-0.18454307317733765,0.5680521726608276,0.18096913397312164,-0.1979382336139679,0.5712530612945557,0.181831493973732,-0.1979958564043045,0.5748180150985718,0.18296261131763458,-0.19800423085689545,0.5633858442306519,0.17905481159687042,-0.16462711989879608,0.5629531145095825,0.1787540167570114,-0.16465571522712708,0.5626503229141235,0.17837339639663696,-0.16469787061214447,0.59003746509552,0.2028583586215973,-0.20302316546440125,0.5744293928146362,0.19383561611175537,-0.054616354405879974,0.5605241060256958,0.2160424292087555,-0.1854289174079895,0.5550108551979065,0.21386177837848663,-0.14219610393047333,0.6089202761650085,0.3226850628852844,-0.29396432638168335,0.5524783730506897,0.33536651730537415,0.08010096848011017,0.5174194574356079,0.42999911308288574,-0.38382938504219055,0.48806557059288025,0.42545923590660095,0.10375775396823883,0.42556023597717285,0.47832781076431274,-0.40251097083091736,0.41412195563316345,0.4784783720970154,-0.021753061562776566,0.40272241830825806,0.499274879693985,-0.4518834054470062,0.3957620859146118,0.4930291175842285,-0.04305266961455345,0.3987827003002167,0.49021270871162415,-0.43609291315078735,0.39467674493789673,0.4891912341117859,-0.08064595609903336,0.40453535318374634,0.48685014247894287,-0.39793556928634644,0.3981228172779083,0.4889000654220581,-0.044522278010845184,0.6293851137161255,0.6020879745483398,-0.12639519572257996,0.5943142771720886,0.6003593802452087,0.1261596381664276,0.5083162784576416,0.45909011363983154,-0.204027459025383,0.4730544090270996,0.48687413334846497,0.14796598255634308,0.51954585313797,0.6991746425628662,-0.06499455124139786,0.5284075736999512,0.6722533702850342,0.12413077056407928,0.5319716334342957,0.7450289130210876,-0.04824171960353851,0.5513560175895691,0.7248417139053345,0.11958249658346176,0.46850886940956116,0.7324859499931335,-0.06860870867967606,0.5154315233230591,0.7350353598594666,0.08876214921474457,0,1
0.5905101299285889,0.1987401396036148,-0.20905156433582306,0.6007488965988159,0.1843099594116211,-0.21120385825634003,0.6046637296676636,0.18435482680797577,-0.21123404800891876,0.6091316342353821,0.1846376359462738,-0.21123068034648895,0.5946463942527771,0.1838662475347519,-0.18162241578102112,0.5937975645065308,0.18377450108528137,-0.18168985843658447,0.5930300951004028,0.18349340558052063,-0.1817171275615692,0.626018226146698,0.20384462177753448,-0.18654444813728333,0.605924665927887,0.1962030977010727,-0.05031980201601982,0.5958431363105774,0.22315654158592224,-0.19834473729133606,0.5902696847915649,0.22098390758037567,-0.1590561717748642,0.6497059464454651,0.322743684053421,-0.26256439089775085,0.58918297290802,0.3335643410682678,0.08236095309257507,0.5696430802345276,0.4222155809402466,-0.3763088583946228,0.5211398601531982,0.41129204630851746,0.12246402353048325,0.48130884766578674,0.4605439603328705,-0.42252659797668457,0.45130085945129395,0.46818920969963074,0.002829310717061162,0.45387157797813416,0.48025384545326233,-0.47191643714904785,0.4342257082462311,0.4744659960269928,-0.012842671945691109,0.4511846899986267,0.4710102081298828,-0.45853814482688904,0.4318262040615082,0.47465506196022034,-0.05432004854083061,0.4594641327857971,0.4674032926559448,-0.4198230803012848,0.4398120939731598,0.4753224551677704,-0.020787334069609642,0.6608191728591919,0.6003226041793823,-0.12123984098434448,0.6208000183105469,0.5992728471755981,0.12098655849695206,0.5515505075454712,0.4607328772544861,-0.28608831763267517,0.5149918794631958,0.47913649678230286,0.05043203383684158,0.5330296754837036,0.7018077373504639,-0.2408839762210846,0.5050861239433289,0.7004053592681885,0.007165730930864811,0.5423165559768677,0.7629079818725586,-0.23632223904132843,0.5177797079086304,0.7450684309005737,-0.00021378167730290443,0.47671523690223694,0.7200210690498352,-0.2942364811897278,0.4532981514930725,0.7160781621932983,-0.05303671211004257,0,1
0.6300050020217896,0.20463502407073975,-0.13837330043315887,0.6393436789512634,0.19001606106758118,-0.1336980015039444,0.6434503793716431,0.19010277092456818,-0.1336996704339981,0.6482163071632385,0.19022801518440247,-0.13365963101387024,0.6328760981559753,0.1896153837442398,-0.10789062827825546,0.631989061832428,0.18929758667945862,-0.10795702785253525,0.6312233805656433,0.18878017365932465,-0.1080264300107956,0.6655677556991577,0.20760153234004974,-0.0871768593788147,0.6423267126083374,0.20023100078105927,0.031744591891765594,0.6357555389404297,0.2286543995141983,-0.12224936485290527,0.6294041275978088,0.22650468349456787,-0.08800078183412552,0.6874693632125854,0.3224039375782013,-0.16660305857658386,0.6263858079910278,0.3316631019115448,0.1494864821434021,0.6002243757247925,0.4114876687526703,-0.2677832245826721,0.5610573291778564,0.41135770082473755,0.16618044674396515,0.5086653232574463,0.4463796317577362,-0.3053332269191742,0.4906856119632721,0.4526655077934265,0.0322880893945694,0.4884241223335266,0.4577426612377167,-0.34621483087539673,0.47403016686439514,0.45579320192337036,0.01387131679803133,0.4855230748653412,0.450914204120636,-0.33862704038619995,0.4738996624946594,0.45642417669296265,-0.023732364177703857,0.49222952127456665,0.45218268036842346,-0.3038197159767151,0.4787776470184326,0.4573048949241638,0.010224408470094204,0.691383957862854,0.5938965678215027,-0.11338995397090912,0.6498784422874451,0.5910707712173462,0.1130392774939537,0.5764150619506836,0.4670821726322174,-0.31878969073295593,0.5472148656845093,0.4748656749725342,0.036909036338329315,0.5407692193984985,0.7132769227027893,-0.3770969808101654,0.509909451007843,0.7025008201599121,-0.05441641807556152,0.5483357906341553,0.7805726528167725,-0.38226720690727234,0.5226143598556519,0.7403708696365356,-0.06643697619438171,0.4825945794582367,0.7257224917411804,-0.45518383383750916,0.45765042304992676,0.7131541967391968,-0.12350119650363922,0,1
0.6672229170799255,0.20988161861896515,-0.10954473167657852,0.6757334470748901,0.19606900215148926,-0.10246404260396957,0.6799571514129639,0.19629554450511932,-0.1024518609046936,0.6845384240150452,0.1964910924434662,-0.10239694267511368,0.669197678565979,0.19506067037582397,-0.08026302605867386,0.6681391000747681,0.19487610459327698,-0.0803416520357132,0.6670798659324646,0.19457367062568665,-0.08042053878307343,0.7013037800788879,0.21156753599643707,-0.05446025729179382,0.6767705082893372,0.2063426375389099,0.04741159826517105,0.6725364923477173,0.23300132155418396,-0.09341905266046524,0.6656420826911926,0.2315881997346878,-0.06394097208976746,0.7247617840766907,0.31823790073394775,-0.13124147057533264,0.6600559949874878,0.32971131801605225,0.15010598301887512,0.6432511210441589,0.39258867502212524,-0.25310376286506653,0.6015252470970154,0.39442574977874756,0.15229380130767822,0.5532186031341553,0.4243808388710022,-0.3136005997657776,0.53415846824646,0.43389612436294556,0.016989586874842644,0.5341190099716187,0.43946564197540283,-0.3505282998085022,0.5159130692481995,0.44634464383125305,-0.002149550709873438,0.531606137752533,0.43546658754348755,-0.34018632769584656,0.5200802087783813,0.445661336183548,-0.030740762129426003,0.5388245582580566,0.43278932571411133,-0.31094616651535034,0.5243996977806091,0.4432094991207123,0.004615936428308487,0.7212557196617126,0.583299994468689,-0.1012187972664833,0.6789431571960449,0.5780802965164185,0.10090859234333038,0.6080779433250427,0.5047659277915955,-0.3150525987148285,0.569216251373291,0.4807488024234772,0.02045661211013794,0.5466514229774475,0.7276217341423035,-0.4042166769504547,0.5161011219024658,0.7012048363685608,-0.06757330894470215,0.5491930246353149,0.7894983291625977,-0.4124796986579895,0.52512127161026,0.7397608160972595,-0.07833635807037354,0.49057263135910034,0.7296963334083557,-0.49074745178222656,0.4585796296596527,0.7031145095825195,-0.13280583918094635,0,1
0.7015437483787537,0.2235681563615799,-0.1007063165307045,0.7101505994796753,0.20723329484462738,-0.09290836751461029,0.714192807674408,0.2067767232656479,-0.09287337958812714,0.7190787196159363,0.2062544971704483,-0.09279754757881165,0.7032155990600586,0.20772171020507812,-0.07378103584051132,0.7018517255783081,0.20763662457466125,-0.0738566666841507,0.700523853302002,0.2075144648551941,-0.07390358299016953,0.7345486283302307,0.21732953190803528,-0.03917660936713219,0.7084013223648071,0.2155728042125702,0.04849011451005936,0.7084922194480896,0.2442256361246109,-0.08136288821697235,0.700698733329773,0.24397487938404083,-0.05586973950266838,0.7603529691696167,0.31848302483558655,-0.11331305652856827,0.6906962394714355,0.3296871781349182,0.16939787566661835,0.6840983033180237,0.3929734528064728,-0.21947148442268372,0.6282650232315063,0.39496850967407227,0.22654953598976135,0.6023884415626526,0.41923514008522034,-0.2869411110877991,0.5673442482948303,0.4281209409236908,0.14579403400421143,0.5823959708213806,0.4339755177497864,-0.3174632489681244,0.5448356866836548,0.44086939096450806,0.1427607238292694,0.5791195034980774,0.4297733008861542,-0.30689671635627747,0.5455207824707031,0.4385720491409302,0.11427310854196548,0.5842211842536926,0.4279842674732208,-0.28310078382492065,0.5544977784156799,0.43509140610694885,0.1308262050151825,0.7456836104393005,0.580285370349884,-0.10249558836221695,0.7052079439163208,0.5682370662689209,0.10224474966526031,0.619905948638916,0.525439977645874,-0.270037978887558,0.5923848152160645,0.5005720257759094,0.020087802782654762,0.5459529161453247,0.7306815385818481,-0.3350582420825958,0.5183236002922058,0.7016187310218811,-0.047962646931409836,0.5485420227050781,0.7857539057731628,-0.3395421802997589,0.518896758556366,0.7418990135192871,-0.05647028237581253,0.4894893765449524,0.7107089161872864,-0.4108012318611145,0.46247345209121704,0.6925555467605591,-0.10688807815313339,0,1
0.7302318811416626,0.24189390242099762,-0.06545723974704742,0.7381971478462219,0.22430220246315002,-0.06253747642040253,0.7424251437187195,0.22286978363990784,-0.06251990050077438,0.7469888925552368,0.22161760926246643,-0.0624745674431324,0.7306214570999146,0.22660598158836365,-0.04190544784069061,0.7291766405105591,0.22678399085998535,-0.041973408311605453,0.7277275323867798,0.2270401418209076,-0.0420302078127861,0.7628567814826965,0.2305757999420166,-0.020805327221751213,0.7361584305763245,0.23154157400131226,0.07356991618871689,0.739900529384613,0.2604936361312866,-0.04908044636249542,0.7310646772384644,0.25996071100234985,-0.02164561301469803,0.7912436127662659,0.3240744173526764,-0.09532912820577621,0.7211779356002808,0.3291069567203522,0.1884046196937561,0.7291907072067261,0.4042615294456482,-0.20929113030433655,0.6630128622055054,0.3957814872264862,0.21163932979106903,0.6530064940452576,0.4235386848449707,-0.28355228900909424,0.5949150919914246,0.42324134707450867,0.12721966207027435,0.626415491104126,0.4356861412525177,-0.31695085763931274,0.5769268274307251,0.43329763412475586,0.09017397463321686,0.6233606934547424,0.4294586181640625,-0.309954434633255,0.5789728760719299,0.43009644746780396,0.07668662071228027,0.6308850646018982,0.4286024868488312,-0.28065016865730286,0.5862234830856323,0.4287393391132355,0.09192292392253876,0.7644015550613403,0.5757725834846497,-0.10155220329761505,0.7236539125442505,0.5619407892227173,0.10137951374053955,0.6347349286079407,0.5534451603889465,-0.23821666836738586,0.6145069003105164,0.5259602665901184,-0.012089843861758709,0.5470352172851562,0.7345463037490845,-0.305440217256546,0.5220269560813904,0.7009050250053406,-0.07606327533721924,0.5481553673744202,0.7875616550445557,-0.3133264183998108,0.5140873193740845,0.7285999655723572,-0.08394799381494522,0.4942440092563629,0.7149459719657898,-0.40265005826950073,0.46215444803237915,0.6754196882247925,-0.14090213179588318,0,1
0.7518824338912964,0.26083070039749146,0.06072992831468582,0.7585365772247314,0.2437373846769333,0.06070923060178757,0.7626479864120483,0.24319235980510712,0.06072477623820305,0.7672738432884216,0.2421603500843048,0.060764431953430176,0.7514020204544067,0.24449937045574188,0.08096896857023239,0.7500973343849182,0.24470268189907074,0.08085925877094269,0.748824417591095,0.24497027695178986,0.08076102286577225,0.7832371592521667,0.24496540427207947,0.07723381370306015,0.75989830493927,0.24802212417125702,0.16666534543037415,0.7619518637657166,0.2808811068534851,0.06659430265426636,0.75306236743927,0.2826038897037506,0.09276413917541504,0.8159720301628113,0.3302018344402313,-0.006380211561918259,0.7444056272506714,0.3321458399295807,0.2243448793888092,0.7782024145126343,0.42690014839172363,-0.12605507671833038,0.6908243894577026,0.4026866853237152,0.19130414724349976,0.6963614821434021,0.42534494400024414,-0.2079898566007614,0.6265372037887573,0.42608922719955444,0.011621834710240364,0.6731430292129517,0.4359545409679413,-0.2364528626203537,0.6118888854980469,0.43541857600212097,-0.018581178039312363,0.6700313091278076,0.4285523295402527,-0.23144309222698212,0.6135371923446655,0.4313640892505646,-0.03396314010024071,0.676981508731842,0.4281245768070221,-0.2052418440580368,0.6199706196784973,0.4302355945110321,-0.0037237158976495266,0.777785062789917,0.573037326335907,-0.08176828175783157,0.7339739799499512,0.5558169484138489,0.08173158019781113,0.6506651639938354,0.5802410840988159,-0.2128881961107254,0.6256489157676697,0.5541573166847229,-0.058903343975543976,0.5497337579727173,0.7494454383850098,-0.32907387614250183,0.5224765539169312,0.7003369927406311,-0.1774698793888092,0.5465087890625,0.7947417497634888,-0.34070885181427,0.514518141746521,0.7291432023048401,-0.19035568833351135,0.4926518499851227,0.715648889541626,-0.4252268671989441,0.46110862493515015,0.6658338904380798,-0.24924568831920624,0,1
0.7649559378623962,0.27257224917411804,0.05490412190556526,0.7703731656074524,0.2548811435699463,0.053369008004665375,0.7746772766113281,0.25308099389076233,0.05333561450242996,0.7794995903968811,0.2515288293361664,0.053267039358615875,0.7641676664352417,0.2587891221046448,0.07489578425884247,0.7629138231277466,0.2595406174659729,0.07488405704498291,0.7614575624465942,0.2601189613342285,0.07482483237981796,0.7977482080459595,0.2513434588909149,0.06418710201978683,0.7703704237937927,0.26031050086021423,0.16268569231033325,0.7754276990890503,0.2888505160808563,0.05864586681127548,0.7660261392593384,0.2905977964401245,0.0874084010720253,0.8346455693244934,0.33571335673332214,0.0038893376477062702,0.7560036778450012,0.3445515036582947,0.20605365931987762,0.8117728233337402,0.4575352966785431,-0.0367780365049839,0.7118255496025085,0.4404316246509552,0.1779070645570755,0.7329427003860474,0.43977874517440796,-0.0339784137904644,0.6646771430969238,0.4367184042930603,-0.00194457801990211,0.7133026123046875,0.4478435516357422,-0.04638145864009857,0.6495950222015381,0.4382428824901581,-0.03500333055853844,0.712369441986084,0.43669500946998596,-0.04908684268593788,0.6496020555496216,0.4331918954849243,-0.0509420707821846,0.7210098505020142,0.4368235170841217,-0.03163432329893112,0.657325267791748,0.43459421396255493,-0.01689819060266018,0.7788846492767334,0.5702037811279297,-0.06926558166742325,0.7367099523544312,0.5477529168128967,0.0693325474858284,0.6614474058151245,0.60431969165802,-0.1838240921497345,0.6351357102394104,0.5715992450714111,-0.04583944380283356,0.5540784597396851,0.7559934854507446,-0.3240200877189636,0.5274922847747803,0.7005080580711365,-0.1736871749162674,0.5464363098144531,0.8016351461410522,-0.33498647809028625,0.5155762434005737,0.7335195541381836,-0.18814989924430847,0.4925745129585266,0.7266572117805481,-0.4125188887119293,0.4669725000858307,0.6706353425979614,-0.24121078848838806,0,1
0.7625026106834412,0.27220436930656433,0.041812360286712646,0.7676893472671509,0.2552378177642822,0.04484261944890022,0.7714724540710449,0.2531404197216034,0.044823385775089264,0.776076078414917,0.2511385381221771,0.04474532976746559,0.7610558271408081,0.2579883933067322,0.06183894723653793,0.7596599459648132,0.2582401633262634,0.06185303255915642,0.7582827210426331,0.25850343704223633,0.061772577464580536,0.7946921586990356,0.2488315999507904,0.07825826853513718,0.7681167721748352,0.2614422142505646,0.15979698300361633,0.7718514800071716,0.2889605760574341,0.05490479990839958,0.7642254829406738,0.28961431980133057,0.07871250808238983,0.8379935026168823,0.3338263928890228,0.04559940844774246,0.7609764337539673,0.34489864110946655,0.2076413333415985,0.8500632047653198,0.47680962085723877,-0.012823497876524925,0.7439135313034058,0.4689505696296692,0.19042068719863892,0.7751938104629517,0.43795046210289,-0.07157059758901596,0.7076386213302612,0.4415481686592102,0.043526358902454376,0.7554946541786194,0.4382890462875366,-0.08998718112707138,0.68638676404953,0.43906745314598083,0.010833479464054108,0.7549619078636169,0.42380642890930176,-0.0845424011349678,0.6888951063156128,0.4336722195148468,-0.0016251972410827875,0.7591274380683899,0.42309126257896423,-0.06732861697673798,0.6971688270568848,0.4347389340400696,0.031188270077109337,0.7853643298149109,0.5693266987800598,-0.06772419065237045,0.7391870021820068,0.5472861528396606,0.06779813021421432,0.6700378656387329,0.6171208024024963,-0.20423579216003418,0.6378785371780396,0.5804023146629333,-0.05607454851269722,0.5575233697891235,0.755143404006958,-0.3402728736400604,0.5310490727424622,0.7003870606422424,-0.1982697993516922,0.5465232133865356,0.8026930093765259,-0.35250958800315857,0.5180343985557556,0.7372860312461853,-0.21409960091114044,0.4865451455116272,0.7266334295272827,-0.4318413734436035,0.4635137915611267,0.6636366248130798,-0.2665705382823944,0,1
0.7556535005569458,0.26155418157577515,-0.02035454660654068,0.7624820470809937,0.24511978030204773,-0.02074923738837242,0.7665929198265076,0.2446001023054123,-0.020784104242920876,0.7711876034736633,0.24304652214050293,-0.020849647000432014,0.7562507390975952,0.2452315390110016,-0.001147987088188529,0.7550573348999023,0.24510981142520905,-0.001152879442088306,0.7538390755653381,0.24514448642730713,-0.0012143098283559084,0.7887856364250183,0.24257177114486694,0.0107739781960845,0.764451265335083,0.25231099128723145,0.10266231000423431,0.7648780345916748,0.2776457965373993,-0.006692945025861263,0.7564664483070374,0.2771190404891968,0.020115291699767113,0.8322213888168335,0.3310186564922333,0.008155008777976036,0.7552825212478638,0.3393157720565796,0.17763203382492065,0.8717418909072876,0.46655672788619995,-0.06247333437204361,0.7414132952690125,0.4569101929664612,0.17318163812160492,0.7981220483779907,0.4439282715320587,-0.14232434332370758,0.7140409350395203,0.44430801272392273,-0.0009578081662766635,0.7773393988609314,0.44703584909439087,-0.16321919858455658,0.7048940658569336,0.44750121235847473,-0.03315288573503494,0.774276614189148,0.4271138906478882,-0.1498311161994934,0.7064781188964844,0.43795183300971985,-0.04465128853917122,0.778735339641571,0.4274995028972626,-0.13416026532649994,0.7123714685440063,0.4381948709487915,-0.011755669489502907,0.7831833362579346,0.5695162415504456,-0.0684991106390953,0.7394097447395325,0.5480191707611084,0.0686262995004654,0.6677681803703308,0.6264632344245911,-0.1923445165157318,0.6400641202926636,0.5833151340484619,-0.07587401568889618,0.5570226907730103,0.7562011480331421,-0.3037744462490082,0.5332361459732056,0.7013997435569763,-0.1912633329629898,0.5465058088302612,0.8023592829704285,-0.3161197006702423,0.5185912847518921,0.7475007176399231,-0.20556262135505676,0.48864659667015076,0.7323797345161438,-0.41806620359420776,0.4635988771915436,0.6653756499290466,-0.2762545645236969,0,1
0.7546560764312744,0.2508693337440491,-0.08768667280673981,0.7598972320556641,0.2341628223657608,-0.08781037479639053,0.7639036774635315,0.23359230160713196,-0.08783666044473648,0.76856529712677,0.2327185720205307,-0.08784110099077225,0.7548725605010986,0.23555420339107513,-0.06983614712953568,0.7535828948020935,0.23614943027496338,-0.06987586617469788,0.7520990371704102,0.23666468262672424,-0.06991218030452728,0.7864603996276855,0.23513135313987732,-0.06421972066164017,0.761379063129425,0.24418535828590393,0.018221644684672356,0.7630783915519714,0.2681023180484772,-0.07780852913856506,0.7557198405265808,0.26727521419525146,-0.0536307692527771,0.8275273442268372,0.3322489857673645,-0.09081310778856277,0.7514798641204834,0.3392936587333679,0.09462343156337738,0.8450332880020142,0.4871267080307007,-0.15060672163963318,0.7350557446479797,0.4634692370891571,0.11867590993642807,0.7663329243659973,0.5056137442588806,-0.20528192818164825,0.6942954659461975,0.49824777245521545,0.001537882606498897,0.7476639747619629,0.5166639089584351,-0.22967734932899475,0.6811327934265137,0.5124654769897461,-0.024983353912830353,0.7446784973144531,0.5028680562973022,-0.2221800982952118,0.6824496388435364,0.5013764500617981,-0.04255618527531624,0.7508929967880249,0.49844661355018616,-0.20044174790382385,0.6879538297653198,0.4990052878856659,-0.011458439752459526,0.7810434103012085,0.5809938907623291,-0.06939003616571426,0.7393437623977661,0.5547650456428528,0.06951366364955902,0.6645269393920898,0.6196479201316833,-0.19759558141231537,0.6367499828338623,0.5789179801940918,-0.06808759272098541,0.5587033629417419,0.7602788209915161,-0.2842911183834076,0.532809853553772,0.6989123225212097,-0.18790099024772644,0.5482717752456665,0.8031873106956482,-0.2939809560775757,0.5201564431190491,0.7405160069465637,-0.1968049556016922,0.48976510763168335,0.7389121055603027,-0.37759798765182495,0.4660589098930359,0.6665703058242798,-0.24514618515968323,0,1
0.741554319858551,0.24262991547584534,-0.10264990478754044,0.7497766613960266,0.22677405178546906,-0.0986332893371582,0.7546808123588562,0.22628402709960938,-0.09869085252285004,0.7597337365150452,0.2256731241941452,-0.09869468212127686,0.7426072359085083,0.2275148183107376,-0.08098677545785904,0.7409049868583679,0.2279646098613739,-0.08106961846351624,0.7395440340042114,0.2284732609987259,-0.08112935721874237,0.7743219137191772,0.23272880911827087,-0.06370535492897034,0.7499352693557739,0.23770497739315033,0.01518622599542141,0.7512158155441284,0.26349547505378723,-0.08976069837808609,0.7420617938041687,0.26442840695381165,-0.06671871244907379,0.8129180073738098,0.33571603894233704,-0.09688571095466614,0.7326319813728333,0.34134817123413086,0.10828717052936554,0.8183501362800598,0.49192216992378235,-0.16012562811374664,0.7127376794815063,0.46366894245147705,0.10629472881555557,0.7342580556869507,0.5218474268913269,-0.22353501617908478,0.6662379503250122,0.4906367361545563,-0.06650204956531525,0.712409496307373,0.5312954187393188,-0.25197702646255493,0.6550558805465698,0.505466878414154,-0.09723106771707535,0.7061788439750671,0.5166337490081787,-0.24755196273326874,0.6536432504653931,0.4940175414085388,-0.11895859241485596,0.7118998765945435,0.5134018063545227,-0.2201450765132904,0.6599224805831909,0.4920823872089386,-0.08241559565067291,0.7792202830314636,0.5855676531791687,-0.07324429601430893,0.7354060411453247,0.5650807619094849,0.07344783842563629,0.6623923778533936,0.5954122543334961,-0.2524580657482147,0.6363846659660339,0.565172016620636,-0.10657244920730591,0.558412492275238,0.7597871422767639,-0.34634140133857727,0.5324078798294067,0.7013078927993774,-0.21766440570354462,0.5468764901161194,0.8030638694763184,-0.3577262759208679,0.5196257829666138,0.7442478537559509,-0.23152847588062286,0.49299106001853943,0.720518171787262,-0.4617791771888733,0.46980366110801697,0.66951584815979,-0.3084743618965149,0,1
0.724327564239502,0.23616722226142883,-0.10418553650379181,0.7342063188552856,0.22043228149414062,-0.09741199761629105,0.739086389541626,0.21973660588264465,-0.09743447601795197,0.7440481781959534,0.21908874809741974,-0.09741239994764328,0.7261639833450317,0.22097468376159668,-0.08217819035053253,0.7247618436813354,0.22100384533405304,-0.0822611004114151,0.7233182191848755,0.22102369368076324,-0.0823267251253128,0.7576245069503784,0.22753801941871643,-0.054377395659685135,0.7332378029823303,0.22959427535533905,0.013716580346226692,0.7338911294937134,0.2566613256931305,-0.0889364629983902,0.724293053150177,0.2562367022037506,-0.06927096843719482,0.7942999601364136,0.33617159724235535,-0.09708453714847565,0.7135413289070129,0.3419584631919861,0.09735213965177536,0.7788991332054138,0.4938371479511261,-0.16810645163059235,0.6808533072471619,0.4643609821796417,0.06839920580387115,0.6944307088851929,0.5130285620689392,-0.22267086803913116,0.6329759359359741,0.4862402677536011,-0.10897208750247955,0.672584056854248,0.5231313705444336,-0.24871894717216492,0.6200575828552246,0.49967703223228455,-0.14142659306526184,0.6665409207344055,0.5100700259208679,-0.24399793148040771,0.6219035387039185,0.4904530942440033,-0.15825781226158142,0.6762019395828247,0.5063995718955994,-0.21955224871635437,0.627804696559906,0.48788800835609436,-0.1226533055305481,0.7650890946388245,0.5860257744789124,-0.07546354085206985,0.722766101360321,0.5675851106643677,0.0755963996052742,0.6543592214584351,0.5609076619148254,-0.26115360856056213,0.6225954294204712,0.5257424116134644,-0.09402787685394287,0.5574954152107239,0.7438735961914062,-0.3544017970561981,0.5352104902267456,0.7010399699211121,-0.20823483169078827,0.5481195449829102,0.798376739025116,-0.36450114846229553,0.5314717292785645,0.7434828877449036,-0.22838211059570312,0.49290329217910767,0.7217006087303162,-0.45946937799453735,0.4728364944458008,0.6734306216239929,-0.29633331298828125,0,1
0.7060812711715698,0.23008842766284943,-0.04902275279164314,0.7161795496940613,0.21539455652236938,-0.044112320989370346,0.7210177779197693,0.2152172476053238,-0.044073231518268585,0.7256062030792236,0.2150842845439911,-0.04401080310344696,0.7082774639129639,0.21511900424957275,-0.027098238468170166,0.7069000005722046,0.21506403386592865,-0.027198050171136856,0.7056092023849487,0.21485987305641174,-0.027269968762993813,0.7392095923423767,0.22504247725009918,-0.007981445640325546,0.7148317098617554,0.22502727806568146,0.06694798171520233,0.7142345905303955,0.25019434094429016,-0.0369533933699131,0.7054593563079834,0.2493613064289093,-0.015257036313414574,0.7709717154502869,0.3342655301094055,-0.0839737206697464,0.6932488083839417,0.3417479395866394,0.14821547269821167,0.7417856454849243,0.4768834710121155,-0.17138662934303284,0.6447411775588989,0.4513094127178192,0.11829279363155365,0.6529473066329956,0.4797711968421936,-0.2343912571668625,0.5948036313056946,0.47454801201820374,-0.04770134761929512,0.6314874887466431,0.49619993567466736,-0.2596915364265442,0.57920902967453,0.4855209290981293,-0.06995227187871933,0.6274738311767578,0.48571667075157166,-0.25431668758392334,0.5796862840652466,0.48196282982826233,-0.08733735233545303,0.6334664225578308,0.4816496968269348,-0.23100177943706512,0.5862499475479126,0.47794222831726074,-0.06046640872955322,0.7475550770759583,0.5859056711196899,-0.08633439242839813,0.7039992809295654,0.5672709941864014,0.08620058000087738,0.6389011144638062,0.5190268754959106,-0.27748435735702515,0.5950835943222046,0.4972169101238251,-0.02810090407729149,0.5552158951759338,0.7348894476890564,-0.3732771575450897,0.5275868773460388,0.6966122984886169,-0.12552641332149506,0.5507164597511292,0.7891568541526794,-0.3814517557621002,0.5251944661140442,0.7307515740394592,-0.13670815527439117,0.4936431348323822,0.7222802042961121,-0.4601014256477356,0.45979413390159607,0.6762584447860718,-0.18828751146793365,0,1
0.6857098340988159,0.2260197252035141,-0.07153047621250153,0.6959651708602905,0.21111303567886353,-0.06289022415876389,0.7007399797439575,0.21138827502727509,-0.06285633146762848,0.7050200700759888,0.21166549623012543,-0.06274067610502243,0.688312292098999,0.21030616760253906,-0.04130256921052933,0.6869463324546814,0.21012617647647858,-0.041408147662878036,0.6857010126113892,0.20981112122535706,-0.04147454351186752,0.7190495729446411,0.2226661890745163,-0.011525359936058521,0.6959760189056396,0.22141879796981812,0.06513077020645142,0.6928764581680298,0.24589432775974274,-0.05666077882051468,0.6847425699234009,0.2454734742641449,-0.02942882478237152,0.7456049919128418,0.3320937752723694,-0.10154503583908081,0.6741420030593872,0.3383931815624237,0.16991303861141205,0.6956479549407959,0.44905886054039,-0.19202886521816254,0.6180890202522278,0.4365803599357605,0.19481033086776733,0.6124469041824341,0.4750847816467285,-0.25259605050086975,0.5584325790405273,0.4704374670982361,0.0675964429974556,0.5904590487480164,0.4927930235862732,-0.2833044230937958,0.5409791469573975,0.4796627461910248,0.0530177466571331,0.5849391222000122,0.4840543866157532,-0.2818724811077118,0.5410016775131226,0.4779968559741974,0.026207968592643738,0.5930003523826599,0.4779829680919647,-0.25128045678138733,0.5484867691993713,0.4756637215614319,0.05178462341427803,0.7299843430519104,0.5866051316261292,-0.09808574616909027,0.688579261302948,0.567139744758606,0.09791715443134308,0.6239227056503296,0.5198233127593994,-0.3521985113620758,0.5833595991134644,0.4933386445045471,-0.027242686599493027,0.5514906644821167,0.7351757287979126,-0.403484046459198,0.5250052213668823,0.6864463686943054,-0.07315708696842194,0.551146388053894,0.7833343744277954,-0.4081905484199524,0.5188595056533813,0.7314360737800598,-0.07992237061262131,0.49063000082969666,0.7180835008621216,-0.4926202893257141,0.4611143171787262,0.6750431060791016,-0.1346084177494049,0,1
0.6657277941703796,0.21928954124450684,-0.17640739679336548,0.6760827302932739,0.20617224276065826,-0.17061766982078552,0.6802698373794556,0.20666073262691498,-0.1706092804670334,0.6843745112419128,0.20714177191257477,-0.17055025696754456,0.6675686240196228,0.20474475622177124,-0.14877790212631226,0.6656505465507507,0.20447875559329987,-0.1488485485315323,0.6637526750564575,0.2041204869747162,-0.148894265294075,0.6985397934913635,0.21973568201065063,-0.1195644736289978,0.6739274263381958,0.21559564769268036,-0.021767517551779747,0.6727454662322998,0.24239571392536163,-0.15832635760307312,0.6628968715667725,0.24093598127365112,-0.12973549962043762,0.7194375991821289,0.3268502354621887,-0.19268463551998138,0.650865912437439,0.3333912193775177,0.10633361339569092,0.6544383764266968,0.4339599311351776,-0.2883535325527191,0.5860750079154968,0.4238627552986145,0.1308634728193283,0.5677825212478638,0.4635523855686188,-0.33688580989837646,0.5235826373100281,0.46319928765296936,0.030862266197800636,0.5429891347885132,0.48573777079582214,-0.3792297840118408,0.5049343109130859,0.4735364317893982,0.006533575709909201,0.5388752222061157,0.4789106547832489,-0.37605783343315125,0.5036760568618774,0.4746391773223877,-0.02429257705807686,0.5483497381210327,0.4735930562019348,-0.33662137389183044,0.5109108686447144,0.47313499450683594,0.036295294761657715,0.7089529037475586,0.5889530777931213,-0.10571001470088959,0.666837751865387,0.5690217018127441,0.10552214086055756,0.604205310344696,0.5097063183784485,-0.37641245126724243,0.5647666454315186,0.4838089942932129,-0.030811011791229248,0.5454344749450684,0.7350420355796814,-0.40927067399024963,0.5171186923980713,0.6885931491851807,-0.06509315222501755,0.5495123863220215,0.7840605974197388,-0.41288915276527405,0.5128518342971802,0.7392442226409912,-0.07139617949724197,0.4881894588470459,0.7204208374023438,-0.5064346790313721,0.4606240391731262,0.681008517742157,-0.135757178068161,0,1
0.6418668031692505,0.21556459367275238,-0.19460883736610413,0.6518884897232056,0.20186273753643036,-0.19463126361370087,0.6555832624435425,0.20251460373401642,-0.1945974975824356,0.6597785949707031,0.20322075486183167,-0.19451254606246948,0.6444263458251953,0.20096175372600555,-0.1697753220796585,0.6429486274719238,0.2008877694606781,-0.16985155642032623,0.6415222883224487,0.2007616013288498,-0.16991090774536133,0.6748395562171936,0.21832633018493652,-0.16115795075893402,0.6512808203697205,0.21246860921382904,-0.05033554509282112,0.6482720971107483,0.23968611657619476,-0.182626873254776,0.6393430829048157,0.23738937079906464,-0.15039338171482086,0.6928879022598267,0.3264586627483368,-0.2334074079990387,0.6300133466720581,0.33352699875831604,0.07700014114379883,0.6175960302352905,0.4218329191207886,-0.32985299825668335,0.5615827441215515,0.417047917842865,0.09649432450532913,0.5329696536064148,0.4662514626979828,-0.36751654744148254,0.49162349104881287,0.4668404161930084,-0.012668455019593239,0.5076962113380432,0.4860886037349701,-0.4103699326515198,0.46904072165489197,0.47384902834892273,-0.03230323642492294,0.5044196248054504,0.4791583716869354,-0.40638113021850586,0.4732663631439209,0.4750581979751587,-0.07045838236808777,0.5127385258674622,0.47374823689460754,-0.36729562282562256,0.4806895852088928,0.47477251291275024,-0.031805433332920074,0.6880046129226685,0.5911141037940979,-0.10938328504562378,0.6498172879219055,0.573200523853302,0.1091843843460083,0.5852511525154114,0.4927050769329071,-0.3612598180770874,0.5476660132408142,0.47496363520622253,-0.01477611530572176,0.5402599573135376,0.7308164238929749,-0.39911291003227234,0.5170155763626099,0.6901134848594666,-0.052711375057697296,0.5444896817207336,0.7844560146331787,-0.4091147780418396,0.5174429416656494,0.7318049669265747,-0.059443164616823196,0.47306370735168457,0.7209522724151611,-0.49490055441856384,0.460631787776947,0.6842197775840759,-0.12053602933883667,0,1
0.6163280010223389,0.21185092628002167,-0.2108944207429886,0.6272681951522827,0.19816547632217407,-0.21855220198631287,0.6306446194648743,0.19865544140338898,-0.2185516655445099,0.6343835592269897,0.1994926482439041,-0.21850764751434326,0.6209929585456848,0.1976328045129776,-0.18835577368736267,0.6200363039970398,0.1977301687002182,-0.18840375542640686,0.6192460656166077,0.19789054989814758,-0.18845871090888977,0.6496589779853821,0.21665996313095093,-0.20999106764793396,0.6310099363327026,0.20955492556095123,-0.07446949183940887,0.6218817830085754,0.23668068647384644,-0.20781464874744415,0.6147063970565796,0.23450419306755066,-0.16846351325511932,0.6680735349655151,0.3273315727710724,-0.28995999693870544,0.6082562208175659,0.33448153734207153,0.05101892352104187,0.5821672677993774,0.42315050959587097,-0.39157962799072266,0.5409559011459351,0.41803473234176636,0.06636527180671692,0.49270057678222656,0.4672309160232544,-0.4223960340023041,0.46729856729507446,0.46943286061286926,-0.04772820323705673,0.46780094504356384,0.4860185980796814,-0.47117775678634644,0.4469079375267029,0.4799060821533203,-0.06663449108600616,0.46584153175354004,0.47923800349235535,-0.4641149938106537,0.44715332984924316,0.48347198963165283,-0.10891904681921005,0.4723200798034668,0.47413524985313416,-0.42163190245628357,0.45545047521591187,0.48185938596725464,-0.07189920544624329,0.6691908240318298,0.5973414778709412,-0.11042444407939911,0.6303350925445557,0.5865798592567444,0.11020143330097198,0.5638976693153381,0.4740792214870453,-0.35485273599624634,0.5280133485794067,0.4589392840862274,0.0022347138728946447,0.5393627285957336,0.7140820622444153,-0.2825065851211548,0.5172173380851746,0.6825666427612305,-0.03207956999540329,0.5439582467079163,0.768414318561554,-0.27645814418792725,0.5268386602401733,0.7241017818450928,-0.0390239953994751,0.47568169236183167,0.7197715640068054,-0.35323530435562134,0.4643028676509857,0.6936340928077698,-0.10472935438156128,0,1
0.5951930284500122,0.2107226550579071,-0.14497527480125427,0.6062182784080505,0.19611573219299316,-0.14706100523471832,0.6102069616317749,0.19620420038700104,-0.14710935950279236,0.6145324110984802,0.1968631148338318,-0.1470685601234436,0.5994510650634766,0.1961980015039444,-0.11840683221817017,0.5983100533485413,0.19635936617851257,-0.11843051761388779,0.5972767472267151,0.19660049676895142,-0.11849518120288849,0.6304019689559937,0.21461090445518494,-0.12557809054851532,0.6078521013259888,0.20853543281555176,0.002633900847285986,0.6019799709320068,0.234000101685524,-0.13840237259864807,0.5936486721038818,0.23273052275180817,-0.10114598274230957,0.6484259366989136,0.32489216327667236,-0.2310779094696045,0.5882903337478638,0.3383539319038391,0.12444231659173965,0.5697363615036011,0.4170810580253601,-0.38830262422561646,0.5275226831436157,0.42219874262809753,0.1382637619972229,0.46976369619369507,0.46568089723587036,-0.36459553241729736,0.45265811681747437,0.4722064435482025,0.023220108821988106,0.4466387629508972,0.48526233434677124,-0.4130062162876129,0.43179696798324585,0.49009013175964355,0.007127942051738501,0.44310957193374634,0.47896015644073486,-0.3933308720588684,0.43170252442359924,0.4868956208229065,-0.030388131737709045,0.450387567281723,0.4740036427974701,-0.35879772901535034,0.43963488936424255,0.48546838760375977,0.0014881199458613992,0.6520256400108337,0.5989924073219299,-0.10948733985424042,0.6111210584640503,0.599915623664856,0.10923255980014801,0.5406793355941772,0.46442925930023193,-0.32667869329452515,0.5102230906486511,0.46136826276779175,0.024608273059129715,0.5358722805976868,0.6965015530586243,-0.2659401297569275,0.5180765986442566,0.6767423152923584,-0.0455954410135746,0.5431825518608093,0.7524449825286865,-0.258816659450531,0.5288277864456177,0.7234737873077393,-0.05429349094629288,0.4751281142234802,0.7206886410713196,-0.3188565671443939,0.47365203499794006,0.7092669010162354,-0.11668050289154053,0,1
0.5772073268890381,0.20966234803199768,-0.12048938125371933,0.5878572463989258,0.1946418136358261,-0.12428069114685059,0.5918178558349609,0.19464893639087677,-0.1243322342634201,0.5961006879806519,0.19526807963848114,-0.12429344654083252,0.5812504887580872,0.1949678212404251,-0.09503401815891266,0.5801328420639038,0.19512130320072174,-0.09505592286586761,0.5791252851486206,0.19535884261131287,-0.09510840475559235,0.6126102209091187,0.2132401317358017,-0.108742855489254,0.5898069143295288,0.20742525160312653,0.021557193249464035,0.5842979550361633,0.23238810896873474,-0.11584446579217911,0.5758683085441589,0.23160991072654724,-0.07799386978149414,0.6295338273048401,0.32266953587532043,-0.21643581986427307,0.5716317892074585,0.3420754671096802,0.14904442429542542,0.5408649444580078,0.41640540957450867,-0.3217436671257019,0.5092679262161255,0.4334363341331482,0.1660749316215515,0.44826069474220276,0.46612709760665894,-0.32536694407463074,0.4297719895839691,0.48268431425094604,0.0600915364921093,0.42252302169799805,0.4887242913246155,-0.3673107326030731,0.41269057989120483,0.5015609860420227,0.04823041707277298,0.4192119240760803,0.4832089841365814,-0.35439160466194153,0.4126192629337311,0.495740681886673,0.012132617644965649,0.426640123128891,0.47765690088272095,-0.32094794511795044,0.419320285320282,0.4938669502735138,0.03949586674571037,0.6356952786445618,0.5996068120002747,-0.11463771015405655,0.5969218015670776,0.6069543361663818,0.1143394336104393,0.5251400470733643,0.4617382884025574,-0.24916692078113556,0.49752846360206604,0.46337801218032837,0.08891655504703522,0.5096778869628906,0.6915533542633057,-0.14924511313438416,0.5132373571395874,0.6713878512382507,0.023776819929480553,0.5199533700942993,0.7398725748062134,-0.13697972893714905,0.5237094163894653,0.7160811424255371,0.015587384812533855,0.4544273018836975,0.7094194293022156,-0.18138673901557922,0.4724377691745758,0.7070243954658508,-0.03713168948888779,0,1
0.5622313618659973,0.20831947028636932,-0.18507122993469238,0.5722058415412903,0.193693146109581,-0.19175317883491516,0.5757156610488892,0.19382773339748383,-0.19181784987449646,0.5799392461776733,0.19439874589443207,-0.1917875111103058,0.5665518641471863,0.19361595809459686,-0.15783944725990295,0.565744936466217,0.1935763657093048,-0.15784072875976562,0.5649784803390503,0.19350090622901917,-0.15785370767116547,0.597601056098938,0.21193243563175201,-0.17421939969062805,0.5769646167755127,0.2053275853395462,-0.022883789613842964,0.5679775476455688,0.23077738285064697,-0.17912355065345764,0.5611699819564819,0.22922499477863312,-0.13522151112556458,0.6132097840309143,0.32262519001960754,-0.2709905803203583,0.5594759583473206,0.34201791882514954,0.1352744698524475,0.5150745511054993,0.4199833273887634,-0.36976945400238037,0.49096351861953735,0.435271292924881,0.1652972400188446,0.42184510827064514,0.47772687673568726,-0.382588267326355,0.4120023250579834,0.492450088262558,0.06819473206996918,0.400071918964386,0.4998352825641632,-0.430215984582901,0.39773669838905334,0.5098214745521545,0.05918008089065552,0.3963373005390167,0.49029332399368286,-0.41704511642456055,0.3975215256214142,0.5039594173431396,0.019580060616135597,0.4025505483150482,0.4901389181613922,-0.3785039186477661,0.40354102849960327,0.5009918212890625,0.04712294042110443,0.6255772709846497,0.6036829352378845,-0.12770329415798187,0.5863209366798401,0.6087738275527954,0.12744839489459991,0.5102837681770325,0.46577394008636475,-0.23105104267597198,0.4861203730106354,0.4562777280807495,0.09213029593229294,0.5097047090530396,0.6890343427658081,-0.029303137212991714,0.5210462212562561,0.6716079115867615,0.04630409553647041,0.5214152932167053,0.7231262922286987,-0.004541140515357256,0.5449464321136475,0.7015029191970825,0.04119491204619408,0.4592055678367615,0.712910532951355,-0.00843479111790657,0.49872511625289917,0.7144619226455688,0.0015690478030592203,0,1
0.5510261058807373,0.20581181347370148,-0.1708122193813324,0.5609219074249268,0.1915188431739807,-0.1785397082567215,0.564455509185791,0.1921374648809433,-0.17857761681079865,0.5683857202529907,0.19286535680294037,-0.1785254180431366,0.5563502311706543,0.19001272320747375,-0.14888809621334076,0.556086540222168,0.1896493136882782,-0.1487596482038498,0.5559623837471008,0.18923765420913696,-0.14869165420532227,0.5857406258583069,0.21058177947998047,-0.17242875695228577,0.5708139538764954,0.20323564112186432,-0.022532280534505844,0.555362343788147,0.22786767780780792,-0.16694854199886322,0.5503244996070862,0.2253144383430481,-0.12326282262802124,0.6000712513923645,0.3231038749217987,-0.27479323744773865,0.553695559501648,0.3425910174846649,0.14117516577243805,0.4978385865688324,0.42937201261520386,-0.37500351667404175,0.48288097977638245,0.4396805167198181,0.17629149556159973,0.4022628366947174,0.48956871032714844,-0.3908396363258362,0.4046131670475006,0.49677926301956177,0.09014654904603958,0.38343876600265503,0.5083527565002441,-0.44000059366226196,0.3859872817993164,0.5149618983268738,0.08508871495723724,0.3810366094112396,0.49876123666763306,-0.4231911301612854,0.38746634125709534,0.5089622139930725,0.04611803591251373,0.3856223523616791,0.4970037639141083,-0.3853914141654968,0.3920993506908417,0.5066981315612793,0.06981075555086136,0.6165844798088074,0.6060834527015686,-0.13229551911354065,0.5821544528007507,0.6094881296157837,0.13201996684074402,0.49239253997802734,0.462264746427536,-0.20759287476539612,0.4755285382270813,0.4576013386249542,0.13011042773723602,0.5064883232116699,0.6986417770385742,-0.018173828721046448,0.5162513256072998,0.6721389293670654,0.11757057905197144,0.5214070081710815,0.7295763492584229,0.005776503123342991,0.5400477647781372,0.7222656011581421,0.11572836339473724,0.4608779847621918,0.7525336146354675,0.015049499459564686,0.49154940247535706,0.7486110925674438,0.0889456495642662,0,1
0.5524896383285522,0.20315010845661163,-0.2160581648349762,0.5642554759979248,0.18922393023967743,-0.21387207508087158,0.5679392218589783,0.1903052181005478,-0.21391582489013672,0.5718644857406616,0.19143091142177582,-0.21388879418373108,0.5578827261924744,0.1871677190065384,-0.18513223528862,0.5569553971290588,0.1870134174823761,-0.18512575328350067,0.5561739206314087,0.18687528371810913,-0.18514016270637512,0.5855320692062378,0.20985016226768494,-0.16599631309509277,0.5686678290367126,0.20239490270614624,-0.034210361540317535,0.5565264225006104,0.22664842009544373,-0.19782234728336334,0.5501505136489868,0.22336523234844208,-0.16057075560092926,0.5958477854728699,0.3231376111507416,-0.25858181715011597,0.5496171116828918,0.3425777852535248,0.13526318967342377,0.49849504232406616,0.43287330865859985,-0.3494241237640381,0.4830877184867859,0.44183969497680664,0.1283971220254898,0.40567684173583984,0.49080976843833923,-0.3748142719268799,0.4046328067779541,0.5013291835784912,-0.017903851345181465,0.3835054934024811,0.5119311213493347,-0.424856960773468,0.38498786091804504,0.5179352164268494,-0.03423813730478287,0.38104960322380066,0.5024977922439575,-0.40713080763816833,0.38579124212265015,0.5113312005996704,-0.07190485298633575,0.3885893225669861,0.4990108609199524,-0.3697381019592285,0.3917350172996521,0.509928822517395,-0.03879836946725845,0.6143463253974915,0.6058969497680664,-0.12974822521209717,0.5831038355827332,0.6089303493499756,0.1295357346534729,0.49345165491104126,0.4568001925945282,-0.20528897643089294,0.4623827040195465,0.46486806869506836,0.11473038047552109,0.5089753270149231,0.6890397667884827,-0.040924351662397385,0.5236847400665283,0.6730684638023376,0.07813205569982529,0.5223555564880371,0.7317845821380615,-0.019007466733455658,0.5453069806098938,0.7219997644424438,0.07433625310659409,0.46148720383644104,0.7572437524795532,-0.006238110363483429,0.5093005895614624,0.7472245693206787,0.048522137105464935,0,1
0.5573934316635132,0.20297488570213318,-0.24182648956775665,0.5690667629241943,0.1889740228652954,-0.23576846718788147,0.5728141069412231,0.18973711133003235,-0.23580482602119446,0.5768666863441467,0.19085095822811127,-0.23577316105365753,0.5624687075614929,0.18737341463565826,-0.20996718108654022,0.5613333582878113,0.1872292011976242,-0.2099638730287552,0.560332715511322,0.1870959848165512,-0.2099854052066803,0.5913304686546326,0.20902106165885925,-0.16819101572036743,0.571087658405304,0.2011851668357849,-0.05203216150403023,0.5623836517333984,0.2265470325946808,-0.21711823344230652,0.5544732809066772,0.22342471778392792,-0.1837136149406433,0.6015379428863525,0.321590781211853,-0.24536459147930145,0.5538948178291321,0.34189411997795105,0.11824248731136322,0.5086144208908081,0.4295535981655121,-0.3263787031173706,0.48618921637535095,0.4416707754135132,0.12934137880802155,0.41458672285079956,0.4857522249221802,-0.35793033242225647,0.408705472946167,0.5007480382919312,-0.0015004945453256369,0.39357584714889526,0.5111710429191589,-0.4038986265659332,0.3917149305343628,0.5175207853317261,-0.015187958255410194,0.3909425735473633,0.5018499493598938,-0.3893182873725891,0.3922990560531616,0.5115107893943787,-0.05642155557870865,0.3979322910308838,0.4977784752845764,-0.35373902320861816,0.39847463369369507,0.5096951127052307,-0.02330623008310795,0.6188601851463318,0.6058071851730347,-0.12870140373706818,0.5854853391647339,0.6084489226341248,0.12830737233161926,0.4998546540737152,0.4579479694366455,-0.20386338233947754,0.46360865235328674,0.4793192148208618,0.1430869996547699,0.5201589465141296,0.6867116689682007,-0.04765996336936951,0.5270007252693176,0.6727229356765747,0.10806133598089218,0.5346179604530334,0.7226865291595459,-0.026615887880325317,0.5471096634864807,0.7009676694869995,0.10495700687170029,0.46888431906700134,0.7543939352035522,-0.011922962963581085,0.517873227596283,0.7433274984359741,0.09214739501476288,0,1
0.5764902830123901,0.2027229517698288,-0.22320356965065002,0.5865342617034912,0.18876643478870392,-0.22011761367321014,0.5912305116653442,0.18963664770126343,-0.22015473246574402,0.5966302752494812,0.1908687949180603,-0.22012026607990265,0.5783056020736694,0.1872619390487671,-0.19287064671516418,0.5762460231781006,0.18715693056583405,-0.19288328289985657,0.5742766261100769,0.1870725452899933,-0.19291312992572784,0.6111657023429871,0.20899216830730438,-0.14907629787921906,0.5798988342285156,0.20081885159015656,-0.04396074637770653,0.582374095916748,0.22650182247161865,-0.20472192764282227,0.5730999708175659,0.22343796491622925,-0.1684325933456421,0.6216250658035278,0.3165000081062317,-0.22313150763511658,0.567108154296875,0.34249672293663025,0.11978061497211456,0.5358340740203857,0.4201338589191437,-0.29576781392097473,0.5077284574508667,0.4414856433868408,0.14868097007274628,0.4452529847621918,0.4699961841106415,-0.31893110275268555,0.4244157373905182,0.49682265520095825,0.03402018919587135,0.4204290807247162,0.49210360646247864,-0.35953202843666077,0.40592160820961,0.5160025954246521,0.02351871132850647,0.41729235649108887,0.48666033148765564,-0.3476049304008484,0.40644946694374084,0.5102123618125916,-0.018105532974004745,0.4257260262966156,0.4811466634273529,-0.3151671588420868,0.41291332244873047,0.5069547295570374,0.012010014615952969,0.6367610692977905,0.5998637676239014,-0.12228125333786011,0.6000210046768188,0.6075336933135986,0.12193509191274643,0.517997145652771,0.4543554484844208,-0.20937183499336243,0.48275095224380493,0.4826727509498596,0.14344298839569092,0.5264577269554138,0.6902646422386169,-0.10749876499176025,0.5210127830505371,0.6858351826667786,0.0975206047296524,0.5405231714248657,0.7469096779823303,-0.09476421773433685,0.5397539138793945,0.7165848612785339,0.09214285016059875,0.4688585698604584,0.7412363886833191,-0.11871074140071869,0.4868052005767822,0.7345151305198669,0.06658543646335602,0,1
0.6065773367881775,0.20460480451583862,-0.1666078120470047,0.6171894073486328,0.19068104028701782,-0.1571054756641388,0.6221823692321777,0.1910276561975479,-0.15712441504001617,0.627547562122345,0.19174641370773315,-0.15708370506763458,0.6082570552825928,0.1901642233133316,-0.13526570796966553,0.606274425983429,0.1902274489402771,-0.13532136380672455,0.6044901013374329,0.19009099900722504,-0.13535462319850922,0.6417098045349121,0.20930896699428558,-0.08750805258750916,0.6121520400047302,0.20278896391391754,0.011295809410512447,0.6133136749267578,0.22990453243255615,-0.14216482639312744,0.6042765974998474,0.22724658250808716,-0.11329945176839828,0.6566745042800903,0.31558525562286377,-0.16316789388656616,0.5992738604545593,0.3387100100517273,0.16307204961776733,0.5689829587936401,0.41129717230796814,-0.2273312509059906,0.5355417728424072,0.42206624150276184,0.22453336417675018,0.4815853238105774,0.4610210955142975,-0.2437920868396759,0.4599693715572357,0.4764814078807831,0.14622735977172852,0.456535667181015,0.4787805676460266,-0.2769480347633362,0.4416835904121399,0.48507702350616455,0.1435447782278061,0.45622462034225464,0.47072869539260864,-0.26659783720970154,0.44117170572280884,0.48290473222732544,0.10524509847164154,0.46286559104919434,0.4677043557167053,-0.23971156775951385,0.44854646921157837,0.4814876616001129,0.1264989674091339,0.6656484603881836,0.5935389399528503,-0.11635603755712509,0.6257249116897583,0.6004456281661987,0.11596494913101196,0.5505629777908325,0.45644521713256836,-0.2647237777709961,0.5190161466598511,0.48787468671798706,0.058815471827983856,0.5357754230499268,0.6996831893920898,-0.2449759691953659,0.5011975169181824,0.6952256560325623,-0.018970344215631485,0.5473663806915283,0.7613868713378906,-0.24196171760559082,0.5132838487625122,0.7363177537918091,-0.029533039778470993,0.4794681966304779,0.7207788228988647,-0.2890983521938324,0.4440542161464691,0.7251877784729004,-0.07709553837776184,0,1
0.6429967880249023,0.21372829377651215,-0.17801061272621155,0.6526432633399963,0.19908221065998077,-0.17130625247955322,0.657529354095459,0.1991499960422516,-0.17131802439689636,0.6631622314453125,0.19952692091464996,-0.17127111554145813,0.6434350609779358,0.19897426664829254,-0.14791443943977356,0.6415055394172668,0.19899116456508636,-0.14796368777751923,0.639973521232605,0.19874320924282074,-0.14799824357032776,0.6768800020217896,0.21344883739948273,-0.1076846718788147,0.6469844579696655,0.20956136286258698,-0.002136512426659465,0.6511709690093994,0.23847022652626038,-0.15471957623958588,0.642160952091217,0.23791950941085815,-0.12428100407123566,0.6931304931640625,0.316869854927063,-0.17730006575584412,0.6400223970413208,0.3350055515766144,0.1526338756084442,0.6043621301651001,0.40228700637817383,-0.2438001185655594,0.5735985040664673,0.4126758575439453,0.19901123642921448,0.5136054158210754,0.4490267336368561,-0.25709185004234314,0.49830836057662964,0.4612012505531311,0.10619191080331802,0.4938393235206604,0.4607566297054291,-0.2888413667678833,0.48177963495254517,0.46627816557884216,0.1014990583062172,0.4924224317073822,0.4580645263195038,-0.27633142471313477,0.4812842011451721,0.467923104763031,0.0637817531824112,0.4995211064815521,0.4587181806564331,-0.2522280812263489,0.4888766407966614,0.4672652781009674,0.0863213762640953,0.6996982097625732,0.5882338285446167,-0.11567862331867218,0.6621559858322144,0.5860604047775269,0.1153201311826706,0.5822716951370239,0.4774400591850281,-0.3030187487602234,0.5553010106086731,0.4799254238605499,0.03716220706701279,0.5434105396270752,0.712734580039978,-0.3363775312900543,0.5109735727310181,0.6940485239028931,-0.040221694856882095,0.5485015511512756,0.7750406861305237,-0.3386734127998352,0.5189450979232788,0.7338797450065613,-0.04994847998023033,0.4816596508026123,0.7224777340888977,-0.40425628423690796,0.455741822719574,0.7055991291999817,-0.09997479617595673,0,1
0.6802221536636353,0.21992634236812592,-0.11749794334173203,0.6888393759727478,0.20409920811653137,-0.1069822907447815,0.6936143040657043,0.2039443999528885,-0.10694611072540283,0.699008047580719,0.20376111567020416,-0.10686799138784409,0.6804675459861755,0.2049313187599182,-0.09092099964618683,0.678925633430481,0.2051391750574112,-0.09100699424743652,0.6774176955223083,0.20520898699760437,-0.09107176959514618,0.7127820253372192,0.21602503955364227,-0.04483827203512192,0.6833099126815796,0.21525995433330536,0.029295261949300766,0.6874746084213257,0.2414751648902893,-0.09517735242843628,0.6793719530105591,0.24172987043857574,-0.07362832129001617,0.7337833046913147,0.3161739408969879,-0.11126748472452164,0.6704317927360535,0.33218327164649963,0.14942826330661774,0.6549512147903442,0.3872383236885071,-0.19648012518882751,0.609571635723114,0.3903499245643616,0.19322249293327332,0.5600448846817017,0.41840359568595886,-0.2317289412021637,0.5413583517074585,0.4267190396785736,0.11856269836425781,0.5401319265365601,0.43494608998298645,-0.2561189830303192,0.5239983201026917,0.4404798746109009,0.11446008831262589,0.5386253595352173,0.4314417243003845,-0.2453894317150116,0.5239040851593018,0.43820881843566895,0.08452056348323822,0.5444176197052002,0.42866387963294983,-0.2275976836681366,0.5312460660934448,0.4357896149158478,0.10266438871622086,0.7329326868057251,0.575424075126648,-0.09527920186519623,0.6920905709266663,0.5709003210067749,0.09499633312225342,0.6122540235519409,0.515125572681427,-0.28251782059669495,0.5811798572540283,0.4919801354408264,-0.0020965368021279573,0.5468622446060181,0.7225145697593689,-0.3636574149131775,0.5126227140426636,0.6968437433242798,-0.11055497825145721,0.5498583316802979,0.7807778120040894,-0.37096309661865234,0.5194680094718933,0.7371107339859009,-0.12235947698354721,0.48731088638305664,0.7224131226539612,-0.43960732221603394,0.45693594217300415,0.6923910975456238,-0.17386330664157867,0,1
0.7131831645965576,0.22628864645957947,-0.12058411538600922,0.7206195592880249,0.20909927785396576,-0.11078028380870819,0.7249648571014404,0.20879745483398438,-0.11074469238519669,0.7298033237457275,0.20849721133708954,-0.11067627370357513,0.7136780023574829,0.20969481766223907,-0.09278731048107147,0.7121292352676392,0.20971494913101196,-0.09285642206668854,0.7105060815811157,0.20977818965911865,-0.09289233386516571,0.7447326183319092,0.22006869316101074,-0.04659175127744675,0.7164064049720764,0.21843749284744263,0.036769382655620575,0.719876229763031,0.24636098742485046,-0.09677103161811829,0.7117530107498169,0.24648906290531158,-0.07250760495662689,0.7693570256233215,0.31612780690193176,-0.11408545821905136,0.7010377645492554,0.3311094641685486,0.16947036981582642,0.6945379972457886,0.3859993517398834,-0.219169020652771,0.6416725516319275,0.3909814655780792,0.23824159801006317,0.6092418432235718,0.4138023853302002,-0.2989899814128876,0.5790798664093018,0.4248739778995514,0.16191215813159943,0.5870007276535034,0.43031784892082214,-0.33287280797958374,0.5509850382804871,0.4396766126155853,0.1596842259168625,0.5838738679885864,0.4272843599319458,-0.32164880633354187,0.5516349673271179,0.4378105700016022,0.1279522180557251,0.5917581915855408,0.424940824508667,-0.2953229546546936,0.560772716999054,0.4343174397945404,0.14573712646961212,0.7558146715164185,0.573881983757019,-0.09805519133806229,0.7154850959777832,0.5605881214141846,0.09750532358884811,0.6319772005081177,0.5384193062782288,-0.2680051922798157,0.6030111908912659,0.5150107741355896,0.0050305868498981,0.5465295314788818,0.7332675457000732,-0.3207525610923767,0.5211923718452454,0.6968425512313843,-0.06250600516796112,0.5486807227134705,0.782932698726654,-0.32620999217033386,0.5221984386444092,0.7365238666534424,-0.07222317904233932,0.49280086159706116,0.7226542234420776,-0.40550199151039124,0.45940136909484863,0.6843962073326111,-0.12248774617910385,0,1
0.7425324320793152,0.24463802576065063,0.019556673243641853,0.7499986886978149,0.22887736558914185,0.02356073260307312,0.754433274269104,0.22803382575511932,0.02358389087021351,0.7591270804405212,0.22713443636894226,0.023629384115338326,0.7420027256011963,0.23029524087905884,0.04297253489494324,0.7404670715332031,0.2304777354001999,0.042906202375888824,0.7390696406364441,0.23067283630371094,0.04283725097775459,0.7750163674354553,0.23378121852874756,0.06084302067756653,0.7474511861801147,0.23538212478160858,0.14875687658786774,0.7518514394760132,0.26416444778442383,0.03386217728257179,0.7436940670013428,0.2650109529495239,0.05945473909378052,0.8029249906539917,0.3219473958015442,-0.029902225360274315,0.7338504195213318,0.33054208755493164,0.2443598508834839,0.7423286437988281,0.39523035287857056,-0.1605439931154251,0.6721071004867554,0.39400243759155273,0.25451457500457764,0.663841962814331,0.41718801856040955,-0.2557910084724426,0.6009165644645691,0.42645055055618286,0.14014533162117004,0.6358351111412048,0.42874595522880554,-0.2906491756439209,0.5823756456375122,0.43688952922821045,0.13678747415542603,0.6329513788223267,0.4240742623806,-0.2825481593608856,0.5831289887428284,0.43514445424079895,0.10367914289236069,0.6408439874649048,0.42448675632476807,-0.2529827356338501,0.5913594961166382,0.4339143633842468,0.1225365549325943,0.7764222621917725,0.5716934204101562,-0.09816987067461014,0.7330836653709412,0.555747389793396,0.09793556481599808,0.6442751288414001,0.5778892040252686,-0.23470421135425568,0.6225361227989197,0.5484570264816284,-0.03319371119141579,0.5472577810287476,0.7448421120643616,-0.3177405595779419,0.5238069295883179,0.6953481435775757,-0.09859520196914673,0.5437448024749756,0.7918757200241089,-0.3259000778198242,0.5164241790771484,0.7362419366836548,-0.10625511407852173,0.49177542328834534,0.7130578756332397,-0.4132075309753418,0.4651971757411957,0.6728103756904602,-0.16480109095573425,0,1
0.765954315662384,0.26431432366371155,0.10363273322582245,0.7738053202629089,0.24775873124599457,0.10949820280075073,0.7781296968460083,0.24723811447620392,0.10950950533151627,0.7825206518173218,0.2462237924337387,0.10952649265527725,0.7651105523109436,0.24836139380931854,0.12728002667427063,0.7631925344467163,0.24861429631710052,0.12720580399036407,0.761572539806366,0.2488461136817932,0.1271311193704605,0.7978118062019348,0.2492811679840088,0.14258140325546265,0.7703611850738525,0.2517251670360565,0.2216215580701828,0.7753315567970276,0.28301024436950684,0.11449018865823746,0.7651453614234924,0.28376078605651855,0.13767433166503906,0.827074408531189,0.33719566464424133,0.055614493787288666,0.7547560930252075,0.3404426872730255,0.2651063799858093,0.7855961322784424,0.4186163544654846,-0.0706503614783287,0.6956169605255127,0.4106875956058502,0.2265574187040329,0.7037996053695679,0.41908514499664307,-0.16760316491127014,0.6346805095672607,0.4264897108078003,0.046153370290994644,0.6830150485038757,0.43013882637023926,-0.1977657973766327,0.6193711757659912,0.436124324798584,0.014557239599525928,0.682087242603302,0.42543765902519226,-0.19394223392009735,0.6213498115539551,0.43374064564704895,-0.0019024761859327555,0.6889039278030396,0.4250178337097168,-0.1663549244403839,0.6281402111053467,0.4315101206302643,0.0314587838947773,0.7817796468734741,0.5720694065093994,-0.07499411702156067,0.7399547696113586,0.5537148118019104,0.07489372789859772,0.6541709899902344,0.6048667430877686,-0.18830278515815735,0.6319186091423035,0.5804347991943359,-0.04949621483683586,0.5522425770759583,0.7609916925430298,-0.31100162863731384,0.5234494209289551,0.6944518685340881,-0.15522727370262146,0.5441983342170715,0.8100692629814148,-0.3195831775665283,0.5155377984046936,0.7327667474746704,-0.1671297550201416,0.49122628569602966,0.7293799519538879,-0.4026055932044983,0.46252018213272095,0.6587674617767334,-0.22540633380413055,0,1
0.7781813144683838,0.27490144968032837,0.10696164518594742,0.7856622338294983,0.25809967517852783,0.11050661653280258,0.7907286286354065,0.2568362355232239,0.11047951132059097,0.7965800166130066,0.2550034523010254,0.11041822284460068,0.7781665921211243,0.2598390281200409,0.130655437707901,0.7767627835273743,0.26018208265304565,0.13064613938331604,0.7749791145324707,0.2606494128704071,0.13057589530944824,0.8129955530166626,0.2585225999355316,0.13533338904380798,0.7825695276260376,0.26388275623321533,0.22861075401306152,0.7888028025627136,0.29268181324005127,0.11488085985183716,0.7783378958702087,0.2936538755893707,0.14211589097976685,0.8466832041740417,0.3425233066082001,0.06840388476848602,0.7672842741012573,0.3516246974468231,0.25908544659614563,0.8265050649642944,0.45910099148750305,-0.019039060920476913,0.7265403866767883,0.44922274351119995,0.21689462661743164,0.7467983961105347,0.42024293541908264,-0.08689937740564346,0.6753461956977844,0.43561622500419617,0.02676849439740181,0.7304502725601196,0.4307376742362976,-0.11019561439752579,0.6614606380462646,0.43694719672203064,-0.011652730405330658,0.7300155162811279,0.4258750081062317,-0.11030331999063492,0.6619072556495667,0.4355325996875763,-0.02768034115433693,0.7350413799285889,0.42493608593940735,-0.08579795062541962,0.6679123640060425,0.43208134174346924,0.011361712589859962,0.7874472141265869,0.5681315660476685,-0.06777790933847427,0.7424043416976929,0.5473406910896301,0.06782184541225433,0.6714566946029663,0.6213738918304443,-0.18725523352622986,0.6438695192337036,0.5913625359535217,-0.05500296875834465,0.5578783750534058,0.7642831802368164,-0.32948511838912964,0.5286463499069214,0.7005909085273743,-0.19181467592716217,0.5467931032180786,0.8084893226623535,-0.3429754674434662,0.5183359384536743,0.7376088500022888,-0.20747259259223938,0.49151167273521423,0.7466161251068115,-0.42602553963661194,0.4634788930416107,0.663952112197876,-0.2645644247531891,0,1
0.7757856845855713,0.2735540568828583,0.020619791001081467,0.7829246520996094,0.25711479783058167,0.024708520621061325,0.7875716090202332,0.25564366579055786,0.02466297335922718,0.7922249436378479,0.2530963718891144,0.0245424285531044,0.7757837772369385,0.25779956579208374,0.03924550488591194,0.7738016247749329,0.2577098608016968,0.03929967060685158,0.7717894911766052,0.25787240266799927,0.03925641253590584,0.8082987070083618,0.2550756335258484,0.06471090018749237,0.7803189158439636,0.2629489302635193,0.13771000504493713,0.785395085811615,0.2900131344795227,0.03653732314705849,0.7764859199523926,0.29095983505249023,0.05749966576695442,0.8479124903678894,0.3413558602333069,0.032684892416000366,0.7713221311569214,0.3508402407169342,0.1877564787864685,0.8657493591308594,0.47788679599761963,-0.041425541043281555,0.7487157583236694,0.4691542685031891,0.16040794551372528,0.7880955934524536,0.4300093650817871,-0.10733914375305176,0.7162190675735474,0.4456039369106293,0.0004132506437599659,0.768669843673706,0.4317474067211151,-0.12871763110160828,0.7006914019584656,0.4452213644981384,-0.0330294705927372,0.7679418325424194,0.42223060131073,-0.1196993812918663,0.7034972310066223,0.4359247088432312,-0.04605340212583542,0.7713961601257324,0.42354264855384827,-0.1022207960486412,0.7110620141029358,0.4336250424385071,-0.011935671791434288,0.7854864597320557,0.5684651136398315,-0.06470496952533722,0.7416702508926392,0.5479180216789246,0.06483004987239838,0.6722273826599121,0.6226967573165894,-0.20063331723213196,0.6412316560745239,0.589916467666626,-0.0569474920630455,0.5570283532142639,0.762968897819519,-0.33169305324554443,0.5305981636047363,0.7001999616622925,-0.19565235078334808,0.5439033508300781,0.8065255880355835,-0.34335631132125854,0.5194272398948669,0.7489928603172302,-0.21167096495628357,0.4837869107723236,0.743935227394104,-0.4232725501060486,0.4630524516105652,0.6656503677368164,-0.26566293835639954,0,1
0.7694104909896851,0.27002307772636414,-0.021871846169233322,0.7773163914680481,0.25491735339164734,-0.017358753830194473,0.7814450860023499,0.2536803185939789,-0.01738787069916725,0.7860535383224487,0.2523905336856842,-0.017455976456403732,0.7690637707710266,0.25625139474868774,-0.0013125690165907145,0.7674132585525513,0.25658315420150757,-0.0012959118466824293,0.7657936811447144,0.25697386264801025,-0.0013312965165823698,0.8017160296440125,0.2526131570339203,0.026860639452934265,0.7738920450210571,0.2612616717815399,0.10350921005010605,0.7786650657653809,0.28764888644218445,-0.0048294672742486,0.7697981595993042,0.28574925661087036,0.017597075551748276,0.8427644968032837,0.3406505584716797,0.031820278614759445,0.7662116289138794,0.3501572012901306,0.167653426527977,0.8766825795173645,0.47015511989593506,-0.05935825780034065,0.7416110634803772,0.4694863259792328,0.12151869386434555,0.7999145984649658,0.4341046214103699,-0.1245805025100708,0.7225660085678101,0.4490250051021576,-0.07125536352396011,0.7785156965255737,0.4321173429489136,-0.1406913846731186,0.7132221460342407,0.45062255859375,-0.10801670700311661,0.7763162851333618,0.42250964045524597,-0.14740906655788422,0.7180178761482239,0.43992525339126587,-0.11261928081512451,0.7812743782997131,0.42370080947875977,-0.11535394191741943,0.7240754961967468,0.43778690695762634,-0.07977525889873505,0.7834089994430542,0.5685926079750061,-0.0659608244895935,0.7410566210746765,0.5482224225997925,0.06609614938497543,0.668255090713501,0.6214913129806519,-0.20348966121673584,0.6403104066848755,0.5842869877815247,-0.07048501819372177,0.556242823600769,0.7615537643432617,-0.3332377076148987,0.5314133763313293,0.7000613808631897,-0.2067224681377411,0.5437732934951782,0.8070597052574158,-0.34637460112571716,0.5198792219161987,0.7515885233879089,-0.22304129600524902,0.48323696851730347,0.7400697469711304,-0.43580418825149536,0.4625704884529114,0.6664146184921265,-0.2858325242996216,0,1
0.7670868635177612,0.2654891610145569,-0.05570521950721741,0.7749053239822388,0.24977341294288635,-0.051903702318668365,0.7794299125671387,0.24867680668830872,-0.05194558948278427,0.7838464975357056,0.24718858301639557,-0.0519837960600853,0.768023669719696,0.25210464000701904,-0.035865578800439835,0.7663960456848145,0.2530924081802368,-0.03586902841925621,0.764568567276001,0.2541624903678894,-0.03590891510248184,0.7995523810386658,0.24675986170768738,-0.013663074001669884,0.7729991674423218,0.25925755500793457,0.06077117845416069,0.7760942578315735,0.28287363052368164,-0.040913473814725876,0.7675974369049072,0.28139469027519226,-0.01908695697784424,0.8380168080329895,0.3395310044288635,-0.04366298019886017,0.7634516358375549,0.349848210811615,0.13838958740234375,0.8510493040084839,0.48494622111320496,-0.11682355403900146,0.7383427023887634,0.4661353528499603,0.14241774380207062,0.772645115852356,0.4986637830734253,-0.19092188775539398,0.7016248106956482,0.49012747406959534,-0.002395948860794306,0.7548320889472961,0.5109157562255859,-0.21788287162780762,0.690461277961731,0.5055217146873474,-0.02877403423190117,0.7518068552017212,0.4985514283180237,-0.2143755853176117,0.6998227834701538,0.4951585531234741,-0.05238218978047371,0.7567650675773621,0.49199625849723816,-0.1880599409341812,0.7179549932479858,0.4920082092285156,-0.018139805644750595,0.7825444936752319,0.5788783431053162,-0.06722209602594376,0.7396683096885681,0.5539515018463135,0.06730364263057709,0.6660383939743042,0.6185586452484131,-0.216664120554924,0.6395175457000732,0.5814061760902405,-0.0704813301563263,0.5568807721138,0.7593716382980347,-0.33280813694000244,0.5319868326187134,0.6996722221374512,-0.19822129607200623,0.5462648272514343,0.8069707155227661,-0.3456612527370453,0.5198847055435181,0.749599039554596,-0.2134898602962494,0.48333272337913513,0.7300326228141785,-0.43032383918762207,0.45924004912376404,0.6659458875656128,-0.2752037048339844,0,1
0.7549231052398682,0.24971334636211395,-0.05637030676007271,0.763298749923706,0.23346780240535736,-0.05410575121641159,0.768153727054596,0.2335214465856552,-0.05414147302508354,0.7727614045143127,0.23356464505195618,-0.05414051562547684,0.7569843530654907,0.23488971590995789,-0.036316003650426865,0.7555886507034302,0.23567409813404083,-0.03637409210205078,0.7542251348495483,0.23635317385196686,-0.03643319383263588,0.788324236869812,0.24025976657867432,-0.030629556626081467,0.7656126618385315,0.24593164026737213,0.0489366315305233,0.7636712789535522,0.2709449231624603,-0.04782352223992348,0.7551671266555786,0.27071571350097656,-0.02449497953057289,0.8220902681350708,0.34087273478507996,-0.07675538957118988,0.7447746992111206,0.3501977026462555,0.124717116355896,0.8152382969856262,0.4911826252937317,-0.14521223306655884,0.7107691168785095,0.46666476130485535,0.12825189530849457,0.7334156036376953,0.5191026329994202,-0.198773592710495,0.6616388559341431,0.49300944805145264,-0.003103742143139243,0.7121316194534302,0.5324584245681763,-0.22392460703849792,0.6459900736808777,0.5085589289665222,-0.028772741556167603,0.7069133520126343,0.5157951712608337,-0.22002160549163818,0.6468845009803772,0.49690213799476624,-0.050306517630815506,0.7125070095062256,0.5114786624908447,-0.1957125961780548,0.6552850008010864,0.4947531521320343,-0.01797747239470482,0.7809407114982605,0.5834774971008301,-0.0711987167596817,0.7382731437683105,0.563252329826355,0.07132149487733841,0.666019856929779,0.616388738155365,-0.23422566056251526,0.6388472318649292,0.5671268701553345,-0.08438028395175934,0.5538591146469116,0.7551946043968201,-0.33412712812423706,0.5281640887260437,0.7030643224716187,-0.21274301409721375,0.5448062419891357,0.8011396527290344,-0.3452754616737366,0.5166314244270325,0.7496289014816284,-0.22783441841602325,0.4835803508758545,0.7184091210365295,-0.4336206912994385,0.46193599700927734,0.6664570569992065,-0.2943185865879059,0,1
0.7405051589012146,0.23861609399318695,-0.08921682089567184,0.7508885860443115,0.224538192152977,-0.08550961315631866,0.755549430847168,0.2249061018228531,-0.08553396910429001,0.7603374123573303,0.22511014342308044,-0.08548058569431305,0.7435709238052368,0.2238180935382843,-0.06694098562002182,0.7422037124633789,0.22378289699554443,-0.0670226514339447,0.740872323513031,0.22397135198116302,-0.0670989602804184,0.7733346223831177,0.2339397668838501,-0.05838629603385925,0.7516385912895203,0.2341884821653366,0.023861665278673172,0.7483341693878174,0.25956955552101135,-0.08013881742954254,0.7395235300064087,0.25929760932922363,-0.056075192987918854,0.8029776811599731,0.3406248390674591,-0.12119215726852417,0.7262732982635498,0.3482378125190735,0.11661101877689362,0.7753431797027588,0.48842376470565796,-0.18800124526023865,0.6813175082206726,0.4575486183166504,0.14860697090625763,0.6953194737434387,0.5166140198707581,-0.23050335049629211,0.628142774105072,0.48797890543937683,0.057275306433439255,0.6751503944396973,0.5332304835319519,-0.25683215260505676,0.6100471019744873,0.5021097660064697,0.04076140373945236,0.6698597073554993,0.5217041969299316,-0.253928005695343,0.6084705591201782,0.494244247674942,0.014657688327133656,0.6762256026268005,0.5159481763839722,-0.22814051806926727,0.6181164979934692,0.49194619059562683,0.041684962809085846,0.7743789553642273,0.5832560062408447,-0.08399707823991776,0.7295312285423279,0.5627415776252747,0.08402980864048004,0.6640757322311401,0.5709822773933411,-0.27024129033088684,0.6337082982063293,0.5527485609054565,-0.0819229930639267,0.5580790638923645,0.7495296001434326,-0.3533923327922821,0.5352699160575867,0.7029420137405396,-0.1790231615304947,0.5502781867980957,0.7986821532249451,-0.3629474937915802,0.5243575572967529,0.7502806186676025,-0.19046345353126526,0.5002648830413818,0.7193561792373657,-0.4585687518119812,0.47570544481277466,0.6750431656837463,-0.25860294699668884,0,1
0.7236553430557251,0.23339612782001495,-0.06319088488817215,0.7338465452194214,0.21871206164360046,-0.048718392848968506,0.7377418875694275,0.21908578276634216,-0.0487106554210186,0.7419356107711792,0.21947133541107178,-0.048644617199897766,0.726231038570404,0.21752002835273743,-0.036491818726062775,0.7248647212982178,0.2171151340007782,-0.036598771810531616,0.7236493825912476,0.21687321364879608,-0.036710225045681,0.7555448412895203,0.23076194524765015,0.004162979777902365,0.733439564704895,0.22912828624248505,0.062375426292419434,0.7313249111175537,0.2538783848285675,-0.04319524019956589,0.7224587202072144,0.25226300954818726,-0.02885582484304905,0.7832695245742798,0.3379920423030853,-0.07895229011774063,0.7080669403076172,0.3436400592327118,0.14846152067184448,0.7378827333450317,0.4654209613800049,-0.15262416005134583,0.6527414321899414,0.44921475648880005,0.14971622824668884,0.6537865996360779,0.5113054513931274,-0.19130854308605194,0.5962411165237427,0.4893648326396942,0.0385545939207077,0.6324760317802429,0.5253354907035828,-0.2168077528476715,0.5803331732749939,0.5013381242752075,0.017213713377714157,0.6329132914543152,0.5162873864173889,-0.21552231907844543,0.5805535316467285,0.4975343346595764,-0.005310783628374338,0.6388267278671265,0.5113207101821899,-0.19002853333950043,0.5886375308036804,0.4959537386894226,0.02384127303957939,0.7604331970214844,0.5792922973632812,-0.08333579450845718,0.7171409726142883,0.5600370764732361,0.08329690992832184,0.6502199172973633,0.5428521633148193,-0.26913586258888245,0.6100466251373291,0.5229599475860596,-0.09853732585906982,0.5578202605247498,0.735245943069458,-0.36791786551475525,0.5297495722770691,0.6965931057929993,-0.21116206049919128,0.5501877665519714,0.790752649307251,-0.37744706869125366,0.5210020542144775,0.7466898560523987,-0.22299988567829132,0.49998044967651367,0.7290351986885071,-0.46666985750198364,0.47335943579673767,0.6724317073822021,-0.2893413305282593,0,1
0.7048395872116089,0.229820117354393,-0.10166767984628677,0.7150529026985168,0.21464896202087402,-0.08948638290166855,0.7190044522285461,0.21488140523433685,-0.08947483450174332,0.7229577302932739,0.21535736322402954,-0.08940082043409348,0.7067539095878601,0.2134311944246292,-0.07435833662748337,0.7049083113670349,0.213018000125885,-0.07443802058696747,0.7032603025436401,0.21267400681972504,-0.074507936835289,0.7362977266311646,0.22806929051876068,-0.030724937096238136,0.7119898796081543,0.22497043013572693,0.036214157938957214,0.7123852372169495,0.24980995059013367,-0.0820230171084404,0.7026218175888062,0.24835100769996643,-0.0624576210975647,0.7604994773864746,0.3351254463195801,-0.10365504026412964,0.689858078956604,0.3402637541294098,0.13923436403274536,0.7038191556930542,0.45063942670822144,-0.17845137417316437,0.6302151679992676,0.43956896662712097,0.16490352153778076,0.6205511093139648,0.5092371702194214,-0.22874745726585388,0.5720689296722412,0.4887837767601013,0.07943832874298096,0.6031097173690796,0.525257408618927,-0.25708988308906555,0.5560007095336914,0.5009962916374207,0.06904734671115875,0.5984936356544495,0.5165959596633911,-0.2542492151260376,0.5563279390335083,0.4995444715023041,0.04107491672039032,0.6050307750701904,0.5116667151451111,-0.22723105549812317,0.5632606148719788,0.49769261479377747,0.06454356014728546,0.74724942445755,0.5804543495178223,-0.08925165235996246,0.7052298784255981,0.5602985620498657,0.08908870816230774,0.636483371257782,0.5363051295280457,-0.2937578856945038,0.5966100692749023,0.5146438479423523,-0.048958197236061096,0.5565322637557983,0.7331423163414001,-0.3648809790611267,0.5278911590576172,0.6962836980819702,-0.11797143518924713,0.5512389540672302,0.7845131158828735,-0.3723161816596985,0.520187258720398,0.7286005020141602,-0.1261506974697113,0.49884524941444397,0.7221218347549438,-0.46070003509521484,0.47270360589027405,0.6688038110733032,-0.1836562156677246,0,1
0.6840611696243286,0.22376346588134766,-0.18257179856300354,0.6942039132118225,0.2109055370092392,-0.17798367142677307,0.6979561448097229,0.21117199957370758,-0.17796453833580017,0.7019306421279907,0.2114911675453186,-0.17789402604103088,0.6866466403007507,0.21002237498760223,-0.15700066089630127,0.6850470900535583,0.20969009399414062,-0.15709970891475677,0.6835812926292419,0.20926092565059662,-0.1571551412343979,0.7171539664268494,0.22474715113639832,-0.13988175988197327,0.6940689086914062,0.22069846093654633,-0.04578828811645508,0.6906522512435913,0.24471718072891235,-0.1693558692932129,0.6816902160644531,0.24326568841934204,-0.14187872409820557,0.7395475506782532,0.33151593804359436,-0.20303282141685486,0.6691052317619324,0.33895063400268555,0.06717599928379059,0.6789413094520569,0.44524019956588745,-0.28702637553215027,0.6083253622055054,0.432272344827652,0.1000298261642456,0.594537615776062,0.49956053495407104,-0.3338942527770996,0.5447786450386047,0.482300341129303,0.016487810760736465,0.5741686820983887,0.5169869661331177,-0.37054958939552307,0.5267269015312195,0.4954923093318939,0.005261448211967945,0.5662078857421875,0.51264488697052,-0.3644922375679016,0.526488721370697,0.49613550305366516,-0.026886120438575745,0.5744533538818359,0.5068984031677246,-0.33230844140052795,0.5340505838394165,0.4940769672393799,-0.0007467924733646214,0.7313827872276306,0.5835660099983215,-0.09543735533952713,0.6891053915023804,0.5633509159088135,0.09530477970838547,0.6216043829917908,0.5316617488861084,-0.3396883010864258,0.5838824510574341,0.5096673965454102,-0.03386969491839409,0.5513096451759338,0.7334914207458496,-0.38758987188339233,0.5240849852561951,0.6956909894943237,-0.063597671687603,0.551135241985321,0.783459484577179,-0.39301085472106934,0.5176587700843811,0.7294807434082031,-0.06876569241285324,0.498584508895874,0.7199916243553162,-0.4846249520778656,0.4701921045780182,0.6744961738586426,-0.12570637464523315,0,1
0.6630955338478088,0.21991704404354095,-0.22063645720481873,0.6731165647506714,0.20698803663253784,-0.21712179481983185,0.6767522692680359,0.20757104456424713,-0.21709132194519043,0.6811436414718628,0.20809179544448853,-0.21702437102794647,0.665695071220398,0.20596756041049957,-0.19587741792201996,0.6642555594444275,0.20591400563716888,-0.19599001109600067,0.6628953814506531,0.20575343072414398,-0.19604900479316711,0.6962995529174805,0.22283555567264557,-0.17532922327518463,0.672869086265564,0.21738465130329132,-0.080489382147789,0.6693974733352661,0.2431734949350357,-0.20561246573925018,0.6605933904647827,0.24099069833755493,-0.17793576419353485,0.7165499329566956,0.32990923523902893,-0.23551726341247559,0.6478961110115051,0.3389821946620941,0.04354910925030708,0.6412486433982849,0.4397810101509094,-0.3087548613548279,0.5832580327987671,0.4303739666938782,0.06579451262950897,0.5647852420806885,0.4936926066875458,-0.3370421826839447,0.5202103853225708,0.4825206696987152,-0.02774013951420784,0.5365716218948364,0.5141358375549316,-0.37546423077583313,0.5017775893211365,0.495095431804657,-0.04287075623869896,0.5343882441520691,0.5122935175895691,-0.3707231879234314,0.5016667246818542,0.4958473742008209,-0.07640983164310455,0.5430171489715576,0.5065036416053772,-0.33626800775527954,0.5092340707778931,0.49462535977363586,-0.046212248504161835,0.714809000492096,0.5847351551055908,-0.10083617269992828,0.6733077764511108,0.5656900405883789,0.10065703094005585,0.6052637696266174,0.5197119116783142,-0.3323116600513458,0.5706022381782532,0.4946431815624237,-0.034982696175575256,0.5452693700790405,0.733691930770874,-0.3794263005256653,0.5205984711647034,0.6957264542579651,-0.08010018616914749,0.5486448407173157,0.780851423740387,-0.3869882822036743,0.5127355456352234,0.7314633727073669,-0.08708785474300385,0.4862769544124603,0.7170466780662537,-0.47636789083480835,0.46860170364379883,0.674776554107666,-0.14901618659496307,0,1
0.6387530565261841,0.21823421120643616,-0.2696722149848938,0.6491180062294006,0.20453272759914398,-0.26989057660102844,0.652868390083313,0.2047545164823532,-0.2698640525341034,0.6570181250572205,0.2051161676645279,-0.26981502771377563,0.6421138644218445,0.2037951946258545,-0.24597911536693573,0.6407474279403687,0.2036707103252411,-0.24605664610862732,0.6394494771957397,0.20342731475830078,-0.24610836803913116,0.6731211543083191,0.22183890640735626,-0.2265273630619049,0.6490607261657715,0.2139747440814972,-0.12009904533624649,0.6450487375259399,0.24230888485908508,-0.25307825207710266,0.6363109350204468,0.23957157135009766,-0.22201231122016907,0.6919092535972595,0.32918068766593933,-0.28677481412887573,0.6301463842391968,0.3370497226715088,0.025754231959581375,0.6103302836418152,0.43398869037628174,-0.3744165003299713,0.5618987083435059,0.42476600408554077,0.036443911492824554,0.5270787477493286,0.484488844871521,-0.4082265794277191,0.4983157515525818,0.4780906140804291,-0.08365800231695175,0.501378059387207,0.502956748008728,-0.4547974467277527,0.4812775254249573,0.48811599612236023,-0.10461161285638809,0.499082088470459,0.4961016774177551,-0.4502169191837311,0.48136940598487854,0.4875914752483368,-0.14296886324882507,0.5050933957099915,0.49254700541496277,-0.40841221809387207,0.4885440468788147,0.48657307028770447,-0.10546614229679108,0.6963990330696106,0.5902117490768433,-0.1099039688706398,0.6574457883834839,0.5727433562278748,0.10972241312265396,0.5915178060531616,0.49891191720962524,-0.3414624333381653,0.5531472563743591,0.4783068001270294,0.0037371956277638674,0.5395878553390503,0.7334370017051697,-0.36771565675735474,0.5171963572502136,0.6954790949821472,-0.02608262374997139,0.5446361303329468,0.7823092341423035,-0.37043941020965576,0.5140336155891418,0.7321584820747375,-0.03252015635371208,0.47799381613731384,0.7224246263504028,-0.46417921781539917,0.462645947933197,0.6837283372879028,-0.0942201092839241,0,1
0.6151171922683716,0.21587292850017548,-0.2577582001686096,0.6255727410316467,0.2014557272195816,-0.2602217495441437,0.6292115449905396,0.20178048312664032,-0.26021867990493774,0.6330987215042114,0.20233851671218872,-0.2601780891418457,0.6190041303634644,0.20068655908107758,-0.23372802138328552,0.6178433299064636,0.20053593814373016,-0.23379358649253845,0.6168168783187866,0.20046983659267426,-0.23385873436927795,0.6485768556594849,0.21977083384990692,-0.22587139904499054,0.6265727281570435,0.21150539815425873,-0.10715190321207047,0.6213712692260742,0.2398204803466797,-0.24480457603931427,0.6131928563117981,0.23776544630527496,-0.21026380360126495,0.6681438684463501,0.32896140217781067,-0.29284974932670593,0.6077313423156738,0.336961567401886,0.03289823979139328,0.581657886505127,0.4310165047645569,-0.3947846293449402,0.5366238355636597,0.42129194736480713,0.04145205765962601,0.4920302927494049,0.4811742603778839,-0.43644285202026367,0.46184292435646057,0.48156875371932983,-0.07929383218288422,0.4654650092124939,0.4979749023914337,-0.48593491315841675,0.43951138854026794,0.4885977804660797,-0.1007385402917862,0.4642842411994934,0.49188345670700073,-0.4803980886936188,0.44125789403915405,0.4890996813774109,-0.1414242386817932,0.47085991501808167,0.48896336555480957,-0.4366793632507324,0.45063477754592896,0.4886866807937622,-0.10280847549438477,0.676822304725647,0.5958342552185059,-0.10994376987218857,0.6366928815841675,0.5869330167770386,0.1097310408949852,0.5772529244422913,0.4838031232357025,-0.36200204491615295,0.5348892211914062,0.47000694274902344,0.011607345193624496,0.5390087366104126,0.725378692150116,-0.3579166531562805,0.5137415528297424,0.6955133080482483,-0.016953956335783005,0.5442365407943726,0.7822388410568237,-0.35727399587631226,0.5187229514122009,0.730530321598053,-0.0235454048961401,0.47799140214920044,0.7309279441833496,-0.44710803031921387,0.46261078119277954,0.699656069278717,-0.08943905681371689,0,1
0.5932596921920776,0.21203944087028503,-0.19492577016353607,0.6042470932006836,0.19749175012111664,-0.20166294276714325,0.6078327894210815,0.19787412881851196,-0.20170100033283234,0.6117977499961853,0.19863541424274445,-0.20167574286460876,0.5978995561599731,0.19730624556541443,-0.17056678235530853,0.5968574285507202,0.19729633629322052,-0.17060866951942444,0.5959616303443909,0.19730763137340546,-0.17066971957683563,0.6283634901046753,0.2171749770641327,-0.203658789396286,0.6060528755187988,0.20941053330898285,-0.0484711155295372,0.5993222594261169,0.23540455102920532,-0.19039924442768097,0.5909701585769653,0.23382581770420074,-0.14968638122081757,0.6468655467033386,0.3262677788734436,-0.26835840940475464,0.5872618556022644,0.33792558312416077,0.08462927490472794,0.5601872205734253,0.4212953746318817,-0.3672833740711212,0.5227891206741333,0.4207251965999603,0.10729843378067017,0.4671303331851959,0.4755074381828308,-0.3989461064338684,0.44870680570602417,0.4813736081123352,-0.005979584064334631,0.44574418663978577,0.4952319264411926,-0.44439178705215454,0.4305931031703949,0.49172312021255493,-0.021520467475056648,0.44265323877334595,0.4881160259246826,-0.43712344765663147,0.4305489957332611,0.4892156422138214,-0.06325997412204742,0.4491503834724426,0.48364800214767456,-0.3979145884513855,0.43729978799819946,0.48868072032928467,-0.029924293980002403,0.6590509414672852,0.599010705947876,-0.11511947959661484,0.6202487945556641,0.5954627394676208,0.1148528903722763,0.5457154512405396,0.469861775636673,-0.2830798029899597,0.5182569622993469,0.46374741196632385,0.054387710988521576,0.5282785892486572,0.7064616680145264,-0.2391277551651001,0.5138627290725708,0.6902167201042175,-0.013292181305587292,0.5382131338119507,0.7704133987426758,-0.2346307337284088,0.5219953060150146,0.727345883846283,-0.023424603044986725,0.4625028967857361,0.7242627739906311,-0.3040265142917633,0.464555561542511,0.7027196884155273,-0.08557630330324173,0,1
0.5742108821868896,0.21033725142478943,-0.19652268290519714,0.5847949385643005,0.19585728645324707,-0.20356376469135284,0.5880740880966187,0.1962433010339737,-0.2035953551530838,0.5918453335762024,0.19697581231594086,-0.20356485247612,0.5793513059616089,0.19550831615924835,-0.17246487736701965,0.5785990953445435,0.19536016881465912,-0.1724904179573059,0.5778879523277283,0.19516050815582275,-0.17253823578357697,0.6083497405052185,0.215035542845726,-0.1937844455242157,0.5889162421226501,0.20711250603199005,-0.04865103214979172,0.5794417858123779,0.23288129270076752,-0.19128501415252686,0.5723105669021606,0.23122410476207733,-0.1503392904996872,0.6277443766593933,0.32561904191970825,-0.2782881557941437,0.5707544088363647,0.3379282057285309,0.09378622472286224,0.529356837272644,0.42178577184677124,-0.37807369232177734,0.5070189833641052,0.4211393892765045,0.11681338399648666,0.4394022524356842,0.4758685231208801,-0.41039395332336426,0.42951256036758423,0.4812534749507904,0.0010677481768652797,0.4160391688346863,0.4956584572792053,-0.4605556130409241,0.4103790819644928,0.4927416145801544,-0.0146901560947299,0.4131559729576111,0.4872298836708069,-0.4485045373439789,0.4097558856010437,0.4891160726547241,-0.05653492361307144,0.41993778944015503,0.48297539353370667,-0.4076644480228424,0.416452020406723,0.48871612548828125,-0.02229929156601429,0.641989529132843,0.6020408868789673,-0.12300624698400497,0.6046116352081299,0.6017903685569763,0.12267211824655533,0.5221462249755859,0.46056097745895386,-0.24132129549980164,0.4951399862766266,0.46243026852607727,0.11161216348409653,0.5168378949165344,0.7025389671325684,-0.11523599922657013,0.5173168182373047,0.6898256540298462,0.08959609270095825,0.5304198265075684,0.7475324869155884,-0.10010106861591339,0.5353654026985168,0.724370002746582,0.08582649379968643,0.459223210811615,0.7255263328552246,-0.13524748384952545,0.4863016605377197,0.7249727249145508,0.04278365150094032,0,1
0.5582467913627625,0.2104504257440567,-0.19067367911338806,0.5676912069320679,0.1959107667207718,-0.20185554027557373,0.570780336856842,0.19623589515686035,-0.2018873691558838,0.5744701027870178,0.19679750502109528,-0.2018570899963379,0.5630708932876587,0.1953832358121872,-0.1683100163936615,0.5626548528671265,0.1951284259557724,-0.16832934319972992,0.5622621774673462,0.19480550289154053,-0.16835764050483704,0.5920137166976929,0.21390096843242645,-0.19827905297279358,0.5757349133491516,0.20654021203517914,-0.04821733012795448,0.5634831190109253,0.23271816968917847,-0.18898192048072815,0.5575574636459351,0.2310333102941513,-0.14527738094329834,0.6096644401550293,0.32562920451164246,-0.2900363504886627,0.5572444796562195,0.33796483278274536,0.09766512364149094,0.5140042901039124,0.42527326941490173,-0.38678210973739624,0.4889128804206848,0.4206584095954895,0.12593556940555573,0.4245157837867737,0.47689324617385864,-0.4091774821281433,0.41206613183021545,0.48105719685554504,0.012890884652733803,0.39825576543807983,0.5014098286628723,-0.45879197120666504,0.3949626088142395,0.49230462312698364,0.00048554097884334624,0.3952954113483429,0.4874061048030853,-0.44620171189308167,0.39311784505844116,0.48791131377220154,-0.04171031340956688,0.40250667929649353,0.4833389222621918,-0.4058162569999695,0.3977919816970825,0.48784545063972473,-0.010272086597979069,0.6307305693626404,0.6055349111557007,-0.1246962919831276,0.5930203795433044,0.6058841347694397,0.12440143525600433,0.5200787782669067,0.46277299523353577,-0.26674893498420715,0.4811529219150543,0.46664807200431824,0.10359875857830048,0.5117305517196655,0.6966615319252014,-0.10850252956151962,0.5181601047515869,0.6904641389846802,0.07139867544174194,0.5235733389854431,0.7324647903442383,-0.08887852728366852,0.5375329256057739,0.7244720458984375,0.06675087660551071,0.4587116837501526,0.7254835367202759,-0.1142614483833313,0.4904959797859192,0.730478048324585,0.02281751111149788,0,1
0.5465867519378662,0.20898152887821198,-0.23415079712867737,0.5569441914558411,0.19440791010856628,-0.24867458641529083,0.5603052377700806,0.19497880339622498,-0.24873502552509308,0.5638250112533569,0.19564634561538696,-0.2487868070602417,0.5527952313423157,0.1926691234111786,-0.2118382751941681,0.5527194738388062,0.19217319786548615,-0.21184155344963074,0.552772581577301,0.19160978496074677,-0.21184572577476501,0.5802043676376343,0.21278783679008484,-0.25201478600502014,0.567966103553772,0.2054809182882309,-0.08644424378871918,0.5504142045974731,0.23116910457611084,-0.23366591334342957,0.5461984276771545,0.22835732996463776,-0.18532268702983856,0.5925846099853516,0.3282308876514435,-0.34260571002960205,0.5558816194534302,0.33272692561149597,0.0822676569223404,0.49046453833580017,0.43075478076934814,-0.43802350759506226,0.4820779263973236,0.4157778024673462,0.11927996575832367,0.40099844336509705,0.47720158100128174,-0.4476882815361023,0.4040537476539612,0.4635589122772217,0.01186742726713419,0.37995094060897827,0.5005149841308594,-0.5054820775985718,0.38354504108428955,0.47804829478263855,0.004030103795230389,0.37666958570480347,0.48752471804618835,-0.48625820875167847,0.3818550705909729,0.4754060208797455,-0.04353765398263931,0.38341009616851807,0.4835124611854553,-0.4425971508026123,0.389321506023407,0.47237086296081543,-0.012674108147621155,0.6197943091392517,0.6093727350234985,-0.13428957760334015,0.5936923623085022,0.6044608354568481,0.13419166207313538,0.49163904786109924,0.4644835591316223,-0.19520142674446106,0.47762519121170044,0.4634251594543457,0.16084428131580353,0.512189507484436,0.6867478489875793,0.033237557858228683,0.5282232165336609,0.6725821495056152,0.24067422747612,0.5327684879302979,0.7209717631340027,0.05992124602198601,0.5463268160820007,0.7040240168571472,0.2474646121263504,0.47616785764694214,0.7524664402008057,0.09592151641845703,0.5058498382568359,0.7360998392105103,0.2508666217327118,0,1
0.5417455434799194,0.20570151507854462,-0.2279387265443802,0.5528586506843567,0.19128625094890594,-0.24223072826862335,0.5560588836669922,0.19214147329330444,-0.24230484664440155,0.5593501329421997,0.19306208193302155,-0.2423534095287323,0.5487393140792847,0.18898804485797882,-0.20490208268165588,0.5486375093460083,0.18867066502571106,-0.20490705966949463,0.5487861633300781,0.188395157456398,-0.20491227507591248,0.5737539529800415,0.21156342327594757,-0.24684719741344452,0.5636382102966309,0.20437738299369812,-0.07876260578632355,0.5453709363937378,0.2290579229593277,-0.2278885543346405,0.5409939289093018,0.22608546912670135,-0.17902377247810364,0.5849937200546265,0.32819950580596924,-0.3362635374069214,0.5500246286392212,0.3328436613082886,0.08889488130807877,0.4776593744754791,0.43034374713897705,-0.42861852049827576,0.4727226793766022,0.4147341847419739,0.12434308230876923,0.38794004917144775,0.46705564856529236,-0.4424193501472473,0.39121684432029724,0.45867761969566345,0.03176707774400711,0.36751222610473633,0.48993703722953796,-0.49888935685157776,0.3721754848957062,0.47375816106796265,0.02769862674176693,0.3643589913845062,0.4829106628894806,-0.47936177253723145,0.36816248297691345,0.4743376076221466,-0.018583836033940315,0.37136179208755493,0.47838059067726135,-0.4372987747192383,0.3758141100406647,0.47122031450271606,0.0079142851755023,0.6166828274726868,0.6099379658699036,-0.1361074447631836,0.5923594236373901,0.6062430739402771,0.13593575358390808,0.49314847588539124,0.4617435932159424,-0.18296517431735992,0.47976237535476685,0.4478510022163391,0.18580147624015808,0.5160796046257019,0.6818047761917114,0.04306306689977646,0.5278470516204834,0.666620671749115,0.26607900857925415,0.5321319103240967,0.7208070755004883,0.0689338743686676,0.5436674356460571,0.7028982639312744,0.2734368145465851,0.4748225808143616,0.7316306233406067,0.096406489610672,0.5007098913192749,0.7225910425186157,0.278877317905426,0,1
0.5436915159225464,0.204079732298851,-0.16580651700496674,0.5549899339675903,0.1899799108505249,-0.1865437775850296,0.557715654373169,0.19080662727355957,-0.18660929799079895,0.5606595277786255,0.1917123794555664,-0.18662811815738678,0.5515220165252686,0.18791237473487854,-0.14758673310279846,0.551702082157135,0.18763336539268494,-0.14757390320301056,0.5520988702774048,0.1873483508825302,-0.14759746193885803,0.5748772025108337,0.2101244330406189,-0.22134332358837128,0.5660727620124817,0.20316997170448303,-0.04419352486729622,0.5469182729721069,0.22621816396713257,-0.17623823881149292,0.5431888699531555,0.22405941784381866,-0.12544086575508118,0.5844047665596008,0.32675835490226746,-0.32814785838127136,0.5541414022445679,0.332962304353714,0.09490343183279037,0.4794772267341614,0.422798752784729,-0.4197518825531006,0.4780060350894928,0.4137587249279022,0.11390563100576401,0.38738659024238586,0.4631417691707611,-0.4239460527896881,0.39334332942962646,0.4601682424545288,0.030629148706793785,0.36776405572891235,0.48289358615875244,-0.4774050712585449,0.3753056526184082,0.47449395060539246,0.02055390365421772,0.36658966541290283,0.48083746433258057,-0.45166563987731934,0.3734171986579895,0.4755164384841919,-0.020375017076730728,0.37324807047843933,0.4759015738964081,-0.4157741963863373,0.37938591837882996,0.47275546193122864,0.0031749296467751265,0.6184624433517456,0.6097845435142517,-0.13451549410820007,0.5947396755218506,0.6072224378585815,0.13434621691703796,0.4950869083404541,0.46092745661735535,-0.16673564910888672,0.4695475995540619,0.4739020764827728,0.18446239829063416,0.5225297212600708,0.683337926864624,0.040183454751968384,0.5392075181007385,0.6679338812828064,0.2521836459636688,0.5380841493606567,0.7231490015983582,0.06531623005867004,0.5637471079826355,0.7004715204238892,0.260139524936676,0.48116573691368103,0.744525671005249,0.09647657722234726,0.5344385504722595,0.7288445234298706,0.2731567919254303,0,1
0.5522910356521606,0.2037184238433838,-0.22324149310588837,0.5642004609107971,0.1886935532093048,-0.2290540635585785,0.5674625635147095,0.1893620789051056,-0.22908417880535126,0.5710110664367676,0.19057123363018036,-0.22906935214996338,0.5589291453361511,0.18710504472255707,-0.1982288360595703,0.5582674741744995,0.18676011264324188,-0.19825448095798492,0.5579442977905273,0.18631282448768616,-0.19826368987560272,0.5849655866622925,0.20956650376319885,-0.21182504296302795,0.5691982507705688,0.20084817707538605,-0.06342016905546188,0.5581043362617493,0.22631052136421204,-0.21248683333396912,0.5498267412185669,0.22414924204349518,-0.17212213575839996,0.5951962471008301,0.32547077536582947,-0.2885516285896301,0.5599042773246765,0.33262673020362854,0.09392831474542618,0.5022404193878174,0.4181033670902252,-0.3685847520828247,0.4910765588283539,0.41034045815467834,0.12303443998098373,0.4128720760345459,0.4522917568683624,-0.38483840227127075,0.40999555587768555,0.4583166241645813,0.02573343738913536,0.3886246085166931,0.47344157099723816,-0.4322894215583801,0.3871775269508362,0.4745802581310272,0.018303310498595238,0.3867458403110504,0.4703860282897949,-0.4145990014076233,0.38757628202438354,0.47522854804992676,-0.02524050697684288,0.39559170603752136,0.4650318920612335,-0.37948599457740784,0.3957233726978302,0.4724122881889343,0.0016928032273426652,0.6254403591156006,0.6053657531738281,-0.12995107471942902,0.597944438457489,0.605402946472168,0.12962648272514343,0.507086455821991,0.4593380093574524,-0.20805540680885315,0.4844438433647156,0.4702872931957245,0.1710081696510315,0.5224889516830444,0.6834075450897217,-0.03789887949824333,0.5333426594734192,0.6686559319496155,0.18997074663639069,0.5378076434135437,0.7246726751327515,-0.016924360767006874,0.5519683957099915,0.7129247188568115,0.1905958354473114,0.47817865014076233,0.7446473240852356,0.0018332197796553373,0.503827691078186,0.7348988056182861,0.19009603559970856,0,1
0.5838726758956909,0.2024340033531189,-0.22076115012168884,0.594500720500946,0.18736974895000458,-0.2264707088470459,0.5981781482696533,0.18810632824897766,-0.22650876641273499,0.6021963357925415,0.1892763078212738,-0.22650408744812012,0.5884321928024292,0.18556559085845947,-0.19471469521522522,0.587715744972229,0.18514873087406158,-0.19474485516548157,0.5871490240097046,0.1847030371427536,-0.19475601613521576,0.6180557608604431,0.20845092833042145,-0.1979222595691681,0.5986686944961548,0.19860409200191498,-0.057775191962718964,0.5881249904632568,0.22621019184589386,-0.2110925167798996,0.5814024209976196,0.22375959157943726,-0.16979709267616272,0.6350659132003784,0.3200107514858246,-0.2765713632106781,0.5809941291809082,0.3324599862098694,0.10281302034854889,0.5395137667655945,0.4103257358074188,-0.3603217601776123,0.5157681107521057,0.41003066301345825,0.15473595261573792,0.44842904806137085,0.4375966787338257,-0.3799302577972412,0.43827366828918457,0.44669586420059204,0.05153347924351692,0.42632994055747986,0.45737022161483765,-0.4250965118408203,0.4188828468322754,0.4618752896785736,0.04550309106707573,0.42257553339004517,0.45210686326026917,-0.4109358787536621,0.4182843565940857,0.45892536640167236,0.004659025464206934,0.43026670813560486,0.448027640581131,-0.37558501958847046,0.424202024936676,0.45684289932250977,0.030138909816741943,0.6488178968429565,0.6011072993278503,-0.1262587457895279,0.6159414052963257,0.6052394509315491,0.1259688436985016,0.5314830541610718,0.45592164993286133,-0.20114167034626007,0.500830888748169,0.4713977873325348,0.12752123177051544,0.5307769775390625,0.691175639629364,-0.08166604489088058,0.5235134959220886,0.676633358001709,0.10109041631221771,0.5452671647071838,0.7411611676216125,-0.06817758828401566,0.5297642946243286,0.7207573056221008,0.09642691165208817,0.4791122078895569,0.721409261226654,-0.08874838799238205,0.4693381190299988,0.7191425561904907,0.06695248186588287,0,1
0.6207691431045532,0.20555035769939423,-0.16375036537647247,0.631027102470398,0.19077400863170624,-0.1622876226902008,0.6348637938499451,0.1908780038356781,-0.16229698061943054,0.6393371820449829,0.19123266637325287,-0.1622735559940338,0.6252325177192688,0.19027453660964966,-0.13429100811481476,0.6245329976081848,0.1902565062046051,-0.13435325026512146,0.6239150762557983,0.19017499685287476,-0.13439196348190308,0.6555560827255249,0.20929338037967682,-0.12123970687389374,0.6351491808891296,0.20181235671043396,0.006625381764024496,0.6256592869758606,0.229340597987175,-0.1490151584148407,0.6201987266540527,0.22715678811073303,-0.11196448653936386,0.6742960810661316,0.31989428400993347,-0.2035193145275116,0.6165860891342163,0.3317033648490906,0.14809532463550568,0.5864703059196472,0.4080445468425751,-0.2927735447883606,0.5483474731445312,0.40762341022491455,0.1936701238155365,0.49325641989707947,0.4375603497028351,-0.32138997316360474,0.4734672009944916,0.4478042721748352,0.08085136115550995,0.4717160165309906,0.4538205564022064,-0.36263614892959595,0.4560299813747406,0.45556640625,0.07081712782382965,0.4695233404636383,0.4471450746059418,-0.3513493835926056,0.45652493834495544,0.4551849067211151,0.03057173267006874,0.4760875105857849,0.44478368759155273,-0.3179924190044403,0.4641457498073578,0.45448094606399536,0.05861163139343262,0.6784366369247437,0.5972319841384888,-0.12383192777633667,0.6404268741607666,0.5970222353935242,0.12348625808954239,0.5628902316093445,0.4583013653755188,-0.2675524055957794,0.5365207195281982,0.4711821973323822,0.04874313622713089,0.538676381111145,0.7046655416488647,-0.25496071577072144,0.5128413438796997,0.6975454688072205,-0.021536927670240402,0.5489155054092407,0.7664473652839661,-0.2529014050960541,0.5154582262039185,0.7317214012145996,-0.031434014439582825,0.48028260469436646,0.7260539531707764,-0.3094539940357208,0.4575454294681549,0.7069953680038452,-0.08316273242235184,0,1
0.6603090763092041,0.2078406810760498,-0.11097897589206696,0.6695797443389893,0.19472980499267578,-0.10375994443893433,0.673457145690918,0.19541074335575104,-0.10375361144542694,0.6782188415527344,0.19607242941856384,-0.10367752611637115,0.6632062196731567,0.19356916844844818,-0.07977993041276932,0.6624066829681396,0.1934645175933838,-0.07984326779842377,0.6617267727851868,0.19331800937652588,-0.07990550249814987,0.6944330930709839,0.2132795751094818,-0.051820941269397736,0.6716414093971252,0.20501473546028137,0.05714043974876404,0.6643847227096558,0.2314842790365219,-0.09361536800861359,0.6588085889816284,0.22898146510124207,-0.062054604291915894,0.711454451084137,0.3186410069465637,-0.13987895846366882,0.6523417234420776,0.3300546109676361,0.18131625652313232,0.6323114037513733,0.39348047971725464,-0.263568639755249,0.5860058069229126,0.39170995354652405,0.22603051364421844,0.5411197543144226,0.4237598478794098,-0.3286796510219574,0.5177366137504578,0.43741437792778015,0.12016044557094574,0.5189245939254761,0.4414340853691101,-0.36835163831710815,0.5018911957740784,0.44596269726753235,0.11166305840015411,0.516604483127594,0.43818002939224243,-0.35653480887413025,0.5025607347488403,0.44680753350257874,0.07593237608671188,0.5237616300582886,0.4351557791233063,-0.32516616582870483,0.5092337727546692,0.44465264678001404,0.10073606669902802,0.7098448872566223,0.5891297459602356,-0.11406341940164566,0.6701129674911499,0.5826371312141418,0.11379601061344147,0.5959926843643188,0.4880048632621765,-0.31263038516044617,0.5617227554321289,0.47496262192726135,0.03420548886060715,0.5435336828231812,0.7187902927398682,-0.37581729888916016,0.513870120048523,0.7002856135368347,-0.03678954392671585,0.5479521751403809,0.7810044288635254,-0.38145121932029724,0.5208764672279358,0.7327712178230286,-0.04609169811010361,0.486956924200058,0.7270780801773071,-0.4563688337802887,0.4634864926338196,0.7043734788894653,-0.0966818705201149,0,1
0.6973860263824463,0.21500295400619507,-0.1122843399643898,0.7069198489189148,0.20083598792552948,-0.10376651585102081,0.7111956477165222,0.20123662054538727,-0.10372773557901382,0.7163150906562805,0.20164334774017334,-0.1036418229341507,0.6999021768569946,0.20050369203090668,-0.08565205335617065,0.6988004446029663,0.20032939314842224,-0.08573134243488312,0.6978254914283752,0.1999998241662979,-0.08579181134700775,0.731135368347168,0.21702221035957336,-0.047945812344551086,0.7061535120010376,0.20939835906028748,0.034932736307382584,0.7021464109420776,0.23781535029411316,-0.09247612953186035,0.6961458921432495,0.23641259968280792,-0.06854379177093506,0.7484389543533325,0.31544849276542664,-0.12373622506856918,0.6855762600898743,0.3241356611251831,0.15945389866828918,0.6678374409675598,0.3872055411338806,-0.22936967015266418,0.6166021227836609,0.3825856149196625,0.2042570561170578,0.5835516452789307,0.41113221645355225,-0.2921338975429535,0.5549209713935852,0.41982126235961914,0.09804147481918335,0.5644517540931702,0.4266324043273926,-0.32254210114479065,0.5343934297561646,0.43053093552589417,0.09052391350269318,0.5616680979728699,0.4219280183315277,-0.31236153841018677,0.53415447473526,0.428639680147171,0.058843642473220825,0.5686554908752441,0.4195094704627991,-0.2882401943206787,0.5434204936027527,0.4260767996311188,0.08030937612056732,0.7379001379013062,0.5776861310005188,-0.10048611462116241,0.6979888677597046,0.5674864053726196,0.1002693921327591,0.6175079941749573,0.5190973281860352,-0.28488045930862427,0.5865371823310852,0.4916917085647583,0.0014848369173705578,0.5446550846099854,0.7246820330619812,-0.35741952061653137,0.5148509740829468,0.6995205879211426,-0.08542024344205856,0.5474897623062134,0.7815521359443665,-0.364353209733963,0.5224670171737671,0.7325248122215271,-0.09567125141620636,0.4864179193973541,0.7114112973213196,-0.4382607936859131,0.4610826373100281,0.6887230277061462,-0.1472904235124588,0,1
0.7296472787857056,0.22581972181797028,-0.05980207398533821,0.7378574013710022,0.21006637811660767,-0.05320045351982117,0.7414097189903259,0.21004953980445862,-0.05318579822778702,0.7458566427230835,0.21020060777664185,-0.05312586575746536,0.7321019768714905,0.20996087789535522,-0.03275366500020027,0.731122612953186,0.20963311195373535,-0.0328034907579422,0.7301722764968872,0.2092653214931488,-0.03284382447600365,0.7617323398590088,0.22189369797706604,-0.004194815643131733,0.7376559972763062,0.21640299260616302,0.09044124186038971,0.7358407974243164,0.24443206191062927,-0.0414680540561676,0.7291058897972107,0.2439955770969391,-0.013989458791911602,0.7831341624259949,0.3145221173763275,-0.08741211891174316,0.7202620506286621,0.319985568523407,0.21438822150230408,0.7149567008018494,0.3832665681838989,-0.2170085459947586,0.6534116268157959,0.37818172574043274,0.2989458441734314,0.636218249797821,0.4059169888496399,-0.3074069917201996,0.5871570110321045,0.41371795535087585,0.2386760413646698,0.6147938370704651,0.41739585995674133,-0.34285682439804077,0.5654813647270203,0.42323485016822815,0.2391309291124344,0.611770510673523,0.4142804741859436,-0.3322262763977051,0.5674993991851807,0.4210212826728821,0.2076234370470047,0.619021475315094,0.4137435555458069,-0.3037092089653015,0.5762969255447388,0.41938257217407227,0.22274546325206757,0.7572067975997925,0.5728170275688171,-0.10422271490097046,0.7181997299194336,0.5546279549598694,0.10394172370433807,0.6303614377975464,0.5433104634284973,-0.2805994153022766,0.6072134375572205,0.5164095759391785,-0.010184897109866142,0.5448927879333496,0.7329108119010925,-0.3544086813926697,0.5208897590637207,0.6987876892089844,-0.0815160721540451,0.5466545820236206,0.7851667404174805,-0.36152344942092896,0.513795793056488,0.7406148314476013,-0.08989938348531723,0.4904055595397949,0.713706910610199,-0.4414529800415039,0.4626469612121582,0.6768656969070435,-0.14504024386405945,0,1
0.7539090514183044,0.23601455986499786,-0.010657848790287971,0.762749433517456,0.22145669162273407,-0.012215065769851208,0.766710638999939,0.2215835154056549,-0.012220252305269241,0.7709277272224426,0.22153513133525848,-0.012165436521172523,0.7561036348342896,0.22077995538711548,0.009611809626221657,0.755005955696106,0.22042690217494965,0.009534155949950218,0.754096508026123,0.22016586363315582,0.009441306814551353,0.7874895334243774,0.22946147620677948,0.008535685017704964,0.7645314931869507,0.2257569432258606,0.10685459524393082,0.762133777141571,0.25488555431365967,-0.002065827138721943,0.7539733648300171,0.25368332862854004,0.026571324095129967,0.8110333681106567,0.3145633339881897,-0.08235983550548553,0.7470565438270569,0.3180796504020691,0.21002474427223206,0.7552927136421204,0.38378283381462097,-0.21662144362926483,0.6845599412918091,0.379221647977829,0.25482863187789917,0.6746472120285034,0.40022385120391846,-0.3112452030181885,0.6187920570373535,0.40803396701812744,0.16893704235553741,0.6540712118148804,0.4095964729785919,-0.34546273946762085,0.598501443862915,0.4191005229949951,0.1531987488269806,0.6513803601264954,0.40366265177726746,-0.3362862467765808,0.5998870134353638,0.41628944873809814,0.15157398581504822,0.6534361839294434,0.40374425053596497,-0.30765047669410706,0.6074142456054688,0.41466954350471497,0.16261577606201172,0.7713707685470581,0.5727105736732483,-0.10197608172893524,0.7304747104644775,0.5531258583068848,0.10181590169668198,0.6423508524894714,0.5718750357627869,-0.24267736077308655,0.6208046078681946,0.5424208045005798,-0.018178841099143028,0.5524853467941284,0.7412344217300415,-0.32552510499954224,0.5245456099510193,0.6966618895530701,-0.08052409440279007,0.5482712984085083,0.7897553443908691,-0.329493910074234,0.5153998732566833,0.7357994914054871,-0.0878857672214508,0.49363285303115845,0.7161885499954224,-0.39956480264663696,0.46313047409057617,0.6635761857032776,-0.13563424348831177,0,1
0.7793405652046204,0.2585757076740265,0.11579582840204239,0.7872335314750671,0.24348364770412445,0.11653812974691391,0.7909749746322632,0.24389131367206573,0.11653415858745575,0.7950899600982666,0.24424400925636292,0.11656060069799423,0.779876172542572,0.24237160384655,0.13776110112667084,0.7781485319137573,0.24205638468265533,0.13769148290157318,0.7765927910804749,0.24204666912555695,0.1376030594110489,0.8102728724479675,0.247465118765831,0.1307690441608429,0.7861519455909729,0.24574775993824005,0.22582459449768066,0.787315309047699,0.27847984433174133,0.1204550713300705,0.7783886194229126,0.27760982513427734,0.1482895314693451,0.8340762257575989,0.31805330514907837,0.036878541111946106,0.7688525915145874,0.318318247795105,0.2737865746021271,0.7983188033103943,0.4048794209957123,-0.08745627105236053,0.7113339900970459,0.38781219720840454,0.2755110561847687,0.7193976044654846,0.40125828981399536,-0.19092696905136108,0.6558008193969727,0.4080834686756134,0.16511084139347076,0.702017605304718,0.4134233593940735,-0.22161653637886047,0.6381272673606873,0.4183060824871063,0.14650949835777283,0.6961480975151062,0.40777871012687683,-0.21985626220703125,0.6393159031867981,0.4159602224826813,0.12737277150154114,0.7032500505447388,0.4071488380432129,-0.19001725316047668,0.6463621854782104,0.4145849049091339,0.15123501420021057,0.7801371812820435,0.5691667795181274,-0.0825091004371643,0.7413994073867798,0.5488179326057434,0.08244305849075317,0.6531481146812439,0.5945926308631897,-0.20190970599651337,0.6300413012504578,0.566953718662262,-0.04729003831744194,0.5536118745803833,0.7523782253265381,-0.3193916380405426,0.5247306823730469,0.6965383887290955,-0.15078936517238617,0.5480062365531921,0.7972173690795898,-0.3280586898326874,0.5160512924194336,0.7362458109855652,-0.16291169822216034,0.49355584383010864,0.7111222147941589,-0.40767902135849,0.4636080861091614,0.6671900749206543,-0.2200073003768921,0,1
0.7900908589363098,0.25810566544532776,0.0735025405883789,0.7971429228782654,0.24264420568943024,0.07345273345708847,0.8005978465080261,0.24243506789207458,0.07341950386762619,0.8048580288887024,0.2419787347316742,0.07339775562286377,0.7920408844947815,0.24304960668087006,0.09356711059808731,0.7910993099212646,0.24308280646800995,0.09355621784925461,0.7900356650352478,0.24322769045829773,0.09348078817129135,0.8231128454208374,0.2469412088394165,0.08906461298465729,0.7984699606895447,0.2479037642478943,0.18072929978370667,0.7957870960235596,0.2766156792640686,0.07914762943983078,0.7891345024108887,0.27684614062309265,0.10586924850940704,0.8497031331062317,0.3171349763870239,0.01604313962161541,0.7837571501731873,0.32051220536231995,0.24167168140411377,0.8400157690048218,0.4349833130836487,-0.08594239503145218,0.7401207685470581,0.39680108428001404,0.2646694779396057,0.754029393196106,0.4032585620880127,-0.16357500851154327,0.6879127621650696,0.40420061349868774,0.17206288874149323,0.738136887550354,0.41199904680252075,-0.18922945857048035,0.6710740923881531,0.4131181836128235,0.15183937549591064,0.7362073659896851,0.40077492594718933,-0.1877058744430542,0.6718241572380066,0.41126343607902527,0.1302976757287979,0.7428995370864868,0.4019868075847626,-0.16151633858680725,0.6789510846138,0.4101756513118744,0.15736205875873566,0.78522789478302,0.5681791305541992,-0.0728374496102333,0.7459205985069275,0.5424954891204834,0.07286714017391205,0.6637945175170898,0.6141625642776489,-0.18588139116764069,0.6381058096885681,0.582351803779602,-0.04313977435231209,0.5597559809684753,0.754274845123291,-0.31404387950897217,0.5313633680343628,0.6967600584030151,-0.1690054088830948,0.5482208132743835,0.800150454044342,-0.325350821018219,0.5213481783866882,0.7404317855834961,-0.1840863674879074,0.49339962005615234,0.7232353091239929,-0.4009012281894684,0.4638519287109375,0.6688112616539001,-0.2379423826932907,0,1
0.7898090481758118,0.2553454339504242,0.08588919788599014,0.7982949018478394,0.24066469073295593,0.08876752108335495,0.801622748374939,0.24046842753887177,0.08874476701021194,0.8058266639709473,0.24013927578926086,0.08868785947561264,0.7924278974533081,0.24058164656162262,0.10797242075204849,0.7915149927139282,0.24050170183181763,0.10797020047903061,0.7907070517539978,0.24047082662582397,0.10789899528026581,0.824325442314148,0.2462155520915985,0.1159445270895958,0.801866352558136,0.24637264013290405,0.2048342525959015,0.796101450920105,0.2740987539291382,0.09610562026500702,0.7902061939239502,0.2739570736885071,0.12192626297473907,0.8539740443229675,0.3152707517147064,0.057289969176054,0.7864643335342407,0.3199900686740875,0.2581769824028015,0.8709362745285034,0.4449056386947632,-0.020930487662553787,0.7601656913757324,0.41459473967552185,0.2750173509120941,0.7917448282241821,0.41378581523895264,-0.05738252401351929,0.7254088521003723,0.40286362171173096,0.16937725245952606,0.77271568775177,0.4125298857688904,-0.07369601726531982,0.7070528864860535,0.41071945428848267,0.14057804644107819,0.7712821364402771,0.40158042311668396,-0.06862698495388031,0.7083483934402466,0.40573790669441223,0.12759149074554443,0.7757812142372131,0.40266770124435425,-0.05198556184768677,0.7165948152542114,0.40511301159858704,0.15195691585540771,0.7878026962280273,0.5669800043106079,-0.07009807974100113,0.7468801736831665,0.5401297807693481,0.07015808671712875,0.6728097200393677,0.6162299513816833,-0.20205001533031464,0.6424161195755005,0.583290159702301,-0.07399295270442963,0.5585951209068298,0.7564712762832642,-0.3478032946586609,0.5320062041282654,0.6986111998558044,-0.21566006541252136,0.5466598868370056,0.7999564409255981,-0.36143726110458374,0.5213624238967896,0.7459483742713928,-0.23212115466594696,0.49334716796875,0.7293959856033325,-0.44420570135116577,0.46509799361228943,0.6696029901504517,-0.28890398144721985,0,1
0.7876376509666443,0.25661373138427734,0.07382601499557495,0.796105682849884,0.24122679233551025,0.07674860954284668,0.7997221946716309,0.24111463129520416,0.07672840356826782,0.803954005241394,0.24052026867866516,0.07636794447898865,0.7900522351264954,0.24103982746601105,0.08809275180101395,0.7891775965690613,0.2409159392118454,0.088241808116436,0.7882500886917114,0.2409195601940155,0.0882597416639328,0.8215893507003784,0.24585629999637604,0.09439325332641602,0.7979248762130737,0.24654322862625122,0.19520676136016846,0.7950002551078796,0.27550071477890015,0.07841197401285172,0.7886039018630981,0.27478617429733276,0.11017726361751556,0.8550858497619629,0.31429681181907654,0.04988258332014084,0.7849186658859253,0.318750262260437,0.25295189023017883,0.8772419691085815,0.4505554139614105,-0.008444887585937977,0.7589942216873169,0.4122687876224518,0.27235689759254456,0.7977879047393799,0.4249407947063446,-0.047721490263938904,0.724768340587616,0.413483589887619,0.16646812856197357,0.7774980664253235,0.4294215738773346,-0.06555639207363129,0.7084699869155884,0.4220953583717346,0.13951753079891205,0.7749584913253784,0.4137032926082611,-0.06058545783162117,0.7102168798446655,0.41666585206985474,0.12520831823349,0.779988169670105,0.41301828622817993,-0.04255140572786331,0.718361496925354,0.41388261318206787,0.15019576251506805,0.788723349571228,0.5638300180435181,-0.06920598447322845,0.7501119375228882,0.5345802307128906,0.06928306072950363,0.6713868379592896,0.6179909110069275,-0.20281121134757996,0.6414995789527893,0.5844368934631348,-0.06688366085290909,0.5569471120834351,0.7619408369064331,-0.34384357929229736,0.532673180103302,0.6993486881256104,-0.1898774653673172,0.5447694659233093,0.8018375635147095,-0.357834130525589,0.5213519334793091,0.7468619346618652,-0.2044650763273239,0.4931858479976654,0.7290006875991821,-0.4285610616207123,0.46464604139328003,0.6695808172225952,-0.262742817401886,0,1
0.7839783430099487,0.2560041546821594,0.048437900841236115,0.792362630367279,0.24076764285564423,0.04506298527121544,0.7960759997367859,0.24069038033485413,0.045008376240730286,0.8008434176445007,0.2402142435312271,0.04488378018140793,0.7864508032798767,0.24059557914733887,0.06472527980804443,0.7854341268539429,0.24050366878509521,0.06476209312677383,0.7843738794326782,0.24058236181735992,0.06470327079296112,0.8205073475837708,0.24565628170967102,0.05649612471461296,0.7939172983169556,0.2470492720603943,0.1557692438364029,0.7909833192825317,0.2750204801559448,0.05261097103357315,0.7842961549758911,0.2741864025592804,0.08255703002214432,0.8508796691894531,0.3130105435848236,0.014735119417309761,0.7800379395484924,0.318721741437912,0.214615136384964,0.8635951280593872,0.4493262469768524,-0.03816679120063782,0.7528859972953796,0.4223717451095581,0.23748695850372314,0.7833546996116638,0.4250755310058594,-0.09080872684717178,0.7123187780380249,0.4197494387626648,0.12062118947505951,0.7646455764770508,0.43150150775909424,-0.11067365109920502,0.6974055767059326,0.42843279242515564,0.09613533318042755,0.7619432806968689,0.417569100856781,-0.10709190368652344,0.6988137364387512,0.4208725690841675,0.07749120146036148,0.7673443555831909,0.4161742329597473,-0.08657494187355042,0.7056466341018677,0.419551819562912,0.10646051168441772,0.7872564792633057,0.5651094317436218,-0.07073921710252762,0.7482455968856812,0.5354508757591248,0.07079039514064789,0.6684182286262512,0.6190841794013977,-0.21688859164714813,0.6406134963035583,0.5827124118804932,-0.06979838013648987,0.5566895008087158,0.764015257358551,-0.35896891355514526,0.5329292416572571,0.6996538639068604,-0.2107502669095993,0.5440534949302673,0.8068739771842957,-0.37283748388290405,0.5213490724563599,0.7519360780715942,-0.22710080444812775,0.4945833086967468,0.728757917881012,-0.4562566876411438,0.46657848358154297,0.6677310466766357,-0.28239384293556213,0,1
0.7724981904029846,0.24725578725337982,0.06708023697137833,0.7817009687423706,0.23410862684249878,0.06786727160215378,0.7858960628509521,0.23466792702674866,0.06783617287874222,0.7902820706367493,0.23497198522090912,0.06777181476354599,0.775920033454895,0.23356468975543976,0.08726444840431213,0.7751789093017578,0.23349063098430634,0.08723241090774536,0.774376630783081,0.2333439141511917,0.08714096993207932,0.8072150945663452,0.2412751466035843,0.0867573693394661,0.7866135835647583,0.24190527200698853,0.17709480226039886,0.779060959815979,0.2666177451610565,0.07447214424610138,0.7717571258544922,0.2651573717594147,0.10091801732778549,0.8416680097579956,0.3129578232765198,0.03262642025947571,0.7664915323257446,0.31847864389419556,0.22805416584014893,0.8510240316390991,0.4524945914745331,-0.03530428558588028,0.7400789260864258,0.42415058612823486,0.25343233346939087,0.7733533382415771,0.42475199699401855,-0.07992424070835114,0.6980427503585815,0.421603262424469,0.1395350694656372,0.7545565366744995,0.4310700595378876,-0.09748461842536926,0.6866421103477478,0.4292718172073364,0.11440353095531464,0.7499735951423645,0.4174560606479645,-0.09554228186607361,0.6837540864944458,0.4225050210952759,0.09870070219039917,0.7575079202651978,0.41642236709594727,-0.07604387402534485,0.6901804208755493,0.4216989278793335,0.12642717361450195,0.7864422798156738,0.5654830932617188,-0.07140328735113144,0.7440111637115479,0.5409834384918213,0.0714426040649414,0.6681046485900879,0.6087182760238647,-0.22842726111412048,0.6396219730377197,0.5792308449745178,-0.08318189531564713,0.5576905012130737,0.7628731727600098,-0.3595561683177948,0.5325857400894165,0.7002632021903992,-0.2177409678697586,0.5458020567893982,0.8064542412757874,-0.3718474507331848,0.5195215940475464,0.7528957724571228,-0.23297706246376038,0.49399295449256897,0.7274206280708313,-0.4570373594760895,0.46952325105667114,0.6724337935447693,-0.2922535538673401,0,1
0.7547266483306885,0.24064476788043976,0.022124718874692917,0.7632929086685181,0.22757530212402344,0.0253305621445179,0.7668490409851074,0.22843652963638306,0.025279056280851364,0.7709623575210571,0.22921814024448395,0.02525314688682556,0.7580732107162476,0.2261630743741989,0.04174082353711128,0.7573602795600891,0.22595030069351196,0.041672706604003906,0.7567064166069031,0.22574163973331451,0.04155978187918663,0.7870296239852905,0.23608319461345673,0.05099782347679138,0.7682971954345703,0.23604552447795868,0.12608271837234497,0.7604132890701294,0.26040446758270264,0.0314679853618145,0.7539269924163818,0.25944170355796814,0.053418464958667755,0.8209092020988464,0.3104555010795593,-0.008271442726254463,0.7454146146774292,0.31978780031204224,0.18175092339515686,0.812741756439209,0.4417542815208435,-0.10816065967082977,0.7087209224700928,0.43138566613197327,0.17355652153491974,0.731885552406311,0.4313410818576813,-0.19833648204803467,0.6662240624427795,0.44256654381752014,0.02645820379257202,0.7124456167221069,0.4405975341796875,-0.22433359920978546,0.6514163613319397,0.44804099202156067,-0.0020123920403420925,0.7052779793739319,0.4291835427284241,-0.22282001376152039,0.6516191363334656,0.44195425510406494,-0.01908905804157257,0.7139924764633179,0.4243403673171997,-0.19650539755821228,0.6585050821304321,0.44109398126602173,0.012961757369339466,0.7790912985801697,0.5616359114646912,-0.07135909795761108,0.7338114380836487,0.5410636067390442,0.07139217853546143,0.6608995795249939,0.5946317911148071,-0.24052365124225616,0.6325535774230957,0.5622085332870483,-0.08581655472517014,0.557632327079773,0.7535766363143921,-0.35963836312294006,0.5290375351905823,0.7002291083335876,-0.22265855967998505,0.5463786721229553,0.7994993329048157,-0.3713962137699127,0.5213589072227478,0.7443631291389465,-0.23811018466949463,0.49519485235214233,0.7186105251312256,-0.45766711235046387,0.46880125999450684,0.6696147918701172,-0.2997213304042816,0,1
0.7341123819351196,0.23617523908615112,-0.022226113826036453,0.7432433366775513,0.22174127399921417,-0.022006848827004433,0.7472643852233887,0.22225624322891235,-0.02203463390469551,0.7516003847122192,0.22244006395339966,-0.022019783034920692,0.7372314929962158,0.22072440385818481,-0.0017177879344671965,0.7364016771316528,0.22067628800868988,-0.0018163761124014854,0.7355676889419556,0.22048760950565338,-0.0019292791839689016,0.7667312622070312,0.22992189228534698,-0.0018242122605443,0.7469304800033569,0.23116403818130493,0.08897458761930466,0.7404823303222656,0.25735899806022644,-0.014432874508202076,0.733483076095581,0.25666430592536926,0.011993473395705223,0.8037166595458984,0.3189365267753601,-0.06163244694471359,0.7241197824478149,0.32326841354370117,0.17020677030086517,0.7796453833580017,0.4542364478111267,-0.15911196172237396,0.6811159253120422,0.43550121784210205,0.1670111119747162,0.6935014724731445,0.4596390128135681,-0.2323383092880249,0.6324141025543213,0.45275142788887024,0.0012961541069671512,0.674415647983551,0.4651770293712616,-0.2591198682785034,0.6172164678573608,0.46112874150276184,-0.02588290348649025,0.6720330715179443,0.45524051785469055,-0.2563163638114929,0.6178011298179626,0.4557522237300873,-0.046861931681632996,0.677263617515564,0.45046544075012207,-0.2299266755580902,0.6241039633750916,0.4530659019947052,-0.014409718103706837,0.765731930732727,0.5655053853988647,-0.08112126588821411,0.7207438349723816,0.5462702512741089,0.08117557317018509,0.6516330242156982,0.5624434947967529,-0.2762240171432495,0.6246053576469421,0.5354185700416565,-0.110002800822258,0.5546173453330994,0.7471573948860168,-0.4005860686302185,0.5287895798683167,0.7015897035598755,-0.24937525391578674,0.5465319752693176,0.7971938252449036,-0.41298729181289673,0.5202017426490784,0.7455998659133911,-0.26500144600868225,0.490764856338501,0.7182611227035522,-0.5092102289199829,0.4672757685184479,0.6771193742752075,-0.33723583817481995,0,1
0.7106530666351318,0.22361749410629272,-0.04506479948759079,0.7204834818840027,0.21066983044147491,-0.043130118399858475,0.7242156267166138,0.21087194979190826,-0.04311538487672806,0.7287749648094177,0.2113230973482132,-0.04305023327469826,0.713694155216217,0.2102273553609848,-0.022021230310201645,0.7126756906509399,0.21025030314922333,-0.022134536877274513,0.7118807435035706,0.21037974953651428,-0.02220918983221054,0.7437595129013062,0.22413067519664764,-0.01669653132557869,0.7238928079605103,0.2216716706752777,0.07598753273487091,0.7177373766899109,0.2451195865869522,-0.036102861166000366,0.7104737162590027,0.24494141340255737,-0.00923364982008934,0.7772319316864014,0.31978970766067505,-0.08989633619785309,0.7006383538246155,0.3260166645050049,0.16347332298755646,0.7395691871643066,0.453533798456192,-0.2018505036830902,0.6515003442764282,0.43626654148101807,0.14714063704013824,0.649854302406311,0.46381720900535583,-0.2736732065677643,0.6070428490638733,0.4629405438899994,-0.029911955818533897,0.6297476291656494,0.47349417209625244,-0.3033496141433716,0.5875623226165771,0.47188249230384827,-0.055615685880184174,0.6251346468925476,0.46298930048942566,-0.2989826500415802,0.585736870765686,0.46793097257614136,-0.07553452253341675,0.6318522691726685,0.459127813577652,-0.27070361375808716,0.5947157740592957,0.46523094177246094,-0.044584013521671295,0.7508376240730286,0.5741870403289795,-0.09073232114315033,0.7055168747901917,0.5557211637496948,0.09068946540355682,0.6373491883277893,0.5377655625343323,-0.3154534101486206,0.6052123308181763,0.5116518139839172,-0.0733834058046341,0.5554354786872864,0.7341026067733765,-0.3952987790107727,0.5283098220825195,0.70123690366745,-0.14679105579853058,0.5492385625839233,0.7889145016670227,-0.390153706073761,0.5177077651023865,0.74568772315979,-0.15613611042499542,0.49101120233535767,0.7167345881462097,-0.47012290358543396,0.46917471289634705,0.677288293838501,-0.21695058047771454,0,1
0.6866037845611572,0.22347967326641083,-0.06611543893814087,0.6966882944107056,0.20879513025283813,-0.058864526450634,0.700732946395874,0.20889011025428772,-0.05884998291730881,0.7054633498191833,0.20895305275917053,-0.0587787851691246,0.6902588605880737,0.20815493166446686,-0.03916569799184799,0.6893249750137329,0.20807257294654846,-0.03926427662372589,0.688464343547821,0.2079508900642395,-0.03934502974152565,0.719605565071106,0.22037722170352936,-0.013939674012362957,0.6979723572731018,0.21842481195926666,0.07423768937587738,0.6937383413314819,0.24358388781547546,-0.0507100410759449,0.6863626837730408,0.24302738904953003,-0.025190239772200584,0.7480453252792358,0.3199526369571686,-0.08775509893894196,0.6775251030921936,0.32650578022003174,0.17137327790260315,0.6967226266860962,0.44189342856407166,-0.17937901616096497,0.6246251463890076,0.4335784614086151,0.186484694480896,0.6147646307945251,0.46315422654151917,-0.24208883941173553,0.5677382349967957,0.4637708067893982,0.05544338375329971,0.5955789089202881,0.47945863008499146,-0.2705235779285431,0.5510654449462891,0.47456037998199463,0.04133647680282593,0.592222273349762,0.4682754576206207,-0.26822835206985474,0.5510786771774292,0.47190234065055847,0.014733090996742249,0.5996831655502319,0.4646453559398651,-0.24019508063793182,0.5575585961341858,0.4693680703639984,0.039757777005434036,0.734237790107727,0.577631413936615,-0.09786297380924225,0.6924638152122498,0.5584057569503784,0.09770262986421585,0.6266917586326599,0.5206958055496216,-0.332861065864563,0.5891462564468384,0.49775636196136475,-0.03672441467642784,0.5521867275238037,0.7321211695671082,-0.402844101190567,0.526511549949646,0.696033239364624,-0.09832125902175903,0.54917973279953,0.7833227515220642,-0.4078300893306732,0.5208824872970581,0.7278702855110168,-0.10623588413000107,0.48777469992637634,0.7096864581108093,-0.4918375015258789,0.4636353552341461,0.6771822571754456,-0.16209885478019714,0,1
0.6628428101539612,0.22035041451454163,-0.09231144189834595,0.6737095713615417,0.20491841435432434,-0.08085216581821442,0.6776783466339111,0.20504559576511383,-0.08085803687572479,0.6820150017738342,0.20512662827968597,-0.08079208433628082,0.6655343770980835,0.20447629690170288,-0.06052225083112717,0.6640127301216125,0.20446595549583435,-0.060603827238082886,0.6626690030097961,0.20436392724514008,-0.06067177653312683,0.6959654092788696,0.21671776473522186,-0.02016778104007244,0.6730515956878662,0.21517737209796906,0.07120637595653534,0.6696691513061523,0.24061869084835052,-0.07201444357633591,0.6612694263458252,0.2404371052980423,-0.045470356941223145,0.7202562689781189,0.3186977505683899,-0.1031113862991333,0.6508288383483887,0.3274555504322052,0.1837799847126007,0.6600667834281921,0.43151015043258667,-0.19580912590026855,0.5917825102806091,0.42532551288604736,0.19199177622795105,0.5792925357818604,0.4630289673805237,-0.24691088497638702,0.5332232117652893,0.46438631415367126,0.04853314161300659,0.5510751008987427,0.48581501841545105,-0.28300338983535767,0.5167545080184937,0.4780948758125305,0.029959281906485558,0.5475794076919556,0.47976431250572205,-0.2823074758052826,0.5161694884300232,0.4782024919986725,0.01096258033066988,0.5574784278869629,0.4737749695777893,-0.2463395893573761,0.5239270925521851,0.4744817018508911,0.03324589878320694,0.7173184752464294,0.5813751816749573,-0.10736612975597382,0.6730735301971436,0.5697713494300842,0.1071624606847763,0.605791449546814,0.5066553950309753,-0.35275182127952576,0.5727271437644958,0.4899829924106598,-0.027900416404008865,0.5453252196311951,0.731397271156311,-0.45099204778671265,0.5190057754516602,0.6949104070663452,-0.12997247278690338,0.5491511225700378,0.7834072709083557,-0.46185198426246643,0.5172619819641113,0.7360237836837769,-0.14270351827144623,0.48367562890052795,0.7151637673377991,-0.5552352070808411,0.4574938714504242,0.6771164536476135,-0.20418596267700195,0,1
0.6364113092422485,0.2147364765405655,-0.13032770156860352,0.6462937593460083,0.19905471801757812,-0.12511155009269714,0.6499794125556946,0.19931179285049438,-0.125088170170784,0.65423184633255,0.19943885505199432,-0.12499520927667618,0.638966977596283,0.19902771711349487,-0.10226470232009888,0.6376639008522034,0.1991392821073532,-0.10234834998846054,0.6364234685897827,0.199173241853714,-0.10239915549755096,0.6699187755584717,0.2127165049314499,-0.07817180454730988,0.6470961570739746,0.2098868489265442,0.024325426667928696,0.6435292959213257,0.2378622442483902,-0.1145862489938736,0.6348506212234497,0.2366172969341278,-0.08493076264858246,0.693232536315918,0.3187029957771301,-0.1547875851392746,0.6252846717834473,0.32985517382621765,0.13741044700145721,0.6273082494735718,0.4265052378177643,-0.2634035348892212,0.5601810216903687,0.42287153005599976,0.10748346894979477,0.5451377630233765,0.46504873037338257,-0.3144388794898987,0.49839988350868225,0.46819156408309937,-0.07324140518903732,0.5209592580795288,0.48465073108673096,-0.35808488726615906,0.48283058404922485,0.4789665937423706,-0.10325515270233154,0.5167509317398071,0.47751113772392273,-0.3565683960914612,0.4819173216819763,0.4769331216812134,-0.13437066972255707,0.5258135795593262,0.4727271497249603,-0.3150336444377899,0.4880407750606537,0.47440746426582336,-0.09358133375644684,0.6967674493789673,0.5874026417732239,-0.1070692166686058,0.6527782678604126,0.5778101086616516,0.10684702545404434,0.5899520516395569,0.49880871176719666,-0.3786839246749878,0.5520169734954834,0.478197306394577,-0.03216806799173355,0.5390025973320007,0.7316195368766785,-0.4832057058811188,0.5154150724411011,0.6978864073753357,-0.1523018777370453,0.5453504920005798,0.7854259014129639,-0.49394235014915466,0.5173215270042419,0.7346042990684509,-0.16722364723682404,0.48113521933555603,0.7379283308982849,-0.5972046256065369,0.4581814408302307,0.7049553990364075,-0.24262535572052002,0,1
0.6078585386276245,0.2123919129371643,-0.11460041999816895,0.6180447340011597,0.1971571445465088,-0.11673768609762192,0.6217182278633118,0.19687892496585846,-0.11674237251281738,0.6255491971969604,0.19688080251216888,-0.11666017770767212,0.6115887761116028,0.19770857691764832,-0.09019635617733002,0.6106512546539307,0.19779883325099945,-0.09026180952787399,0.609878659248352,0.19779515266418457,-0.09031988680362701,0.6416094899177551,0.21018418669700623,-0.10051314532756805,0.6219997406005859,0.20702844858169556,0.01939089596271515,0.6152318120002747,0.235872283577919,-0.1091667041182518,0.6077283620834351,0.23452633619308472,-0.07474351674318314,0.6666041612625122,0.31867724657058716,-0.19078481197357178,0.602266788482666,0.332091361284256,0.12463434785604477,0.5955984592437744,0.42214301228523254,-0.2988925576210022,0.5373201966285706,0.4226241707801819,0.1318185031414032,0.5015782713890076,0.4678833484649658,-0.33143678307533264,0.4695972502231598,0.47070783376693726,0.011289580725133419,0.4791945815086365,0.4849354922771454,-0.3734968304634094,0.4512314200401306,0.48405373096466064,-0.008175446651875973,0.47620853781700134,0.4781446158885956,-0.36880484223365784,0.4504548907279968,0.4827893078327179,-0.04606257751584053,0.4820462167263031,0.47384873032569885,-0.330585241317749,0.45773500204086304,0.4795074760913849,-0.011435182765126228,0.6738834977149963,0.5919464230537415,-0.10682181268930435,0.6324779391288757,0.5871787071228027,0.10661870241165161,0.5631464123725891,0.4803836941719055,-0.33702024817466736,0.5327489376068115,0.46589601039886475,0.004687493667006493,0.5351027846336365,0.7215820550918579,-0.3937998414039612,0.5158964395523071,0.6879796981811523,-0.09981509298086166,0.5422136783599854,0.784392774105072,-0.3999786674976349,0.5238558053970337,0.730340838432312,-0.11379572004079819,0.46902814507484436,0.7345049381256104,-0.49365535378456116,0.46517667174339294,0.7014967203140259,-0.1830301731824875,0,1
0.5832918286323547,0.2115447223186493,-0.13326792418956757,0.5937224626541138,0.1958593726158142,-0.13993149995803833,0.5971987247467041,0.19565638899803162,-0.13996343314647675,0.6014111042022705,0.19560536742210388,-0.13992074131965637,0.5873100161552429,0.19666753709316254,-0.11032949388027191,0.5863879919052124,0.19689153134822845,-0.11037011444568634,0.5856139063835144,0.19713282585144043,-0.11042211949825287,0.6177752614021301,0.20922845602035522,-0.13544413447380066,0.5974050760269165,0.2068849354982376,-0.002803745912387967,0.5907209515571594,0.2342429906129837,-0.13255272805690765,0.5834096670150757,0.2337159514427185,-0.0939939096570015,0.6430663466453552,0.31881892681121826,-0.2284858524799347,0.581691563129425,0.3331926167011261,0.10852233320474625,0.5671360492706299,0.4191347658634186,-0.33362796902656555,0.5215359330177307,0.4220261573791504,0.1281280219554901,0.47454509139060974,0.46823370456695557,-0.36110496520996094,0.45018285512924194,0.47499707341194153,0.017293326556682587,0.4532734453678131,0.4873337745666504,-0.40457597374916077,0.430152028799057,0.4905526340007782,0.00215059332549572,0.4485477805137634,0.48002374172210693,-0.3954220414161682,0.4295220971107483,0.485975444316864,-0.03692721575498581,0.45476579666137695,0.4748036563396454,-0.3586876094341278,0.43697983026504517,0.4829050600528717,-0.005518107675015926,0.6531575918197632,0.5941965579986572,-0.10779471695423126,0.6122244596481323,0.5928499698638916,0.1075594574213028,0.540687084197998,0.4657076597213745,-0.3063153624534607,0.5136002898216248,0.4592074155807495,0.03518057242035866,0.536396324634552,0.7000681161880493,-0.2727220952510834,0.5162580013275146,0.6766877770423889,-0.038771286606788635,0.542361855506897,0.7610531449317932,-0.269003689289093,0.5262917876243591,0.7195826768875122,-0.049042489379644394,0.47162190079689026,0.730789840221405,-0.3379208445549011,0.4695800840854645,0.7004154920578003,-0.10867762565612793,0,1
0.5619564652442932,0.21067357063293457,-0.18700936436653137,0.5721412897109985,0.19433030486106873,-0.1934916079044342,0.575821042060852,0.19388489425182343,-0.1935437023639679,0.5800380110740662,0.19372282922267914,-0.19352293014526367,0.5660989880561829,0.19537228345870972,-0.16224034130573273,0.5652437210083008,0.19564968347549438,-0.16224950551986694,0.5645411014556885,0.19594381749629974,-0.16227763891220093,0.5976027250289917,0.20765510201454163,-0.17668697237968445,0.5772956013679504,0.20549291372299194,-0.036581773310899734,0.569953978061676,0.23255492746829987,-0.18083320558071136,0.5621705055236816,0.23252031207084656,-0.14007294178009033,0.6204445958137512,0.3187912106513977,-0.26837459206581116,0.5630173087120056,0.3341413736343384,0.1068432554602623,0.531246542930603,0.41990312933921814,-0.3700074553489685,0.5007131099700928,0.4248240292072296,0.12973421812057495,0.4409259855747223,0.4715273082256317,-0.3991827964782715,0.42573094367980957,0.480471134185791,0.015579648315906525,0.41782742738723755,0.4946691691875458,-0.44860416650772095,0.406363308429718,0.5009877681732178,-0.0006076107965782285,0.41348132491111755,0.48781177401542664,-0.43756103515625,0.4055631756782532,0.4950117766857147,-0.03713624179363251,0.4213716983795166,0.48092570900917053,-0.39628928899765015,0.41246628761291504,0.4902544617652893,-0.005760010331869125,0.6341313719749451,0.6012008190155029,-0.11868149042129517,0.5948463678359985,0.6034736037254333,0.118377685546875,0.522485613822937,0.4649098813533783,-0.25085198879241943,0.49394410848617554,0.46204158663749695,0.10349925607442856,0.513171374797821,0.6915928721427917,-0.10611190646886826,0.5151705145835876,0.6679143905639648,0.0573127456009388,0.5243407487869263,0.7353125810623169,-0.08920571953058243,0.5261262059211731,0.7174367904663086,0.05106741935014725,0.4583512246608734,0.7161481976509094,-0.12240121513605118,0.47458282113075256,0.7067595720291138,0.004043897148221731,0,1
0.5452917814254761,0.2091909795999527,-0.18704277276992798,0.5556609034538269,0.1927635371685028,-0.19257667660713196,0.5593177676200867,0.19223982095718384,-0.19262683391571045,0.563357949256897,0.19224071502685547,-0.19259043037891388,0.549591600894928,0.193917915225029,-0.16216233372688293,0.5488764643669128,0.19406023621559143,-0.16217997670173645,0.5483278036117554,0.19413746893405914,-0.16222353279590607,0.5801633596420288,0.20693925023078918,-0.17059281468391418,0.559647262096405,0.20355992019176483,-0.03521168604493141,0.5526522994041443,0.23022250831127167,-0.17912903428077698,0.5453429222106934,0.22984454035758972,-0.13991202414035797,0.6024466753005981,0.3184106945991516,-0.26459255814552307,0.5446811318397522,0.33521774411201477,0.1054852232336998,0.5093059539794922,0.42512011528015137,-0.37067699432373047,0.47975611686706543,0.4352260231971741,0.1066451221704483,0.41530853509902954,0.4795689582824707,-0.40108823776245117,0.40382900834083557,0.49254077672958374,-0.03369860351085663,0.39358189702033997,0.5031371712684631,-0.449371874332428,0.38614916801452637,0.510949969291687,-0.05283249169588089,0.38908901810646057,0.49671411514282227,-0.43641018867492676,0.38565582036972046,0.5052897334098816,-0.09339743107557297,0.3953762650489807,0.4911310374736786,-0.3972500264644623,0.39212068915367126,0.5028270483016968,-0.05709666758775711,0.6227009892463684,0.6017040610313416,-0.12024033069610596,0.5803127288818359,0.6062872409820557,0.11992932856082916,0.5066455006599426,0.4637710154056549,-0.24178461730480194,0.47370877861976624,0.4623928368091583,0.07790592312812805,0.5117262601852417,0.6958478689193726,-0.0837932676076889,0.5179374814033508,0.670242428779602,0.03565909340977669,0.524579644203186,0.7363668084144592,-0.06434722244739532,0.543397843837738,0.7045480608940125,0.031059522181749344,0.46140313148498535,0.7319401502609253,-0.08737441897392273,0.5027572512626648,0.730255663394928,-0.013699585571885109,0,1
0.5308957099914551,0.20912319421768188,-0.1753188818693161,0.5393508672714233,0.1927758902311325,-0.18669262528419495,0.5425676107406616,0.19226934015750885,-0.18673542141914368,0.5464228391647339,0.1921566277742386,-0.18671651184558868,0.5350797772407532,0.19338828325271606,-0.15180963277816772,0.5349448919296265,0.1932045817375183,-0.1518077552318573,0.5348752737045288,0.1928447037935257,-0.15182986855506897,0.5655292272567749,0.20597943663597107,-0.19067034125328064,0.5513148307800293,0.2024117112159729,-0.030407849699258804,0.5369265079498291,0.23029062151908875,-0.17469824850559235,0.5320009589195251,0.2292003035545349,-0.1295795440673828,0.5849509239196777,0.31906625628471375,-0.2895566523075104,0.5401774644851685,0.3350481688976288,0.11404435336589813,0.4913409650325775,0.43290889263153076,-0.39326027035713196,0.47679609060287476,0.43460774421691895,0.15125933289527893,0.39915555715560913,0.48625683784484863,-0.41130343079566956,0.3968236446380615,0.492952823638916,0.06556801497936249,0.37754854559898376,0.510156512260437,-0.46215710043907166,0.3746459484100342,0.5117661356925964,0.05894697457551956,0.37200483679771423,0.5019902586936951,-0.44435057044029236,0.3733634948730469,0.5088326334953308,0.01476479135453701,0.37926554679870605,0.49744442105293274,-0.40564823150634766,0.381194531917572,0.5066155195236206,0.04206524416804314,0.613389790058136,0.6026309728622437,-0.13120271265506744,0.5818394422531128,0.6046466827392578,0.1309574693441391,0.48637014627456665,0.464827299118042,-0.22920498251914978,0.4570513367652893,0.4704344868659973,0.1485418975353241,0.5214475393295288,0.6868230104446411,-0.03297065943479538,0.5257285237312317,0.6665223240852356,0.18046295642852783,0.5378843545913696,0.7213766574859619,-0.008344321511685848,0.5429831147193909,0.6985384225845337,0.1835653930902481,0.4824375510215759,0.7512451410293579,0.01316002942621708,0.5155647397041321,0.7383784651756287,0.18078161776065826,0,1
0.523525595664978,0.2091604620218277,-0.17328937351703644,0.5333298444747925,0.19283145666122437,-0.18290475010871887,0.5368293523788452,0.1923656314611435,-0.18296316266059875,0.5406628251075745,0.19243605434894562,-0.18296445906162262,0.5288183689117432,0.19279485940933228,-0.1476355642080307,0.5287002325057983,0.19237956404685974,-0.14765948057174683,0.5287019610404968,0.19180677831172943,-0.14769209921360016,0.5582278966903687,0.20704595744609833,-0.20022456347942352,0.5450698137283325,0.2024753838777542,-0.027555163949728012,0.5285598039627075,0.2303491234779358,-0.17161844670772552,0.5240483283996582,0.2288704365491867,-0.12750382721424103,0.5693767070770264,0.32238513231277466,-0.3003726303577423,0.5429238080978394,0.3352711796760559,0.125531405210495,0.4717298448085785,0.43730899691581726,-0.39296218752861023,0.46654200553894043,0.43607211112976074,0.15856926143169403,0.3818873167037964,0.49117881059646606,-0.40157580375671387,0.38395315408706665,0.4925561249256134,0.08048240840435028,0.36376649141311646,0.5135573148727417,-0.4528771936893463,0.3654496371746063,0.5105609893798828,0.07801215350627899,0.3594650626182556,0.5071931481361389,-0.4335729479789734,0.3640519976615906,0.509215235710144,0.034146033227443695,0.36470040678977966,0.5051528215408325,-0.39548778533935547,0.36842313408851624,0.508785605430603,0.05772050470113754,0.6113066673278809,0.6046956181526184,-0.13525916635990143,0.5867375731468201,0.6043251752853394,0.13504210114479065,0.48619717359542847,0.467332661151886,-0.21321837604045868,0.4599447250366211,0.4729771614074707,0.16467025876045227,0.5240136384963989,0.6888514757156372,-0.019509801641106606,0.529006838798523,0.6697726845741272,0.23299343883991241,0.5396773815155029,0.7209771275520325,0.004723870661109686,0.5492027401924133,0.6979237198829651,0.24040889739990234,0.48669037222862244,0.7723952531814575,0.036097265779972076,0.516893208026886,0.7489760518074036,0.25066375732421875,0,1
0.5270909667015076,0.2091783583164215,-0.19864220917224884,0.5374919176101685,0.19293302297592163,-0.21175026893615723,0.5407865643501282,0.19262495636940002,-0.21183562278747559,0.5443903207778931,0.19281582534313202,-0.21187102794647217,0.5325620174407959,0.19276760518550873,-0.1754564642906189,0.5322700142860413,0.1923641413450241,-0.1754395067691803,0.5322051048278809,0.19180603325366974,-0.1754596084356308,0.56041020154953,0.208546444773674,-0.21662922203540802,0.5482369661331177,0.20306453108787537,-0.05204350873827934,0.5322445631027222,0.23080989718437195,-0.19878262281417847,0.5271303057670593,0.2291511595249176,-0.1514258235692978,0.5714085102081299,0.32530316710472107,-0.3104146122932434,0.546318531036377,0.3376826047897339,0.1042749434709549,0.47580403089523315,0.43707990646362305,-0.40486735105514526,0.4732678532600403,0.43577906489372253,0.12245907634496689,0.3887985646724701,0.4907962679862976,-0.41920775175094604,0.39476364850997925,0.4921703040599823,0.024788420647382736,0.3684138059616089,0.5157548785209656,-0.47313886880874634,0.37296050786972046,0.5120571851730347,0.01811102032661438,0.3641359210014343,0.5125734806060791,-0.45331209897994995,0.37053316831588745,0.5125620365142822,-0.02878764271736145,0.3711739182472229,0.5080158710479736,-0.4136126637458801,0.37659329175949097,0.5095632076263428,-1.890606108645443e-05,0.615780234336853,0.6102602481842041,-0.13414938747882843,0.5911410450935364,0.6059331297874451,0.133884459733963,0.49102598428726196,0.46660351753234863,-0.18158473074436188,0.46642011404037476,0.46260371804237366,0.19806331396102905,0.5269811153411865,0.6896167993545532,0.008648136630654335,0.5357791185379028,0.6671286821365356,0.2650586664676666,0.5428978800773621,0.7232792377471924,0.03129185363650322,0.5578842163085938,0.6937549114227295,0.271890252828598,0.48562687635421753,0.7666669487953186,0.054866351187229156,0.5258702635765076,0.7283227443695068,0.28144150972366333,0,1
0.5330439209938049,0.2092064768075943,-0.19619634747505188,0.54494309425354,0.192864328622818,-0.1961938887834549,0.5483226180076599,0.1925077587366104,-0.19627685844898224,0.5518568754196167,0.19264666736125946,-0.1962684690952301,0.5391790866851807,0.19276568293571472,-0.1677773892879486,0.5384930968284607,0.19237057864665985,-0.16783855855464935,0.5380497574806213,0.1918189823627472,-0.16784286499023438,0.5662218332290649,0.2083193063735962,-0.1752007007598877,0.5498356819152832,0.20280365645885468,-0.033269260078668594,0.5413196086883545,0.23086011409759521,-0.18191054463386536,0.5312628149986267,0.2292187362909317,-0.1439645141363144,0.5783711075782776,0.32521751523017883,-0.2661270499229431,0.5495936274528503,0.3376374840736389,0.12423153966665268,0.4927440583705902,0.4355567395687103,-0.3391663730144501,0.48309236764907837,0.4330214560031891,0.16059322655200958,0.4014398455619812,0.48809584975242615,-0.33863410353660583,0.4048667848110199,0.49108582735061646,0.07048904895782471,0.37792569398880005,0.5137438774108887,-0.3790607750415802,0.3838565945625305,0.511749804019928,0.07190903276205063,0.37846583127975464,0.5118787288665771,-0.3608872592449188,0.3834279775619507,0.5119575262069702,0.030124995857477188,0.3856714367866516,0.5064815878868103,-0.33182844519615173,0.3906348943710327,0.5084583759307861,0.048827625811100006,0.6275061368942261,0.6101123094558716,-0.12758931517601013,0.5983819961547852,0.6073124408721924,0.12729373574256897,0.5123974680900574,0.4665241241455078,-0.2164653092622757,0.48870182037353516,0.46578460931777954,0.1805734932422638,0.5219447016716003,0.6904579997062683,-0.10878505557775497,0.5270493626594543,0.6814758777618408,0.14052607119083405,0.5317164659500122,0.7491991519927979,-0.0956365317106247,0.5448335409164429,0.7132025957107544,0.13393770158290863,0.45979562401771545,0.7253245115280151,-0.11391631513834,0.49247103929519653,0.723237156867981,0.1141592413187027,0,1
0.5645509362220764,0.2059665322303772,-0.24093592166900635,0.5740469098091125,0.18997575342655182,-0.24617847800254822,0.5775470733642578,0.18999601900577545,-0.24623534083366394,0.5817034244537354,0.19065067172050476,-0.24626684188842773,0.5687617063522339,0.1894303262233734,-0.21494369208812714,0.5679874420166016,0.18892648816108704,-0.21500305831432343,0.5672820806503296,0.18828129768371582,-0.21501252055168152,0.5985027551651001,0.20694682002067566,-0.22404265403747559,0.5780152082443237,0.19932721555233002,-0.081959068775177,0.570376992225647,0.22854217886924744,-0.23160366714000702,0.5631064772605896,0.2262856811285019,-0.19039691984653473,0.6178700923919678,0.32331302762031555,-0.3030858635902405,0.564570963382721,0.332999050617218,0.07772289216518402,0.5315002202987671,0.432525634765625,-0.38535362482070923,0.5023513436317444,0.42237603664398193,0.12950265407562256,0.44123291969299316,0.46731558442115784,-0.40991654992103577,0.4295377731323242,0.4674290120601654,0.027735820040106773,0.41828036308288574,0.4902760088443756,-0.4591950476169586,0.4089638292789459,0.4879761040210724,0.023214366286993027,0.4150790274143219,0.48397257924079895,-0.44534963369369507,0.4079447388648987,0.4859716296195984,-0.019062893465161324,0.42358821630477905,0.4768998920917511,-0.40602749586105347,0.4146002233028412,0.4812702238559723,0.005669083911925554,0.646258533000946,0.6034528017044067,-0.1256287842988968,0.6129319667816162,0.5981107354164124,0.12542890012264252,0.5310989618301392,0.4667748212814331,-0.2319376915693283,0.5069583654403687,0.46664080023765564,0.12708780169487,0.5314317345619202,0.6933939456939697,-0.1015094667673111,0.5208191275596619,0.6816169619560242,0.1448686569929123,0.5411276817321777,0.7501078248023987,-0.08776766806840897,0.5311509370803833,0.7183772325515747,0.14387747645378113,0.46734777092933655,0.7159311175346375,-0.11859997361898422,0.46734172105789185,0.7108885645866394,0.12151919305324554,0,1
0.5997146964073181,0.20671966671943665,-0.22457221150398254,0.6098157167434692,0.1903323531150818,-0.2279101312160492,0.6142044067382812,0.19013451039791107,-0.2279735803604126,0.6186500191688538,0.19067828357219696,-0.22799286246299744,0.6026086807250977,0.19059719145298004,-0.1974550187587738,0.6013809442520142,0.19050735235214233,-0.19751018285751343,0.6002358794212341,0.19036106765270233,-0.19753412902355194,0.6350274682044983,0.20687107741832733,-0.17708416283130646,0.6117006540298462,0.20010370016098022,-0.06827279180288315,0.6066974401473999,0.23013046383857727,-0.2154732495546341,0.5992668867111206,0.2289542257785797,-0.1729542464017868,0.6586865186691284,0.3211609125137329,-0.24786853790283203,0.5977922677993774,0.33023276925086975,0.08914362639188766,0.5785050988197327,0.42070409655570984,-0.3531145751476288,0.5320188403129578,0.41283488273620605,0.12839877605438232,0.4922795295715332,0.45422470569610596,-0.4032699167728424,0.4646182656288147,0.46039390563964844,0.008963113650679588,0.4675430357456207,0.47312864661216736,-0.45140084624290466,0.4474645256996155,0.473310261964798,-0.0058773113414645195,0.46333423256874084,0.46795517206192017,-0.44015440344810486,0.4467552602291107,0.4737754762172699,-0.047846220433712006,0.4711114466190338,0.4639692008495331,-0.4010747969150543,0.45193052291870117,0.47185447812080383,-0.014543401077389717,0.6714440584182739,0.6015616655349731,-0.11933121830224991,0.6335035562515259,0.5939713716506958,0.11903321743011475,0.5645900964736938,0.46754714846611023,-0.27636200189590454,0.5244932770729065,0.4676416218280792,0.042292289435863495,0.5379387140274048,0.7074822187423706,-0.23506727814674377,0.5123881101608276,0.6962778568267822,-0.00848216749727726,0.5474562644958496,0.7641711831092834,-0.23091533780097961,0.5193151235580444,0.7353144288063049,-0.016910571604967117,0.47791680693626404,0.7326983213424683,-0.29295891523361206,0.45794329047203064,0.710284411907196,-0.0715363398194313,0,1
0.6379969120025635,0.2073853611946106,-0.14742513000965118,0.6464006304740906,0.19141413271427155,-0.14474929869174957,0.650629460811615,0.19124361872673035,-0.14473837614059448,0.6552607417106628,0.19155290722846985,-0.14466705918312073,0.6401817202568054,0.19172994792461395,-0.11983706802129745,0.6392043232917786,0.19174183905124664,-0.11990449577569962,0.6382191181182861,0.1917167454957962,-0.11995359510183334,0.6724804043769836,0.20686694979667664,-0.10101586580276489,0.6483688354492188,0.20138715207576752,0.011890674009919167,0.6444151997566223,0.23061904311180115,-0.1320044845342636,0.6373550295829773,0.2298193871974945,-0.09881588816642761,0.6967548131942749,0.31555989384651184,-0.17715607583522797,0.6326797008514404,0.32916396856307983,0.137663334608078,0.6163740754127502,0.4177933633327484,-0.28554093837738037,0.5656734108924866,0.4064670205116272,0.1812322735786438,0.5246080160140991,0.4457394480705261,-0.33985331654548645,0.4963178038597107,0.45087581872940063,0.07635749876499176,0.5002120733261108,0.4587576985359192,-0.37771791219711304,0.47774285078048706,0.45554372668266296,0.06609711796045303,0.49820175766944885,0.4545666575431824,-0.3651413023471832,0.4778568744659424,0.45765769481658936,0.02955802157521248,0.5052611231803894,0.45236605405807495,-0.336162269115448,0.48632103204727173,0.45653825998306274,0.05632083863019943,0.6993953585624695,0.5908504128456116,-0.11155068874359131,0.658701479434967,0.5876235365867615,0.11121314764022827,0.5870722532272339,0.47690996527671814,-0.30188021063804626,0.5552955865859985,0.47137972712516785,0.047886114567518234,0.5447995662689209,0.7127554416656494,-0.34707316756248474,0.5187021493911743,0.7011426687240601,-0.023651836439967155,0.5504992008209229,0.7761314511299133,-0.35042089223861694,0.5234638452529907,0.7357785701751709,-0.03274878114461899,0.48485249280929565,0.7320801615715027,-0.4182985723018646,0.4654417932033539,0.7078881859779358,-0.08193458616733551,0,1
0.6740565896034241,0.21772325038909912,-0.13101443648338318,0.6814849376678467,0.20049500465393066,-0.12540221214294434,0.6852697134017944,0.19974683225154877,-0.1253686249256134,0.6900241374969482,0.19911493360996246,-0.1252783238887787,0.6754642724990845,0.20114006102085114,-0.10542043298482895,0.6743758320808411,0.20132631063461304,-0.10549775511026382,0.6733466386795044,0.20151133835315704,-0.10555179417133331,0.7070693969726562,0.20969444513320923,-0.07458652555942535,0.6830788254737854,0.20845527946949005,0.016943082213401794,0.6815146207809448,0.2374725192785263,-0.11224047094583511,0.674268901348114,0.23815801739692688,-0.08561581373214722,0.7320625185966492,0.31377559900283813,-0.14283940196037292,0.6684328317642212,0.324774831533432,0.13851222395896912,0.6547114253044128,0.40508970618247986,-0.23419189453125,0.6065770387649536,0.3952884376049042,0.1788821816444397,0.5662783980369568,0.425040066242218,-0.27729541063308716,0.5427344441413879,0.4322173595428467,0.07678701728582382,0.5464342832565308,0.43979915976524353,-0.3077678680419922,0.5239263772964478,0.44300177693367004,0.06692849844694138,0.544341504573822,0.4364762306213379,-0.2984803318977356,0.5243589282035828,0.4427288770675659,0.03454378992319107,0.5519226789474487,0.43340399861335754,-0.2736636996269226,0.5320354700088501,0.4400891065597534,0.058773208409547806,0.726265013217926,0.5794563889503479,-0.1017841249704361,0.6860796213150024,0.5690459609031677,0.1015315055847168,0.6089094877243042,0.5112522840499878,-0.30667605996131897,0.5769566893577576,0.48231041431427,0.005541634745895863,0.5468197464942932,0.7225359678268433,-0.38901203870773315,0.5186940431594849,0.6995143294334412,-0.0790112242102623,0.5505191683769226,0.7815447449684143,-0.3967787027359009,0.5255550146102905,0.7350483536720276,-0.08931160718202591,0.4882858395576477,0.7284198999404907,-0.47329792380332947,0.4640371799468994,0.6976108551025391,-0.13913223147392273,0,1
0.7052823305130005,0.22783419489860535,-0.11853237450122833,0.712854266166687,0.2099732756614685,-0.11397429555654526,0.7168782949447632,0.20904356241226196,-0.11392877995967865,0.7213658690452576,0.20827272534370422,-0.11384084075689316,0.7057174444198608,0.21098113059997559,-0.09377001225948334,0.7041645050048828,0.211210235953331,-0.09385083615779877,0.7028107643127441,0.21149082481861115,-0.09389658272266388,0.7381970286369324,0.2186509519815445,-0.0675329938530922,0.7110714912414551,0.21845786273479462,0.024644430726766586,0.7141204476356506,0.2461986094713211,-0.10096856206655502,0.7057417631149292,0.24614450335502625,-0.07412098348140717,0.7662285566329956,0.3145923912525177,-0.1354999840259552,0.6971563100814819,0.32447174191474915,0.14882886409759521,0.6938778758049011,0.4039933979511261,-0.23283390700817108,0.6354768872261047,0.3968203663825989,0.1923866868019104,0.6140683889389038,0.42370015382766724,-0.2947429120540619,0.575139045715332,0.42671895027160645,0.07862215489149094,0.5927484631538391,0.435484915971756,-0.32737040519714355,0.554780125617981,0.4385664165019989,0.06844761967658997,0.5892656445503235,0.4308232069015503,-0.31958097219467163,0.5560638308525085,0.4358006715774536,0.040218956768512726,0.5964085459709167,0.4292111396789551,-0.2914157807826996,0.564527153968811,0.43280231952667236,0.06270606815814972,0.7517890334129333,0.5783582329750061,-0.10141156613826752,0.7112008333206177,0.5619471073150635,0.10122593492269516,0.6281925439834595,0.5350363254547119,-0.28484004735946655,0.5981993675231934,0.5059505701065063,0.005752380006015301,0.5500132441520691,0.7319855690002441,-0.33514484763145447,0.5208734273910522,0.6989776492118835,-0.04894808307290077,0.5501612424850464,0.7851579189300537,-0.3404770493507385,0.5205763578414917,0.7398231625556946,-0.05630563572049141,0.4902871549129486,0.7176516056060791,-0.41871875524520874,0.465341717004776,0.6901949048042297,-0.10751191526651382,0,1
0.7272440791130066,0.24059094488620758,-0.030069056898355484,0.7344416379928589,0.22338047623634338,-0.0339793935418129,0.7384532690048218,0.22148622572422028,-0.033986423164606094,0.7425366640090942,0.21908721327781677,-0.03394445776939392,0.7273467779159546,0.22518976032733917,-0.009795035235583782,0.725993812084198,0.22548535466194153,-0.009890014305710793,0.7246884703636169,0.2258586287498474,-0.009983187541365623,0.7584074139595032,0.22286812961101532,-0.021445896476507187,0.7351793646812439,0.2291768342256546,0.08749623596668243,0.7374776601791382,0.25599366426467896,-0.024146955460309982,0.729134202003479,0.2579510509967804,0.007584817707538605,0.7946117520332336,0.31581780314445496,-0.1016727089881897,0.7225593328475952,0.3261708915233612,0.18756058812141418,0.7497656941413879,0.4127870798110962,-0.22874338924884796,0.6672475337982178,0.39914169907569885,0.20564702153205872,0.6671910881996155,0.4227762520313263,-0.30671948194503784,0.600608229637146,0.4292122423648834,0.07436774671077728,0.6441181302070618,0.4339819550514221,-0.342697411775589,0.5814507603645325,0.44043058156967163,0.06642000377178192,0.6407319903373718,0.42813795804977417,-0.3330363631248474,0.5833468437194824,0.43669891357421875,0.03324660286307335,0.64777672290802,0.4270975887775421,-0.303325355052948,0.590976357460022,0.4345906972885132,0.05734030157327652,0.769210934638977,0.5770273208618164,-0.10046662390232086,0.7250887751579285,0.5586140751838684,0.10039178282022476,0.641815185546875,0.5743655562400818,-0.23766091465950012,0.6178617477416992,0.5391044616699219,-0.04632984846830368,0.5472151637077332,0.7426539063453674,-0.32144981622695923,0.5220432877540588,0.6982077956199646,-0.13101881742477417,0.5396856665611267,0.7927773594856262,-0.3288642168045044,0.5152989625930786,0.7382062077522278,-0.14059846103191376,0.4896063208580017,0.7179970741271973,-0.41755715012550354,0.4626147150993347,0.6725133061408997,-0.2042785882949829,0,1
0.7431460022926331,0.251766175031662,0.005934182554483414,0.7492576837539673,0.23357011377811432,0.004089662805199623,0.7534781694412231,0.23258154094219208,0.00408104108646512,0.758316695690155,0.2309596836566925,0.004096562042832375,0.7429444193840027,0.23540450632572174,0.024915186688303947,0.7417983412742615,0.2357538640499115,0.024829333648085594,0.7404103875160217,0.23609453439712524,0.024746036157011986,0.7753036022186279,0.23269307613372803,0.01907375454902649,0.7488605976104736,0.23895218968391418,0.11218272149562836,0.7534780502319336,0.270503431558609,0.011958805844187737,0.7442482709884644,0.2735271453857422,0.0391719713807106,0.8129108548164368,0.3189854621887207,-0.04528849199414253,0.7402281761169434,0.33378520607948303,0.17793694138526917,0.7882475256919861,0.43553751707077026,-0.16139045357704163,0.6862221956253052,0.4216100573539734,0.14486651122570038,0.7066938281059265,0.4231591522693634,-0.2503581643104553,0.6342673897743225,0.43003395199775696,-0.029358383268117905,0.6880183815956116,0.43605494499206543,-0.27678382396698,0.6207290887832642,0.44073477387428284,-0.05798016116023064,0.6838132739067078,0.42852583527565,-0.27240586280822754,0.6230208873748779,0.4364381432533264,-0.0716569572687149,0.6902295351028442,0.4273613691329956,-0.24769313633441925,0.6288777589797974,0.435409814119339,-0.04247104004025459,0.7774743437767029,0.5730857253074646,-0.07630352675914764,0.733279824256897,0.5518120527267456,0.07630690932273865,0.6543685793876648,0.5976423621177673,-0.2046700268983841,0.6309632658958435,0.5622059106826782,-0.06634285300970078,0.5549930334091187,0.761527419090271,-0.33236902952194214,0.5277881026268005,0.6979111433029175,-0.20153871178627014,0.5429342985153198,0.8059764504432678,-0.344815194606781,0.5199243426322937,0.7293875813484192,-0.2159590721130371,0.4900515675544739,0.7245601415634155,-0.4324946999549866,0.46324974298477173,0.6664496660232544,-0.27540677785873413,0,1
0.744102418422699,0.2499009072780609,0.06113462895154953,0.7505456209182739,0.23172613978385925,0.06267635524272919,0.7545727491378784,0.2301436960697174,0.06265793740749359,0.7588744163513184,0.22830748558044434,0.06260325014591217,0.7430294156074524,0.23394881188869476,0.08261652290821075,0.7415739297866821,0.23431305587291718,0.08259276300668716,0.7401133179664612,0.23450109362602234,0.08250177651643753,0.7761529684066772,0.2321387678384781,0.08436573296785355,0.7508975267410278,0.2372599095106125,0.17811504006385803,0.7538117170333862,0.267463356256485,0.06952080130577087,0.7467317581176758,0.2708851993083954,0.09675277024507523,0.8182322382926941,0.3154298663139343,0.042839791625738144,0.7448409795761108,0.3359750211238861,0.22448070347309113,0.8231927752494812,0.45673489570617676,-0.019505830481648445,0.7225033640861511,0.4557998776435852,0.20038631558418274,0.7435469627380371,0.43030810356140137,-0.06802979856729507,0.6777961254119873,0.43951448798179626,0.033037055283784866,0.7244196534156799,0.4382665455341339,-0.08518502861261368,0.6612148284912109,0.4415896534919739,-0.016531068831682205,0.7245975732803345,0.4297797381877899,-0.07975435256958008,0.6617544293403625,0.4374609589576721,-0.011106015183031559,0.7310035824775696,0.428151398897171,-0.06339146196842194,0.6689362525939941,0.4358697533607483,0.02237461693584919,0.7799099683761597,0.5661436915397644,-0.06826459616422653,0.7364779710769653,0.5466756820678711,0.06829600781202316,0.6634699702262878,0.6179356575012207,-0.20907025039196014,0.6383825540542603,0.5832275152206421,-0.06883536279201508,0.5601745843887329,0.767116129398346,-0.3555724620819092,0.5274943113327026,0.6976078748703003,-0.21373598277568817,0.5486578345298767,0.8131752610206604,-0.37127581238746643,0.5169122219085693,0.7352226376533508,-0.2301698476076126,0.4930132031440735,0.7670205235481262,-0.4639880061149597,0.464285284280777,0.6656966805458069,-0.2873461842536926,0,1
0.7372657656669617,0.24270041286945343,0.009173630736768246,0.743691086769104,0.22375859320163727,0.000378296768758446,0.7479029297828674,0.2224145233631134,0.00025477324379608035,0.7524706125259399,0.22013208270072937,0.00010716696124291047,0.7371164560317993,0.22620151937007904,0.021894175559282303,0.7358140349388123,0.22693924605846405,0.021854814141988754,0.7345228791236877,0.22774893045425415,0.02176065929234028,0.7695512771606445,0.2220577597618103,0.0013220813125371933,0.7458612322807312,0.23386523127555847,0.10365015268325806,0.747323215007782,0.2611721158027649,0.007652106694877148,0.7392842769622803,0.2637062072753906,0.03841311112046242,0.8163501024246216,0.31477800011634827,-0.019417764618992805,0.7408003807067871,0.33588558435440063,0.1693495213985443,0.8416484594345093,0.4639602601528168,-0.0898224264383316,0.7318967580795288,0.4607768654823303,0.17543353140354156,0.7640067338943481,0.4418092966079712,-0.14295712113380432,0.6929217576980591,0.4464297294616699,0.01433364488184452,0.741963803768158,0.4470881223678589,-0.16303320229053497,0.6765258312225342,0.44839274883270264,-0.016461890190839767,0.7409666776657104,0.43068182468414307,-0.1534382700920105,0.6754939556121826,0.43862736225128174,-0.029398459941148758,0.7455236911773682,0.4287545084953308,-0.13660281896591187,0.6819723844528198,0.4375702440738678,0.001711445627734065,0.7847839593887329,0.5663619041442871,-0.06990893185138702,0.7392293214797974,0.5481480360031128,0.07006710022687912,0.66944819688797,0.6248505711555481,-0.21480968594551086,0.6409057974815369,0.5938243865966797,-0.09271327406167984,0.5593026280403137,0.7647120952606201,-0.33988529443740845,0.5277754068374634,0.6998612880706787,-0.21741478145122528,0.5490415096282959,0.8101727962493896,-0.3577226996421814,0.5173589587211609,0.7366044521331787,-0.23216652870178223,0.49429184198379517,0.7575396299362183,-0.4461483955383301,0.4634943902492523,0.661992073059082,-0.29981884360313416,0,1
0.7338517904281616,0.2347058653831482,0.006136242765933275,0.7402969598770142,0.21666251122951508,0.008779915049672127,0.7445152997970581,0.21604880690574646,0.008739317767322063,0.7490860223770142,0.21489234268665314,0.00869513489305973,0.7335717678070068,0.21845972537994385,0.026615489274263382,0.7322705388069153,0.2191726416349411,0.026565751060843468,0.7309777736663818,0.21984443068504333,0.02647671476006508,0.7659502029418945,0.2190508097410202,0.031681571155786514,0.7420635223388672,0.228278249502182,0.11418548971414566,0.7435678839683533,0.25564494729042053,0.013468983583152294,0.7357600927352905,0.2568845748901367,0.03826979175209999,0.8097822070121765,0.3154902458190918,-0.004516425542533398,0.7357434034347534,0.33729317784309387,0.17109347879886627,0.8238603472709656,0.47042086720466614,-0.0628867894411087,0.7212684154510498,0.46398472785949707,0.1794285774230957,0.7424251437187195,0.4559828042984009,-0.11479778587818146,0.6781376004219055,0.4572426378726959,0.03258758410811424,0.7222650647163391,0.4632776975631714,-0.13402390480041504,0.6631099581718445,0.46425217390060425,0.0016464436193928123,0.7181476354598999,0.45193052291870117,-0.12638390064239502,0.6633229851722717,0.4556618928909302,-0.010678516700863838,0.7259169816970825,0.4444466531276703,-0.10890916734933853,0.6700342893600464,0.4508691132068634,0.020715154707431793,0.783211350440979,0.5574271082878113,-0.0656963437795639,0.7382506132125854,0.5468267798423767,0.06585126370191574,0.6710678935050964,0.6204409003257751,-0.2265024185180664,0.6426504254341125,0.6018809676170349,-0.10842482000589371,0.558660626411438,0.7637797594070435,-0.36013758182525635,0.5287637710571289,0.699946939945221,-0.25113925337791443,0.549360990524292,0.8095373511314392,-0.3748045861721039,0.5240680575370789,0.7337008118629456,-0.2674458622932434,0.4969727396965027,0.763850212097168,-0.47448262572288513,0.4648039937019348,0.6622685790061951,-0.3333902955055237,0,1
0.7202298045158386,0.23090235888957977,-0.08717957139015198,0.7307918071746826,0.21400387585163116,-0.08112116158008575,0.7348609566688538,0.21401244401931763,-0.0811934620141983,0.7394717931747437,0.2136985957622528,-0.08120761066675186,0.7229524254798889,0.21416805684566498,-0.06446611136198044,0.7218909859657288,0.21443217992782593,-0.06455199420452118,0.720931887626648,0.2145608514547348,-0.0646330863237381,0.7536610960960388,0.21955110132694244,-0.05003272742033005,0.7329286336898804,0.2255052924156189,0.024751165881752968,0.7284833192825317,0.2539466321468353,-0.07713103294372559,0.7203660607337952,0.253639280796051,-0.05514124780893326,0.7930639982223511,0.3191508650779724,-0.08829968422651291,0.7195603847503662,0.3373459279537201,0.10415303707122803,0.8092893362045288,0.4702850878238678,-0.16030462086200714,0.7047717571258545,0.4607853889465332,0.1163332611322403,0.7270147204399109,0.4670902192592621,-0.23666474223136902,0.6539057493209839,0.4659176766872406,-0.03801443800330162,0.7064816951751709,0.4755799472332001,-0.26461392641067505,0.6375862956047058,0.47150811553001404,-0.06501777470111847,0.7014236450195312,0.46090105175971985,-0.25523459911346436,0.6358842849731445,0.4648732841014862,-0.08565571159124374,0.7045726776123047,0.4577762186527252,-0.2315729558467865,0.6426280736923218,0.4634726345539093,-0.05323087051510811,0.7815197706222534,0.5582201480865479,-0.0664215013384819,0.7365196943283081,0.5471934676170349,0.06656883656978607,0.6694883108139038,0.6216421127319336,-0.2262379378080368,0.6399171352386475,0.5994924902915955,-0.1126820296049118,0.5600586533546448,0.766264796257019,-0.32154273986816406,0.5304257273674011,0.6948981285095215,-0.22696271538734436,0.5506875514984131,0.8097164630889893,-0.3331815302371979,0.5265965461730957,0.7337610721588135,-0.24488933384418488,0.503421425819397,0.7584937810897827,-0.4341457784175873,0.4758589267730713,0.6627207398414612,-0.3044341802597046,0,1
0.7022895812988281,0.23317638039588928,-0.07385963946580887,0.7128397226333618,0.2172950953245163,-0.07011532038450241,0.7166063189506531,0.2175261378288269,-0.07019343972206116,0.7202010750770569,0.21776938438415527,-0.07023291289806366,0.7068197131156921,0.21681267023086548,-0.05430383235216141,0.7058731317520142,0.21690675616264343,-0.05437183380126953,0.704983115196228,0.21690042316913605,-0.054446030408144,0.733484148979187,0.22820883989334106,-0.04684646800160408,0.7153638601303101,0.22846387326717377,0.02289038710296154,0.7081741094589233,0.2566939890384674,-0.0662401095032692,0.7012156844139099,0.2550976574420929,-0.04560122638940811,0.7709755897521973,0.32703325152397156,-0.0977138951420784,0.698496401309967,0.3435291349887848,0.0929032638669014,0.7742671966552734,0.47946897149086,-0.16505305469036102,0.668213963508606,0.4634344279766083,0.056359998881816864,0.6893972158432007,0.4930771589279175,-0.2193567007780075,0.6201010346412659,0.47009986639022827,-0.12172216176986694,0.6705435514450073,0.5006542801856995,-0.24441930651664734,0.6052758693695068,0.47833091020584106,-0.15237067639827728,0.6675833463668823,0.48588117957115173,-0.23633626103401184,0.605151891708374,0.4717356860637665,-0.16810032725334167,0.6723803281784058,0.48050400614738464,-0.21487200260162354,0.6111066937446594,0.4695959687232971,-0.13579562306404114,0.7734217047691345,0.5630355477333069,-0.06640729308128357,0.7268280386924744,0.5532125234603882,0.06666460633277893,0.6628655791282654,0.6145209670066833,-0.2426043450832367,0.6372931599617004,0.5966903567314148,-0.12641125917434692,0.5547902584075928,0.765825629234314,-0.36333566904067993,0.529742956161499,0.6986193060874939,-0.26990869641304016,0.5466486215591431,0.8084019422531128,-0.3759574294090271,0.5266801714897156,0.7428209781646729,-0.2856065630912781,0.4895292818546295,0.7480207681655884,-0.4698806703090668,0.4753764569759369,0.6726251244544983,-0.3481941223144531,0,1
0.679459273815155,0.2429528385400772,-0.12156939506530762,0.6902630925178528,0.2279074341058731,-0.12368758767843246,0.6934095621109009,0.22837980091571808,-0.12370999902486801,0.6970045566558838,0.22878104448318481,-0.12370187044143677,0.6845158338546753,0.22756259143352509,-0.10327699035406113,0.6838671565055847,0.2274579405784607,-0.10338540375232697,0.6833671927452087,0.22712789475917816,-0.10345806926488876,0.7123768329620361,0.24432002007961273,-0.11457665264606476,0.6951668858528137,0.23836813867092133,-0.024363938719034195,0.6848902702331543,0.2659274935722351,-0.11759064346551895,0.6782340407371521,0.2631220817565918,-0.0912804901599884,0.7442902326583862,0.34376880526542664,-0.16842928528785706,0.6783918738365173,0.3508305251598358,0.06358164548873901,0.7346343994140625,0.4966592490673065,-0.2082287073135376,0.6425274610519409,0.4653410315513611,0.09088875353336334,0.6508529782295227,0.5173054337501526,-0.23413416743278503,0.5973442792892456,0.48467114567756653,0.004641800187528133,0.6313670873641968,0.5264638066291809,-0.2633036971092224,0.582561731338501,0.49297332763671875,-0.00769104715436697,0.6299671530723572,0.5143308639526367,-0.25652313232421875,0.5786915421485901,0.4876847565174103,-0.031991682946681976,0.6359830498695374,0.5097720623016357,-0.23087136447429657,0.5867664813995361,0.48668888211250305,-0.009526027366518974,0.7672394514083862,0.5753135085105896,-0.07807178795337677,0.7230517864227295,0.5575733780860901,0.0783291682600975,0.6527912616729736,0.5884318947792053,-0.25187474489212036,0.6232774257659912,0.5547577142715454,-0.10181089490652084,0.5526527166366577,0.7565383315086365,-0.3413914442062378,0.5296719074249268,0.6981163620948792,-0.18662981688976288,0.5457959771156311,0.8061715960502625,-0.34988507628440857,0.5303011536598206,0.7465985417366028,-0.19637006521224976,0.48728838562965393,0.7235036492347717,-0.43911314010620117,0.4745416045188904,0.6758283972740173,-0.25589150190353394,0,1
0.655063271522522,0.2566179037094116,-0.1666252166032791,0.6662259697914124,0.24003469944000244,-0.16833272576332092,0.6699565052986145,0.24009010195732117,-0.16836674511432648,0.6740154027938843,0.24017049372196198,-0.16837459802627563,0.6604775190353394,0.23971286416053772,-0.14818920195102692,0.6596980094909668,0.2395768016576767,-0.14831620454788208,0.659042477607727,0.23929104208946228,-0.14839623868465424,0.6915174722671509,0.2559718191623688,-0.14834313094615936,0.6712933778762817,0.2482263743877411,-0.05750722438097,0.6624090671539307,0.27737540006637573,-0.15797899663448334,0.654686450958252,0.2758200764656067,-0.1316269040107727,0.7179608941078186,0.34607237577438354,-0.2011551409959793,0.6591820120811462,0.3581787645816803,0.05157751962542534,0.6983910202980042,0.5011543035507202,-0.24172668159008026,0.6149612069129944,0.46939340233802795,0.08979950845241547,0.6126669049263,0.5214018225669861,-0.25339674949645996,0.5602492094039917,0.49398282170295715,0.004926701541990042,0.5901194214820862,0.5374540686607361,-0.2852199673652649,0.5434877872467041,0.506676197052002,-0.005072824191302061,0.5861008763313293,0.5209813117980957,-0.277434766292572,0.5369008779525757,0.5008052587509155,-0.03359242528676987,0.5944291949272156,0.5155946016311646,-0.25061947107315063,0.5454570055007935,0.4976324737071991,-0.010900907218456268,0.7636354565620422,0.5772686004638672,-0.08819388598203659,0.7223275899887085,0.5676273107528687,0.08842391520738602,0.6403940916061401,0.5641165971755981,-0.24904385209083557,0.6198083758354187,0.5575986504554749,-0.053806811571121216,0.5527154207229614,0.7366340756416321,-0.2944292724132538,0.5331641435623169,0.7001627683639526,-0.13495343923568726,0.5490106344223022,0.7855647802352905,-0.30013778805732727,0.5300195217132568,0.7572419047355652,-0.1450212150812149,0.5012480616569519,0.7225608229637146,-0.38665831089019775,0.475527822971344,0.6885001063346863,-0.20670552551746368,0,1
0.6345405578613281,0.26186898350715637,-0.20694582164287567,0.6433971524238586,0.24433955550193787,-0.20906439423561096,0.6467299461364746,0.244849294424057,-0.20902712643146515,0.650825023651123,0.24547532200813293,-0.2089889794588089,0.6384937763214111,0.24281375110149384,-0.19047297537326813,0.6378158330917358,0.24220386147499084,-0.19063174724578857,0.6370887756347656,0.24146349728107452,-0.19067487120628357,0.6689683198928833,0.2603324353694916,-0.18152286112308502,0.6473124623298645,0.2533405125141144,-0.09834656119346619,0.6404481530189514,0.2824144661426544,-0.19493120908737183,0.6336492300033569,0.2815472483634949,-0.1706143319606781,0.6941715478897095,0.355226993560791,-0.22553841769695282,0.6392704844474792,0.3597867786884308,0.022023390978574753,0.6528657674789429,0.5126120448112488,-0.23142428696155548,0.592583954334259,0.4696652591228485,0.0776626244187355,0.5759739279747009,0.5288530588150024,-0.21473033726215363,0.5399608612060547,0.5037469863891602,0.029853949323296547,0.5563021898269653,0.5488382577896118,-0.24098196625709534,0.5210460424423218,0.513087809085846,0.03204178065061569,0.5487384796142578,0.5287944674491882,-0.23466534912586212,0.5183713436126709,0.510979950428009,0.002058203797787428,0.5571711659431458,0.5217185616493225,-0.21269378066062927,0.5264641046524048,0.509745180606842,0.015452144667506218,0.7558742761611938,0.5787506699562073,-0.09193062782287598,0.7168170809745789,0.5670340657234192,0.09187084436416626,0.623827338218689,0.5395005345344543,-0.19196799397468567,0.5991719961166382,0.522386372089386,0.0939001739025116,0.5495637655258179,0.7336580157279968,-0.21174320578575134,0.5332323908805847,0.6974339485168457,0.08007542788982391,0.5510300397872925,0.7825742363929749,-0.21450340747833252,0.5350819826126099,0.7444444298744202,0.07663163542747498,0.4896797239780426,0.718515932559967,-0.2699414789676666,0.4781959652900696,0.6939721703529358,0.052849311381578445,0,1
0.6106902360916138,0.2651453912258148,-0.19005447626113892,0.6214925050735474,0.24755744636058807,-0.2001330852508545,0.625147819519043,0.24836799502372742,-0.20013055205345154,0.6288361549377441,0.24930787086486816,-0.20013968646526337,0.6165124177932739,0.24548667669296265,-0.17602147161960602,0.6162914037704468,0.24469366669654846,-0.17618104815483093,0.6161875128746033,0.24385859072208405,-0.17620627582073212,0.6457508206367493,0.2655031979084015,-0.2031613290309906,0.6302195191383362,0.25627678632736206,-0.09426141530275345,0.6160556674003601,0.2871524691581726,-0.18885686993598938,0.6106013059616089,0.2847961485385895,-0.15732784569263458,0.668258547782898,0.3673613667488098,-0.25624099373817444,0.6186304688453674,0.35953488945961,0.010951654985547066,0.6142367720603943,0.5135068893432617,-0.2831956744194031,0.5645769238471985,0.46714019775390625,0.044754959642887115,0.5324487090110779,0.5255772471427917,-0.2661187946796417,0.5093982815742493,0.5007928013801575,-0.003802018240094185,0.5091437697410583,0.5422919988632202,-0.3066824674606323,0.496633917093277,0.5111745595932007,0.0011986005119979382,0.5049663186073303,0.5259855389595032,-0.29773595929145813,0.4957725405693054,0.5085386633872986,-0.03817153349518776,0.5115770101547241,0.5170693397521973,-0.2646862864494324,0.4999557435512543,0.5070486664772034,-0.020972881466150284,0.7417493462562561,0.5821164846420288,-0.09231653809547424,0.7067132592201233,0.5668231844902039,0.09228399395942688,0.6185871362686157,0.5167495608329773,-0.2059275358915329,0.5843111276626587,0.49117714166641235,0.09868406504392624,0.5488048195838928,0.7179886102676392,-0.22108547389507294,0.534485399723053,0.68622225522995,0.08618451654911041,0.5508846044540405,0.7703254818916321,-0.22231623530387878,0.5348471403121948,0.7299023866653442,0.08314165472984314,0.4818044602870941,0.7083389759063721,-0.27812492847442627,0.4832484722137451,0.6977571845054626,0.06045297533273697,0,1
0.58794105052948,0.2646363079547882,-0.22667989134788513,0.5982590913772583,0.24863488972187042,-0.23161323368549347,0.6015189290046692,0.2493368536233902,-0.23161689937114716,0.6051675081253052,0.25034099817276,-0.2316216677427292,0.5926265716552734,0.24723470211029053,-0.209210604429245,0.5918451547622681,0.24702414870262146,-0.20936496555805206,0.5911130309104919,0.24681371450424194,-0.20935752987861633,0.6201735734939575,0.26938939094543457,-0.21184678375720978,0.6044157147407532,0.2607242465019226,-0.11091966927051544,0.5924519896507263,0.28876304626464844,-0.217810720205307,0.5867773294448853,0.2861121594905853,-0.18822956085205078,0.6458731293678284,0.3670716881752014,-0.2550855278968811,0.5941979885101318,0.36773818731307983,0.006394830532371998,0.5847039818763733,0.5131212472915649,-0.28452569246292114,0.5367342233657837,0.47081777453422546,0.04089417681097984,0.5060656070709229,0.5097110867500305,-0.2887529134750366,0.4752534031867981,0.49965324997901917,-0.016657918691635132,0.47854456305503845,0.5329521894454956,-0.3316482901573181,0.45641574263572693,0.5098246932029724,-0.012061894871294498,0.4730483591556549,0.511688768863678,-0.3186613917350769,0.45545101165771484,0.5069121718406677,-0.05112750455737114,0.48246869444847107,0.5048304796218872,-0.28659579157829285,0.4611241817474365,0.5057103633880615,-0.034303706139326096,0.7239896059036255,0.5824499726295471,-0.09299620985984802,0.6928468942642212,0.5736823678016663,0.09291336685419083,0.6027389764785767,0.4996040463447571,-0.21002168953418732,0.5707746744155884,0.48838311433792114,0.11406554281711578,0.5434485673904419,0.7170412540435791,-0.22053590416908264,0.5321418046951294,0.6881248950958252,0.11191427707672119,0.5493693947792053,0.7685182094573975,-0.22217591106891632,0.5339761972427368,0.728607714176178,0.10950139909982681,0.47679218649864197,0.7005549669265747,-0.27921757102012634,0.47566041350364685,0.6972650289535522,0.08191744983196259,0,1
0.5638359785079956,0.26418954133987427,-0.17897097766399384,0.5723724365234375,0.2494049072265625,-0.19059869647026062,0.5753350257873535,0.24992313981056213,-0.19062183797359467,0.5787101984024048,0.2507763206958771,-0.19065186381340027,0.5681530237197876,0.24838830530643463,-0.16264906525611877,0.567959189414978,0.24819037318229675,-0.16275504231452942,0.5679831504821777,0.24793992936611176,-0.16270999610424042,0.5939429998397827,0.26806581020355225,-0.19994021952152252,0.5828670859336853,0.2604054808616638,-0.06960142403841019,0.5695698261260986,0.2882351577281952,-0.17909684777259827,0.5646877884864807,0.2855769991874695,-0.1424887478351593,0.6186056733131409,0.36585578322410583,-0.24158978462219238,0.5790013670921326,0.36689212918281555,0.0388614721596241,0.5396581888198853,0.504093587398529,-0.2792542576789856,0.5118530988693237,0.46568170189857483,0.05716440826654434,0.4495718479156494,0.5072348117828369,-0.27740180492401123,0.43794354796409607,0.4946874976158142,0.0019760001450777054,0.4244236350059509,0.5263002514839172,-0.3208777606487274,0.41819286346435547,0.5065822005271912,0.006904384586960077,0.421980082988739,0.5113885402679443,-0.30389267206192017,0.41820985078811646,0.506714403629303,-0.03202265128493309,0.42984241247177124,0.5052545666694641,-0.27386677265167236,0.42489093542099,0.5054677128791809,-0.016630258411169052,0.7023369073867798,0.5861836075782776,-0.09677179157733917,0.6764870882034302,0.5762388706207275,0.09667658805847168,0.5809141397476196,0.49608761072158813,-0.20060086250305176,0.5523730516433716,0.48492342233657837,0.15066169202327728,0.5344420075416565,0.7188576459884644,-0.17985109984874725,0.528725266456604,0.690890908241272,0.18130668997764587,0.5429839491844177,0.768811821937561,-0.17884209752082825,0.5341743230819702,0.725890576839447,0.18201355636119843,0.46973881125450134,0.7190863490104675,-0.22921709716320038,0.47430554032325745,0.7064100503921509,0.15645167231559753,0,1
0.5385826826095581,0.26612353324890137,-0.1794624626636505,0.5475613474845886,0.2500866651535034,-0.19246073067188263,0.5505717992782593,0.2504803240299225,-0.1924889236688614,0.553850531578064,0.25100865960121155,-0.19252121448516846,0.5435689091682434,0.24883897602558136,-0.16288861632347107,0.5437182188034058,0.24854877591133118,-0.16298863291740417,0.5441160798072815,0.2482375055551529,-0.16295115649700165,0.5696520209312439,0.267431378364563,-0.19695565104484558,0.5600640177726746,0.26041480898857117,-0.060095228254795074,0.544919490814209,0.2890816032886505,-0.1797320395708084,0.5401835441589355,0.2870272696018219,-0.14090029895305634,0.5937720537185669,0.36528778076171875,-0.25963905453681946,0.5613321661949158,0.36684978008270264,0.06878475844860077,0.5063645243644714,0.4831198751926422,-0.31486576795578003,0.48890089988708496,0.4506673216819763,0.09463995695114136,0.40799060463905334,0.5029776096343994,-0.3102409541606903,0.4089570641517639,0.4888807535171509,0.01960507221519947,0.3854633867740631,0.5199680924415588,-0.357591450214386,0.3859969973564148,0.5019980669021606,0.02500327304005623,0.38349467515945435,0.5110089778900146,-0.333503395318985,0.38463178277015686,0.505281925201416,-0.017163943499326706,0.39046019315719604,0.505249559879303,-0.303652286529541,0.39176058769226074,0.5025610327720642,-0.0008306655217893422,0.6800662279129028,0.5900446772575378,-0.10956603288650513,0.6583299040794373,0.5832977294921875,0.10942672193050385,0.5582233667373657,0.49073150753974915,-0.21460938453674316,0.5366082787513733,0.4789045453071594,0.16297483444213867,0.5278251767158508,0.719656229019165,-0.18140088021755219,0.5200843811035156,0.6939184069633484,0.19398002326488495,0.5390657782554626,0.7698332667350769,-0.1789223849773407,0.5276206135749817,0.7264861464500427,0.19472074508666992,0.46497225761413574,0.7214981317520142,-0.23002305626869202,0.4704374372959137,0.7108891606330872,0.1706112176179886,0,1
0.5163785815238953,0.27040091156959534,-0.054936133325099945,0.5242571830749512,0.252370148897171,-0.06976407021284103,0.5270119905471802,0.25288933515548706,-0.06983184814453125,0.530117928981781,0.25325295329093933,-0.0698794573545456,0.5208433866500854,0.2509004771709442,-0.037671852856874466,0.521079957485199,0.25045284628868103,-0.03769053891301155,0.5216189026832581,0.24998152256011963,-0.037655752152204514,0.5468374490737915,0.2673056423664093,-0.08925382792949677,0.5395272374153137,0.2612045109272003,0.05500436946749687,0.5229470729827881,0.29248329997062683,-0.060566432774066925,0.518559455871582,0.29084154963493347,-0.018628479912877083,0.5607596039772034,0.3631323575973511,-0.18617133796215057,0.5515187978744507,0.3743579089641571,0.1819307506084442,0.4646376967430115,0.45603930950164795,-0.2529672384262085,0.47072577476501465,0.45022863149642944,0.2045942097902298,0.37377646565437317,0.49624183773994446,-0.22358345985412598,0.3831035792827606,0.49173587560653687,0.13467492163181305,0.35255753993988037,0.5095065832138062,-0.2626015841960907,0.3631577491760254,0.504047691822052,0.14443562924861908,0.350493848323822,0.508032500743866,-0.2339494675397873,0.36118370294570923,0.5066692233085632,0.11074773967266083,0.3574812710285187,0.5043297410011292,-0.2137775421142578,0.3680778443813324,0.5044761896133423,0.11689697206020355,0.6607478260993958,0.5925752520561218,-0.1147313117980957,0.6446989178657532,0.597366988658905,0.11456664651632309,0.5403072834014893,0.48178040981292725,-0.1840764582157135,0.5238925218582153,0.4761771261692047,0.17935270071029663,0.5275402665138245,0.7139147520065308,-0.1118413582444191,0.5209087133407593,0.6934935450553894,0.21339306235313416,0.5395657420158386,0.770089864730835,-0.10496647655963898,0.5278141498565674,0.72662353515625,0.2148820161819458,0.46667900681495667,0.711588978767395,-0.13870660960674286,0.46608471870422363,0.7098657488822937,0.1918857842683792,0,1
0.5001826286315918,0.27162042260169983,-0.053744085133075714,0.5069382190704346,0.2533658444881439,-0.070653036236763,0.5094950199127197,0.25389397144317627,-0.07073609530925751,0.5123708844184875,0.25440385937690735,-0.07080791890621185,0.5040533542633057,0.2518860399723053,-0.03673405200242996,0.504550576210022,0.25146251916885376,-0.036768995225429535,0.5053380727767944,0.25100111961364746,-0.03677939996123314,0.5291354060173035,0.2672370672225952,-0.0976714938879013,0.5231068730354309,0.2614777386188507,0.054322391748428345,0.5066152215003967,0.29354050755500793,-0.06245363876223564,0.5032855868339539,0.2919597625732422,-0.018205223605036736,0.5456000566482544,0.3608815371990204,-0.1979220062494278,0.5381410717964172,0.37527376413345337,0.1735546737909317,0.4435041546821594,0.4431394040584564,-0.2723163962364197,0.44713640213012695,0.44971808791160583,0.18252719938755035,0.3477465808391571,0.49978938698768616,-0.23902182281017303,0.35526198148727417,0.5022532343864441,0.10967491567134857,0.3269246816635132,0.5161201357841492,-0.26756155490875244,0.33320629596710205,0.5139479041099548,0.11358314752578735,0.3237264156341553,0.5156790614128113,-0.25956112146377563,0.3299446702003479,0.5161132216453552,0.07820223271846771,0.32940673828125,0.5122950077056885,-0.23460593819618225,0.33615607023239136,0.5161438584327698,0.09006070345640182,0.6440295577049255,0.5967369675636292,-0.11797535419464111,0.6316792964935303,0.6037779450416565,0.1178264394402504,0.5246990919113159,0.4744068682193756,-0.18307535350322723,0.5153489112854004,0.4730127453804016,0.22905345261096954,0.5286171436309814,0.7143114805221558,-0.11739249527454376,0.5231776833534241,0.693473756313324,0.3095189034938812,0.5401674509048462,0.7710429430007935,-0.11099717766046524,0.5341671109199524,0.7267243266105652,0.31594356894493103,0.4657666087150574,0.7104235887527466,-0.1484103500843048,0.4691510796546936,0.7112327814102173,0.2936871349811554,0,1
0.4903663694858551,0.27149951457977295,-0.08113177120685577,0.49760255217552185,0.2540968954563141,-0.07618647068738937,0.5001271963119507,0.2546583414077759,-0.07591474801301956,0.5029913187026978,0.25517573952674866,-0.07563944160938263,0.4948115944862366,0.25263261795043945,-0.06284882128238678,0.49528828263282776,0.2521848976612091,-0.0629333034157753,0.4961544871330261,0.25170278549194336,-0.0629105269908905,0.519561231136322,0.26734617352485657,-0.13857395946979523,0.5138670206069946,0.2618713974952698,0.03285294026136398,0.49663811922073364,0.29355213046073914,-0.06634649634361267,0.493349552154541,0.2918069660663605,-0.0445084273815155,0.5353778004646301,0.3608843982219696,-0.24019873142242432,0.5300837755203247,0.37475281953811646,0.14872854948043823,0.430661141872406,0.44687598943710327,-0.323172003030777,0.43386775255203247,0.45007455348968506,0.145252525806427,0.3334729075431824,0.5071471929550171,-0.30420899391174316,0.337576687335968,0.5102185010910034,0.0628090649843216,0.3094725012779236,0.5279126763343811,-0.3525599241256714,0.31487587094306946,0.5227870345115662,0.06129617616534233,0.3077871799468994,0.5295654535293579,-0.32651346921920776,0.31423938274383545,0.5289039015769958,0.02243909053504467,0.3144203722476959,0.5259404182434082,-0.2967173457145691,0.31879717111587524,0.5308780074119568,0.04058462753891945,0.6372971534729004,0.5996426939964294,-0.11988003551959991,0.6257575154304504,0.602199912071228,0.11979562044143677,0.5125607252120972,0.47397151589393616,-0.1459418684244156,0.505513608455658,0.4673220217227936,0.2143300473690033,0.5315660834312439,0.7042821049690247,-0.015207883901894093,0.528230607509613,0.6828764081001282,0.31917983293533325,0.5462793111801147,0.7544370889663696,-0.0031540971249341965,0.5432077050209045,0.7210431694984436,0.32833415269851685,0.4705628454685211,0.6977047920227051,-0.02672916278243065,0.4859902858734131,0.7040124535560608,0.310596227645874,0,1
0.48567095398902893,0.2714163661003113,-0.0707084983587265,0.49406909942626953,0.25498488545417786,-0.08659674972295761,0.4967409074306488,0.2553962171077728,-0.08663709461688995,0.4997222423553467,0.25568780303001404,-0.0866631418466568,0.49138274788856506,0.2536894977092743,-0.05315704271197319,0.491981565952301,0.2533571422100067,-0.05320516228675842,0.4929545521736145,0.25292980670928955,-0.05322319269180298,0.5160508155822754,0.2674448490142822,-0.12294165790081024,0.5093621015548706,0.2630751132965088,0.040357157588005066,0.4909893870353699,0.2931946814060211,-0.07838200032711029,0.48775380849838257,0.29172661900520325,-0.03457214683294296,0.5289254188537598,0.36084046959877014,-0.22876648604869843,0.5210943818092346,0.37488535046577454,0.15134741365909576,0.4270719587802887,0.44810348749160767,-0.3092913031578064,0.42318469285964966,0.4523157775402069,0.14509612321853638,0.32935842871665955,0.511101484298706,-0.29118651151657104,0.3328704237937927,0.5124919414520264,0.06346676498651505,0.3067464530467987,0.5316034555435181,-0.3379022479057312,0.31037789583206177,0.5286045670509338,0.060946088284254074,0.304983913898468,0.5314100384712219,-0.31224092841148376,0.3086976110935211,0.5317443609237671,0.022418539971113205,0.31163620948791504,0.5274984836578369,-0.2836882472038269,0.3152386248111725,0.5310995578765869,0.041571252048015594,0.6343430876731873,0.5993456244468689,-0.12079528719186783,0.62352055311203,0.602100670337677,0.12067408859729767,0.5072777271270752,0.4692753255367279,-0.14192816615104675,0.501197874546051,0.46408092975616455,0.223332017660141,0.5316587090492249,0.701271653175354,-0.017075257375836372,0.5316371321678162,0.6836957931518555,0.31282907724380493,0.5462436676025391,0.7418397068977356,-0.00457086181268096,0.5474119782447815,0.7117243409156799,0.3204580545425415,0.4720385670661926,0.6979963779449463,-0.028320789337158203,0.49424147605895996,0.7049211859703064,0.29718273878097534,0,1
0.49226251244544983,0.27089226245880127,-0.04632164537906647,0.5011792778968811,0.2547597289085388,-0.059738434851169586,0.5039557218551636,0.2547760307788849,-0.05981912091374397,0.5070840120315552,0.25462791323661804,-0.05989300087094307,0.49802136421203613,0.2536977231502533,-0.026360061019659042,0.49840712547302246,0.25335806608200073,-0.026402568444609642,0.4990318715572357,0.25292152166366577,-0.026389971375465393,0.522433876991272,0.2657392621040344,-0.08101838827133179,0.5145860910415649,0.26281511783599854,0.07111011445522308,0.49734681844711304,0.2902188301086426,-0.05281221866607666,0.49299755692481995,0.29057398438453674,-0.0089853061363101,0.5377992391586304,0.35818740725517273,-0.18153253197669983,0.5268685221672058,0.3749487102031708,0.1801314800977707,0.43846654891967773,0.4394591152667999,-0.2620867192745209,0.4343262314796448,0.44643881916999817,0.1894853711128235,0.33981794118881226,0.5002644062042236,-0.24635882675647736,0.3454906642436981,0.49292653799057007,0.10611075162887573,0.31823232769966125,0.5194726586341858,-0.29259493947029114,0.3235781490802765,0.4946742057800293,0.10612666606903076,0.3157583475112915,0.5171780586242676,-0.26314640045166016,0.3214275538921356,0.50340735912323,0.06859225034713745,0.322191447019577,0.5137187242507935,-0.23724547028541565,0.3279282748699188,0.5061626434326172,0.08561170846223831,0.6388133764266968,0.5989442467689514,-0.12041503190994263,0.6266740560531616,0.6017885208129883,0.12029733508825302,0.5120362639427185,0.4700622260570526,-0.13993963599205017,0.5058661699295044,0.4646608531475067,0.18675650656223297,0.5323901176452637,0.7017868161201477,-0.009909020736813545,0.5329129099845886,0.6847589015960693,0.2647303640842438,0.5450443029403687,0.7420551776885986,0.0023955288343131542,0.54762202501297,0.712506890296936,0.27103373408317566,0.47203969955444336,0.7010620832443237,-0.016668599098920822,0.49389609694480896,0.7125412821769714,0.25104978680610657,0,1
0.5137182474136353,0.26412785053253174,-0.04175304248929024,0.5230849981307983,0.24774128198623657,-0.051386088132858276,0.5260797739028931,0.24817930161952972,-0.05145659297704697,0.5294376015663147,0.24845480918884277,-0.05151443928480148,0.5193592309951782,0.24602700769901276,-0.02007806859910488,0.5195338726043701,0.24551239609718323,-0.020121220499277115,0.5199085474014282,0.2448260486125946,-0.02009831927716732,0.5436925888061523,0.2620837986469269,-0.05987489968538284,0.5339685678482056,0.25728729367256165,0.08206263184547424,0.5190696120262146,0.28496021032333374,-0.0437488816678524,0.5139084458351135,0.2846573293209076,-0.002570977434515953,0.5592105388641357,0.3518403172492981,-0.158376082777977,0.5472791790962219,0.36629053950309753,0.20038309693336487,0.45920929312705994,0.43151211738586426,-0.23711428046226501,0.46422725915908813,0.4387277066707611,0.22293813526630402,0.36711612343788147,0.4781228005886078,-0.22032837569713593,0.3806441128253937,0.4699031412601471,0.14713311195373535,0.3436954915523529,0.4961177408695221,-0.26213473081588745,0.36263132095336914,0.4699127674102783,0.15292619168758392,0.34352976083755493,0.4924616813659668,-0.23161733150482178,0.3611508309841156,0.4742349088191986,0.11847177892923355,0.35159629583358765,0.487636536359787,-0.21016554534435272,0.3733150064945221,0.46490952372550964,0.12879003584384918,0.6519689559936523,0.5955499410629272,-0.12032236903905869,0.6354867219924927,0.5974521636962891,0.12018022686243057,0.5248434543609619,0.4704991281032562,-0.16084526479244232,0.5216089487075806,0.46514570713043213,0.18863601982593536,0.5304933190345764,0.702157735824585,-0.07245642691850662,0.5312522649765015,0.6843640804290771,0.26231643557548523,0.5423557758331299,0.7564046382904053,-0.0644649863243103,0.5464169979095459,0.7137159705162048,0.2680165469646454,0.46653953194618225,0.7025544047355652,-0.09746069461107254,0.48782140016555786,0.7167040705680847,0.24698443710803986,0,1
0.5503908395767212,0.25338494777679443,-0.04408691078424454,0.5589836835861206,0.23760278522968292,-0.05109124630689621,0.5621650815010071,0.23835720121860504,-0.05114557221531868,0.5657976865768433,0.23907504975795746,-0.051184214651584625,0.5546010136604309,0.2357873022556305,-0.022051896899938583,0.5543999671936035,0.23526473343372345,-0.022108767181634903,0.5544151067733765,0.23461613059043884,-0.022097384557127953,0.5816127061843872,0.25288206338882446,-0.05113953351974487,0.5699439644813538,0.2478616088628769,0.07958522439002991,0.5560782551765442,0.2756771147251129,-0.04401964694261551,0.5510602593421936,0.2747270464897156,-0.005680284462869167,0.6018333435058594,0.34248900413513184,-0.14262665808200836,0.5739837288856506,0.3584655821323395,0.1908712387084961,0.5090974569320679,0.43309080600738525,-0.20529966056346893,0.5041846036911011,0.4396180808544159,0.2172875702381134,0.4148100018501282,0.4761121869087219,-0.19181357324123383,0.42125216126441956,0.473209410905838,0.15711699426174164,0.39170438051223755,0.49430665373802185,-0.22996768355369568,0.4007723331451416,0.4768505394458771,0.16667410731315613,0.38832107186317444,0.4872465431690216,-0.2015177458524704,0.397551566362381,0.48065778613090515,0.13210095465183258,0.3969792127609253,0.48220863938331604,-0.18233761191368103,0.4056212306022644,0.47586119174957275,0.13955573737621307,0.677099347114563,0.5904083251953125,-0.11685948073863983,0.6525196433067322,0.5970322489738464,0.11666512489318848,0.5512248873710632,0.4707794189453125,-0.21171922981739044,0.5360445976257324,0.465424120426178,0.16012665629386902,0.5289105176925659,0.7112169861793518,-0.1869579255580902,0.5175997614860535,0.7007117867469788,0.16772553324699402,0.5374258756637573,0.764313817024231,-0.18431580066680908,0.5238546133041382,0.7396637797355652,0.16720673441886902,0.45416808128356934,0.7109096050262451,-0.22575871646404266,0.4598816931247711,0.7244806885719299,0.14197099208831787,0,1
0.5929245948791504,0.24155080318450928,-0.08032875508069992,0.6024745106697083,0.2281934916973114,-0.0867336168885231,0.6058646440505981,0.22981300950050354,-0.08674991875886917,0.6094499826431274,0.2313867211341858,-0.08672130852937698,0.5975371599197388,0.2252168506383896,-0.06009823828935623,0.5971547365188599,0.2244907021522522,-0.06022389605641365,0.5969998240470886,0.2237212061882019,-0.06027047708630562,0.6254575848579407,0.24904164671897888,-0.08521832525730133,0.6116920709609985,0.23954059183597565,0.03481072932481766,0.5975356101989746,0.265481561422348,-0.08022714406251907,0.5924404859542847,0.2623823583126068,-0.045091621577739716,0.6440182328224182,0.3354782462120056,-0.1626785695552826,0.5993531942367554,0.3550771176815033,0.12443431466817856,0.5618633031845093,0.42516055703163147,-0.22944600880146027,0.5303635001182556,0.4226107597351074,0.14132340252399445,0.4745013117790222,0.4556278586387634,-0.23643341660499573,0.4597390294075012,0.4579339325428009,0.06897972524166107,0.4499167799949646,0.47650206089019775,-0.2746560871601105,0.44063448905944824,0.4669426381587982,0.06499680876731873,0.4459766745567322,0.4703982174396515,-0.25808632373809814,0.43978366255760193,0.4666905999183655,0.031470656394958496,0.454678475856781,0.46548759937286377,-0.2321784794330597,0.4470978379249573,0.4653913676738739,0.050645820796489716,0.7010495066642761,0.5877193212509155,-0.10820076614618301,0.6709808111190796,0.5930312275886536,0.10796894133090973,0.5798218846321106,0.4771798551082611,-0.2734317183494568,0.5463801622390747,0.48983055353164673,0.07667943090200424,0.5331445932388306,0.7175685167312622,-0.3271937370300293,0.5178240537643433,0.7055826187133789,-0.004135585390031338,0.5388175249099731,0.7692555785179138,-0.3312327265739441,0.5240882039070129,0.7422015070915222,-0.01319779921323061,0.45588064193725586,0.7270581722259521,-0.4014459252357483,0.46547651290893555,0.7232184410095215,-0.06090255454182625,0,1
0.6311559081077576,0.2312575876712799,-0.24285820126533508,0.6408272385597229,0.21853841841220856,-0.24992069602012634,0.6444485187530518,0.2205701619386673,-0.24989452958106995,0.6483953595161438,0.22279873490333557,-0.24986715614795685,0.6353209614753723,0.21480435132980347,-0.22691914439201355,0.6345235109329224,0.2137962132692337,-0.2270756959915161,0.633880615234375,0.21274621784687042,-0.22707870602607727,0.6637831926345825,0.2418733388185501,-0.23405179381370544,0.6476462483406067,0.22872604429721832,-0.12978076934814453,0.6353083252906799,0.25615638494491577,-0.2350047379732132,0.6292415857315063,0.25221866369247437,-0.20455101132392883,0.6785176992416382,0.3334532082080841,-0.29659998416900635,0.6315997242927551,0.3308119475841522,-0.010157207027077675,0.6004956960678101,0.42216935753822327,-0.3650715947151184,0.5597988367080688,0.389825701713562,0.004643883556127548,0.5108969807624817,0.4554729759693146,-0.3638167977333069,0.4919887185096741,0.4445907175540924,-0.07614216953516006,0.4931216835975647,0.4746861755847931,-0.4107361435890198,0.47259658575057983,0.4499170482158661,-0.08555600047111511,0.48889485001564026,0.46628329157829285,-0.3935166001319885,0.47329577803611755,0.4496039152145386,-0.12446731328964233,0.49535614252090454,0.4628034234046936,-0.36003348231315613,0.4810878336429596,0.4513305127620697,-0.096408411860466,0.7260767817497253,0.5860723853111267,-0.10645922273397446,0.6934558749198914,0.5657060146331787,0.10626523196697235,0.6017634868621826,0.501960039138794,-0.255156010389328,0.5707911849021912,0.48689839243888855,0.06657100468873978,0.5382373929023743,0.7210940718650818,-0.2732113003730774,0.5197876691818237,0.6885595321655273,0.04982984811067581,0.5415858030319214,0.7731481790542603,-0.27568763494491577,0.5257800817489624,0.7265032529830933,0.046499840915203094,0.4681060314178467,0.7224644422531128,-0.3505675196647644,0.46609026193618774,0.6957448124885559,0.006221930496394634,0,1
0.6683179140090942,0.22739768028259277,-0.23203174769878387,0.6786913871765137,0.21345725655555725,-0.22771131992340088,0.6828438639640808,0.2150222212076187,-0.2276914417743683,0.6870685815811157,0.21749979257583618,-0.2276707887649536,0.6709941625595093,0.21042627096176147,-0.20871508121490479,0.6691712141036987,0.20902597904205322,-0.20885209739208221,0.6676103472709656,0.2075037807226181,-0.20885536074638367,0.7020243406295776,0.23756641149520874,-0.17935475707054138,0.6783493757247925,0.22156961262226105,-0.0904805138707161,0.6727002263069153,0.25074875354766846,-0.21242249011993408,0.6650665402412415,0.24601350724697113,-0.18733938038349152,0.7157897353172302,0.3274672329425812,-0.2496972531080246,0.6577175259590149,0.32933303713798523,0.05178121477365494,0.648271381855011,0.40752974152565,-0.32538899779319763,0.594405472278595,0.3865392506122589,0.09714753925800323,0.5589213371276855,0.44354110956192017,-0.3483046591281891,0.5339100360870361,0.43136945366859436,0.02236185409128666,0.5400176048278809,0.45853614807128906,-0.3893955945968628,0.515718936920166,0.4389219880104065,0.014681374654173851,0.5360385179519653,0.4529571831226349,-0.3759138882160187,0.5145866870880127,0.4386557340621948,-0.015184944495558739,0.5426611304283142,0.4500539004802704,-0.3445983827114105,0.5231348872184753,0.44006234407424927,0.006441918667405844,0.7467354536056519,0.5783444046974182,-0.10531853139400482,0.7118481397628784,0.5626077055931091,0.10515445470809937,0.6146520972251892,0.521780788898468,-0.2405480146408081,0.5927186012268066,0.5045842528343201,0.05549198389053345,0.5472289323806763,0.7291334271430969,-0.25409990549087524,0.5227108597755432,0.6989446878433228,0.022044386714696884,0.5498301386833191,0.7808939814567566,-0.25741657614707947,0.5240073204040527,0.7428901791572571,0.016035916283726692,0.4863958954811096,0.7313611507415771,-0.32896366715431213,0.46329909563064575,0.699612021446228,-0.02656777761876583,0,1
0.7047153115272522,0.22334782779216766,-0.19632861018180847,0.7153525948524475,0.20739378035068512,-0.2176777422428131,0.7194803357124329,0.20823773741722107,-0.21756145358085632,0.7234078645706177,0.21007634699344635,-0.21743035316467285,0.7075248956680298,0.20623861253261566,-0.17459772527217865,0.705500066280365,0.20558422803878784,-0.1747242510318756,0.7035297155380249,0.20470261573791504,-0.17472629249095917,0.7370702028274536,0.22631599009037018,-0.13121825456619263,0.71200031042099,0.21529947221279144,-0.0688205137848854,0.7093060612678528,0.2449716329574585,-0.19688968360424042,0.7009536623954773,0.2416667938232422,-0.15444499254226685,0.7577461004257202,0.3130289614200592,-0.1940210610628128,0.693527340888977,0.3225506544113159,0.04655516892671585,0.6892768144607544,0.39145949482917786,-0.2847840189933777,0.6282933950424194,0.38599449396133423,0.06946057081222534,0.618172287940979,0.4246039092540741,-0.3304995000362396,0.5612577199935913,0.42481672763824463,-0.017245735973119736,0.5999693870544434,0.44173890352249146,-0.3685970604419708,0.5443653464317322,0.4317115247249603,-0.029839958995580673,0.5950512290000916,0.43783196806907654,-0.35518181324005127,0.5436829328536987,0.4308619201183319,-0.057323992252349854,0.6014338135719299,0.4345511198043823,-0.328190416097641,0.5510890483856201,0.43021711707115173,-0.0334671288728714,0.7685103416442871,0.5709965229034424,-0.08867330849170685,0.7281002402305603,0.5548546314239502,0.08857937157154083,0.6437633037567139,0.5576502680778503,-0.2076478898525238,0.6140574216842651,0.5284869074821472,-0.002926915418356657,0.5504620671272278,0.7294947504997253,-0.2491602897644043,0.529496967792511,0.6989960670471191,-0.07496224343776703,0.5601555109024048,0.7876771688461304,-0.2537190616130829,0.5263470411300659,0.7462928891181946,-0.08412759006023407,0.49215206503868103,0.7250214219093323,-0.3188248574733734,0.46682438254356384,0.6965426802635193,-0.12854759395122528,0,1
0.7338421940803528,0.2221376895904541,0.006185583770275116,0.7435458302497864,0.2069893479347229,0.009084461256861687,0.7479104995727539,0.2078607976436615,0.009083875454962254,0.7526738047599792,0.20920135080814362,0.009114342741668224,0.7363316416740417,0.2056492269039154,0.026305828243494034,0.7352815866470337,0.20518921315670013,0.026192177087068558,0.7341548204421997,0.20459386706352234,0.026090627536177635,0.7687596082687378,0.22422392666339874,0.03657344728708267,0.7417644262313843,0.21446318924427032,0.111430823802948,0.7391723394393921,0.24400736391544342,0.01563180610537529,0.7311071157455444,0.24062763154506683,0.037778086960315704,0.7932568788528442,0.31404799222946167,-0.06099308282136917,0.7193148136138916,0.3203178346157074,0.1854548305273056,0.7329891920089722,0.3910636007785797,-0.1786574274301529,0.6636660695075989,0.3836442232131958,0.1793123334646225,0.6571107506752014,0.4158257246017456,-0.23266980051994324,0.5986617803573608,0.40720587968826294,0.05251668021082878,0.6372359395027161,0.42963141202926636,-0.2579743266105652,0.5786479711532593,0.41662606596946716,0.03418377786874771,0.6323906183242798,0.4232960641384125,-0.25032368302345276,0.5823100209236145,0.4131070077419281,0.013903072103857994,0.6356292366981506,0.4208725392818451,-0.2294462025165558,0.5889135599136353,0.4121984839439392,0.037307459861040115,0.7814940214157104,0.5707882642745972,-0.08447317034006119,0.7356232404708862,0.5529289841651917,0.0844358578324318,0.6526078581809998,0.5929854512214661,-0.19407692551612854,0.6241886019706726,0.5603808760643005,-0.08092696964740753,0.5491403937339783,0.7382482886314392,-0.2888970971107483,0.5274553298950195,0.6994627714157104,-0.18251997232437134,0.5459442734718323,0.7870073318481445,-0.29870766401290894,0.5154399275779724,0.7439314723014832,-0.1932859718799591,0.48944926261901855,0.7163483500480652,-0.38236305117607117,0.4658452570438385,0.6766270399093628,-0.26004719734191895,0,1
0.763102114200592,0.24137718975543976,0.06839928776025772,0.7713128924369812,0.22459809482097626,0.07659793645143509,0.7760233283042908,0.2244281768798828,0.07661028951406479,0.7813397645950317,0.22379180788993835,0.0766313225030899,0.7622326016426086,0.22477442026138306,0.09099338948726654,0.7601093053817749,0.2248578816652298,0.09089477360248566,0.7581034898757935,0.225099578499794,0.09080570191144943,0.7980674505233765,0.2307313233613968,0.11973743140697479,0.7645012140274048,0.2305106669664383,0.18298204243183136,0.7711465954780579,0.26222673058509827,0.08299575746059418,0.7613163590431213,0.26211535930633545,0.10130941867828369,0.8231351971626282,0.31698304414749146,0.025650689378380775,0.7476738691329956,0.3214578926563263,0.22962689399719238,0.7734725475311279,0.3970523774623871,-0.11245395243167877,0.6938577890396118,0.38708528876304626,0.15480010211467743,0.6941607594490051,0.4047100841999054,-0.18425478041172028,0.633691132068634,0.4094686806201935,-0.04965318739414215,0.6706292629241943,0.4125007092952728,-0.20931296050548553,0.6166833639144897,0.4156295657157898,-0.08366478979587555,0.6658815741539001,0.4061356782913208,-0.20337219536304474,0.6177005171775818,0.41263651847839355,-0.0967334508895874,0.6763027310371399,0.40631064772605896,-0.1815130114555359,0.6272927522659302,0.412286639213562,-0.06411351263523102,0.7884107232093811,0.5723291039466858,-0.07318808138370514,0.7424569129943848,0.5526331067085266,0.07310409843921661,0.6570471525192261,0.6108174920082092,-0.17989972233772278,0.6359397768974304,0.586003839969635,-0.08149226009845734,0.5499786138534546,0.7524374127388,-0.31132927536964417,0.5295189619064331,0.6986124515533447,-0.2077971249818802,0.5434430837631226,0.7970448732376099,-0.32398608326911926,0.517229437828064,0.7433501482009888,-0.22147557139396667,0.48816776275634766,0.7320578098297119,-0.410832017660141,0.4722103476524353,0.6787824630737305,-0.28710782527923584,0,1
0.777106761932373,0.2604454755783081,0.12000896781682968,0.7854076623916626,0.24386613070964813,0.1278424859046936,0.7903515696525574,0.24286988377571106,0.1278173327445984,0.7957533597946167,0.24117861688137054,0.12777666747570038,0.776955246925354,0.24507714807987213,0.14629492163658142,0.7752864360809326,0.24553661048412323,0.14627835154533386,0.7734764814376831,0.24626778066158295,0.1462099403142929,0.8108862638473511,0.24364711344242096,0.16048799455165863,0.7800381183624268,0.2504196763038635,0.24438810348510742,0.7871476411819458,0.2790305018424988,0.12950995564460754,0.775754451751709,0.28039246797561646,0.1540101021528244,0.8409186601638794,0.33224424719810486,0.07932371646165848,0.7676457166671753,0.33789384365081787,0.27534669637680054,0.8256096839904785,0.43098777532577515,-0.03252456337213516,0.724420964717865,0.42414215207099915,0.23384349048137665,0.7484146356582642,0.40751516819000244,-0.10580363124608994,0.6740175485610962,0.4106441140174866,0.058169227093458176,0.7321978211402893,0.4116417467594147,-0.13026383519172668,0.6593273282051086,0.41829854249954224,0.01954936981201172,0.7325630784034729,0.40163880586624146,-0.12641656398773193,0.6613683700561523,0.4155532419681549,0.006502055563032627,0.7385685443878174,0.4027048647403717,-0.10354598611593246,0.6669931411743164,0.41539904475212097,0.04385572299361229,0.7870609760284424,0.5679939985275269,-0.06967470049858093,0.7445327639579773,0.5442134737968445,0.06974105536937714,0.6646609306335449,0.6166387796401978,-0.18736860156059265,0.6453036069869995,0.5898576378822327,-0.08752621710300446,0.555777907371521,0.7608907222747803,-0.3436906039714813,0.5293554067611694,0.7032609581947327,-0.2305941879749298,0.5436649322509766,0.8125351667404175,-0.3575570285320282,0.5179669260978699,0.7432272434234619,-0.24609334766864777,0.488084077835083,0.7442195415496826,-0.4419166147708893,0.46980389952659607,0.6779190301895142,-0.3074961304664612,0,1
0.7813385725021362,0.2567055821418762,0.06062925606966019,0.79051673412323,0.24012599885463715,0.0673251748085022,0.79472815990448,0.23970356583595276,0.06727966666221619,0.7997249960899353,0.23904798924922943,0.06721038371324539,0.7813969254493713,0.24169667065143585,0.08480891585350037,0.7798725366592407,0.24232958257198334,0.08479461818933487,0.7784570455551147,0.24296434223651886,0.08474187552928925,0.8166179656982422,0.24328452348709106,0.10298427194356918,0.7865726351737976,0.24857546389102936,0.18477575480937958,0.7903523445129395,0.2758108079433441,0.07248169183731079,0.7811362147331238,0.2762886583805084,0.09634986519813538,0.8468227386474609,0.33286547660827637,0.0465334877371788,0.7747923135757446,0.3460613489151001,0.23495204746723175,0.8527956008911133,0.4738747477531433,-0.023521212860941887,0.7495853900909424,0.468466192483902,0.2164178341627121,0.7824293375015259,0.41439178586006165,-0.05410878732800484,0.7116801142692566,0.42452362179756165,0.06641687452793121,0.7627360224723816,0.41541600227355957,-0.06796704232692719,0.6935683488845825,0.42219340801239014,0.03554970771074295,0.763874351978302,0.4059302508831024,-0.06051095575094223,0.6958675384521484,0.4168245494365692,0.024737229570746422,0.7663062810897827,0.4063400328159332,-0.04819145053625107,0.7038757801055908,0.4156394600868225,0.05455992370843887,0.7874082922935486,0.5683101415634155,-0.07124747335910797,0.7429625391960144,0.5454524159431458,0.07134819775819778,0.6730953454971313,0.6174585223197937,-0.21217338740825653,0.6448461413383484,0.582736611366272,-0.08197909593582153,0.5553158521652222,0.7593145370483398,-0.3728620409965515,0.5277803540229797,0.7015856504440308,-0.2450104057788849,0.5421689748764038,0.8116499781608582,-0.38702863454818726,0.5129501819610596,0.7444645166397095,-0.26278913021087646,0.4848249852657318,0.7176600098609924,-0.4668746888637543,0.45623087882995605,0.664196789264679,-0.32104188203811646,0,1
0.7819103598594666,0.25642111897468567,0.0514879934489727,0.790272057056427,0.23935116827487946,0.054738957434892654,0.7945239543914795,0.23834264278411865,0.05470743775367737,0.7996959090232849,0.2374241054058075,0.05469231680035591,0.7803616523742676,0.24191169440746307,0.07361376285552979,0.7784138917922974,0.24242697656154633,0.07349790632724762,0.7767822742462158,0.24283279478549957,0.0734257698059082,0.8157387971878052,0.24303556978702545,0.0950067788362503,0.7838156819343567,0.2486099898815155,0.1729383021593094,0.7913407683372498,0.27523988485336304,0.05955426022410393,0.7820691466331482,0.2753376364707947,0.08312465250492096,0.8470061421394348,0.3335649371147156,0.05711312219500542,0.7742091417312622,0.34652265906333923,0.22557780146598816,0.8621863126754761,0.48160943388938904,-0.017116276547312737,0.7421327829360962,0.46613800525665283,0.18023912608623505,0.7977927327156067,0.4271185100078583,-0.05843718722462654,0.7179017663002014,0.4274989664554596,0.002778886118903756,0.7797525525093079,0.4219178855419159,-0.07213816046714783,0.7091478109359741,0.43073326349258423,-0.030514245852828026,0.7780998349189758,0.40718168020248413,-0.06084859371185303,0.7133105993270874,0.4213787913322449,-0.032486751675605774,0.7826201915740967,0.40662235021591187,-0.05104703828692436,0.7172984480857849,0.4189819395542145,-0.004970544949173927,0.7856348752975464,0.5686140060424805,-0.06962265819311142,0.7418343424797058,0.5460264682769775,0.06970662623643875,0.6691933870315552,0.6196997761726379,-0.20999839901924133,0.6414245367050171,0.582330048084259,-0.07948479801416397,0.5547664761543274,0.7596750855445862,-0.3660535216331482,0.5265399813652039,0.7014912366867065,-0.23956963419914246,0.5416496992111206,0.8101519346237183,-0.3803596496582031,0.5121947526931763,0.7461479306221008,-0.25712817907333374,0.4760971665382385,0.7248920202255249,-0.46213260293006897,0.457247257232666,0.6650860905647278,-0.31612950563430786,0,1
0.7768512964248657,0.2566719353199005,0.017004070803523064,0.7842215299606323,0.23982450366020203,0.019362743943929672,0.7886274456977844,0.2382851094007492,0.019325168803334236,0.7935965061187744,0.23695434629917145,0.01923469640314579,0.775931715965271,0.24213385581970215,0.03747422993183136,0.7741480469703674,0.24227744340896606,0.037483666092157364,0.7725119590759277,0.24243730306625366,0.03743813559412956,0.8099050521850586,0.24011075496673584,0.05711907148361206,0.7808859944343567,0.24828137457370758,0.142013818025589,0.7863346338272095,0.2748314440250397,0.03119696117937565,0.777564287185669,0.2747819721698761,0.056112758815288544,0.8479388952255249,0.332558274269104,0.05358533188700676,0.7715916633605957,0.346037358045578,0.19882434606552124,0.8529620170593262,0.48159897327423096,-0.03694005310535431,0.7408435344696045,0.4664135277271271,0.16221415996551514,0.7842580080032349,0.43433940410614014,-0.07651276886463165,0.7149542570114136,0.43309053778648376,-0.0065557644702494144,0.7664073705673218,0.43265753984451294,-0.09299629181623459,0.7007431387901306,0.43467068672180176,-0.0393134169280529,0.7652459144592285,0.41742005944252014,-0.08382272720336914,0.7039438486099243,0.4234860837459564,-0.047470320016145706,0.7681964635848999,0.41619470715522766,-0.07019489258527756,0.7117266058921814,0.4227096140384674,-0.017108997330069542,0.7863647937774658,0.5685747861862183,-0.06962345540523529,0.7421014904975891,0.5461148023605347,0.06974991410970688,0.6687437295913696,0.6183968186378479,-0.21575960516929626,0.6410235166549683,0.5815429091453552,-0.06968798488378525,0.5554183721542358,0.7588176131248474,-0.360682874917984,0.5297468304634094,0.7014319896697998,-0.22612914443016052,0.5428904891014099,0.808903694152832,-0.37427574396133423,0.5175530910491943,0.7486312985420227,-0.2432236224412918,0.47664737701416016,0.726351261138916,-0.4560166299343109,0.4591558873653412,0.6656919717788696,-0.3007346987724304,0,1
0.771709144115448,0.24782508611679077,0.012003595940768719,0.7795678377151489,0.23123398423194885,0.016657300293445587,0.7836605310440063,0.23094969987869263,0.016598135232925415,0.7884010076522827,0.2297508418560028,0.01650022342801094,0.7716327905654907,0.23213551938533783,0.03375463932752609,0.7701237797737122,0.23281575739383698,0.03376377746462822,0.7682387232780457,0.23369964957237244,0.03371383249759674,0.8038867115974426,0.23232510685920715,0.050722189247608185,0.775557816028595,0.24257808923721313,0.13149794936180115,0.781949520111084,0.26584672927856445,0.02419496886432171,0.7720783948898315,0.2663802206516266,0.04791645333170891,0.843969464302063,0.331737220287323,0.011925294063985348,0.7660216689109802,0.3447699546813965,0.1876511126756668,0.845295250415802,0.4796777069568634,-0.0642738863825798,0.7375267744064331,0.46457892656326294,0.19218383729457855,0.7733365893363953,0.4301099181175232,-0.11869822442531586,0.6977453827857971,0.43550118803977966,0.06214645504951477,0.7548708319664001,0.4307994544506073,-0.14026327431201935,0.6814179420471191,0.436228483915329,0.03439292311668396,0.7501452565193176,0.4174213707447052,-0.1332215964794159,0.6798807382583618,0.4260607957839966,0.013187974691390991,0.7590678334236145,0.41640254855155945,-0.11406004428863525,0.6861542463302612,0.42594650387763977,0.04635832458734512,0.7855543494224548,0.5686493515968323,-0.06961534917354584,0.7412566542625427,0.5462441444396973,0.06975699216127396,0.6690558195114136,0.6175762414932251,-0.23734593391418457,0.6404696702957153,0.5805931091308594,-0.07201801240444183,0.556996762752533,0.758878767490387,-0.3796350359916687,0.5298515558242798,0.7042102217674255,-0.23099055886268616,0.545709490776062,0.8085137009620667,-0.39364510774612427,0.5204406976699829,0.7491139769554138,-0.2492554932832718,0.48390984535217285,0.727814793586731,-0.48063182830810547,0.4596750736236572,0.665958046913147,-0.3088962137699127,0,1
0.7554834485054016,0.23674257099628448,-0.03383895009756088,0.7639787793159485,0.22047469019889832,-0.03099326230585575,0.7681430578231812,0.22056947648525238,-0.031040895730257034,0.7732246518135071,0.22011786699295044,-0.031079668551683426,0.7563683390617371,0.22121214866638184,-0.013845199719071388,0.7549296617507935,0.22196131944656372,-0.013910308480262756,0.7538062334060669,0.22289490699768066,-0.01398876029998064,0.788915753364563,0.22611454129219055,-0.0018863895675167441,0.7631703615188599,0.2311091274023056,0.0772024542093277,0.7642797231674194,0.25636327266693115,-0.02307826466858387,0.7553972005844116,0.255888432264328,0.0001215688680531457,0.8245412707328796,0.33138149976730347,-0.04494166374206543,0.7443050742149353,0.3396624028682709,0.1465582549571991,0.8042462468147278,0.4718935787677765,-0.14674636721611023,0.7109161615371704,0.46079254150390625,0.13902050256729126,0.7311664819717407,0.430269718170166,-0.23900897800922394,0.6592365503311157,0.4364580512046814,-0.02536625787615776,0.7119177579879761,0.4311561584472656,-0.2663460671901703,0.6418664455413818,0.43657293915748596,-0.05566278100013733,0.7094836235046387,0.4192953407764435,-0.2601982653141022,0.6420853734016418,0.4290827512741089,-0.07589728385210037,0.7156330943107605,0.41890984773635864,-0.23619642853736877,0.6479460597038269,0.4292905628681183,-0.0412309467792511,0.7790733575820923,0.5706004500389099,-0.06969829648733139,0.731690526008606,0.5522836446762085,0.0698331743478775,0.6676024794578552,0.6090842485427856,-0.2794940173625946,0.6374966502189636,0.5702846646308899,-0.11749104410409927,0.5572956800460815,0.757859468460083,-0.37919166684150696,0.5298799276351929,0.7033467888832092,-0.2434537708759308,0.5471252202987671,0.8069447875022888,-0.3905940353870392,0.518089234828949,0.7476376891136169,-0.25898459553718567,0.49262768030166626,0.7280001044273376,-0.48682886362075806,0.45993009209632874,0.6610589623451233,-0.33215945959091187,0,1
0.7391223311424255,0.2291964441537857,-0.05590442568063736,0.7483011484146118,0.21516045928001404,-0.04972570016980171,0.7527542114257812,0.21532903611660004,-0.049776338040828705,0.7575095891952515,0.21552340686321259,-0.04977059364318848,0.7404176592826843,0.21446798741817474,-0.03333999216556549,0.7387148141860962,0.21458891034126282,-0.033437974750995636,0.7370739579200745,0.21473045647144318,-0.03353271633386612,0.7708011865615845,0.22458785772323608,-0.012488671578466892,0.7454966306686401,0.22391635179519653,0.06050153449177742,0.7468235492706299,0.2521209418773651,-0.04306873306632042,0.7373048067092896,0.25180068612098694,-0.021765291690826416,0.7978808283805847,0.3274574279785156,-0.07161848247051239,0.7225966453552246,0.338161438703537,0.1435261219739914,0.7766664028167725,0.46885472536087036,-0.171152263879776,0.6783788800239563,0.4512069821357727,0.14627186954021454,0.696509838104248,0.45152080059051514,-0.25208932161331177,0.6245023012161255,0.445760041475296,-0.011612141504883766,0.6774858236312866,0.45418375730514526,-0.2789647877216339,0.6076222062110901,0.4507150948047638,-0.036111313849687576,0.676517903804779,0.441720187664032,-0.27283230423927307,0.6087049841880798,0.444960355758667,-0.06893012672662735,0.6816703081130981,0.4407656490802765,-0.24907460808753967,0.615809440612793,0.4434172213077545,-0.02522396109998226,0.7700080275535583,0.5704777836799622,-0.0767195001244545,0.7234267592430115,0.5535938143730164,0.07681156694889069,0.6584228873252869,0.5795941948890686,-0.283127099275589,0.6302981972694397,0.5460887551307678,-0.11654742807149887,0.5579035878181458,0.7442409992218018,-0.3856080174446106,0.5316504240036011,0.7023919224739075,-0.24114620685577393,0.5492518544197083,0.7957299947738647,-0.3963462710380554,0.5231091380119324,0.7477794885635376,-0.2563515305519104,0.4933702349662781,0.7027761936187744,-0.4935167729854584,0.4659197926521301,0.6663748621940613,-0.3300682008266449,0,1
0.7161059975624084,0.2263995260000229,-0.04721699655056,0.7261656522750854,0.21254962682724,-0.03882438316941261,0.7298822402954102,0.21270889043807983,-0.038846664130687714,0.7340272665023804,0.21284247934818268,-0.03881967067718506,0.7190667986869812,0.21162906289100647,-0.022940367460250854,0.7177115678787231,0.21141791343688965,-0.023044059053063393,0.7165680527687073,0.2111937254667282,-0.023130780085921288,0.7476666569709778,0.22315603494644165,0.001824256731197238,0.7270127534866333,0.22025036811828613,0.07347569614648819,0.7228562235832214,0.24692097306251526,-0.03298455849289894,0.7146824598312378,0.2463223934173584,-0.012812112458050251,0.771308958530426,0.3245232403278351,-0.06931048631668091,0.701289713382721,0.3323131799697876,0.14773055911064148,0.7365463972091675,0.4667808413505554,-0.15132194757461548,0.6499714851379395,0.4433211386203766,0.1438674032688141,0.6559326648712158,0.47387075424194336,-0.22642219066619873,0.5966564416885376,0.4536225199699402,-0.019948778674006462,0.6360139846801758,0.4826672375202179,-0.2461664229631424,0.5807631015777588,0.46315857768058777,-0.04350224882364273,0.6343989968299866,0.4705016613006592,-0.23718693852424622,0.578757643699646,0.45765748620033264,-0.06722553074359894,0.6388762593269348,0.4680737257003784,-0.21912284195423126,0.5856624841690063,0.4548356235027313,-0.03525376319885254,0.7587600350379944,0.5688340663909912,-0.08677666634321213,0.7155369520187378,0.5491399168968201,0.0867597758769989,0.6443038582801819,0.5556044578552246,-0.282268762588501,0.6122121810913086,0.5200218558311462,-0.08968611806631088,0.5546894073486328,0.7435857057571411,-0.3522370755672455,0.5306755304336548,0.7031775712966919,-0.18937994539737701,0.5494184494018555,0.7952280044555664,-0.36116740107536316,0.5209963321685791,0.7453228235244751,-0.2009693831205368,0.495260089635849,0.7273711562156677,-0.45065030455589294,0.46937164664268494,0.6769360303878784,-0.2649582028388977,0,1
0.6912246346473694,0.2251811921596527,-0.11966919898986816,0.7019079923629761,0.21065941452980042,-0.10828129947185516,0.7057586312294006,0.21082721650600433,-0.10827784240245819,0.7093342542648315,0.2110866904258728,-0.10822179168462753,0.6952374577522278,0.20957620441913605,-0.09280889481306076,0.6940886378288269,0.20907360315322876,-0.09290193021297455,0.6931053400039673,0.20855014026165009,-0.09296124428510666,0.7231927514076233,0.2230134904384613,-0.049514491111040115,0.7032108902931213,0.21896272897720337,0.0197904109954834,0.6973465085029602,0.24527162313461304,-0.09953823685646057,0.6894510388374329,0.24410809576511383,-0.07937028259038925,0.742823600769043,0.3235257565975189,-0.11306212097406387,0.6767615079879761,0.3296109437942505,0.12726472318172455,0.7017912268638611,0.4610910713672638,-0.16409596800804138,0.6240440607070923,0.4403614103794098,0.1645059883594513,0.6215161681175232,0.4903331696987152,-0.21270406246185303,0.5704065561294556,0.46113699674606323,0.06918849050998688,0.6025825142860413,0.49961572885513306,-0.23745906352996826,0.5524699091911316,0.47206375002861023,0.058640964329242706,0.6006699204444885,0.4902915060520172,-0.2344045341014862,0.5513597726821899,0.46916210651397705,0.028488630428910255,0.605316162109375,0.48643651604652405,-0.20893339812755585,0.5583229660987854,0.46691736578941345,0.05309252068400383,0.7441011071205139,0.5738416910171509,-0.08905337750911713,0.7010555863380432,0.5507069826126099,0.08895756304264069,0.6376982927322388,0.5284620523452759,-0.3160502314567566,0.5993958115577698,0.49958884716033936,-0.048380933701992035,0.5534100532531738,0.7358115911483765,-0.37482115626335144,0.5296368598937988,0.69687819480896,-0.1087082028388977,0.552242636680603,0.7846494913101196,-0.3801383376121521,0.5214032530784607,0.7323465943336487,-0.11690375953912735,0.5029666423797607,0.7289928197860718,-0.4708936810493469,0.4703597128391266,0.6762672066688538,-0.178569033741951,0,1
0.6614928245544434,0.22375473380088806,-0.19774843752384186,0.6713989973068237,0.20965667068958282,-0.1924353539943695,0.6748814582824707,0.20997238159179688,-0.19242362678050995,0.6784858703613281,0.21036659181118011,-0.19236643612384796,0.665524959564209,0.20865078270435333,-0.17226576805114746,0.6646949052810669,0.20831364393234253,-0.1723872721195221,0.6640171408653259,0.2079877406358719,-0.17245489358901978,0.6938124299049377,0.22306779026985168,-0.14456453919410706,0.6752267479896545,0.21926037967205048,-0.054258234798908234,0.6666150689125061,0.2449335902929306,-0.1802404820919037,0.65955650806427,0.24380077421665192,-0.15391549468040466,0.7130563855171204,0.32164058089256287,-0.1978379189968109,0.6473369002342224,0.329256147146225,0.07465322315692902,0.66744464635849,0.4574061930179596,-0.24883410334587097,0.5946531295776367,0.4382482171058655,0.12349368631839752,0.587920606136322,0.49398887157440186,-0.28384584188461304,0.535162627696991,0.4767957031726837,0.055020589381456375,0.567129373550415,0.5144144892692566,-0.3201630413532257,0.5182815790176392,0.4864685833454132,0.025741705670952797,0.5632125735282898,0.5067969560623169,-0.3197522461414337,0.5161714553833008,0.4839485287666321,0.012899292632937431,0.5709546804428101,0.4997239112854004,-0.28411367535591125,0.5233661532402039,0.48342928290367126,0.04829678311944008,0.7316901087760925,0.5763745903968811,-0.09779693186283112,0.6901174187660217,0.5601847767829895,0.09770272672176361,0.6203122138977051,0.5209786295890808,-0.3215795159339905,0.5874825716018677,0.4903547465801239,-0.03304916247725487,0.5503310561180115,0.7293741703033447,-0.37966498732566833,0.5292908549308777,0.6948258280754089,-0.09361954033374786,0.5512741804122925,0.7825896143913269,-0.385694295167923,0.5334880352020264,0.7264115810394287,-0.10255179554224014,0.4935463070869446,0.7139489650726318,-0.4835250973701477,0.481041818857193,0.6800161004066467,-0.16795501112937927,0,1
0.6273710131645203,0.22395022213459015,-0.246722012758255,0.638206958770752,0.2098369598388672,-0.24383759498596191,0.6415906548500061,0.21010439097881317,-0.24383822083473206,0.6450061798095703,0.21047380566596985,-0.24383635818958282,0.6323469877243042,0.2090035378932953,-0.2218688279390335,0.6315425038337708,0.20883749425411224,-0.2219834327697754,0.6308156251907349,0.20862257480621338,-0.22201387584209442,0.659989058971405,0.22435007989406586,-0.19767461717128754,0.642876923084259,0.22065216302871704,-0.09887348860502243,0.6323367953300476,0.24516011774539948,-0.22949080169200897,0.6255549192428589,0.24404142796993256,-0.20077693462371826,0.679911732673645,0.3231619596481323,-0.2575119435787201,0.6178391575813293,0.33324217796325684,0.04357350617647171,0.6224790811538696,0.46656396985054016,-0.30824172496795654,0.5643885731697083,0.44271790981292725,0.07960963994264603,0.5359280705451965,0.4961949586868286,-0.3180890381336212,0.5038349628448486,0.48815956711769104,-0.012588823214173317,0.5129067301750183,0.5128083229064941,-0.35878685116767883,0.48329511284828186,0.4992070496082306,-0.02539864182472229,0.5093940496444702,0.5025866031646729,-0.3563891053199768,0.48130470514297485,0.4951189160346985,-0.062228940427303314,0.5154315233230591,0.4969974458217621,-0.31798166036605835,0.4905896782875061,0.4932999908924103,-0.03243500366806984,0.7186993360519409,0.5779513120651245,-0.10805924981832504,0.6798549890518188,0.5703826546669006,0.1079859733581543,0.5966099500656128,0.5027528405189514,-0.28211086988449097,0.5700196027755737,0.4869535267353058,0.032664231956005096,0.5415598750114441,0.7238987684249878,-0.3043273985385895,0.5226105451583862,0.6944389343261719,-0.026717130094766617,0.5472009181976318,0.7827712297439575,-0.3080845773220062,0.5209406018257141,0.7360962629318237,-0.03606833517551422,0.47832879424095154,0.6997103095054626,-0.3983004689216614,0.46778035163879395,0.6827215552330017,-0.09665408730506897,0,1
0.5950011014938354,0.22794026136398315,-0.27739354968070984,0.6054295301437378,0.21317467093467712,-0.2823910713195801,0.608478307723999,0.21315304934978485,-0.28242027759552,0.6117538213729858,0.2133934646844864,-0.2824583053588867,0.6004539728164673,0.21292617917060852,-0.25542351603507996,0.599871814250946,0.21282868087291718,-0.25553959608078003,0.5993752479553223,0.21262910962104797,-0.2555592656135559,0.6276992559432983,0.22942759096622467,-0.2584685683250427,0.6107383966445923,0.22483816742897034,-0.13631314039230347,0.5996381044387817,0.25008130073547363,-0.26722970604896545,0.5928941965103149,0.24970756471157074,-0.2316167801618576,0.6469851732254028,0.3357873857021332,-0.321014404296875,0.5924623608589172,0.33683285117149353,0.00852123461663723,0.5809825658798218,0.4833182096481323,-0.39082905650138855,0.5345103740692139,0.45375359058380127,0.0364409014582634,0.4907962381839752,0.5114412307739258,-0.42070499062538147,0.46354037523269653,0.49747949838638306,-0.05738119035959244,0.4674532413482666,0.5291634798049927,-0.4720502495765686,0.44147324562072754,0.5068522691726685,-0.0658695250749588,0.46151238679885864,0.5178342461585999,-0.46258091926574707,0.43761563301086426,0.5070619583129883,-0.10850010067224503,0.4695075452327728,0.5129658579826355,-0.41982269287109375,0.44692713022232056,0.504841685295105,-0.07975779473781586,0.703134298324585,0.5867584943771362,-0.11720021814107895,0.6670042276382446,0.576188862323761,0.11710946261882782,0.5851467251777649,0.49115389585494995,-0.3003932237625122,0.557571291923523,0.4717978239059448,0.08334515988826752,0.5337495803833008,0.724122941493988,-0.3176289200782776,0.5233438014984131,0.6944849491119385,0.07725049555301666,0.540168046951294,0.7894778847694397,-0.32121020555496216,0.5210838317871094,0.7346211671829224,0.07323061674833298,0.47013458609580994,0.7129355669021606,-0.4130869507789612,0.46816301345825195,0.6879007816314697,0.02339400351047516,0,1
0.5650508999824524,0.23795023560523987,-0.20377321541309357,0.5735430121421814,0.2225365936756134,-0.23265209794044495,0.576362133026123,0.22207742929458618,-0.2327052652835846,0.579583466053009,0.2219797968864441,-0.23277267813682556,0.5700098872184753,0.22321902215480804,-0.1896498203277588,0.5700137615203857,0.22321368753910065,-0.18979276716709137,0.5700891613960266,0.2230595499277115,-0.18979856371879578,0.595295786857605,0.2369646281003952,-0.2083144187927246,0.5832687616348267,0.2332911640405655,-0.11348921060562134,0.5696106553077698,0.2585010230541229,-0.2209230661392212,0.5650888681411743,0.2586407959461212,-0.16587354242801666,0.6157740354537964,0.34828123450279236,-0.2805561125278473,0.5768015384674072,0.34764623641967773,0.031054582446813583,0.540636420249939,0.48871493339538574,-0.3420996069908142,0.5133649706840515,0.4631088972091675,0.05817076563835144,0.4513084292411804,0.5301580429077148,-0.35578832030296326,0.435457706451416,0.5105302929878235,0.015032519586384296,0.42852848768234253,0.5454498529434204,-0.3991950750350952,0.4166112542152405,0.5239877700805664,0.01667194254696369,0.4243946671485901,0.533978283405304,-0.39450645446777344,0.41443783044815063,0.5216251015663147,-0.023990362882614136,0.4311559200286865,0.5290130376815796,-0.354725182056427,0.4191901683807373,0.5199193954467773,-0.005646339617669582,0.6858676075935364,0.5980652570724487,-0.11582218110561371,0.6567716002464294,0.5873817205429077,0.11564762890338898,0.5653032064437866,0.48142731189727783,-0.22540514171123505,0.5339747667312622,0.4693736732006073,0.1639748513698578,0.5279864072799683,0.725280225276947,-0.18508264422416687,0.5226020812988281,0.6928666234016418,0.20464566349983215,0.5390825867652893,0.7880330681800842,-0.18194632232189178,0.5226878523826599,0.7295928001403809,0.20597326755523682,0.4633147716522217,0.7270556092262268,-0.24042081832885742,0.46738821268081665,0.6928848624229431,0.1808675080537796,0,1
0.5371342897415161,0.24859926104545593,-0.1267133504152298,0.5462112426757812,0.23054513335227966,-0.14606164395809174,0.5495135188102722,0.23057855665683746,-0.14609917998313904,0.5527387857437134,0.23094989359378815,-0.14613215625286102,0.5417172908782959,0.23053346574306488,-0.1109391301870346,0.5415881872177124,0.23025654256343842,-0.11103957891464233,0.5416591763496399,0.22997722029685974,-0.11107444763183594,0.5696906447410583,0.2445090115070343,-0.17744940519332886,0.5573309063911438,0.24016600847244263,-0.02261519990861416,0.54280024766922,0.2707919776439667,-0.13663452863693237,0.5376702547073364,0.2687811851501465,-0.090904600918293,0.5886154174804688,0.3584723472595215,-0.26473650336265564,0.5542939305305481,0.3566551208496094,0.10044660419225693,0.5157407522201538,0.4983225166797638,-0.3078675866127014,0.48899954557418823,0.47162359952926636,0.12999534606933594,0.41492486000061035,0.5344746708869934,-0.2905626595020294,0.40442246198654175,0.525996208190918,0.07541494071483612,0.39301517605781555,0.5557001233100891,-0.33242887258529663,0.38908976316452026,0.5404103994369507,0.08332425355911255,0.3900090754032135,0.5428925156593323,-0.313429594039917,0.38711264729499817,0.5353831648826599,0.045178186148405075,0.3961654305458069,0.5377480983734131,-0.2844685912132263,0.391746461391449,0.5329713821411133,0.05611187219619751,0.6679754257202148,0.5997445583343506,-0.11557605117559433,0.6422987580299377,0.5953231453895569,0.11537273228168488,0.5579746961593628,0.47792214155197144,-0.22611360251903534,0.5222730040550232,0.4631464183330536,0.19595541059970856,0.526665985584259,0.717715859413147,-0.19633951783180237,0.5140674710273743,0.6783012747764587,0.2168908566236496,0.5385409593582153,0.7772020697593689,-0.19330310821533203,0.5225899815559387,0.7116789221763611,0.21688921749591827,0.4638652205467224,0.715462327003479,-0.24304409325122833,0.4623965620994568,0.6924790740013123,0.19863316416740417,0,1
0.5198940634727478,0.2514092028141022,-0.152528315782547,0.5298246741294861,0.23341353237628937,-0.1645434945821762,0.5332125425338745,0.23375481367111206,-0.1645713746547699,0.5366960763931274,0.23423431813716888,-0.16459201276302338,0.5249549150466919,0.2331310510635376,-0.1341307908296585,0.5246503353118896,0.23300707340240479,-0.13423621654510498,0.5246073007583618,0.23285681009292603,-0.13427260518074036,0.5518113374710083,0.2489873319864273,-0.17205852270126343,0.5400511026382446,0.24488504230976105,-0.033195607364177704,0.5252348780632019,0.2744094729423523,-0.15370306372642517,0.5200227499008179,0.27278873324394226,-0.11388232558965683,0.5688343644142151,0.3565497398376465,-0.25445252656936646,0.5346821546554565,0.3612930178642273,0.09130264818668365,0.4923728108406067,0.49598029255867004,-0.30918556451797485,0.4666469991207123,0.47146716713905334,0.12505845725536346,0.3961861729621887,0.5352342128753662,-0.30579322576522827,0.38727349042892456,0.5326409339904785,0.04796535521745682,0.3715735971927643,0.5571199059486389,-0.3523116409778595,0.3680693507194519,0.5482609272003174,0.04906683787703514,0.36740991473197937,0.5496581792831421,-0.32491666078567505,0.365630567073822,0.5460819602012634,0.01155971921980381,0.37614166736602783,0.542578399181366,-0.2976974844932556,0.37239840626716614,0.5427612662315369,0.028435489162802696,0.6532362103462219,0.5991729497909546,-0.11308101564645767,0.6287079453468323,0.5971148014068604,0.11271170526742935,0.540675163269043,0.47507086396217346,-0.2369602471590042,0.5140379667282104,0.46538472175598145,0.23012003302574158,0.5291865468025208,0.7188096046447754,-0.22645142674446106,0.5212778449058533,0.6788661479949951,0.26679980754852295,0.5413515567779541,0.7777376770973206,-0.22573187947273254,0.540414571762085,0.7123123407363892,0.269029438495636,0.4651722311973572,0.7221407294273376,-0.2840579152107239,0.47140464186668396,0.7015053033828735,0.25258713960647583,0,1
0.5107980370521545,0.25034409761428833,-0.14450320601463318,0.5196288228034973,0.2331732213497162,-0.16041986644268036,0.522091269493103,0.23349899053573608,-0.16047534346580505,0.5250483751296997,0.23387737572193146,-0.16050991415977478,0.5164008736610413,0.23262110352516174,-0.12553979456424713,0.5166691541671753,0.2324455827474594,-0.12560433149337769,0.5172072649002075,0.23224565386772156,-0.1256273239850998,0.540786623954773,0.24821136891841888,-0.17608460783958435,0.5326029062271118,0.24409504234790802,-0.02271292358636856,0.51597660779953,0.2731122672557831,-0.14996466040611267,0.5121744871139526,0.27160727977752686,-0.1046362966299057,0.5556992292404175,0.35561177134513855,-0.2731379270553589,0.5335949659347534,0.3606129586696625,0.10556785762310028,0.4713522493839264,0.48693224787712097,-0.3546764552593231,0.4577518105506897,0.468307763338089,0.11870209872722626,0.37368565797805786,0.5339745283126831,-0.3622206449508667,0.37301215529441833,0.536386251449585,0.04138366878032684,0.3495134115219116,0.555473268032074,-0.4146908223628998,0.3521822392940521,0.5519750118255615,0.041945185512304306,0.34561675786972046,0.5492910742759705,-0.391812264919281,0.3500175178050995,0.5511012673377991,0.007728709373623133,0.35296720266342163,0.5439940690994263,-0.3560722768306732,0.35677239298820496,0.549265444278717,0.023152591660618782,0.6382142305374146,0.6026020646095276,-0.12076220661401749,0.6188281774520874,0.5985545516014099,0.12054220587015152,0.5147703289985657,0.4624450206756592,-0.18514248728752136,0.5008509159088135,0.4619869589805603,0.22580425441265106,0.5317617654800415,0.7036578059196472,-0.0938226580619812,0.524008572101593,0.6671586632728577,0.3111358880996704,0.5470178127288818,0.7530514001846313,-0.08518223464488983,0.5417211055755615,0.6951250433921814,0.3178887367248535,0.4655759334564209,0.7201789021492004,-0.13157373666763306,0.4733608365058899,0.7003858089447021,0.29377639293670654,0,1
0.5051059126853943,0.24786995351314545,-0.1944301575422287,0.5141174793243408,0.23220694065093994,-0.21204352378845215,0.5168046355247498,0.23308473825454712,-0.21211974322795868,0.5199162364006042,0.23377694189548492,-0.2121998518705368,0.5111775398254395,0.23048631846904755,-0.17629316449165344,0.5115596652030945,0.23024387657642365,-0.17633607983589172,0.5123037695884705,0.22999905049800873,-0.17632624506950378,0.5355099439620972,0.24781332910060883,-0.22737820446491241,0.5281422138214111,0.24335028231143951,-0.06768575310707092,0.509482741355896,0.2709122896194458,-0.19766800105571747,0.5058509707450867,0.2683917284011841,-0.15106748044490814,0.5466799139976501,0.3571833670139313,-0.3132786452770233,0.5320843458175659,0.357012003660202,0.07649464905261993,0.4572261869907379,0.48444506525993347,-0.39215296506881714,0.4524611830711365,0.4571406841278076,0.08114458620548248,0.3594806492328644,0.5332583785057068,-0.39425402879714966,0.3662816882133484,0.5319438576698303,-0.0006300995009951293,0.33503225445747375,0.5542738437652588,-0.4513203203678131,0.34031885862350464,0.5469580888748169,-0.002363225445151329,0.330497682094574,0.5483914017677307,-0.4249718189239502,0.33748751878738403,0.5491212010383606,-0.04629407450556755,0.338756263256073,0.5431324243545532,-0.38745543360710144,0.34677618741989136,0.5465211868286133,-0.023636911064386368,0.628196656703949,0.605711042881012,-0.12326868623495102,0.6156336069107056,0.5978689193725586,0.12312598526477814,0.5041680335998535,0.4649098813533783,-0.1455637514591217,0.49820342659950256,0.45682984590530396,0.24464628100395203,0.5318819284439087,0.6985482573509216,0.023557934910058975,0.5299472808837891,0.6653618812561035,0.3850407600402832,0.5480853915214539,0.7324128746986389,0.04071739315986633,0.5495065450668335,0.6924548149108887,0.3983696699142456,0.47233906388282776,0.7006366848945618,0.03424600511789322,0.48551684617996216,0.6840605735778809,0.3973170816898346,0,1
0.5022484064102173,0.24759091436862946,-0.22029344737529755,0.5109937787055969,0.23139749467372894,-0.23755697906017303,0.5138909220695496,0.23231203854084015,-0.23763403296470642,0.5169419050216675,0.23310783505439758,-0.23771122097969055,0.5077168345451355,0.2296455353498459,-0.20175805687904358,0.5079833269119263,0.2294265776872635,-0.20178571343421936,0.5086109042167664,0.22924381494522095,-0.20179803669452667,0.5321022868156433,0.24729052186012268,-0.2506459355354309,0.5237455368041992,0.24267296493053436,-0.09071371704339981,0.506527841091156,0.2707575559616089,-0.22248475253582,0.5023454427719116,0.2681838870048523,-0.17592890560626984,0.541702151298523,0.35735800862312317,-0.3360103368759155,0.5259195566177368,0.3555455803871155,0.053789716213941574,0.45491304993629456,0.48206186294555664,-0.4219045042991638,0.44663310050964355,0.45464247465133667,0.054226379841566086,0.35404276847839355,0.5327049493789673,-0.4318462908267975,0.35882270336151123,0.5280244946479797,-0.0379183366894722,0.3288772404193878,0.5538865327835083,-0.4913291335105896,0.3331376612186432,0.545613169670105,-0.04367956519126892,0.3253019452095032,0.5482379198074341,-0.4667956233024597,0.32756733894348145,0.5464896559715271,-0.08855049312114716,0.331897497177124,0.5431300401687622,-0.42607003450393677,0.33538728952407837,0.5441833734512329,-0.06209750100970268,0.6236120462417603,0.6063578724861145,-0.1241346225142479,0.6090503334999084,0.598077118396759,0.12398650497198105,0.49845123291015625,0.46620339155197144,-0.1597437709569931,0.48026084899902344,0.45788782835006714,0.2670254409313202,0.5293039679527283,0.6952110528945923,0.00015569878451060504,0.5301126837730408,0.6626436710357666,0.3998146951198578,0.5482373833656311,0.7353360652923584,0.017105065286159515,0.5482582449913025,0.6930131912231445,0.4127333164215088,0.47507691383361816,0.7009507417678833,0.004199937917292118,0.4962417185306549,0.685188353061676,0.40988945960998535,0,1
0.5049949288368225,0.24366137385368347,-0.16078637540340424,0.5142781734466553,0.22869764268398285,-0.17712168395519257,0.5173020362854004,0.22889183461666107,-0.17719361186027527,0.5205342769622803,0.22899697721004486,-0.17724204063415527,0.5105791687965393,0.2272317260503769,-0.14121666550636292,0.5107041597366333,0.2269628494977951,-0.1412663608789444,0.5111057162284851,0.22674253582954407,-0.1412924826145172,0.5356714725494385,0.2427849918603897,-0.19604581594467163,0.5263198614120483,0.2377265989780426,-0.03515134006738663,0.5099679827690125,0.2661268413066864,-0.1661250740289688,0.5051670074462891,0.26523181796073914,-0.11935675144195557,0.5491905212402344,0.3549520671367645,-0.2872883379459381,0.5267378687858582,0.35773685574531555,0.09248323738574982,0.4641554355621338,0.4773409962654114,-0.36881718039512634,0.4511558413505554,0.456429660320282,0.09783580154180527,0.3644227385520935,0.5328381657600403,-0.3720148205757141,0.365195095539093,0.5273427963256836,0.01236344501376152,0.33786752820014954,0.5539999008178711,-0.42426085472106934,0.341149240732193,0.5442797541618347,0.010095706209540367,0.33465325832366943,0.547973096370697,-0.39727872610092163,0.3357444107532501,0.5451930165290833,-0.032597772777080536,0.342956006526947,0.5428934097290039,-0.36459505558013916,0.3437483310699463,0.5429912209510803,-0.010712931863963604,0.6282445788383484,0.6055765151977539,-0.12383921444416046,0.6086705923080444,0.5995854139328003,0.12369797378778458,0.5025273561477661,0.46782463788986206,-0.16694961488246918,0.4876595437526703,0.46556514501571655,0.21034269034862518,0.5276601314544678,0.6938571333885193,-0.00843358039855957,0.5303587913513184,0.6644353270530701,0.28124314546585083,0.5472282767295837,0.7361195087432861,0.008661462925374508,0.5494335889816284,0.6946921944618225,0.2873632311820984,0.47319453954696655,0.7023579478263855,0.0017119774129241705,0.4962792992591858,0.7059184908866882,0.28004342317581177,0,1
0.5188405513763428,0.2310660183429718,-0.16672679781913757,0.5297627449035645,0.21768835186958313,-0.18246346712112427,0.5327268838882446,0.21769936382770538,-0.18253597617149353,0.5362402200698853,0.2182719111442566,-0.18258054554462433,0.5258496999740601,0.21720995008945465,-0.14798703789710999,0.5258735418319702,0.2169198989868164,-0.14804604649543762,0.5260225534439087,0.21661919355392456,-0.14807304739952087,0.5509589314460754,0.233828604221344,-0.19974388182163239,0.5395471453666687,0.22797183692455292,-0.040772974491119385,0.5231245756149292,0.25514379143714905,-0.17174001038074493,0.5182901620864868,0.25318244099617004,-0.12621614336967468,0.5722997188568115,0.3510555922985077,-0.28682655096054077,0.5298134684562683,0.35620298981666565,0.06574998050928116,0.4964447617530823,0.47891145944595337,-0.36844339966773987,0.4682563841342926,0.4562147259712219,0.08374825119972229,0.3970477879047394,0.532640814781189,-0.3822731375694275,0.3907911777496338,0.5197363495826721,0.0025983736850321293,0.37282148003578186,0.5538169145584106,-0.4335741400718689,0.36961716413497925,0.5360746383666992,-0.0032830394338816404,0.36857473850250244,0.5434364080429077,-0.4142102599143982,0.3657170534133911,0.5316330194473267,-0.04290083423256874,0.37584617733955383,0.5396986603736877,-0.3778761923313141,0.3727770149707794,0.5311916470527649,-0.019189581274986267,0.6353983879089355,0.6038861870765686,-0.11468754708766937,0.609969973564148,0.600066065788269,0.11455456167459488,0.5141571760177612,0.4703589975833893,-0.1878356635570526,0.49396347999572754,0.46979230642318726,0.21648423373699188,0.5295432806015015,0.7096800804138184,-0.09641111642122269,0.5301822423934937,0.6780269145965576,0.2887710630893707,0.548204779624939,0.7583379149436951,-0.0875076875090599,0.549635112285614,0.7013581395149231,0.29415059089660645,0.47346359491348267,0.718849241733551,-0.13108451664447784,0.4832989275455475,0.7044454216957092,0.2754860818386078,0,1
0.556362509727478,0.22370734810829163,-0.2674044072628021,0.5685151815414429,0.20974867045879364,-0.26637911796569824,0.5722223520278931,0.20992320775985718,-0.2664397954940796,0.5760674476623535,0.21082481741905212,-0.26648303866386414,0.5618758201599121,0.20948795974254608,-0.2431313693523407,0.5609369874000549,0.2096220850944519,-0.24324290454387665,0.5601707100868225,0.20972558856010437,-0.24329908192157745,0.5908364057540894,0.22906187176704407,-0.21940481662750244,0.5730184316635132,0.22300638258457184,-0.11416757106781006,0.5611085295677185,0.24985122680664062,-0.24846437573432922,0.5545589327812195,0.24749360978603363,-0.2179218828678131,0.6094737648963928,0.3511334955692291,-0.2814110517501831,0.5599206686019897,0.3455313742160797,0.032190870493650436,0.5263330340385437,0.48073428869247437,-0.34965261816978455,0.5021042227745056,0.44991570711135864,0.06452631950378418,0.4366420805454254,0.5322573184967041,-0.37959104776382446,0.42768925428390503,0.5115002393722534,-0.020428914576768875,0.4170251488685608,0.5477323532104492,-0.4285350739955902,0.41154032945632935,0.5216004252433777,-0.027246544137597084,0.4139924645423889,0.5374320149421692,-0.4139466881752014,0.4104538857936859,0.5189974904060364,-0.0658874437212944,0.4208749830722809,0.5340626239776611,-0.3774281144142151,0.41656360030174255,0.5192973017692566,-0.040336690843105316,0.6539791822433472,0.6064378023147583,-0.11173669993877411,0.618930459022522,0.5960597395896912,0.11139092594385147,0.542885422706604,0.46894264221191406,-0.22118477523326874,0.5081371068954468,0.46860721707344055,0.21543201804161072,0.5177139639854431,0.709396243095398,-0.17546752095222473,0.5228236317634583,0.6763396859169006,0.2874234914779663,0.5291468501091003,0.7605383396148682,-0.1705206334590912,0.5400323867797852,0.705855667591095,0.2931085228919983,0.4598994851112366,0.7073603868484497,-0.21991243958473206,0.4708755910396576,0.699406623840332,0.27756717801094055,0,1
0.5986101627349854,0.2218567281961441,-0.2131897509098053,0.609027087688446,0.20519433915615082,-0.20716293156147003,0.6125991940498352,0.205176442861557,-0.20716114342212677,0.6162959337234497,0.2058417648077011,-0.20715360343456268,0.6028032302856445,0.206138014793396,-0.18070635199546814,0.6019647121429443,0.20632275938987732,-0.18082979321479797,0.6012251973152161,0.20643062889575958,-0.18085977435112,0.632510781288147,0.22238197922706604,-0.16156195104122162,0.6145291924476624,0.21728917956352234,-0.03615359589457512,0.604775607585907,0.2465459406375885,-0.19290944933891296,0.5979598164558411,0.24505016207695007,-0.15758906304836273,0.6549559831619263,0.34581711888313293,-0.22816693782806396,0.6010951995849609,0.3363616168498993,0.09831581264734268,0.5763262510299683,0.4605056345462799,-0.2964291572570801,0.5393351316452026,0.4305797517299652,0.12647154927253723,0.4935237765312195,0.4876119792461395,-0.3029794991016388,0.4754854738712311,0.48123058676719666,0.02454938367009163,0.47053980827331543,0.5020666122436523,-0.3444312810897827,0.4567745625972748,0.4924011528491974,0.015323517844080925,0.4681398272514343,0.49506399035453796,-0.33435720205307007,0.4562368392944336,0.4931817650794983,-0.024058114737272263,0.4755079746246338,0.49137818813323975,-0.3015916645526886,0.4631439745426178,0.4915703237056732,0.0030088480561971664,0.6789054870605469,0.6064180731773376,-0.11481945216655731,0.6404888033866882,0.5958530306816101,0.11441866308450699,0.5827205777168274,0.4692561626434326,-0.27900034189224243,0.5332344770431519,0.4657999277114868,0.06798180937767029,0.526045560836792,0.716576874256134,-0.2935341000556946,0.5067208409309387,0.6998183131217957,-0.023001212626695633,0.5324313640594482,0.7729136347770691,-0.2954186201095581,0.5151988863945007,0.7448529601097107,-0.03593840450048447,0.46064552664756775,0.7144657373428345,-0.3651069700717926,0.4558080732822418,0.7032724618911743,-0.094288170337677,0,1
0.6434409618377686,0.22782741487026215,-0.18492016196250916,0.6528939008712769,0.20764125883579254,-0.1755916029214859,0.6571950316429138,0.20670780539512634,-0.1755630224943161,0.661404013633728,0.20626144111156464,-0.17553547024726868,0.6448286771774292,0.20958110690116882,-0.15206781029701233,0.643316924571991,0.20978853106498718,-0.15216514468193054,0.6420230865478516,0.20989131927490234,-0.1521964818239212,0.6763492226600647,0.22221501171588898,-0.10484091192483902,0.6532984972000122,0.2180832326412201,0.004582571797072887,0.6519677042961121,0.24884134531021118,-0.15805557370185852,0.6435462236404419,0.249070405960083,-0.1265864223241806,0.7007721662521362,0.3330458402633667,-0.1718515008687973,0.6402092576026917,0.33557939529418945,0.1532275378704071,0.6197047233581543,0.4259505867958069,-0.25171777606010437,0.5742724537849426,0.4151439368724823,0.17910395562648773,0.5406632423400879,0.45024383068084717,-0.27181538939476013,0.5116428136825562,0.4537521004676819,0.04062172397971153,0.5167511105537415,0.46806636452674866,-0.30941933393478394,0.49361729621887207,0.46280181407928467,0.02698773518204689,0.515722393989563,0.4625801146030426,-0.303422749042511,0.49499496817588806,0.46436771750450134,-0.009249831549823284,0.5237706303596497,0.460795134305954,-0.2707200050354004,0.5024572014808655,0.4629160165786743,0.019795436412096024,0.7062990069389343,0.5955104231834412,-0.12142407894134521,0.6693731546401978,0.5916794538497925,0.12102286517620087,0.5873541235923767,0.4833868145942688,-0.28464871644973755,0.5551654100418091,0.4756309390068054,0.06910057365894318,0.5403186678886414,0.7160419225692749,-0.3181706368923187,0.5102173686027527,0.7039772272109985,0.0026907972060143948,0.5440704226493835,0.7742098569869995,-0.3223530650138855,0.5168681740760803,0.7546746730804443,-0.00770412664860487,0.4810716211795807,0.7169396877288818,-0.3909521698951721,0.4559769034385681,0.7023373246192932,-0.0587514229118824,0,1
0.681790828704834,0.23604625463485718,-0.09733221679925919,0.6893309354782104,0.21688415110111237,-0.08779890835285187,0.6934081315994263,0.21586544811725616,-0.08774469047784805,0.6983097791671753,0.21473978459835052,-0.0876695066690445,0.6831713318824768,0.2175331562757492,-0.06880893558263779,0.6821433305740356,0.21738393604755402,-0.06888480484485626,0.6811484098434448,0.21719424426555634,-0.06894631683826447,0.7151447534561157,0.22473692893981934,-0.02609958127140999,0.6898750066757202,0.22308222949504852,0.06019189953804016,0.6894294023513794,0.2558773458003998,-0.07513387501239777,0.682103157043457,0.25552064180374146,-0.05020253732800484,0.7391136288642883,0.33230239152908325,-0.09571826457977295,0.6737852692604065,0.3323412537574768,0.1827857494354248,0.6706646084785461,0.4252558946609497,-0.16976484656333923,0.612369179725647,0.4076305031776428,0.22873887419700623,0.5927101969718933,0.4554755687713623,-0.20036494731903076,0.5533809065818787,0.4394288659095764,0.11712106317281723,0.5675417184829712,0.4658616781234741,-0.22641268372535706,0.5350584387779236,0.4490700662136078,0.10986320674419403,0.565475583076477,0.4603600800037384,-0.22214171290397644,0.5350419878959656,0.4484216868877411,0.08171301335096359,0.5727235078811646,0.45851850509643555,-0.19793282449245453,0.5426566004753113,0.446949303150177,0.10107660293579102,0.7252480983734131,0.5841056704521179,-0.1040322408080101,0.6869253516197205,0.5726678371429443,0.10365835577249527,0.6052879095077515,0.4972866475582123,-0.29227370023727417,0.5799798965454102,0.48277613520622253,0.03157903999090195,0.5451661348342896,0.720795750617981,-0.37650901079177856,0.5138060450553894,0.7032224535942078,-0.053384650498628616,0.5477325320243835,0.7843005657196045,-0.38386601209640503,0.516534686088562,0.7532857060432434,-0.06389418244361877,0.4840148091316223,0.7202532291412354,-0.4533080458641052,0.45740848779678345,0.6962025761604309,-0.10998682677745819,0,1
0.7143147587776184,0.2496756911277771,-0.0597291961312294,0.7221082448959351,0.23222768306732178,-0.055505894124507904,0.7260696887969971,0.231052964925766,-0.05546928569674492,0.7307381629943848,0.22947576642036438,-0.05540570616722107,0.7148489952087402,0.23348234593868256,-0.035833586007356644,0.7133409976959229,0.23341265320777893,-0.035911329090595245,0.7121270895004272,0.2333788275718689,-0.03597455471754074,0.7474995255470276,0.23454439640045166,-0.011930251494050026,0.7213079929351807,0.2364649474620819,0.077468641102314,0.7235342860221863,0.26707082986831665,-0.043375153094530106,0.7151170969009399,0.2678152024745941,-0.017412960529327393,0.7759354114532471,0.3330327868461609,-0.08425191789865494,0.7009626626968384,0.3352144956588745,0.1839984655380249,0.7126598954200745,0.42950084805488586,-0.18076637387275696,0.6427658796310425,0.41128772497177124,0.19661934673786163,0.6336742639541626,0.45580098032951355,-0.23701179027557373,0.5843419432640076,0.44187131524086,0.060653526335954666,0.6129269003868103,0.4693012237548828,-0.26758015155792236,0.5673962235450745,0.4518161416053772,0.04121500253677368,0.6107491254806519,0.4631306529045105,-0.26340192556381226,0.5684643387794495,0.44893401861190796,0.026973670348525047,0.6194084882736206,0.4605873227119446,-0.23517298698425293,0.5753133296966553,0.4471561014652252,0.051018763333559036,0.746499240398407,0.5852475762367249,-0.1005953922867775,0.705200731754303,0.5701287388801575,0.10032882541418076,0.623843252658844,0.5244187712669373,-0.262952595949173,0.5967375040054321,0.49856817722320557,0.010005372576415539,0.5479120016098022,0.7291454672813416,-0.328808069229126,0.518532931804657,0.7020999789237976,-0.07293608039617538,0.5482345819473267,0.783355712890625,-0.3341391384601593,0.5168017148971558,0.7506433129310608,-0.08276836574077606,0.4851923882961273,0.7091975808143616,-0.40203857421875,0.4621983468532562,0.6924002170562744,-0.13363786041736603,0,1
0.7394050359725952,0.25780484080314636,-0.05327548459172249,0.7465075254440308,0.24086110293865204,-0.054733097553253174,0.7507420778274536,0.23942838609218597,-0.054723430424928665,0.754987359046936,0.23734678328037262,-0.05468357726931572,0.738799512386322,0.24207161366939545,-0.037145089358091354,0.7372192144393921,0.24207787215709686,-0.03722754493355751,0.7358771562576294,0.24222618341445923,-0.03730640932917595,0.7715132832527161,0.23882293701171875,-0.0292801596224308,0.7456580996513367,0.24387456476688385,0.052516430616378784,0.7499890327453613,0.27505356073379517,-0.04278796166181564,0.7404142618179321,0.27669838070869446,-0.019837401807308197,0.8024165034294128,0.33339524269104004,-0.09189924597740173,0.7276575565338135,0.3353112041950226,0.1348961889743805,0.76264888048172,0.43964797258377075,-0.1910088211297989,0.6733334064483643,0.41709190607070923,0.11841938644647598,0.6832039952278137,0.4586336016654968,-0.2493058443069458,0.6177548170089722,0.4446021616458893,-0.02648027241230011,0.6649545431137085,0.47262445092201233,-0.27985861897468567,0.602952241897583,0.4540371298789978,-0.04979582875967026,0.6589754819869995,0.46550270915031433,-0.2698215842247009,0.6036791205406189,0.4501083493232727,-0.06634826213121414,0.6652973890304565,0.46275490522384644,-0.24728579819202423,0.6098159551620483,0.4489438235759735,-0.03892240300774574,0.7596402168273926,0.5807777047157288,-0.08440038561820984,0.7206872701644897,0.5585072636604309,0.08432696759700775,0.6358681321144104,0.5533522367477417,-0.20807497203350067,0.6111000776290894,0.5154843926429749,-0.033537693321704865,0.5494382977485657,0.7344840168952942,-0.2824912667274475,0.5238469243049622,0.6986685991287231,-0.12443143129348755,0.548058271408081,0.7826865315437317,-0.2886285185813904,0.5169966220855713,0.7493038773536682,-0.1345144659280777,0.4881288409233093,0.7181448340415955,-0.34862563014030457,0.4617280960083008,0.6801865696907043,-0.1842406541109085,0,1
0.7589024305343628,0.26856544613838196,-0.010066375136375427,0.7645781636238098,0.2502369284629822,-0.01187021192163229,0.7682834267616272,0.24940520524978638,-0.01187167502939701,0.7731468081474304,0.2477893829345703,-0.011854968965053558,0.7572677731513977,0.25256678462028503,0.006949756294488907,0.7558690309524536,0.2533186674118042,0.0068725706078112125,0.7548710107803345,0.2542259097099304,0.0067887455224990845,0.7891696691513062,0.2458462119102478,0.005197267048060894,0.7625261545181274,0.25454437732696533,0.08954215794801712,0.7694871425628662,0.2872023582458496,-0.0024637242313474417,0.7598100304603577,0.2899453043937683,0.022218823432922363,0.8233200311660767,0.3348282277584076,-0.04841906204819679,0.7469144463539124,0.33952590823173523,0.15156403183937073,0.8007597923278809,0.4718348979949951,-0.11434944719076157,0.6998230814933777,0.4361816942691803,0.1239834800362587,0.7182468175888062,0.4736367464065552,-0.15813051164150238,0.65010005235672,0.4454394578933716,-0.043456945568323135,0.6974050402641296,0.4794791042804718,-0.1795821189880371,0.6342358589172363,0.45533815026283264,-0.0737474337220192,0.6947788000106812,0.47000986337661743,-0.1811295598745346,0.6358484029769897,0.4503747820854187,-0.08876007050275803,0.7012625932693481,0.46850231289863586,-0.15690390765666962,0.6425892114639282,0.4496176540851593,-0.05700234696269035,0.7707747220993042,0.574298620223999,-0.07422339916229248,0.7303524613380432,0.5510921478271484,0.07422436773777008,0.6528640389442444,0.5794053673744202,-0.19403819739818573,0.6247969269752502,0.5498896837234497,-0.04542207345366478,0.5535876154899597,0.7460788488388062,-0.2876588702201843,0.5250509977340698,0.6984758973121643,-0.16243430972099304,0.5481935739517212,0.792971134185791,-0.3009747862815857,0.5172502398490906,0.7416983842849731,-0.17557433247566223,0.4900756776332855,0.7186170220375061,-0.3786894381046295,0.4643666744232178,0.6730461716651917,-0.23041757941246033,0,1
0.7694031000137329,0.2770131826400757,-0.02763085626065731,0.7755992412567139,0.25761085748672485,-0.031395234167575836,0.7789420485496521,0.2559278607368469,-0.031385987997055054,0.783555805683136,0.2537577450275421,-0.03138019144535065,0.7680580019950867,0.26099106669425964,-0.01118997111916542,0.7666944265365601,0.2620235085487366,-0.01123001053929329,0.7655562162399292,0.26319918036460876,-0.011300484649837017,0.8019698858261108,0.25329336524009705,-0.013473400846123695,0.7738960981369019,0.2648598253726959,0.077515609562397,0.7786065340042114,0.29287877678871155,-0.019031472504138947,0.7702131271362305,0.29470813274383545,0.007830589078366756,0.8385123014450073,0.3390995264053345,-0.05142192170023918,0.7592366337776184,0.34240493178367615,0.15124934911727905,0.8359219431877136,0.49106499552726746,-0.10514993965625763,0.7271853685379028,0.4440430998802185,0.12805256247520447,0.7564576864242554,0.49823638796806335,-0.14811523258686066,0.6861951351165771,0.44619208574295044,-0.043438635766506195,0.7356901168823242,0.5086860656738281,-0.16876474022865295,0.6727626323699951,0.4539417326450348,-0.07150468230247498,0.7327979207038879,0.4933578372001648,-0.16718970239162445,0.6733207106590271,0.4466203451156616,-0.08630161732435226,0.7368040084838867,0.4878615438938141,-0.14510245621204376,0.6785520315170288,0.4464361369609833,-0.05639728158712387,0.7782889604568481,0.5748306512832642,-0.07559651881456375,0.7368183732032776,0.5505443811416626,0.075595423579216,0.6605100035667419,0.6185786128044128,-0.16268105804920197,0.6346758604049683,0.5717424750328064,-0.02950143814086914,0.5604145526885986,0.7600055932998657,-0.22541645169258118,0.5370235443115234,0.6989293098449707,-0.15164858102798462,0.5488924980163574,0.8026959896087646,-0.23279611766338348,0.5312551856040955,0.741656482219696,-0.14967571198940277,0.49408382177352905,0.7396617531776428,-0.30935853719711304,0.47265395522117615,0.6733563542366028,-0.1869203895330429,0,1
0.7723270654678345,0.27475497126579285,-0.036838263273239136,0.7785767912864685,0.2557756304740906,-0.03939404338598251,0.7824854254722595,0.25409549474716187,-0.03938464820384979,0.7868186831474304,0.2518243193626404,-0.03938516601920128,0.7709295749664307,0.25922566652297974,-0.01951051503419876,0.7693837881088257,0.2600635290145874,-0.019544081762433052,0.7680176496505737,0.2609230577945709,-0.01960677094757557,0.804410457611084,0.2519533336162567,-0.015589523129165173,0.7779605388641357,0.26268503069877625,0.07615216821432114,0.782213568687439,0.29092058539390564,-0.02536891959607601,0.7746738195419312,0.29307863116264343,0.001377308857627213,0.8462756276130676,0.34073448181152344,-0.030853042379021645,0.7668584585189819,0.34106606245040894,0.16022177040576935,0.8640668988227844,0.4939752221107483,-0.08185607939958572,0.7456467747688293,0.4501931965351105,0.14241527020931244,0.7798870801925659,0.5113017559051514,-0.14237844944000244,0.7134720087051392,0.45455077290534973,-0.03135038539767265,0.7638801336288452,0.5243216753005981,-0.16424265503883362,0.7011423110961914,0.4585466980934143,-0.05745887756347656,0.7571250200271606,0.507453441619873,-0.16191479563713074,0.6990607976913452,0.4473132789134979,-0.07448180764913559,0.7619513273239136,0.5029887557029724,-0.13919773697853088,0.7067269086837769,0.44759100675582886,-0.04685138538479805,0.7824397087097168,0.5799187421798706,-0.07146397978067398,0.740169882774353,0.5507625937461853,0.07150749862194061,0.6766908764839172,0.6201044917106628,-0.22075743973255157,0.6425341963768005,0.5763863325119019,-0.07836170494556427,0.5597032308578491,0.758508563041687,-0.31647366285324097,0.5363428592681885,0.7014362812042236,-0.1996116191148758,0.5482959151268005,0.8020901083946228,-0.3266429007053375,0.5282058715820312,0.7466846704483032,-0.2126680612564087,0.4937204420566559,0.7405847907066345,-0.4209190309047699,0.4721355438232422,0.6749010682106018,-0.2796056568622589,0,1
0.7710270285606384,0.269147664308548,-0.005988906137645245,0.7775283455848694,0.25055766105651855,-0.005788678769022226,0.7818309664726257,0.24880458414554596,-0.005773665849119425,0.7865608334541321,0.24692174792289734,-0.005788658745586872,0.7698009610176086,0.253347247838974,0.012271144427359104,0.7684177160263062,0.25411543250083923,0.012274807319045067,0.7670596241950989,0.2548626959323883,0.012237190268933773,0.8036152720451355,0.24837715923786163,0.02066967263817787,0.7763504385948181,0.2600722014904022,0.10631948709487915,0.7810617685317993,0.2852881848812103,0.0055054244585335255,0.772970974445343,0.28796765208244324,0.030517304316163063,0.8457740545272827,0.3406932055950165,0.0035584247671067715,0.7652581930160522,0.3417838215827942,0.16739428043365479,0.866616427898407,0.4903411567211151,-0.04129255190491676,0.7462619543075562,0.4577396810054779,0.1633862406015396,0.7855511903762817,0.5089139938354492,-0.09777068346738815,0.712903618812561,0.4732361137866974,0.021625425666570663,0.7683897018432617,0.5234581232070923,-0.11787660419940948,0.7000293731689453,0.48339053988456726,-0.007751761469990015,0.7613092064857483,0.5066573619842529,-0.11599373817443848,0.7002738118171692,0.4749515950679779,-0.021047361195087433,0.7654874324798584,0.5025472640991211,-0.09480352699756622,0.7075462937355042,0.46925196051597595,0.010498255491256714,0.7846410870552063,0.5783472061157227,-0.06529781967401505,0.7422077655792236,0.5478896498680115,0.06532294303178787,0.6702596545219421,0.6134260296821594,-0.2013309746980667,0.6441508531570435,0.5752446055412292,-0.06832651793956757,0.5589908361434937,0.7579807043075562,-0.31025123596191406,0.531457781791687,0.7014108896255493,-0.1991310715675354,0.5457718372344971,0.8024219870567322,-0.32129809260368347,0.5174193382263184,0.7484426498413086,-0.21378593146800995,0.48919495940208435,0.7420465350151062,-0.40536242723464966,0.4685145914554596,0.6749322414398193,-0.2733024060726166,0,1
0.7668803930282593,0.2638113796710968,-0.00944771058857441,0.773544192314148,0.24629567563533783,-0.008677678182721138,0.7778913974761963,0.24475616216659546,-0.008829174563288689,0.782551646232605,0.24323700368404388,-0.009027446620166302,0.7662426233291626,0.24927370250225067,0.009968251921236515,0.7648410797119141,0.25000083446502686,0.00989375077188015,0.7634019255638123,0.250672310590744,0.00983547605574131,0.7993639707565308,0.24387986958026886,-0.0024008580949157476,0.7724729776382446,0.25668689608573914,0.09013118594884872,0.7766909003257751,0.2792834937572479,-0.005428551696240902,0.7682809233665466,0.2801578640937805,0.02281511016190052,0.8402411341667175,0.3404340445995331,-0.02325461059808731,0.7619460225105286,0.34201887249946594,0.15447726845741272,0.8491117358207703,0.4917801320552826,-0.0694841742515564,0.7431343793869019,0.46077659726142883,0.16803058981895447,0.7681707143783569,0.5088980197906494,-0.1258426308631897,0.6995654702186584,0.48500314354896545,0.04121583327651024,0.7475596070289612,0.5216688513755798,-0.1529807448387146,0.6859121918678284,0.4956197440624237,0.014689264819025993,0.7432445287704468,0.506790041923523,-0.14936499297618866,0.6852723360061646,0.48454686999320984,-0.0057756914757192135,0.748090922832489,0.5020178556442261,-0.12335167080163956,0.6915926933288574,0.48399636149406433,0.02660505101084709,0.783477783203125,0.578359842300415,-0.06702415645122528,0.741782546043396,0.5482121706008911,0.06708336621522903,0.6675017476081848,0.6118085980415344,-0.2065187245607376,0.6413304209709167,0.5719181299209595,-0.06946496665477753,0.5575742125511169,0.7558737993240356,-0.30727821588516235,0.5319244861602783,0.7007091045379639,-0.19138437509536743,0.545559287071228,0.8003202676773071,-0.317658007144928,0.5192732214927673,0.746812105178833,-0.20552711188793182,0.48826298117637634,0.7332944273948669,-0.40137583017349243,0.4671943187713623,0.6687706708908081,-0.2657923400402069,0,1
0.7570233345031738,0.2499704509973526,-0.024470532312989235,0.7652509808540344,0.2337525635957718,-0.023498954251408577,0.7698639631271362,0.23258067667484283,-0.02362305484712124,0.7754617929458618,0.23130904138088226,-0.023707209154963493,0.7579439878463745,0.2355402559041977,-0.004489663057029247,0.7569323778152466,0.23641830682754517,-0.00461841793730855,0.756177544593811,0.2374664545059204,-0.004732044413685799,0.7918784022331238,0.23613080382347107,-0.01647389493882656,0.7670913338661194,0.24578407406806946,0.07181160151958466,0.7673054337501526,0.2693508267402649,-0.022467005997896194,0.7591103911399841,0.2704165279865265,0.003607196733355522,0.8293846845626831,0.3386136293411255,-0.05471045523881912,0.7499582767486572,0.34203967452049255,0.13371774554252625,0.828494668006897,0.49243101477622986,-0.1199362501502037,0.7252197265625,0.461719810962677,0.13693879544734955,0.7407401204109192,0.5013430714607239,-0.17690947651863098,0.6751529574394226,0.4935377836227417,0.0012218778720125556,0.7161161303520203,0.5122910141944885,-0.20210623741149902,0.6599335670471191,0.5025664567947388,-0.027337681502103806,0.7127104997634888,0.4952254891395569,-0.19856664538383484,0.6599544286727905,0.4923720061779022,-0.04730026796460152,0.7196325659751892,0.49283602833747864,-0.17395229637622833,0.6658918857574463,0.492352157831192,-0.013669982552528381,0.7799176573753357,0.5780612230300903,-0.0678345263004303,0.7388387322425842,0.5520407557487488,0.06788845360279083,0.6663212776184082,0.610801637172699,-0.22592970728874207,0.6399744749069214,0.5705141425132751,-0.0795077234506607,0.5576114058494568,0.7555622458457947,-0.30931198596954346,0.531651496887207,0.7006615996360779,-0.18834489583969116,0.5465462803840637,0.8000649213790894,-0.31882742047309875,0.5193315744400024,0.7456157207489014,-0.20154047012329102,0.4904870390892029,0.7331473231315613,-0.40917906165122986,0.46746355295181274,0.6692902445793152,-0.26661086082458496,0,1
0.7401966452598572,0.24114269018173218,-0.054565608501434326,0.7491118311882019,0.22524087131023407,-0.053359098732471466,0.7528827786445618,0.22522298991680145,-0.053409941494464874,0.757764458656311,0.22477921843528748,-0.05340700224041939,0.7423441410064697,0.22555063664913177,-0.03466113656759262,0.7413808107376099,0.22595049440860748,-0.03475552797317505,0.7406753301620483,0.22646336257457733,-0.03485289588570595,0.7737334370613098,0.23273895680904388,-0.03706837445497513,0.7518662214279175,0.23608945310115814,0.04655570536851883,0.7478545904159546,0.2625281512737274,-0.04880198836326599,0.7410709261894226,0.26299604773521423,-0.024279780685901642,0.8077588081359863,0.3371480107307434,-0.08292581140995026,0.730934739112854,0.34209534525871277,0.12054117023944855,0.7918626070022583,0.4874635934829712,-0.15073634684085846,0.6945794224739075,0.46132612228393555,0.12487073987722397,0.7068265676498413,0.5010333061218262,-0.1989745795726776,0.6449851393699646,0.5041465163230896,-0.002625713124871254,0.6838286519050598,0.5133105516433716,-0.22454985976219177,0.629861056804657,0.5164226293563843,-0.028780590742826462,0.6809011697769165,0.49821344017982483,-0.22207677364349365,0.6308864951133728,0.5081233382225037,-0.05013802647590637,0.688296914100647,0.4953141212463379,-0.196609765291214,0.6368387937545776,0.5054243803024292,-0.017627807334065437,0.7746284604072571,0.5754931569099426,-0.07157222181558609,0.7302396893501282,0.5570500493049622,0.07176867872476578,0.6658888459205627,0.5801469087600708,-0.2746143639087677,0.637545645236969,0.5651205778121948,-0.12000926584005356,0.5575234889984131,0.7457807064056396,-0.3826706111431122,0.5315971374511719,0.70444655418396,-0.25641459226608276,0.546337902545929,0.7936553359031677,-0.3943527936935425,0.5194994807243347,0.7472407817840576,-0.2725868821144104,0.49402278661727905,0.7115777134895325,-0.4959176480770111,0.4695550501346588,0.6712567806243896,-0.350236713886261,0,1
0.7195911407470703,0.2344520539045334,-0.06515799462795258,0.7298657894134521,0.22030329704284668,-0.06125316023826599,0.7343953251838684,0.22042764723300934,-0.061288874596357346,0.7390804290771484,0.22053110599517822,-0.06125899404287338,0.7229659557342529,0.21984240412712097,-0.04365932196378708,0.7217841148376465,0.21983280777931213,-0.04375230893492699,0.72072833776474,0.21996811032295227,-0.043836381286382675,0.75225830078125,0.23095999658107758,-0.03585090860724449,0.7325721979141235,0.23041242361068726,0.04188886657357216,0.72687828540802,0.2552814185619354,-0.05669384449720383,0.7194087505340576,0.25525963306427,-0.03414781764149666,0.7844349145889282,0.3364655077457428,-0.09358953684568405,0.7099689245223999,0.3426344096660614,0.11916414648294449,0.7612526416778564,0.4809679687023163,-0.16829493641853333,0.6719397306442261,0.4610649645328522,0.10900793224573135,0.681220293045044,0.5074991583824158,-0.21526245772838593,0.6197363138198853,0.5006633400917053,-0.03369692340493202,0.6587969064712524,0.5222218036651611,-0.24129633605480194,0.6047576665878296,0.5120322108268738,-0.06038719415664673,0.6540311574935913,0.5099113583564758,-0.23788373172283173,0.6031622886657715,0.5041150450706482,-0.08167824149131775,0.6608754992485046,0.5064828395843506,-0.21276739239692688,0.6103742122650146,0.5015183687210083,-0.04889857396483421,0.7663431167602539,0.5741651058197021,-0.07519236952066422,0.7217921614646912,0.5572641491889954,0.07536216080188751,0.6584004163742065,0.5650473833084106,-0.2723195254802704,0.6223164796829224,0.5415905117988586,-0.11315786838531494,0.5556020736694336,0.7464414238929749,-0.382575124502182,0.5314112305641174,0.7022982239723206,-0.2468174397945404,0.54581618309021,0.7970026731491089,-0.3943679630756378,0.5196386575698853,0.7471954226493835,-0.2622091770172119,0.4952477514743805,0.714389979839325,-0.49270501732826233,0.47342783212661743,0.6721739172935486,-0.33324965834617615,0,1
0.695751428604126,0.2316078543663025,-0.10132046788930893,0.7061372995376587,0.21631978452205658,-0.09832631051540375,0.7101989388465881,0.21644575893878937,-0.09831897169351578,0.7141510248184204,0.21659177541732788,-0.0982515960931778,0.7000409364700317,0.2158280909061432,-0.0791802704334259,0.6992975473403931,0.21560931205749512,-0.07928865402936935,0.6987158060073853,0.21535886824131012,-0.07936765253543854,0.7280957698822021,0.2294231653213501,-0.07449106872081757,0.7113362550735474,0.22735892236232758,0.009584078565239906,0.7021681070327759,0.25168097019195557,-0.09378717094659805,0.6958710551261902,0.250815212726593,-0.06924781203269958,0.7586243748664856,0.33817222714424133,-0.13897912204265594,0.6882073283195496,0.34406834840774536,0.09516199678182602,0.7169197797775269,0.4810645580291748,-0.19271056354045868,0.6417627334594727,0.46180984377861023,0.11256252229213715,0.6370304226875305,0.5143959522247314,-0.21486496925354004,0.59226393699646,0.5004590153694153,0.011129798367619514,0.6195025444030762,0.5286047458648682,-0.2399705946445465,0.574081301689148,0.5116027593612671,-0.0021108253858983517,0.614403486251831,0.5182193517684937,-0.23505516350269318,0.5731514096260071,0.5063848495483398,-0.02629196271300316,0.6215053796768188,0.5132330060005188,-0.2117016315460205,0.5797316431999207,0.5037007927894592,-0.002937345765531063,0.7579466104507446,0.5779698491096497,-0.08175217360258102,0.7162339687347412,0.5625169277191162,0.08175104111433029,0.644776463508606,0.5438586473464966,-0.2815067172050476,0.6105577945709229,0.526711642742157,-0.05948718264698982,0.556625247001648,0.7331615090370178,-0.3734866678714752,0.5317187309265137,0.698268711566925,-0.1279187947511673,0.5532899498939514,0.7870603799819946,-0.374111145734787,0.5225146412849426,0.7400685548782349,-0.136539489030838,0.5012548565864563,0.7146058678627014,-0.4563102126121521,0.47317570447921753,0.6723425984382629,-0.19424404203891754,0,1
0.6723707914352417,0.2309904545545578,-0.16566185653209686,0.6821826696395874,0.21630392968654633,-0.1591872125864029,0.6858553290367126,0.21639099717140198,-0.1591631919145584,0.6895868182182312,0.21656012535095215,-0.15910767018795013,0.6754292845726013,0.21579989790916443,-0.14079463481903076,0.6742688417434692,0.2156478613615036,-0.1409224569797516,0.6732248067855835,0.21544435620307922,-0.1409914791584015,0.7044605612754822,0.22954688966274261,-0.11544539034366608,0.6844862699508667,0.22750723361968994,-0.03286508470773697,0.6779729127883911,0.25191861391067505,-0.15055811405181885,0.6712566018104553,0.25153878331184387,-0.12654811143875122,0.7334274053573608,0.3375642001628876,-0.1715741753578186,0.6623138785362244,0.34405529499053955,0.07287971675395966,0.6906605958938599,0.4786648154258728,-0.21822810173034668,0.6138931512832642,0.4618273079395294,0.09621243178844452,0.6126816272735596,0.524088978767395,-0.23984727263450623,0.5601832270622253,0.5017140507698059,-0.005912423133850098,0.5923246741294861,0.537053108215332,-0.2713608145713806,0.5422996878623962,0.5145333409309387,-0.01749669387936592,0.5858391523361206,0.5299147367477417,-0.26933711767196655,0.5408354997634888,0.5132692456245422,-0.049292050302028656,0.5928924679756165,0.5241526961326599,-0.23866549134254456,0.548918604850769,0.5098000168800354,-0.02174459584057331,0.7434265613555908,0.5776083469390869,-0.08987298607826233,0.7010886669158936,0.5647066235542297,0.08976585417985916,0.630243718624115,0.5382936000823975,-0.31609123945236206,0.596322238445282,0.5177463293075562,-0.06086023896932602,0.5541569590568542,0.7316920161247253,-0.3673979640007019,0.5288271903991699,0.699705183506012,-0.12059368193149567,0.5533653497695923,0.7870581150054932,-0.37172931432724,0.5208119750022888,0.7457237839698792,-0.12867382168769836,0.5033445358276367,0.7321588397026062,-0.46230167150497437,0.4730612337589264,0.6894631385803223,-0.19603273272514343,0,1
0.6499004364013672,0.22908884286880493,-0.27315136790275574,0.6605029106140137,0.21467119455337524,-0.27333763241767883,0.664161205291748,0.21453645825386047,-0.2733341157436371,0.6679129004478455,0.21457231044769287,-0.2733176350593567,0.6539629697799683,0.21469499170780182,-0.25129586458206177,0.6528063416481018,0.21474416553974152,-0.2514146566390991,0.6516454815864563,0.21467730402946472,-0.25144678354263306,0.6839627623558044,0.2290506362915039,-0.24246975779533386,0.6621165871620178,0.22646844387054443,-0.14243562519550323,0.655728280544281,0.2514946460723877,-0.2614074647426605,0.6475547552108765,0.2512418329715729,-0.23220118880271912,0.7086285948753357,0.33783066272735596,-0.28962260484695435,0.6408164501190186,0.3452872037887573,-0.022494589909911156,0.654061496257782,0.4787409007549286,-0.3410032391548157,0.5885393619537354,0.4611545503139496,0.002438376657664776,0.5734418630599976,0.5268716216087341,-0.34982481598854065,0.528874933719635,0.515421986579895,-0.086689792573452,0.5488775372505188,0.5467048287391663,-0.3908533453941345,0.515108585357666,0.5260903239250183,-0.10267426073551178,0.5438769459724426,0.5390751957893372,-0.38809987902641296,0.5142451524734497,0.5250569581985474,-0.13779811561107635,0.5478620529174805,0.5345077514648438,-0.3498315215110779,0.5212234258651733,0.5241059064865112,-0.10550227016210556,0.7294268012046814,0.5840394496917725,-0.09669528901576996,0.6878571510314941,0.5678761601448059,0.09663597494363785,0.6191239953041077,0.5255322456359863,-0.302001416683197,0.5840528011322021,0.4989613890647888,0.020852552726864815,0.5476108193397522,0.7300052046775818,-0.3482568562030792,0.5287721157073975,0.6905867457389832,-0.010404768399894238,0.5494725704193115,0.7872475385665894,-0.3537423312664032,0.5275427103042603,0.7168375849723816,-0.016556482762098312,0.49326902627944946,0.7194930911064148,-0.45222097635269165,0.4785986542701721,0.6750298142433167,-0.07273854315280914,0,1
0.6238809823989868,0.2289431393146515,-0.28473445773124695,0.6340299248695374,0.2142079472541809,-0.28612369298934937,0.6374164819717407,0.21410955488681793,-0.28613871335983276,0.6411744952201843,0.21415282785892487,-0.2861592769622803,0.627760112285614,0.2140771448612213,-0.26109620928764343,0.626632034778595,0.21394102275371552,-0.2612036466598511,0.6256271600723267,0.21370379626750946,-0.2612321972846985,0.6584213972091675,0.2291758805513382,-0.25517749786376953,0.6355499029159546,0.2253255844116211,-0.14089027047157288,0.6300216317176819,0.25166451930999756,-0.2728148102760315,0.6219027638435364,0.2514946460723877,-0.23951685428619385,0.6835382580757141,0.33780694007873535,-0.310301810503006,0.61964350938797,0.3472515642642975,-0.006294429302215576,0.6299022436141968,0.47979936003685,-0.36608433723449707,0.5673970580101013,0.46123576164245605,0.015873253345489502,0.5462427139282227,0.5273302793502808,-0.36948809027671814,0.5120214223861694,0.5190030336380005,-0.08852643519639969,0.5207914710044861,0.5444515943527222,-0.4133530557155609,0.4927137792110443,0.5290284752845764,-0.10343734920024872,0.5163677930831909,0.536418080329895,-0.40870434045791626,0.49120670557022095,0.5269470810890198,-0.1435302197933197,0.5249673128128052,0.5317944884300232,-0.3693592846393585,0.5000607371330261,0.5254583954811096,-0.11050178110599518,0.716102123260498,0.586618185043335,-0.10949836671352386,0.6762286424636841,0.5732805132865906,0.10944066941738129,0.6011813879013062,0.5144544243812561,-0.30397599935531616,0.5715199708938599,0.4838416576385498,0.050641126930713654,0.5376200675964355,0.7272090315818787,-0.3277437686920166,0.5252360105514526,0.6903035640716553,0.020337935537099838,0.5433911085128784,0.7851021885871887,-0.3317842185497284,0.5209496021270752,0.7216222882270813,0.013423795811831951,0.4817275404930115,0.7179594039916992,-0.43096739053726196,0.46853113174438477,0.6788215041160583,-0.04733513668179512,0,1
0.5960428714752197,0.2290564924478531,-0.27993810176849365,0.6052007079124451,0.21418944001197815,-0.28619712591171265,0.6083849668502808,0.2142038494348526,-0.28622183203697205,0.6119557619094849,0.21425528824329376,-0.28624099493026733,0.600334882736206,0.2134430706501007,-0.2575080990791321,0.5998697280883789,0.21313819289207458,-0.2576090693473816,0.5994633436203003,0.21286723017692566,-0.25765544176101685,0.6306489109992981,0.2294660359621048,-0.26859617233276367,0.6102224588394165,0.22474415600299835,-0.1378966122865677,0.6022320985794067,0.25218465924263,-0.2724061906337738,0.5960155129432678,0.251953661441803,-0.23436355590820312,0.6590083837509155,0.34070754051208496,-0.33115720748901367,0.5975826978683472,0.34961050748825073,-0.003387984586879611,0.5869572758674622,0.4798598885536194,-0.414367139339447,0.5428118109703064,0.4605916738510132,0.00046964953071437776,0.49744993448257446,0.5215763449668884,-0.44159021973609924,0.47787848114967346,0.5200185775756836,-0.11681672185659409,0.4763796925544739,0.5401224493980408,-0.4925801753997803,0.45834317803382874,0.5304899215698242,-0.1330537497997284,0.4719681143760681,0.5347978472709656,-0.48291024565696716,0.4574526846408844,0.531429648399353,-0.1755446493625641,0.4799666404724121,0.5297806262969971,-0.441030353307724,0.46549588441848755,0.529080331325531,-0.14084914326667786,0.7022331357002258,0.5915886759757996,-0.11320539563894272,0.6623626947402954,0.5839418768882751,0.11310046911239624,0.5893690586090088,0.49921807646751404,-0.33159273862838745,0.5524048805236816,0.4803619086742401,0.04184633120894432,0.536522388458252,0.7338746190071106,-0.3453355133533478,0.5208088755607605,0.7027133703231812,0.006465182639658451,0.5424028038978577,0.7907995581626892,-0.3476283848285675,0.5154972672462463,0.7359906435012817,-0.0009487980860285461,0.47385281324386597,0.7362225651741028,-0.45433908700942993,0.4630061984062195,0.6914135217666626,-0.06712712347507477,0,1
0.571323573589325,0.230739027261734,-0.22781150043010712,0.5809052586555481,0.21522924304008484,-0.24669139087200165,0.5843991637229919,0.2154892235994339,-0.24671709537506104,0.5881147980690002,0.21577464044094086,-0.24674730002880096,0.575736403465271,0.21423405408859253,-0.21126770973205566,0.575407862663269,0.21391387283802032,-0.21136672794818878,0.5752509832382202,0.21363109350204468,-0.2113841325044632,0.6055382490158081,0.23161526024341583,-0.24246792495250702,0.5875183343887329,0.22544924914836884,-0.11713644117116928,0.5764933824539185,0.25434380769729614,-0.23519954085350037,0.5712379813194275,0.25294798612594604,-0.18894018232822418,0.634254515171051,0.34399592876434326,-0.3120954632759094,0.576648473739624,0.35266807675361633,0.0013655066723003983,0.5470705628395081,0.4788689613342285,-0.39118775725364685,0.5190709233283997,0.4620959758758545,0.019873593002557755,0.45701226592063904,0.5215058922767639,-0.4075612425804138,0.44725853204727173,0.5194572806358337,-0.054939933121204376,0.43602466583251953,0.5382616519927979,-0.4554669260978699,0.4279506206512451,0.5293306708335876,-0.06080672889947891,0.43440714478492737,0.5316327214241028,-0.43988752365112305,0.4270039498806,0.5298920273780823,-0.10265878587961197,0.44054922461509705,0.5293980240821838,-0.40439581871032715,0.434438556432724,0.5286295413970947,-0.07752402126789093,0.6846442818641663,0.5982005596160889,-0.11251910030841827,0.6464488506317139,0.5923754572868347,0.11231935024261475,0.5661749243736267,0.4821338355541229,-0.26905587315559387,0.5298486948013306,0.4752235412597656,0.12207766622304916,0.5331242680549622,0.7276723384857178,-0.2550181746482849,0.5194605588912964,0.7024695873260498,0.11650363355875015,0.5369939804077148,0.7869029641151428,-0.2544199824333191,0.515620231628418,0.7388297915458679,0.11337876319885254,0.45982757210731506,0.7367792129516602,-0.3285166621208191,0.46333327889442444,0.7083788514137268,0.07265645265579224,0,1
0.5471706390380859,0.2335691899061203,-0.17140628397464752,0.5569788813591003,0.21709668636322021,-0.1907820850610733,0.5600807666778564,0.21728190779685974,-0.19081410765647888,0.5633966326713562,0.21792282164096832,-0.19082202017307281,0.5526528358459473,0.21647869050502777,-0.15372642874717712,0.5527492761611938,0.2159624695777893,-0.15380826592445374,0.5528799295425415,0.21553833782672882,-0.15384474396705627,0.5804939866065979,0.2334003895521164,-0.23093636333942413,0.567055344581604,0.22680823504924774,-0.060394544154405594,0.5524724721908569,0.25589412450790405,-0.1832994818687439,0.5480648279190063,0.2538282573223114,-0.1347464919090271,0.6086776256561279,0.34980133175849915,-0.30190974473953247,0.5597370266914368,0.3536357581615448,0.051425445824861526,0.5214499235153198,0.48013272881507874,-0.3860318064689636,0.4966363310813904,0.4620988667011261,0.0736430361866951,0.4284706115722656,0.5241289138793945,-0.40614861249923706,0.42068758606910706,0.5190826654434204,-0.004859376698732376,0.40680164098739624,0.5411351323127747,-0.4576382040977478,0.3998764753341675,0.5291289687156677,-0.008588427677750587,0.4019619822502136,0.532930850982666,-0.4412902891635895,0.39950355887413025,0.5292819738388062,-0.04830534756183624,0.40815964341163635,0.5296248197555542,-0.4027322828769684,0.407060444355011,0.5275487899780273,-0.02625197544693947,0.6668879985809326,0.6020799875259399,-0.11435860395431519,0.6324296593666077,0.6004536151885986,0.11409258842468262,0.5568654537200928,0.4799036383628845,-0.27790480852127075,0.5187951326370239,0.474518746137619,0.2216130793094635,0.5303823351860046,0.7260029315948486,-0.273224800825119,0.5198144912719727,0.6947011351585388,0.2628634572029114,0.53668212890625,0.7870289087295532,-0.27266430854797363,0.5303735136985779,0.7229276299476624,0.2651781439781189,0.46444329619407654,0.717238187789917,-0.34025710821151733,0.4641262888908386,0.7071428298950195,0.2470446079969406,0,1
0.5275391340255737,0.2375967651605606,-0.13388283550739288,0.5372284650802612,0.2210005670785904,-0.15290899574756622,0.5402255058288574,0.22079186141490936,-0.15297740697860718,0.5433357954025269,0.22114020586013794,-0.1530103236436844,0.5329664349555969,0.22050389647483826,-0.11628365516662598,0.532939612865448,0.21992677450180054,-0.11634884029626846,0.5330452919006348,0.21937577426433563,-0.11637550592422485,0.5604763031005859,0.23600804805755615,-0.18799813091754913,0.548923134803772,0.230045884847641,-0.022646084427833557,0.5325106382369995,0.2589412331581116,-0.14508354663848877,0.5281246304512024,0.2572760581970215,-0.09718737006187439,0.5850173830986023,0.35296696424484253,-0.28298112750053406,0.5496927499771118,0.3588832914829254,0.10203466564416885,0.4986782670021057,0.48016220331192017,-0.3635813593864441,0.4796580672264099,0.4623604714870453,0.1270860731601715,0.4068012833595276,0.524511456489563,-0.3667946457862854,0.39960330724716187,0.5186589956283569,0.05642964318394661,0.38129332661628723,0.5439461469650269,-0.4140406548976898,0.3779272437095642,0.5302366614341736,0.05802653357386589,0.37530606985092163,0.5348516702651978,-0.3937133550643921,0.3749753534793854,0.5293624997138977,0.021114079281687737,0.38241809606552124,0.530206561088562,-0.3604913353919983,0.38010361790657043,0.5280303955078125,0.03628179430961609,0.6525024175643921,0.6050170660018921,-0.11829078197479248,0.6253350973129272,0.6071613430976868,0.11811646074056625,0.5418786406517029,0.47594088315963745,-0.22755877673625946,0.5163902044296265,0.4746808409690857,0.2440919429063797,0.5312020778656006,0.7216019630432129,-0.18694362044334412,0.5217841863632202,0.6898955702781677,0.3057484030723572,0.5358760356903076,0.7753978371620178,-0.18319788575172424,0.5342478156089783,0.717065155506134,0.3099023699760437,0.46603599190711975,0.713026762008667,-0.23739011585712433,0.46664243936538696,0.704095184803009,0.29189708828926086,0,1
0.511586606502533,0.250237375497818,-0.1372075378894806,0.5211879014968872,0.23263569176197052,-0.15541745722293854,0.5243606567382812,0.23229087889194489,-0.155474454164505,0.5279291868209839,0.23227952420711517,-0.15549781918525696,0.5163770914077759,0.23180942237377167,-0.11954964697360992,0.5161314606666565,0.23120759427547455,-0.11960037052631378,0.5159935355186462,0.23053084313869476,-0.11965880542993546,0.5450944900512695,0.246360644698143,-0.1815241277217865,0.5328589081764221,0.24066504836082458,-0.02080542966723442,0.5168235898017883,0.2709640562534332,-0.14490476250648499,0.5121244192123413,0.2690610885620117,-0.0982784703373909,0.5656717419624329,0.3591172993183136,-0.27731674909591675,0.5347510576248169,0.3653146028518677,0.10890024900436401,0.47857245802879333,0.4807499349117279,-0.35726621747016907,0.4647136628627777,0.46212223172187805,0.1257389336824417,0.3825962543487549,0.5255606770515442,-0.3620358407497406,0.3781142830848694,0.5216568112373352,0.04458162933588028,0.35543984174728394,0.5500790476799011,-0.409618079662323,0.35922497510910034,0.5373696684837341,0.04277634993195534,0.35259026288986206,0.541723370552063,-0.39177021384239197,0.3528274595737457,0.5388689041137695,0.0042754607275128365,0.36168116331100464,0.5344870090484619,-0.3568727672100067,0.36217543482780457,0.5340527296066284,0.023351948708295822,0.6380661725997925,0.6064876914024353,-0.11931093037128448,0.6148748993873596,0.612163782119751,0.11900536715984344,0.5251580476760864,0.46300244331359863,-0.20471318066120148,0.49490681290626526,0.45620232820510864,0.23309247195720673,0.5244152545928955,0.6954501867294312,-0.11982113122940063,0.5189634561538696,0.6744047999382019,0.2583524286746979,0.5364170074462891,0.7465199828147888,-0.11001808941364288,0.5368701219558716,0.7094019651412964,0.2593216896057129,0.45965471863746643,0.7049890756607056,-0.1459406614303589,0.4664216637611389,0.7026715278625488,0.2386680543422699,0,1
0.49823230504989624,0.25383418798446655,-0.15358491241931915,0.5072251558303833,0.2369127869606018,-0.18017743527889252,0.5098457336425781,0.23726028203964233,-0.18025651574134827,0.5128366351127625,0.23806236684322357,-0.18033728003501892,0.5041280388832092,0.23534223437309265,-0.14151746034622192,0.5044354200363159,0.23482361435890198,-0.14155206084251404,0.5049891471862793,0.23426538705825806,-0.1415698379278183,0.5294967889785767,0.253968209028244,-0.21407310664653778,0.5221234560012817,0.24729055166244507,-0.04638303071260452,0.502499520778656,0.2762888967990875,-0.1653105616569519,0.49906978011131287,0.27402961254119873,-0.11353222280740738,0.5441182851791382,0.37162622809410095,-0.30482718348503113,0.5290420055389404,0.3700680136680603,0.09404988586902618,0.456364244222641,0.48215076327323914,-0.3774220943450928,0.44885483384132385,0.462115615606308,0.1136622279882431,0.3602222800254822,0.5296300649642944,-0.3723638355731964,0.3634590804576874,0.5227735638618469,0.02480451576411724,0.33418384194374084,0.5518599152565002,-0.428212970495224,0.34088417887687683,0.5368137955665588,0.023479918017983437,0.3307374119758606,0.5464515089988708,-0.40436506271362305,0.33789509534835815,0.5379511713981628,-0.024590762332081795,0.33985817432403564,0.5400575995445251,-0.3655063211917877,0.3450014591217041,0.5347170233726501,-0.00022730199270881712,0.6293495893478394,0.6112344264984131,-0.12274892628192902,0.6143722534179688,0.6110518574714661,0.12256904691457748,0.507358193397522,0.4659537374973297,-0.12408580631017685,0.49449387192726135,0.4590164124965668,0.23164156079292297,0.525481641292572,0.6992573142051697,0.04618898406624794,0.5293074250221252,0.6765109896659851,0.35245516896247864,0.5362595915794373,0.7504063248634338,0.06333373486995697,0.544017493724823,0.7108767628669739,0.3639821410179138,0.46097904443740845,0.7041233777999878,0.054983120411634445,0.4891280233860016,0.7070682048797607,0.3590170741081238,0,1
0.48968809843063354,0.25868573784828186,-0.1878376454114914,0.49773430824279785,0.24310724437236786,-0.20943036675453186,0.500099241733551,0.24386583268642426,-0.209493488073349,0.502833902835846,0.2447114735841751,-0.20958217978477478,0.4951833188533783,0.24117907881736755,-0.17236366868019104,0.49567216634750366,0.24094651639461517,-0.17241469025611877,0.4964892864227295,0.24059979617595673,-0.17241762578487396,0.5194268226623535,0.26097381114959717,-0.23557725548744202,0.5137118697166443,0.2548271715641022,-0.07048887759447098,0.49446234107017517,0.28118863701820374,-0.19479700922966003,0.49164628982543945,0.27895835041999817,-0.1463163197040558,0.5309091806411743,0.3796537220478058,-0.3180820345878601,0.5245992541313171,0.37305277585983276,0.06901156157255173,0.44103536009788513,0.4842183291912079,-0.389914333820343,0.43555840849876404,0.463291198015213,0.07214825600385666,0.3401859402656555,0.5365076065063477,-0.38886961340904236,0.34827619791030884,0.5240856409072876,-0.021113594993948936,0.3161551356315613,0.5584468841552734,-0.4489685893058777,0.32487818598747253,0.5365133285522461,-0.027306506410241127,0.3131852447986603,0.5526893734931946,-0.42464178800582886,0.32205504179000854,0.5384299159049988,-0.07237564772367477,0.3222029209136963,0.5459927320480347,-0.3831242322921753,0.32990384101867676,0.5363976359367371,-0.045038703829050064,0.6240742802619934,0.6117178797721863,-0.12368486821651459,0.6142044067382812,0.6068530082702637,0.1235484629869461,0.4978507459163666,0.46724647283554077,-0.12255804240703583,0.4946311414241791,0.4595363736152649,0.24529366195201874,0.5256074070930481,0.6995748281478882,0.04895038530230522,0.5287303924560547,0.6769092679023743,0.3996349275112152,0.5450742840766907,0.7467988133430481,0.06641016155481339,0.5488897562026978,0.7115399837493896,0.41466838121414185,0.4707332253456116,0.704851508140564,0.05919952318072319,0.4943585991859436,0.7067536115646362,0.4107216000556946,0,1
0.4888877272605896,0.26310551166534424,-0.18459726870059967,0.49789291620254517,0.24858735501766205,-0.20650458335876465,0.500451385974884,0.24886834621429443,-0.20654547214508057,0.503285825252533,0.2492387294769287,-0.20655862987041473,0.494894802570343,0.2475862056016922,-0.1704675853252411,0.49544280767440796,0.24746166169643402,-0.17051516473293304,0.4962030351161957,0.2472233921289444,-0.17043566703796387,0.5191429257392883,0.26282933354377747,-0.2280924767255783,0.5124775767326355,0.2589329481124878,-0.0690314769744873,0.4937482476234436,0.28508180379867554,-0.19340351223945618,0.48998576402664185,0.2840164303779602,-0.14293833076953888,0.529158353805542,0.3818542957305908,-0.3127592206001282,0.5222193002700806,0.3752979338169098,0.07017214596271515,0.4359007775783539,0.4898453652858734,-0.3866420388221741,0.4339597225189209,0.46590104699134827,0.07383544743061066,0.33709609508514404,0.5410577654838562,-0.37569937109947205,0.34703007340431213,0.5240804553031921,-0.017299488186836243,0.31364232301712036,0.5682129859924316,-0.4370175898075104,0.32255542278289795,0.5357434749603271,-0.023224322125315666,0.3117596507072449,0.5610038042068481,-0.4092422127723694,0.32250532507896423,0.53912353515625,-0.06655121594667435,0.3180091679096222,0.5553244948387146,-0.36928001046180725,0.32991307973861694,0.5374363660812378,-0.040454525500535965,0.6239467859268188,0.6124608516693115,-0.12339548766613007,0.6144840121269226,0.6056262254714966,0.12327222526073456,0.494581937789917,0.46792805194854736,-0.12735958397388458,0.49337831139564514,0.4587053060531616,0.24272331595420837,0.5257231593132019,0.7026731967926025,0.02773682400584221,0.5283344984054565,0.6781029105186462,0.394168496131897,0.54160475730896,0.7460577487945557,0.04316329210996628,0.5471364259719849,0.7043790221214294,0.4085313379764557,0.4687294065952301,0.7037484049797058,0.026345130056142807,0.4954124093055725,0.7038443088531494,0.398208886384964,0,1
0.4938681721687317,0.2593250274658203,-0.17136462032794952,0.5017029047012329,0.24599483609199524,-0.18906262516975403,0.5040897727012634,0.24576786160469055,-0.18912416696548462,0.5064679384231567,0.24605774879455566,-0.18917407095432281,0.49882811307907104,0.24665063619613647,-0.1559705138206482,0.49941977858543396,0.24676920473575592,-0.156051903963089,0.5002785325050354,0.2467510998249054,-0.15603120625019073,0.5244355201721191,0.26118889451026917,-0.20930203795433044,0.5170868039131165,0.2580219507217407,-0.06062740832567215,0.49872732162475586,0.280884712934494,-0.17780902981758118,0.49515223503112793,0.2811032831668854,-0.13326479494571686,0.5412530899047852,0.37141960859298706,-0.2865506112575531,0.5238442420959473,0.3758642077445984,0.06228076294064522,0.45151156187057495,0.4849291443824768,-0.3598938286304474,0.4388048052787781,0.4647042155265808,0.06271614134311676,0.34864187240600586,0.5371339321136475,-0.36015909910202026,0.35089319944381714,0.518657922744751,-0.028765449300408363,0.32437947392463684,0.5612228512763977,-0.4149754047393799,0.3286338448524475,0.5321171879768372,-0.03638077527284622,0.32167237997055054,0.5555774569511414,-0.38898006081581116,0.32499682903289795,0.5384429693222046,-0.08063008636236191,0.32872986793518066,0.5484039783477783,-0.35394585132598877,0.33404260873794556,0.533679187297821,-0.05230557918548584,0.6260535717010498,0.605810821056366,-0.11548854410648346,0.6142816543579102,0.6054795384407043,0.11538950353860855,0.5002936124801636,0.46466293931007385,-0.139041006565094,0.4870515763759613,0.4617179036140442,0.15242795646190643,0.5220884084701538,0.6962555646896362,0.0012171731796115637,0.5261988043785095,0.679257333278656,0.23237872123718262,0.5413338541984558,0.7422013282775879,0.015286038629710674,0.546413004398346,0.7048227787017822,0.23926296830177307,0.46875953674316406,0.7040005922317505,-0.005717107094824314,0.493595689535141,0.7099789977073669,0.22140371799468994,0,1
0.5184141993522644,0.24412958323955536,-0.13818159699440002,0.529036819934845,0.22983652353286743,-0.14860376715660095,0.5321326851844788,0.23056089878082275,-0.14866942167282104,0.5354031920433044,0.2313387542963028,-0.14871945977210999,0.5253889560699463,0.22968201339244843,-0.1178213581442833,0.5256051421165466,0.229782372713089,-0.11789824068546295,0.525887668132782,0.2297789305448532,-0.11789847910404205,0.5504632592201233,0.24867099523544312,-0.1511838734149933,0.5397273302078247,0.24384091794490814,-0.012213760055601597,0.5224732160568237,0.2676374316215515,-0.13812415301799774,0.5175714492797852,0.26718413829803467,-0.09769223630428314,0.5720014572143555,0.355288028717041,-0.23245978355407715,0.5392558574676514,0.3670169413089752,0.1049894466996193,0.4857080578804016,0.4741809368133545,-0.30600327253341675,0.46332669258117676,0.4536241888999939,0.11996813863515854,0.37843629717826843,0.5160398483276367,-0.3132893741130829,0.37796616554260254,0.4985947906970978,0.027319515123963356,0.3564247786998749,0.5348510146141052,-0.3635239899158478,0.3562622666358948,0.5088140964508057,0.023082727566361427,0.35323429107666016,0.5227609276771545,-0.33914321660995483,0.35408976674079895,0.5095372796058655,-0.01912527158856392,0.3597148060798645,0.5195791125297546,-0.30689531564712524,0.3598925769329071,0.5095985531806946,0.005242235958576202,0.639883279800415,0.6010006070137024,-0.11413037776947021,0.6189433336257935,0.6054028272628784,0.11396658420562744,0.5122899413108826,0.46499866247177124,-0.14293912053108215,0.5007293820381165,0.46216219663619995,0.15511766076087952,0.5263370871543884,0.6969382166862488,-0.017807837575674057,0.526444137096405,0.6793715953826904,0.21287694573402405,0.5427204370498657,0.7428660988807678,-0.0058791860938072205,0.5471817255020142,0.7054948806762695,0.21735456585884094,0.47185808420181274,0.6994026899337769,-0.03140904754400253,0.47989168763160706,0.6985966563224792,0.195278137922287,0,1
0.554506778717041,0.23618897795677185,-0.22420518100261688,0.5654666423797607,0.2210312783718109,-0.22286467254161835,0.5689780116081238,0.22123616933822632,-0.22289273142814636,0.5724993944168091,0.22195680439472198,-0.22290858626365662,0.5594851970672607,0.22105930745601654,-0.20013074576854706,0.558769941329956,0.22127225995063782,-0.2002364844083786,0.5581704378128052,0.22146576642990112,-0.20026345551013947,0.5876330137252808,0.2399798482656479,-0.1704690158367157,0.571943998336792,0.23480144143104553,-0.07447302341461182,0.5599786043167114,0.2607841193675995,-0.20644095540046692,0.5535389184951782,0.2592248320579529,-0.17650434374809265,0.607916533946991,0.34865260124206543,-0.24620148539543152,0.5652186870574951,0.3535071909427643,0.0632215216755867,0.5243561863899231,0.46758052706718445,-0.30780449509620667,0.4949483871459961,0.4416116178035736,0.09773534536361694,0.42399129271507263,0.50348961353302,-0.3200744688510895,0.4191471040248871,0.4801049828529358,0.01485380344092846,0.40332216024398804,0.5212319493293762,-0.36290377378463745,0.39654839038848877,0.4925772249698639,0.01114403922110796,0.3998568654060364,0.509445309638977,-0.34320124983787537,0.3964781165122986,0.4907298982143402,-0.028694668784737587,0.40735477209091187,0.5062306523323059,-0.314769983291626,0.403042733669281,0.49095427989959717,-0.0067552225664258,0.6602044105529785,0.6007768511772156,-0.10942703485488892,0.6308239102363586,0.5979549884796143,0.10906074196100235,0.5387271642684937,0.47021105885505676,-0.2000243216753006,0.5201829671859741,0.46375328302383423,0.15996906161308289,0.5268828272819519,0.708763062953949,-0.1519179791212082,0.5160576105117798,0.6833702325820923,0.1810137778520584,0.5384114980697632,0.7661056518554688,-0.14731071889400482,0.5230260491371155,0.7219103574752808,0.1814618855714798,0.4605334401130676,0.719405472278595,-0.19006915390491486,0.45700883865356445,0.7049784660339355,0.1609657257795334,0,1
0.5935192108154297,0.23063017427921295,-0.2107691466808319,0.6035207509994507,0.21371760964393616,-0.20950019359588623,0.6070680022239685,0.21406212449073792,-0.20951828360557556,0.6108777523040771,0.21479104459285736,-0.20950591564178467,0.5978575944900513,0.21404075622558594,-0.1859118938446045,0.5971640348434448,0.21415069699287415,-0.1860029101371765,0.5966533422470093,0.21422100067138672,-0.18602652847766876,0.6271224617958069,0.2323324978351593,-0.1561373621225357,0.6086789965629578,0.22731183469295502,-0.06946730613708496,0.5991367697715759,0.25604599714279175,-0.1941271424293518,0.5932946801185608,0.25373390316963196,-0.16257932782173157,0.6460375785827637,0.3394067585468292,-0.22302274405956268,0.5963224172592163,0.34572097659111023,0.07964618504047394,0.5617955923080444,0.447348952293396,-0.29615887999534607,0.5279902219772339,0.4240482449531555,0.12190363556146622,0.4710305333137512,0.48014187812805176,-0.32269763946533203,0.4573732018470764,0.4701527953147888,0.028757479041814804,0.44979438185691833,0.4968053996562958,-0.3642822504043579,0.4392473101615906,0.48093196749687195,0.02192925661802292,0.44626110792160034,0.49014732241630554,-0.34794294834136963,0.43760499358177185,0.4785992205142975,-0.01648818701505661,0.4532737731933594,0.48720839619636536,-0.31838157773017883,0.4434879422187805,0.4793711006641388,0.008425133302807808,0.6864001750946045,0.600879430770874,-0.10863731056451797,0.6491673588752747,0.5980523228645325,0.10824789106845856,0.5705617666244507,0.4790019690990448,-0.2716050148010254,0.5340312719345093,0.4804742932319641,0.09240560978651047,0.5291579961776733,0.7199100852012634,-0.2975412607192993,0.5126239061355591,0.7026058435440063,0.04180615767836571,0.5369254350662231,0.7785096168518066,-0.3000710606575012,0.5211995244026184,0.7435519695281982,0.034865133464336395,0.4655061364173889,0.7291117906570435,-0.370976060628891,0.46087273955345154,0.7093194723129272,-0.010721988044679165,0,1
0.6325176954269409,0.2289026528596878,-0.2760623097419739,0.6430513262748718,0.2107132226228714,-0.27143946290016174,0.6470617055892944,0.21110564470291138,-0.2714274227619171,0.6510927081108093,0.21194767951965332,-0.27140799164772034,0.6360223293304443,0.21088804304599762,-0.249913290143013,0.6348644495010376,0.2108098715543747,-0.25003892183303833,0.6338015794754028,0.21070098876953125,-0.25005868077278137,0.6663391590118408,0.22888539731502533,-0.20927193760871887,0.6441513895988464,0.22134283185005188,-0.11279952526092529,0.6389745473861694,0.25362053513526917,-0.2525559365749359,0.6315523386001587,0.2515929639339447,-0.2239728718996048,0.6851933002471924,0.3358919620513916,-0.264443576335907,0.6317594051361084,0.33691659569740295,0.048252739012241364,0.6027877926826477,0.4317891299724579,-0.3241904377937317,0.5647232532501221,0.40800386667251587,0.09837378561496735,0.514200747013092,0.4586033225059509,-0.33409056067466736,0.49798884987831116,0.4546733498573303,0.00588635541498661,0.49353933334350586,0.47380468249320984,-0.36988210678100586,0.4819895625114441,0.46266496181488037,0.0012908403296023607,0.4909486770629883,0.4708240032196045,-0.36006155610084534,0.4808748662471771,0.4639444053173065,-0.038437917828559875,0.4966977536678314,0.46845197677612305,-0.3310339152812958,0.4856939911842346,0.4641575217247009,-0.014453412964940071,0.7108107805252075,0.593462347984314,-0.11442659795284271,0.6769203543663025,0.5804604291915894,0.11412607133388519,0.5935906767845154,0.4892273247241974,-0.2854488492012024,0.5589791536331177,0.4813654124736786,0.06436134874820709,0.5399374961853027,0.7210775017738342,-0.28744933009147644,0.5172296166419983,0.7014456987380981,0.03190735727548599,0.5437843799591064,0.7796621322631836,-0.2887110412120819,0.5226386785507202,0.7417819499969482,0.02555561624467373,0.46729952096939087,0.7202997803688049,-0.36278313398361206,0.4631839692592621,0.7035757899284363,-0.023098500445485115,0,1
0.6668081283569336,0.23262308537960052,-0.22170515358448029,0.6760428547859192,0.21218164265155792,-0.2075512707233429,0.680137038230896,0.21221156418323517,-0.20749962329864502,0.6851553916931152,0.21248912811279297,-0.20744936168193817,0.6692655682563782,0.21146874129772186,-0.1900607794523239,0.6680959463119507,0.21133579313755035,-0.19016818702220917,0.6668868064880371,0.21162812411785126,-0.19018112123012543,0.7008011341094971,0.2297365367412567,-0.131813183426857,0.676261305809021,0.22270838916301727,-0.04774343967437744,0.6735547184944153,0.2537969946861267,-0.19193151593208313,0.6666370034217834,0.2520439922809601,-0.16885139048099518,0.7232180833816528,0.33081769943237305,-0.1992465704679489,0.6604347825050354,0.33271652460098267,0.1008397564291954,0.6536984443664551,0.4164785146713257,-0.3018893599510193,0.6011475324630737,0.39345934987068176,0.14337500929832458,0.5644563436508179,0.4397713840007782,-0.35264918208122253,0.5411375761032104,0.4332121014595032,0.020978007465600967,0.5415796041488647,0.4582737684249878,-0.3918187618255615,0.5249085426330566,0.4489985704421997,0.012417055666446686,0.5372135043144226,0.45349714159965515,-0.38126498460769653,0.5245135426521301,0.4483453035354614,-0.021313756704330444,0.5430883169174194,0.44967490434646606,-0.34935808181762695,0.5310896635055542,0.44575992226600647,0.0025636509526520967,0.7335890531539917,0.5772522687911987,-0.11296163499355316,0.6974607706069946,0.5704153180122375,0.11270403861999512,0.6079792380332947,0.5105012059211731,-0.26660436391830444,0.5832719206809998,0.49226823449134827,0.052945636212825775,0.543094277381897,0.7237569093704224,-0.28876087069511414,0.5189551711082458,0.7007308602333069,0.012138220481574535,0.5481098890304565,0.7826233506202698,-0.29205846786499023,0.5198224186897278,0.7433297634124756,0.0049720932729542255,0.4833919405937195,0.7263714075088501,-0.3640003800392151,0.46235790848731995,0.6906048655509949,-0.043394122272729874,0,1
0.7003763318061829,0.23301605880260468,-0.10276015102863312,0.7087077498435974,0.2157459855079651,-0.09666893631219864,0.7127734422683716,0.21519243717193604,-0.09663347154855728,0.7173711061477661,0.2149476408958435,-0.09658204019069672,0.7027953267097473,0.21564504504203796,-0.0778592973947525,0.701882541179657,0.21519240736961365,-0.07794826477766037,0.7010374069213867,0.21478833258152008,-0.07798163592815399,0.7338813543319702,0.2301708608865738,-0.04854142293334007,0.7090243101119995,0.2232324779033661,0.037297166883945465,0.7066946029663086,0.2541981041431427,-0.08521635830402374,0.6999072432518005,0.25233322381973267,-0.060353390872478485,0.7595373392105103,0.3259985148906708,-0.12681299448013306,0.6915234327316284,0.33267611265182495,0.1550028920173645,0.6909178495407104,0.4077244997024536,-0.24172624945640564,0.6270210146903992,0.39459919929504395,0.1879492700099945,0.6075714826583862,0.42339447140693665,-0.3073379099369049,0.5687480568885803,0.42342299222946167,0.07038984447717667,0.5873778462409973,0.4424864947795868,-0.3407048285007477,0.5482529401779175,0.4342433512210846,0.06042438745498657,0.5819185972213745,0.4352971911430359,-0.33072414994239807,0.5495755076408386,0.43310558795928955,0.033676501363515854,0.5876585841178894,0.43256065249443054,-0.30388909578323364,0.558204710483551,0.4320574402809143,0.05449413135647774,0.7551556825637817,0.5784027576446533,-0.10330784320831299,0.7163388133049011,0.5667469501495361,0.10311603546142578,0.6251314878463745,0.5337048172950745,-0.2252177894115448,0.6013059616088867,0.5129142999649048,0.021738367155194283,0.5452480316162109,0.7243623733520508,-0.26222604513168335,0.5228532552719116,0.6998199820518494,-0.04363109916448593,0.5494062900543213,0.7815053462982178,-0.26496249437332153,0.5208185315132141,0.7342824339866638,-0.052382200956344604,0.4880409836769104,0.7183260321617126,-0.33239275217056274,0.4628792405128479,0.6792359352111816,-0.10284515470266342,0,1
0.7306920289993286,0.2417011708021164,-0.023272961378097534,0.7386677861213684,0.2258273810148239,-0.02373315766453743,0.7430413961410522,0.22528330981731415,-0.02369222417473793,0.7476215958595276,0.22485607862472534,-0.02363528497517109,0.7315142750740051,0.22627395391464233,-0.005785304121673107,0.7301100492477417,0.2263878732919693,-0.005885556805878878,0.729025661945343,0.2265814244747162,-0.005962240509688854,0.7643833756446838,0.2347918152809143,0.0021642749197781086,0.7384666204452515,0.23283977806568146,0.08283793181180954,0.7397398352622986,0.26195675134658813,-0.012685750611126423,0.7318808436393738,0.2609827518463135,0.010706047527492046,0.7935368418693542,0.3263223469257355,-0.07964800298213959,0.7206672430038452,0.33268624544143677,0.16930368542671204,0.7422037124633789,0.4128817617893219,-0.1879633218050003,0.6645678281784058,0.3972949683666229,0.16320264339447021,0.6585296392440796,0.42421773076057434,-0.23968537151813507,0.607980489730835,0.4234720468521118,0.019413404166698456,0.6373552680015564,0.43952804803848267,-0.2649533450603485,0.5820683836936951,0.4364334046840668,-0.0005200851592235267,0.632134199142456,0.4307718873023987,-0.2563677430152893,0.587184727191925,0.43156102299690247,-0.017724797129631042,0.6396785378456116,0.42951881885528564,-0.23576554656028748,0.5962150692939758,0.4294724464416504,0.005931739695370197,0.7734116315841675,0.5770598649978638,-0.09498115628957748,0.73172926902771,0.561271607875824,0.09481985867023468,0.6399579644203186,0.5675860643386841,-0.19587120413780212,0.6173497438430786,0.537020742893219,-0.015108433552086353,0.548596978187561,0.7378326654434204,-0.2580816447734833,0.5253291130065918,0.7013021111488342,-0.08574928343296051,0.5484839081764221,0.7898098230361938,-0.2627277076244354,0.5218299627304077,0.7344507575035095,-0.09379284828901291,0.489165723323822,0.727903425693512,-0.3311934471130371,0.46493855118751526,0.6813279986381531,-0.14430081844329834,0,1
0.752417802810669,0.25882798433303833,0.06231444329023361,0.7603484988212585,0.2417369782924652,0.06227145344018936,0.764311671257019,0.24145373702049255,0.0622842013835907,0.7687279582023621,0.24083489179611206,0.06232154369354248,0.7531430721282959,0.24154192209243774,0.08195828646421432,0.7517281174659729,0.24145297706127167,0.08185667544603348,0.7505518198013306,0.24136188626289368,0.08175625652074814,0.7844363451004028,0.24486953020095825,0.07843606173992157,0.7622181177139282,0.24506640434265137,0.16648709774017334,0.7615501880645752,0.28004902601242065,0.06826792657375336,0.753229022026062,0.28035709261894226,0.09394438564777374,0.8147255182266235,0.331809937953949,-0.009016317315399647,0.7433000206947327,0.33577337861061096,0.22215385735034943,0.7723077535629272,0.4197980761528015,-0.1350419521331787,0.6907894611358643,0.40708214044570923,0.19030822813510895,0.6897078156471252,0.4276278614997864,-0.21427352726459503,0.6307204961776733,0.4267769157886505,0.02545216679573059,0.6636294722557068,0.43984460830688477,-0.24011357128620148,0.6137300133705139,0.43654924631118774,0.005007640458643436,0.6608934998512268,0.431631863117218,-0.23444287478923798,0.6174744367599487,0.43290087580680847,-0.014176568016409874,0.6698004007339478,0.4317094683647156,-0.21152806282043457,0.6241804957389832,0.4321039021015167,0.013434822671115398,0.7775676250457764,0.5803229212760925,-0.08132798969745636,0.7351409196853638,0.5610452890396118,0.08125349134206772,0.6522483825683594,0.5942214727401733,-0.19495965540409088,0.6273025274276733,0.5632122755050659,-0.0580192431807518,0.5514988303184509,0.7516154050827026,-0.3083598017692566,0.5285449624061584,0.6941109299659729,-0.16700348258018494,0.5475493669509888,0.7952886819839478,-0.31937307119369507,0.5222786068916321,0.7266976237297058,-0.17846597731113434,0.4888722896575928,0.7307355999946594,-0.39953967928886414,0.468201220035553,0.6734452843666077,-0.23178453743457794,0,1
0.7629841566085815,0.27066749334335327,0.07119687646627426,0.7685569524765015,0.253487765789032,0.06934450566768646,0.7727391123771667,0.25218692421913147,0.06931450963020325,0.777566134929657,0.25107094645500183,0.06925851851701736,0.7631224393844604,0.2566568851470947,0.09175975620746613,0.7624097466468811,0.25755974650382996,0.09173634648323059,0.761622965335846,0.25830399990081787,0.09167327731847763,0.7965461015701294,0.2517527937889099,0.07529838383197784,0.7714067101478577,0.260518342256546,0.1774216890335083,0.7733780145645142,0.2886616289615631,0.07233057916164398,0.7649808526039124,0.28932055830955505,0.10217201709747314,0.8358001708984375,0.33762723207473755,0.010179167613387108,0.7579474449157715,0.3476310074329376,0.2073419988155365,0.8124879598617554,0.43908870220184326,-0.07478070259094238,0.7105340957641602,0.4357169568538666,0.15661673247814178,0.7382243871688843,0.4282000958919525,-0.12477779388427734,0.666162371635437,0.4290105104446411,-0.054917413741350174,0.722049355506897,0.43645069003105164,-0.1437782645225525,0.6518053412437439,0.4361904561519623,-0.09266138821840286,0.721599817276001,0.42790883779525757,-0.14613480865955353,0.6527395844459534,0.4327877461910248,-0.10562366247177124,0.726020097732544,0.4281088411808014,-0.12401758134365082,0.6591199040412903,0.4328256845474243,-0.06913578510284424,0.7808336019515991,0.5713348984718323,-0.0704859048128128,0.7391040325164795,0.5487546324729919,0.0705304816365242,0.6602165102958679,0.6082916259765625,-0.17458182573318481,0.6367436647415161,0.5793025493621826,-0.04344461113214493,0.5589377284049988,0.7633799910545349,-0.3140025734901428,0.52717524766922,0.6956571936607361,-0.1743496060371399,0.5484239459037781,0.8115571737289429,-0.32734838128089905,0.5169569849967957,0.7311455607414246,-0.1892579346895218,0.49055442214012146,0.7436185479164124,-0.4043571352958679,0.46625813841819763,0.6639906764030457,-0.2423001229763031,0,1
0.7645426988601685,0.27064138650894165,0.046924106776714325,0.7704548835754395,0.2538709044456482,0.04897603020071983,0.7747370600700378,0.2518535852432251,0.04892633482813835,0.7789566516876221,0.24965699017047882,0.04884326085448265,0.7640777826309204,0.2562624514102936,0.06794571876525879,0.7627876996994019,0.25638601183891296,0.06795991212129593,0.7613844275474548,0.2565212547779083,0.0678928941488266,0.7960981130599976,0.2509884238243103,0.07741162925958633,0.770603597164154,0.2595479190349579,0.16732582449913025,0.774023711681366,0.28706395626068115,0.057915400713682175,0.7667151093482971,0.2878294289112091,0.08416913449764252,0.8397949934005737,0.3302973806858063,0.03740376979112625,0.7655982971191406,0.34701475501060486,0.2177797555923462,0.8533898591995239,0.4680834412574768,-0.03282755985856056,0.7454860210418701,0.46727532148361206,0.202138751745224,0.7770233750343323,0.4272426962852478,-0.08478399366140366,0.7099872827529907,0.43424394726753235,0.05212298780679703,0.7567858695983887,0.4273831248283386,-0.10251712799072266,0.6938987374305725,0.43628549575805664,0.02083093300461769,0.7567262053489685,0.41514459252357483,-0.09497366845607758,0.6915708184242249,0.4282763600349426,0.00781695730984211,0.7607353925704956,0.4150538146495819,-0.0792047530412674,0.6992647051811218,0.43021664023399353,0.03935805335640907,0.7832478880882263,0.5701345801353455,-0.07027868926525116,0.73886638879776,0.5479859709739685,0.07037478685379028,0.6687377691268921,0.6192920207977295,-0.2152157574892044,0.6402931809425354,0.5852140188217163,-0.07635676115751266,0.5573775172233582,0.7601265907287598,-0.379319429397583,0.5272808074951172,0.6991678476333618,-0.24106314778327942,0.5443976521492004,0.8081175684928894,-0.39413008093833923,0.5158055424690247,0.7436621189117432,-0.2589205503463745,0.4853011667728424,0.726315975189209,-0.4768289625644684,0.46003636717796326,0.6656954884529114,-0.3145127296447754,0,1
0.7596279382705688,0.25616317987442017,0.004002130590379238,0.7666780948638916,0.23932160437107086,0.0067103104665875435,0.7708800435066223,0.23804053664207458,0.006668718997389078,0.7753843069076538,0.23567840456962585,0.006603069603443146,0.7601481676101685,0.24101679027080536,0.02545110508799553,0.7589853405952454,0.24151049554347992,0.025463750585913658,0.7576602101325989,0.24217624962329865,0.025423601269721985,0.7925178408622742,0.23648817837238312,0.04218459501862526,0.7670139074325562,0.24972523748874664,0.12956872582435608,0.7686877846717834,0.27207159996032715,0.017099369317293167,0.7606607675552368,0.27276676893234253,0.04296763613820076,0.8371030688285828,0.32052457332611084,0.010665432550013065,0.7627204656600952,0.34623467922210693,0.1866302341222763,0.8705722689628601,0.461295485496521,-0.0811084657907486,0.7387734651565552,0.4632127583026886,0.13105395436286926,0.7987582087516785,0.41671010851860046,-0.11058790981769562,0.7152788043022156,0.43285509943962097,-0.0674005001783371,0.7789832949638367,0.4199104607105255,-0.14590182900428772,0.704501748085022,0.4342697262763977,-0.10303441435098648,0.774732232093811,0.40416133403778076,-0.15034040808677673,0.7078384757041931,0.4260323941707611,-0.1073228269815445,0.7787100672721863,0.4033769965171814,-0.12597182393074036,0.7142084240913391,0.4268662631511688,-0.07639642059803009,0.7828386425971985,0.5698934197425842,-0.06874819099903107,0.739433765411377,0.5482720732688904,0.0688590407371521,0.6662095189094543,0.6194079518318176,-0.2141302525997162,0.6398859024047852,0.5845293402671814,-0.07820560038089752,0.5555946230888367,0.7586790323257446,-0.35056978464126587,0.5275654196739197,0.7007376551628113,-0.22296103835105896,0.5430465936660767,0.8077987432479858,-0.3640621304512024,0.516217827796936,0.7495909929275513,-0.2394908219575882,0.48392343521118164,0.7265514135360718,-0.4498409628868103,0.46142157912254333,0.6661332249641418,-0.29941463470458984,0,1
0.7580767869949341,0.24651029706001282,0.03929724916815758,0.7659298181533813,0.22950512170791626,0.042930614203214645,0.7699921131134033,0.2280554473400116,0.042894624173641205,0.7742930054664612,0.2264097034931183,0.04281537979841232,0.7583211660385132,0.23228128254413605,0.061691027134656906,0.7569962739944458,0.2332637757062912,0.06168604642152786,0.7557976841926575,0.23412078619003296,0.06162590533494949,0.7911614179611206,0.22803446650505066,0.06930063664913177,0.7666266560554504,0.24247118830680847,0.15821751952171326,0.7674058079719543,0.26278480887413025,0.048540398478507996,0.7592113018035889,0.26413795351982117,0.07454272359609604,0.8346650004386902,0.32089102268218994,0.031334638595581055,0.7601500749588013,0.3452749252319336,0.2038126289844513,0.8490107655525208,0.468727707862854,-0.030984971672296524,0.7374942302703857,0.46790000796318054,0.17488107085227966,0.7765790224075317,0.4197317659854889,-0.06514168530702591,0.7043856978416443,0.43436792492866516,0.01108501572161913,0.7564199566841125,0.42194393277168274,-0.0814141109585762,0.6902203559875488,0.43540480732917786,-0.02099703438580036,0.7551529407501221,0.407051682472229,-0.07370731234550476,0.6922014951705933,0.42639538645744324,-0.030479812994599342,0.75910484790802,0.4059445261955261,-0.0596286877989769,0.6996248364448547,0.42718014121055603,-9.450817742617801e-05,0.784762978553772,0.5678149461746216,-0.0683048740029335,0.739865243434906,0.5484546422958374,0.06842996180057526,0.6680894494056702,0.6209595799446106,-0.2066163569688797,0.6399617791175842,0.587224006652832,-0.069486603140831,0.5552471876144409,0.7621817588806152,-0.34356045722961426,0.5275396108627319,0.7062387466430664,-0.20965413749217987,0.5430794954299927,0.8071568608283997,-0.35588234663009644,0.5163769721984863,0.7526877522468567,-0.22582635283470154,0.482707679271698,0.7357595562934875,-0.43879762291908264,0.46024808287620544,0.671195924282074,-0.28389981389045715,0,1
0.7566457986831665,0.2388041764497757,0.003514544339850545,0.764624297618866,0.22228270769119263,0.006466580089181662,0.7686614394187927,0.22169984877109528,0.006409398280084133,0.7729676961898804,0.22075843811035156,0.006355459801852703,0.7569762468338013,0.2237265259027481,0.024604225531220436,0.7556463479995728,0.22448429465293884,0.024560946971178055,0.754452109336853,0.22522644698619843,0.024485010653734207,0.7897454500198364,0.22296497225761414,0.03075285255908966,0.7652266025543213,0.2337355762720108,0.11461017280817032,0.7659198641777039,0.2565678358078003,0.0122805405408144,0.7578505873680115,0.2573453485965729,0.036842942237854004,0.8321865200996399,0.32434648275375366,-0.010172171518206596,0.7533711194992065,0.341580867767334,0.17703858017921448,0.8259601593017578,0.46944868564605713,-0.04523530602455139,0.7268579006195068,0.46220043301582336,0.19991636276245117,0.7470947504043579,0.42391493916511536,-0.09889643639326096,0.6774280071258545,0.4445205628871918,0.07660344243049622,0.7284687161445618,0.42818206548690796,-0.11710585653781891,0.6621166467666626,0.4495144784450531,0.05253264307975769,0.7273374795913696,0.4154435396194458,-0.1092512458562851,0.6618397235870361,0.4443613588809967,0.032838545739650726,0.7341482639312744,0.41548746824264526,-0.09332967549562454,0.6695297956466675,0.44095227122306824,0.06231964752078056,0.7840160727500916,0.5687485337257385,-0.06832019984722137,0.7369688749313354,0.5485572218894958,0.06844727694988251,0.6683328151702881,0.6219894289970398,-0.21433980762958527,0.6399441957473755,0.5853532552719116,-0.0859118327498436,0.5580928325653076,0.7653695940971375,-0.340620219707489,0.5290334820747375,0.7019422054290771,-0.21230773627758026,0.5445908308029175,0.8069929480552673,-0.353066086769104,0.5169118642807007,0.7469869256019592,-0.22717876732349396,0.48867902159690857,0.7426204085350037,-0.43944230675697327,0.4645004868507385,0.6650838851928711,-0.2896047830581665,0,1
0.7495316863059998,0.23734831809997559,-0.05396081879734993,0.7582248449325562,0.22065670788288116,-0.05406307056546211,0.7617412805557251,0.2201378047466278,-0.054122887551784515,0.7659441232681274,0.21954165399074554,-0.054121874272823334,0.7509843707084656,0.22115859389305115,-0.03522375226020813,0.7496845722198486,0.2216048389673233,-0.03529755771160126,0.7486971020698547,0.22200512886047363,-0.03537481650710106,0.7815678119659424,0.22368305921554565,-0.03705210238695145,0.7597206830978394,0.23142391443252563,0.04740951210260391,0.7568696737289429,0.25671228766441345,-0.0475156232714653,0.7499282360076904,0.25743356347084045,-0.022701332345604897,0.8172500729560852,0.3276576101779938,-0.09038743376731873,0.7400249242782593,0.34156182408332825,0.12368567287921906,0.7931098937988281,0.4687807261943817,-0.18007875978946686,0.6935776472091675,0.450432151556015,0.1379387080669403,0.7130492925643921,0.4565225839614868,-0.25164586305618286,0.6409703493118286,0.4508163034915924,0.00932574737817049,0.6954950094223022,0.4667562246322632,-0.2774325907230377,0.6286406517028809,0.4572630524635315,-0.012946495786309242,0.6913491487503052,0.4518912732601166,-0.2733243405818939,0.6266926527023315,0.4522964358329773,-0.0345040038228035,0.6967194080352783,0.449971467256546,-0.24917776882648468,0.6325944066047668,0.45106935501098633,-0.0058409483171999454,0.7790145874023438,0.5732861161231995,-0.07199089974164963,0.7325657606124878,0.5544130206108093,0.07210901379585266,0.6667078137397766,0.6084138751029968,-0.2411028891801834,0.6389669179916382,0.5740238428115845,-0.09320343285799026,0.5588822960853577,0.7612035274505615,-0.3431377410888672,0.5295816659927368,0.7016991376876831,-0.21012799441814423,0.5472816228866577,0.8042176961898804,-0.3544548451900482,0.5178059339523315,0.7448740601539612,-0.22441992163658142,0.4956114888191223,0.7220054864883423,-0.4448280930519104,0.46734419465065,0.6654650568962097,-0.28872817754745483,0,1
0.7372378706932068,0.23230662941932678,-0.050293922424316406,0.7465406656265259,0.21743609011173248,-0.049634285271167755,0.7503389716148376,0.21694089472293854,-0.04967811331152916,0.7548755407333374,0.2164447158575058,-0.04964481294155121,0.7391262650489807,0.21756292879581451,-0.03068208135664463,0.7378543019294739,0.21773454546928406,-0.030777717009186745,0.7368727922439575,0.21794526278972626,-0.03088213875889778,0.7702478170394897,0.22263962030410767,-0.03135216236114502,0.7490715384483337,0.22616714239120483,0.05242611840367317,0.7455924153327942,0.2530800700187683,-0.04374559596180916,0.7378445267677307,0.2544744610786438,-0.019226282835006714,0.8013116121292114,0.32875657081604004,-0.09767372906208038,0.725508987903595,0.33898434042930603,0.1317017376422882,0.7664840817451477,0.4619829058647156,-0.18807353079319,0.6734570860862732,0.4438435435295105,0.14102497696876526,0.68515545129776,0.4701663851737976,-0.248908132314682,0.6239423751831055,0.4560990631580353,0.012759221717715263,0.663493812084198,0.4793436825275421,-0.27405786514282227,0.6044842004776001,0.46645528078079224,-0.011202128604054451,0.6626130938529968,0.46625739336013794,-0.27122756838798523,0.603451132774353,0.46171078085899353,-0.030797723680734634,0.6659252047538757,0.46445587277412415,-0.24699945747852325,0.6129119396209717,0.4592471718788147,-0.001725522568449378,0.7733958959579468,0.5727217197418213,-0.07756062597036362,0.7286779880523682,0.5538946390151978,0.07762619107961655,0.6601320505142212,0.5826672315597534,-0.23885878920555115,0.6337875127792358,0.5571194291114807,-0.09107927978038788,0.5581240653991699,0.7539209127426147,-0.3425604999065399,0.5312520265579224,0.701451301574707,-0.20918282866477966,0.5480583906173706,0.8020880818367004,-0.3536805808544159,0.5203174352645874,0.7452212572097778,-0.22161921858787537,0.4967654347419739,0.710906982421875,-0.4442346692085266,0.4722089171409607,0.6658143401145935,-0.2832067310810089,0,1
0.7243084907531738,0.22798554599285126,-0.027020150795578957,0.7339096665382385,0.21309375762939453,-0.01989172026515007,0.7380480170249939,0.21259477734565735,-0.019891254603862762,0.7423542141914368,0.21196652948856354,-0.019817093387246132,0.7264125943183899,0.2135009765625,-0.003114147810265422,0.7248175144195557,0.2135770171880722,-0.003244613530114293,0.7234077453613281,0.21378566324710846,-0.00335089978761971,0.7570151090621948,0.22053135931491852,0.013704804703593254,0.7340174913406372,0.22260193526744843,0.08771969377994537,0.7328352928161621,0.24789899587631226,-0.015845786780118942,0.7242318391799927,0.24920766055583954,0.005005964078009129,0.785161018371582,0.3272472023963928,-0.07937946170568466,0.7103084325790405,0.337213397026062,0.1620771586894989,0.7345471978187561,0.45551884174346924,-0.16653725504875183,0.651407778263092,0.4383295178413391,0.13390205800533295,0.6434397101402283,0.4767897427082062,-0.2206951081752777,0.5996240973472595,0.4595319628715515,-0.028229642659425735,0.6246553659439087,0.48533591628074646,-0.2447039783000946,0.5785785913467407,0.47214919328689575,-0.053456418216228485,0.6217892169952393,0.4750780761241913,-0.24083082377910614,0.5783183574676514,0.46892666816711426,-0.07338763773441315,0.6271717548370361,0.4728199541568756,-0.21776175498962402,0.5863083600997925,0.46599632501602173,-0.04313581436872482,0.7663944959640503,0.5732095241546631,-0.0804612785577774,0.7215874791145325,0.5560205578804016,0.08043263107538223,0.6501213312149048,0.5571339130401611,-0.2592615485191345,0.6209249496459961,0.5303328037261963,-0.10745058208703995,0.5580719709396362,0.7460722327232361,-0.3752438426017761,0.5312454104423523,0.7035403251647949,-0.24205800890922546,0.5502527952194214,0.799615740776062,-0.3863351345062256,0.5225414037704468,0.7405690550804138,-0.2560839056968689,0.4967094361782074,0.7160540223121643,-0.47551876306533813,0.47527235746383667,0.6721541881561279,-0.323652446269989,0,1
0.7080293893814087,0.22599557042121887,-0.08598513156175613,0.7184346914291382,0.20971208810806274,-0.07635010778903961,0.7222430109977722,0.20952926576137543,-0.0763327106833458,0.7265371680259705,0.20926418900489807,-0.07626217603683472,0.7102814316749573,0.21003402769565582,-0.06029696390032768,0.7085711359977722,0.20995457470417023,-0.060355205088853836,0.7069640159606934,0.2099297195672989,-0.06040560454130173,0.7413180470466614,0.2203652560710907,-0.022159669548273087,0.7166680097579956,0.2192920297384262,0.04941971227526665,0.7162455320358276,0.24543216824531555,-0.06738215684890747,0.706508219242096,0.24476055800914764,-0.046369489282369614,0.7647169828414917,0.32418540120124817,-0.09934119880199432,0.6965984106063843,0.33428671956062317,0.16068607568740845,0.7091142535209656,0.44039186835289,-0.1796630471944809,0.6351736187934875,0.43242716789245605,0.20381364226341248,0.6296811103820801,0.47908851504325867,-0.22724156081676483,0.5736403465270996,0.46082377433776855,0.13162951171398163,0.6149643659591675,0.4913097321987152,-0.2513405382633209,0.5562270879745483,0.4732985198497772,0.1266300231218338,0.611037015914917,0.483134001493454,-0.24849846959114075,0.5564776659011841,0.4714420437812805,0.09929075837135315,0.6175702810287476,0.47909608483314514,-0.2254914492368698,0.5627792477607727,0.4685876965522766,0.11708670854568481,0.7503105401992798,0.5822237730026245,-0.09164632856845856,0.7102926969528198,0.5579400062561035,0.09150876104831696,0.6390641927719116,0.5405720472335815,-0.28473323583602905,0.6030902862548828,0.5042000412940979,-0.010811930522322655,0.5546848177909851,0.7390420436859131,-0.3713483214378357,0.529018759727478,0.696599006652832,-0.06398943066596985,0.5524504780769348,0.7923949956893921,-0.37116241455078125,0.5221648216247559,0.7238528728485107,-0.07037723809480667,0.5013642311096191,0.733935534954071,-0.4371587336063385,0.46937233209609985,0.6702641248703003,-0.11160306632518768,0,1
0.6904459595680237,0.2223687469959259,-0.12406612932682037,0.7004480957984924,0.20671357214450836,-0.1123899593949318,0.7043734788894653,0.2068571150302887,-0.11237391084432602,0.7084017992019653,0.2068861573934555,-0.11229977756738663,0.6921445727348328,0.2068803757429123,-0.09551005065441132,0.690272331237793,0.20698362588882446,-0.09560681879520416,0.6884698867797852,0.20707902312278748,-0.09567388892173767,0.7233414053916931,0.2188934087753296,-0.04950830340385437,0.6979211568832397,0.21683041751384735,0.026368210092186928,0.6977182626724243,0.2422153204679489,-0.10260088741779327,0.687729001045227,0.24202868342399597,-0.08045008778572083,0.7452710866928101,0.3240928053855896,-0.11652769148349762,0.6749926805496216,0.3344481587409973,0.14285217225551605,0.6879813075065613,0.4383186399936676,-0.18321190774440765,0.6139325499534607,0.4298757314682007,0.1949535459280014,0.6084274053573608,0.47713229060173035,-0.22318284213542938,0.5542021989822388,0.4638524651527405,0.07966677099466324,0.5870493650436401,0.4932122528553009,-0.25070708990097046,0.5394529700279236,0.4762507677078247,0.06362868845462799,0.5857576131820679,0.48619309067726135,-0.24823172390460968,0.5388824939727783,0.47504472732543945,0.04437889903783798,0.5892316699028015,0.4812561571598053,-0.22144906222820282,0.5463565587997437,0.4725711941719055,0.06612525880336761,0.7385936975479126,0.5840587019920349,-0.09664735198020935,0.6972192525863647,0.5661182999610901,0.09644715487957001,0.6265488862991333,0.5266183018684387,-0.3197352886199951,0.5943115949630737,0.49988338351249695,-0.009548296220600605,0.552607536315918,0.7316004633903503,-0.3916277289390564,0.526511549949646,0.690030574798584,-0.07936055213212967,0.5529412627220154,0.782639741897583,-0.3979160785675049,0.5148358941078186,0.7249681949615479,-0.08845537900924683,0.5011574029922485,0.7240543961524963,-0.48206186294555664,0.4666081368923187,0.6654540300369263,-0.14414210617542267,0,1
0.6679532527923584,0.2190057784318924,-0.22512447834014893,0.6776611804962158,0.20431984961032867,-0.2204732447862625,0.6814159154891968,0.20454232394695282,-0.22046057879924774,0.6859826445579529,0.20468465983867645,-0.22040684521198273,0.6700828671455383,0.203897163271904,-0.1992056965827942,0.6686218976974487,0.20398421585559845,-0.19931557774543762,0.6673338413238525,0.2040112316608429,-0.19936305284500122,0.7016423940658569,0.2177533060312271,-0.17333713173866272,0.6776180863380432,0.21454164385795593,-0.07744895666837692,0.6754967570304871,0.24145066738128662,-0.20823296904563904,0.6662007570266724,0.24017395079135895,-0.1802666336297989,0.723189115524292,0.3232188820838928,-0.23908086121082306,0.6550033092498779,0.3345456123352051,0.05236657336354256,0.6529011130332947,0.4354713559150696,-0.3227097988128662,0.5909157991409302,0.4264161288738251,0.068333201110363,0.5700768828392029,0.47664162516593933,-0.3558103144168854,0.5293823480606079,0.4663946032524109,-0.04595651477575302,0.5393965244293213,0.49431195855140686,-0.3986162543296814,0.5149503946304321,0.47908952832221985,-0.06377217173576355,0.5365740656852722,0.4872226417064667,-0.3919912874698639,0.5139094591140747,0.47753384709358215,-0.09805890172719955,0.5448676943778992,0.4833989143371582,-0.3545491099357605,0.5200615525245667,0.4759190082550049,-0.06540695577859879,0.7241780757904053,0.5839592814445496,-0.10410759598016739,0.6833102107048035,0.5667868852615356,0.1039586290717125,0.6149317622184753,0.5192866921424866,-0.3435423970222473,0.5813127756118774,0.4878924787044525,-0.024026796221733093,0.5475872755050659,0.7305656671524048,-0.38748985528945923,0.522521436214447,0.6918988227844238,-0.07982835173606873,0.5494731068611145,0.7823956608772278,-0.3933585286140442,0.5131323337554932,0.7288328409194946,-0.08755216747522354,0.49563974142074585,0.7185835838317871,-0.491168349981308,0.4659495949745178,0.6661513447761536,-0.15440668165683746,0,1
0.6439905762672424,0.21759536862373352,-0.2629702091217041,0.6540461182594299,0.20246340334415436,-0.2608996331691742,0.6577192544937134,0.2024097591638565,-0.2608696222305298,0.6619130373001099,0.20244096219539642,-0.2608075737953186,0.6472705602645874,0.20224840939044952,-0.23865456879138947,0.6459236741065979,0.20219776034355164,-0.23875434696674347,0.6446779370307922,0.202033132314682,-0.23880931735038757,0.6785248517990112,0.21723270416259766,-0.2124681919813156,0.6550952196121216,0.21195536851882935,-0.1138024777173996,0.6508747339248657,0.2406441867351532,-0.2448192536830902,0.6421443819999695,0.23892568051815033,-0.21601009368896484,0.6988328099250793,0.32347092032432556,-0.2739831507205963,0.6350724697113037,0.33465054631233215,0.026722867041826248,0.6237931251525879,0.4332806468009949,-0.370897501707077,0.5660431981086731,0.4244154691696167,0.010902534238994122,0.5349031686782837,0.4786683917045593,-0.4135914742946625,0.5019810199737549,0.47248005867004395,-0.1358160525560379,0.5102347135543823,0.4955143928527832,-0.4604755938053131,0.47973841428756714,0.4826696217060089,-0.16043221950531006,0.5075661540031433,0.4882073402404785,-0.45453351736068726,0.4863080382347107,0.4823853671550751,-0.1957000195980072,0.5135589838027954,0.4842790365219116,-0.41308507323265076,0.49283498525619507,0.4804190695285797,-0.15699414908885956,0.7083074450492859,0.586169958114624,-0.10709108412265778,0.6671370267868042,0.5716654062271118,0.10693792998790741,0.5988296866416931,0.5034018754959106,-0.347844660282135,0.5599406361579895,0.47991350293159485,-0.02995244786143303,0.5421431660652161,0.7304791212081909,-0.39438295364379883,0.5158189535140991,0.6920287609100342,-0.08802147209644318,0.5464953184127808,0.7818691730499268,-0.39996036887168884,0.5090585947036743,0.7364257574081421,-0.09667988121509552,0.48615846037864685,0.7218765020370483,-0.5017381906509399,0.4616295397281647,0.6827588677406311,-0.16490814089775085,0,1
0.6191408634185791,0.21623584628105164,-0.2536139488220215,0.6297813653945923,0.2011273056268692,-0.25415486097335815,0.6335598230361938,0.2012823075056076,-0.2541499137878418,0.6377778649330139,0.20161861181259155,-0.25411397218704224,0.6230071187019348,0.20055897533893585,-0.22856859862804413,0.6217922568321228,0.20044387876987457,-0.22864267230033875,0.6207059621810913,0.20038077235221863,-0.2286876142024994,0.6538060903549194,0.21722953021526337,-0.21364526450634003,0.6308336853981018,0.2111455500125885,-0.09954890608787537,0.6260692477226257,0.2400740683078766,-0.2385922223329544,0.6176193952560425,0.2383444905281067,-0.20532777905464172,0.6731635928153992,0.32409173250198364,-0.2830877900123596,0.6115102171897888,0.337212473154068,0.04321896284818649,0.598544716835022,0.431161105632782,-0.38363733887672424,0.5438553690910339,0.42463722825050354,0.03525969386100769,0.5078468322753906,0.47845932841300964,-0.42785096168518066,0.47948378324508667,0.475025475025177,-0.11190380156040192,0.4842664301395416,0.49503660202026367,-0.47829899191856384,0.45997101068496704,0.4888288378715515,-0.13649193942546844,0.4796179234981537,0.4872860312461853,-0.4742920398712158,0.4592728018760681,0.4852116107940674,-0.17436498403549194,0.4867800772190094,0.4822438061237335,-0.4284707009792328,0.4670020639896393,0.4817504584789276,-0.13487417995929718,0.6905956268310547,0.5914732217788696,-0.11223800480365753,0.6504865288734436,0.583051323890686,0.11209611594676971,0.5774291753768921,0.4936659038066864,-0.3473142981529236,0.542133629322052,0.470569908618927,0.01718446984887123,0.5378602743148804,0.7308148145675659,-0.3778016269207001,0.5118319392204285,0.6921403408050537,-0.03253965079784393,0.5437541007995605,0.7859846353530884,-0.380609929561615,0.5083033442497253,0.7386273741722107,-0.04148427024483681,0.4788345694541931,0.7273539304733276,-0.4793749451637268,0.45083728432655334,0.6856430768966675,-0.10624293982982635,0,1
0.5964054465293884,0.2136257439851761,-0.22727429866790771,0.6068536043167114,0.19865477085113525,-0.23913805186748505,0.610527515411377,0.19910025596618652,-0.2394712269306183,0.6150051355361938,0.19990889728069305,-0.2396063506603241,0.6004288792610168,0.19831164181232452,-0.1970556080341339,0.5994016528129578,0.19824008643627167,-0.19709299504756927,0.5984244346618652,0.1982063353061676,-0.19715158641338348,0.6309634447097778,0.21688972413539886,-0.18675024807453156,0.6079403758049011,0.20988976955413818,-0.055804334580898285,0.6019657850265503,0.23678544163703918,-0.22253671288490295,0.5944821238517761,0.23436014354228973,-0.17170298099517822,0.6491202712059021,0.3239426016807556,-0.252470999956131,0.5902704000473022,0.33981800079345703,0.0838981419801712,0.5654152035713196,0.425874799489975,-0.3491482436656952,0.5278931856155396,0.4248027801513672,0.09823548048734665,0.47430792450904846,0.47298377752304077,-0.3885650038719177,0.4590977132320404,0.47635728120803833,-0.022648025304079056,0.45131373405456543,0.4913627505302429,-0.4355587363243103,0.4387185573577881,0.4900816082954407,-0.04032652825117111,0.446211040019989,0.48388540744781494,-0.42859894037246704,0.43756622076034546,0.4867042601108551,-0.08179354667663574,0.4553380608558655,0.48055368661880493,-0.38793328404426575,0.44494643807411194,0.48503878712654114,-0.046467043459415436,0.6741398572921753,0.5948616862297058,-0.11394605785608292,0.6353648900985718,0.5936574935913086,0.11374130100011826,0.5634028911590576,0.47726860642433167,-0.30157119035720825,0.5307649374008179,0.4700966775417328,0.025226805359125137,0.5327978134155273,0.726260781288147,-0.3064076602458954,0.5129460096359253,0.6997389197349548,-0.04277586191892624,0.5422571301460266,0.7857130169868469,-0.30767080187797546,0.5155554413795471,0.7339608073234558,-0.053243767470121384,0.4662443697452545,0.7349428534507751,-0.3960729241371155,0.45110344886779785,0.6939974427223206,-0.12086798995733261,0,1
0.5707510709762573,0.213773712515831,-0.2711021304130554,0.5809656977653503,0.19878631830215454,-0.2752417027950287,0.5849078893661499,0.19920594990253448,-0.275299996137619,0.589633047580719,0.19997742772102356,-0.2753361761569977,0.5750392079353333,0.19843509793281555,-0.24560043215751648,0.5743064880371094,0.1982981115579605,-0.2456706315279007,0.5736308693885803,0.1981291025876999,-0.24570389091968536,0.6068589687347412,0.21699900925159454,-0.24236635863780975,0.5841406583786011,0.209773451089859,-0.11107254028320312,0.5759618282318115,0.23674938082695007,-0.25891125202178955,0.5692138075828552,0.23424549400806427,-0.22013358771800995,0.623454213142395,0.32584384083747864,-0.31668397784233093,0.5741235613822937,0.33980241417884827,0.04901335388422012,0.5301880240440369,0.4388938546180725,-0.40332937240600586,0.5082554817199707,0.4286976754665375,0.07236047089099884,0.438596248626709,0.4757508933544159,-0.4336491525173187,0.42937803268432617,0.477085143327713,-0.03436201065778732,0.41520267724990845,0.5028002262115479,-0.4856080412864685,0.4087643623352051,0.4969942271709442,-0.05148060992360115,0.4123767018318176,0.4969162344932556,-0.4738743305206299,0.4089112877845764,0.49739575386047363,-0.09208126366138458,0.41975241899490356,0.4907827079296112,-0.4316856861114502,0.4133059084415436,0.4944668114185333,-0.05401632934808731,0.6614165306091309,0.5988907217979431,-0.12142129987478256,0.6295212507247925,0.59943687915802,0.12119908630847931,0.5441887974739075,0.4757266640663147,-0.23436328768730164,0.5169277787208557,0.47064000368118286,0.12439455837011337,0.5328028202056885,0.7148712277412415,-0.12283647060394287,0.5102807283401489,0.6940880417823792,0.1388692557811737,0.5419017672538757,0.7764717936515808,-0.11262480169534683,0.5157954096794128,0.7294504046440125,0.1373119354248047,0.46272340416908264,0.722262978553772,-0.16560976207256317,0.45303449034690857,0.7007089257240295,0.09968134015798569,0,1
0.5476017594337463,0.21859906613826752,-0.1284904181957245,0.556833803653717,0.20333296060562134,-0.14262990653514862,0.5601131916046143,0.20347504317760468,-0.1427071988582611,0.5638332962989807,0.2036503404378891,-0.14273567497730255,0.5526150465011597,0.2018255591392517,-0.10766301304101944,0.5525165796279907,0.20125049352645874,-0.10769294202327728,0.552510142326355,0.20065996050834656,-0.10769148170948029,0.5813840627670288,0.2188401073217392,-0.15946854650974274,0.5674455165863037,0.21245965361595154,-0.00134220567997545,0.5525676012039185,0.23943324387073517,-0.13330605626106262,0.5477572679519653,0.2371179163455963,-0.0875738188624382,0.5917459726333618,0.3306393027305603,-0.2680934965610504,0.5678046941757202,0.3452055752277374,0.1437264084815979,0.5015780329704285,0.44394081830978394,-0.33659353852272034,0.49796733260154724,0.4335400462150574,0.1741955429315567,0.40732765197753906,0.4860132336616516,-0.31360357999801636,0.41400250792503357,0.48852822184562683,0.11030872166156769,0.38721030950546265,0.5089415907859802,-0.35306382179260254,0.3932342827320099,0.5055935382843018,0.1171804666519165,0.38437598943710327,0.5066105127334595,-0.33079764246940613,0.39201003313064575,0.5071287751197815,0.08104856312274933,0.3912063241004944,0.5011362433433533,-0.3049229383468628,0.3981848359107971,0.5042198896408081,0.09127692878246307,0.6476237177848816,0.6020358800888062,-0.12498153746128082,0.6254879236221313,0.6066591739654541,0.12475814670324326,0.533485472202301,0.47290873527526855,-0.20778660476207733,0.5175820589065552,0.4832218289375305,0.23297175765037537,0.5213488340377808,0.7120489478111267,-0.14421731233596802,0.5092599987983704,0.6923398971557617,0.2667699158191681,0.5183055996894836,0.7736787796020508,-0.137581467628479,0.5178223252296448,0.7295945882797241,0.268163800239563,0.44681039452552795,0.6999218463897705,-0.18061842024326324,0.4615667760372162,0.6979956030845642,0.24994930624961853,0,1
0.5285714268684387,0.22257201373577118,-0.13552534580230713,0.5383358001708984,0.20576006174087524,-0.1534309983253479,0.5414284467697144,0.20658855140209198,-0.153509259223938,0.5446764230728149,0.20756840705871582,-0.15354610979557037,0.5345174074172974,0.20397105813026428,-0.11819114536046982,0.5346749424934387,0.20355701446533203,-0.11821798235177994,0.5348976254463196,0.20304378867149353,-0.11822806298732758,0.5601223111152649,0.22402146458625793,-0.16253840923309326,0.5505593419075012,0.21782569587230682,-0.019861144945025444,0.5325847864151001,0.24453088641166687,-0.14277680218219757,0.5286840200424194,0.24220648407936096,-0.09719816595315933,0.5680360198020935,0.33539003133773804,-0.2812325954437256,0.5563279986381531,0.3528762757778168,0.1259213089942932,0.47329869866371155,0.44717779755592346,-0.3465549349784851,0.47860726714134216,0.4517391324043274,0.14489491283893585,0.38094717264175415,0.496254563331604,-0.3338086009025574,0.3871578574180603,0.5034180283546448,0.07566159963607788,0.36090168356895447,0.5207763910293579,-0.37747257947921753,0.3663734495639801,0.5207985639572144,0.07798944413661957,0.3563896119594574,0.5183125734329224,-0.35587796568870544,0.36362263560295105,0.5219632387161255,0.04240510240197182,0.3628183901309967,0.5126802921295166,-0.3258937895298004,0.36829137802124023,0.5176474452018738,0.056307703256607056,0.6352857947349548,0.6023784875869751,-0.12587663531303406,0.6176835298538208,0.6141669154167175,0.1257135421037674,0.5127224326133728,0.46467912197113037,-0.14011135697364807,0.5060515403747559,0.48104315996170044,0.22816963493824005,0.5078879594802856,0.711667537689209,-0.020786920562386513,0.5163601636886597,0.6922732591629028,0.3179174065589905,0.5189117789268494,0.7738690972328186,-0.009006941691040993,0.5280647277832031,0.7294986248016357,0.3253870904445648,0.4490615725517273,0.6991750001907349,-0.04927249625325203,0.46944642066955566,0.701161801815033,0.29972270131111145,0,1
0.5120757818222046,0.23491588234901428,-0.1898013949394226,0.5227705240249634,0.2167169749736786,-0.19871488213539124,0.5259578227996826,0.21721303462982178,-0.1987905204296112,0.529615581035614,0.21771246194839478,-0.19882476329803467,0.5182292461395264,0.21484239399433136,-0.1667967587709427,0.5180140137672424,0.21445755660533905,-0.16682952642440796,0.5180383920669556,0.2139102965593338,-0.1668386310338974,0.5440265536308289,0.23330987989902496,-0.18199852108955383,0.5336501598358154,0.22741353511810303,-0.04167363792657852,0.5165903568267822,0.2571120262145996,-0.18194922804832458,0.5122288465499878,0.25458866357803345,-0.14066384732723236,0.5485048890113831,0.3423568904399872,-0.2778041958808899,0.5456219911575317,0.3549943268299103,0.1189642921090126,0.45409804582595825,0.4506305754184723,-0.3435896039009094,0.4614561200141907,0.45440182089805603,0.138351172208786,0.36265337467193604,0.5088805556297302,-0.3318258821964264,0.37213850021362305,0.5125364065170288,0.05612067133188248,0.3419291377067566,0.535528302192688,-0.37622755765914917,0.35322073101997375,0.5285825133323669,0.056132495403289795,0.33809319138526917,0.5321804285049438,-0.35241466760635376,0.34875044226646423,0.5309291481971741,0.02217169478535652,0.3439750671386719,0.5260493159294128,-0.3231029808521271,0.3547571301460266,0.5302168726921082,0.037523504346609116,0.6275583505630493,0.60396808385849,-0.12530934810638428,0.6169687509536743,0.6123856902122498,0.12509635090827942,0.5083809494972229,0.4620816111564636,-0.13926230370998383,0.5102203488349915,0.4762519896030426,0.30650943517684937,0.5097531676292419,0.7120142579078674,-0.032593026757240295,0.5318136811256409,0.686034083366394,0.4584149718284607,0.5208793878555298,0.7749050855636597,-0.02207999862730503,0.5472304224967957,0.7239074110984802,0.4726742208003998,0.45329228043556213,0.6984429955482483,-0.05362100526690483,0.4906652867794037,0.7056552171707153,0.4682268500328064,0,1
0.5013855695724487,0.2388409674167633,-0.1698918342590332,0.5108166933059692,0.2215069830417633,-0.18761217594146729,0.5134127140045166,0.22258298099040985,-0.18769831955432892,0.5161398649215698,0.22352609038352966,-0.18777483701705933,0.5076066255569458,0.2190277874469757,-0.15213188529014587,0.5079380869865417,0.21879249811172485,-0.15215729176998138,0.5085629224777222,0.21856102347373962,-0.1521541327238083,0.5300299525260925,0.2394717037677765,-0.1931922435760498,0.5240055322647095,0.23337328433990479,-0.04100770875811577,0.5055394768714905,0.2618462145328522,-0.1712566614151001,0.5023305416107178,0.259871244430542,-0.12568305432796478,0.5364518165588379,0.3513893783092499,-0.28640955686569214,0.5393607020378113,0.3566581606864929,0.11872237920761108,0.44354191422462463,0.4598018229007721,-0.3493170738220215,0.45486634969711304,0.45545685291290283,0.13651809096336365,0.34575048089027405,0.5190955400466919,-0.33657100796699524,0.36064237356185913,0.5173384547233582,0.06159893423318863,0.32467731833457947,0.5415647029876709,-0.3804848790168762,0.33898815512657166,0.5317744016647339,0.06424105912446976,0.3219214379787445,0.5386502146720886,-0.35901883244514465,0.33553346991539,0.5332508683204651,0.025331605225801468,0.32847660779953003,0.533486545085907,-0.3283561170101166,0.3428831696510315,0.5324705839157104,0.04123920574784279,0.6231850385665894,0.6048358678817749,-0.12778593599796295,0.6170162558555603,0.6105093359947205,0.12759725749492645,0.5008111000061035,0.4629572033882141,-0.09887081384658813,0.5021567940711975,0.4668898582458496,0.26865434646606445,0.5103945732116699,0.7102475166320801,0.08117955178022385,0.5319578051567078,0.6819785833358765,0.4333532750606537,0.5323832631111145,0.7654510736465454,0.09979110956192017,0.5488247275352478,0.7175236940383911,0.44962769746780396,0.4612894654273987,0.7062029242515564,0.09845766425132751,0.4927615225315094,0.708553671836853,0.44789284467697144,0,1
0.4972613751888275,0.24700425565242767,-0.11165299266576767,0.505466103553772,0.229940265417099,-0.13103249669075012,0.5078612565994263,0.23068809509277344,-0.13111522793769836,0.5106372237205505,0.23153460025787354,-0.13117730617523193,0.5026848316192627,0.2286383956670761,-0.09402449429035187,0.5030480027198792,0.2282179445028305,-0.09405641257762909,0.503688633441925,0.22785814106464386,-0.09407385438680649,0.5268915295600891,0.24478286504745483,-0.1596839725971222,0.5199918150901794,0.23991161584854126,0.004969967063516378,0.502183198928833,0.2686525583267212,-0.11987777799367905,0.49903231859207153,0.2668852210044861,-0.07213440537452698,0.5356128811836243,0.3536321222782135,-0.2583997845649719,0.5371054410934448,0.3579063415527344,0.1453368216753006,0.4423767030239105,0.46126437187194824,-0.3269835412502289,0.45034176111221313,0.4569358825683594,0.15540173649787903,0.342618465423584,0.5230513215065002,-0.313970148563385,0.3568952679634094,0.5204333662986755,0.08114616572856903,0.32034778594970703,0.5456480383872986,-0.3640803098678589,0.3305432200431824,0.5357578992843628,0.08236249536275864,0.3170391023159027,0.544056236743927,-0.3367424011230469,0.3277129828929901,0.538741409778595,0.04434097558259964,0.32290923595428467,0.5380628705024719,-0.3048604726791382,0.33514484763145447,0.5372589826583862,0.060430675745010376,0.6255611777305603,0.6022606492042542,-0.12749305367469788,0.6178585290908813,0.6051023006439209,0.12727835774421692,0.5024210214614868,0.46321791410446167,-0.12690261006355286,0.5048177242279053,0.46766048669815063,0.3027030825614929,0.5180780291557312,0.7001447677612305,0.016482550650835037,0.534990668296814,0.6669633388519287,0.4624546468257904,0.5398659706115723,0.751670241355896,0.03103627637028694,0.5521038174629211,0.7009263634681702,0.4776865541934967,0.46914148330688477,0.6987624168395996,0.01677444763481617,0.49828284978866577,0.6991561651229858,0.47314372658729553,0,1
0.502507209777832,0.24704201519489288,-0.09263689815998077,0.5113047361373901,0.2303183227777481,-0.11004439741373062,0.5138341188430786,0.2305906116962433,-0.11012941598892212,0.5167636275291443,0.2308456152677536,-0.11019168794155121,0.5080447196960449,0.22969140112400055,-0.07452148199081421,0.5083064436912537,0.22945243120193481,-0.07456714659929276,0.5087687373161316,0.2292453795671463,-0.0745728462934494,0.5324872732162476,0.24400655925273895,-0.13724616169929504,0.5239631533622742,0.2402510792016983,0.02202998660504818,0.507763683795929,0.2686019241809845,-0.10107563436031342,0.5036258101463318,0.26824647188186646,-0.054855894297361374,0.5437695384025574,0.3528757095336914,-0.23467595875263214,0.5363591909408569,0.3606182038784027,0.14708490669727325,0.45015597343444824,0.4609658122062683,-0.3091152012348175,0.45490342378616333,0.456482857465744,0.15901875495910645,0.3531828820705414,0.5208249092102051,-0.3006055951118469,0.3623407185077667,0.5190674066543579,0.08647656440734863,0.33156007528305054,0.5446886420249939,-0.3479171693325043,0.33893564343452454,0.5330955386161804,0.0881633535027504,0.3278525471687317,0.5402945876121521,-0.3204057514667511,0.3362146019935608,0.5338999629020691,0.049487195909023285,0.334270179271698,0.5345654487609863,-0.2918420732021332,0.3431544601917267,0.5307989120483398,0.06551794707775116,0.6298006772994995,0.6000460982322693,-0.12333798408508301,0.6180790066719055,0.6050704717636108,0.12321902811527252,0.5051246285438538,0.4637509286403656,-0.1319192349910736,0.5055673718452454,0.468078076839447,0.21085867285728455,0.5297513008117676,0.7018721103668213,0.001994327176362276,0.534831166267395,0.6774063110351562,0.32164499163627625,0.5437309741973877,0.7505553960800171,0.015048205852508545,0.552609384059906,0.7037180662155151,0.3312144875526428,0.4707103371620178,0.6992746591567993,-0.006113612093031406,0.4881117343902588,0.6989903450012207,0.31324881315231323,0,1
0.5168264508247375,0.247385174036026,-0.06576873362064362,0.5257024168968201,0.22989799082279205,-0.08018188923597336,0.5285111665725708,0.22997766733169556,-0.08025342226028442,0.5315901637077332,0.23020192980766296,-0.08029970526695251,0.5221496224403381,0.2301989197731018,-0.048168666660785675,0.5224088430404663,0.2301759272813797,-0.04823435842990875,0.5227199792861938,0.230004221200943,-0.04823755472898483,0.5463117957115173,0.24370822310447693,-0.10096472501754761,0.5376436710357666,0.23972156643867493,0.042913343757390976,0.5222601294517517,0.26803988218307495,-0.07219959050416946,0.5179551839828491,0.2682158350944519,-0.030328664928674698,0.5699765682220459,0.34861209988594055,-0.18937592208385468,0.5501293540000916,0.3615144193172455,0.1562895029783249,0.485511839389801,0.46278253197669983,-0.24951979517936707,0.47388893365859985,0.4624461829662323,0.17988458275794983,0.38439950346946716,0.5129714012145996,-0.2384137213230133,0.386829674243927,0.5129669308662415,0.11373911798000336,0.3615688383579254,0.5327261090278625,-0.2789146304130554,0.36444035172462463,0.5283498764038086,0.11871769279241562,0.357782781124115,0.526336133480072,-0.2532581090927124,0.3613720238208771,0.5269623398780823,0.08131830394268036,0.3651464581489563,0.5220286846160889,-0.23003745079040527,0.3682442903518677,0.5248284935951233,0.09409856796264648,0.6480349898338318,0.5977704524993896,-0.1118055209517479,0.6257420778274536,0.6050329804420471,0.1116626039147377,0.5253435373306274,0.46379533410072327,-0.1584688127040863,0.5140721797943115,0.469033807516098,0.16162921488285065,0.5343354940414429,0.7059080004692078,-0.07543408870697021,0.534398078918457,0.6889172196388245,0.2107936441898346,0.5453171730041504,0.7535057663917542,-0.06834818422794342,0.5483649969100952,0.7221398949623108,0.21379587054252625,0.4714241623878479,0.7015952467918396,-0.10528820753097534,0.4797326922416687,0.7036795020103455,0.18788740038871765,0,1
0.548336923122406,0.24718700349330902,-0.1452835500240326,0.5589643716812134,0.22926020622253418,-0.1426692008972168,0.5626468062400818,0.2287983000278473,-0.14267383515834808,0.5666690468788147,0.22873671352863312,-0.14264170825481415,0.5530158877372742,0.2299714982509613,-0.12155145406723022,0.5523368120193481,0.2298867553472519,-0.12166118621826172,0.5517670512199402,0.22968290746212006,-0.12169802188873291,0.581405520439148,0.2435067892074585,-0.10742586851119995,0.5631414651870728,0.23932793736457825,-0.0014910557074472308,0.5542627573013306,0.26773953437805176,-0.12761512398719788,0.5481421947479248,0.26803863048553467,-0.09991007298231125,0.6070025563240051,0.3473891615867615,-0.1773681938648224,0.5630191564559937,0.3611723482608795,0.12504199147224426,0.5305973291397095,0.469770222902298,-0.21750208735466003,0.5010124444961548,0.45930007100105286,0.17664042115211487,0.4342428743839264,0.5120674967765808,-0.2151372730731964,0.42521899938583374,0.5019055604934692,0.10191724449396133,0.4119657576084137,0.5314339995384216,-0.24751845002174377,0.4036405682563782,0.5119777917861938,0.10523553192615509,0.40885215997695923,0.5197434425354004,-0.22944700717926025,0.40320920944213867,0.5095261931419373,0.06788212060928345,0.41709837317466736,0.5153445601463318,-0.20904305577278137,0.40960144996643066,0.5087048411369324,0.081961490213871,0.6728407144546509,0.5971225500106812,-0.10708962380886078,0.640290379524231,0.5985358953475952,0.10669685900211334,0.55048668384552,0.467881977558136,-0.1813388615846634,0.5245038270950317,0.46896544098854065,0.1481352597475052,0.533559262752533,0.7139720320701599,-0.14184421300888062,0.5179586410522461,0.6969509720802307,0.1450861245393753,0.5375744700431824,0.7643371820449829,-0.13711552321910858,0.52541184425354,0.7377766966819763,0.1434725821018219,0.4574366509914398,0.731447696685791,-0.1736321747303009,0.4638032913208008,0.7133718729019165,0.12072306871414185,0,1
0.5852856636047363,0.2469862550497055,-0.1526913344860077,0.5940111875534058,0.22902488708496094,-0.1559731811285019,0.597375750541687,0.2286289781332016,-0.15596790611743927,0.6010549068450928,0.22843310236930847,-0.15593120455741882,0.5882243514060974,0.22901228070259094,-0.1311424970626831,0.5876365303993225,0.22858358919620514,-0.13127031922340393,0.5872617959976196,0.2280002385377884,-0.131292462348938,0.6175366044044495,0.24221153557300568,-0.12996110320091248,0.600021481513977,0.23782163858413696,-0.019281692802906036,0.5926772356033325,0.2677173614501953,-0.14271800220012665,0.5865229964256287,0.26776331663131714,-0.10994064807891846,0.6448543071746826,0.34731996059417725,-0.19378384947776794,0.5945798754692078,0.35785356163978577,0.09410528838634491,0.5635470151901245,0.46566036343574524,-0.24553534388542175,0.5325345993041992,0.44521886110305786,0.12744072079658508,0.4752316474914551,0.48688995838165283,-0.2166215479373932,0.4625290334224701,0.4801599681377411,0.04478301480412483,0.4539259374141693,0.5026618242263794,-0.26202598214149475,0.44189682602882385,0.4847368597984314,0.04112061858177185,0.4511701464653015,0.4928913116455078,-0.2618989646434784,0.4416835308074951,0.48514553904533386,0.004594351630657911,0.4591921269893646,0.49013546109199524,-0.23229622840881348,0.4497334063053131,0.48715919256210327,0.02567180059850216,0.7029010057449341,0.5958464741706848,-0.10609126091003418,0.6663488149642944,0.5926709175109863,0.10577903687953949,0.5847371220588684,0.48182475566864014,-0.26052019000053406,0.5427742004394531,0.4709806740283966,0.09038715809583664,0.5336812734603882,0.7227296829223633,-0.2859871983528137,0.5190994739532471,0.7003601789474487,0.03751062601804733,0.5378956198692322,0.7748422622680664,-0.28757423162460327,0.5227035284042358,0.7420740127563477,0.030972763895988464,0.45744019746780396,0.7354178428649902,-0.35115960240364075,0.4653603136539459,0.7172564268112183,-0.008589932695031166,0,1
0.6260411143302917,0.2467993199825287,-0.25304561853408813,0.6339409947395325,0.2286909967660904,-0.2528473734855652,0.6377267241477966,0.2285027652978897,-0.25282371044158936,0.6422324180603027,0.22821640968322754,-0.25280654430389404,0.626828134059906,0.2284592092037201,-0.23233632743358612,0.6256090402603149,0.22767579555511475,-0.23249869048595428,0.6245747208595276,0.22671864926815033,-0.2325069159269333,0.6590278148651123,0.24101392924785614,-0.21417546272277832,0.6370658874511719,0.23637425899505615,-0.12110878527164459,0.6338640451431274,0.2676383852958679,-0.23720283806324005,0.6264306902885437,0.26763615012168884,-0.2100018709897995,0.6861752867698669,0.3428829312324524,-0.26931631565093994,0.6327940225601196,0.34464797377586365,-0.0016934263985604048,0.6052957773208618,0.4389609098434448,-0.3429557681083679,0.5632246732711792,0.4136999845504761,0.02135618031024933,0.5161079168319702,0.46095699071884155,-0.3458094894886017,0.5006160140037537,0.45550283789634705,-0.06463511288166046,0.49733075499534607,0.47493502497673035,-0.388899564743042,0.4813920557498932,0.45884841680526733,-0.07612060755491257,0.4962289333343506,0.4668533205986023,-0.37526994943618774,0.48122110962867737,0.45930159091949463,-0.1125367134809494,0.5023794770240784,0.4648769497871399,-0.34394052624702454,0.48893851041793823,0.46078962087631226,-0.0840751901268959,0.7307555675506592,0.5853595733642578,-0.10254698991775513,0.69536292552948,0.5664148330688477,0.1022791713476181,0.6041907072067261,0.5049916505813599,-0.24943098425865173,0.5752860307693481,0.4864891469478607,0.040856458246707916,0.5415521860122681,0.7225160598754883,-0.2671179175376892,0.5229007601737976,0.7003375291824341,0.007948063313961029,0.5433324575424194,0.7746522426605225,-0.2692472040653229,0.5244172811508179,0.7429994344711304,0.0034372531808912754,0.4710845351219177,0.7292344570159912,-0.33551454544067383,0.4684029519557953,0.7142002582550049,-0.03635827451944351,0,1
0.6642902493476868,0.2454979121685028,-0.20714764297008514,0.6728533506393433,0.22694581747055054,-0.21155405044555664,0.6773908734321594,0.22615598142147064,-0.21158333122730255,0.6821107268333435,0.22554442286491394,-0.2115796059370041,0.6657328009605408,0.22760777175426483,-0.1858195662498474,0.664415717124939,0.2271462380886078,-0.18594872951507568,0.6630961894989014,0.2264367640018463,-0.1859615296125412,0.6979302167892456,0.23608241975307465,-0.16167154908180237,0.6741822957992554,0.23390896618366241,-0.0807112380862236,0.6729098558425903,0.2648674547672272,-0.19635885953903198,0.6652177572250366,0.2641231119632721,-0.16449293494224548,0.7250820398330688,0.33137720823287964,-0.2373230904340744,0.6656202077865601,0.33934831619262695,0.01561815571039915,0.659604012966156,0.4152382016181946,-0.3227294087409973,0.6051305532455444,0.39210382103919983,0.06937827914953232,0.5760979652404785,0.4360736906528473,-0.33891692757606506,0.551115870475769,0.42829474806785583,-0.042932841926813126,0.5518878698348999,0.452129065990448,-0.3769681751728058,0.5286906361579895,0.4394911825656891,-0.05666280910372734,0.549209475517273,0.44726404547691345,-0.36338040232658386,0.531206488609314,0.437383234500885,-0.08681882917881012,0.5565229058265686,0.4448871314525604,-0.33495768904685974,0.5397552847862244,0.4384344220161438,-0.061333633959293365,0.7520832419395447,0.5771702527999878,-0.10326638072729111,0.7166639566421509,0.559871256351471,0.10301776975393295,0.6169332265853882,0.5306130647659302,-0.19438977539539337,0.5963929891586304,0.5065649747848511,0.05199233442544937,0.5433476567268372,0.7308462262153625,-0.23306484520435333,0.5263954401016235,0.7018133997917175,0.02629220485687256,0.5435331463813782,0.7832983136177063,-0.2527157664299011,0.5260177254676819,0.7471662163734436,0.021270228549838066,0.47225135564804077,0.7288503050804138,-0.2797285318374634,0.46883124113082886,0.7023236751556396,-0.01657693460583687,0,1
0.6990025639533997,0.24215839803218842,-0.09549298882484436,0.7063714265823364,0.2263033539056778,-0.09597381949424744,0.7104717493057251,0.22527597844600677,-0.09596166014671326,0.7149468660354614,0.22440177202224731,-0.09593375027179718,0.700039803981781,0.22645539045333862,-0.07808177918195724,0.6990647912025452,0.22594568133354187,-0.07819367945194244,0.6982243061065674,0.22536547482013702,-0.07825091481208801,0.7338548302650452,0.23338235914707184,-0.07014304399490356,0.708732008934021,0.23164036870002747,0.009794124402105808,0.7076197862625122,0.263012558221817,-0.08499009907245636,0.7004913091659546,0.26159313321113586,-0.06142149120569229,0.7652693390846252,0.3219774067401886,-0.14393192529678345,0.6961819529533386,0.33432644605636597,0.09506212174892426,0.7027190923690796,0.40733832120895386,-0.25457578897476196,0.6356712579727173,0.3962055742740631,0.07838016748428345,0.621918261051178,0.4250187873840332,-0.2997063994407654,0.5730253458023071,0.4268814027309418,-0.06124839186668396,0.6003701686859131,0.4415464699268341,-0.328539103269577,0.5544652938842773,0.43579259514808655,-0.0814562663435936,0.5956555008888245,0.4378039836883545,-0.31820303201675415,0.5545280575752258,0.43540051579475403,-0.10386178642511368,0.6023968458175659,0.43511080741882324,-0.2966873347759247,0.5629061460494995,0.43465837836265564,-0.07750441879034042,0.7733439207077026,0.5709295272827148,-0.08883635699748993,0.7309585213661194,0.5562684535980225,0.08876854181289673,0.6421287059783936,0.5551683306694031,-0.19092264771461487,0.617670476436615,0.5367484092712402,-0.021837759763002396,0.5495807528495789,0.7336078882217407,-0.24666151404380798,0.5300463438034058,0.7023481726646423,-0.09991434216499329,0.5435653328895569,0.7817475199699402,-0.2536145746707916,0.5269752740859985,0.7477303147315979,-0.10889949649572372,0.4820858836174011,0.7138543725013733,-0.3187357783317566,0.4693899154663086,0.6932951211929321,-0.15811628103256226,0,1
0.7309028506278992,0.25137200951576233,0.03903220593929291,0.7382927536964417,0.23422598838806152,0.04188667982816696,0.7424054741859436,0.23287254571914673,0.04190913215279579,0.7469607591629028,0.23127004504203796,0.04193835332989693,0.7306476831436157,0.2355782836675644,0.05892792344093323,0.7292128205299377,0.23565833270549774,0.05882536619901657,0.7278399467468262,0.23560167849063873,0.05872552841901779,0.7642580270767212,0.2351839691400528,0.0720977932214737,0.7370085716247559,0.23756037652492523,0.14848250150680542,0.7407023906707764,0.271443635225296,0.05059216544032097,0.7320576906204224,0.27197790145874023,0.07260391116142273,0.7941513657569885,0.32305464148521423,-0.01718083769083023,0.7220342755317688,0.3333148658275604,0.2082252949476242,0.7471690773963928,0.4122513234615326,-0.15124079585075378,0.6735420823097229,0.399080753326416,0.1714801788330078,0.6697123646736145,0.421061247587204,-0.22036466002464294,0.6056894063949585,0.43160220980644226,0.007771695964038372,0.6473323702812195,0.4338717460632324,-0.2453371286392212,0.5843662619590759,0.44172555208206177,-0.0175135750323534,0.6430377960205078,0.4267914593219757,-0.2366730272769928,0.5899493098258972,0.4393095374107361,-0.03508434444665909,0.6508366465568542,0.4251354932785034,-0.21648073196411133,0.5976816415786743,0.4380777180194855,-0.007340700831264257,0.7812814712524414,0.5741636753082275,-0.08387750387191772,0.7396284341812134,0.5588527321815491,0.08380530774593353,0.6538219451904297,0.5960731506347656,-0.1847141683101654,0.6286182999610901,0.5590276718139648,-0.0634283572435379,0.5481379628181458,0.742129921913147,-0.29393360018730164,0.5313694477081299,0.7017994523048401,-0.1756921261548996,0.5421895384788513,0.7868961691856384,-0.3042531907558441,0.5256375074386597,0.7464185953140259,-0.18719589710235596,0.483833372592926,0.7148720622062683,-0.38581520318984985,0.4696030616760254,0.6797299981117249,-0.25155705213546753,0,1
0.7470799088478088,0.26423144340515137,0.10931561142206192,0.7540315389633179,0.24737896025180817,0.11415047943592072,0.7586362361907959,0.24584107100963593,0.11415697634220123,0.7633880376815796,0.24387194216251373,0.11415358632802963,0.7465248107910156,0.24937845766544342,0.1338845193386078,0.7452957034111023,0.24972926080226898,0.1337973177433014,0.7440484762191772,0.24999713897705078,0.13371619582176208,0.7803119421005249,0.24397137761116028,0.13771459460258484,0.7548894882202148,0.24960418045520782,0.22584259510040283,0.7585291862487793,0.2826714515686035,0.11630859225988388,0.7482489943504333,0.283943235874176,0.14190024137496948,0.8156358599662781,0.3307783007621765,0.05485372617840767,0.7435889840126038,0.3377052843570709,0.2597676217556,0.7895174622535706,0.4328782856464386,-0.05940845608711243,0.6969798803329468,0.41044506430625916,0.20054252445697784,0.7129292488098145,0.414087176322937,-0.10578719526529312,0.641666054725647,0.42799437046051025,0.0012661509681493044,0.6935547590255737,0.4225959777832031,-0.12627087533473969,0.6219271421432495,0.43409428000450134,-0.03113602101802826,0.693100094795227,0.4112858772277832,-0.11934368312358856,0.6252094507217407,0.42966678738594055,-0.04254097491502762,0.7006453275680542,0.40931469202041626,-0.10133270174264908,0.6329008340835571,0.42973557114601135,-0.013007951900362968,0.7862271070480347,0.5725387334823608,-0.07325037568807602,0.743412435054779,0.5571451187133789,0.07327672839164734,0.6589409112930298,0.6175751090049744,-0.16673997044563293,0.639117956161499,0.5932121276855469,-0.06767696142196655,0.5496020317077637,0.7526941895484924,-0.2796395719051361,0.5314329862594604,0.701724112033844,-0.17068132758140564,0.5418819785118103,0.8005158305168152,-0.2901802659034729,0.5211721658706665,0.7439468502998352,-0.1826155036687851,0.4847952723503113,0.7222322225570679,-0.3723810911178589,0.46967339515686035,0.6791126132011414,-0.24491246044635773,0,1
0.7458760738372803,0.2700008153915405,0.0730993002653122,0.7509505748748779,0.25260138511657715,0.0739942193031311,0.7542738318443298,0.24962982535362244,0.07396726310253143,0.7587529420852661,0.24631725251674652,0.0739116370677948,0.7445786595344543,0.25604602694511414,0.09438109397888184,0.74364173412323,0.25611570477485657,0.09437815845012665,0.7428440451622009,0.25618335604667664,0.09431854635477066,0.778516411781311,0.24380898475646973,0.09378018230199814,0.7550479769706726,0.2523316740989685,0.1889432668685913,0.7567828893661499,0.28455275297164917,0.08038352429866791,0.7495740056037903,0.28601330518722534,0.10814932733774185,0.8220458030700684,0.32634755969047546,0.048752810806035995,0.7510709762573242,0.33756011724472046,0.22643646597862244,0.8309903144836426,0.4597504436969757,-0.015432518906891346,0.7292353510856628,0.4463590085506439,0.1987455040216446,0.7504413723945618,0.4146537780761719,-0.04219307750463486,0.6878710985183716,0.42873209714889526,0.03093433380126953,0.7305185198783875,0.4281134605407715,-0.058056145906448364,0.6726866960525513,0.4341876208782196,-0.0037800404243171215,0.7310136556625366,0.41576364636421204,-0.050011325627565384,0.6728960275650024,0.427277147769928,-0.014494791626930237,0.7371619939804077,0.4153920114040375,-0.03585479408502579,0.6778746843338013,0.4293935000896454,0.01890232227742672,0.7818433046340942,0.5631603598594666,-0.06590180099010468,0.739860475063324,0.5417637228965759,0.06605208665132523,0.6659649014472961,0.6212869882583618,-0.17707756161689758,0.6422035694122314,0.5930211544036865,-0.06061667948961258,0.5564199090003967,0.7605469822883606,-0.32280123233795166,0.5324935913085938,0.6970193386077881,-0.1924286186695099,0.5460357069969177,0.8078199625015259,-0.336067259311676,0.5235205888748169,0.7341462969779968,-0.2070586234331131,0.4947056174278259,0.7554907202720642,-0.41747474670410156,0.46976184844970703,0.6748077273368835,-0.25773271918296814,0,1
0.7345942258834839,0.2534028887748718,-0.08624814450740814,0.7404840588569641,0.23561280965805054,-0.08930745720863342,0.7441101670265198,0.23428554832935333,-0.08936765044927597,0.7486079931259155,0.2325127273797989,-0.08942614495754242,0.7338821887969971,0.23821403086185455,-0.0683450922369957,0.7329136729240417,0.23863355815410614,-0.06839271634817123,0.7320369482040405,0.2391984462738037,-0.0684376209974289,0.7675403356552124,0.2346542328596115,-0.06788202375173569,0.7436079978942871,0.24379082024097443,0.029854724183678627,0.7453615069389343,0.2696261405944824,-0.075999915599823,0.7374644875526428,0.27043747901916504,-0.04739370942115784,0.811047375202179,0.3226681053638458,-0.06486357748508453,0.7385346293449402,0.33623868227005005,0.11529989540576935,0.8471342325210571,0.4613438844680786,-0.16146597266197205,0.7241137027740479,0.4535139203071594,0.10364315658807755,0.7793154120445251,0.41752922534942627,-0.25006505846977234,0.6971336007118225,0.43192431330680847,-0.08282780647277832,0.7570193409919739,0.4231160581111908,-0.2750375270843506,0.6862444877624512,0.4343843162059784,-0.11504457890987396,0.7537320852279663,0.4089096486568451,-0.2594137489795685,0.6875873804092407,0.428497314453125,-0.12523464858531952,0.7585995197296143,0.4088519215583801,-0.24202504754066467,0.6936768293380737,0.42974746227264404,-0.09378743171691895,0.7797378897666931,0.5699495673179626,-0.06771525740623474,0.737671971321106,0.5494041442871094,0.06793451309204102,0.6672938466072083,0.6197896599769592,-0.21946723759174347,0.639935314655304,0.5860875248908997,-0.10854528099298477,0.5555537939071655,0.7633762955665588,-0.31972572207450867,0.5351873636245728,0.6976342797279358,-0.2146216332912445,0.5488923192024231,0.8066167235374451,-0.33162921667099,0.52379310131073,0.7361693382263184,-0.2279164046049118,0.49744758009910583,0.7316314578056335,-0.4334980845451355,0.47374439239501953,0.6753448247909546,-0.30290502309799194,0,1
0.7143914699554443,0.24856838583946228,-0.10568233579397202,0.7214298248291016,0.2316351979970932,-0.10860030353069305,0.7254567742347717,0.23065245151519775,-0.10866852104663849,0.7298521995544434,0.22921153903007507,-0.1086917296051979,0.7164356112480164,0.23305833339691162,-0.0871458426117897,0.7159994840621948,0.23330599069595337,-0.08723807334899902,0.7156165838241577,0.23346233367919922,-0.08732643723487854,0.7478471994400024,0.23403844237327576,-0.09375383704900742,0.729431688785553,0.2408173382282257,0.003832894843071699,0.7218924760818481,0.26733195781707764,-0.09906221926212311,0.7162991166114807,0.26805034279823303,-0.07049717009067535,0.7951254844665527,0.3295670747756958,-0.10427532345056534,0.723829448223114,0.34368377923965454,0.08292193710803986,0.8269425630569458,0.4845106303691864,-0.21328958868980408,0.711952805519104,0.47300970554351807,0.08419262617826462,0.748934805393219,0.4177859127521515,-0.33143311738967896,0.6844519376754761,0.44970273971557617,-0.08395640552043915,0.7301400303840637,0.41998955607414246,-0.36466851830482483,0.6728779673576355,0.45007383823394775,-0.11256593465805054,0.7282838225364685,0.4051249325275421,-0.35126906633377075,0.6837221384048462,0.44238603115081787,-0.13160111010074615,0.7339329719543457,0.40628018975257874,-0.32693392038345337,0.6896505355834961,0.4426817297935486,-0.09859941899776459,0.7788459658622742,0.5732971429824829,-0.06902644038200378,0.7368201613426208,0.5575860142707825,0.06919528543949127,0.6646496057510376,0.6155844926834106,-0.24448080360889435,0.6390513181686401,0.5825380086898804,-0.1126025915145874,0.5631998777389526,0.7621387839317322,-0.333696186542511,0.5384405851364136,0.69753098487854,-0.20723482966423035,0.5527517199516296,0.805741548538208,-0.345108300447464,0.5310967564582825,0.7382005453109741,-0.21955367922782898,0.5091109275817871,0.7280672788619995,-0.4515937268733978,0.47484341263771057,0.669245183467865,-0.29620254039764404,0,1
0.6825841665267944,0.25574591755867004,-0.10296590626239777,0.6911834478378296,0.23834480345249176,-0.10521793365478516,0.6946678757667542,0.23815053701400757,-0.10522200167179108,0.6982484459877014,0.23788782954216003,-0.10518213361501694,0.6862927079200745,0.23843704164028168,-0.0830482468008995,0.6859909892082214,0.23849231004714966,-0.08314209431409836,0.6858951449394226,0.23845046758651733,-0.08322969824075699,0.7151883840560913,0.24762007594108582,-0.10043942928314209,0.6991534233093262,0.2466421127319336,-0.0028120665811002254,0.6893721222877502,0.2763364017009735,-0.10133615881204605,0.6841408014297485,0.27637535333633423,-0.07280564308166504,0.7564658522605896,0.3467307686805725,-0.15429149568080902,0.6859365701675415,0.35187965631484985,0.07848741859197617,0.7412087917327881,0.4924870431423187,-0.2153664380311966,0.6369978785514832,0.4695705473423004,0.10345189273357391,0.6558734178543091,0.49685028195381165,-0.29951876401901245,0.5868399739265442,0.46811527013778687,0.0076790982857346535,0.6372387409210205,0.5055538415908813,-0.3283969759941101,0.574131429195404,0.47212982177734375,-0.009553143754601479,0.6342049241065979,0.4917389452457428,-0.2909722924232483,0.5743389129638672,0.46981051564216614,-0.028998026624321938,0.6397140622138977,0.48823878169059753,-0.28065648674964905,0.5788182020187378,0.4695259630680084,-0.005355979315936565,0.7699233293533325,0.5733314752578735,-0.07275376468896866,0.7247660756111145,0.558837890625,0.07292096316814423,0.6586126685142517,0.5854346752166748,-0.25939664244651794,0.62989741563797,0.5592650771141052,-0.11383531242609024,0.5622695088386536,0.7568883895874023,-0.35400646924972534,0.5379994511604309,0.6961972713470459,-0.22435268759727478,0.552753746509552,0.7991281151771545,-0.3644372820854187,0.5376850366592407,0.7443797588348389,-0.23677201569080353,0.5059635043144226,0.7271356582641602,-0.45544567704200745,0.4764460027217865,0.6736087799072266,-0.2993215322494507,0,1
0.6446959376335144,0.26416701078414917,-0.2856464385986328,0.6537132263183594,0.24924339354038239,-0.28899186849594116,0.6572805643081665,0.24958163499832153,-0.28890177607536316,0.6616265177726746,0.24998438358306885,-0.2888091206550598,0.6480012536048889,0.24783335626125336,-0.2669396698474884,0.6473304033279419,0.24720071256160736,-0.2670755982398987,0.6467920541763306,0.24661390483379364,-0.2670920491218567,0.6800612211227417,0.26379624009132385,-0.26285725831985474,0.658403754234314,0.25583550333976746,-0.1650685966014862,0.6519347429275513,0.2867595851421356,-0.273754358291626,0.6452977657318115,0.2839314341545105,-0.24531638622283936,0.7073734402656555,0.35794007778167725,-0.3110281229019165,0.6546326279640198,0.35755014419555664,-0.023103253915905952,0.6342059373855591,0.4881804585456848,-0.3556520938873291,0.585618793964386,0.4513753354549408,0.024614017456769943,0.5517406463623047,0.5418925881385803,-0.34215205907821655,0.5169852375984192,0.5026751756668091,-0.035706713795661926,0.5354006290435791,0.5613312125205994,-0.37282660603523254,0.5030133128166199,0.5061231255531311,-0.030539697036147118,0.5305057764053345,0.5535427331924438,-0.36147812008857727,0.5014066696166992,0.5042601823806763,-0.06805111467838287,0.5343271493911743,0.5500360131263733,-0.33707040548324585,0.5083634853363037,0.5077756643295288,-0.05284801870584488,0.7523950338363647,0.5869178175926208,-0.09394185245037079,0.7175260782241821,0.5622195601463318,0.09383554011583328,0.6422685980796814,0.5405460000038147,-0.25311166048049927,0.6140702962875366,0.50826495885849,0.0185070913285017,0.5620352029800415,0.7168372869491577,-0.2791808247566223,0.5495601296424866,0.6789271831512451,-0.00699952244758606,0.5594801306724548,0.7715594172477722,-0.2834065556526184,0.5497118234634399,0.7207191586494446,-0.011578253470361233,0.49845799803733826,0.7026681303977966,-0.35927820205688477,0.4877730906009674,0.6756938099861145,-0.045543424785137177,0,1
0.6043118238449097,0.287994384765625,-0.21775659918785095,0.6122779846191406,0.26955410838127136,-0.23055267333984375,0.6155246496200562,0.2691005766391754,-0.2304898500442505,0.6192442774772644,0.2688983082771301,-0.23042912781238556,0.6080843210220337,0.26817786693573,-0.205020472407341,0.6079090237617493,0.2670843005180359,-0.2051645815372467,0.6077991127967834,0.26569637656211853,-0.2051946371793747,0.6371099948883057,0.28226804733276367,-0.2358817756175995,0.6227704882621765,0.2741156220436096,-0.12118611484766006,0.611783504486084,0.30811020731925964,-0.21592199802398682,0.6060274839401245,0.3055746853351593,-0.18261854350566864,0.6654387712478638,0.36790356040000916,-0.285994291305542,0.6352630853652954,0.36121666431427,0.004414956085383892,0.5729909539222717,0.474864661693573,-0.32353687286376953,0.5478729009628296,0.4481457471847534,0.04251447692513466,0.47519341111183167,0.5220102071762085,-0.3141842484474182,0.469943106174469,0.5040451884269714,-0.018407773226499557,0.4534875750541687,0.5303381681442261,-0.3518766462802887,0.45180583000183105,0.503164529800415,-0.013996792025864124,0.45215076208114624,0.5217023491859436,-0.33364787697792053,0.4504161477088928,0.5054534673690796,-0.05265268683433533,0.4584028124809265,0.5226629376411438,-0.3080412745475769,0.45695924758911133,0.5075278282165527,-0.03644387796521187,0.7407563328742981,0.5866082310676575,-0.0993703156709671,0.7146192789077759,0.5677677392959595,0.099256232380867,0.6197382211685181,0.5210679173469543,-0.2111545354127884,0.5948901176452637,0.4965556263923645,0.14626263082027435,0.5474265813827515,0.7069082260131836,-0.2033962905406952,0.5404924750328064,0.6798622012138367,0.18457570672035217,0.5486626625061035,0.769898533821106,-0.20378439128398895,0.5440058708190918,0.7229663133621216,0.18757787346839905,0.4807812571525574,0.6705449819564819,-0.26460573077201843,0.48612767457962036,0.6809914708137512,0.17225240170955658,0,1
0.5673806071281433,0.29775139689445496,-0.15881511569023132,0.5748510956764221,0.27956146001815796,-0.17292481660842896,0.5778060555458069,0.2789127230644226,-0.17293886840343475,0.5810138583183289,0.27840298414230347,-0.17295537889003754,0.5706110000610352,0.28047752380371094,-0.14813332259655,0.5703847408294678,0.2806343734264374,-0.1482124626636505,0.5702755451202393,0.280578076839447,-0.14817295968532562,0.5964714288711548,0.2894015312194824,-0.18985798954963684,0.5854591131210327,0.28649136424064636,-0.07217295467853546,0.5739109516143799,0.31742212176322937,-0.15872734785079956,0.5692073702812195,0.3170754015445709,-0.1260807365179062,0.6233490109443665,0.3700331449508667,-0.24634072184562683,0.6055718660354614,0.3732156455516815,0.05107706040143967,0.5257811546325684,0.4661248028278351,-0.2837560772895813,0.5195995569229126,0.451322466135025,0.07256826013326645,0.4303574562072754,0.5141233801841736,-0.2542009949684143,0.44081610441207886,0.4996706545352936,0.02899942174553871,0.40924423933029175,0.5258350372314453,-0.2912239134311676,0.42120447754859924,0.5032399892807007,0.03650600463151932,0.4067230820655823,0.517031192779541,-0.2648617923259735,0.4189786911010742,0.5031152963638306,0.0017884119879454374,0.4125864505767822,0.5159953832626343,-0.24588732421398163,0.42465609312057495,0.504442572593689,0.012652349658310413,0.7196228504180908,0.5874424576759338,-0.09679678082466125,0.6999051570892334,0.5779164433479309,0.09671514481306076,0.5941075086593628,0.495077908039093,-0.18213896453380585,0.5706911683082581,0.48889291286468506,0.14483590424060822,0.534997820854187,0.706060528755188,-0.16043499112129211,0.5283151865005493,0.6802286505699158,0.16920050978660583,0.5451337099075317,0.7672029137611389,-0.15952089428901672,0.535270094871521,0.7159666419029236,0.16995897889137268,0.4694238305091858,0.6788387894630432,-0.20902292430400848,0.4799242913722992,0.6838018894195557,0.1478566825389862,0,1
0.532805323600769,0.2988409996032715,-0.04698142409324646,0.5400667786598206,0.2801039516925812,-0.06517164409160614,0.5425400137901306,0.2799895703792572,-0.06522278487682343,0.5452220439910889,0.27999475598335266,-0.06525905430316925,0.5373380184173584,0.2803196907043457,-0.034452490508556366,0.5378835797309875,0.2800229489803314,-0.03451153635978699,0.538541853427887,0.27975258231163025,-0.034505102783441544,0.5621572732925415,0.2900077700614929,-0.10309259593486786,0.5546953082084656,0.287878155708313,0.03618433326482773,0.5394794344902039,0.3172324001789093,-0.058845508843660355,0.5360395312309265,0.3175717890262604,-0.018410678952932358,0.5868673324584961,0.3750390410423279,-0.17784027755260468,0.5698434710502625,0.39106079936027527,0.12640202045440674,0.48444777727127075,0.465169221162796,-0.23204655945301056,0.4799862504005432,0.4632614254951477,0.1389249563217163,0.3961101174354553,0.5175285339355469,-0.21201220154762268,0.39678019285202026,0.5200688242912292,0.09084316343069077,0.3768482208251953,0.531326413154602,-0.2520543038845062,0.37989166378974915,0.5285434722900391,0.09773541986942291,0.37463313341140747,0.5274006128311157,-0.22466039657592773,0.37884289026260376,0.5289689302444458,0.06354381889104843,0.38034167885780334,0.5259818434715271,-0.2035558670759201,0.3843650221824646,0.5307835936546326,0.0734480768442154,0.6936084628105164,0.5883098840713501,-0.09997627139091492,0.6763059496879578,0.5898228287696838,0.09992893785238266,0.572970449924469,0.48845744132995605,-0.19588378071784973,0.5532006025314331,0.4822535514831543,0.17856943607330322,0.5290170907974243,0.7093266248703003,-0.18651363253593445,0.5266201496124268,0.6876710057258606,0.2171773612499237,0.5414169430732727,0.7681374549865723,-0.18611109256744385,0.5353091955184937,0.7237265706062317,0.2190430611371994,0.4654384255409241,0.6944056749343872,-0.2375238835811615,0.47432059049606323,0.6968663334846497,0.19135312736034393,0,1
0.5048554539680481,0.30003809928894043,-0.0045680096372962,0.5115743279457092,0.2806891202926636,-0.02207893691956997,0.5141199231147766,0.2805190980434418,-0.022159984335303307,0.5170845985412598,0.2804969847202301,-0.022207334637641907,0.5083647966384888,0.28084897994995117,0.010016878135502338,0.5086172819137573,0.28058549761772156,0.009986592456698418,0.5090957880020142,0.280254989862442,0.009986172430217266,0.5348684787750244,0.2893999218940735,-0.05922403931617737,0.5281248688697815,0.2869080901145935,0.08519735932350159,0.5120530128479004,0.31864696741104126,-0.016558920964598656,0.5083439946174622,0.318739116191864,0.025309795513749123,0.5558081865310669,0.3771592974662781,-0.15752612054347992,0.546718418598175,0.4002663493156433,0.18872174620628357,0.45624226331710815,0.46472275257110596,-0.22899432480335236,0.4543232023715973,0.471763014793396,0.20224794745445251,0.3620392978191376,0.5208559632301331,-0.2034975290298462,0.3634982407093048,0.5281317234039307,0.15112009644508362,0.3402422070503235,0.5432328581809998,-0.23994538187980652,0.34487348794937134,0.542749285697937,0.1588391214609146,0.33852440118789673,0.5448148846626282,-0.21275845170021057,0.3433437943458557,0.5467897057533264,0.1293592005968094,0.34519723057746887,0.5396360754966736,-0.19412389397621155,0.3507477641105652,0.5446861386299133,0.1344335377216339,0.670842170715332,0.5916576981544495,-0.11028523743152618,0.6535746455192566,0.6015267968177795,0.11016696691513062,0.5495921969413757,0.48958536982536316,-0.19682055711746216,0.5332685112953186,0.48776698112487793,0.23384451866149902,0.5237797498703003,0.7163814902305603,-0.1517183631658554,0.5261045694351196,0.7048167586326599,0.3064615726470947,0.5350847840309143,0.774262547492981,-0.14708247780799866,0.5353628396987915,0.7338863611221313,0.3118610978126526,0.455994188785553,0.7180252075195312,-0.1920998990535736,0.4729306697845459,0.7086086273193359,0.2897385358810425,0,1
0.4858226776123047,0.2985213100910187,-0.03568616881966591,0.4926914572715759,0.2798253893852234,-0.04967436566948891,0.49546018242836,0.2796849012374878,-0.049755483865737915,0.4985501766204834,0.27949410676956177,-0.04982054978609085,0.48898133635520935,0.27974528074264526,-0.017210789024829865,0.4892442226409912,0.2795095145702362,-0.017247486859560013,0.48977380990982056,0.27908679842948914,-0.01724650338292122,0.5161574482917786,0.28737691044807434,-0.07142229378223419,0.507602870464325,0.2846418619155884,0.07592947781085968,0.49349159002304077,0.3182436525821686,-0.04262002184987068,0.48955878615379333,0.31847164034843445,-8.76131234690547e-05,0.539239764213562,0.37657296657562256,-0.16861514747142792,0.5273839235305786,0.3981536328792572,0.18794457614421844,0.4362955689430237,0.4645891785621643,-0.2412620335817337,0.4366903305053711,0.47285300493240356,0.19838185608386993,0.33957964181900024,0.5239624381065369,-0.21802306175231934,0.34208887815475464,0.5265903472900391,0.13174770772457123,0.31641197204589844,0.5474921464920044,-0.25159385800361633,0.32273775339126587,0.5412756204605103,0.1364542692899704,0.3151842951774597,0.5481123328208923,-0.22947721183300018,0.321550577878952,0.5450145602226257,0.10391415655612946,0.3230263590812683,0.5410385727882385,-0.20952701568603516,0.32836464047431946,0.5420160889625549,0.113411083817482,0.6485013365745544,0.5937186479568481,-0.11460632085800171,0.632924497127533,0.6083254218101501,0.11445005983114243,0.5272242426872253,0.483900249004364,-0.17778579890727997,0.520578145980835,0.48634830117225647,0.21844765543937683,0.5268183946609497,0.7164657711982727,-0.10084384679794312,0.5273672342300415,0.7061777114868164,0.2961084246635437,0.5407267808914185,0.7786608934402466,-0.09333843737840652,0.5411676168441772,0.7371320724487305,0.30210477113723755,0.4602687358856201,0.7295960187911987,-0.12862567603588104,0.48383039236068726,0.7386783361434937,0.2787763774394989,0,1
0.4743116796016693,0.2882360816001892,-0.10794015228748322,0.4819343090057373,0.2715722620487213,-0.128667414188385,0.48462891578674316,0.2717638313770294,-0.1287505179643631,0.48778462409973145,0.27201327681541443,-0.12881672382354736,0.47921934723854065,0.27028268575668335,-0.0915883481502533,0.47988733649253845,0.26980388164520264,-0.09163762629032135,0.4809037148952484,0.269203782081604,-0.09165427833795547,0.505267322063446,0.2812030613422394,-0.16649176180362701,0.49925151467323303,0.27710625529289246,0.0001265598984900862,0.4805634617805481,0.3082493543624878,-0.12055190652608871,0.4780685305595398,0.30656686425209045,-0.07212550938129425,0.5262947082519531,0.375963032245636,-0.25621268153190613,0.5139832496643066,0.3859415352344513,0.10896684229373932,0.4216043949127197,0.4640745520591736,-0.33807265758514404,0.4188615679740906,0.4723578989505768,0.10538159310817719,0.3216579854488373,0.5258545279502869,-0.3272758722305298,0.32176515460014343,0.526660680770874,0.020246295258402824,0.29924431443214417,0.5514719486236572,-0.3804853558540344,0.2996044456958771,0.5427227020263672,0.013873746618628502,0.29735130071640015,0.5507147908210754,-0.35511428117752075,0.2990257740020752,0.5479328036308289,-0.02612129971385002,0.30286210775375366,0.5459827184677124,-0.32098838686943054,0.3043816387653351,0.5465977787971497,-0.0025940625928342342,0.6325311064720154,0.597019612789154,-0.11661583185195923,0.6169987320899963,0.6055729985237122,0.11653411388397217,0.5033342242240906,0.4787042438983917,-0.15767863392829895,0.498340904712677,0.4782881438732147,0.22696605324745178,0.5318965911865234,0.7035173773765564,-0.042021967470645905,0.5308018326759338,0.680356502532959,0.3524111211299896,0.5482402443885803,0.7593586444854736,-0.031651996076107025,0.5504385828971863,0.7110357880592346,0.36336395144462585,0.4710110127925873,0.7169138789176941,-0.06775976717472076,0.4961739182472229,0.7185429930686951,0.34243327379226685,0,1
0.47130852937698364,0.27861592173576355,-0.09002471715211868,0.47959548234939575,0.2639480233192444,-0.12401523441076279,0.4822244644165039,0.26406681537628174,-0.12431454658508301,0.48506516218185425,0.2640887200832367,-0.12458799034357071,0.47705286741256714,0.26269784569740295,-0.06892772763967514,0.4778355658054352,0.2622431516647339,-0.06892289221286774,0.4788815379142761,0.2616777718067169,-0.06891117990016937,0.5012832880020142,0.27260082960128784,-0.144130676984787,0.49589666724205017,0.2699947655200958,0.03314204514026642,0.47680044174194336,0.29911795258522034,-0.11637075990438461,0.47370338439941406,0.2986207604408264,-0.04883323982357979,0.5158500075340271,0.37579989433288574,-0.2387174814939499,0.5145970582962036,0.37887802720069885,0.14856846630573273,0.4160330891609192,0.4640927314758301,-0.32014888525009155,0.41980862617492676,0.47215449810028076,0.14709702134132385,0.3170774579048157,0.5255702137947083,-0.30341026186943054,0.32323604822158813,0.525606095790863,0.03309264034032822,0.29681822657585144,0.5510181188583374,-0.3562375605106354,0.3050555884838104,0.5424169898033142,0.03214907646179199,0.2950419783592224,0.5524953007698059,-0.32688412070274353,0.3033066391944885,0.5458636283874512,0.008099743165075779,0.30009937286376953,0.5479106307029724,-0.295271098613739,0.3059675991535187,0.5448204278945923,0.01660655066370964,0.6219184398651123,0.6011605262756348,-0.12370409071445465,0.6133191585540771,0.6044215559959412,0.12361781299114227,0.49021968245506287,0.47819849848747253,-0.1366596817970276,0.4880530834197998,0.4722967743873596,0.2504536509513855,0.5315510034561157,0.7004939317703247,0.03373374417424202,0.5312157273292542,0.6809526681900024,0.3947259485721588,0.5516413450241089,0.7448201775550842,0.05104612559080124,0.5515004396438599,0.7085970044136047,0.4078153967857361,0.48290055990219116,0.7165489196777344,0.04348234087228775,0.5046300888061523,0.714250922203064,0.3940938115119934,0,1
0.4717171788215637,0.2761518061161041,-0.08709601312875748,0.4801277220249176,0.2615157961845398,-0.11132092773914337,0.4827861785888672,0.26167944073677063,-0.11146577447652817,0.485647052526474,0.26173365116119385,-0.11158861219882965,0.4776031970977783,0.2603277564048767,-0.06785137951374054,0.47837501764297485,0.2599939703941345,-0.06787151098251343,0.4794129729270935,0.25953078269958496,-0.06787984073162079,0.5020998120307922,0.27089619636535645,-0.1447271853685379,0.4962213635444641,0.26815685629844666,0.032521169632673264,0.4774227738380432,0.296793669462204,-0.10367492586374283,0.47410497069358826,0.2961338460445404,-0.048249561339616776,0.5181055665016174,0.3731374442577362,-0.2402159720659256,0.5136104226112366,0.37768301367759705,0.1472102403640747,0.4168321192264557,0.4657325744628906,-0.3181784749031067,0.4218686521053314,0.4717276990413666,0.1496969759464264,0.32045963406562805,0.5330782532691956,-0.3071024417877197,0.32937926054000854,0.5309481024742126,0.037599511444568634,0.2974124252796173,0.559627890586853,-0.3593994975090027,0.30734798312187195,0.549643337726593,0.0467446967959404,0.2959775924682617,0.5640950798988342,-0.3326548933982849,0.3063359558582306,0.5559715628623962,0.01698170229792595,0.3024635910987854,0.5587505102157593,-0.2994568645954132,0.31193384528160095,0.5537225008010864,0.026913220062851906,0.6201457381248474,0.6010055541992188,-0.12241576611995697,0.6113994121551514,0.6039531230926514,0.12231612205505371,0.48796892166137695,0.47806817293167114,-0.1478530913591385,0.48914891481399536,0.4730502665042877,0.27986276149749756,0.5208687782287598,0.7003871202468872,-0.02172434888780117,0.5240224003791809,0.6848481893539429,0.4089673161506653,0.5433593988418579,0.7481690049171448,-0.009210738353431225,0.5454416871070862,0.7056574821472168,0.4207064211368561,0.4688261151313782,0.7163561582565308,0.029127314686775208,0.4985376298427582,0.7092326879501343,0.39895254373550415,0,1
0.47556671500205994,0.2759861350059509,-0.19057133793830872,0.48388758301734924,0.260998010635376,-0.20880766212940216,0.48664140701293945,0.26104849576950073,-0.20886556804180145,0.48967623710632324,0.2610107958316803,-0.2089414894580841,0.4812089502811432,0.26020950078964233,-0.17163679003715515,0.4819105565547943,0.2598145008087158,-0.1716892421245575,0.4828154146671295,0.2593133747577667,-0.17168347537517548,0.5060907602310181,0.2697937786579132,-0.22663769125938416,0.49927201867103577,0.26740050315856934,-0.05981878563761711,0.4811709523200989,0.29591983556747437,-0.19484920799732208,0.47760000824928284,0.2961719036102295,-0.1461797058582306,0.5211687684059143,0.3766801655292511,-0.305659681558609,0.5140155553817749,0.372641921043396,0.0743773952126503,0.4217982292175293,0.47619158029556274,-0.3846641182899475,0.4243430197238922,0.46170201897621155,0.07377132028341293,0.32074812054634094,0.5429685115814209,-0.37724193930625916,0.3304134011268616,0.5305194854736328,-0.025081466883420944,0.29811984300613403,0.5674161314964294,-0.4375494122505188,0.30803805589675903,0.5441012382507324,-0.031936656683683395,0.29724496603012085,0.5644155144691467,-0.4092196524143219,0.3064304292201996,0.5491108298301697,-0.07711087912321091,0.30316317081451416,0.5604574084281921,-0.3703010678291321,0.3126180171966553,0.548562228679657,-0.04885061830282211,0.6230641603469849,0.6029168367385864,-0.12342653423547745,0.613448977470398,0.5985704660415649,0.12330977618694305,0.4885268211364746,0.47524067759513855,-0.15108339488506317,0.47872596979141235,0.45538684725761414,0.26020368933677673,0.5247467160224915,0.7008626461029053,-0.00919596292078495,0.5245791673660278,0.6805043816566467,0.3912413716316223,0.5439990162849426,0.7349588871002197,0.005868806503713131,0.5477811694145203,0.6983782052993774,0.404045969247818,0.4731762409210205,0.712095320224762,-0.0035676590632647276,0.49883657693862915,0.7062413692474365,0.39665713906288147,0,1
0.48888272047042847,0.273399293422699,-0.14546939730644226,0.49815431237220764,0.25656658411026,-0.16488057374954224,0.5008222460746765,0.2563944160938263,-0.1649322807788849,0.5037810206413269,0.25648021697998047,-0.1650068312883377,0.495678186416626,0.2559449374675751,-0.13292723894119263,0.4962769150733948,0.2552017271518707,-0.133036807179451,0.4969477653503418,0.2543327808380127,-0.13290849328041077,0.5184725522994995,0.2670498192310333,-0.1916811168193817,0.5119206309318542,0.26365870237350464,-0.05545130372047424,0.4938121438026428,0.2920316159725189,-0.152077317237854,0.48959416151046753,0.29230818152427673,-0.10888282209634781,0.5357946157455444,0.37449657917022705,-0.26001667976379395,0.5287965536117554,0.3693791329860687,0.09367801249027252,0.4407173693180084,0.4757203757762909,-0.3211860954761505,0.4385944902896881,0.45505043864250183,0.10762689262628555,0.3416723906993866,0.5410510301589966,-0.3154509961605072,0.3511418402194977,0.5112876296043396,-0.006889272481203079,0.31987154483795166,0.5619194507598877,-0.3714952766895294,0.32891929149627686,0.5221484303474426,-0.010545225813984871,0.31724104285240173,0.55540531873703,-0.34293127059936523,0.3271389603614807,0.5242071151733398,-0.05150217562913895,0.32372182607650757,0.5505337715148926,-0.30800601840019226,0.33413949608802795,0.5243818759918213,-0.0376197025179863,0.6286895871162415,0.6030316352844238,-0.11982415616512299,0.6176981925964355,0.5984431505203247,0.11980164051055908,0.4898760914802551,0.4730663001537323,-0.1214364767074585,0.48412442207336426,0.4523466229438782,0.1710566282272339,0.5254440903663635,0.7047037482261658,0.04323965311050415,0.5248845815658569,0.6813627481460571,0.28589773178100586,0.53742516040802,0.7376863360404968,0.059193599969148636,0.5479049682617188,0.7043230533599854,0.2963940501213074,0.47217535972595215,0.7090355157852173,0.05048856884241104,0.4986630976200104,0.7136053442955017,0.2834867537021637,0,1
0.5219956040382385,0.25978508591651917,-0.16457891464233398,0.5309425592422485,0.24188578128814697,-0.17251673340797424,0.5341039896011353,0.24243450164794922,-0.17256352305412292,0.5376589298248291,0.2430928498506546,-0.17260369658470154,0.5272983312606812,0.24109552800655365,-0.14392492175102234,0.5274010300636292,0.24064233899116516,-0.1440313160419464,0.527704119682312,0.24009281396865845,-0.14402952790260315,0.5532177686691284,0.2576233446598053,-0.17074643075466156,0.5420728921890259,0.25332561135292053,-0.036225326359272,0.5270580053329468,0.2836809456348419,-0.15976828336715698,0.522483229637146,0.2822628915309906,-0.12209461629390717,0.575300931930542,0.3659078776836395,-0.23699474334716797,0.5497710108757019,0.36318978667259216,0.08687566965818405,0.4877343773841858,0.4723735749721527,-0.3006117045879364,0.47148609161376953,0.4500187635421753,0.101639524102211,0.38747644424438477,0.5239056348800659,-0.3055344820022583,0.3891494870185852,0.49975502490997314,0.009115610271692276,0.36715570092201233,0.5424135327339172,-0.3550432622432709,0.36730116605758667,0.5043201446533203,0.005462124943733215,0.36394524574279785,0.5314979553222656,-0.3316807746887207,0.36666205525398254,0.5069531202316284,-0.035717252641916275,0.3707244396209717,0.5271809697151184,-0.29973798990249634,0.37398332357406616,0.5084486603736877,-0.013849688693881035,0.6536566019058228,0.6007192134857178,-0.11127805709838867,0.6317398548126221,0.5938730239868164,0.11106382310390472,0.5264298915863037,0.4673507809638977,-0.15697872638702393,0.510044276714325,0.45326194167137146,0.14832140505313873,0.5257734060287476,0.696139931678772,-0.06272301077842712,0.5230487585067749,0.6783686876296997,0.19006316363811493,0.5378966927528381,0.7438157796859741,-0.0538783073425293,0.5411595702171326,0.7055917382240295,0.19275499880313873,0.46983927488327026,0.7029825448989868,-0.08724496513605118,0.47756296396255493,0.7048892974853516,0.17031118273735046,0,1
0.5627099871635437,0.24833622574806213,-0.14450523257255554,0.5711279511451721,0.23069196939468384,-0.14507871866226196,0.5743845701217651,0.2305191606283188,-0.14511387050151825,0.5777839422225952,0.23025082051753998,-0.1451146900653839,0.5661486983299255,0.22994649410247803,-0.12195410579442978,0.5656859874725342,0.22955627739429474,-0.12208802998065948,0.565414309501648,0.2290974259376526,-0.12211434543132782,0.5949367880821228,0.243857741355896,-0.12831583619117737,0.5795019865036011,0.23938800394535065,-0.013565401546657085,0.5693132877349854,0.2724377512931824,-0.13332560658454895,0.5642010569572449,0.27098849415779114,-0.10288368165493011,0.6226279139518738,0.3494334816932678,-0.2024921178817749,0.5797638893127441,0.3619532585144043,0.09837369620800018,0.5347718000411987,0.4593968987464905,-0.26397350430488586,0.5119389295578003,0.44049936532974243,0.13325248658657074,0.44117504358291626,0.49324867129325867,-0.26501917839050293,0.4378984570503235,0.4825560748577118,0.055137358605861664,0.42133402824401855,0.5144280195236206,-0.3061377704143524,0.41728129982948303,0.4914952516555786,0.053953371942043304,0.41819852590560913,0.5067797303199768,-0.2842959761619568,0.415205180644989,0.4928937554359436,0.015765026211738586,0.4261187016963959,0.5010243058204651,-0.25882452726364136,0.4238148331642151,0.49286702275276184,0.0353381372988224,0.682483971118927,0.5959768295288086,-0.10991169512271881,0.650676429271698,0.5931978225708008,0.10966198146343231,0.5610232353210449,0.47396689653396606,-0.21164758503437042,0.5329645872116089,0.4622737467288971,0.12579679489135742,0.5258883237838745,0.7177636027336121,-0.18541400134563446,0.5159961581230164,0.7033942937850952,0.11261732876300812,0.5379640460014343,0.772607147693634,-0.18251995742321014,0.5236806869506836,0.7427958250045776,0.1098790168762207,0.45205897092819214,0.7227996587753296,-0.2298036813735962,0.46500977873802185,0.7146919369697571,0.07847855985164642,0,1
0.607239305973053,0.23972977697849274,-0.1986285150051117,0.6159029006958008,0.2225365936756134,-0.20025038719177246,0.6193534135818481,0.22232723236083984,-0.2002560794353485,0.623184084892273,0.22254155576229095,-0.20024509727954865,0.6099640727043152,0.22100643813610077,-0.17623242735862732,0.6090502738952637,0.22040875256061554,-0.17635005712509155,0.6083027124404907,0.21973204612731934,-0.1763608306646347,0.6399590969085693,0.2362060695886612,-0.17086941003799438,0.6211299896240234,0.22956983745098114,-0.06192361190915108,0.614063560962677,0.2634396553039551,-0.18721173703670502,0.607502281665802,0.2613358497619629,-0.1552257537841797,0.6666100025177002,0.34173813462257385,-0.2374027967453003,0.6159185767173767,0.3500537574291229,0.055198393762111664,0.5820931196212769,0.42724156379699707,-0.32495036721229553,0.5481339693069458,0.4152092933654785,0.07716432958841324,0.4904569089412689,0.4511556029319763,-0.33517929911613464,0.4776977002620697,0.45382386445999146,-0.013956417329609394,0.46841567754745483,0.46956586837768555,-0.3775652050971985,0.4597226083278656,0.4627574384212494,-0.022870060056447983,0.46676260232925415,0.46685728430747986,-0.3590237498283386,0.4603566527366638,0.46543633937835693,-0.0591551773250103,0.4731329381465912,0.46513256430625916,-0.330867201089859,0.46767473220825195,0.4655764698982239,-0.03401960805058479,0.7082291841506958,0.5932600498199463,-0.10900161415338516,0.6745991110801697,0.5869043469429016,0.10874221473932266,0.5865182876586914,0.48204469680786133,-0.257453590631485,0.5503206849098206,0.49831080436706543,0.09578017145395279,0.5339354276657104,0.725182831287384,-0.27159053087234497,0.5169389843940735,0.7010107040405273,0.06540754437446594,0.5392897129058838,0.7817485332489014,-0.27314630150794983,0.523807168006897,0.7431648373603821,0.06043386459350586,0.4555630087852478,0.7303727865219116,-0.3412264287471771,0.4670327603816986,0.7166690230369568,0.01964621990919113,0,1
0.650518536567688,0.23280546069145203,-0.2811293601989746,0.6602429151535034,0.2151462733745575,-0.2736143469810486,0.6640784740447998,0.21501469612121582,-0.27358677983283997,0.6681593656539917,0.21497684717178345,-0.2735547423362732,0.6527500748634338,0.21451880037784576,-0.25267449021339417,0.6515802145004272,0.21405330300331116,-0.2527832090854645,0.650397777557373,0.21358470618724823,-0.25277504324913025,0.6835745573043823,0.2292642593383789,-0.20583117008209229,0.6618828177452087,0.22194427251815796,-0.11016514152288437,0.6579592823982239,0.2559668719768524,-0.2555348575115204,0.6502494215965271,0.2547655701637268,-0.2275749146938324,0.7075356245040894,0.33291104435920715,-0.26416319608688354,0.6511877179145813,0.33611008524894714,0.04994162917137146,0.6323280930519104,0.4067222476005554,-0.3468983471393585,0.5889584422111511,0.3926938772201538,0.0960664227604866,0.5438442826271057,0.43772223591804504,-0.3771600127220154,0.5259729027748108,0.4398077130317688,-0.012660682201385498,0.5246536731719971,0.4548652172088623,-0.42025718092918396,0.5104957818984985,0.4521341025829315,-0.015706032514572144,0.521666407585144,0.4536186754703522,-0.4059280753135681,0.5102484226226807,0.4533052146434784,-0.0519973561167717,0.5275434255599976,0.4507625102996826,-0.3733101785182953,0.516703724861145,0.4517531096935272,-0.029967602342367172,0.733352780342102,0.5803973078727722,-0.11589093506336212,0.6997030377388,0.5676797032356262,0.1156236082315445,0.6055594086647034,0.5058367252349854,-0.259899377822876,0.5805961489677429,0.49239400029182434,0.09094749391078949,0.5415603518486023,0.7251198887825012,-0.2628188729286194,0.5241920351982117,0.6991574764251709,0.09414907544851303,0.5437690615653992,0.7788856625556946,-0.26474684476852417,0.5285540819168091,0.7388628721237183,0.09164389222860336,0.47433143854141235,0.7205327153205872,-0.3382527530193329,0.46797338128089905,0.701526403427124,0.052299510687589645,0,1
0.6883153319358826,0.2348547875881195,-0.18408721685409546,0.6978994607925415,0.21729676425457,-0.17552995681762695,0.702711284160614,0.21700850129127502,-0.17550870776176453,0.7079669833183289,0.21692748367786407,-0.17548517882823944,0.6900097131729126,0.21698877215385437,-0.16048745810985565,0.6883475184440613,0.21654190123081207,-0.16059157252311707,0.6866986155509949,0.21604253351688385,-0.16060099005699158,0.7222451567649841,0.22919629514217377,-0.11723367869853973,0.6959566473960876,0.2243300825357437,-0.04573732987046242,0.6958959102630615,0.25632452964782715,-0.16172708570957184,0.6882079243659973,0.2548239529132843,-0.14176152646541595,0.7483814358711243,0.32182741165161133,-0.19001464545726776,0.684337317943573,0.3319266736507416,0.07974985241889954,0.6810980439186096,0.4037054777145386,-0.2994083762168884,0.6224890947341919,0.3938341736793518,0.09673196822404861,0.5954068899154663,0.43257495760917664,-0.35605648159980774,0.5550788640975952,0.4301546812057495,-0.036550842225551605,0.5761934518814087,0.4491986036300659,-0.4004003405570984,0.5353702306747437,0.44026222825050354,-0.0526464506983757,0.5697628855705261,0.4447016716003418,-0.38284263014793396,0.53768390417099,0.43975451588630676,-0.08133134990930557,0.5765113830566406,0.44163158535957336,-0.3504602015018463,0.5462771654129028,0.4396458566188812,-0.05452496558427811,0.7550207376480103,0.57415771484375,-0.1006547212600708,0.7170573472976685,0.5615652203559875,0.10046930611133575,0.6262882947921753,0.5354683995246887,-0.2127418965101242,0.6053178906440735,0.5182387232780457,0.033477842807769775,0.5477238297462463,0.7253556251525879,-0.22953811287879944,0.528347909450531,0.7009086012840271,-0.017430294305086136,0.5498887896537781,0.780781626701355,-0.23175117373466492,0.529146134853363,0.7455233931541443,-0.025406083092093468,0.49618691205978394,0.7222970724105835,-0.29658210277557373,0.4676716923713684,0.6959488987922668,-0.07139867544174194,0,1
0.7222297787666321,0.2422824651002884,0.007581041194498539,0.7296246290206909,0.2273484617471695,0.008394700475037098,0.7333513498306274,0.22652395069599152,0.008437976241111755,0.7379790544509888,0.2256123274564743,0.008481325581669807,0.722959041595459,0.22810368239879608,0.02667795680463314,0.7217280268669128,0.2281113713979721,0.026601826772093773,0.7205547094345093,0.22796306014060974,0.02652377262711525,0.7553271055221558,0.2323577105998993,0.03449219837784767,0.7297624349594116,0.23188018798828125,0.11824236810207367,0.7311969995498657,0.2636741101741791,0.017880404368042946,0.7234460711479187,0.26233237981796265,0.042045239359140396,0.7852487564086914,0.3212055563926697,-0.0578177347779274,0.7145786881446838,0.33233532309532166,0.19705471396446228,0.7248247265815735,0.39793509244918823,-0.1875450313091278,0.6589194536209106,0.39535459876060486,0.20581106841564178,0.6474559903144836,0.41792792081832886,-0.25219452381134033,0.5937778949737549,0.42272627353668213,0.09651356935501099,0.6218127608299255,0.433390736579895,-0.2787492275238037,0.571240246295929,0.4373622536659241,0.0817902535200119,0.6189377307891846,0.4285465180873871,-0.27158358693122864,0.5725517272949219,0.43417268991470337,0.05903216451406479,0.626949667930603,0.4259031414985657,-0.24932196736335754,0.5798829793930054,0.4312676787376404,0.08101336658000946,0.7721168994903564,0.5714176893234253,-0.09278502315282822,0.7302263379096985,0.5570869445800781,0.0926252156496048,0.639851450920105,0.5651648640632629,-0.20511063933372498,0.6146458387374878,0.5429069399833679,-0.03556809201836586,0.5506566166877747,0.7394796013832092,-0.28281235694885254,0.5254135727882385,0.7004103660583496,-0.1232614666223526,0.5494180917739868,0.7878336310386658,-0.28968459367752075,0.5227866172790527,0.7443578243255615,-0.13257700204849243,0.49607276916503906,0.7337706685066223,-0.36343544721603394,0.4644237458705902,0.6843459606170654,-0.18845143914222717,0,1
0.7476878762245178,0.270283043384552,0.09932646155357361,0.7538958191871643,0.2535315752029419,0.1009247899055481,0.7579787373542786,0.2521308660507202,0.10095886141061783,0.7622030973434448,0.24980680644512177,0.10099772363901138,0.746732234954834,0.2548353970050812,0.1206851378083229,0.7455551028251648,0.25477156043052673,0.1205819696187973,0.7445382475852966,0.2547295391559601,0.12051389366388321,0.7796942591667175,0.24761591851711273,0.12382904440164566,0.7555066347122192,0.2539363503456116,0.21307575702667236,0.7591235637664795,0.2872503697872162,0.10782070457935333,0.750086784362793,0.28772780299186707,0.13372613489627838,0.8140185475349426,0.3234139680862427,0.031143199652433395,0.7415881156921387,0.33298206329345703,0.2579221725463867,0.7685173749923706,0.405917227268219,-0.11878380924463272,0.6885783076286316,0.3965373635292053,0.2162580043077469,0.6887825727462769,0.4102023243904114,-0.20913255214691162,0.6280009150505066,0.42133715748786926,0.06115429475903511,0.6671932935714722,0.419983446598053,-0.23926715552806854,0.6100565195083618,0.4298016130924225,0.05865936353802681,0.6656726598739624,0.4148055613040924,-0.2327485829591751,0.6140021085739136,0.4259047210216522,0.018135542050004005,0.6746488213539124,0.41410407423973083,-0.20723876357078552,0.6209097504615784,0.42577365040779114,0.04486485570669174,0.7815939784049988,0.5772092342376709,-0.08264236152172089,0.7382797002792358,0.5588210821151733,0.08256939053535461,0.6534591317176819,0.6035189032554626,-0.18025155365467072,0.6311119198799133,0.575995147228241,-0.04997466132044792,0.5527086853981018,0.7579820156097412,-0.2809080481529236,0.5281985402107239,0.6996262669563293,-0.1426510363817215,0.5492178797721863,0.7981905341148376,-0.29050737619400024,0.5232670307159424,0.7429761290550232,-0.15292607247829437,0.49467888474464417,0.7373323440551758,-0.37269651889801025,0.4706222414970398,0.6834641695022583,-0.21291129291057587,0,1
0.7517163157463074,0.28174716234207153,0.05384630709886551,0.7568989396095276,0.26345914602279663,0.05061483383178711,0.760574221611023,0.26109737157821655,0.05057952553033829,0.7646210789680481,0.257870078086853,0.050528667867183685,0.7515141367912292,0.2659694254398346,0.07259932160377502,0.7508271336555481,0.2659066617488861,0.07258032262325287,0.7502420544624329,0.2658647894859314,0.07250165939331055,0.7839677333831787,0.25253498554229736,0.05658533051609993,0.7639226317405701,0.26144492626190186,0.15761597454547882,0.7613509893417358,0.2938556969165802,0.05641868710517883,0.7551339864730835,0.29637497663497925,0.08608735352754593,0.8269301652908325,0.3266473412513733,0.004969625733792782,0.7510036826133728,0.33703675866127014,0.20323297381401062,0.8095821142196655,0.45689553022384644,-0.060774702578783035,0.7092994451522827,0.43236470222473145,0.20125940442085266,0.7340957522392273,0.41185829043388367,-0.09239459782838821,0.6664642691612244,0.4230789542198181,0.018739396706223488,0.7153144478797913,0.42737817764282227,-0.10920961201190948,0.6540127396583557,0.4329865872859955,-0.012661603279411793,0.7136987447738647,0.4199811816215515,-0.10763778537511826,0.6551265716552734,0.4298173189163208,-0.02603895030915737,0.722283661365509,0.41943368315696716,-0.08982274681329727,0.6609072685241699,0.4294661581516266,0.0063625723123550415,0.7824212908744812,0.5719870924949646,-0.0677652508020401,0.7379456162452698,0.5506592988967896,0.06796423345804214,0.6623685956001282,0.61616051197052,-0.18854491412639618,0.642386257648468,0.5885079503059387,-0.09911978989839554,0.5540127158164978,0.7562102675437927,-0.34932324290275574,0.532673180103302,0.6988732218742371,-0.24405057728290558,0.5491353273391724,0.8007057309150696,-0.3637101948261261,0.5236808061599731,0.7351776361465454,-0.26008886098861694,0.49137577414512634,0.7364717125892639,-0.44944509863853455,0.4705880582332611,0.6685152649879456,-0.32357946038246155,0,1
0.7353753447532654,0.2647164463996887,-0.001128873904235661,0.7412230968475342,0.24600259959697723,-0.010037974454462528,0.7448986768722534,0.24369792640209198,-0.010066740214824677,0.7491990327835083,0.24094195663928986,-0.010129665024578571,0.7359697818756104,0.2493998259305954,0.013122312724590302,0.7353795170783997,0.24958446621894836,0.013092990033328533,0.7349026203155518,0.2500106394290924,0.012996089644730091,0.7685116529464722,0.2385231852531433,-0.009874009527266026,0.7481286525726318,0.2509106397628784,0.09630613774061203,0.7452492117881775,0.27828213572502136,6.032827513990924e-05,0.7385330200195312,0.28066784143447876,0.03198821097612381,0.8155863881111145,0.3223210573196411,-0.02459239587187767,0.7391525506973267,0.33254730701446533,0.15300941467285156,0.839537501335144,0.46801796555519104,-0.08779571950435638,0.7191727757453918,0.4443497061729431,0.1441940814256668,0.772964596748352,0.4284098446369171,-0.1285909116268158,0.6928352117538452,0.42736202478408813,-0.017199162393808365,0.7515748143196106,0.4344002902507782,-0.144624263048172,0.6838994026184082,0.4364040493965149,-0.04720675200223923,0.7514623403549194,0.422345906496048,-0.13533681631088257,0.6880255341529846,0.4310604929924011,-0.05489896610379219,0.7535034418106079,0.42206111550331116,-0.12166819721460342,0.6914843916893005,0.4296426475048065,-0.026432236656546593,0.7817344069480896,0.5703787207603455,-0.06926804035902023,0.737000584602356,0.5509369373321533,0.06943757086992264,0.6710739135742188,0.6181760430335999,-0.20362481474876404,0.6427428126335144,0.5806009769439697,-0.10329271852970123,0.5577762126922607,0.7623231410980225,-0.3308850824832916,0.5296212434768677,0.699633777141571,-0.23347410559654236,0.5491751432418823,0.8051861524581909,-0.34334638714790344,0.5190287232398987,0.7374988198280334,-0.2480916529893875,0.49334803223609924,0.7367595434188843,-0.43138784170150757,0.47033295035362244,0.6711602807044983,-0.31183770298957825,0,1
0.7118027210235596,0.2572955787181854,-0.04289286583662033,0.7197043299674988,0.23924772441387177,-0.04482855275273323,0.7232013940811157,0.23721960186958313,-0.04486659914255142,0.727550208568573,0.23491032421588898,-0.04489828646183014,0.71380215883255,0.24155178666114807,-0.02422912046313286,0.713204026222229,0.24176734685897827,-0.024315135553479195,0.7128804922103882,0.24192167818546295,-0.02443486452102661,0.7467512488365173,0.23644790053367615,-0.027990523725748062,0.7266899943351746,0.24498939514160156,0.06694480031728745,0.7209006547927856,0.2718474566936493,-0.03538911044597626,0.7152293920516968,0.27349621057510376,-0.007681909017264843,0.8004403114318848,0.3309127688407898,-0.037894345819950104,0.7206036448478699,0.3339409828186035,0.12865296006202698,0.8075436353683472,0.48707038164138794,-0.12069292366504669,0.706037700176239,0.4684927761554718,0.10457172244787216,0.7377283573150635,0.4288366138935089,-0.21015505492687225,0.6637731194496155,0.4452325701713562,-0.08749331533908844,0.7152072191238403,0.4328525960445404,-0.2343452423810959,0.6511343717575073,0.4460180401802063,-0.12366211414337158,0.7137388586997986,0.42067375779151917,-0.22421419620513916,0.6536575555801392,0.4388352632522583,-0.13562461733818054,0.7196165919303894,0.4210057258605957,-0.2047310322523117,0.6588197946548462,0.4394013583660126,-0.1002064198255539,0.779971718788147,0.5665160417556763,-0.06679077446460724,0.7352460622787476,0.5514806509017944,0.06696260720491409,0.6654102802276611,0.6074917912483215,-0.2480725795030594,0.6400991082191467,0.5805327892303467,-0.12793035805225372,0.5571374893188477,0.7597915530204773,-0.3799024820327759,0.5300382375717163,0.7024402618408203,-0.270781934261322,0.5490515828132629,0.8049896359443665,-0.3938466012477875,0.5191420316696167,0.7409734129905701,-0.28677868843078613,0.49661803245544434,0.721250057220459,-0.497579425573349,0.4705492854118347,0.6656055450439453,-0.35909363627433777,0,1
0.6763659715652466,0.2605588138103485,-0.10627206414937973,0.6854248642921448,0.2424410730600357,-0.10804294049739838,0.6891963481903076,0.24140478670597076,-0.10804573446512222,0.6935884356498718,0.24043644964694977,-0.10801591724157333,0.6793652772903442,0.2438976764678955,-0.08853697776794434,0.6787281036376953,0.24409694969654083,-0.08864616602659225,0.6783750057220459,0.2441827356815338,-0.0887347087264061,0.7112422585487366,0.24739547073841095,-0.09462888538837433,0.6921577453613281,0.24946974217891693,-0.009402025490999222,0.6847870349884033,0.277646541595459,-0.10078559815883636,0.6782069206237793,0.2783617675304413,-0.07592608034610748,0.7533416748046875,0.34463998675346375,-0.14175477623939514,0.682701587677002,0.34779685735702515,0.06678944081068039,0.731732964515686,0.4939344525337219,-0.20615804195404053,0.640402615070343,0.462782621383667,0.0424664206802845,0.6400476694107056,0.4935104250907898,-0.2350643426179886,0.5976220369338989,0.4774758517742157,-0.1213626116514206,0.6199568510055542,0.49764129519462585,-0.26090875267982483,0.57701575756073,0.4876020550727844,-0.14982539415359497,0.6149593591690063,0.48611903190612793,-0.25279420614242554,0.5784637331962585,0.4829918444156647,-0.16428235173225403,0.6235275268554688,0.48416516184806824,-0.2304202765226364,0.5846491456031799,0.480820894241333,-0.13402006030082703,0.7688025236129761,0.5804832577705383,-0.06844796240329742,0.7241243720054626,0.5625320076942444,0.06859245151281357,0.655458927154541,0.5776746869087219,-0.24296967685222626,0.6260305643081665,0.553887665271759,-0.10997232049703598,0.5567237734794617,0.7491069436073303,-0.36778420209884644,0.5320149064064026,0.6954777836799622,-0.234273761510849,0.5491877794265747,0.7941135764122009,-0.38929852843284607,0.5277518033981323,0.741388201713562,-0.24811868369579315,0.49653393030166626,0.7183546423912048,-0.44793838262557983,0.47502580285072327,0.6675735712051392,-0.3141730725765228,0,1
0.6355570554733276,0.27322837710380554,-0.20244193077087402,0.6447592973709106,0.2547246217727661,-0.20736713707447052,0.6484854817390442,0.2543003261089325,-0.2073163092136383,0.6525927782058716,0.25417807698249817,-0.2072264403104782,0.6390674114227295,0.2549853026866913,-0.18406006693840027,0.6384705305099487,0.25477510690689087,-0.1841675490140915,0.6380888819694519,0.25449204444885254,-0.18418751657009125,0.670072615146637,0.2657599449157715,-0.19248507916927338,0.6506662964820862,0.26189303398132324,-0.08846654742956161,0.6441584825515747,0.292892724275589,-0.19515573978424072,0.63725346326828,0.2918908894062042,-0.16489629447460175,0.7018246054649353,0.35305339097976685,-0.2558360993862152,0.6504530906677246,0.36461856961250305,0.03965296596288681,0.6341528296470642,0.48866263031959534,-0.30947545170783997,0.58448326587677,0.46045613288879395,0.0756283849477768,0.5536617040634155,0.5276736617088318,-0.2908860445022583,0.5239721536636353,0.5160159468650818,0.008671531453728676,0.5342424511909485,0.552682638168335,-0.31837135553359985,0.5090054273605347,0.5243365168571472,0.007472803350538015,0.5304195880889893,0.5446321964263916,-0.30754488706588745,0.5079556107521057,0.5213673710823059,-0.024033673107624054,0.5365857481956482,0.5403718948364258,-0.28554683923721313,0.5150645971298218,0.523738443851471,-0.007641541305929422,0.7520559430122375,0.5873978734016418,-0.09494749456644058,0.7172515392303467,0.5699658989906311,0.09486649185419083,0.6369858980178833,0.5354697108268738,-0.23554304242134094,0.6123130321502686,0.5184797644615173,0.0181074570864439,0.5564063787460327,0.7178272604942322,-0.25280386209487915,0.5400944948196411,0.6842309832572937,-0.03761759027838707,0.5552397966384888,0.7784731388092041,-0.25697800517082214,0.5447762608528137,0.7381612062454224,-0.0452796146273613,0.49704307317733765,0.7093905806541443,-0.324351966381073,0.484658807516098,0.6748729944229126,-0.08111891895532608,0,1
0.5967228412628174,0.29661452770233154,-0.192677840590477,0.6035065650939941,0.27730411291122437,-0.2067476511001587,0.6064586043357849,0.2768198549747467,-0.2066955268383026,0.6100012063980103,0.2761448621749878,-0.20663216710090637,0.5990861654281616,0.2768233120441437,-0.18055321276187897,0.5988844633102417,0.2758358418941498,-0.18069571256637573,0.5987621545791626,0.2746371328830719,-0.18072345852851868,0.6282408237457275,0.2856445908546448,-0.21846267580986023,0.6130488514900208,0.2804705798625946,-0.10097424685955048,0.6048380732536316,0.31454581022262573,-0.19388528168201447,0.5991458892822266,0.31416845321655273,-0.15956547856330872,0.6616429090499878,0.36818695068359375,-0.27208414673805237,0.6270459890365601,0.36335647106170654,0.017729364335536957,0.5851606130599976,0.4825308620929718,-0.31071919202804565,0.5491545796394348,0.4532293677330017,0.05730833485722542,0.4897285997867584,0.5203473567962646,-0.28982609510421753,0.47487664222717285,0.5132683515548706,-0.0017149876803159714,0.4667872488498688,0.5344826579093933,-0.3255644142627716,0.4566985070705414,0.5167768001556396,-0.0011958952527493238,0.46407467126846313,0.5288638472557068,-0.30896124243736267,0.4562515616416931,0.5183385610580444,-0.03694266825914383,0.4723365306854248,0.5274565815925598,-0.2838124632835388,0.46276721358299255,0.5200166702270508,-0.018946807831525803,0.7383042573928833,0.587050199508667,-0.09725723415613174,0.7099846601486206,0.5695614218711853,0.09719492495059967,0.6212301254272461,0.5184571743011475,-0.23381054401397705,0.5939698815345764,0.4959481656551361,0.12843474745750427,0.546610414981842,0.723528265953064,-0.2557230293750763,0.5365077257156372,0.6851751804351807,0.14080488681793213,0.5500942468643188,0.7777379155158997,-0.25931012630462646,0.5412558317184448,0.7323359847068787,0.14085224270820618,0.4857819080352783,0.690570056438446,-0.32576125860214233,0.48306983709335327,0.6872926354408264,0.12438466399908066,0,1
0.5617709755897522,0.3025282621383667,-0.1804591417312622,0.5689457654953003,0.28434625267982483,-0.19185198843479156,0.5720536708831787,0.2835293412208557,-0.19184447824954987,0.5755128860473633,0.28284475207328796,-0.1918284147977829,0.5645847320556641,0.28550106287002563,-0.1669790893793106,0.5641971826553345,0.2856212258338928,-0.16708168387413025,0.5639231204986572,0.28559866547584534,-0.167082741856575,0.5912278890609741,0.2917150855064392,-0.19327867031097412,0.5787681341171265,0.2903762757778168,-0.08123072981834412,0.5688139796257019,0.3212714195251465,-0.17826679348945618,0.5637737512588501,0.32140499353408813,-0.14542703330516815,0.6212344169616699,0.37276214361190796,-0.2493339478969574,0.5985492467880249,0.3769274950027466,0.03780863434076309,0.5262293815612793,0.4697991609573364,-0.29824522137641907,0.5181676149368286,0.4539702832698822,0.06425687670707703,0.43609508872032166,0.5137407779693604,-0.2858889698982239,0.44127678871154785,0.5064316987991333,0.008171925321221352,0.41561445593833923,0.5298135280609131,-0.3241710066795349,0.4225703179836273,0.512205958366394,0.012472746893763542,0.41117119789123535,0.5240621566772461,-0.3022526204586029,0.42119044065475464,0.5129171013832092,-0.022965949028730392,0.41849541664123535,0.5202326774597168,-0.2791276276111603,0.42701417207717896,0.5135172605514526,-0.00882726814597845,0.7167078256607056,0.5879274606704712,-0.09786541759967804,0.6958275437355042,0.5766131281852722,0.09775674343109131,0.5949931740760803,0.49983930587768555,-0.20810551941394806,0.5679932832717896,0.490435928106308,0.1527741700410843,0.5377763509750366,0.717036247253418,-0.19829772412776947,0.5285122990608215,0.6837753057479858,0.18293242156505585,0.5462707877159119,0.7712914347648621,-0.19875386357307434,0.5360685586929321,0.717856764793396,0.18420769274234772,0.4740158021450043,0.6915140748023987,-0.25573012232780457,0.48011845350265503,0.6869996190071106,0.16541703045368195,0,1
0.5311774015426636,0.3019620180130005,-0.04419418424367905,0.5380627512931824,0.2829355299472809,-0.06233740970492363,0.5404149889945984,0.2826574146747589,-0.06238504499197006,0.5431619882583618,0.28245070576667786,-0.06240438297390938,0.5352257490158081,0.28338322043418884,-0.030461151152849197,0.5355981588363647,0.283135324716568,-0.030517537146806717,0.5360492467880249,0.2828790843486786,-0.030525032430887222,0.5601564645767212,0.2915855050086975,-0.10041031986474991,0.5519663095474243,0.2894511818885803,0.04379785805940628,0.5383663773536682,0.31961965560913086,-0.056452326476573944,0.5344486236572266,0.3200658857822418,-0.014523342251777649,0.5864448547363281,0.3748319447040558,-0.17927977442741394,0.5695364475250244,0.39321818947792053,0.13838814198970795,0.48689723014831543,0.46547752618789673,-0.24159058928489685,0.48235973715782166,0.46554115414619446,0.15501967072486877,0.3984176516532898,0.5169225335121155,-0.22515538334846497,0.40131205320358276,0.5222840309143066,0.10016393661499023,0.38075098395347595,0.531516969203949,-0.2663061320781708,0.38318365812301636,0.5320534706115723,0.10705280303955078,0.3774929642677307,0.5299058556556702,-0.2385634481906891,0.38355737924575806,0.5365238189697266,0.07229980081319809,0.38482239842414856,0.5259798765182495,-0.2165704220533371,0.3883990943431854,0.5346626043319702,0.0823168084025383,0.6925014853477478,0.5877441167831421,-0.10505350679159164,0.6749391555786133,0.5891255140304565,0.10495684295892715,0.5721097588539124,0.49064546823501587,-0.21445688605308533,0.5553810000419617,0.4891990125179291,0.1974615454673767,0.5318732261657715,0.7186958193778992,-0.2163230925798416,0.527411699295044,0.6909176111221313,0.23530440032482147,0.5410507917404175,0.770344614982605,-0.2170693427324295,0.5377402305603027,0.7227477431297302,0.23694801330566406,0.46539148688316345,0.7066453695297241,-0.27605852484703064,0.4784197211265564,0.7027866244316101,0.20730940997600555,0,1
0.505925714969635,0.30072492361068726,-0.010645962320268154,0.5132172703742981,0.28151071071624756,-0.025958184152841568,0.5156478881835938,0.2811824679374695,-0.026041453704237938,0.5184194445610046,0.280931293964386,-0.026081878691911697,0.5099396109580994,0.28182777762413025,0.004871496465057135,0.5102210640907288,0.28154656291007996,0.004829524550586939,0.5106903910636902,0.2812458276748657,0.004814584273844957,0.5359506607055664,0.2897810935974121,-0.05649702996015549,0.5288335680961609,0.2876065969467163,0.08216746151447296,0.5128310322761536,0.31904181838035583,-0.02056332677602768,0.509253203868866,0.3189522325992584,0.019643722102046013,0.5612691640853882,0.3751388192176819,-0.15609942376613617,0.5460730791091919,0.40005040168762207,0.1856677085161209,0.4600035548210144,0.4640713930130005,-0.23173177242279053,0.4559648633003235,0.4707111418247223,0.19952484965324402,0.3688855767250061,0.517213761806488,-0.2082621306180954,0.3699706196784973,0.5244745016098022,0.14376458525657654,0.34633669257164,0.534491777420044,-0.24505314230918884,0.3528687357902527,0.5366288423538208,0.15077832341194153,0.34451091289520264,0.5343701839447021,-0.21818487346172333,0.35078054666519165,0.5394352078437805,0.11989516019821167,0.35199305415153503,0.5291324853897095,-0.1992245614528656,0.3537079691886902,0.5382920503616333,0.1264258474111557,0.6683746576309204,0.5920122861862183,-0.11136619001626968,0.6515671014785767,0.5992565751075745,0.1112319827079773,0.5512619018554688,0.48825061321258545,-0.18825720250606537,0.5348535776138306,0.48247963190078735,0.22102808952331543,0.5279783010482788,0.7194097638130188,-0.14053095877170563,0.5276241898536682,0.6944513320922852,0.2960070073604584,0.5356807708740234,0.7709445357322693,-0.13644936680793762,0.5391509532928467,0.7267104387283325,0.30138686299324036,0.4592830538749695,0.7202717065811157,-0.1823844462633133,0.4783761501312256,0.710269033908844,0.2784860134124756,0,1
0.48531776666641235,0.2988011837005615,-0.03999757766723633,0.4917551875114441,0.27953577041625977,-0.0550399124622345,0.49452146887779236,0.27952834963798523,-0.055123429745435715,0.4975007176399231,0.27938127517700195,-0.05519172549247742,0.4884892404079437,0.278929740190506,-0.022928405553102493,0.4889621138572693,0.2786906957626343,-0.022968841716647148,0.48973575234413147,0.27834802865982056,-0.022977719083428383,0.5155329704284668,0.28841468691825867,-0.07851065695285797,0.5078876614570618,0.28482183814048767,0.06713619083166122,0.4927690625190735,0.3184838891029358,-0.04720873013138771,0.48944002389907837,0.3181303143501282,-0.005074716173112392,0.5398966073989868,0.37458881735801697,-0.16574077308177948,0.5300092101097107,0.3964347541332245,0.18137997388839722,0.43552812933921814,0.46431660652160645,-0.25469475984573364,0.43757277727127075,0.47147125005722046,0.19161975383758545,0.34206581115722656,0.5232478976249695,-0.21811243891716003,0.3439856767654419,0.5265827178955078,0.12078279256820679,0.31959816813468933,0.5417568683624268,-0.2536581754684448,0.3263501822948456,0.5375999212265015,0.12401948124170303,0.3173440396785736,0.541846513748169,-0.231328085064888,0.3197910189628601,0.5441980361938477,0.09098882973194122,0.32406309247016907,0.5382353067398071,-0.21136128902435303,0.32617801427841187,0.5430160164833069,0.10205695778131485,0.6480788588523865,0.5956310033798218,-0.11483357101678848,0.6336268186569214,0.6048219203948975,0.11467567831277847,0.5230011940002441,0.47808828949928284,-0.16509369015693665,0.5146200060844421,0.47786805033683777,0.2069576531648636,0.5295770168304443,0.7168572545051575,-0.07940740883350372,0.5278413891792297,0.700689435005188,0.2850472331047058,0.543021023273468,0.7712496519088745,-0.07087953388690948,0.5427089333534241,0.730664074420929,0.291249543428421,0.46339359879493713,0.7256612777709961,-0.10144893825054169,0.48509326577186584,0.7302166223526001,0.2682930827140808,0,1
0.47310543060302734,0.29300984740257263,-0.08212344348430634,0.47944530844688416,0.2745159864425659,-0.10011561214923859,0.4822486340999603,0.2747136354446411,-0.1002107486128807,0.4854101240634918,0.274936318397522,-0.10030271857976913,0.4763928949832916,0.27328038215637207,-0.0647687241435051,0.4769797921180725,0.2727894186973572,-0.06480145454406738,0.47784820199012756,0.2721744179725647,-0.06480546295642853,0.5042094588279724,0.2849672734737396,-0.12967540323734283,0.4975959360599518,0.28000980615615845,0.029904186725616455,0.4805443286895752,0.3134708106517792,-0.09186697006225586,0.4775622487068176,0.3120579719543457,-0.04563487321138382,0.5272817015647888,0.37517407536506653,-0.22383825480937958,0.5210109949111938,0.38940227031707764,0.14983615279197693,0.42400527000427246,0.464935839176178,-0.3084745407104492,0.4260691702365875,0.47124814987182617,0.15084442496299744,0.32905134558677673,0.5259673595428467,-0.2851042151451111,0.33095985651016235,0.5269750952720642,0.06561107933521271,0.3055435121059418,0.5456984043121338,-0.33341094851493835,0.3072887063026428,0.5407657027244568,0.061603717505931854,0.30221134424209595,0.5452083945274353,-0.3068200945854187,0.30459707975387573,0.5443968772888184,0.024267185479402542,0.3082338571548462,0.5415496230125427,-0.277503103017807,0.31056997179985046,0.5437267422676086,0.04403998702764511,0.6321015357971191,0.5997200608253479,-0.11694926023483276,0.6194654107093811,0.6052398085594177,0.11683881282806396,0.504703938961029,0.481982558965683,-0.14449602365493774,0.49791693687438965,0.47873198986053467,0.23359930515289307,0.5338660478591919,0.7146328687667847,-0.034554414451122284,0.5304884910583496,0.6952794194221497,0.3542700409889221,0.5452882051467896,0.7710429430007935,-0.024594053626060486,0.5447348356246948,0.7253583073616028,0.36453890800476074,0.4653288424015045,0.7252864241600037,-0.05515391379594803,0.48850399255752563,0.7247142195701599,0.34400931000709534,0,1
0.4653012156486511,0.28448352217674255,-0.12481985241174698,0.47226983308792114,0.26800572872161865,-0.14361688494682312,0.47501301765441895,0.268277108669281,-0.14370079338550568,0.4782295227050781,0.2684398591518402,-0.14378085732460022,0.46917882561683655,0.26674699783325195,-0.10656211525201797,0.4696559011936188,0.26632067561149597,-0.10659877210855484,0.47042256593704224,0.26569560170173645,-0.10661003738641739,0.49791058897972107,0.27953141927719116,-0.1715461164712906,0.4901134967803955,0.27403175830841064,-0.0046040965244174,0.4722331464290619,0.3051595687866211,-0.13360169529914856,0.4690641760826111,0.30340132117271423,-0.08515605330467224,0.5186291933059692,0.3763178586959839,-0.25911301374435425,0.513224720954895,0.3874187171459198,0.11821802705526352,0.4137299954891205,0.47134697437286377,-0.339397132396698,0.41765037178993225,0.4734576344490051,0.11795355379581451,0.31621310114860535,0.5347777605056763,-0.32358598709106445,0.32080748677253723,0.5355275869369507,0.028547843918204308,0.2935502827167511,0.5526907444000244,-0.377048522233963,0.2984667420387268,0.5439345836639404,0.022994201630353928,0.2910618484020233,0.5490318536758423,-0.3508179485797882,0.2969094514846802,0.5464746952056885,-0.01788317784667015,0.2977190911769867,0.5460885167121887,-0.31683361530303955,0.30361461639404297,0.5470972061157227,0.005505605135113001,0.6233309507369995,0.6028128266334534,-0.11942905187606812,0.6101241707801819,0.6048852801322937,0.11929835379123688,0.4945993423461914,0.47805625200271606,-0.15456566214561462,0.4887513518333435,0.4723303020000458,0.26953890919685364,0.530866265296936,0.708909273147583,-0.03502841293811798,0.5273380279541016,0.6865703463554382,0.3983364999294281,0.5470645427703857,0.7566444277763367,-0.023029597476124763,0.5489480495452881,0.7146161198616028,0.40969476103782654,0.4729372560977936,0.7188194394111633,-0.04739593714475632,0.4926411211490631,0.706648588180542,0.3921507000923157,0,1
0.4652875065803528,0.2846125662326813,-0.06492911279201508,0.47271761298179626,0.26721569895744324,-0.08738093078136444,0.4752438962459564,0.26736176013946533,-0.087474524974823,0.4780803322792053,0.26723524928092957,-0.08754786849021912,0.4701218008995056,0.26620641350746155,-0.047074999660253525,0.47080177068710327,0.26574134826660156,-0.047105249017477036,0.4717198312282562,0.2650938332080841,-0.047132570296525955,0.4963444769382477,0.2769455313682556,-0.13442151248455048,0.48958998918533325,0.27303358912467957,0.04865724965929985,0.4722316265106201,0.30525410175323486,-0.07965347915887833,0.46951279044151306,0.3036614656448364,-0.027311215177178383,0.5183895826339722,0.3748907446861267,-0.25718027353286743,0.5137602090835571,0.38709694147109985,0.16728495061397552,0.41615933179855347,0.47322291135787964,-0.33059850335121155,0.42179393768310547,0.4761602580547333,0.1733209788799286,0.32046744227409363,0.5406264662742615,-0.30226343870162964,0.3298150897026062,0.5360161662101746,0.08146761357784271,0.2960279583930969,0.5618473291397095,-0.34837931394577026,0.3059917092323303,0.5498883128166199,0.07608695328235626,0.2951048016548157,0.5610871911048889,-0.3224960267543793,0.3044312596321106,0.552453339099884,0.036161281168460846,0.30202335119247437,0.5562785863876343,-0.2952935993671417,0.3109789490699768,0.5514087080955505,0.058668799698352814,0.6202765703201294,0.6026207208633423,-0.12230341136455536,0.6110425591468811,0.6059760451316833,0.12217507511377335,0.4882294535636902,0.47604167461395264,-0.14362157881259918,0.4887128472328186,0.47487694025039673,0.27302268147468567,0.5208356976509094,0.700701892375946,-0.01354762353003025,0.5275009870529175,0.6862905025482178,0.3947995901107788,0.5420413613319397,0.7494077086448669,-0.00020040301023982465,0.5492802858352661,0.7115311622619629,0.40600842237472534,0.47132211923599243,0.7161787152290344,-0.02463061362504959,0.49740439653396606,0.7075191736221313,0.3850167691707611,0,1
0.47114047408103943,0.2756043076515198,-0.1490176022052765,0.47728458046913147,0.26028868556022644,-0.16911113262176514,0.47988176345825195,0.25996527075767517,-0.16917991638183594,0.482613742351532,0.2598956227302551,-0.16926461458206177,0.4746673107147217,0.26017922163009644,-0.13172943890094757,0.4753468632698059,0.25982901453971863,-0.1317823976278305,0.47636890411376953,0.2594125270843506,-0.13176783919334412,0.5021244287490845,0.2703569829463959,-0.19806738197803497,0.49510449171066284,0.26822927594184875,-0.02930166758596897,0.47823047637939453,0.2965102791786194,-0.1574118435382843,0.4750485420227051,0.29699578881263733,-0.10833682864904404,0.5245811939239502,0.3749283254146576,-0.2849268317222595,0.5171581506729126,0.3786487579345703,0.09899107366800308,0.42350873351097107,0.47343966364860535,-0.3644801378250122,0.4252985417842865,0.4663599133491516,0.10364788770675659,0.32833176851272583,0.540023684501648,-0.35345882177352905,0.33420830965042114,0.5302732586860657,0.007052382919937372,0.30434003472328186,0.560960590839386,-0.4104989469051361,0.3097377419471741,0.5456371903419495,0.0014200913719832897,0.30284997820854187,0.559752881526947,-0.38228893280029297,0.30509063601493835,0.5500895977020264,-0.04344906285405159,0.3096204400062561,0.5552946925163269,-0.3461742699146271,0.31298863887786865,0.5472901463508606,-0.01686786860227585,0.6255643367767334,0.6025351881980896,-0.12278050184249878,0.614495038986206,0.5998062491416931,0.12268193811178207,0.488504022359848,0.4727400839328766,-0.13578559458255768,0.48123103380203247,0.45742228627204895,0.20664390921592712,0.5222849249839783,0.7005266547203064,0.027120981365442276,0.5256133675575256,0.6860780715942383,0.32949528098106384,0.5408765077590942,0.7378124594688416,0.04341135919094086,0.5475665330886841,0.7080087661743164,0.3408384919166565,0.47135305404663086,0.7076396942138672,0.03405554220080376,0.4972330927848816,0.7080851197242737,0.33093446493148804,0,1
0.49499115347862244,0.27451521158218384,-0.09978710114955902,0.5043185949325562,0.2562194764614105,-0.11090495437383652,0.5075305104255676,0.2559949457645416,-0.11096016317605972,0.510665774345398,0.255931556224823,-0.11099638044834137,0.5000922679901123,0.2561298906803131,-0.07965313643217087,0.5000663995742798,0.25551527738571167,-0.07973866164684296,0.5001395344734192,0.2548152506351471,-0.07974041253328323,0.5269628167152405,0.2665356397628784,-0.11986128985881805,0.5154980421066284,0.26392799615859985,0.023531368002295494,0.5013668537139893,0.2941250503063202,-0.10078988969326019,0.49600476026535034,0.29468807578086853,-0.05954376608133316,0.5511578321456909,0.3694775104522705,-0.200570747256279,0.535188615322113,0.37258127331733704,0.13773836195468903,0.46011781692504883,0.46755701303482056,-0.26568132638931274,0.453153520822525,0.4509130120277405,0.1608918011188507,0.3650343716144562,0.524588942527771,-0.26210811734199524,0.3687536418437958,0.49951982498168945,0.06850147992372513,0.3429487347602844,0.5486860871315002,-0.30954915285110474,0.34823089838027954,0.5080540776252747,0.06695787608623505,0.34049102663993835,0.5417454838752747,-0.28527310490608215,0.3466969430446625,0.5136439204216003,0.0256176944822073,0.34592023491859436,0.5365616083145142,-0.2552867531776428,0.35320520401000977,0.5130414366722107,0.047258906066417694,0.6401823163032532,0.5993353128433228,-0.11458201706409454,0.6220725774765015,0.5978010296821594,0.11442730575799942,0.5095891952514648,0.46656253933906555,-0.15634743869304657,0.5014675855636597,0.4591031074523926,0.16133305430412292,0.5217188596725464,0.7017765045166016,-0.07015978544950485,0.5202712416648865,0.6876875758171082,0.21671442687511444,0.5396190881729126,0.7510586977005005,-0.0626223236322403,0.5419028997421265,0.7141439914703369,0.22038178145885468,0.4614352285861969,0.7078783512115479,-0.09626162052154541,0.48547011613845825,0.7161271572113037,0.19752825796604156,0,1
0.536328911781311,0.2643323540687561,-0.1443995237350464,0.5443279147148132,0.2462308257818222,-0.1512719988822937,0.5474572777748108,0.2460264265537262,-0.1512955129146576,0.5509771704673767,0.2458382546901703,-0.15131454169750214,0.5391902923583984,0.24546551704406738,-0.12419892847537994,0.5387423038482666,0.24490588903427124,-0.12431299686431885,0.5384948253631592,0.2442113608121872,-0.12431162595748901,0.5677859783172607,0.25851914286613464,-0.13708296418190002,0.5529646277427673,0.2546909749507904,-0.019102465361356735,0.5436014533042908,0.28752994537353516,-0.13957878947257996,0.5378702282905579,0.28775089979171753,-0.10374034941196442,0.5957211852073669,0.36223462224006653,-0.20983120799064636,0.5596164464950562,0.365262895822525,0.09368246793746948,0.5068365335464478,0.46573445200920105,-0.2592954933643341,0.4864211678504944,0.44437649846076965,0.12624192237854004,0.4086551070213318,0.5150278806686401,-0.25629696249961853,0.4075683653354645,0.49308404326438904,0.05391102284193039,0.3895757794380188,0.5333314538002014,-0.3011278510093689,0.3885791003704071,0.4988139569759369,0.05614091828465462,0.38591569662094116,0.5227339863777161,-0.27806442975997925,0.38635340332984924,0.49982693791389465,0.01542093139141798,0.39337778091430664,0.5187435746192932,-0.2500159740447998,0.39407575130462646,0.49979159235954285,0.034780729562044144,0.6701577305793762,0.5949358940124512,-0.10795754194259644,0.6416640877723694,0.5922932624816895,0.10775693506002426,0.5463752150535583,0.4711596965789795,-0.20075905323028564,0.5233547687530518,0.4622918367385864,0.1481354832649231,0.5233126282691956,0.7060268521308899,-0.1597718447446823,0.5149059295654297,0.688456654548645,0.16382278501987457,0.5309444665908813,0.7622532248497009,-0.15557816624641418,0.5265941023826599,0.7376033067703247,0.1642647087574005,0.45453062653541565,0.7177006006240845,-0.19535432755947113,0.46559637784957886,0.727749228477478,0.14175812900066376,0,1
0.5848513841629028,0.2600773572921753,-0.17020870745182037,0.5935734510421753,0.24120697379112244,-0.17687545716762543,0.5969730019569397,0.24046936631202698,-0.1768941730260849,0.6009979248046875,0.23993556201457977,-0.17690280079841614,0.5869873762130737,0.24128834903240204,-0.15062770247459412,0.585830569267273,0.2405037134885788,-0.15076234936714172,0.5848434567451477,0.23949593305587769,-0.15077853202819824,0.6188658475875854,0.25102755427360535,-0.16745316982269287,0.5993027091026306,0.24668072164058685,-0.04817672818899155,0.593130350112915,0.2802768349647522,-0.16614075005054474,0.585536539554596,0.279675155878067,-0.130965918302536,0.6462944149971008,0.35222652554512024,-0.23603470623493195,0.6035440564155579,0.3570399880409241,0.05312294512987137,0.5583718419075012,0.4433273375034332,-0.31989556550979614,0.5332567691802979,0.43489664793014526,0.0648028701543808,0.47007131576538086,0.4657551944255829,-0.3264034688472748,0.4601439833641052,0.4661133587360382,-0.024077918380498886,0.4459599554538727,0.486145555973053,-0.3723198175430298,0.44066667556762695,0.47806882858276367,-0.034948065876960754,0.4441067576408386,0.4805750846862793,-0.3540782630443573,0.44001293182373047,0.47924986481666565,-0.07152972370386124,0.4515344202518463,0.47678709030151367,-0.322892963886261,0.4475199282169342,0.4780181348323822,-0.04442242160439491,0.7043306231498718,0.5932839512825012,-0.10640014708042145,0.6695944666862488,0.5843173861503601,0.10619492828845978,0.5874143838882446,0.4862107038497925,-0.2747501730918884,0.5511125922203064,0.46675342321395874,0.09129160642623901,0.533295750617981,0.7206062078475952,-0.29871442914009094,0.5155922770500183,0.6931845545768738,0.0597064271569252,0.5386056900024414,0.776269793510437,-0.30062776803970337,0.5237780809402466,0.7420027852058411,0.0551321879029274,0.4551160931587219,0.7343904972076416,-0.37236326932907104,0.4650060534477234,0.7202637791633606,0.01209520734846592,0,1
0.6341226696968079,0.2508302927017212,-0.2506234645843506,0.643352210521698,0.23372024297714233,-0.24628806114196777,0.6474184393882751,0.23376290500164032,-0.24625518918037415,0.6515456438064575,0.2337617725133896,-0.24621860682964325,0.6353906393051147,0.2314734160900116,-0.22834113240242004,0.6337880492210388,0.2305908352136612,-0.22850756347179413,0.6322695016860962,0.22953373193740845,-0.22852225601673126,0.6681650280952454,0.245945543050766,-0.19671787321567535,0.6439111232757568,0.2394954115152359,-0.11512236297130585,0.641421377658844,0.27077019214630127,-0.23134148120880127,0.6328549385070801,0.27028998732566833,-0.20750465989112854,0.6922643184661865,0.3445059359073639,-0.24720558524131775,0.6375991106033325,0.3523382544517517,0.00296311778947711,0.6077789068222046,0.41893768310546875,-0.31858697533607483,0.571259081363678,0.41582924127578735,0.02099629119038582,0.5157946348190308,0.44339102506637573,-0.32907265424728394,0.49913039803504944,0.44597408175468445,-0.054545797407627106,0.49593448638916016,0.4608128070831299,-0.369607150554657,0.4793357849121094,0.4506172239780426,-0.06513375043869019,0.4936447739601135,0.45684561133384705,-0.3534901440143585,0.4799054265022278,0.4510292112827301,-0.09664236009120941,0.4992704391479492,0.45465028285980225,-0.32575228810310364,0.48716801404953003,0.4533314108848572,-0.07166825234889984,0.7334424257278442,0.5817986130714417,-0.1021871566772461,0.6987100839614868,0.5718047022819519,0.10190669447183609,0.6055968403816223,0.5078768134117126,-0.24786341190338135,0.5789594054222107,0.4882011413574219,0.07192111760377884,0.5367261171340942,0.7194876074790955,-0.27052950859069824,0.5171455144882202,0.6968584060668945,0.05090953782200813,0.5405888557434082,0.7748124599456787,-0.27286213636398315,0.5247161984443665,0.7399682998657227,0.04774351418018341,0.46379178762435913,0.7118620872497559,-0.33426710963249207,0.46717414259910583,0.710296630859375,0.014759553596377373,0,1
0.6772404909133911,0.24037285149097443,-0.20902423560619354,0.6874207258224487,0.22379468381404877,-0.21359968185424805,0.6915238499641418,0.22405856847763062,-0.21348002552986145,0.6958053112030029,0.22514177858829498,-0.21339425444602966,0.6795037984848022,0.22415797412395477,-0.19796817004680634,0.6775466203689575,0.22389526665210724,-0.19819431006908417,0.6756802201271057,0.2232702076435089,-0.19830136001110077,0.710128664970398,0.239259272813797,-0.13522349298000336,0.6854745745658875,0.2318255603313446,-0.06532403826713562,0.6827978491783142,0.260302871465683,-0.19700370728969574,0.6746547222137451,0.2582041323184967,-0.17220324277877808,0.7302223443984985,0.3320158123970032,-0.20617792010307312,0.6738002896308899,0.34488701820373535,0.08060020953416824,0.6596860289573669,0.397382915019989,-0.2935081422328949,0.608107328414917,0.4027058482170105,0.1269845962524414,0.5708728432655334,0.43106821179389954,-0.3205779194831848,0.5401464104652405,0.43649131059646606,0.031225919723510742,0.5488852858543396,0.4469602704048157,-0.36025089025497437,0.5202747583389282,0.4413084387779236,0.02490234375,0.5441259145736694,0.4418231248855591,-0.34551113843917847,0.519116997718811,0.43964576721191406,-0.003181645181030035,0.550861656665802,0.439294695854187,-0.3163784146308899,0.5280121564865112,0.43887442350387573,0.015092609450221062,0.7554625272750854,0.5747705698013306,-0.10169315338134766,0.7213189005851746,0.5676215291023254,0.1014779806137085,0.6214010715484619,0.5269215703010559,-0.20746374130249023,0.6010130643844604,0.5068420171737671,0.05985953286290169,0.5433987379074097,0.724798858165741,-0.2319272756576538,0.5256391763687134,0.6969800591468811,0.016338471323251724,0.5493791103363037,0.7813106775283813,-0.23223257064819336,0.5255125164985657,0.7389688491821289,0.009368143044412136,0.4780520498752594,0.7151917219161987,-0.2926609516143799,0.46807917952537537,0.700649082660675,-0.03155886381864548,0,1
0.7157388925552368,0.2377370446920395,-0.12716194987297058,0.726763129234314,0.22179627418518066,-0.1196809634566307,0.7312942743301392,0.22187288105487823,-0.11965547502040863,0.7359714508056641,0.2223636358976364,-0.11963067203760147,0.7175785303115845,0.22226177155971527,-0.10640347003936768,0.7156249284744263,0.22207526862621307,-0.10651421546936035,0.7139238119125366,0.22164198756217957,-0.10656587779521942,0.7498265504837036,0.23543080687522888,-0.0671253651380539,0.7220593690872192,0.22923193871974945,-0.0059648980386555195,0.7237371802330017,0.2600308954715729,-0.10831944644451141,0.7140985131263733,0.25796931982040405,-0.0906108096241951,0.7737439870834351,0.3250122368335724,-0.14410743117332458,0.7053048014640808,0.3344452977180481,0.09254933148622513,0.70305997133255,0.3913266360759735,-0.264398992061615,0.6466852426528931,0.377534955739975,0.06471987068653107,0.6236962080001831,0.4175246059894562,-0.31802672147750854,0.5690906643867493,0.42596355080604553,-0.08792170882225037,0.6043488383293152,0.431813508272171,-0.3520124554634094,0.552493691444397,0.4332188069820404,-0.11010473966598511,0.5999698638916016,0.4284897744655609,-0.3448410630226135,0.5533855557441711,0.43280357122421265,-0.13259091973304749,0.6072601079940796,0.42614224553108215,-0.3137079179286957,0.560165286064148,0.43177005648612976,-0.10424669086933136,0.7739697694778442,0.5682511925697327,-0.08772947639226913,0.731933057308197,0.5553147792816162,0.0876079723238945,0.6450831890106201,0.555712103843689,-0.20718348026275635,0.6203020811080933,0.5382512211799622,-0.04266401007771492,0.5499559640884399,0.7279207706451416,-0.2818725109100342,0.5311659574508667,0.6985680460929871,-0.13844767212867737,0.5483332872390747,0.7803812026977539,-0.28958940505981445,0.5277926325798035,0.742708683013916,-0.1489972174167633,0.4890104830265045,0.7125062942504883,-0.3629675507545471,0.4698708653450012,0.6900254487991333,-0.20380759239196777,0,1
0.7480500936508179,0.24906213581562042,0.08908163011074066,0.7562128305435181,0.23224122822284698,0.09677954018115997,0.7607356309890747,0.23119521141052246,0.09683369845151901,0.7658669948577881,0.2298668473958969,0.09687947481870651,0.7475098371505737,0.23360583186149597,0.11172904819250107,0.7453926801681519,0.233932226896286,0.11163768917322159,0.7435938119888306,0.23425117135047913,0.1115858405828476,0.7810134887695312,0.23615480959415436,0.13928508758544922,0.7504208087921143,0.238920658826828,0.20613951981067657,0.7567533254623413,0.2700725793838501,0.10396040976047516,0.7474502921104431,0.2700466513633728,0.1232924684882164,0.8080540895462036,0.3243975043296814,0.038808826357126236,0.7319183349609375,0.33344554901123047,0.2582041919231415,0.7623153924942017,0.3913819193840027,-0.11038478463888168,0.6770121455192566,0.3846258819103241,0.20222267508506775,0.6839526891708374,0.40259605646133423,-0.20198433101177216,0.6061968803405762,0.42126286029815674,0.035941071808338165,0.6648877263069153,0.4143359363079071,-0.23235467076301575,0.5881269574165344,0.4323435127735138,0.0070886155590415,0.6622326970100403,0.4083671271800995,-0.22416743636131287,0.5929475426673889,0.4273229241371155,-0.010095064528286457,0.6688672304153442,0.40626221895217896,-0.19938817620277405,0.5996648669242859,0.4258733093738556,0.020600857213139534,0.7824656367301941,0.5687251687049866,-0.08660203963518143,0.74039226770401,0.5489911437034607,0.08644332736730576,0.6531569361686707,0.5860694646835327,-0.200230211019516,0.625607967376709,0.5537553429603577,-0.0599578432738781,0.55278080701828,0.7500697374343872,-0.3099208474159241,0.5275050401687622,0.6987867951393127,-0.15739762783050537,0.5480297803878784,0.7926809787750244,-0.31990018486976624,0.5226132869720459,0.7396171689033508,-0.16746680438518524,0.4959510862827301,0.7196588516235352,-0.40560370683670044,0.46799468994140625,0.6777926683425903,-0.22964832186698914,0,1
0.7679309844970703,0.27449676394462585,0.07412032037973404,0.7742648720741272,0.2567044496536255,0.08024825155735016,0.7788868546485901,0.2548062205314636,0.08025240153074265,0.7832475900650024,0.2531123161315918,0.08022452145814896,0.7653602957725525,0.25954002141952515,0.09652536362409592,0.7631783485412598,0.25990530848503113,0.09648289531469345,0.7612091898918152,0.2607124149799347,0.09641784429550171,0.7985593676567078,0.2516295909881592,0.12024831771850586,0.7678923606872559,0.26162922382354736,0.1942979395389557,0.7791680097579956,0.29193219542503357,0.08808217942714691,0.7682834267616272,0.2925730049610138,0.10963545739650726,0.8325995206832886,0.32968416810035706,0.04768194258213043,0.7526771426200867,0.3353651165962219,0.2331274300813675,0.8020022511482239,0.4299471974372864,-0.059810079634189606,0.7025599479675293,0.4144602417945862,0.1727677285671234,0.7284119129180908,0.40698403120040894,-0.12241095304489136,0.6560502052307129,0.4246349036693573,-0.008822874166071415,0.7093243598937988,0.41677823662757874,-0.1422433704137802,0.6398523449897766,0.4293137788772583,-0.047445908188819885,0.7090174555778503,0.4085341989994049,-0.13974294066429138,0.6403982639312744,0.4256955087184906,-0.05559582635760307,0.7139742374420166,0.4085378348827362,-0.12039843946695328,0.6479488611221313,0.4259147644042969,-0.020168369635939598,0.7850030660629272,0.5693765878677368,-0.0705011710524559,0.7419824600219727,0.5499107837677002,0.0704788789153099,0.6596298813819885,0.5960642695426941,-0.17925284802913666,0.6370919942855835,0.5689077377319336,-0.06387574970722198,0.5558768510818481,0.7594345808029175,-0.3278313875198364,0.5341073274612427,0.6987022161483765,-0.2080470770597458,0.5484582781791687,0.8014770746231079,-0.34100958704948425,0.5225412249565125,0.7417122721672058,-0.2231004536151886,0.4922815263271332,0.7304646968841553,-0.42056578397750854,0.4688616394996643,0.6731281876564026,-0.2806270122528076,0,1
0.7677081227302551,0.2744714319705963,0.028908738866448402,0.7743347883224487,0.254404753446579,0.037114355713129044,0.7796803712844849,0.25205668807029724,0.03708680346608162,0.785466730594635,0.2505325376987457,0.03702376410365105,0.7643544673919678,0.25927576422691345,0.05148223787546158,0.762017548084259,0.25972065329551697,0.05147922784090042,0.7597803473472595,0.2603427767753601,0.051427293568849564,0.800643801689148,0.24856635928153992,0.09095916897058487,0.7646408677101135,0.26197874546051025,0.1594989150762558,0.7787304520606995,0.2908630967140198,0.04876543581485748,0.7675918340682983,0.29252201318740845,0.06878480315208435,0.8346392512321472,0.3286900818347931,0.05714661628007889,0.7582827806472778,0.3407241106033325,0.2210051268339157,0.8455095291137695,0.4746081829071045,-0.007127296179533005,0.740112841129303,0.4664352834224701,0.1899832934141159,0.7671557664871216,0.4328359365463257,-0.06919191777706146,0.7005636096000671,0.4467684328556061,0.015476967208087444,0.745966374874115,0.43438541889190674,-0.08736786246299744,0.6875472068786621,0.44485485553741455,-0.021378343924880028,0.7472472190856934,0.41931089758872986,-0.08048994839191437,0.6881281137466431,0.4321820139884949,-0.02912883460521698,0.750020444393158,0.4193776845932007,-0.06409688293933868,0.6945723295211792,0.43390291929244995,0.004834945313632488,0.7835435271263123,0.5697152614593506,-0.06936764717102051,0.741367518901825,0.5503812432289124,0.06944696605205536,0.6665319204330444,0.6069455742835999,-0.20684818923473358,0.6419633626937866,0.5684928894042969,-0.07199645042419434,0.5566211342811584,0.7554387450218201,-0.35781151056289673,0.5332489013671875,0.7008553147315979,-0.22406473755836487,0.5484461188316345,0.8013295531272888,-0.3714488446712494,0.522156834602356,0.7445801496505737,-0.24051789939403534,0.48704904317855835,0.7337522506713867,-0.45938998460769653,0.466325044631958,0.6697197556495667,-0.2995561361312866,0,1
0.7664934396743774,0.25516512989997864,-0.06393919885158539,0.7644384503364563,0.23628570139408112,-0.06736935675144196,0.7674767374992371,0.2339385598897934,-0.06741414964199066,0.7724413275718689,0.23210489749908447,-0.06746656447649002,0.7571361660957336,0.24046429991722107,-0.04717887192964554,0.7527140974998474,0.24121509492397308,-0.04720557481050491,0.7492550015449524,0.24203166365623474,-0.04724608734250069,0.798507571220398,0.23395076394081116,-0.046437256038188934,0.7530725598335266,0.24716827273368835,0.04794181138277054,0.7748256921768188,0.27059119939804077,-0.0535791739821434,0.7565860152244568,0.2731305956840515,-0.025942403823137283,0.8211973905563354,0.3223779797554016,-0.04782876744866371,0.745925784111023,0.3393810987472534,0.12783481180667877,0.8459614515304565,0.4699214994907379,-0.11444626748561859,0.7305346727371216,0.47061318159103394,0.11461938917636871,0.7756503224372864,0.43135499954223633,-0.17776384949684143,0.7014419436454773,0.44867271184921265,-0.055885374546051025,0.7563120126724243,0.42962124943733215,-0.19713705778121948,0.6897591948509216,0.4480530917644501,-0.08682682365179062,0.7556854486465454,0.4140321612358093,-0.18340596556663513,0.6916583776473999,0.43470942974090576,-0.09520278871059418,0.7594629526138306,0.41462504863739014,-0.16952067613601685,0.6977857947349548,0.4363629221916199,-0.06575644016265869,0.7815670371055603,0.5712026953697205,-0.07003794610500336,0.739219069480896,0.5507445335388184,0.07020778954029083,0.665995717048645,0.6160441637039185,-0.20584256947040558,0.6411028504371643,0.5679565072059631,-0.08693061023950577,0.5574958324432373,0.7615747451782227,-0.31691938638687134,0.5339104533195496,0.7022349834442139,-0.2024277001619339,0.548405110836029,0.8030678629875183,-0.32946816086769104,0.5239211320877075,0.7500640153884888,-0.21609020233154297,0.49141597747802734,0.7331209778785706,-0.45002514123916626,0.4671739935874939,0.6710139513015747,-0.2809150815010071,0,1
0.7101247310638428,0.25531142950057983,-0.04458136484026909,0.7152041792869568,0.2366989701986313,-0.04179409146308899,0.7182379961013794,0.23420001566410065,-0.04182230681180954,0.7225726842880249,0.23255299031734467,-0.041861642152071,0.709536075592041,0.2406328022480011,-0.025003287941217422,0.7089106440544128,0.24151107668876648,-0.02498845010995865,0.7087587118148804,0.24237510561943054,-0.02497071772813797,0.7429249882698059,0.23442594707012177,-0.024602072313427925,0.7238935828208923,0.24689257144927979,0.07331400364637375,0.7211096286773682,0.27158182859420776,-0.030961552634835243,0.7145593166351318,0.27380549907684326,-0.004548903089016676,0.7972094416618347,0.3310178518295288,-0.052872251719236374,0.7212235331535339,0.3438775837421417,0.14105039834976196,0.7960911989212036,0.4859771430492401,-0.14666244387626648,0.6939987540245056,0.47315478324890137,0.11892096698284149,0.7203728556632996,0.4367334246635437,-0.23050610721111298,0.6478372812271118,0.4645272195339203,-0.06897570192813873,0.6997784376144409,0.43786975741386414,-0.25758713483810425,0.6338537931442261,0.4643388092517853,-0.10200588405132294,0.6973994970321655,0.4226674735546112,-0.24623048305511475,0.6345750689506531,0.45517078042030334,-0.11937527358531952,0.7059656977653503,0.4221610128879547,-0.22508008778095245,0.6385602355003357,0.455169677734375,-0.08394742757081985,0.7780731916427612,0.5714588761329651,-0.07088129967451096,0.7317832708358765,0.5604555010795593,0.07103773206472397,0.664442241191864,0.6145468354225159,-0.2629637122154236,0.6397521495819092,0.5708760023117065,-0.12891247868537903,0.5573431253433228,0.755144476890564,-0.3993479609489441,0.5330782532691956,0.7018986344337463,-0.27623921632766724,0.5486847162246704,0.8017506003379822,-0.41401344537734985,0.521440327167511,0.7383080124855042,-0.2925862669944763,0.4931182861328125,0.7189999222755432,-0.5226000547409058,0.46875032782554626,0.6603415012359619,-0.36613744497299194,0,1
0.6727126836776733,0.25904595851898193,-0.0616820827126503,0.6802808046340942,0.24286691844463348,-0.07170597463846207,0.6833941340446472,0.24241207540035248,-0.07168837636709213,0.6868665814399719,0.24202997982501984,-0.07161657512187958,0.6765685677528381,0.24372096359729767,-0.045365117490291595,0.6767837405204773,0.24407315254211426,-0.04544120654463768,0.6772896647453308,0.24421437084674835,-0.04551291465759277,0.7048972249031067,0.249534472823143,-0.10072831809520721,0.6929879784584045,0.25028321146965027,0.016860250383615494,0.6815935373306274,0.28003376722335815,-0.07173529267311096,0.6769294738769531,0.2799994647502899,-0.03739204630255699,0.7470154166221619,0.3484877049922943,-0.16270947456359863,0.6856837868690491,0.35583168268203735,0.08963490277528763,0.7086421847343445,0.47930437326431274,-0.20970621705055237,0.6264981031417847,0.44577887654304504,0.12286783754825592,0.6259604692459106,0.5049962401390076,-0.2166782170534134,0.5673229694366455,0.4810478985309601,0.0682535469532013,0.6075935959815979,0.5158231258392334,-0.24277444183826447,0.5492487549781799,0.4854218363761902,0.060530491173267365,0.6046287417411804,0.5096867680549622,-0.23797214031219482,0.5478728413581848,0.4845563769340515,0.03496300429105759,0.6072620153427124,0.5047794580459595,-0.21374347805976868,0.5559219121932983,0.4854990243911743,0.05374130606651306,0.767344057559967,0.582487165927887,-0.07557553052902222,0.7248960733413696,0.562337338924408,0.075777068734169,0.6543339490890503,0.5950944423675537,-0.2501569390296936,0.6283246874809265,0.5575130581855774,-0.03660991042852402,0.5551232099533081,0.7521528601646423,-0.33906251192092896,0.5344833731651306,0.6939424872398376,-0.09055938571691513,0.548653781414032,0.7991379499435425,-0.3480073809623718,0.5323373079299927,0.7354955673217773,-0.09784092009067535,0.4955880641937256,0.7052984237670898,-0.4236648678779602,0.4762417674064636,0.6619649529457092,-0.13532187044620514,0,1
0.634198784828186,0.27650097012519836,-0.22562670707702637,0.6436702609062195,0.2596564292907715,-0.23682279884815216,0.6469945907592773,0.25978967547416687,-0.2367599755525589,0.6508322358131409,0.26008015871047974,-0.23668313026428223,0.6385005116462708,0.25902584195137024,-0.21174326539039612,0.6383281946182251,0.2584151029586792,-0.21184583008289337,0.6383866667747498,0.2577512264251709,-0.21183359622955322,0.6682923436164856,0.2719618082046509,-0.23757538199424744,0.652324378490448,0.2654934823513031,-0.12627753615379333,0.6439676880836487,0.29955142736434937,-0.22251352667808533,0.6371846795082092,0.2959904670715332,-0.18998081982135773,0.6937335729598999,0.3583565652370453,-0.29191213846206665,0.6653432250022888,0.35512053966522217,0.010774392634630203,0.6066170930862427,0.45904257893562317,-0.3316812813282013,0.5846160650253296,0.4231429100036621,0.0503489188849926,0.5194809436798096,0.5121617913246155,-0.30959826707839966,0.5102335810661316,0.4860977530479431,0.0028211188036948442,0.501745343208313,0.5239955186843872,-0.34197381138801575,0.4961419105529785,0.49039772152900696,0.009263735264539719,0.49998360872268677,0.5193334221839905,-0.3229615390300751,0.49605879187583923,0.4933200776576996,-0.01594272255897522,0.5048600435256958,0.5170153379440308,-0.30184948444366455,0.50175940990448,0.4944142997264862,-0.015556859783828259,0.7477691769599915,0.5829830765724182,-0.09397898614406586,0.7177459001541138,0.5588061213493347,0.09399564564228058,0.6440824866294861,0.5627197027206421,-0.24555358290672302,0.6124733686447144,0.5183144211769104,0.012674877420067787,0.5485959649085999,0.7270376682281494,-0.2839345335960388,0.5396108031272888,0.691899836063385,-0.03355364128947258,0.5489365458488464,0.7857288122177124,-0.28912490606307983,0.5382566452026367,0.7342957258224487,-0.039016615599393845,0.49097761511802673,0.6977676153182983,-0.36446601152420044,0.48163866996765137,0.669762909412384,-0.07542256265878677,0,1
0.5918408036231995,0.3053092956542969,-0.16608089208602905,0.599504828453064,0.2871159315109253,-0.18475070595741272,0.6023290753364563,0.28654739260673523,-0.18470695614814758,0.6055465936660767,0.28586113452911377,-0.1846615970134735,0.5954930782318115,0.2869216203689575,-0.15453873574733734,0.5954986810684204,0.28603240847587585,-0.15466734766960144,0.595615565776825,0.2848888337612152,-0.15469686686992645,0.6225588321685791,0.2936553657054901,-0.21599335968494415,0.6090140342712402,0.289833128452301,-0.07915730774402618,0.6021795272827148,0.32471519708633423,-0.17347094416618347,0.595436692237854,0.32195019721984863,-0.13389286398887634,0.6545900702476501,0.3704827129840851,-0.2734448313713074,0.6307711005210876,0.3622973561286926,0.03430108726024628,0.5629575848579407,0.4546346962451935,-0.3231582045555115,0.5445805788040161,0.4279400408267975,0.06864232569932938,0.4678723216056824,0.5001645684242249,-0.30480870604515076,0.4659804403781891,0.48816096782684326,0.008024794049561024,0.44424423575401306,0.5120285749435425,-0.3452470004558563,0.4468318819999695,0.49434781074523926,0.010407114401459694,0.4423282742500305,0.5038384199142456,-0.3234417140483856,0.44241324067115784,0.49458807706832886,-0.024890953674912453,0.44828397035598755,0.5016665458679199,-0.2978368103504181,0.45004382729530334,0.4952341318130493,-0.010906094685196877,0.7316497564315796,0.5852091312408447,-0.1005333811044693,0.706610381603241,0.5719743371009827,0.10051240026950836,0.6146007776260376,0.5170817375183105,-0.21566498279571533,0.5864523649215698,0.4963093101978302,0.11673883348703384,0.5432009100914001,0.7253400087356567,-0.21990223228931427,0.5318870544433594,0.6920800805091858,0.1280161291360855,0.5464090704917908,0.7798084616661072,-0.22138258814811707,0.5371402502059937,0.7325931787490845,0.128336101770401,0.4771156311035156,0.6842889189720154,-0.28212711215019226,0.48076504468917847,0.6826990842819214,0.10593914985656738,0,1
0.5493761897087097,0.3217847943305969,-0.05481741577386856,0.5547772645950317,0.3035261332988739,-0.07752704620361328,0.5568596720695496,0.30252766609191895,-0.07755550742149353,0.559279203414917,0.3013944625854492,-0.07758796960115433,0.5529228448867798,0.3039610683917999,-0.04516460746526718,0.5536137223243713,0.3033113479614258,-0.045245133340358734,0.55445396900177,0.30237895250320435,-0.045259587466716766,0.5768653154373169,0.3067804276943207,-0.12953051924705505,0.5710276961326599,0.30481818318367004,0.01813875511288643,0.5565025210380554,0.3368004858493805,-0.06978418678045273,0.5541686415672302,0.3374635875225067,-0.02726050652563572,0.6072053909301758,0.38145163655281067,-0.20752985775470734,0.5983917117118835,0.38573795557022095,0.11962263286113739,0.5103033781051636,0.4669856131076813,-0.25017231702804565,0.5087992548942566,0.45559459924697876,0.13751457631587982,0.41974371671676636,0.5180656909942627,-0.22059416770935059,0.4258967936038971,0.5041431784629822,0.08252273499965668,0.39825567603111267,0.5322402715682983,-0.260506808757782,0.40547770261764526,0.5096337199211121,0.08812595903873444,0.3948906362056732,0.5248700976371765,-0.23415052890777588,0.40316182374954224,0.5119578242301941,0.054707787930965424,0.40123313665390015,0.5238121151924133,-0.21231918036937714,0.4094031751155853,0.5134732723236084,0.06557027995586395,0.7087531089782715,0.5889030694961548,-0.10483010113239288,0.6938484311103821,0.5865433812141418,0.10480483621358871,0.5879851579666138,0.4978581666946411,-0.18801206350326538,0.571779191493988,0.49538230895996094,0.16752173006534576,0.5325918197631836,0.7061891555786133,-0.15419377386569977,0.5297418832778931,0.687881350517273,0.211025670170784,0.541650652885437,0.768847644329071,-0.15159447491168976,0.5361116528511047,0.7291348576545715,0.21412333846092224,0.4685472846031189,0.6880198121070862,-0.19601885974407196,0.48013630509376526,0.6896483302116394,0.19559091329574585,0,1
0.5149654150009155,0.32705819606781006,-0.05162965506315231,0.520723283290863,0.30817267298698425,-0.07100136578083038,0.5228711366653442,0.3073584735393524,-0.07105614244937897,0.5252623558044434,0.3063740134239197,-0.07108941674232483,0.5190272331237793,0.3080272674560547,-0.03960350900888443,0.519890546798706,0.3071710467338562,-0.03967227041721344,0.5209325551986694,0.3062075674533844,-0.03969282656908035,0.5423921942710876,0.31165313720703125,-0.11178991943597794,0.5366008281707764,0.3097735345363617,0.03038477897644043,0.5228155851364136,0.34330278635025024,-0.06391794979572296,0.520948052406311,0.34337177872657776,-0.022709926590323448,0.575351357460022,0.3919927477836609,-0.19437360763549805,0.5616759061813354,0.3963542878627777,0.13255801796913147,0.47533828020095825,0.47884631156921387,-0.24979671835899353,0.47689008712768555,0.4759804606437683,0.14785325527191162,0.3860084116458893,0.5418396592140198,-0.22755365073680878,0.39261555671691895,0.5351221561431885,0.08521962910890579,0.36656105518341064,0.5554677844047546,-0.2680082321166992,0.3710402250289917,0.5413902997970581,0.08980007469654083,0.36325153708457947,0.551769495010376,-0.24212324619293213,0.37083563208580017,0.5455947518348694,0.05474136397242546,0.3713260591030121,0.5481970310211182,-0.21927329897880554,0.37684759497642517,0.5455796718597412,0.06700773537158966,0.6848198771476746,0.5912033319473267,-0.10705174505710602,0.6700606942176819,0.5921932458877563,0.10698852688074112,0.5649804472923279,0.4915364980697632,-0.1794750839471817,0.5514615774154663,0.48510172963142395,0.19357830286026,0.5292375087738037,0.7067118883132935,-0.13354064524173737,0.5277078747749329,0.6909165978431702,0.2635347247123718,0.5394402146339417,0.7701594829559326,-0.13112151622772217,0.5389875173568726,0.7272431254386902,0.26825475692749023,0.4666089415550232,0.7068244814872742,-0.17789900302886963,0.4770798683166504,0.7029446363449097,0.24477115273475647,0,1
0.491118848323822,0.3350575566291809,-0.009236210957169533,0.49473637342453003,0.31383052468299866,-0.027507415041327477,0.4970305860042572,0.31243273615837097,-0.027578476816415787,0.49954691529273987,0.31105998158454895,-0.027624165639281273,0.4924103319644928,0.3141062259674072,0.003978230059146881,0.4928229749202728,0.31314074993133545,0.003933067433536053,0.49341773986816406,0.3121989667415619,0.003922784700989723,0.5179339647293091,0.3133656978607178,-0.06811325252056122,0.5111715793609619,0.3115203082561493,0.07386386394500732,0.5000382661819458,0.35084831714630127,-0.02257266640663147,0.4965721070766449,0.3511921465396881,0.018631398677825928,0.5499894022941589,0.39079010486602783,-0.15861603617668152,0.5363566279411316,0.40243035554885864,0.1671137511730194,0.45304566621780396,0.4799564778804779,-0.22816216945648193,0.44535312056541443,0.4827142357826233,0.17809797823429108,0.3656420111656189,0.5410333275794983,-0.20238831639289856,0.3642480969429016,0.5397177934646606,0.10950813442468643,0.3409421741962433,0.5624953508377075,-0.24006731808185577,0.33890408277511597,0.5538107752799988,0.10913717746734619,0.3402305245399475,0.5594784021377563,-0.21658232808113098,0.3383004069328308,0.5572471618652344,0.07846228778362274,0.3477887213230133,0.5542483329772949,-0.19490841031074524,0.3475421965122223,0.5554965138435364,0.09167396277189255,0.6637093424797058,0.5959575772285461,-0.10718125104904175,0.6456435918807983,0.5985651016235352,0.1070646271109581,0.5413311719894409,0.4868710935115814,-0.17848719656467438,0.5210174322128296,0.49237197637557983,0.2084202766418457,0.5273865461349487,0.7079706192016602,-0.12921805679798126,0.5278944373130798,0.6934954524040222,0.28159230947494507,0.5289208889007568,0.7646397948265076,-0.12502746284008026,0.5410173535346985,0.7266799807548523,0.286864697933197,0.4608907103538513,0.7308273315429688,-0.16717395186424255,0.4770403504371643,0.714785099029541,0.26638340950012207,0,1
0.47795310616493225,0.3240085244178772,-0.029958456754684448,0.48353734612464905,0.30537763237953186,-0.04882713407278061,0.48608270287513733,0.3052723705768585,-0.04889869689941406,0.4891525208950043,0.3055085837841034,-0.048952337354421616,0.48082488775253296,0.30406683683395386,-0.014272687025368214,0.4813569486141205,0.3031369745731354,-0.01432985533028841,0.48216477036476135,0.3022507429122925,-0.014364434406161308,0.5079218149185181,0.31149736046791077,-0.08753565698862076,0.5015097260475159,0.30618196725845337,0.06914946436882019,0.4855644106864929,0.34410545229911804,-0.04315369948744774,0.4824514389038086,0.34143880009651184,0.0019956640899181366,0.5363301038742065,0.38997969031333923,-0.18459060788154602,0.5253400802612305,0.39924156665802,0.16866689920425415,0.4315842092037201,0.47948917746543884,-0.2685340642929077,0.4269168972969055,0.4809492826461792,0.17590919137001038,0.33623823523521423,0.5431140661239624,-0.24578681588172913,0.33676832914352417,0.5422632694244385,0.09599407017230988,0.3130926787853241,0.5636893510818481,-0.29244640469551086,0.3126785159111023,0.5577881932258606,0.0935618132352829,0.3128408193588257,0.5614801645278931,-0.2675979733467102,0.3130742907524109,0.5608999729156494,0.060140542685985565,0.3192872405052185,0.5580553412437439,-0.23884734511375427,0.32071012258529663,0.55976802110672,0.0762561708688736,0.6447286605834961,0.6003367900848389,-0.11544488370418549,0.6305660009384155,0.6013518571853638,0.11531059443950653,0.5202947854995728,0.4810519814491272,-0.18030354380607605,0.4992433190345764,0.48108971118927,0.22513219714164734,0.5288904309272766,0.7119290828704834,-0.11776912212371826,0.5279837250709534,0.6931107640266418,0.3229222595691681,0.542853057384491,0.7728514671325684,-0.1116543561220169,0.5429630279541016,0.7243415117263794,0.33088093996047974,0.46685758233070374,0.7411972284317017,-0.15412889420986176,0.4883456826210022,0.7217792868614197,0.3062655031681061,0,1
0.4732730984687805,0.30378270149230957,-0.044936127960681915,0.47993969917297363,0.28696465492248535,-0.06666115671396255,0.4824228882789612,0.2872210443019867,-0.0667593702673912,0.4852260649204254,0.2873613238334656,-0.06684360653162003,0.4776584208011627,0.28541427850723267,-0.025922754779458046,0.478437602519989,0.28471100330352783,-0.025964517146348953,0.47971534729003906,0.28411468863487244,-0.025990907102823257,0.5033291578292847,0.2955581247806549,-0.11030635982751846,0.49756497144699097,0.2916766405105591,0.05875204876065254,0.479886531829834,0.3248518109321594,-0.060503702610731125,0.4775215685367584,0.3227103352546692,-0.006647019647061825,0.5269346833229065,0.38715413212776184,-0.20834258198738098,0.5178194642066956,0.3989347219467163,0.15972909331321716,0.4244426190853119,0.4764055013656616,-0.28652071952819824,0.4235917925834656,0.48056986927986145,0.16878822445869446,0.32629796862602234,0.5412983894348145,-0.26922371983528137,0.32729026675224304,0.5373386740684509,0.08033706247806549,0.3037514090538025,0.5601833462715149,-0.31996408104896545,0.3056465983390808,0.5461565852165222,0.07327808439731598,0.3012537658214569,0.5577126145362854,-0.2954292893409729,0.3024638295173645,0.5564297437667847,0.03502584993839264,0.3064972162246704,0.553826093673706,-0.26280489563941956,0.3096500337123871,0.5551868081092834,0.057727377861738205,0.6344326734542847,0.6006104946136475,-0.1189097985625267,0.6236569285392761,0.6015256643295288,0.11881428956985474,0.505221426486969,0.475142240524292,-0.1609397530555725,0.4876559376716614,0.461885541677475,0.22544625401496887,0.5290987491607666,0.7087956666946411,-0.05773932486772537,0.5285757780075073,0.6861365437507629,0.33323243260383606,0.542560875415802,0.7518189549446106,-0.04760974273085594,0.5455521941184998,0.7147669196128845,0.342404305934906,0.4678097367286682,0.72858065366745,-0.07865928113460541,0.49424856901168823,0.7186779379844666,0.31998348236083984,0,1
0.4736253321170807,0.29098615050315857,-0.04544002562761307,0.48110485076904297,0.27573826909065247,-0.06686627119779587,0.483542263507843,0.27556490898132324,-0.0669691413640976,0.4861796498298645,0.2751460075378418,-0.06705829501152039,0.4790261685848236,0.2752572298049927,-0.0277284886687994,0.4798797070980072,0.2749442458152771,-0.02777622640132904,0.481046587228775,0.2744636833667755,-0.027799095958471298,0.5034565329551697,0.2820892632007599,-0.10959120839834213,0.4978720247745514,0.2809339165687561,0.06372975558042526,0.47946691513061523,0.3102584779262543,-0.06115047261118889,0.477047860622406,0.3105625510215759,-0.00952466856688261,0.5261738300323486,0.3787058889865875,-0.2070772647857666,0.5201310515403748,0.3925609588623047,0.16697533428668976,0.42175713181495667,0.47618648409843445,-0.2885476350784302,0.42510056495666504,0.47920289635658264,0.16852512955665588,0.3193681240081787,0.5396749973297119,-0.2741049826145172,0.323227196931839,0.5361447334289551,0.0817422941327095,0.29704540967941284,0.559568464756012,-0.32502269744873047,0.30027633905410767,0.5445924401283264,0.07579164206981659,0.29459452629089355,0.557644248008728,-0.2978380620479584,0.2988721430301666,0.5533307790756226,0.036275796592235565,0.301101952791214,0.5535452365875244,-0.2665936350822449,0.3058176338672638,0.552464485168457,0.05853579565882683,0.6277515888214111,0.6014680862426758,-0.12047268450260162,0.6195468306541443,0.6037619709968567,0.12038291990756989,0.4953695833683014,0.4754372537136078,-0.1429520696401596,0.48413723707199097,0.46358904242515564,0.2332083284854889,0.5290706753730774,0.7098067998886108,-0.015833478420972824,0.5286138653755188,0.6862393617630005,0.35464903712272644,0.5412718057632446,0.7503308057785034,-0.003626791760325432,0.5465172529220581,0.7131134271621704,0.3651118874549866,0.46876534819602966,0.7234892249107361,-0.0315871424973011,0.49731001257896423,0.7176240682601929,0.3394443392753601,0,1
0.4799951910972595,0.2808009088039398,-0.0954265296459198,0.48673081398010254,0.2643430829048157,-0.11326584964990616,0.4889291822910309,0.26398444175720215,-0.11334413290023804,0.4911382794380188,0.26349717378616333,-0.11341609060764313,0.4846927225589752,0.26447468996047974,-0.07796252518892288,0.485490620136261,0.2641961872577667,-0.07801926881074905,0.4865894913673401,0.2637869715690613,-0.07801394164562225,0.5089856386184692,0.27148038148880005,-0.14083214104175568,0.5035960674285889,0.2703929543495178,0.01804129220545292,0.48640933632850647,0.29997575283050537,-0.10378237068653107,0.4834110736846924,0.30208635330200195,-0.05751754716038704,0.5331336855888367,0.3750397264957428,-0.22704389691352844,0.5219202041625977,0.3866323232650757,0.138071209192276,0.42390280961990356,0.476467102766037,-0.2978059947490692,0.4336804449558258,0.47198745608329773,0.1530427187681198,0.33111459016799927,0.5428728461265564,-0.2863580882549286,0.35283467173576355,0.5356557369232178,0.06627450883388519,0.310846745967865,0.567151665687561,-0.3366745412349701,0.33240067958831787,0.5480670928955078,0.06504102051258087,0.30718475580215454,0.5666148662567139,-0.3103446364402771,0.33158525824546814,0.5538897514343262,0.023120786994695663,0.3155246675014496,0.5622485280036926,-0.2787286043167114,0.3373151421546936,0.5529186725616455,0.04413127526640892,0.6324886679649353,0.6002781391143799,-0.12007900327444077,0.6195394992828369,0.6039519309997559,0.1200031191110611,0.49799638986587524,0.467049777507782,-0.14854773879051208,0.4892341196537018,0.4605801999568939,0.19876304268836975,0.5289169549942017,0.7069099545478821,-0.03948592394590378,0.5281392335891724,0.6883713006973267,0.27607104182243347,0.5406052470207214,0.7506862878799438,-0.029422178864479065,0.5454567670822144,0.7200018167495728,0.28215962648391724,0.4664285182952881,0.7139661908149719,-0.05866324156522751,0.494560569524765,0.7182125449180603,0.2617882192134857,0,1
0.5090237855911255,0.26698124408721924,-0.13436509668827057,0.5188607573509216,0.247126042842865,-0.14228129386901855,0.5223227739334106,0.24682161211967468,-0.14232316613197327,0.5263056755065918,0.24705183506011963,-0.14233171939849854,0.5134617686271667,0.24755629897117615,-0.11527767032384872,0.512804388999939,0.24719583988189697,-0.11539442837238312,0.5122227072715759,0.2467244267463684,-0.11543409526348114,0.542620837688446,0.2607339322566986,-0.13675490021705627,0.5261081457138062,0.25646695494651794,-0.01348413247615099,0.515768826007843,0.2902171313762665,-0.12993712723255157,0.5089292526245117,0.2900357246398926,-0.09458765387535095,0.5694423913955688,0.36463215947151184,-0.2099817544221878,0.5356806516647339,0.37728238105773926,0.1016584038734436,0.4905436635017395,0.4789913594722748,-0.25725966691970825,0.4716716706752777,0.4717598855495453,0.12925413250923157,0.39302587509155273,0.5512793660163879,-0.25443539023399353,0.3917714059352875,0.5369479060173035,0.05798623710870743,0.3751879632472992,0.5762233734130859,-0.296090692281723,0.3752976655960083,0.551529049873352,0.05797417089343071,0.37304025888442993,0.5678877830505371,-0.27483946084976196,0.37342217564582825,0.5538675785064697,0.018920112401247025,0.37800145149230957,0.5636847019195557,-0.24828080832958221,0.3790387213230133,0.5533921718597412,0.038328446447849274,0.6527948975563049,0.5934739708900452,-0.10702073574066162,0.6263595223426819,0.5994166135787964,0.10674718767404556,0.5280674695968628,0.4688064157962799,-0.18490037322044373,0.507911205291748,0.47179490327835083,0.17125962674617767,0.5282849669456482,0.7074171304702759,-0.12701931595802307,0.5222582221031189,0.6864561438560486,0.19998669624328613,0.5407514572143555,0.7609060406684875,-0.12132594734430313,0.5437782406806946,0.721394956111908,0.20179207623004913,0.4650353491306305,0.7143564224243164,-0.16200381517410278,0.47356709837913513,0.7121479511260986,0.17971587181091309,0,1
0.5620842576026917,0.2524551749229431,-0.22881481051445007,0.5716455578804016,0.23479199409484863,-0.23790773749351501,0.5755857229232788,0.23467469215393066,-0.23792962729930878,0.5796065330505371,0.23430225253105164,-0.23795127868652344,0.5641881823539734,0.23384132981300354,-0.21083422005176544,0.5630311369895935,0.23334191739559174,-0.21095824241638184,0.5619991421699524,0.23253567516803741,-0.21093988418579102,0.5968908667564392,0.24513687193393707,-0.22792533040046692,0.5747548341751099,0.2420489639043808,-0.10501427948474884,0.5701042413711548,0.27443191409111023,-0.2225482165813446,0.5612695217132568,0.27462276816368103,-0.18658167123794556,0.6214795708656311,0.3615027964115143,-0.28117823600769043,0.5783368945121765,0.3536565601825714,0.025181889533996582,0.5425897836685181,0.47935324907302856,-0.332347571849823,0.5183560252189636,0.45465904474258423,0.062227003276348114,0.45434555411338806,0.5436069369316101,-0.33404284715652466,0.4464871287345886,0.518267810344696,-0.0040928078815341,0.4333891272544861,0.5608552098274231,-0.3811942934989929,0.4247409403324127,0.5284565091133118,-0.002814582083374262,0.4289622902870178,0.5487196445465088,-0.3589927554130554,0.423673540353775,0.5294494032859802,-0.04430675134062767,0.43524637818336487,0.5439625382423401,-0.32824769616127014,0.4310527443885803,0.5288124680519104,-0.02378510683774948,0.6868255138397217,0.5932851433753967,-0.10762152820825577,0.6537462472915649,0.580219030380249,0.10741082578897476,0.5685256719589233,0.48926112055778503,-0.24967488646507263,0.5353637933731079,0.47202059626579285,0.15526005625724792,0.5303710103034973,0.7244437336921692,-0.23844972252845764,0.5184541344642639,0.6936423778533936,0.18420439958572388,0.540735125541687,0.7826672196388245,-0.23801366984844208,0.523467481136322,0.7403950095176697,0.18549393117427826,0.46101608872413635,0.7305728197097778,-0.2932567298412323,0.46264857053756714,0.7130520939826965,0.16501851379871368,0,1
0.6215410232543945,0.24762751162052155,-0.2179957926273346,0.6303491592407227,0.22862915694713593,-0.22632089257240295,0.6342061161994934,0.22924423217773438,-0.22632558643817902,0.6388000845909119,0.22991515696048737,-0.22634246945381165,0.6243335008621216,0.227419912815094,-0.1980183720588684,0.623313844203949,0.2264174073934555,-0.19814366102218628,0.6222470998764038,0.22508691251277924,-0.1981309950351715,0.6570513844490051,0.24325551092624664,-0.22190919518470764,0.634189784526825,0.2332153171300888,-0.09291853755712509,0.6290494203567505,0.2686351239681244,-0.21458275616168976,0.6203619837760925,0.26639971137046814,-0.17683729529380798,0.6774858832359314,0.3419315814971924,-0.28892770409584045,0.6332846283912659,0.3400673270225525,0.02575896680355072,0.6006589531898499,0.4278642535209656,-0.38034576177597046,0.5648330450057983,0.4084521532058716,0.04266461730003357,0.5129648447036743,0.4571956694126129,-0.3913866877555847,0.49686145782470703,0.4533790051937103,-0.04911939799785614,0.4939764142036438,0.47447553277015686,-0.44278207421302795,0.4801788330078125,0.4585568606853485,-0.059392280876636505,0.49020710587501526,0.46991056203842163,-0.4218448996543884,0.47895151376724243,0.4602174162864685,-0.09690750390291214,0.4965500831604004,0.4660542905330658,-0.3872857689857483,0.4852921962738037,0.4612385332584381,-0.06962458789348602,0.724354088306427,0.585924506187439,-0.11032092571258545,0.6945462226867676,0.5718710422515869,0.11020885407924652,0.5972004532814026,0.49818649888038635,-0.26228296756744385,0.5725380182266235,0.48605164885520935,0.10527096688747406,0.5382108688354492,0.7290091514587402,-0.2755703330039978,0.5217996835708618,0.6939190626144409,0.10953907668590546,0.5421556830406189,0.7810606360435486,-0.2781835198402405,0.526295006275177,0.7386512160301208,0.10765497386455536,0.46110010147094727,0.7240738868713379,-0.34926313161849976,0.46606236696243286,0.7035861015319824,0.07121400535106659,0,1
0.6773210167884827,0.2381393164396286,-0.17123611271381378,0.688301682472229,0.22254744172096252,-0.17203004658222198,0.692383348941803,0.22388619184494019,-0.17200016975402832,0.6965445280075073,0.22573204338550568,-0.1719667613506317,0.6818667650222778,0.2196694016456604,-0.14850857853889465,0.6808546185493469,0.21801723539829254,-0.14860433340072632,0.6798210144042969,0.2161325216293335,-0.14858785271644592,0.7112478613853455,0.24111294746398926,-0.15178081393241882,0.6919963359832764,0.228343203663826,-0.04270683974027634,0.683788001537323,0.2592170834541321,-0.16131331026554108,0.6750462651252747,0.2557775378227234,-0.1305851936340332,0.7172049880027771,0.3316069543361664,-0.22663560509681702,0.6780420541763306,0.33241358399391174,0.08866401016712189,0.64061039686203,0.3793078660964966,-0.2984849810600281,0.6114583611488342,0.37820518016815186,0.14796403050422668,0.5522685050964355,0.40393686294555664,-0.3041674792766571,0.5452880859375,0.40445682406425476,0.09683617204427719,0.5343153476715088,0.41929396986961365,-0.3416411280632019,0.5291223526000977,0.41384467482566833,0.1004202738404274,0.5312584638595581,0.4164084196090698,-0.31858760118484497,0.5278249979019165,0.41359850764274597,0.06837255507707596,0.5379875302314758,0.4131946265697479,-0.29619890451431274,0.5336233973503113,0.41335687041282654,0.08060157299041748,0.750029981136322,0.5750450491905212,-0.11037200689315796,0.7218096852302551,0.5628477334976196,0.11025925725698471,0.6176308393478394,0.5305871963500977,-0.1920391023159027,0.599036455154419,0.5127442479133606,0.09549830108880997,0.541993260383606,0.7323431968688965,-0.19335873425006866,0.5282697081565857,0.697623610496521,0.11451248079538345,0.5430729389190674,0.7851647138595581,-0.19490255415439606,0.5275841951370239,0.7379664182662964,0.11463286727666855,0.46818503737449646,0.708560585975647,-0.2529231905937195,0.470711886882782,0.6989465355873108,0.08861023932695389,0,1
0.7214964628219604,0.2387768179178238,-0.18273700773715973,0.7329337000846863,0.2252134084701538,-0.17578263580799103,0.7367444038391113,0.22636981308460236,-0.17572282254695892,0.7408065795898438,0.2278979867696762,-0.17568901181221008,0.7252160310745239,0.22168073058128357,-0.1653154194355011,0.7235755920410156,0.21986675262451172,-0.16544753313064575,0.7220121622085571,0.2180304229259491,-0.16551531851291656,0.7545866966247559,0.24191349744796753,-0.13028571009635925,0.7309991717338562,0.22897182404994965,-0.07105125486850739,0.726284921169281,0.2611507475376129,-0.16240234673023224,0.7180662155151367,0.2553600072860718,-0.14594411849975586,0.766752302646637,0.3300178647041321,-0.18872126936912537,0.7032408118247986,0.32651567459106445,0.03534359857439995,0.6955471038818359,0.39925622940063477,-0.2815247178077698,0.6409075856208801,0.38519003987312317,0.01746971532702446,0.6208570599555969,0.42335593700408936,-0.32343941926956177,0.5773056149482727,0.4233073890209198,-0.1059151440858841,0.6015557050704956,0.4384562075138092,-0.3457702100276947,0.5576204061508179,0.4330415427684784,-0.12528285384178162,0.5981314778327942,0.4346870481967926,-0.3467977046966553,0.5578387975692749,0.4331115186214447,-0.15102405846118927,0.6012982130050659,0.43236950039863586,-0.3221593499183655,0.5657535195350647,0.4321103096008301,-0.12213709205389023,0.7673056721687317,0.5717592239379883,-0.08600973337888718,0.7294048070907593,0.5524936318397522,0.0859038457274437,0.6400402188301086,0.5569435954093933,-0.1997138261795044,0.6182643175125122,0.5402857661247253,-0.03409677743911743,0.5491006374359131,0.7343982458114624,-0.26472359895706177,0.5322239995002747,0.6974077820777893,-0.11564406007528305,0.5456651449203491,0.7845551371574402,-0.2712050974369049,0.527981698513031,0.7378816604614258,-0.12427087873220444,0.49229106307029724,0.7095914483070374,-0.3401557505130768,0.4687831997871399,0.6843815445899963,-0.1742093861103058,0,1
0.7510066032409668,0.26543378829956055,0.1315973848104477,0.7588953375816345,0.2501332461833954,0.1375906765460968,0.763236403465271,0.2500593066215515,0.13763603568077087,0.7684394717216492,0.25010624527931213,0.13767753541469574,0.7519534826278687,0.2493767887353897,0.1545499861240387,0.7510274648666382,0.24877960979938507,0.1544390171766281,0.7501465082168579,0.24818730354309082,0.15437212586402893,0.7853173613548279,0.25731173157691956,0.1721956580877304,0.7607096433639526,0.24924823641777039,0.24871285259723663,0.7594021558761597,0.2843960225582123,0.14373397827148438,0.7511647343635559,0.28163769841194153,0.16582107543945312,0.8065131306648254,0.332072377204895,0.07109881937503815,0.7313670516014099,0.3291313052177429,0.29015249013900757,0.7472100257873535,0.39665594696998596,-0.06534072011709213,0.6737709641456604,0.3912454843521118,0.2088775336742401,0.6754560470581055,0.41726917028427124,-0.14322763681411743,0.6031022071838379,0.41607046127319336,-0.0009185160743072629,0.6557111740112305,0.4301021099090576,-0.1741313636302948,0.5823016166687012,0.42678695917129517,-0.12183938920497894,0.647553563117981,0.4224647581577301,-0.17178736627101898,0.588211178779602,0.42417776584625244,-0.0606502890586853,0.6553853154182434,0.42126497626304626,-0.14279283583164215,0.5966924428939819,0.4219318926334381,-0.01652967557311058,0.7802425026893616,0.5728497505187988,-0.08491034805774689,0.7380985617637634,0.5524453520774841,0.0847981721162796,0.6523736715316772,0.587939977645874,-0.21234051883220673,0.6243095397949219,0.5572599768638611,-0.09143711626529694,0.5500558614730835,0.7461963891983032,-0.3762575089931488,0.5259367823600769,0.6981674432754517,-0.24038104712963104,0.5453802943229675,0.7904545068740845,-0.3921828866004944,0.5195475816726685,0.7385942339897156,-0.25648990273475647,0.49599751830101013,0.7144253849983215,-0.48831161856651306,0.4679114818572998,0.6786779165267944,-0.3331146836280823,0,1
0.763807475566864,0.2892390787601471,0.13153736293315887,0.7684929966926575,0.2729763388633728,0.1318417340517044,0.7727727293968201,0.2714015245437622,0.1318524330854416,0.7772449851036072,0.26926302909851074,0.13185517489910126,0.7615543007850647,0.2754531502723694,0.15385597944259644,0.760174572467804,0.27567431330680847,0.15378420054912567,0.7587491273880005,0.2761780321598053,0.15370400249958038,0.7931053638458252,0.2624308168888092,0.14735791087150574,0.7686378359794617,0.27361828088760376,0.2476688176393509,0.776155948638916,0.3050430715084076,0.13716229796409607,0.7660723924636841,0.30653202533721924,0.16644014418125153,0.834131121635437,0.33191242814064026,0.06972651183605194,0.7578697204589844,0.3363518714904785,0.2780597507953644,0.8058754205703735,0.4115762412548065,-0.07198774814605713,0.7051637172698975,0.4065677523612976,0.23670008778572083,0.7288649082183838,0.40386754274368286,-0.18501389026641846,0.6500483155250549,0.4129634499549866,0.06948478519916534,0.7114043235778809,0.41025352478027344,-0.21617233753204346,0.6312126517295837,0.4147219657897949,0.03234391659498215,0.7098015546798706,0.40161654353141785,-0.21165919303894043,0.635615885257721,0.41078314185142517,0.021396419033408165,0.7148081064224243,0.4021880328655243,-0.1838340163230896,0.6419235467910767,0.4111350178718567,0.05509725213050842,0.7856088876724243,0.5721933245658875,-0.07546420395374298,0.7421194314956665,0.5514703989028931,0.0754953995347023,0.6592845320701599,0.5941340923309326,-0.21149083971977234,0.6386641263961792,0.5722143650054932,-0.09167413413524628,0.5528780221939087,0.7481047511100769,-0.3669520616531372,0.5320758819580078,0.6999541521072388,-0.23663058876991272,0.5456262826919556,0.796558141708374,-0.38112911581993103,0.5211045742034912,0.7397360801696777,-0.2520594000816345,0.4960199296474457,0.7140119671821594,-0.4691401422023773,0.4701778292655945,0.6763328909873962,-0.3203265964984894,0,1
0.7566022276878357,0.28829753398895264,0.08267638832330704,0.7604652643203735,0.26991182565689087,0.07953763008117676,0.7634946703910828,0.26784107089042664,0.07949893921613693,0.7673629522323608,0.2653194069862366,0.0794331505894661,0.7544008493423462,0.2734195590019226,0.10236652940511703,0.7533164024353027,0.273799866437912,0.10237552970647812,0.7523444890975952,0.27444198727607727,0.10231951624155045,0.7834848165512085,0.2570592164993286,0.08199234306812286,0.7635317444801331,0.27362921833992004,0.18858709931373596,0.7682090997695923,0.3026049733161926,0.08397974818944931,0.7610452771186829,0.30671975016593933,0.11518404632806778,0.8346478343009949,0.3285890221595764,0.02779271826148033,0.764998197555542,0.3449978530406952,0.2317417562007904,0.8438433408737183,0.46863022446632385,-0.04101048782467842,0.744977593421936,0.4639500081539154,0.2656513750553131,0.7631530165672302,0.41956228017807007,-0.08033601939678192,0.6991814374923706,0.43702614307403564,0.18031980097293854,0.7453337907791138,0.4165404736995697,-0.09560960531234741,0.6854665279388428,0.4323647916316986,0.1609443724155426,0.7441312074661255,0.41238391399383545,-0.08900684118270874,0.683574914932251,0.4172598123550415,0.14390625059604645,0.7493394613265991,0.41175714135169983,-0.07467048615217209,0.6894195675849915,0.4202782213687897,0.16765643656253815,0.783734142780304,0.5720738172531128,-0.07439836859703064,0.7423768043518066,0.5516766309738159,0.07450412958860397,0.6653686761856079,0.6118884086608887,-0.20485401153564453,0.6429684162139893,0.5785041451454163,-0.0639340877532959,0.5586568117141724,0.7598031163215637,-0.3442167043685913,0.5318189859390259,0.7061522603034973,-0.20552150905132294,0.5479610562324524,0.804108202457428,-0.35631799697875977,0.520614504814148,0.7478862404823303,-0.22136306762695312,0.4902799129486084,0.7362211346626282,-0.4313214421272278,0.4702785611152649,0.6769630312919617,-0.2750948667526245,0,1
0.7449645400047302,0.28643691539764404,-0.00951523520052433,0.7528508901596069,0.26469501852989197,-0.015050780959427357,0.7562881708145142,0.26010966300964355,-0.015090199187397957,0.7612596750259399,0.2555161714553833,-0.015148937702178955,0.7453474402427673,0.27294132113456726,0.008290043100714684,0.7440161108970642,0.2720796465873718,0.008311651647090912,0.7426184415817261,0.27148014307022095,0.00828906986862421,0.7762909531593323,0.2466118484735489,-0.010140462778508663,0.7534319162368774,0.27131304144859314,0.09749449789524078,0.755547285079956,0.2955036461353302,-0.0060769314877688885,0.7479731440544128,0.3056701123714447,0.025453180074691772,0.8231361508369446,0.32264918088912964,-0.030335623770952225,0.7534287571907043,0.3448207676410675,0.15995442867279053,0.8526074290275574,0.46613672375679016,-0.0868939608335495,0.7349244356155396,0.4636986255645752,0.14095439016819,0.7761117815971375,0.4366731345653534,-0.13850615918636322,0.7079431414604187,0.4569057822227478,-0.01782887987792492,0.7556557059288025,0.42999139428138733,-0.15901809930801392,0.7008334398269653,0.4593065083026886,-0.04587412253022194,0.7549422979354858,0.41618916392326355,-0.14793986082077026,0.7007659077644348,0.44661039113998413,-0.05275597423315048,0.7588921785354614,0.4195326864719391,-0.13181282579898834,0.7061597108840942,0.44739630818367004,-0.027177685871720314,0.7831764817237854,0.5684856176376343,-0.07296673953533173,0.7426338791847229,0.5492379665374756,0.07313928753137589,0.6657615303993225,0.6147313117980957,-0.21011033654212952,0.6428169012069702,0.575455367565155,-0.08496752381324768,0.5578504800796509,0.7609965801239014,-0.3367978036403656,0.5344706773757935,0.7058285474777222,-0.2111082822084427,0.5478614568710327,0.8041674494743347,-0.3486000895500183,0.5238009095191956,0.7488712668418884,-0.2262713611125946,0.49029892683029175,0.7333608865737915,-0.4299962520599365,0.47101864218711853,0.6748412847518921,-0.2880975306034088,0,1
0.7267149090766907,0.2808153033256531,-0.033182039856910706,0.7305982708930969,0.25865092873573303,-0.03596245497465134,0.7337309122085571,0.2539413571357727,-0.03601905331015587,0.7378218173980713,0.24903744459152222,-0.03608066588640213,0.724349319934845,0.2673565745353699,-0.014256877824664116,0.7232781052589417,0.26749035716056824,-0.014280654489994049,0.7224568128585815,0.2680002748966217,-0.014330089092254639,0.7543410658836365,0.24226078391075134,-0.02087254449725151,0.7335178256034851,0.26899439096450806,0.08025914430618286,0.7377988696098328,0.2905155122280121,-0.025746602565050125,0.731275200843811,0.30140236020088196,0.00377059169113636,0.8180292844772339,0.3245363235473633,-0.03700921684503555,0.748458743095398,0.3477323055267334,0.15205708146095276,0.8271142840385437,0.4785217344760895,-0.09804794937372208,0.7261638641357422,0.47339919209480286,0.16977521777153015,0.7503337264060974,0.4387524127960205,-0.1499527394771576,0.6833393573760986,0.4609648883342743,0.04732019454240799,0.7304190993309021,0.43589070439338684,-0.170749232172966,0.6705933809280396,0.4613772928714752,0.022465720772743225,0.7279449701309204,0.42471104860305786,-0.15700361132621765,0.6710304021835327,0.4512133300304413,-0.0003025847836397588,0.7338566780090332,0.4261513650417328,-0.14191284775733948,0.676815390586853,0.451558381319046,0.032185181975364685,0.780513346195221,0.5729804039001465,-0.07097454369068146,0.7404636144638062,0.5543578863143921,0.07122770696878433,0.6631994247436523,0.6100761294364929,-0.2587652802467346,0.6397820711135864,0.5781416296958923,-0.10651896893978119,0.5600938200950623,0.7598902583122253,-0.38000309467315674,0.5346928238868713,0.6995202302932739,-0.23501987755298615,0.5504747629165649,0.8049302101135254,-0.39275527000427246,0.5223744511604309,0.7417692542076111,-0.24972698092460632,0.4987240731716156,0.7337385416030884,-0.4902803301811218,0.4700116217136383,0.6607016921043396,-0.3168257176876068,0,1
0.7038941979408264,0.267682284116745,-0.02439914643764496,0.7081942558288574,0.24714325368404388,-0.028890442103147507,0.7117518186569214,0.24428710341453552,-0.02893732115626335,0.7153770923614502,0.24089503288269043,-0.02894260548055172,0.7038227319717407,0.2526736259460449,-0.005844789557158947,0.7035582065582275,0.2533903121948242,-0.005922574084252119,0.7034451961517334,0.2541661262512207,-0.006016393192112446,0.7340236902236938,0.23690225183963776,-0.027070682495832443,0.7164953947067261,0.25345972180366516,0.0774403065443039,0.7141872644424438,0.2801510989665985,-0.022453850135207176,0.7096993327140808,0.2860797345638275,0.007997746579349041,0.785383939743042,0.3233926296234131,-0.0748252123594284,0.7148298025131226,0.3476615846157074,0.14280109107494354,0.7784722447395325,0.4749003052711487,-0.17225119471549988,0.6756783723831177,0.46683117747306824,0.12394212186336517,0.6967520117759705,0.4429353177547455,-0.24652943015098572,0.6270897388458252,0.4604664146900177,-0.0468074269592762,0.6755415201187134,0.44636428356170654,-0.2733691930770874,0.6133085489273071,0.46207571029663086,-0.07494135946035385,0.6763437986373901,0.43195563554763794,-0.26522499322891235,0.6145724058151245,0.4541889727115631,-0.09236226230859756,0.6832033395767212,0.4313848614692688,-0.24222230911254883,0.6203098893165588,0.4543285667896271,-0.06165332719683647,0.7744768857955933,0.5695971846580505,-0.07158471643924713,0.7302736043930054,0.5544156432151794,0.07183719426393509,0.6584248542785645,0.5939355492591858,-0.2557271122932434,0.6328269839286804,0.5658913850784302,-0.10709508508443832,0.5599421262741089,0.7573586106300354,-0.3825657367706299,0.5343562364578247,0.7007328867912292,-0.2465250939130783,0.5501849055290222,0.8047837018966675,-0.39575591683387756,0.5243812799453735,0.7375781536102295,-0.2623363733291626,0.49828457832336426,0.7181627750396729,-0.49188026785850525,0.4727495312690735,0.6718237400054932,-0.32885369658470154,0,1
0.6759735345840454,0.2561528980731964,-0.06531278789043427,0.6837036609649658,0.23763038218021393,-0.06624646484851837,0.6876886487007141,0.2364509403705597,-0.06624364852905273,0.6918019652366638,0.23494932055473328,-0.06617297977209091,0.6781038045883179,0.2399558126926422,-0.04648951441049576,0.677575409412384,0.24041438102722168,-0.04657870903611183,0.6772480010986328,0.2407861351966858,-0.046643465757369995,0.7092375755310059,0.23737148940563202,-0.05192873626947403,0.689856231212616,0.2455911487340927,0.03567763417959213,0.6846175789833069,0.27390187978744507,-0.05980685353279114,0.678641676902771,0.27640020847320557,-0.03425991162657738,0.7488044500350952,0.32878416776657104,-0.11897913366556168,0.6809103488922119,0.347541481256485,0.12208268791437149,0.7118493318557739,0.4649008810520172,-0.1946679800748825,0.6271072626113892,0.4430199861526489,0.14108505845069885,0.6261385679244995,0.47772300243377686,-0.2306789606809616,0.5729336142539978,0.4629876911640167,0.033217333257198334,0.6064434051513672,0.4869758188724518,-0.2562856674194336,0.5577104687690735,0.47217220067977905,0.018545201048254967,0.6038633584976196,0.47950586676597595,-0.2522881031036377,0.5575217008590698,0.46957436203956604,-0.003238969948142767,0.6096436381340027,0.4754595160484314,-0.22776444256305695,0.5631253123283386,0.4676278829574585,0.019411759451031685,0.7594137787818909,0.5777058601379395,-0.07766987383365631,0.7176343202590942,0.5599621534347534,0.07780791074037552,0.6466671228408813,0.5536182522773743,-0.26424774527549744,0.6135104894638062,0.5276448726654053,-0.06632603704929352,0.5584520101547241,0.7394660115242004,-0.3762548863887787,0.5300978422164917,0.6955116987228394,-0.17696183919906616,0.5525736212730408,0.7892609238624573,-0.3933719992637634,0.518587052822113,0.7377340793609619,-0.18934999406337738,0.5013298988342285,0.715728759765625,-0.4757270812988281,0.4723019599914551,0.6705139875411987,-0.24538373947143555,0,1
0.6395591497421265,0.25738897919654846,-0.24608111381530762,0.6475042700767517,0.23855219781398773,-0.24965786933898926,0.6505770087242126,0.2374022752046585,-0.24959754943847656,0.6542520523071289,0.23760855197906494,-0.2495262175798416,0.6429184675216675,0.24099087715148926,-0.22586700320243835,0.642545759677887,0.24096131324768066,-0.2259817123413086,0.6422154307365417,0.24066874384880066,-0.225991889834404,0.6719761490821838,0.24870064854621887,-0.22805023193359375,0.65416020154953,0.24658234417438507,-0.1220271959900856,0.6455202102661133,0.27466094493865967,-0.23667998611927032,0.6404822468757629,0.2757505774497986,-0.20576052367687225,0.7017362713813782,0.3435434401035309,-0.2885887026786804,0.6485491394996643,0.34758850932121277,0.016317162662744522,0.6321219205856323,0.46856510639190674,-0.34902507066726685,0.5798481702804565,0.4362909495830536,0.060830581933259964,0.5508674383163452,0.5072494149208069,-0.34868353605270386,0.5108147263526917,0.4938710629940033,-0.011791805736720562,0.5318149328231812,0.526978075504303,-0.3829534649848938,0.49300259351730347,0.49668511748313904,-0.014358526095747948,0.5294890403747559,0.5195406079292297,-0.37256917357444763,0.4931110441684723,0.4990368187427521,-0.049571916460990906,0.5353082418441772,0.5156759023666382,-0.34418240189552307,0.5020918250083923,0.5008569955825806,-0.029763415455818176,0.7442598342895508,0.5811148881912231,-0.0992024764418602,0.7069963216781616,0.5605595707893372,0.09913089871406555,0.6288039088249207,0.5275849103927612,-0.2598024904727936,0.6010349988937378,0.4965551495552063,0.01584213599562645,0.5549586415290833,0.7248855829238892,-0.2921401858329773,0.5357379913330078,0.6822742223739624,-0.019533874467015266,0.5548815727233887,0.7808287143707275,-0.2973894774913788,0.5437222719192505,0.7272483110427856,-0.02549101412296295,0.49848753213882446,0.7039883732795715,-0.38037121295928955,0.4843287467956543,0.6770375967025757,-0.06750328838825226,0,1
0.5971060991287231,0.2821374535560608,-0.15860411524772644,0.6043381094932556,0.262473464012146,-0.17175866663455963,0.6069658994674683,0.262009859085083,-0.17171360552310944,0.6100799441337585,0.2615711987018585,-0.17164798080921173,0.600699782371521,0.2624109983444214,-0.14328014850616455,0.6007987260818481,0.26163870096206665,-0.14339759945869446,0.600985586643219,0.26051902770996094,-0.1434284746646881,0.6285578012466431,0.2740773856639862,-0.19098874926567078,0.6158217191696167,0.26800334453582764,-0.059616923332214355,0.6045979261398315,0.301421582698822,-0.16163089871406555,0.5995568633079529,0.30094200372695923,-0.12441917508840561,0.6608874797821045,0.3582291901111603,-0.258173406124115,0.6307745575904846,0.35573527216911316,0.05784266069531441,0.5811504125595093,0.4631712734699249,-0.30993887782096863,0.5473141074180603,0.4368572235107422,0.0942709743976593,0.4873464107513428,0.500783383846283,-0.2980285882949829,0.47341030836105347,0.5017170310020447,0.03606581687927246,0.4645906984806061,0.5194644331932068,-0.3338850438594818,0.4559798836708069,0.5098184943199158,0.04010773450136185,0.46098923683166504,0.5149683356285095,-0.31715160608291626,0.45420464873313904,0.5136221647262573,0.0036542764864861965,0.467477947473526,0.5115882158279419,-0.2918144464492798,0.4606340527534485,0.5124586224555969,0.018104061484336853,0.7323231101036072,0.5810051560401917,-0.10666793584823608,0.7051784992218018,0.5669982433319092,0.10660286992788315,0.6130332350730896,0.5112991333007812,-0.22607627511024475,0.5879372358322144,0.4858746826648712,0.13105729222297668,0.5467366576194763,0.7172518968582153,-0.22791671752929688,0.5359154939651489,0.6815517544746399,0.14919279515743256,0.548617422580719,0.7700571417808533,-0.2293616533279419,0.5391463041305542,0.7242271304130554,0.1493905782699585,0.4815761148929596,0.6741608381271362,-0.2921677231788635,0.48247742652893066,0.6798043847084045,0.12975509464740753,0,1
0.5555551052093506,0.3103281557559967,-0.08292174339294434,0.5621845126152039,0.29179349541664124,-0.10532765090465546,0.5645415782928467,0.29074251651763916,-0.10534379631280899,0.5672938227653503,0.2895841896533966,-0.10535361617803574,0.5593024492263794,0.29306232929229736,-0.0723288506269455,0.5596566200256348,0.2927316129207611,-0.07242424786090851,0.560130774974823,0.2921125292778015,-0.07243441045284271,0.584345281124115,0.2975600063800812,-0.15779174864292145,0.5761997699737549,0.2959897816181183,-0.0055959755554795265,0.5621306300163269,0.3254258334636688,-0.09754204005002975,0.5586910843849182,0.32688120007514954,-0.05414724349975586,0.619010865688324,0.3760105073451996,-0.2202003002166748,0.604162871837616,0.3803671598434448,0.09770767390727997,0.5329244136810303,0.4701680839061737,-0.3037171959877014,0.5199709534645081,0.45997217297554016,0.12371424585580826,0.4343062937259674,0.5173212885856628,-0.24401763081550598,0.4378148019313812,0.5115169286727905,0.06734271347522736,0.4160791039466858,0.5367276668548584,-0.28319135308265686,0.42041724920272827,0.5223665237426758,0.07157691568136215,0.41339921951293945,0.5297048091888428,-0.26044246554374695,0.4173663258552551,0.5241693258285522,0.03647758066654205,0.41910019516944885,0.5252364277839661,-0.23700329661369324,0.42435479164123535,0.5227145552635193,0.04959185793995857,0.7162272334098816,0.5850344300270081,-0.1044384241104126,0.6949870586395264,0.5814772248268127,0.10441771894693375,0.5961854457855225,0.4975224435329437,-0.18647600710391998,0.570504903793335,0.4913291931152344,0.1370920091867447,0.533868670463562,0.7026141881942749,-0.14934280514717102,0.528273344039917,0.6812312602996826,0.1652146875858307,0.5422130823135376,0.7659190893173218,-0.1464490294456482,0.5368668437004089,0.723246693611145,0.16647084057331085,0.4717724323272705,0.6849370002746582,-0.19343231618404388,0.47591274976730347,0.6853293776512146,0.14534911513328552,0,1
0.5243851542472839,0.32566821575164795,-0.017956962808966637,0.5293220281600952,0.30650755763053894,-0.03546828776597977,0.5317766666412354,0.30541548132896423,-0.035523924976587296,0.5344721674919128,0.3040190041065216,-0.03555126115679741,0.526476263999939,0.3070782423019409,-0.005004323553293943,0.5268157124519348,0.3064703345298767,-0.005055312532931566,0.5273835062980652,0.3056953251361847,-0.005071909632533789,0.551979124546051,0.3082658052444458,-0.0727766901254654,0.5438950061798096,0.30701181292533875,0.06536035239696503,0.5324734449386597,0.3421310782432556,-0.029675155878067017,0.5295248031616211,0.34263843297958374,0.010460392571985722,0.5881007313728333,0.38357314467430115,-0.15443512797355652,0.5699507594108582,0.4052989184856415,0.158995121717453,0.49005088210105896,0.47278904914855957,-0.21578669548034668,0.4849676191806793,0.47607702016830444,0.1756737381219864,0.403878390789032,0.5289708375930786,-0.18984368443489075,0.4073660969734192,0.5322510004043579,0.12368849664926529,0.38500213623046875,0.5486547946929932,-0.22622306644916534,0.38889285922050476,0.5471867322921753,0.13022062182426453,0.38326185941696167,0.5467764139175415,-0.19996342062950134,0.388654887676239,0.5504425764083862,0.09822459518909454,0.3895982801914215,0.5428804755210876,-0.1812783181667328,0.39454394578933716,0.5492687225341797,0.10680161416530609,0.6941364407539368,0.5854631066322327,-0.10483863204717636,0.6758838891983032,0.59056156873703,0.10478980839252472,0.5760735869407654,0.49713295698165894,-0.20113031566143036,0.5545838475227356,0.4938332140445709,0.1867566555738449,0.5298458337783813,0.7112926244735718,-0.18612776696681976,0.5245792269706726,0.6908640265464783,0.21864143013954163,0.5408856868743896,0.7697309851646423,-0.18555620312690735,0.5363396406173706,0.7291316390037537,0.21974904835224152,0.4677634835243225,0.7202154397964478,-0.2384415566921234,0.47063708305358887,0.7028872966766357,0.1941806823015213,0,1
0.5031323432922363,0.32740113139152527,0.003921780269593,0.5089494585990906,0.3069348931312561,-0.010925056412816048,0.5118024945259094,0.3058032989501953,-0.01099680457264185,0.5149379372596741,0.30453231930732727,-0.011032047681510448,0.5053772330284119,0.3077651560306549,0.02005929872393608,0.505520224571228,0.3071535527706146,0.020019136369228363,0.5058262944221497,0.3065633475780487,0.0200036708265543,0.5328148007392883,0.3086514174938202,-0.04177384451031685,0.5238823890686035,0.30771923065185547,0.09780113399028778,0.5116039514541626,0.3438211977481842,-0.005996480118483305,0.5072005391120911,0.3442482352256775,0.03445103392004967,0.5625790357589722,0.385500967502594,-0.13998660445213318,0.5466223955154419,0.4157745838165283,0.20216205716133118,0.4716986119747162,0.4742220938205719,-0.21323330700397491,0.47410649061203003,0.49097853899002075,0.23055636882781982,0.38220077753067017,0.5231136083602905,-0.18350285291671753,0.40602272748947144,0.5853145122528076,0.17926502227783203,0.3605397641658783,0.54432612657547,-0.21588893234729767,0.3710193336009979,0.5549210906028748,0.1889074146747589,0.35749074816703796,0.5426537990570068,-0.19088348746299744,0.3701326251029968,0.5562919974327087,0.16123580932617188,0.36413389444351196,0.536722719669342,-0.17452380061149597,0.380754679441452,0.5555527210235596,0.163736030459404,0.6752710342407227,0.5869702696800232,-0.11040011793375015,0.6579135060310364,0.601372241973877,0.11023493111133575,0.5572143793106079,0.495182067155838,-0.19500155746936798,0.5389418601989746,0.49772974848747253,0.20721741020679474,0.5268532633781433,0.7125052809715271,-0.15496501326560974,0.524376630783081,0.7079764008522034,0.26234909892082214,0.5273687243461609,0.7631480693817139,-0.1512850970029831,0.5379628539085388,0.7393072247505188,0.2662580609321594,0.46237286925315857,0.7273282408714294,-0.19680866599082947,0.4713851511478424,0.7304131388664246,0.24313807487487793,0,1
0.4880444407463074,0.3230755031108856,-0.0041088080033659935,0.493203729391098,0.30294400453567505,-0.023437190800905228,0.4957098364830017,0.30195432901382446,-0.023511532694101334,0.4986569285392761,0.30083024501800537,-0.02356526628136635,0.4905098080635071,0.3036934435367584,0.01081913523375988,0.4909983277320862,0.3031473457813263,0.010759630240499973,0.49175041913986206,0.3025972843170166,0.010744765400886536,0.5165173411369324,0.30519983172416687,-0.06427010893821716,0.5097483396530151,0.30442580580711365,0.08745385706424713,0.49643397331237793,0.34010952711105347,-0.01804974302649498,0.49338001012802124,0.34015557169914246,0.026596497744321823,0.5489561557769775,0.3839073181152344,-0.14839603006839752,0.537245512008667,0.40866008400917053,0.19228333234786987,0.44902515411376953,0.4725021719932556,-0.23920781910419464,0.4605664312839508,0.5081902146339417,0.21762904524803162,0.3592470586299896,0.5218357443809509,-0.18619368970394135,0.39335471391677856,0.5877647995948792,0.14857980608940125,0.33633556962013245,0.5419385433197021,-0.2358713150024414,0.35219746828079224,0.550382137298584,0.15273399651050568,0.3339475095272064,0.5392457842826843,-0.19312331080436707,0.35014915466308594,0.5514485239982605,0.11992893368005753,0.34085020422935486,0.5337285399436951,-0.18148919939994812,0.38021722435951233,0.584140419960022,0.13016782701015472,0.6588022708892822,0.5903418064117432,-0.11158487945795059,0.6452814936637878,0.5981848239898682,0.11144834756851196,0.5365892648696899,0.47881510853767395,-0.15616704523563385,0.5281529426574707,0.4831899106502533,0.21028932929039001,0.5285757780075073,0.7132763266563416,-0.06951028853654861,0.5304579138755798,0.6961723566055298,0.3065428137779236,0.535015344619751,0.7618357539176941,-0.06166016310453415,0.5465846657752991,0.7216907739639282,0.314667671918869,0.4648772180080414,0.7261835932731628,-0.09578603506088257,0.4958074688911438,0.7224158644676208,0.29531437158584595,0,1
0.47992801666259766,0.3131472170352936,-0.008439840748906136,0.4863504469394684,0.2957857847213745,-0.02569706365466118,0.4889664053916931,0.2953124940395355,-0.025784030556678772,0.4918622076511383,0.2946398854255676,-0.02585945464670658,0.4836499094963074,0.29517441987991333,0.007742401212453842,0.4843026101589203,0.2944563031196594,0.007692127488553524,0.4852268099784851,0.2935856282711029,0.007678440306335688,0.5096392631530762,0.30006083846092224,-0.05883289501070976,0.5031668543815613,0.296835333108902,0.0911126434803009,0.4882044792175293,0.3340129256248474,-0.018876852467656136,0.48513278365135193,0.331656813621521,0.02459343895316124,0.5344839096069336,0.383899986743927,-0.14907661080360413,0.5344732999801636,0.40650540590286255,0.20382089912891388,0.43250221014022827,0.4713062345981598,-0.2515682578086853,0.4515189528465271,0.5141329765319824,0.2192803919315338,0.3327680230140686,0.520394504070282,-0.2002604901790619,0.38145989179611206,0.5923462510108948,0.1449393779039383,0.31059324741363525,0.5405246019363403,-0.24823537468910217,0.3652554154396057,0.5782307386398315,0.14967194199562073,0.3077995181083679,0.5378482341766357,-0.19971254467964172,0.36213162541389465,0.5798162817955017,0.11437885463237762,0.31574776768684387,0.5323451161384583,-0.18863214552402496,0.3678845167160034,0.5924639701843262,0.125325545668602,0.6447150707244873,0.5958125591278076,-0.11526362597942352,0.63672935962677,0.6027657389640808,0.11511383950710297,0.5207844972610474,0.4743587374687195,-0.12175935506820679,0.5080736875534058,0.4831189811229706,0.19432267546653748,0.5290852189064026,0.7079144716262817,0.020918460562825203,0.5330329537391663,0.6971873641014099,0.28187400102615356,0.5385674238204956,0.7617759704589844,0.03425461798906326,0.5502257347106934,0.7224054336547852,0.28916558623313904,0.4680505394935608,0.724249541759491,0.015127593651413918,0.4957616329193115,0.7288223505020142,0.26918670535087585,0,1
0.4753834307193756,0.29630884528160095,-0.0849422961473465,0.48196882009506226,0.27967017889022827,-0.10320142656564713,0.484504371881485,0.2798190414905548,-0.10329411923885345,0.4874900281429291,0.2797839939594269,-0.10338275134563446,0.47926753759384155,0.27830442786216736,-0.06726551800966263,0.4798087477684021,0.2778414785861969,-0.0673101469874382,0.4806674122810364,0.2771880030632019,-0.06731472164392471,0.5062445402145386,0.2896430194377899,-0.13319522142410278,0.49909502267837524,0.2847960293292999,0.02908512018620968,0.48254790902137756,0.3180184066295624,-0.0947757139801979,0.479504257440567,0.31555822491645813,-0.04765620455145836,0.5296101570129395,0.383686900138855,-0.22576090693473816,0.5195982456207275,0.39588961005210876,0.1403854787349701,0.4268272817134857,0.47309938073158264,-0.30767738819122314,0.4241478443145752,0.48369988799095154,0.13981398940086365,0.32914674282073975,0.5268866419792175,-0.28983548283576965,0.3307056128978729,0.5331653952598572,0.049725137650966644,0.3055664002895355,0.549347460269928,-0.3424830436706543,0.3048033118247986,0.545447051525116,0.043821513652801514,0.30340129137039185,0.5464351773262024,-0.3162580132484436,0.306469202041626,0.5555304884910583,0.0032549146562814713,0.310329794883728,0.5394135117530823,-0.28339987993240356,0.3128693699836731,0.5511733293533325,0.02681865356862545,0.6354357600212097,0.6006953120231628,-0.1168421283364296,0.6226062774658203,0.605164647102356,0.11673600971698761,0.5069218873977661,0.4705534279346466,-0.13586576282978058,0.4882108271121979,0.4574465751647949,0.19195371866226196,0.5348497629165649,0.7021965384483337,0.003882541786879301,0.5333962440490723,0.6919929385185242,0.2867310047149658,0.5483863353729248,0.7578815221786499,0.017828835174441338,0.5505700707435608,0.7123522162437439,0.29453837871551514,0.48263120651245117,0.7227218747138977,0.0026192618533968925,0.4977087378501892,0.7232583165168762,0.2755831778049469,0,1
0.47614869475364685,0.28636038303375244,-0.06251515448093414,0.4832221567630768,0.2693750858306885,-0.08988223969936371,0.4857777953147888,0.26865118741989136,-0.0900532454252243,0.48856019973754883,0.26789793372154236,-0.09021588414907455,0.48054757714271545,0.269345760345459,-0.040479883551597595,0.4812105596065521,0.26897287368774414,-0.04052705690264702,0.48210835456848145,0.2683992385864258,-0.040542684495449066,0.5064922571182251,0.2758769989013672,-0.11348865181207657,0.49942678213119507,0.2745266258716583,0.0598066970705986,0.48380398750305176,0.30753204226493835,-0.09048429876565933,0.4804365038871765,0.3079061210155487,-0.021872706711292267,0.5308000445365906,0.37618690729141235,-0.20758596062660217,0.5235517621040344,0.39103567600250244,0.16357360780239105,0.43037089705467224,0.4731108844280243,-0.2879132926464081,0.4297037720680237,0.4769233167171478,0.14692936837673187,0.3324349820613861,0.5348131060600281,-0.2708689570426941,0.3377744257450104,0.5294328331947327,0.07776255905628204,0.30750206112861633,0.5544112324714661,-0.32125741243362427,0.3115735352039337,0.5396658778190613,0.07360132783651352,0.30509352684020996,0.5509663820266724,-0.29457899928092957,0.3095833659172058,0.5457051396369934,0.03404911234974861,0.3112410604953766,0.5465383529663086,-0.2634797692298889,0.31656262278556824,0.544574499130249,0.05587010830640793,0.6297153830528259,0.6001932621002197,-0.11936167627573013,0.6217187643051147,0.608929455280304,0.11925963312387466,0.4983775019645691,0.4589288830757141,-0.13669449090957642,0.48636236786842346,0.4548160433769226,0.21467983722686768,0.5266180038452148,0.7025445699691772,-0.015232853591442108,0.5298849940299988,0.6920294165611267,0.32541772723197937,0.5396150946617126,0.7545143365859985,-0.003557241754606366,0.5499958992004395,0.7140258550643921,0.3348029851913452,0.4727420210838318,0.7225683331489563,-0.029004698619246483,0.4984186291694641,0.7219083309173584,0.3090776801109314,0,1
0.4860054850578308,0.27161192893981934,-0.06309757381677628,0.4940914213657379,0.25351300835609436,-0.07941140234470367,0.49683913588523865,0.2524120807647705,-0.07951620221138,0.5001501441001892,0.25144103169441223,-0.07960041612386703,0.49061068892478943,0.2545276880264282,-0.04292165860533714,0.4906242787837982,0.25443345308303833,-0.042976632714271545,0.4907163679599762,0.2541772127151489,-0.04299042746424675,0.517203152179718,0.26083362102508545,-0.10048651695251465,0.5059596300125122,0.26015913486480713,0.05683024600148201,0.492931604385376,0.2913723289966583,-0.07378391921520233,0.48659172654151917,0.2942625880241394,-0.02464512549340725,0.545134961605072,0.3594200015068054,-0.19307148456573486,0.5246752500534058,0.3842780590057373,0.16495482623577118,0.4538963735103607,0.4666793942451477,-0.2680327594280243,0.44379860162734985,0.468353271484375,0.1598336100578308,0.35499894618988037,0.531454861164093,-0.25678837299346924,0.35111695528030396,0.5201969742774963,0.08154966682195663,0.3336942791938782,0.5514561533927917,-0.30222365260124207,0.33462974429130554,0.534589409828186,0.07870544493198395,0.33069169521331787,0.5491181015968323,-0.2778835892677307,0.3335128426551819,0.5382733941078186,0.03620137274265289,0.3356115520000458,0.5462095141410828,-0.24932622909545898,0.3347979784011841,0.5364810824394226,0.057609111070632935,0.6358903646469116,0.5947423577308655,-0.1171225905418396,0.6232679486274719,0.6084833145141602,0.1169489249587059,0.5068487524986267,0.4551076591014862,-0.14248844981193542,0.4933549463748932,0.45712810754776,0.19422292709350586,0.525962233543396,0.7029932141304016,-0.03374824672937393,0.5260506868362427,0.6928987503051758,0.2590717673301697,0.5389974117279053,0.7552281022071838,-0.02380836196243763,0.5486039519309998,0.7149801254272461,0.263800710439682,0.46960800886154175,0.7099915146827698,-0.05719367414712906,0.48987966775894165,0.721505880355835,0.23952779173851013,0,1
0.5230952501296997,0.2553704082965851,-0.10924873501062393,0.5337947607040405,0.237407848238945,-0.11592161655426025,0.5374032258987427,0.2370273619890213,-0.11596322059631348,0.5416293144226074,0.23721608519554138,-0.11597748845815659,0.5283933877944946,0.23768137395381927,-0.08809395879507065,0.5278106331825256,0.23750218749046326,-0.08818648755550385,0.5273616909980774,0.23719406127929688,-0.08821810036897659,0.5576545000076294,0.2518397569656372,-0.10752201080322266,0.5400952696800232,0.24829994142055511,0.01809805817902088,0.5293399095535278,0.2774404287338257,-0.10549676418304443,0.5226016640663147,0.2768898904323578,-0.06881083548069,0.5873088836669922,0.35024258494377136,-0.18830862641334534,0.543880820274353,0.37394359707832336,0.13124917447566986,0.5020442008972168,0.4656345844268799,-0.24385540187358856,0.4770750403404236,0.4600086212158203,0.15354619920253754,0.39933308959007263,0.5238165855407715,-0.24000835418701172,0.3977697491645813,0.5106611251831055,0.0784173458814621,0.38111183047294617,0.5449791550636292,-0.28025394678115845,0.3795686960220337,0.5238497853279114,0.07821689546108246,0.37886548042297363,0.534980058670044,-0.25900158286094666,0.37818145751953125,0.5231974720954895,0.04025649279356003,0.38569745421409607,0.5321921706199646,-0.23368963599205017,0.38387423753738403,0.5230046510696411,0.0583382323384285,0.6612282395362854,0.5917389392852783,-0.10968457162380219,0.6320485472679138,0.6034946441650391,0.10936148464679718,0.5383793711662292,0.46398383378982544,-0.20940294861793518,0.5133748054504395,0.46938246488571167,0.1717555969953537,0.5297526121139526,0.7119016647338867,-0.1791313737630844,0.5170088410377502,0.6983374953269958,0.17197555303573608,0.5394641757011414,0.761725127696991,-0.1757315695285797,0.5342759490013123,0.7303512692451477,0.17054735124111176,0.4634716510772705,0.7260870337486267,-0.22099411487579346,0.4643379747867584,0.7240344285964966,0.1443578004837036,0,1
0.5708834528923035,0.2542814612388611,-0.09222559630870819,0.578726053237915,0.2355312705039978,-0.10230718553066254,0.5820099711418152,0.23549892008304596,-0.10236195474863052,0.5854324102401733,0.23561380803585052,-0.10239281505346298,0.5740596055984497,0.2349759042263031,-0.07186200469732285,0.5737425088882446,0.23440782725811005,-0.07193207740783691,0.5735806822776794,0.2336757630109787,-0.07195542752742767,0.6027125120162964,0.24553634226322174,-0.1179637536406517,0.5886521339416504,0.24202381074428558,0.025179315358400345,0.5775583386421204,0.27473685145378113,-0.0937473252415657,0.5723928213119507,0.2738181948661804,-0.053186722099781036,0.6364301443099976,0.3498585522174835,-0.19503912329673767,0.5918064117431641,0.35551974177360535,0.1213759034872055,0.552732527256012,0.4586712718009949,-0.2589861750602722,0.523239016532898,0.4427405595779419,0.14668886363506317,0.46373724937438965,0.48568764328956604,-0.2553427219390869,0.4507629871368408,0.48235470056533813,0.06637852638959885,0.4412769675254822,0.50587397813797,-0.29824966192245483,0.4316752552986145,0.4939337968826294,0.06301633268594742,0.4385574460029602,0.49749264121055603,-0.2804473042488098,0.43119335174560547,0.49297231435775757,0.02463388442993164,0.4451289772987366,0.49365854263305664,-0.251059353351593,0.4385703504085541,0.492031991481781,0.045947737991809845,0.6982362866401672,0.5910143256187439,-0.10990432649850845,0.6634982824325562,0.5871585607528687,0.1095476970076561,0.5807662010192871,0.48725229501724243,-0.27248188853263855,0.5479486584663391,0.4705527722835541,0.10421065986156464,0.530025839805603,0.7226767539978027,-0.29880258440971375,0.517261266708374,0.7025541067123413,0.060093510895967484,0.5388172268867493,0.7813329696655273,-0.3010988235473633,0.5204383134841919,0.747118353843689,0.054147690534591675,0.4539671838283539,0.7328714728355408,-0.36809611320495605,0.459475040435791,0.7238296270370483,0.013098130002617836,0,1
0.6249483823776245,0.24721471965312958,-0.1836116760969162,0.6336064338684082,0.23030179738998413,-0.18608418107032776,0.6369880437850952,0.2308327853679657,-0.18608562648296356,0.6410540342330933,0.23088692128658295,-0.18608435988426208,0.6272099614143372,0.2282267063856125,-0.16260957717895508,0.6262602210044861,0.2273043692111969,-0.16273914277553558,0.6254106760025024,0.22621966898441315,-0.16275355219841003,0.6582008004188538,0.24183128774166107,-0.16743221879005432,0.6386581063270569,0.23553377389907837,-0.059946708381175995,0.6324931979179382,0.2672179639339447,-0.17602282762527466,0.6246842741966248,0.2662021517753601,-0.14469663798809052,0.6859028339385986,0.33817222714424133,-0.23573660850524902,0.6339578628540039,0.3490930199623108,0.043073855340480804,0.6062602996826172,0.4126259386539459,-0.32260018587112427,0.5713595151901245,0.40849769115448,0.05368775129318237,0.513759195804596,0.43408140540122986,-0.33077502250671387,0.5024031400680542,0.4394629895687103,-0.03657758980989456,0.4939120411872864,0.44895482063293457,-0.375016450881958,0.4833768904209137,0.44650498032569885,-0.04949519783258438,0.4903547763824463,0.44463050365448,-0.356121301651001,0.4827728867530823,0.44582870602607727,-0.08231514692306519,0.49835294485092163,0.44437649846076965,-0.3267207145690918,0.49060505628585815,0.4464206397533417,-0.05552477762103081,0.7323893308639526,0.57892245054245,-0.10677938163280487,0.6986152529716492,0.5721553564071655,0.1065557599067688,0.600964367389679,0.5024374127388,-0.23980429768562317,0.573391318321228,0.49142986536026,0.08733020722866058,0.538215696811676,0.7252414226531982,-0.22093410789966583,0.5200707316398621,0.7023488283157349,0.08938681334257126,0.542024552822113,0.780660092830658,-0.22077973186969757,0.5246032476425171,0.7444242835044861,0.08793418109416962,0.4619545340538025,0.7197927832603455,-0.28026634454727173,0.4619710445404053,0.7172203063964844,0.05309135466814041,0,1
0.6723870038986206,0.23389796912670135,-0.1981690675020218,0.6821789741516113,0.21865056455135345,-0.1943877637386322,0.6859946846961975,0.21882326900959015,-0.19438089430332184,0.6901783347129822,0.21941645443439484,-0.1943569779396057,0.6743716597557068,0.21618406474590302,-0.17382116615772247,0.6726800203323364,0.21518653631210327,-0.17393195629119873,0.6711717247962952,0.21396638453006744,-0.17393524944782257,0.7053754925727844,0.23368576169013977,-0.15444281697273254,0.6827937960624695,0.22473210096359253,-0.05902206152677536,0.6780443787574768,0.2534485161304474,-0.18249471485614777,0.6705362200737,0.2522874176502228,-0.15507633984088898,0.7264129519462585,0.32600587606430054,-0.22434905171394348,0.6767361164093018,0.33697494864463806,0.07085846364498138,0.649185836315155,0.3925625681877136,-0.3029016852378845,0.6167288422584534,0.3959624469280243,0.12675069272518158,0.5612235069274902,0.42854049801826477,-0.31222373247146606,0.545890212059021,0.43558815121650696,0.07763098925352097,0.5407060384750366,0.4435757100582123,-0.349317729473114,0.5289182662963867,0.4451289176940918,0.07709801197052002,0.5365147590637207,0.43964317440986633,-0.33115440607070923,0.5245640277862549,0.4461726248264313,0.045898281037807465,0.5447359085083008,0.43773406744003296,-0.3065018355846405,0.5334310531616211,0.4437369406223297,0.06148343160748482,0.7563459873199463,0.5710586309432983,-0.10344866663217545,0.72320955991745,0.5611574649810791,0.10328749567270279,0.626079797744751,0.5357876420021057,-0.22213880717754364,0.6003228425979614,0.5159060955047607,0.06600851565599442,0.5443075299263,0.7272499799728394,-0.23245882987976074,0.5214560627937317,0.6969723105430603,0.03732519596815109,0.5481850504875183,0.7862556576728821,-0.23558902740478516,0.5195986032485962,0.7397305965423584,0.0323667973279953,0.47764819860458374,0.7198636531829834,-0.3010815680027008,0.4627014696598053,0.6932014226913452,-0.0027487115003168583,0,1
0.7128943204879761,0.2304535061120987,0.07146502286195755,0.7231532335281372,0.21627211570739746,0.07666026800870895,0.7268758416175842,0.21631000936031342,0.07667515426874161,0.7310600280761719,0.2165909707546234,0.07672041654586792,0.7155319452285767,0.21575118601322174,0.0961819514632225,0.7142118215560913,0.2153095006942749,0.0960577130317688,0.7130929231643677,0.21467967331409454,0.09595690667629242,0.7455235719680786,0.23084178566932678,0.09594850242137909,0.7236106991767883,0.22329457104206085,0.18331700563430786,0.7188610434532166,0.2521524131298065,0.07614411413669586,0.7117014527320862,0.25050386786460876,0.10132161527872086,0.7756410241127014,0.3155762851238251,-0.020349111407995224,0.7089627981185913,0.3365485668182373,0.24046845734119415,0.7176254987716675,0.3742245137691498,-0.1626255065202713,0.6497717499732971,0.3902939558029175,0.251339852809906,0.6293429136276245,0.41107818484306335,-0.22632387280464172,0.5782548785209656,0.42889243364334106,0.14971768856048584,0.6102768182754517,0.4254513084888458,-0.25288015604019165,0.5589670538902283,0.4388466775417328,0.14012834429740906,0.6063608527183533,0.4230946898460388,-0.24436351656913757,0.560296893119812,0.43817487359046936,0.11804225295782089,0.6146740913391113,0.4199317395687103,-0.22297033667564392,0.5679605007171631,0.4365942180156708,0.1349043995141983,0.7775701284408569,0.5638906359672546,-0.09359165281057358,0.7365308403968811,0.5540536046028137,0.09340120106935501,0.6422017812728882,0.5632556080818176,-0.1951429694890976,0.6194685697555542,0.5394960641860962,-0.0336761400103569,0.5467084646224976,0.7344914674758911,-0.2816624045372009,0.5291072726249695,0.6988881230354309,-0.1319897472858429,0.5451864004135132,0.7851988077163696,-0.2899814546108246,0.524150013923645,0.7430896162986755,-0.14274238049983978,0.4835771918296814,0.7196798324584961,-0.36505061388015747,0.46929630637168884,0.692165732383728,-0.2037062644958496,0,1
0.7456358671188354,0.2459246814250946,0.12037249654531479,0.7538890242576599,0.23004822432994843,0.1260797530412674,0.7577476501464844,0.22907117009162903,0.12610791623592377,0.762332558631897,0.22766947746276855,0.12611877918243408,0.7468541860580444,0.23203381896018982,0.14396381378173828,0.7455937266349792,0.2324088215827942,0.14387230575084686,0.7446229457855225,0.23264940083026886,0.1437830626964569,0.7795654535293579,0.23376284539699554,0.15486791729927063,0.7546139359474182,0.2364731878042221,0.23532965779304504,0.7539992332458496,0.26536285877227783,0.1297820508480072,0.746046245098114,0.2665800154209137,0.15301530063152313,0.8099567294120789,0.3190418779850006,0.04268977418541908,0.7385354042053223,0.33764392137527466,0.28374072909355164,0.7543336153030396,0.3839392066001892,-0.08836299180984497,0.6930147409439087,0.39375874400138855,0.26659244298934937,0.6722595691680908,0.4063229560852051,-0.14274273812770844,0.6248191595077515,0.4144749641418457,0.13850410282611847,0.6491424441337585,0.41563111543655396,-0.16676703095436096,0.6068295240402222,0.42553356289863586,0.11729103326797485,0.6453315019607544,0.4115695059299469,-0.16290423274040222,0.6082039475440979,0.42457547783851624,0.09735552966594696,0.6559112071990967,0.4102177917957306,-0.1407645046710968,0.6155775189399719,0.42305320501327515,0.12313325703144073,0.7862998247146606,0.5656927824020386,-0.08448220789432526,0.7434423565864563,0.5544299483299255,0.08439286798238754,0.6510010957717896,0.588432252407074,-0.16869871318340302,0.6270288228988647,0.5626607537269592,-0.06144961714744568,0.5471422672271729,0.743980348110199,-0.27360865473747253,0.5273452401161194,0.7003691792488098,-0.15823028981685638,0.5451875925064087,0.7943825721740723,-0.28247296810150146,0.5171231031417847,0.7412609457969666,-0.16853643953800201,0.4850071370601654,0.723984956741333,-0.3656468987464905,0.4671998918056488,0.6805270910263062,-0.23732349276542664,0,1
0.7647904753684998,0.2621017098426819,0.1039578765630722,0.7722827792167664,0.24486184120178223,0.1076328381896019,0.7762657403945923,0.24388334155082703,0.10760699212551117,0.7807425260543823,0.24232372641563416,0.10757209360599518,0.7653191089630127,0.2457362562417984,0.12779730558395386,0.7641914486885071,0.2458716779947281,0.12774929404258728,0.7632691264152527,0.2458818405866623,0.12767750024795532,0.7976866364479065,0.24314680695533752,0.12914249300956726,0.7755880355834961,0.24704547226428986,0.2202821522951126,0.7743154168128967,0.2793835699558258,0.11058106273412704,0.7652996182441711,0.2793852388858795,0.13702353835105896,0.8298616409301758,0.32339245080947876,0.04611190780997276,0.7601905465126038,0.3379265367984772,0.258882999420166,0.8041009902954102,0.4406275451183319,-0.026363074779510498,0.7174206376075745,0.4289972186088562,0.23110732436180115,0.7238699793815613,0.40726664662361145,-0.024284176528453827,0.671195924282074,0.4219069182872772,0.04661516845226288,0.7022314071655273,0.4248477816581726,-0.037529803812503815,0.655966579914093,0.4249902069568634,0.012840667739510536,0.7000366449356079,0.41974562406539917,-0.03386332467198372,0.6569583415985107,0.4230519235134125,0.002358948579058051,0.7111088037490845,0.41886383295059204,-0.019570142030715942,0.6629680395126343,0.424183189868927,0.03379020839929581,0.7859402894973755,0.5661928057670593,-0.07317167520523071,0.7440732717514038,0.5498718023300171,0.07322689145803452,0.6615046262741089,0.610620379447937,-0.1783551573753357,0.6419150829315186,0.5793572664260864,-0.07944543659687042,0.5528260469436646,0.7520865797996521,-0.32203686237335205,0.5343843102455139,0.6965546607971191,-0.20838336646556854,0.5448418855667114,0.7989124655723572,-0.33490800857543945,0.518276572227478,0.7395015954971313,-0.2223808467388153,0.487642377614975,0.7315466403961182,-0.4182683527469635,0.46917957067489624,0.6724977493286133,-0.28191012144088745,0,1
0.768175482749939,0.25057703256607056,0.06558281183242798,0.7763854265213013,0.232066348195076,0.06832139194011688,0.7805620431900024,0.23083065450191498,0.06830616295337677,0.7844517230987549,0.2297917753458023,0.06828837096691132,0.7696706056594849,0.23603734374046326,0.08900141716003418,0.7686144113540649,0.2373388260602951,0.08893103897571564,0.7675645351409912,0.23837615549564362,0.08886337280273438,0.8031883239746094,0.23575104773044586,0.0898246318101883,0.7779400944709778,0.24442234635353088,0.1831049919128418,0.7760412096977234,0.2674575448036194,0.07227849960327148,0.7678382992744446,0.26849231123924255,0.09943391382694244,0.8385360836982727,0.32480812072753906,0.029606124386191368,0.7659536600112915,0.3470829129219055,0.22774693369865417,0.8503373265266418,0.4704959988594055,-0.041959248483181,0.7373934388160706,0.4721453785896301,0.1870192438364029,0.7759601473808289,0.42293697595596313,-0.08109235018491745,0.7066109776496887,0.44343459606170654,0.011497026309370995,0.7558926343917847,0.42641398310661316,-0.09780482947826385,0.6947481036186218,0.44365403056144714,-0.021935755386948586,0.7568459510803223,0.42275717854499817,-0.09051494300365448,0.6967654228210449,0.4338700473308563,-0.02856796607375145,0.7593485116958618,0.42180129885673523,-0.07576391100883484,0.701125979423523,0.43496501445770264,0.0015192499849945307,0.7860423922538757,0.5677172541618347,-0.06928214430809021,0.7428222894668579,0.5508646368980408,0.06938833743333817,0.6670253872871399,0.6163366436958313,-0.20058247447013855,0.6449586153030396,0.5905574560165405,-0.08428787440061569,0.5536590814590454,0.7537178993225098,-0.3492753207683563,0.5333757996559143,0.6986508965492249,-0.23063203692436218,0.5446110963821411,0.8027528524398804,-0.3635081946849823,0.5184460878372192,0.7403340935707092,-0.24694280326366425,0.48246780037879944,0.7313881516456604,-0.4527420103549957,0.46794405579566956,0.6687623858451843,-0.3087512254714966,0,1
0.7662928104400635,0.23351779580116272,0.03930799290537834,0.7749687433242798,0.218845933675766,0.048733893781900406,0.7792356610298157,0.21829615533351898,0.04868810623884201,0.7834540009498596,0.217866912484169,0.04861776903271675,0.7671588063240051,0.22133462131023407,0.062036387622356415,0.7651858925819397,0.22230152785778046,0.062017954885959625,0.7635191679000854,0.22302578389644623,0.06195111945271492,0.7988852858543396,0.22564266622066498,0.08083783090114594,0.7733579277992249,0.23507028818130493,0.15256033837795258,0.7738838195800781,0.25223925709724426,0.0520368292927742,0.7653452754020691,0.25369101762771606,0.07105861604213715,0.8368072509765625,0.32414019107818604,0.03948786109685898,0.758293867111206,0.34706294536590576,0.1945837438106537,0.8546122312545776,0.46922656893730164,-0.026228854432702065,0.7356387376785278,0.4756980836391449,0.15679529309272766,0.7904954552650452,0.4243980944156647,-0.079256072640419,0.7111344337463379,0.44827428460121155,-0.018619230017066002,0.7700514793395996,0.42726007103919983,-0.0963885635137558,0.6990062594413757,0.4487442076206207,-0.0518185980618,0.7679799795150757,0.4159424602985382,-0.08792082965373993,0.7007434964179993,0.4347971975803375,-0.0592467300593853,0.773181676864624,0.4163932502269745,-0.07343883067369461,0.7075285911560059,0.436148077249527,-0.02827686443924904,0.7899187803268433,0.5645284652709961,-0.06542807072401047,0.7446752786636353,0.5484386086463928,0.06555469334125519,0.6744368672370911,0.6170157790184021,-0.2002691924571991,0.6455929279327393,0.5855470299720764,-0.07136671245098114,0.5572941899299622,0.7595376968383789,-0.33667129278182983,0.5322006940841675,0.7039114832878113,-0.21509507298469543,0.5456069707870483,0.8055676221847534,-0.34982603788375854,0.51866614818573,0.7553899884223938,-0.23164215683937073,0.48464256525039673,0.7369009256362915,-0.43269944190979004,0.46656733751296997,0.6705946922302246,-0.2879515290260315,0,1
0.758663535118103,0.23407649993896484,-0.008912729099392891,0.7677739262580872,0.21945658326148987,-0.0023661265149712563,0.7718514204025269,0.2192598134279251,-0.002420721109956503,0.7760307192802429,0.21895292401313782,-0.0024513511452823877,0.7600873708724976,0.22006241977214813,0.013586481101810932,0.7584229707717896,0.2205360233783722,0.013523039408028126,0.757014274597168,0.22088132798671722,0.013431360013782978,0.7916418313980103,0.22650869190692902,0.03106721304357052,0.767292857170105,0.2324843555688858,0.10483662784099579,0.7663514614105225,0.2536580562591553,0.0024976390413939953,0.7579954266548157,0.25393107533454895,0.02405189536511898,0.8280806541442871,0.33404818177223206,-0.012740099802613258,0.7573592662811279,0.34616076946258545,0.17051641643047333,0.83875972032547,0.4777638018131256,-0.07657135277986526,0.7259679436683655,0.4681326448917389,0.1728697121143341,0.7593821287155151,0.430507630109787,-0.13627851009368896,0.6754182577133179,0.44780421257019043,0.03919511288404465,0.746070921421051,0.4345325827598572,-0.1554911881685257,0.6580662131309509,0.4485800564289093,0.014604697935283184,0.7369577288627625,0.4182470440864563,-0.14758005738258362,0.6567383408546448,0.4353855848312378,-0.005141213536262512,0.7420540452003479,0.4179728329181671,-0.1312275528907776,0.6630169153213501,0.43654823303222656,0.024624072015285492,0.789027988910675,0.5670616030693054,-0.06656010448932648,0.7416896224021912,0.5498055219650269,0.06663990020751953,0.6706706285476685,0.6129763126373291,-0.23528388142585754,0.6448779702186584,0.5842701196670532,-0.10442234575748444,0.558667778968811,0.759583055973053,-0.3632175624370575,0.5310360193252563,0.703579843044281,-0.2462218701839447,0.5482101440429688,0.8061848282814026,-0.37640219926834106,0.5177525281906128,0.7517926692962646,-0.26228705048561096,0.4976024031639099,0.7352378964424133,-0.4712798595428467,0.4667391777038574,0.667114794254303,-0.3300626575946808,0,1
0.7385135889053345,0.23432216048240662,-0.09869854897260666,0.7496535181999207,0.21924038231372833,-0.09525887668132782,0.7546941637992859,0.2195044457912445,-0.09527427703142166,0.759656548500061,0.2194678634405136,-0.09521141648292542,0.7416064739227295,0.2186276763677597,-0.07881861180067062,0.7398977279663086,0.21860924363136292,-0.07891736924648285,0.7383056879043579,0.21858718991279602,-0.07903027534484863,0.7720248699188232,0.23009264469146729,-0.06759623438119888,0.7465604543685913,0.23071976006031036,0.004546263720840216,0.7453056573867798,0.25516417622566223,-0.08891657739877701,0.7363013029098511,0.2542247772216797,-0.06780530512332916,0.7969485521316528,0.3368014693260193,-0.135431706905365,0.7234913110733032,0.34452229738235474,0.0950874537229538,0.749681830406189,0.45988035202026367,-0.2032000571489334,0.6635762453079224,0.4326964020729065,0.1322501003742218,0.6684635877609253,0.49889856576919556,-0.23733051121234894,0.6029478311538696,0.46450725197792053,0.0469815768301487,0.649091362953186,0.5128703713417053,-0.26136836409568787,0.5877909064292908,0.4759202003479004,0.03176214545965195,0.6490045785903931,0.5048173069953918,-0.26078617572784424,0.5880698561668396,0.47304093837738037,0.006940064486116171,0.6506058573722839,0.4960690438747406,-0.23614278435707092,0.5941029787063599,0.47035983204841614,0.032117705792188644,0.7798855304718018,0.5701570510864258,-0.07262648642063141,0.7313109636306763,0.5507522821426392,0.07261986285448074,0.6691731214523315,0.5806620121002197,-0.2460288107395172,0.6434838175773621,0.5605679154396057,-0.10063804686069489,0.5608049631118774,0.7473338842391968,-0.35047733783721924,0.5340595245361328,0.6987984776496887,-0.22690561413764954,0.5533567667007446,0.7986602783203125,-0.35821452736854553,0.5242963433265686,0.7357646226882935,-0.23537978529930115,0.5064380168914795,0.7231642007827759,-0.4599364697933197,0.4704679846763611,0.6625078916549683,-0.31466037034988403,0,1
0.7033922672271729,0.23211167752742767,-0.2741996943950653,0.7148525714874268,0.21859478950500488,-0.26305899024009705,0.7189591526985168,0.2192254662513733,-0.2630147635936737,0.7237662076950073,0.21965980529785156,-0.2629530131816864,0.7074452638626099,0.21734921634197235,-0.2503971457481384,0.7060869932174683,0.21720069646835327,-0.25054413080215454,0.7048954367637634,0.2170175313949585,-0.2506154179573059,0.736383318901062,0.23420719802379608,-0.19438722729682922,0.7129075527191162,0.22999979555606842,-0.13853764533996582,0.7074492573738098,0.25373953580856323,-0.24872609972953796,0.7006679177284241,0.2512807846069336,-0.23237307369709015,0.7498939633369446,0.33808520436286926,-0.22934505343437195,0.6905821561813354,0.3372447192668915,-0.013401662930846214,0.6895583271980286,0.4556124806404114,-0.27309978008270264,0.6265220642089844,0.4182395040988922,0.022826872766017914,0.6158560514450073,0.5221631526947021,-0.29007163643836975,0.557109534740448,0.4718672037124634,-0.04061391204595566,0.5927024483680725,0.5366873145103455,-0.31592369079589844,0.5418941974639893,0.4868254065513611,-0.053637318313121796,0.5905212163925171,0.5338493585586548,-0.3157213032245636,0.5420335531234741,0.4899388551712036,-0.08337682485580444,0.598798394203186,0.5279568433761597,-0.2897905111312866,0.5488124489784241,0.4874415993690491,-0.05661638826131821,0.7592129111289978,0.5775556564331055,-0.07656015455722809,0.7164761424064636,0.5511403679847717,0.07640981674194336,0.6491504311561584,0.5671819448471069,-0.2640768885612488,0.6191892027854919,0.5349164605140686,-0.09665244072675705,0.5561450719833374,0.7448748350143433,-0.3450903296470642,0.5345685482025146,0.6924022436141968,-0.16721859574317932,0.5524820685386658,0.7935428023338318,-0.3546842038631439,0.5282231569290161,0.7317908406257629,-0.17551995813846588,0.503441333770752,0.7206797003746033,-0.4531150460243225,0.4754166603088379,0.6700045466423035,-0.24381935596466064,0,1
0.6586113572120667,0.23731663823127747,-0.3416765630245209,0.6698187589645386,0.22374801337718964,-0.33969631791114807,0.6736410856246948,0.22543179988861084,-0.33963292837142944,0.6780985593795776,0.22705093026161194,-0.3395918607711792,0.6638829112052917,0.2203676849603653,-0.31992730498313904,0.6631251573562622,0.21950460970401764,-0.32006579637527466,0.6624876856803894,0.21865889430046082,-0.3200792074203491,0.6928013563156128,0.24525508284568787,-0.2921468913555145,0.6732925176620483,0.23447203636169434,-0.20509104430675507,0.661583423614502,0.2590179145336151,-0.3220421373844147,0.6563229560852051,0.2547520101070404,-0.29668381810188293,0.7074704170227051,0.345598965883255,-0.3232938349246979,0.6570271253585815,0.3350493311882019,-0.05359259992837906,0.6369642615318298,0.47556769847869873,-0.3574811816215515,0.5946158170700073,0.4227687120437622,-0.001930376747623086,0.5593608021736145,0.5429763197898865,-0.35542652010917664,0.5235595703125,0.4877922832965851,-0.060363709926605225,0.5406593084335327,0.5545308589935303,-0.3885629177093506,0.5054658651351929,0.49509739875793457,-0.06532231718301773,0.534855306148529,0.5471705794334412,-0.3841634690761566,0.5038923025131226,0.49714311957359314,-0.1002403274178505,0.5403150320053101,0.5436965227127075,-0.3537275493144989,0.5117130279541016,0.49962615966796875,-0.07739271223545074,0.7434529662132263,0.5838667750358582,-0.08896329998970032,0.7043533325195312,0.552711009979248,0.08893219381570816,0.6345681548118591,0.5428464412689209,-0.2980270981788635,0.6058632731437683,0.5017834305763245,-0.012272980995476246,0.5524120330810547,0.7334727644920349,-0.3404136002063751,0.5362874269485474,0.6805484294891357,-0.023906316608190536,0.5506957769393921,0.7883769273757935,-0.34556224942207336,0.5376095771789551,0.7132668495178223,-0.028130972757935524,0.49364137649536133,0.7069685459136963,-0.4426547884941101,0.48655182123184204,0.6612961292266846,-0.07834627479314804,0,1
0.6190727353096008,0.24885359406471252,-0.2975626587867737,0.6296898126602173,0.232582688331604,-0.29950883984565735,0.6331621408462524,0.23376305401325226,-0.29947590827941895,0.636853814125061,0.23502042889595032,-0.2994574308395386,0.6235687136650085,0.2311212569475174,-0.2763459086418152,0.6227165460586548,0.23076874017715454,-0.2764822840690613,0.6220734119415283,0.23040896654129028,-0.27648916840553284,0.651081919670105,0.25454482436180115,-0.2662046551704407,0.6351351737976074,0.2458030879497528,-0.1619553118944168,0.6236042976379395,0.2733418345451355,-0.28337445855140686,0.6178145408630371,0.2710655629634857,-0.2530513405799866,0.6734334826469421,0.3513087332248688,-0.31962722539901733,0.6293145418167114,0.34541070461273193,-0.010576574131846428,0.6069775819778442,0.4888400733470917,-0.3719707131385803,0.5621421337127686,0.4361121356487274,0.03559042885899544,0.5226115584373474,0.5390385985374451,-0.3745706081390381,0.493019163608551,0.5056557059288025,-0.03805862367153168,0.4971962571144104,0.5564431548118591,-0.4150065779685974,0.4756533205509186,0.5138967037200928,-0.051551081240177155,0.4926864206790924,0.5427179336547852,-0.40380144119262695,0.47538813948631287,0.5152788162231445,-0.07856021821498871,0.49998369812965393,0.5411522388458252,-0.37104058265686035,0.4822675287723541,0.5130787491798401,-0.0558822862803936,0.7303987145423889,0.5844764113426208,-0.10564146190881729,0.6979141235351562,0.5579717755317688,0.10561300814151764,0.6154696941375732,0.5220757126808167,-0.2798191010951996,0.5880765914916992,0.48075735569000244,0.04843814671039581,0.5438495874404907,0.726809024810791,-0.30087706446647644,0.5360379219055176,0.6803244948387146,0.021043363958597183,0.5470541715621948,0.7809479832649231,-0.30565738677978516,0.5358783006668091,0.7157979607582092,0.015074161812663078,0.4814170300960541,0.708981454372406,-0.3897126019001007,0.47988343238830566,0.6616995930671692,-0.027884017676115036,0,1
0.579064667224884,0.2666049003601074,-0.24285666644573212,0.589013934135437,0.25136443972587585,-0.27147743105888367,0.5923665761947632,0.2515130043029785,-0.2715719938278198,0.5957929491996765,0.25166189670562744,-0.2717089056968689,0.5834254026412964,0.2516549825668335,-0.23378893733024597,0.5828100442886353,0.25196573138237,-0.23392930626869202,0.5823057293891907,0.252233624458313,-0.23386570811271667,0.6119853258132935,0.2683720588684082,-0.2298937737941742,0.597313404083252,0.2629903256893158,-0.1326523721218109,0.584571361541748,0.2896334230899811,-0.25255048274993896,0.5791500210762024,0.28808555006980896,-0.20776692032814026,0.6423113942146301,0.36857786774635315,-0.2855064272880554,0.5976678729057312,0.363683819770813,0.0023668145295232534,0.581045925617218,0.49939700961112976,-0.3295847773551941,0.531694233417511,0.4678376019001007,0.04220690205693245,0.4898745119571686,0.5480144023895264,-0.333482563495636,0.4571736454963684,0.5296639204025269,-0.025178059935569763,0.461564838886261,0.5715671181678772,-0.36905670166015625,0.441246896982193,0.5397112369537354,-0.024673834443092346,0.460379034280777,0.5641830563545227,-0.3598989248275757,0.43741554021835327,0.541315495967865,-0.06343723833560944,0.4672883152961731,0.55750972032547,-0.3308124244213104,0.44457048177719116,0.5402398705482483,-0.045477043837308884,0.7137871980667114,0.588473916053772,-0.10210967063903809,0.6835183501243591,0.5696812272071838,0.10201948881149292,0.5970274209976196,0.5026184916496277,-0.22976896166801453,0.5643547773361206,0.47369417548179626,0.10677263885736465,0.5374573469161987,0.7209775447845459,-0.22782516479492188,0.5268904566764832,0.6809511184692383,0.10846702754497528,0.5420101881027222,0.7806404829025269,-0.22851517796516418,0.5323327779769897,0.7218414545059204,0.10656926780939102,0.47222065925598145,0.7071423530578613,-0.2921551465988159,0.47883930802345276,0.6906885504722595,0.07917684316635132,0,1
0.5442141890525818,0.28241705894470215,-0.14986059069633484,0.5521100163459778,0.2627028226852417,-0.16966168582439423,0.5549896955490112,0.2622297406196594,-0.1696811318397522,0.5581433176994324,0.26170602440834045,-0.1697087287902832,0.5483421087265015,0.2632095515727997,-0.13644000887870789,0.5483269095420837,0.2630521059036255,-0.1365712583065033,0.5484539270401001,0.2629171311855316,-0.13660725951194763,0.5750749111175537,0.2725889980792999,-0.1998215615749359,0.5622250437736511,0.27072837948799133,-0.05115692690014839,0.5511878728866577,0.3017866909503937,-0.15866483747959137,0.5462368726730347,0.30204951763153076,-0.11513175815343857,0.6121782660484314,0.3711514472961426,-0.27382996678352356,0.568712592124939,0.381195604801178,0.06479598581790924,0.5386865139007568,0.5053076148033142,-0.3192819654941559,0.5004528164863586,0.4809325337409973,0.09944792836904526,0.4421340525150299,0.5532865524291992,-0.3135402798652649,0.4294527471065521,0.5403445363044739,0.03945454955101013,0.4192938208580017,0.5768810510635376,-0.3682296574115753,0.4089847207069397,0.5491780638694763,0.04251708835363388,0.4169337749481201,0.5677629709243774,-0.34019947052001953,0.4086751341819763,0.5496366024017334,0.0037898391019552946,0.4229036867618561,0.56186842918396,-0.30875930190086365,0.41430768370628357,0.5510720610618591,0.01987258344888687,0.6967704892158508,0.5885190367698669,-0.11065472662448883,0.6699816584587097,0.5891972184181213,0.1104230135679245,0.5795412659645081,0.48792698979377747,-0.21712517738342285,0.5434190034866333,0.47866448760032654,0.1774343103170395,0.5319086313247681,0.7099183201789856,-0.18092338740825653,0.5185895562171936,0.6819579601287842,0.1956060230731964,0.5417959690093994,0.7731589674949646,-0.17730025947093964,0.5267337560653687,0.7203722596168518,0.19525937736034393,0.46557220816612244,0.707563042640686,-0.22965848445892334,0.46623167395591736,0.6955979466438293,0.17290131747722626,0,1
0.5177608728408813,0.2932894229888916,-0.14151982963085175,0.5252278447151184,0.2720471918582916,-0.1562032252550125,0.528748095035553,0.2712709307670593,-0.15623824298381805,0.53254234790802,0.27069786190986633,-0.15625806152820587,0.5200430154800415,0.27312278747558594,-0.12561608850955963,0.5195795297622681,0.27273112535476685,-0.12569038569927216,0.519175112247467,0.2722020745277405,-0.1256784349679947,0.5512198209762573,0.2791816294193268,-0.16811655461788177,0.5351408123970032,0.27667030692100525,-0.02959439530968666,0.5258839726448059,0.3119702935218811,-0.14310388267040253,0.5195655822753906,0.3111402988433838,-0.10284233093261719,0.5746797323226929,0.3755268454551697,-0.23898348212242126,0.551702618598938,0.38652941584587097,0.1046140193939209,0.4870796799659729,0.4934285879135132,-0.28952300548553467,0.47953876852989197,0.47525814175605774,0.14153052866458893,0.4027068614959717,0.5503422021865845,-0.28060105443000793,0.4044261872768402,0.5339633822441101,0.06269971281290054,0.3813890218734741,0.5760160684585571,-0.3256344199180603,0.3828304409980774,0.5446541905403137,0.06922247260808945,0.3775021433830261,0.5625320672988892,-0.30008095502853394,0.3812662959098816,0.5466249585151672,0.029306486248970032,0.38497263193130493,0.5567302703857422,-0.27318960428237915,0.3887718915939331,0.546572744846344,0.04326367750763893,0.6689113974571228,0.5945125222206116,-0.10954926162958145,0.6489576101303101,0.5949574112892151,0.10934323072433472,0.5522407293319702,0.48443153500556946,-0.19146378338336945,0.5250941514968872,0.47892919182777405,0.1726568043231964,0.530630350112915,0.7123639583587646,-0.13379468023777008,0.5203215479850769,0.6900742650032043,0.22190168499946594,0.5419357419013977,0.7734272480010986,-0.12944374978542328,0.5324799418449402,0.7221422791481018,0.22463662922382355,0.46765756607055664,0.7103923559188843,-0.17080098390579224,0.46677151322364807,0.7115225791931152,0.20512530207633972,0,1
0.5050204396247864,0.28984424471855164,-0.2217942774295807,0.5121750831604004,0.2682630121707916,-0.22114387154579163,0.5159975290298462,0.26765167713165283,-0.2211853563785553,0.5203731656074524,0.2672767639160156,-0.22123169898986816,0.5050584077835083,0.26979994773864746,-0.19536493718624115,0.5035414695739746,0.2697035074234009,-0.19542542099952698,0.502083420753479,0.2694419026374817,-0.19540494680404663,0.5373592376708984,0.27718064188957214,-0.1759016513824463,0.5154455900192261,0.2743198871612549,-0.042442698031663895,0.5142750144004822,0.3108867406845093,-0.20137032866477966,0.5056833028793335,0.30997881293296814,-0.16750957071781158,0.5552197694778442,0.37476542592048645,-0.24250714480876923,0.5393081903457642,0.383701354265213,0.09606051445007324,0.4620138108730316,0.4784453511238098,-0.30736175179481506,0.45730942487716675,0.47421014308929443,0.11740730702877045,0.3737998902797699,0.5383273363113403,-0.2971963882446289,0.3777027726173401,0.5315398573875427,0.0524662546813488,0.35139018297195435,0.5609652996063232,-0.3410826325416565,0.35851871967315674,0.5417147874832153,0.06625448912382126,0.34798771142959595,0.5548471808433533,-0.3059117794036865,0.35399869084358215,0.5435200929641724,0.014300011098384857,0.355377733707428,0.5476193428039551,-0.2874463200569153,0.3611038029193878,0.5435584783554077,0.03591381013393402,0.6470028162002563,0.5986777544021606,-0.1110282763838768,0.6333063840866089,0.5966811776161194,0.11063368618488312,0.5244115591049194,0.4725739657878876,-0.16590064764022827,0.5086012482643127,0.47100159525871277,0.19446848332881927,0.5274405479431152,0.7121877670288086,-0.09032245725393295,0.5210407972335815,0.6876403093338013,0.26596909761428833,0.5429302453994751,0.7737465500831604,-0.08313344419002533,0.5367465019226074,0.7194191813468933,0.2718448042869568,0.46691399812698364,0.7141671776771545,-0.1113954409956932,0.47599881887435913,0.7120704054832458,0.2616320252418518,0,1
0.49828672409057617,0.28956395387649536,-0.30262821912765503,0.506420910358429,0.26762688159942627,-0.30398279428482056,0.51054847240448,0.26556310057640076,-0.3040384352207184,0.5148986577987671,0.2637057900428772,-0.30412378907203674,0.49644532799720764,0.2690199613571167,-0.27744558453559875,0.49392208456993103,0.2685716450214386,-0.2775011658668518,0.49160856008529663,0.2680061161518097,-0.2774709463119507,0.5308451652526855,0.26983019709587097,-0.24978260695934296,0.5016364455223083,0.2736068367958069,-0.12927503883838654,0.5093165636062622,0.30972057580947876,-0.27919214963912964,0.4980067312717438,0.30813199281692505,-0.24441738426685333,0.5459685921669006,0.3743729591369629,-0.30663126707077026,0.5208048224449158,0.3780559003353119,0.04558192193508148,0.45177045464515686,0.47856613993644714,-0.3823004961013794,0.4414714276790619,0.4549376964569092,0.057059090584516525,0.35567528009414673,0.5346592664718628,-0.3896302580833435,0.3589640259742737,0.5164547562599182,-0.03917267546057701,0.33270788192749023,0.5594565868377686,-0.44339364767074585,0.33626461029052734,0.5334457159042358,-0.042444564402103424,0.33026427030563354,0.5529337525367737,-0.4204244613647461,0.33368510007858276,0.534790575504303,-0.08739986270666122,0.33650001883506775,0.5460001826286316,-0.38397422432899475,0.34002694487571716,0.533519446849823,-0.06148480623960495,0.6312316656112671,0.6024656891822815,-0.11646594852209091,0.6131331920623779,0.5973997116088867,0.11603812873363495,0.5055416822433472,0.47303909063339233,-0.17764031887054443,0.49087852239608765,0.4657570719718933,0.20521874725818634,0.5318934321403503,0.7083407640457153,-0.044241443276405334,0.5240626931190491,0.6791602969169617,0.3046916127204895,0.5522437691688538,0.7436227798461914,-0.02999664843082428,0.5483531951904297,0.7090231776237488,0.31383299827575684,0.48094701766967773,0.7142559289932251,-0.040588997304439545,0.49046844244003296,0.7099067568778992,0.312747061252594,0,1
0.49770671129226685,0.28652679920196533,-0.30772072076797485,0.5066867470741272,0.2674112319946289,-0.30500608682632446,0.511141836643219,0.2650468647480011,-0.30505162477493286,0.5159517526626587,0.2631132900714874,-0.3051074147224426,0.4943044185638428,0.2679291069507599,-0.28148597478866577,0.4904690682888031,0.26796603202819824,-0.2815485894680023,0.4870122969150543,0.26755163073539734,-0.28154847025871277,0.5289239883422852,0.26792454719543457,-0.24005284905433655,0.49145546555519104,0.2731398344039917,-0.13437476754188538,0.5095992684364319,0.30807605385780334,-0.28079357743263245,0.49390262365341187,0.3076452612876892,-0.2504678964614868,0.5384715795516968,0.37095558643341064,-0.2959095239639282,0.5060115456581116,0.3722285032272339,0.03389250487089157,0.44154930114746094,0.47662365436553955,-0.3733263611793518,0.43075069785118103,0.453966349363327,0.03952193260192871,0.34283211827278137,0.5341746807098389,-0.3916603922843933,0.34714022278785706,0.5170807838439941,-0.04970165714621544,0.31776994466781616,0.5589873790740967,-0.44390758872032166,0.32336360216140747,0.5333605408668518,-0.054919809103012085,0.316387414932251,0.5526494979858398,-0.4228689670562744,0.32180923223495483,0.5347971320152283,-0.09655232727527618,0.32521548867225647,0.54478520154953,-0.3867110311985016,0.3276377320289612,0.5338094830513,-0.07110566645860672,0.6213306188583374,0.6023611426353455,-0.11542306840419769,0.5988147854804993,0.5979557633399963,0.11508981883525848,0.4954397678375244,0.4696548879146576,-0.20522239804267883,0.4809514582157135,0.4646904468536377,0.24057838320732117,0.5320159196853638,0.701944887638092,-0.06844507157802582,0.5257011651992798,0.6714671850204468,0.35063040256500244,0.5554037094116211,0.7401998043060303,-0.07397498190402985,0.5461582541465759,0.7015108466148376,0.36153823137283325,0.4813322126865387,0.7200596928596497,-0.109563447535038,0.49068760871887207,0.7021132707595825,0.36265379190444946,0,1
0.5019440054893494,0.28672683238983154,-0.28418436646461487,0.5093244314193726,0.26616913080215454,-0.2856370210647583,0.5140961408615112,0.2641264498233795,-0.2856782078742981,0.5191224217414856,0.2627083957195282,-0.2857697606086731,0.4971827566623688,0.26774322986602783,-0.2596666216850281,0.49328017234802246,0.2681904137134552,-0.25973182916641235,0.4898361265659332,0.2683618664741516,-0.25972941517829895,0.5286542177200317,0.26695066690444946,-0.19874192774295807,0.48863130807876587,0.27584949135780334,-0.12547370791435242,0.512649655342102,0.30742061138153076,-0.2720569372177124,0.49688225984573364,0.31023108959198,-0.2298920452594757,0.5385923385620117,0.3610214293003082,-0.2509590983390808,0.5046161413192749,0.37221235036849976,0.04104384407401085,0.44619470834732056,0.4721227288246155,-0.3248347043991089,0.43806180357933044,0.46046069264411926,0.04845532029867172,0.34623247385025024,0.5341906547546387,-0.3323599398136139,0.3546728193759918,0.5312782526016235,-0.04741867259144783,0.32318729162216187,0.5587284564971924,-0.37398046255111694,0.3335738778114319,0.5458456873893738,-0.05567792057991028,0.31901103258132935,0.5558933019638062,-0.35009413957595825,0.330487996339798,0.549217700958252,-0.09222640842199326,0.3274281322956085,0.5493908524513245,-0.3253556191921234,0.33785104751586914,0.5496572852134705,-0.06716956943273544,0.6193257570266724,0.599182665348053,-0.11270289123058319,0.5978876948356628,0.6002126336097717,0.1121215671300888,0.48442912101745605,0.47915196418762207,-0.13962367177009583,0.47243309020996094,0.48583900928497314,0.21909208595752716,0.5324887037277222,0.7063874006271362,0.010565745644271374,0.5329645872116089,0.6723350882530212,0.28545400500297546,0.558768093585968,0.7410252094268799,0.027880674228072166,0.5548235177993774,0.6996105909347534,0.2929956316947937,0.48567724227905273,0.7565270066261292,0.035966385155916214,0.5095680952072144,0.7260915040969849,0.3510039448738098,0,1
0.5104610323905945,0.2857842743396759,-0.27933210134506226,0.5168852210044861,0.2644071877002716,-0.28123635053634644,0.5225024223327637,0.2626953423023224,-0.28120866417884827,0.5268426537513733,0.26158204674720764,-0.2811189889907837,0.5009945034980774,0.2669914960861206,-0.25493696331977844,0.4951378405094147,0.267311155796051,-0.2550087571144104,0.4907776415348053,0.2676026225090027,-0.2550179958343506,0.5323704481124878,0.2652563750743866,-0.17981068789958954,0.49506670236587524,0.2753368020057678,-0.12263761460781097,0.5187382698059082,0.3062432110309601,-0.2539495825767517,0.5008054375648499,0.3097034692764282,-0.22472038865089417,0.544438362121582,0.3536105751991272,-0.23128072917461395,0.5049710273742676,0.3729744851589203,0.04430901259183884,0.45532551407814026,0.46888449788093567,-0.31524428725242615,0.4386621117591858,0.46920934319496155,0.013132160529494286,0.34990614652633667,0.5332467555999756,-0.3360837996006012,0.3592642545700073,0.5345667004585266,-0.13058291375637054,0.33176177740097046,0.5576761960983276,-0.37910565733909607,0.33544856309890747,0.5522910952568054,-0.1476077139377594,0.3263513147830963,0.5552300214767456,-0.35765260457992554,0.33304110169410706,0.5542879700660706,-0.18183930218219757,0.33569759130477905,0.5491556525230408,-0.33021947741508484,0.34297218918800354,0.5513777136802673,-0.15090397000312805,0.6240734457969666,0.5925101637840271,-0.11102690547704697,0.5989341735839844,0.6001999974250793,0.11037125438451767,0.4931615889072418,0.47849246859550476,-0.1580541878938675,0.477020263671875,0.48489561676979065,0.17779703438282013,0.5325530171394348,0.7084133625030518,-0.038384124636650085,0.5345836877822876,0.6724990010261536,0.20161190629005432,0.558185875415802,0.742631196975708,-0.024957211688160896,0.5554882884025574,0.6985771059989929,0.2038157880306244,0.4860069751739502,0.7671685218811035,-0.033507488667964935,0.5107645988464355,0.7397186160087585,0.18932083249092102,0,1
0.5345821380615234,0.2803250849246979,-0.2686769366264343,0.5405749082565308,0.2585100531578064,-0.2608655095100403,0.5449315309524536,0.25670766830444336,-0.26084524393081665,0.5484563112258911,0.25583818554878235,-0.26076844334602356,0.5255129933357239,0.26170188188552856,-0.24747665226459503,0.5199832320213318,0.2617959976196289,-0.24757957458496094,0.5151005387306213,0.2617822289466858,-0.24762897193431854,0.552886962890625,0.2593560516834259,-0.16623003780841827,0.513070285320282,0.2705085873603821,-0.11902530491352081,0.5438814163208008,0.29733338952064514,-0.23246383666992188,0.5263093709945679,0.30326855182647705,-0.2166966199874878,0.5666183829307556,0.3423338234424591,-0.21098928153514862,0.5117923021316528,0.36894890666007996,0.03354675695300102,0.4810766577720642,0.4629739224910736,-0.29451459646224976,0.44082111120224,0.46899813413619995,-0.005083316005766392,0.37973514199256897,0.5248814821243286,-0.32198405265808105,0.37620142102241516,0.5254074931144714,-0.13922789692878723,0.35924726724624634,0.5509240627288818,-0.3632344603538513,0.3546898365020752,0.5441206097602844,-0.15885105729103088,0.35576993227005005,0.548107385635376,-0.34550270438194275,0.3547838628292084,0.5460728406906128,-0.18944312632083893,0.362545371055603,0.5418475866317749,-0.3181724548339844,0.36366358399391174,0.5432742834091187,-0.15771187841892242,0.632067859172821,0.5909239649772644,-0.10132722556591034,0.6012834310531616,0.6018510460853577,0.10062024742364883,0.5067750215530396,0.4756354093551636,-0.171748086810112,0.4797811508178711,0.4944729804992676,0.16178414225578308,0.5271403193473816,0.7202640175819397,-0.11185157299041748,0.5353995561599731,0.6840301752090454,0.16273380815982819,0.548136830329895,0.7627018690109253,-0.10416904836893082,0.5566006898880005,0.7040910124778748,0.1623501032590866,0.4694765508174896,0.7700803279876709,-0.15021958947181702,0.508506715297699,0.7455400228500366,0.13000349700450897,0,1
0.566297709941864,0.273335725069046,-0.15595191717147827,0.5731013417243958,0.2543708384037018,-0.14585494995117188,0.5777095556259155,0.25297102332115173,-0.14585573971271515,0.5819030404090881,0.2516905963420868,-0.14579163491725922,0.5596133470535278,0.2555758059024811,-0.13205990195274353,0.5548264384269714,0.2557429373264313,-0.1321587860584259,0.5499813556671143,0.25539037585258484,-0.1322110891342163,0.5870295166969299,0.2564850151538849,-0.06309311091899872,0.5453901886940002,0.26335176825523376,-0.0019570854492485523,0.5752178430557251,0.2924703061580658,-0.12345683574676514,0.5562789440155029,0.2960209250450134,-0.10577698796987534,0.5946775674819946,0.3383275270462036,-0.11735343933105469,0.538756787776947,0.36813563108444214,0.12966643273830414,0.5166870355606079,0.4542481601238251,-0.18426571786403656,0.47574228048324585,0.46703416109085083,0.1307833343744278,0.41593465209007263,0.5047739148139954,-0.20299184322357178,0.4076758325099945,0.5030601620674133,0.021423524245619774,0.3958451449871063,0.5312089920043945,-0.2345176637172699,0.3873078227043152,0.5183556079864502,0.012151828035712242,0.39028775691986084,0.5246743559837341,-0.2181398570537567,0.38628146052360535,0.5168556571006775,-0.017514405772089958,0.3982885479927063,0.5177895426750183,-0.19797328114509583,0.3938918709754944,0.5167427062988281,0.0049645863473415375,0.6527783274650574,0.5924605131149292,-0.09813717752695084,0.6166664361953735,0.6071270704269409,0.09759817272424698,0.5344005823135376,0.4754301607608795,-0.21613554656505585,0.5097814798355103,0.5214464068412781,0.09833694249391556,0.5212607979774475,0.7373160719871521,-0.25949329137802124,0.524243950843811,0.707265317440033,0.008019065484404564,0.5347145199775696,0.785152792930603,-0.263202965259552,0.5362427830696106,0.7374973893165588,-0.0019447898957878351,0.4582894444465637,0.7749784588813782,-0.32378631830215454,0.47797393798828125,0.732629656791687,-0.046959057450294495,0,1
0.6066776514053345,0.259476900100708,-0.17325367033481598,0.6139113903045654,0.24194276332855225,-0.16072030365467072,0.6185764670372009,0.24145007133483887,-0.16070692241191864,0.6226509809494019,0.24041149020195007,-0.16063983738422394,0.5996514558792114,0.24318218231201172,-0.1497967392206192,0.5946272015571594,0.2435738742351532,-0.14990945160388947,0.5895658731460571,0.24311254918575287,-0.1499403417110443,0.6254350543022156,0.24732276797294617,-0.0697365254163742,0.5835508108139038,0.25130927562713623,-0.02177710458636284,0.6132357716560364,0.2823176681995392,-0.13847585022449493,0.5954359769821167,0.2816575765609741,-0.12465639412403107,0.633184015750885,0.3353264033794403,-0.12136397510766983,0.566882312297821,0.356920450925827,0.11148512363433838,0.551353931427002,0.44629937410354614,-0.19316765666007996,0.5117418766021729,0.451797217130661,0.09505648910999298,0.4670206904411316,0.48736199736595154,-0.22342368960380554,0.44934797286987305,0.4871295094490051,-0.10313116014003754,0.4444109797477722,0.5088753700256348,-0.2575448155403137,0.43198996782302856,0.5003111958503723,-0.12331613153219223,0.43893322348594666,0.5014550685882568,-0.24679699540138245,0.43066930770874023,0.4992520213127136,-0.15007942914962769,0.4456983506679535,0.4962078630924225,-0.22065111994743347,0.436314195394516,0.496934175491333,-0.11988409608602524,0.679692804813385,0.5929463505744934,-0.0938001349568367,0.6384929418563843,0.6028012633323669,0.09334970265626907,0.5601557493209839,0.4776131808757782,-0.26126208901405334,0.5256497263908386,0.513515830039978,0.011647773906588554,0.5235991477966309,0.7325748205184937,-0.35624268651008606,0.5162181258201599,0.7088953852653503,-0.12666191160678864,0.535099983215332,0.7877474427223206,-0.36584123969078064,0.522178053855896,0.7453621029853821,-0.14184555411338806,0.45939698815345764,0.7742525935173035,-0.43859750032424927,0.4629119336605072,0.714690625667572,-0.19981887936592102,0,1
0.6515443325042725,0.25518056750297546,-0.23395001888275146,0.6588359475135803,0.23781274259090424,-0.22431424260139465,0.6632639169692993,0.23840205371379852,-0.22431357204914093,0.6670439839363098,0.23877902328968048,-0.22430309653282166,0.6443741917610168,0.23764380812644958,-0.21679194271564484,0.6389497518539429,0.23697121441364288,-0.21693265438079834,0.6339786648750305,0.23576174676418304,-0.2169434130191803,0.6691590547561646,0.24558573961257935,-0.1386616975069046,0.6282085180282593,0.24270731210708618,-0.10523968935012817,0.6568297147750854,0.27860674262046814,-0.19974002242088318,0.639805257320404,0.27422741055488586,-0.1902029663324356,0.6766625642776489,0.3332495391368866,-0.19188520312309265,0.605859100818634,0.34652483463287354,0.03290944918990135,0.5989184975624084,0.4454505443572998,-0.27710822224617004,0.548394501209259,0.4435378313064575,0.005778895691037178,0.5148545503616333,0.4835631549358368,-0.32084015011787415,0.4916613698005676,0.4828300178050995,-0.1412154585123062,0.4944424629211426,0.5022158026695251,-0.3605917692184448,0.47046947479248047,0.49591854214668274,-0.16087302565574646,0.491769015789032,0.49524539709091187,-0.3522842526435852,0.4705285429954529,0.4957191050052643,-0.19073432683944702,0.49728378653526306,0.4924239218235016,-0.31993141770362854,0.4793922007083893,0.49279165267944336,-0.15920156240463257,0.7068251967430115,0.5931604504585266,-0.09210081398487091,0.6640772223472595,0.5924448370933533,0.09176492691040039,0.5915411710739136,0.4907234311103821,-0.24961598217487335,0.5493478775024414,0.4856414496898651,0.004831488244235516,0.5320135951042175,0.730920672416687,-0.3217087686061859,0.5181504487991333,0.7116026878356934,-0.11287596076726913,0.5353440046310425,0.7874968647956848,-0.3275664448738098,0.5272696018218994,0.7496996521949768,-0.12524059414863586,0.4598976969718933,0.7513315081596375,-0.3919847309589386,0.46717509627342224,0.7105571031570435,-0.17596347630023956,0,1
0.692410409450531,0.24945871531963348,-0.18574634194374084,0.6991877555847168,0.23346740007400513,-0.1710922122001648,0.7034062147140503,0.23440270125865936,-0.1710704267024994,0.7067173719406128,0.23543277382850647,-0.17101237177848816,0.6860389113426208,0.2329881489276886,-0.1647482067346573,0.6808839440345764,0.2320811152458191,-0.16491299867630005,0.675984799861908,0.23060385882854462,-0.16492286324501038,0.707432746887207,0.2435319870710373,-0.07641523331403732,0.6687684059143066,0.23750728368759155,-0.051416732370853424,0.6959806084632874,0.2729266583919525,-0.14944733679294586,0.6805601119995117,0.26723432540893555,-0.14216575026512146,0.7172026038169861,0.32882076501846313,-0.12705278396606445,0.6411500573158264,0.34247153997421265,0.08039254695177078,0.6400813460350037,0.4331328868865967,-0.19701334834098816,0.5851460695266724,0.4376968443393707,0.021864397451281548,0.5584392547607422,0.4686759114265442,-0.24158155918121338,0.5338496565818787,0.4637819528579712,-0.18075016140937805,0.5373142957687378,0.48614534735679626,-0.27714094519615173,0.5190038084983826,0.4738914370536804,-0.20459242165088654,0.5345808267593384,0.4782944917678833,-0.26962798833847046,0.5176382660865784,0.4747660458087921,-0.2287403643131256,0.540166974067688,0.4746718406677246,-0.23988740146160126,0.5248227119445801,0.4730234742164612,-0.1971212923526764,0.7376352548599243,0.5806100368499756,-0.0917033702135086,0.6948863863945007,0.5774523019790649,0.09145292639732361,0.6101885437965393,0.508199155330658,-0.2550014853477478,0.5803787112236023,0.4906631112098694,0.004729519132524729,0.5425044298171997,0.7299960851669312,-0.3409825563430786,0.51872718334198,0.7104325294494629,-0.11197203397750854,0.543576180934906,0.788395345211029,-0.35016876459121704,0.5277054309844971,0.753096878528595,-0.1253325641155243,0.48277410864830017,0.7472520470619202,-0.4253998398780823,0.46436935663223267,0.7030508518218994,-0.1795167475938797,0,1
0.7270710468292236,0.2485414296388626,-0.08781300485134125,0.7332836389541626,0.23185232281684875,-0.07379835844039917,0.7377622127532959,0.23237887024879456,-0.07377051562070847,0.742065966129303,0.23284903168678284,-0.07374914735555649,0.7200623750686646,0.23189052939414978,-0.06850634515285492,0.715560257434845,0.23184925317764282,-0.06861609220504761,0.7107521295547485,0.23138613998889923,-0.0686253160238266,0.7453042268753052,0.24032557010650635,0.012519952841103077,0.7036348581314087,0.2383241206407547,0.03500800207257271,0.7333184480667114,0.2706093192100525,-0.055100180208683014,0.7181549668312073,0.26826614141464233,-0.048613905906677246,0.7606970071792603,0.3207772970199585,-0.052944134920835495,0.6810611486434937,0.3402582108974457,0.13441501557826996,0.6900559663772583,0.40468740463256836,-0.16172665357589722,0.6226603984832764,0.42024481296539307,0.031118804588913918,0.6106675863265991,0.43452563881874084,-0.22862155735492706,0.5658308267593384,0.44541749358177185,-0.18932859599590302,0.5873744487762451,0.4556317627429962,-0.26016196608543396,0.5446380376815796,0.4539540708065033,-0.2205577790737152,0.5830753445625305,0.4502353370189667,-0.25262323021888733,0.5475332140922546,0.45129454135894775,-0.2350171059370041,0.5905753970146179,0.4469355642795563,-0.227275088429451,0.5557418465614319,0.4502597749233246,-0.20320987701416016,0.7634718418121338,0.5760101079940796,-0.08566305041313171,0.7197054624557495,0.5682463049888611,0.08544798195362091,0.63053297996521,0.5349178314208984,-0.20024637877941132,0.603421151638031,0.521120548248291,-0.006512126885354519,0.5492979288101196,0.7295427322387695,-0.2847635746002197,0.5270514488220215,0.706596314907074,-0.1146102324128151,0.5503281950950623,0.7871551513671875,-0.29295849800109863,0.528507649898529,0.7512970566749573,-0.12705160677433014,0.4956235885620117,0.7452217936515808,-0.3519876003265381,0.46590757369995117,0.699282705783844,-0.17897720634937286,0,1
