nose_x_norm,nose_y_norm,left_eye_inner_x_norm,left_eye_inner_y_norm,left_eye_x_norm,left_eye_y_norm,left_eye_outer_x_norm,left_eye_outer_y_norm,right_eye_inner_x_norm,right_eye_inner_y_norm,right_eye_x_norm,right_eye_y_norm,right_eye_outer_x_norm,right_eye_outer_y_norm,left_ear_x_norm,left_ear_y_norm,right_ear_x_norm,right_ear_y_norm,mouth_left_x_norm,mouth_left_y_norm,mouth_right_x_norm,mouth_right_y_norm,left_shoulder_x_norm,left_shoulder_y_norm,right_shoulder_x_norm,right_shoulder_y_norm,left_elbow_x_norm,left_elbow_y_norm,right_elbow_x_norm,right_elbow_y_norm,left_wrist_x_norm,left_wrist_y_norm,right_wrist_x_norm,right_wrist_y_norm,left_pinky_x_norm,left_pinky_y_norm,right_pinky_x_norm,right_pinky_y_norm,left_index_x_norm,left_index_y_norm,right_index_x_norm,right_index_y_norm,left_thumb_x_norm,left_thumb_y_norm,right_thumb_x_norm,right_thumb_y_norm,left_hip_x_norm,left_hip_y_norm,right_hip_x_norm,right_hip_y_norm,left_knee_x_norm,left_knee_y_norm,right_knee_x_norm,right_knee_y_norm,left_ankle_x_norm,left_ankle_y_norm,right_ankle_x_norm,right_ankle_y_norm,left_heel_x_norm,left_heel_y_norm,right_heel_x_norm,right_heel_y_norm,left_foot_index_x_norm,left_foot_index_y_norm,right_foot_index_x_norm,right_foot_index_y_norm,phase,GOOD,BAD
-0.3327384633640897,-1.5324664485721604,-0.2887242015309501,-1.605429188718386,-0.27034394069356116,-1.6068880925737457,-0.2520835457497601,-1.6076272449886901,-0.3200091997573973,-1.6026348923072964,-0.3248322573107339,-1.6028603514030193,-0.32933797917877794,-1.6044275670684098,-0.19563560713205413,-1.554651154013561,-0.2775319399700788,-1.57300299304113,-0.30299392722987656,-1.4383093176971256,-0.3354731357611007,-1.4378147164197177,-0.10902545534886984,-1.1176181288226248,-0.3220728702964883,-1.0704950152875419,-0.47176782400956413,-0.7783285726136395,-0.5988007094493527,-0.759917171358535,-0.8779311801166809,-0.6108421838187896,-0.8991884695463523,-0.5352852738745318,-0.957239521810982,-0.5442004541764911,-0.9629883889259276,-0.4911176578414514,-0.9634826812706201,-0.5478653847662134,-0.9627299976027397,-0.47235061324434063,-0.9413202189847307,-0.5529951507194316,-0.9374206231043658,-0.47876109066265704,-0.09737325476126227,0.015774693009558798,-0.23227848722879518,0.0046046746041987045,-0.5890611730895325,-0.43349849351299663,-0.6764970402345256,-0.45434403741953916,-0.6567300422241019,0.5393644864104524,-0.7259008186480194,0.4376445590885369,-0.6314576160784938,0.757815010977904,-0.68937187293673,0.6021912677364146,-0.8835736508044315,0.5814767113012155,-0.9403504174044441,0.5143943200336237,0,0,1
-0.2725734463142965,-1.5422394732383333,-0.22812099431758695,-1.6089564588901113,-0.21237382880037473,-1.6091591187514351,-0.19657871692572734,-1.6087638084487674,-0.2541580907204344,-1.6089487973587686,-0.2585118176924855,-1.6092833714895822,-0.26177884294473025,-1.6100439020484347,-0.13673498989998417,-1.5547358633641326,-0.2160241777659285,-1.5737166276137797,-0.24604181042058423,-1.4449619365777981,-0.2757643505454586,-1.4492365149881554,-0.05744258913379934,-1.1173835871050681,-0.3056223267727787,-1.066228530914329,-0.3681159550584181,-0.7784763660247026,-0.5954914222016366,-0.7599046904768315,-0.7787836737296311,-0.6242333048750253,-0.8858230516920407,-0.5431746739881681,-0.8576629696687391,-0.5565508427009769,-0.9539450633336068,-0.5089136651274139,-0.8680921674224914,-0.5649978045794262,-0.9521710481085056,-0.5032637800544929,-0.842342749164255,-0.5737472733728274,-0.923598973415903,-0.5040510641865018,-0.061530633970578286,0.02615878658685789,-0.21547180607073468,0.004812277388969536,-0.5128711982248099,-0.4026904873991776,-0.6623941382019328,-0.45314414275279824,-0.654435784306212,0.5465243110233227,-0.738236872694509,0.44192587223209057,-0.6315117410902376,0.7725691431746292,-0.706507999942528,0.5992371295383602,-0.8831945285760524,0.5778233965815935,-0.9703572992006028,0.48398940932690143,0,0,1
-0.18104755716314572,-1.5393615178479045,-0.13672213829902216,-1.6043005957223668,-0.12206908888678669,-1.6034021575993453,-0.10439986758723786,-1.6023933069238279,-0.16549365995270823,-1.6072392254981067,-0.1707697364399555,-1.6080607393749855,-0.17530635157954286,-1.6092349308398024,-0.04273689758685412,-1.5436784818268192,-0.13551581783180022,-1.5726787372630118,-0.15325770010601886,-1.4406066031556268,-0.1895518569535794,-1.4488774115997363,0.027333738050575932,-1.1150783311825088,-0.23241417047741328,-1.0663726171328067,-0.27976317561402053,-0.7921554123717216,-0.49839955410307657,-0.8027378407523286,-0.6538493064392343,-0.6683784306064222,-0.7724957808127983,-0.6111580366270482,-0.7479937092863933,-0.5839257413347344,-0.8486206326611078,-0.5470228634646851,-0.7559594775672847,-0.5960188506938076,-0.8433550598861852,-0.5400628565321568,-0.7299745290068023,-0.6067926937848968,-0.8096109572448931,-0.557193422749077,0.03246053824972607,0.01822663018540572,-0.12968366245677396,-0.028057669240734016,-0.4095210947500986,-0.2948183504090474,-0.5856737876513551,-0.43420360154270043,-0.644834896949078,0.6136002764904335,-0.7407585050909575,0.4577570674479005,-0.6262729836750146,0.8443586804407273,-0.7063718224015652,0.6009303279651041,-0.8578655059569769,0.6246746493270956,-0.9814133832205113,0.45835170113856555,0,0,1
-0.10550115093121265,-1.539226884970519,-0.0650015548150087,-1.604090150756614,-0.048211185304323056,-1.6032455287126208,-0.029604785719237324,-1.6023664915641285,-0.0949205761468983,-1.6071079290940478,-0.1006234740737875,-1.6079237586089625,-0.10558789923770617,-1.6091399031365352,0.03710812202069688,-1.5435914245876103,-0.06580922850623618,-1.570846580900866,-0.07404166750708902,-1.4405443841067387,-0.11189729387153301,-1.4487129358220399,0.11478566969677147,-1.1155679277499266,-0.14760966862939054,-1.066114349382705,-0.19293726522237803,-0.8141189219888723,-0.42316603492533383,-0.8196512890568426,-0.5742776304982983,-0.6995633346330692,-0.6797057389900967,-0.6505567201185358,-0.651882517199703,-0.6209054816643833,-0.7714678998820104,-0.585932073961841,-0.6638174530084747,-0.6327563877745572,-0.7686645208490871,-0.5882283090491098,-0.6338410937646007,-0.6505537543644676,-0.7284192381442275,-0.6090661914243096,0.10895425576026223,0.008043219300051767,-0.05047010131956757,-0.04522073517931778,-0.3786191730907881,-0.262755830324399,-0.5239050390892073,-0.39314187145749496,-0.6392016942427905,0.6146854953332057,-0.7465553185633383,0.4922156696734456,-0.6256645097986983,0.8378352572216485,-0.7517399509668174,0.6731363065316056,-0.8625790777559641,0.5885950153571315,-0.9798338720330465,0.4532928661368106,0,0,1
-0.022539370944203375,-1.5241685776221787,0.014823445952582247,-1.584811760728919,0.03139212534667333,-1.5856443961835534,0.04993698553484485,-1.5862588015680061,-0.016236402110857535,-1.5863790999673957,-0.022765509691900172,-1.5867679226830393,-0.029039315276909155,-1.5878030944259116,0.11626063805333375,-1.5330123944668732,0.010125197216280463,-1.5513152985523178,0.01145978654695009,-1.4304480922471368,-0.028579376250172827,-1.4366798211963037,0.1902950040028526,-1.1185111915163979,-0.05808591062041657,-1.0662318673876556,-0.11972120024949753,-0.835160205663913,-0.3176232506095668,-0.8288933201717298,-0.47842890764663965,-0.7143552801941633,-0.5755276958380254,-0.6664034855432035,-0.5627225583564227,-0.6431782947162253,-0.6588238645962192,-0.609782421031769,-0.5694189838961438,-0.65568500319472,-0.6583278422283203,-0.6150061025304788,-0.5372969015839599,-0.6688674093084093,-0.6191017903382164,-0.6326214459644562,0.16762972282932476,-0.0117662878520154,0.017536369486426784,-0.07955996580361965,-0.3400196367475819,-0.22400924200864683,-0.4532528685082465,-0.34606645713367495,-0.638778085703389,0.6195441419353602,-0.7346268085550476,0.4894412067426869,-0.6272025004292088,0.8362307842707769,-0.7457901540137544,0.6737741908024312,-0.8704746565239091,0.5438262162598189,-0.9708759354432713,0.4373907399695373,0,0,1
0.055645320677525666,-1.503290039701628,0.09158581135245875,-1.56761576256287,0.10745951570991225,-1.5699918876503498,0.124596878446572,-1.5716992969820036,0.0583486055106487,-1.5661553758304763,0.0502681614057888,-1.5654446452253514,0.04404427934759375,-1.5648250497712795,0.18942109513743632,-1.5215160813274728,0.07644242393428835,-1.5273418109020183,0.09083844132728376,-1.4140770680043795,0.049983201869073596,-1.4188549595947197,0.2822842922271525,-1.1185800217253963,0.016046819505696072,-1.0691232304579341,-0.03700804931186857,-0.8472885333525456,-0.25341862937277443,-0.8295729721456819,-0.36922316991052917,-0.7267401456096912,-0.4827314753610151,-0.6839832399283631,-0.45441717412616955,-0.6667718569130856,-0.584500090478883,-0.6305061218753448,-0.4640225101144057,-0.6835812566790419,-0.5829193435605564,-0.6395662534073853,-0.44165380434769336,-0.6916830789278098,-0.540022429572594,-0.652805379567628,0.20177346083130077,-0.014637137789989176,0.04344692704903292,-0.09925801003195867,-0.2835593408212586,-0.15972405111966964,-0.40954432649029915,-0.3028426923327847,-0.6267534358340556,0.6435954188434058,-0.7276355376317175,0.4813281393430773,-0.6266397485947764,0.8464431112582953,-0.7440282489510981,0.6650524023803328,-0.8415064065170355,0.5979544409038832,-0.9520020001266208,0.42336445325037186,0,0,1
0.13505190297533445,-1.4464678599924468,0.16734945906988413,-1.515962459688681,0.1829065691805621,-1.5202336398391683,0.20000389423730178,-1.5239261890136502,0.1350093938336909,-1.5126706580326583,0.12839798657725698,-1.5127034666870374,0.12278850990351466,-1.51199588719561,0.2564392284002181,-1.4950983798192123,0.15647280317109902,-1.4829672717361408,0.17039380562084497,-1.3718518355263112,0.13227027280557765,-1.3734404293356095,0.3722123813740849,-1.1107719327024619,0.08380268409293136,-1.068024542148769,0.09344311483764065,-0.8127865569737538,-0.15806889464308288,-0.821735967020583,-0.23977541922074566,-0.7306626025109982,-0.4240893730252193,-0.7015369203923401,-0.3322347794648481,-0.6872772041133935,-0.503763614627679,-0.6649101047968015,-0.34355160269658186,-0.7087112030562924,-0.5045962500823136,-0.6767802883084184,-0.31223175685983384,-0.7093881364223488,-0.47009439727660784,-0.6774889799576213,0.2616137278106311,-0.02267507275320553,0.08076402190393449,-0.10494311343443895,-0.23666978041904296,-0.07539579994575807,-0.35978787048886723,-0.23214677687931873,-0.6088795775038042,0.6565147378566324,-0.7212440904686718,0.4802896311268784,-0.6188168308015013,0.8512987921063816,-0.7499288638158643,0.6491067784867266,-0.8310643571623211,0.5993461210003648,-0.9562936934094131,0.38209030103003483,0,0,1
0.20568232469312872,-1.3765218478124224,0.23120856995773645,-1.442622636269998,0.24995213566847435,-1.448346788767709,0.2681796601713533,-1.4550526058619793,0.20179965832556948,-1.4316001641295286,0.19539189951514885,-1.430605956864723,0.18894805736356565,-1.4296765636836148,0.3287356624657983,-1.4493915992113027,0.22901292336261259,-1.4233914511612211,0.248514239237764,-1.2986848290686412,0.20790441592869363,-1.28782806843673,0.4615537455078673,-1.095386959900823,0.17303036098743452,-1.0522015027566465,0.24750934290100424,-0.7678185580615301,-0.06190580186019986,-0.7783456256995315,-0.09098131330587178,-0.7289287485389032,-0.32804565184357953,-0.6969086140228122,-0.1799482509885497,-0.6824562473025219,-0.39658744125887585,-0.657937864128742,-0.19196548647271264,-0.7025512082836489,-0.3939916650107234,-0.6678517621131524,-0.15687913296940814,-0.7047647729762679,-0.3680128951045497,-0.6706459967376989,0.32040041065724945,-0.032002863589896846,0.13530201490174884,-0.11307521108931921,-0.20018532101877584,0.01875058007077972,-0.3150025125980074,-0.1370550627535566,-0.5974344854086228,0.6852835409024226,-0.7066342916365969,0.47477950721441925,-0.6245306031599737,0.8705015554053388,-0.7495534487800704,0.6289596696632345,-0.8313444973486755,0.5975320680953435,-0.9562136180495729,0.3410400632418435,0,0,1
0.2516695544201083,-1.276928551517003,0.269981108621585,-1.351185101875461,0.2848098789623586,-1.3580979038890713,0.30229522350968185,-1.366810671475879,0.24741616879402972,-1.3387320241163656,0.24211092905844558,-1.3369256327426868,0.23683806547143882,-1.3350944031786875,0.3751000372517782,-1.3792614013463371,0.2756751092862697,-1.3381239209593077,0.29020087841974684,-1.214770053441065,0.2574715579621083,-1.2090035153747967,0.5221436068279237,-1.0906846332526776,0.24368104869136117,-1.019391489073737,0.3932887598055988,-0.7425741830064831,0.017415267861977134,-0.7041834851789096,0.06499906186231333,-0.728323981855172,-0.22029387503938194,-0.6916707216191924,-0.01663257742512854,-0.6801964662756741,-0.2871718764224434,-0.6556170379973248,-0.03853763697251937,-0.7047075586373698,-0.2822549033236152,-0.6669369505562128,-0.012476073098609687,-0.7074842458836796,-0.25617505063295193,-0.6689556404919369,0.3429366815288125,-0.04177798899853483,0.17183713926734695,-0.12618779840932065,-0.1763549927888079,0.06726092507124193,-0.2755003984333928,-0.07588589080552063,-0.5876697401392232,0.712419943479866,-0.6823781305516764,0.47588598062801335,-0.6245449376379698,0.8961711454499074,-0.7133789106799254,0.5712001263088871,-0.8291001629575995,0.5729968789818441,-0.9492041818825754,0.3488815169980446,0,0,1
0.21453238197867477,-1.2217033685869798,0.23045230267035702,-1.2978953206210813,0.24478010771978484,-1.3074622253795176,0.2619515766282284,-1.31998450406687,0.21014529027335688,-1.285859178454734,0.20704904302620336,-1.2855743424911048,0.20442187921416294,-1.2842597720003952,0.3326432905967645,-1.3640942878956215,0.2556288361010948,-1.292420167892009,0.2566191508136862,-1.1741665323593895,0.23164058146699767,-1.1613022033695097,0.5344025512686413,-1.0985703261737287,0.25172491516271384,-0.9878005238859251,0.4833120002288845,-0.649309126240532,0.12034670572073393,-0.538974424789144,0.16010189756583101,-0.7280088704854306,-0.10159228706938471,-0.5896610154102009,0.07834174226876911,-0.693004569511345,-0.16557867823599534,-0.5858519986020009,0.06757407783198868,-0.7288934066362578,-0.16493189670296526,-0.6090454311458325,0.09387512634690186,-0.7329454917049604,-0.13884462962713157,-0.6062097995374182,0.3430916421788736,-0.043783333040952124,0.17947272026198363,-0.12349266939988504,-0.1545094954689525,0.0728674359909161,-0.243947988048467,-0.044039623621675156,-0.5690648234311716,0.7218878661962778,-0.683347190693446,0.502304423574791,-0.612633480715571,0.9018854121007245,-0.7160394392252326,0.6472554065096809,-0.8199632925390457,0.5666135876424857,-0.9309022663818202,0.3599183236165101,1,0,1
0.0733867086593996,-1.2602747302665385,0.09129763891550305,-1.339790180453266,0.10365717184836554,-1.3460529880336054,0.11750106469233947,-1.3557540931636258,0.07431004675928511,-1.3324381996913965,0.07339783023715518,-1.3323137615936202,0.07321988499306589,-1.3302111655323847,0.19692692439159126,-1.3996964354606127,0.1428973110702931,-1.327396788494792,0.11808185819735309,-1.1872521807466052,0.10231195523228502,-1.1840160487659037,0.47530248707548794,-1.1302529825914809,0.17648694735386886,-1.0103922790731799,0.5551793885392716,-0.5577482659059942,0.09498159976049592,-0.49993422682064453,0.24291909704201775,-0.7388458594235542,-0.058654099670640544,-0.5970036046175211,0.16027885422523092,-0.7201073602093494,-0.10579401914544292,-0.5925212380627638,0.15589324539694713,-0.7928385243920866,-0.09743578274286586,-0.6221038934540902,0.17635200554376781,-0.7877359445178264,-0.08230178687924462,-0.6202227403632768,0.33020198070632845,-0.04079212291704573,0.16442967418978582,-0.10617266564186142,-0.15502454809212204,0.05733380476661101,-0.24847496448733286,-0.050456032548127916,-0.5746169621929296,0.7187248894825907,-0.67968819161186,0.5080644122674921,-0.6154623158042459,0.9016249200350716,-0.7193054758927879,0.6769900567970003,-0.829880032704438,0.5529127924323003,-0.9318048442032286,0.36077567368837915,1,0,1
-0.06668857458744405,-1.323780669274108,-0.039170825466070404,-1.4008279324241568,-0.024560285195478475,-1.4053710969373112,-0.0077101063110850375,-1.412484952362125,-0.058110625237651196,-1.3949272557728474,-0.05930013976515359,-1.3938700262340935,-0.05989007767854403,-1.393553493773861,0.0668679812175955,-1.4192088111269765,0.008423842965849034,-1.372871189914153,-0.026526332996492714,-1.2380681523888855,-0.047554270778226784,-1.2308880617898827,0.2952896181083557,-1.082409561537095,-0.01455259523866269,-0.9769477175927713,0.32155804332851917,-0.4475926218564711,-0.142462602444108,-0.5027594782898205,0.014460635371577985,-0.6855555838768297,-0.3016613150685857,-0.5939742104099873,-0.075926157071229,-0.710103501018205,-0.3562598588786249,-0.595604386562783,-0.07212035316326944,-0.7852912981540636,-0.3645412328216022,-0.6230879059392866,-0.0546345143236015,-0.7861343137479366,-0.3346476675454643,-0.6214886230580342,0.2715895359112142,-0.04066434834594273,0.07215073065149612,-0.09431607516972351,-0.1739529791397749,0.016531701735455293,-0.2928090334674885,-0.15280099253990712,-0.5760046879506537,0.6990194308690812,-0.6627238311958427,0.49898475618783644,-0.6091558869244873,0.8917655177816636,-0.6953221641821377,0.6579041936375629,-0.823076592872091,0.5512952207342943,-0.9102701331950986,0.37994976803134417,1,0,1
-0.24254914071298736,-1.3240699538688394,-0.20706488187220543,-1.4006637655791758,-0.1918999927370409,-1.4052126762408375,-0.17440179658875565,-1.411569770085927,-0.23024348564569636,-1.3950173405526678,-0.23180100082382227,-1.3943899599941667,-0.232268354235729,-1.3948796183481278,-0.10164690637347323,-1.3952255612028694,-0.1623766524270776,-1.3737927362042892,-0.20538305216938935,-1.2409612454823702,-0.23029044341844213,-1.233424522956672,0.0673427490146726,-1.014189803584366,-0.16865589522787822,-0.9789759226561306,-0.2060767914751652,-0.4703183302691376,-0.4504803827468665,-0.6410441875180156,-0.5391759539323082,-0.34919285621385476,-0.7390971885204461,-0.4805222542867963,-0.6402552783755024,-0.3307212748657839,-0.8109744626777272,-0.47846525669435863,-0.645625764700586,-0.3577721648675955,-0.8160429363802036,-0.4773948666219271,-0.6156333409555095,-0.36162430868287,-0.7872679546801047,-0.46969700479185916,0.1841581173973234,-0.012400712076428165,0.022334465276356442,-0.0977526426961978,-0.26847032556100436,-0.14909726000112655,-0.3855545889791679,-0.27985117821175987,-0.5837060098271345,0.6701109902359154,-0.6596211581482081,0.44745650927685443,-0.6062993714645095,0.8700154188843338,-0.6701918470856286,0.6026450281088422,-0.8351084099804225,0.5443798236858745,-0.8785491691206326,0.42301375283181253,1,0,1
-0.4159718569945075,-1.2826529511608862,-0.3875636402141704,-1.360457779115719,-0.3754816524328527,-1.363474321722291,-0.362427391609525,-1.3679138084161464,-0.4026346138038433,-1.3608390020865633,-0.40139987152680157,-1.3632240862227905,-0.39896869462943174,-1.3670485496667621,-0.285412689967683,-1.328244747012112,-0.33059595319602025,-1.3374115221175196,-0.3767539609280911,-1.2054683365255563,-0.39955912683516687,-1.2061986534648392,-0.12264938809945564,-0.9723384414785142,-0.27477280010200555,-0.9692111773867312,-0.45625791881780425,-0.5388796442320493,-0.6238059705826545,-0.6601133683108197,-0.8329072025964208,-0.43600060136182983,-0.9291355419688032,-0.4444874773471131,-0.9301618164494709,-0.3976783630239962,-1.0086914005547092,-0.4386138014151327,-0.9438855962536845,-0.42368518402073113,-1.0171782765399924,-0.4364230977434557,-0.9145214180787122,-0.4296763779576622,-0.9874297860670217,-0.42763495057408235,0.12986974203357876,-0.011654330635942558,-0.006863630670799209,-0.07146148002817848,-0.34642096975752157,-0.2914025431610502,-0.47232415004351547,-0.3401123351225958,-0.6181198785954849,0.607335368167629,-0.6870037183133084,0.44905035494231527,-0.6107030219633747,0.814286428481983,-0.6744190352174385,0.5934610763444564,-0.8629607950191529,0.4930913085620683,-0.9015231358634209,0.4404879758013802,1,0,1
-0.5723338258527951,-1.21026791519252,-0.545016265131022,-1.2996514177486875,-0.5350547915084349,-1.3035681902880305,-0.5248288714814374,-1.307737299069339,-0.5573812352796761,-1.302140921142731,-0.5560639461810707,-1.3070498619909579,-0.5539001814421795,-1.312780563862236,-0.44868857299735637,-1.280266384147625,-0.4846048433473995,-1.2916260872402607,-0.5392918654871387,-1.1414232481430133,-0.5585163776492623,-1.1389477085077073,-0.2871226943341465,-0.9406509657104012,-0.39402008682054324,-0.9222322736432125,-0.6429447230229741,-0.53543677447818,-0.7361170999742954,-0.6387798342869795,-1.0597221422207581,-0.36302673963784865,-1.0668704745366142,-0.43865668127603474,-1.1292143322418118,-0.28020978730783425,-1.1448620214246548,-0.40926803563000014,-1.1418200227623312,-0.30945311100452927,-1.148629146956642,-0.400327275699203,-1.1237336187238618,-0.32757287977626526,-1.1277241643956502,-0.3846590733840554,0.04997035026811159,0.027817137403301075,-0.046230308732968045,0.008224871736726244,-0.4542226700885331,-0.38253818850606625,-0.5555812697064785,-0.4177449021953034,-0.6670202202559095,0.570619085657701,-0.6996645224302609,0.4473052558193786,-0.6439540679908361,0.7886573704096792,-0.6724112197132978,0.6026635640717682,-0.9595646730004154,0.4860750758753312,-0.9067303821416698,0.5018484388868122,1,0,1
-0.6590351745735752,-1.1659741310384568,-0.6346260300079725,-1.2480620021600497,-0.6248158098428612,-1.2519164938639615,-0.6141222892577847,-1.255016942596045,-0.6442849967156077,-1.2492809270820613,-0.6419034961988794,-1.2530329766975357,-0.6386048362365744,-1.2571064399101461,-0.5472027673177691,-1.2329178733033623,-0.5757988151890893,-1.2440237572769985,-0.628363346000719,-1.0923961204961752,-0.6404732612995118,-1.0948406432868518,-0.40520864118882927,-0.925499916760888,-0.49045528753917944,-0.8489561521504518,-0.8250689617404602,-0.5397298270649202,-0.8426380888402087,-0.5863145326635468,-1.1881134665968478,-0.3449369991260527,-1.168442732020553,-0.38398275788342995,-1.2653221779839816,-0.2657685421652995,-1.2585278825600115,-0.3425592058019096,-1.2712822315031969,-0.28117316308763984,-1.2554509127143008,-0.31107562562598223,-1.2514789030054385,-0.29485912952748455,-1.2342730807790387,-0.31770161450658463,-0.029492828503164484,0.032870782335436735,-0.1057858633217555,0.0706754965883774,-0.5303664286190269,-0.4099614042165175,-0.5946046617352584,-0.38950239692352445,-0.6901926453750917,0.5492493447196122,-0.7241952629126581,0.47283644400743324,-0.6438952472018177,0.7892700457709255,-0.6767948513722027,0.6152776575621474,-0.9476817614609226,0.5050450274799383,-0.9276783681366498,0.5052509002415027,1,0,1
-0.7232887307524921,-1.146696853168537,-0.6975721829351778,-1.2251671221924123,-0.6876188651362781,-1.228445516168585,-0.6765931800955682,-1.2312052739020891,-0.7059593354399193,-1.2255049710100097,-0.7031868496785394,-1.2282737495788043,-0.6994465395062516,-1.2316652129288255,-0.6079915813065642,-1.2091860328230744,-0.6295150471638524,-1.2147832757612855,-0.6979535294791079,-1.0811140213016561,-0.7100182170283614,-1.0766322726123296,-0.4996864442224834,-0.9048333066831242,-0.532839126073351,-0.8208210318905573,-0.8890632615845859,-0.5691835957273681,-0.9056372546213824,-0.5624091955702718,-1.2792194544011821,-0.36457733472314885,-1.2627808974668315,-0.36657687083051604,-1.3567378399422658,-0.2857347399906342,-1.3399379553039448,-0.3005172939971791,-1.367411712406641,-0.2906388614885004,-1.3459594246469884,-0.28210070267245524,-1.3447049106761588,-0.3096451435804423,-1.3203689213775707,-0.29475433955040975,-0.09537384222698128,0.04455560621779402,-0.1353536899427411,0.10296810975948018,-0.5979599181710308,-0.4025136543128639,-0.6384901604126056,-0.3787553691921349,-0.689692421522263,0.5568448880343287,-0.7229664521437527,0.4940606158500102,-0.646573075979189,0.7910284907871689,-0.6710726760438706,0.6304603412217208,-0.9375825038472525,0.5055514299870757,-0.9340235989654668,0.5015528520646861,1,0,1
-0.742263625280546,-1.157357009020347,-0.7180044984415574,-1.2346373927974612,-0.7087570301108786,-1.2378455972606877,-0.6983002755589097,-1.2399504176374743,-0.7275725153577692,-1.2329077403102962,-0.7256030075103422,-1.2342278715898836,-0.7228488105657158,-1.2355984206886295,-0.6289063261413637,-1.2110692866563526,-0.6565093406921968,-1.2225437891460433,-0.7120668116509393,-1.0904655381708928,-0.7247795164640846,-1.0856023193645497,-0.4942264909830105,-0.9075201562957862,-0.5500271537753417,-0.8340333426911004,-0.8865836440374362,-0.6026680713146105,-0.8682570139194463,-0.5650377186862601,-1.2536190652848707,-0.4088886662554487,-1.2234554928154444,-0.39343090890605387,-1.3450751356423336,-0.3040776817559988,-1.3026768390570798,-0.3147104043826782,-1.3563321495003595,-0.29365997629926066,-1.3111760723509802,-0.28623990676690986,-1.3272895084956096,-0.32575017675521184,-1.2854947428632253,-0.31255108827488925,-0.12588502578781244,0.04336016018215532,-0.17884943910629836,0.092550404302742,-0.6266110796387843,-0.39750313638780266,-0.669649608383501,-0.3770189201852303,-0.6972721474819494,0.5492115313552431,-0.7218866705167719,0.49704095154233335,-0.6502550596548031,0.7909402596036413,-0.6812204978804066,0.6361358059234795,-0.9450824015932712,0.5137517399855235,-0.9548190957721093,0.5025703528562355,2,0,1
-0.6964199874796997,-1.2945445128164113,-0.6685105116751572,-1.370474057402024,-0.6582146492813857,-1.3728534571762874,-0.6466452426615141,-1.3753622379717738,-0.6809951005712269,-1.3712768499563477,-0.6799541208933046,-1.3728797164570992,-0.6780046318858376,-1.3752340308948692,-0.5768761253543465,-1.3352001817404517,-0.6121787317584539,-1.3444787904888462,-0.6674401216027257,-1.2135905483335427,-0.6847282435045167,-1.2114113369588797,-0.44549495015829843,-0.976422779122708,-0.5545652517919631,-0.8395466795038001,-0.8222619990880379,-0.6612335583369789,-0.8454127989171398,-0.5715211042254187,-1.1998421589247965,-0.44949441165267534,-1.1772737590508284,-0.4277731052844239,-1.283657087498745,-0.3296736222412082,-1.2571423811178384,-0.3559655263477446,-1.2929786996811277,-0.3127478166280768,-1.2641300684216694,-0.3353656457365142,-1.2697024731695599,-0.34994801134345865,-1.2370239412503385,-0.3624437218172839,-0.1293994443585758,0.03729741742833001,-0.2028621612114578,0.10192465861983441,-0.6526513889418721,-0.43514980066352793,-0.688484618178007,-0.396630339680162,-0.6942443597245358,0.5435224736140054,-0.722788259753491,0.5037245254810924,-0.6472831269323398,0.7848701024646456,-0.6696421939983306,0.6346005339008648,-0.9653731023428964,0.5157644984131112,-0.952868000314522,0.5181247443590177,2,0,1
-0.5978047103747973,-1.4060476595841092,-0.565435234744095,-1.4830881880009612,-0.5531602258021748,-1.485877726848233,-0.5392248888744329,-1.4897339485753514,-0.587142083061264,-1.4874032365970402,-0.5897067188917009,-1.4915294655174467,-0.5919117570413739,-1.4953764192631018,-0.4647903932718854,-1.440029269697026,-0.5305982517286878,-1.4616983046498262,-0.5657046240719523,-1.31628979236338,-0.5946086160740159,-1.3144982297600423,-0.3407383378167647,-1.0583277620767648,-0.547054973906706,-0.8742231410802683,-0.7007529541732737,-0.7163129250253177,-0.7649207506303864,-0.5753617557436791,-1.0834547241395631,-0.5019117669186729,-1.0802111777736914,-0.4563904077265659,-1.1638911645375387,-0.40813005107943195,-1.161842817061133,-0.38574095575350104,-1.1740160017800465,-0.41201593034723166,-1.1640036160459561,-0.393662979161887,-1.1493826956361257,-0.43331251601830606,-1.1380054451652533,-0.40669227822180776,-0.11486378937820478,0.04571175601202967,-0.20484896929094915,0.11737623731492054,-0.6327010084715676,-0.43023332185704444,-0.6835602306940084,-0.3900136187810226,-0.6941027449677815,0.5481077765495449,-0.7290620653384999,0.514258883931178,-0.6471837741710565,0.7839455286338983,-0.6758060195366455,0.6554903169722572,-0.9955806668310002,0.5548679658017313,-0.9556849723869243,0.5434594513400571,2,0,1
-0.44722151331830917,-1.4689467311654825,-0.41118068129740354,-1.5459171936424745,-0.39700981406741553,-1.5502227271109181,-0.3808002380617435,-1.5541305406015136,-0.43526334576933695,-1.547018353413363,-0.4387167192355308,-1.5513807305014464,-0.4414474372937843,-1.5560463559429984,-0.30566038728332,-1.503034366986336,-0.384899404476278,-1.5245538167183235,-0.41433426645654137,-1.3672315614073844,-0.442867786346258,-1.37540159599972,-0.18615458566850815,-1.0677541642362223,-0.41475441494952997,-0.9898674073252566,-0.5218117110094347,-0.7012439286050236,-0.6463667089252799,-0.6506686773346086,-0.9235470727197103,-0.5242479729637217,-0.9495920778000728,-0.5111001673141609,-0.9950224872007563,-0.4547499750076178,-1.017083001690553,-0.4708215198760345,-1.0130635399166001,-0.47454279979305164,-1.0262228378631748,-0.47241746628396025,-0.9884952332160063,-0.48856290785790846,-1.0005170409043576,-0.47463844536174965,-0.07666635985740594,0.05373362647404352,-0.19805912249808125,0.09223900012558575,-0.5736170087796167,-0.39621352766050005,-0.6817543336126746,-0.3894396217957485,-0.6828773658198157,0.5991637271251733,-0.7286471069151307,0.5295443803984474,-0.6417749801892594,0.8490744765552656,-0.6932540450119444,0.7049408060123246,-0.9897446806903026,0.6256454394920715,-0.9624043825206735,0.5413893550004851,2,0,1
-0.2911039720244719,-1.5132130203078722,-0.2563717789861395,-1.585764879942572,-0.24262995751134458,-1.5885019620147636,-0.22733531663569828,-1.590302669026478,-0.27851261598194865,-1.589443712504489,-0.2813730857806839,-1.5935805069237632,-0.2836077814710385,-1.5982304385833712,-0.14896575967705428,-1.5327197116122722,-0.22670904823497295,-1.5623260312496006,-0.2636986744115158,-1.408830092978926,-0.2890877535504714,-1.4204331114782367,-0.043358964502649575,-1.0739094632315913,-0.28690322853310307,-1.0337148454920626,-0.34835315853292437,-0.7177692338458679,-0.5752392762548975,-0.76392106292363,-0.7375394261961479,-0.5788720964025987,-0.8526843335999106,-0.5748866172273435,-0.8272371751104536,-0.522160947111344,-0.9194817653307872,-0.544585137193748,-0.8389658674384024,-0.5363220520675243,-0.9152170109807807,-0.5402864002450439,-0.8138584113628353,-0.5459810187751596,-0.886773452297798,-0.5450956176127292,-0.009552333879753816,0.04907862831790233,-0.16400583999518395,0.034018282013640266,-0.505672324516709,-0.37029827432061935,-0.6140550654989065,-0.40329204118266837,-0.6748421494644953,0.5980925956142248,-0.7374946927389533,0.5162943798066215,-0.6417515013028865,0.8669443805467596,-0.7098995868656353,0.703320021414078,-0.9468342972359474,0.6201143081549629,-0.9752698236683288,0.5144684638853276,2,0,1
-0.1212468335713908,-1.5510572779483882,-0.08267992052293435,-1.6108090048114756,-0.0667866916178655,-1.6089326092844798,-0.04760617147441949,-1.6070382338734461,-0.10791651047355233,-1.6137520832183174,-0.1113439335916498,-1.615452016378258,-0.11445426817062708,-1.6179227984497462,0.01991935288018911,-1.5422469494100468,-0.06961107807543819,-1.5717798048476455,-0.10144523509683871,-1.4448938478073168,-0.12711433084906257,-1.4580902794662867,0.10266957574367001,-1.1022513212646534,-0.14789215670438227,-1.0792168037096403,-0.20680957987617177,-0.7613539556314698,-0.427174992986962,-0.820922238248133,-0.5829257693610375,-0.6374469749795163,-0.6932325432949503,-0.6488612973762407,-0.6718020043984643,-0.5870218650088017,-0.7636437463578735,-0.617181977431815,-0.6849123674029146,-0.6057573984689384,-0.7629292467736205,-0.6193644017067185,-0.6520691125598245,-0.6113421605254461,-0.7300773418144982,-0.6238248958252232,0.09089404921606166,-0.003719949918939273,-0.07503198221968034,-0.04692085369888748,-0.40880486514263925,-0.31020937829190876,-0.5277249303289905,-0.39282342361442685,-0.6475127257264494,0.6127211775553979,-0.7379667419281346,0.5152435142818054,-0.6276975342124183,0.8720654963839457,-0.7145489006598125,0.6749572795294526,-0.9005199695498676,0.6164857080525756,-0.9741739775401456,0.4921269441975733,2,0,1
0.029115167660847537,-1.5392290474995272,0.06918102224458385,-1.5981934284440624,0.0861456298067736,-1.59643560129325,0.10511459282669124,-1.5939204564838254,0.04244697363572009,-1.6022147438143077,0.03717435719488567,-1.6039482270671443,0.031957348642829154,-1.6061572195555749,0.16622692115508758,-1.5307349424887027,0.06066856663046274,-1.5625039764936899,0.047166229796671295,-1.43918699554167,0.016740311665299587,-1.4501489786564576,0.24692657222661182,-1.1078313875438865,-0.02216568593161588,-1.094420371220777,-0.0569013390163611,-0.7901572355683023,-0.24947417646212866,-0.8094178310715885,-0.40812842606892763,-0.7072178223098904,-0.5234918106890444,-0.6773430401428507,-0.4978882086724922,-0.6544026852795016,-0.6311143300451049,-0.6261263209821112,-0.5114970655065649,-0.6722206885748029,-0.6295355602961572,-0.6326015506975824,-0.47767091033605374,-0.6731971631017428,-0.5835255931213217,-0.6463415185760847,0.1932103402518487,-0.014103054911548979,0.0206207537173077,-0.08758307199649523,-0.30899537773296,-0.20919307612266286,-0.44005328573557917,-0.3282263342559487,-0.621360706353461,0.6412959708558964,-0.7376212315791946,0.50515476038046,-0.6255275908192184,0.8701305890006471,-0.7456851168905072,0.6859654171919259,-0.8580722437301446,0.5717416235724976,-0.9676643945067183,0.46079474105220797,2,0,1
0.15259161968057386,-1.5363656737332667,0.19287817579621536,-1.5905935600713297,0.20688913945269533,-1.585787617390428,0.2246525234439081,-1.579660863777965,0.16665942695669347,-1.5983950997206968,0.1616885759922938,-1.5997911048751945,0.15724167491326813,-1.6013434917702443,0.2875986763711134,-1.510729510208508,0.18979478015002382,-1.5537584620390463,0.17487975579510134,-1.4331163441103296,0.14327816332187865,-1.4455740558601566,0.36834133087662596,-1.1056371002527106,0.09521935437829299,-1.0860916687857953,0.08590268511935725,-0.7862863086439296,-0.17396212354815171,-0.7981358554501556,-0.25244067196880043,-0.7041313373365445,-0.46088375372560864,-0.6736075493209237,-0.3562615889018313,-0.6633878079482348,-0.5418102849833467,-0.6355813920975608,-0.35989513192766553,-0.6814701340748605,-0.5411508989955269,-0.645637893423415,-0.3269910791261782,-0.6815427950495302,-0.5033506333736886,-0.6505846476360109,0.2788628006171913,-0.034215563270912616,0.10467541407843199,-0.12040260080704016,-0.2317723318678301,-0.09105646430264912,-0.34975398303778277,-0.22713959542758416,-0.6153654345046862,0.6641972766240148,-0.715574310128877,0.4881352863680094,-0.6239246007453808,0.8722906465469532,-0.7458057242226122,0.6856181768197794,-0.8364675903552405,0.618440387129662,-0.9674728562231499,0.40339108818603914,2,0,1
0.2431556159289531,-1.4285333272768843,0.28054265315062865,-1.490701772986259,0.2976125449822379,-1.49078166298647,0.3177374106502188,-1.4924478606938851,0.24259681843327827,-1.4901283938664158,0.23403666360789435,-1.4895762075308514,0.22637340224195487,-1.4885695811708852,0.37595714017747495,-1.4561181765840499,0.25748342097838095,-1.4587753068694873,0.2836245659197861,-1.343766268073972,0.2401087979162688,-1.3438430069604854,0.4693781461781765,-1.0925927252762766,0.204952996338535,-1.0545905412316312,0.2275903499945877,-0.8000886809309493,-0.03725025256076787,-0.775835485600097,-0.08283537546534013,-0.7365810119001733,-0.3217908765138412,-0.6689547754803337,-0.19044059458933643,-0.7079039000843236,-0.39477635410792267,-0.6380942508048911,-0.19864584751123118,-0.7282833263098211,-0.3911292180426094,-0.6495094382132186,-0.16476976881390612,-0.7251874497819261,-0.3652806941692622,-0.6517516718618298,0.33450405412835926,-0.0400835548409291,0.15045825392088125,-0.1209497824326147,-0.18408177072104034,0.040354121287908155,-0.29913819979510303,-0.10956548829583043,-0.596998519560604,0.730845926359139,-0.6989784446558278,0.48213976737306224,-0.6226994971690605,0.9167880791470296,-0.7375955283772705,0.6481162166279629,-0.8415117201597409,0.6670026328263169,-0.9662677714867898,0.35203287784163134,2,0,1
0.2931762711886231,-1.2849470855056901,0.3162955598807509,-1.359444109089841,0.33296210915909114,-1.3652742872954886,0.35324144118478845,-1.3739630817035788,0.2842713474528162,-1.3429594593943477,0.27822170344612523,-1.3378883906570616,0.2734878656610056,-1.3329464557948265,0.4203653530093345,-1.3805975971271272,0.3073894004140823,-1.3312806905932129,0.339195135625663,-1.2184538907129716,0.29814761644536747,-1.2125648917183058,0.5641241028088263,-1.0544768539923521,0.264276233525317,-0.9888188896890777,0.4370032333316825,-0.7067724649073225,0.04109236546509041,-0.6544466772981792,0.11183276722957873,-0.7513415698973794,-0.16646296724065013,-0.6371731370205567,0.032877720988646504,-0.7138160072461038,-0.243008585447379,-0.6248797156887969,0.01281068752499457,-0.7500075984321407,-0.2387433368050278,-0.6461173569977666,0.041893613355836884,-0.7502814363911002,-0.2114173731133948,-0.6498462984461265,0.3537535280538899,-0.059010503011547887,0.1759380357050879,-0.1423007402616053,-0.14819589935019578,0.08524921207928975,-0.25250171707336994,-0.047217181959530605,-0.5854276300636984,0.7321276264089266,-0.6826559228493936,0.4825683188359106,-0.620459117116742,0.9169759102380128,-0.7090372938703192,0.5999496519532342,-0.8228486005281017,0.645255252536883,-0.9585367920696274,0.34409355420118115,2,0,1
0.28079647226962823,-1.2260546240973076,0.30137040253276226,-1.3003137694905753,0.3175656440604382,-1.3104521997725622,0.33432685032278703,-1.3270025903498996,0.27295773712132293,-1.2861651454160985,0.2668193676387597,-1.283921305317367,0.2607919667875799,-1.280870285819753,0.40587566721701984,-1.3559783783150299,0.29978866702974644,-1.2747965450612582,0.32633043591652483,-1.170514947662974,0.29590797783156597,-1.1518129025091903,0.5954254126826484,-1.0526232576997554,0.2894354667239906,-0.9506634750175778,0.6177234346440696,-0.4898963850308025,0.1838516561436141,-0.4837927395854539,0.26334177384767593,-0.6711525228179225,0.01671114841696273,-0.5631742365467696,0.189152447248096,-0.6579937191636923,-0.05815684157187994,-0.5666638169272121,0.1829952946564344,-0.7027473187714056,-0.06415433773620584,-0.6079347562473086,0.2042666714179295,-0.7047944305169495,-0.035818534784366175,-0.6024858010125052,0.35472332963417647,-0.05925394199130892,0.1750164276284088,-0.13655039026962562,-0.13126465652127278,0.09352243019857971,-0.24241098600264582,-0.010531792721145994,-0.5778538356121482,0.7259734395713332,-0.6850707880993886,0.5012594895581111,-0.6164044370132298,0.9153998590969609,-0.7092908658431465,0.6687524277265282,-0.8548112735591222,0.6300834433088928,-0.963977220761485,0.3481151167175989,2,0,1
0.2503530067600199,-1.262120170735448,0.2748024361517152,-1.3341577191854954,0.29125619257566526,-1.3409263114075416,0.3087425257076779,-1.3532252935281792,0.24580601148119405,-1.3232390484374115,0.2407840012591187,-1.3212579247198841,0.2366962035685121,-1.3187634784023936,0.37747461767568075,-1.366555122333673,0.2775059681310105,-1.3044018143273544,0.2937543460857409,-1.1979721459721229,0.2610294742592046,-1.1843519204141222,0.5743673230678881,-1.0524134305994335,0.2640458932926903,-0.9535785641204015,0.6799521222329539,-0.46595311100007236,0.19175291927352298,-0.4622876861180054,0.366701021730764,-0.5603255061912208,0.0640712751313256,-0.5227024443749546,0.2817217875388925,-0.5641785150180985,0.011286042787790693,-0.5026701349485173,0.2701074003156539,-0.6239598376353241,0.021310291538153676,-0.545752902858084,0.28895600314963893,-0.6178605172479916,0.04760268993703473,-0.5493878051878661,0.3552411008652418,-0.061011151276690594,0.18280919358865771,-0.13400305467125306,-0.13234468529442578,0.10320092145383032,-0.238932650773045,-0.027155832857842635,-0.5719344376382837,0.7305903772169331,-0.6795952646510579,0.49797664695083615,-0.6154356240176325,0.9168162538106771,-0.7005621573282225,0.6795240465020662,-0.8690435566129382,0.6128165759779236,-0.9516618034203863,0.3584176520580238,1,0,1
0.23882339067389607,-1.2801335430799887,0.26282103686254243,-1.350504090597561,0.2785867383426806,-1.3576548943751405,0.2983722723160302,-1.3692932547770968,0.23271467873201437,-1.331438493424256,0.22735976261578866,-1.3247172296942142,0.22356977606285927,-1.32487268463662,0.3624943467312589,-1.3811826539036136,0.2609699120316692,-1.3151101636827716,0.2876844360929176,-1.2259324103150824,0.24768951246064463,-1.2101003500876693,0.5488346520027992,-1.0318612491994659,0.2238067892421393,-0.9448399697585836,0.6193958727923365,-0.43109536770618806,0.10519664535591018,-0.4745610886098053,0.2544704619913081,-0.3713925139986823,-0.06980854786714283,-0.4007358083220913,0.16340648903627245,-0.32438840134558417,-0.12236838290149797,-0.3631603221440018,0.16913731448063676,-0.3739041369751508,-0.13103950635826536,-0.3970214484978999,0.20499649406486792,-0.38468873092473693,-0.10482075751874348,-0.39985090145200564,0.3473366248350924,-0.049673567766479756,0.1747416010847598,-0.13081363331712498,-0.12748381437672018,0.13184713999813685,-0.24075041087065152,-0.03309376679463309,-0.5704387090032443,0.7295301201375678,-0.6803663607087781,0.49490462002857255,-0.6139314924127334,0.9156816057334356,-0.7128280218617656,0.6672186385809475,-0.8583704255870802,0.638815117577885,-0.9557736978627966,0.3627039081250244,1,0,1
0.17937534467007923,-1.3313977143058189,0.21351339831009128,-1.3969924709755157,0.2295311888860226,-1.3960180971910408,0.24910195283560332,-1.3964847091644303,0.18565458747087982,-1.3961945595580958,0.18051839571718054,-1.3943735247737057,0.17620940220232406,-1.3944506343794778,0.31036331030592446,-1.382959634882783,0.2174126234711977,-1.3655504731430854,0.2114072186293567,-1.2585717695659868,0.17891169845075772,-1.255975004733145,0.4376650907812257,-1.0256748097863813,0.13569547160812404,-0.946918221921843,0.23800830259749822,-0.5268438727849603,-0.08578358215525828,-0.541694144842728,-0.0287711616799135,-0.19739061066226876,-0.3197195444434075,-0.30110574903353543,-0.08949102188662403,-0.10293183788388534,-0.3758365543363419,-0.22281231309597407,-0.11595222112121756,-0.13732791212782686,-0.3754522420383435,-0.224549009249051,-0.10626137255734965,-0.16294362430682394,-0.34973618851337385,-0.2390807098906645,0.34540468320586193,-0.0472535124468655,0.1511846165214068,-0.12576641418547033,-0.10382030981308596,0.16365040374799408,-0.2319282811025806,-0.0018522662945188325,-0.5544102911419021,0.737475128139982,-0.6611205939758327,0.4939827648057211,-0.5937117226145715,0.9093578766216127,-0.6826979376986924,0.6430803662202361,-0.8140695977671052,0.6010815814225801,-0.9110800312018772,0.36035898524180343,1,0,1
0.10585479561286819,-1.4135491019937048,0.14745641651156396,-1.4674828843866758,0.16292480114636965,-1.4665484247090346,0.17966673000727543,-1.465046702779316,0.12107232688274244,-1.4673633274258033,0.11608417568627855,-1.4668935643387162,0.11217827757851877,-1.4672379007433376,0.23688675326739103,-1.4152259269865308,0.16151507937930676,-1.4255794980115453,0.13519475346295057,-1.3232422613376518,0.10480813157298191,-1.321892596090469,0.370706272599807,-1.023695910384405,0.06551090158524238,-0.9497275324629025,0.14564112787568093,-0.5289420202150936,-0.16313860407642103,-0.5476915174339678,-0.14765563781744692,-0.21382261822305237,-0.39624539095634864,-0.3248490818108375,-0.20711801829925985,-0.13158744798274102,-0.46393699753877393,-0.26177886150511437,-0.2173258966556761,-0.18078856653491093,-0.46532941907377257,-0.2693674847270053,-0.20240222218472148,-0.20976892670422956,-0.44059255868363867,-0.2838744707513841,0.3443938553609659,-0.029958470452248854,0.14893509206071143,-0.09689479833198404,-0.10263623250137517,0.09909285777709133,-0.23543528528817356,-0.040991817024301484,-0.5546606502144888,0.7365547557941645,-0.6465760417332572,0.504606590170196,-0.590863857270626,0.9130272558424372,-0.6681667313494236,0.6432469427403975,-0.7521326662346756,0.5927310065513457,-0.9000550875996843,0.3690676749167674,1,0,1
0.03742249195192128,-1.4376220041918306,0.08120048204429793,-1.4972318691519912,0.0947794341915167,-1.4944698871029358,0.10976143515914501,-1.4909953826390066,0.05576938805604347,-1.4991901318485765,0.05171371936784188,-1.498889293170288,0.04822846404541538,-1.498979934028996,0.17162459355912918,-1.4252826136720143,0.09615603837148519,-1.4454769892009676,0.06051459456509104,-1.3531808072171567,0.03071024905717009,-1.3575561594792882,0.3013988243425821,-1.0136044378751639,-0.0008389484275152233,-0.9457403232644409,0.08664684224429174,-0.5071761039627337,-0.21760863187684018,-0.5148684050039238,-0.24314624586537584,-0.23151062263169953,-0.44152850123831383,-0.3099609963887008,-0.2978794843393437,-0.1609353145103385,-0.513306669780484,-0.24862969655160566,-0.3200499788758344,-0.20210220529187725,-0.5125630069478941,-0.2588358448848155,-0.29375931050015974,-0.2241748299441188,-0.4845838359227501,-0.26964577131706713,0.3076353108555668,-0.0017232559925541018,0.12403906953558656,-0.07701930315190043,-0.14406015530215402,-0.05473586281464753,-0.308874028962338,-0.2089580401127616,-0.5552639340211859,0.655415925974381,-0.6519534481511664,0.4604146302391395,-0.583141033677151,0.8781685239638635,-0.660409801584165,0.6068400872382471,-0.7628805589776684,0.6002887365016933,-0.8983553397993732,0.39153400342155653,1,0,1
-0.03312167575172414,-1.4359643330273615,0.013703132353336797,-1.4988168793417906,0.028895207567459398,-1.4963248426994804,0.04441722292166421,-1.492215666864966,-0.012658961266145895,-1.504766120215966,-0.01684166308693345,-1.5065948165316987,-0.021366909502592873,-1.5091918902972559,0.1148585778176136,-1.4247504461764098,0.015001885489016223,-1.4555619123366417,-0.006801102689195614,-1.3483959337474476,-0.04330928812200798,-1.3546704807709737,0.22359424353392154,-0.9962692346275409,-0.0710712176616597,-0.9464959726863895,0.023776810338169026,-0.45679832248402336,-0.2770645865581721,-0.4986530210632017,-0.2860560114543002,-0.20350451267376973,-0.4645358327143688,-0.27722327296120247,-0.3567939417570651,-0.13424945940508223,-0.5471387564591313,-0.20925560410426644,-0.3977423553222498,-0.16974483982361976,-0.5317882605485348,-0.21915899837635214,-0.36194446798876045,-0.19534053316265682,-0.5060682526848076,-0.22904113807761603,0.25494943127331504,-0.0007727318137105112,0.07914323730568792,-0.08946879729149695,-0.2057945505463458,-0.12370570940044749,-0.37792691666204625,-0.2661459343704722,-0.5593588989507906,0.6603511878899629,-0.6570780240347655,0.4466992534047856,-0.5743455956956934,0.8785946039649883,-0.6531513656485286,0.6095999685448374,-0.7983257687232196,0.637506725741484,-0.9002178333541744,0.4241518609554669,1,0,1
-0.10545987752043083,-1.4617008378980927,-0.06102200714788975,-1.5267426667937078,-0.04689908627533693,-1.523434924209569,-0.030235502751064895,-1.520159866706723,-0.08256771616068917,-1.5332394600127162,-0.08578654790932642,-1.534897378323358,-0.08930912230377722,-1.5369450461477894,0.03696774299480422,-1.4465297701086195,-0.056860559897923976,-1.479917858688647,-0.08717946373666977,-1.3681279605744843,-0.11674481889593191,-1.3715789243654977,0.14528523738750235,-1.0006358132005542,-0.15581467440511293,-0.944422663446577,-0.04144111020524285,-0.45195734683319166,-0.37343330495644717,-0.47818709367738294,-0.3535175249502711,-0.1725202913390679,-0.5873395528529687,-0.2083223801574871,-0.4346034654891725,-0.08956493715253963,-0.6567881215746033,-0.16529991591397286,-0.4551865401606834,-0.1195907256308828,-0.6545773990629663,-0.16951054525223555,-0.44239969149583425,-0.14821939679695276,-0.6244282846446224,-0.17854596216704127,0.20852252850573155,0.010670135965919817,0.029347237916680646,-0.055605817341306256,-0.24686777292856535,-0.18824150650818378,-0.4352495055836856,-0.3247232844091133,-0.5667678469053858,0.6227901597629556,-0.6817726224294282,0.45881213445764657,-0.5669917613375315,0.8301939918650479,-0.6744289210643324,0.6369625098699777,-0.7794628314112385,0.6522485006295918,-0.9028610616674172,0.4966791295460185,1,0,1
-0.1878949890141703,-1.4817241882757823,-0.1449637217082518,-1.538496568031236,-0.13037616603168808,-1.5350731610384392,-0.11421132348321074,-1.5321840840702547,-0.1678635445993362,-1.5450421108327397,-0.17052629746019446,-1.5452439674690033,-0.1735241805307542,-1.546093038144099,-0.04663612274796055,-1.456081104658198,-0.13053730533605784,-1.4878969110763018,-0.17230105412381272,-1.3804877406535192,-0.19647615126420365,-1.3872685048245534,0.05916740077963175,-0.9933305430652581,-0.2274695170072823,-0.9480073951033728,-0.17366307667961278,-0.42895668830379,-0.44235915952356947,-0.48707978367765875,-0.4544782192307391,-0.17889987548584108,-0.6518177649025483,-0.22742307208726528,-0.5294104672243918,-0.10439296605479624,-0.7151514430279926,-0.17947869182147594,-0.5501485025459637,-0.13589298145118464,-0.71841031245655,-0.18152357925146861,-0.5240389923146189,-0.16128527349038074,-0.6892260566950457,-0.18919301927171675,0.14578373121712468,0.015807810596653194,-0.02699047350815893,-0.05701899915478199,-0.3222206637075513,-0.24137867500113971,-0.45937517348960727,-0.36543060688317425,-0.5975741229959983,0.5995332106528309,-0.6812617712911885,0.4081249259711588,-0.5800910027642262,0.8038902247422389,-0.6889714961375291,0.5909377139248014,-0.7989540142933237,0.6180397631842888,-0.907517171981334,0.4000909453467,1,0,1
-0.25807857045236254,-1.5209722361752251,-0.21067148596525392,-1.5741855874758068,-0.1942881662004225,-1.5704289038696009,-0.17709840847522534,-1.5663886200306278,-0.23993804140214947,-1.585791201009927,-0.24519088614919618,-1.5878923141941286,-0.2502885231000095,-1.589750853410172,-0.11607134557628844,-1.4731676170698975,-0.20740025922807925,-1.528220353758166,-0.24522449802863527,-1.409768074489523,-0.27156929141605374,-1.4256029151113752,-0.01837520508634179,-0.9937464900733168,-0.3022191239795711,-0.9674718861988447,-0.26959607637604144,-0.41795386428402215,-0.5425682822939326,-0.5110513559451225,-0.565596621194637,-0.24641501970121113,-0.770183481224327,-0.2374774726706545,-0.6863295035551479,-0.172042804934095,-0.8520916770786243,-0.20962113329316653,-0.6768937098411413,-0.227398604616203,-0.8522042521601281,-0.20896669022879372,-0.6618269377363982,-0.23629957401325238,-0.8169450199092674,-0.20900178498526686,0.06211610176189459,0.03392313073728697,-0.11764640813265095,-0.04166702036715138,-0.40512362290554216,-0.2872467802730484,-0.5328766922915477,-0.39879348655362234,-0.6537692310793941,0.5957239466984585,-0.7092189463069938,0.41122166751065703,-0.627354742471374,0.8075296992762094,-0.757582980773427,0.5857755718230058,-0.8728834666926816,0.6057946589292226,-0.9569642009749884,0.39233871135871584,1,0,1
-0.34726003101263697,-1.5406283891273513,-0.30389106783549336,-1.5975452258205414,-0.287093036793465,-1.5923435403311703,-0.26911290560910456,-1.585845387808214,-0.3310025086495298,-1.606000281736135,-0.33512861399685007,-1.6077102861025985,-0.33902709771943945,-1.6099666688695764,-0.19950764621420247,-1.4912932555632268,-0.3020132512180067,-1.5510498017766747,-0.33079465871858665,-1.430708831458962,-0.3595169982839758,-1.446609227603029,-0.12115563663379504,-0.9960346929099844,-0.3966264903541065,-0.975062980882459,-0.4543338858660889,-0.43448201170584844,-0.6619628681311887,-0.5349971014375762,-0.8118429343273518,-0.24196960149921953,-0.9442230743520234,-0.24190336632503073,-0.8960285821598196,-0.1746640372379991,-1.028284407659801,-0.24595804642854296,-0.9057829472899805,-0.2313077156242033,-1.0247096854229851,-0.24238035843765895,-0.8748821377884455,-0.2367899120191873,-0.9905060144742152,-0.23052179079614227,-0.03566011408789224,0.07241861854193535,-0.21246280142241936,-0.007977784176120079,-0.44917273234898264,-0.331146119136047,-0.6081947354602327,-0.45918303590099213,-0.6602837570362684,0.5980023872613184,-0.7132447103083415,0.42805355757829683,-0.6286853774632861,0.8345170727117281,-0.7508143885513808,0.5872342285321932,-0.9008516397131562,0.6193451892666215,-0.9530241966954448,0.426530395718127,1,0,1
-0.4442273374403346,-1.5640197239686893,-0.3923723632895109,-1.6116329283635347,-0.3770305174949465,-1.606777062155819,-0.36083997174454513,-1.6005667731371032,-0.42100474164816604,-1.6250617392110531,-0.42563304801769386,-1.6280085248104803,-0.42950434566132517,-1.6308490993423417,-0.3018553248138775,-1.5106435651270747,-0.38463001514842066,-1.564998855316982,-0.4339176348609117,-1.4647330742866085,-0.45965692012608195,-1.4811168883437846,-0.23908340993817623,-1.0270262050567704,-0.4797096191117378,-0.9809836145871853,-0.6380319514090758,-0.5306552374817977,-0.756830667824805,-0.5899695774063751,-1.023698734005003,-0.309070281583565,-1.0614988760537551,-0.3257128576831876,-1.1023326137949712,-0.24438940967266146,-1.141362308051146,-0.3020913679688522,-1.1125388857012672,-0.28898298213378065,-1.1388959128242169,-0.3019008182699733,-1.0840833404289258,-0.29804434939668273,-1.1051452608093575,-0.29253274260718953,-0.12425781538908488,0.07984165382835429,-0.2838650606364509,0.06685041527897485,-0.5489011558141323,-0.42457540453352227,-0.7230447974803864,-0.4809085437541734,-0.6715887172517295,0.5695271938682754,-0.7700912957020419,0.42986884621417987,-0.6375754724287522,0.8249673446122698,-0.7404683554846231,0.5873963564212523,-0.9216445414849891,0.6203856746521992,-0.9619246718001495,0.47556048911903337,1,0,1
-0.5380919708203977,-1.5599083238186238,-0.48621005773678827,-1.6118471423084157,-0.4700508995502749,-1.6077073203485304,-0.4520317192706838,-1.6011345296815256,-0.5141032218939559,-1.6239535975607957,-0.5183400487264872,-1.6281715794976859,-0.5219308354645056,-1.6324173035924217,-0.38749345070122404,-1.5133106430459489,-0.4721370603910494,-1.5683154333767821,-0.5240456652612723,-1.4604731392869628,-0.5508400175361885,-1.4788545740686703,-0.350779886799192,-1.0269511961934634,-0.5396052468336736,-1.0001149526423343,-0.7574211000305402,-0.5763030119410597,-0.8388713340274799,-0.6627900849304155,-1.1299877761881694,-0.40016873142964293,-1.1816910025891725,-0.450334337919394,-1.2277644863303008,-0.29592902530757137,-1.259694041774227,-0.37997676557586996,-1.2342213036559322,-0.32268828282601447,-1.25412410848806,-0.36730941208535023,-1.2068985528645397,-0.34332572965544145,-1.226271970595502,-0.3823477623802735,-0.213624635578619,0.10036170622591686,-0.33247722985991973,0.08229284956568418,-0.7014716552424566,-0.44886752538651914,-0.7729838945031822,-0.4777547114488632,-0.6993274150511807,0.511045983690677,-0.75818478170309,0.40505784197234207,-0.6688918582190875,0.7609987479700682,-0.7366089208572644,0.5675608989210889,-0.9599304493354878,0.5811312009522756,-0.9602278897539065,0.4709003008932729,1,0,1
-0.5750628138878422,-1.5642495081224284,-0.5231865851661968,-1.616166021670166,-0.5061915786248085,-1.6107755165051225,-0.4872305242824058,-1.6008349267340989,-0.565953500267505,-1.629041163305086,-0.5773578132442493,-1.6347502398862839,-0.5881462379595068,-1.640323818578493,-0.4415317141385543,-1.5151699237005096,-0.5662164637948813,-1.577163142773691,-0.5567433510088504,-1.4601486363626721,-0.6029315105739476,-1.4825408828023006,-0.43387537286544053,-1.0267759695572698,-0.6353121077824055,-1.029664861165825,-0.8522276074734147,-0.5903163234861769,-0.9376529405063713,-0.6874301875940759,-1.2251701929591825,-0.3980982643708124,-1.2911584681217976,-0.4586872606792656,-1.30999100645458,-0.3025592156731036,-1.3719703235555671,-0.3871191663835898,-1.3200442948801938,-0.3181019913057855,-1.3674641073951783,-0.36755124461499106,-1.2938679316092292,-0.34013148895095263,-1.335333869259307,-0.381424424280388,-0.26898661391503564,0.1027078648399996,-0.4218974336226806,0.09477793275409854,-0.7125378722554312,-0.42889700250316837,-0.8660879355378497,-0.42952388876932457,-0.754933326659703,0.6013774153908784,-0.7528476601112732,0.4438946386410006,-0.7106758729929747,0.8028440549946974,-0.6807128596424075,0.5726558172640063,-1.031196160289298,0.6344744893529682,-0.8827742565099777,0.5614477383481049,1,0,1
-0.5614062578425068,-1.5503002692224916,-0.5190802515126641,-1.6023552464132866,-0.4983073685807914,-1.5938615739082638,-0.4787840566963012,-1.5861854609413624,-0.5686093330355375,-1.616265127285277,-0.5834929698265721,-1.6216427808493585,-0.597882314272914,-1.6282411511452013,-0.45445993041398547,-1.51571562244905,-0.60872955977719,-1.5757015203104354,-0.5402522755128761,-1.4433629626292612,-0.6030063958641684,-1.4749805578171433,-0.45088965680827187,-1.0694095492985973,-0.7076468495046994,-1.0314561766229904,-0.8502188033845847,-0.6183388686645678,-0.9870468330729711,-0.6742078673735528,-1.251789071451733,-0.41850438238292337,-1.2930072450640335,-0.4411906709811006,-1.3337360692550886,-0.32719276896319677,-1.3704960966375217,-0.369170175616945,-1.3482166106390265,-0.3463044588976444,-1.3764369963283805,-0.3618369779641739,-1.3197556281508933,-0.3716205063426717,-1.3421948941498105,-0.3737612864875347,-0.28646800412360135,0.07773399127058567,-0.4745247395620863,0.09756351726261288,-0.7787248529406127,-0.4498569750875072,-1.0364923791895915,-0.09512004166836578,-0.7428263771149785,0.5445288528277992,-0.661297797781405,0.40224581282338673,-0.685750687219513,0.7778825387339007,-0.583153885278113,0.49214597445284397,-0.9697734163684348,0.6866435862888439,-0.6729040291809562,0.6083476788895591,1,0,1
-0.5413028938915199,-1.5330148041420535,-0.49429297330337163,-1.5929560303327872,-0.4749280821153553,-1.5840614867362188,-0.4561219884230139,-1.576271562956952,-0.539995243493636,-1.6047951969997747,-0.5554673353210269,-1.6085638054087963,-0.5718192675219703,-1.6120739607080865,-0.4315373700750452,-1.515849019595574,-0.5867006799974537,-1.57027554966966,-0.5306583082485679,-1.4345342834876231,-0.5741399700803014,-1.4526135820736374,-0.41738108446922567,-1.1038383704103747,-0.701039396587023,-1.0211608085215635,-0.796857720459483,-0.6834381590452534,-0.9629772673481721,-0.64297180408923,-1.2013931247293552,-0.46102106198473103,-1.257540410028402,-0.42189547501368596,-1.300844620908391,-0.3570985679748659,-1.330866702194149,-0.3417732809738486,-1.316338214452776,-0.37585955749075417,-1.329371962143799,-0.3447431129538471,-1.2809004190923952,-0.40261041203933745,-1.3031921388264216,-0.36523066562974615,-0.28726134333683273,0.06299073350544382,-0.4778505856033495,0.10360154539920356,-0.7603596680197369,-0.4712246152831312,-1.0140925330051636,-0.15694711672718742,-0.7076601953980061,0.4943028190989095,-0.6708097125164941,0.3906012737671219,-0.6636550779732432,0.6838216712929948,-0.5998792553454716,0.48545325610570816,-0.9493212055951813,0.701370532406611,-0.7115957510464473,0.6085362514190593,2,0,1
-0.42830296811755014,-1.5293050165220505,-0.38803173506459415,-1.5877133803653498,-0.368862583645076,-1.579660801991422,-0.3519511125099407,-1.5729339156859592,-0.4422719169247313,-1.6048671165359276,-0.4604467992929005,-1.6085589860584355,-0.4785458077861594,-1.6120064898030362,-0.3352521870830232,-1.5157618387832787,-0.507805937422574,-1.571311215704877,-0.40421412499130804,-1.4286399090637085,-0.4746203851307843,-1.4464184307579775,-0.3338217050374832,-1.1169440376375503,-0.6557693850521922,-1.0409930531214866,-0.7157789471595797,-0.7005184310161012,-0.8945206197892491,-0.6434630071067682,-1.1095506413314289,-0.5316051437952104,-1.1783325332531596,-0.49918908111102067,-1.1928418671661758,-0.43799519454575003,-1.2535260147509821,-0.43950908842445685,-1.2095795945421517,-0.46540036858562,-1.2445945228016482,-0.4583267979868986,-1.1785831394719186,-0.49214084299496474,-1.2254015217764986,-0.46066517149655245,-0.27775363008667336,0.05046783695266047,-0.47019918725368265,0.08995561663927895,-0.7549372809984606,-0.4697660821470299,-0.9749806626466837,-0.24246611815946312,-0.694215937914716,0.4795215008232263,-0.7101922079336932,0.46524510217764653,-0.6357567237464564,0.6771549032939552,-0.6227200103013653,0.5598808316154298,-0.9266190996419739,0.6966619035310706,-0.8071362826211903,0.6559603889920598,2,0,1
-0.25491757090805434,-1.5094226012491412,-0.2221296768075697,-1.5760485135364095,-0.20338685253534886,-1.5677988978765787,-0.18512967049178836,-1.559809403563142,-0.2786564550542541,-1.5904533664050662,-0.29788121436255016,-1.5961039929165042,-0.3169282755729292,-1.6007218573602504,-0.1754931940858366,-1.512865285643381,-0.35105990341246024,-1.5617325097167112,-0.23925468223561214,-1.4112716500155345,-0.3062288234797163,-1.4224658887457844,-0.1723415860960775,-1.1127174673711715,-0.4753455120004481,-1.0576696118198068,-0.533887025844099,-0.7111337298376302,-0.7282079281668714,-0.6874764039283047,-0.9149992752029437,-0.537307671002841,-1.0013116158484507,-0.5193684425100039,-1.008807682828798,-0.469983817924867,-1.0799049636661542,-0.47870659493165474,-1.0245888309447078,-0.5051402373680316,-1.080470804827741,-0.4975728687169625,-0.9967699342123303,-0.5155858703422449,-1.0531259344539234,-0.4947196897303115,-0.1389254464254888,0.04873039936106649,-0.3238955733175417,0.07815784695615945,-0.5991976262021407,-0.4808603502505659,-0.7648965303054965,-0.4257562689449925,-0.6646004120824676,0.4815127575338199,-0.7637781938756298,0.4646119136840955,-0.61403331663574,0.7421802969691094,-0.7190173034558323,0.6554386634222369,-0.9006670215224136,0.6259649994929153,-0.9854423601220995,0.6471691524955322,2,0,1
-0.10543491575702385,-1.4871099976635513,-0.06992445942197321,-1.5536877164472123,-0.05133066429167714,-1.5480236822559246,-0.03302207584426861,-1.5411832940708117,-0.12400523200094704,-1.568486582101132,-0.1443161987367047,-1.5754518408898226,-0.16301132379766273,-1.5799861081407727,-0.019002214925584168,-1.4935630460100544,-0.19743532555907936,-1.542496875976832,-0.08961978504241642,-1.3859202606678616,-0.1594852893567991,-1.397643762926191,-0.019740934834727043,-1.092865698223633,-0.3247361174496912,-1.0549150441559219,-0.36493592525883917,-0.7229166707504089,-0.5940228796455554,-0.6853582376582112,-0.7580916075961155,-0.570645465336796,-0.8806207483372388,-0.5318384497819052,-0.8415143151945504,-0.5279863059666308,-0.9719595478359234,-0.5277548535762285,-0.8521386348513701,-0.5448726917652729,-0.9660118516253252,-0.5246920946354279,-0.8236629471659825,-0.5510198349369544,-0.9271073369054439,-0.519950224599707,-0.01662417445526877,0.03321184405327453,-0.20856431769982997,0.05066802535226091,-0.48856807936714364,-0.4134970773581026,-0.6268354883632746,-0.4369440818747615,-0.6411442631574318,0.5657606862017189,-0.7587267732590454,0.49299492155485325,-0.6118613960731614,0.8622612077269709,-0.7126350007011633,0.6465886061366909,-0.8662356053758266,0.6865763625299658,-0.9671335245285186,0.5475007855502626,2,0,1
0.03060620051861233,-1.4640786312222358,0.0632757116025431,-1.5318928840926878,0.08239691666462601,-1.529101306289494,0.10126108970746886,-1.5254990890410047,0.010160291972753628,-1.5446759637784087,-0.008841788634258413,-1.550413153236711,-0.03038008326188744,-1.553373470089074,0.11865474302485166,-1.4812690685994068,-0.0632035664111899,-1.5179209077448954,0.05113737449393048,-1.3685490976521624,-0.017061376034149246,-1.375396776649359,0.13961125556277765,-1.0979719852904783,-0.16415610486797044,-1.0659146552754493,-0.1670721825554836,-0.7642170204650146,-0.44170768221326484,-0.7561254547823991,-0.5700835599535827,-0.6734952213855924,-0.6498645687024961,-0.6475443789968938,-0.6544533316844485,-0.619670368668083,-0.7308257004243627,-0.6118591903179944,-0.6665093691176698,-0.6320862509282404,-0.7121718487741865,-0.6165838836947372,-0.6341475550183101,-0.6393606277919932,-0.6776811175462364,-0.6221941018069965,0.10863444861324621,-0.002022055714920691,-0.07672246203852855,-0.0215666221702327,-0.38395357607470904,-0.3065180030617455,-0.520054501724053,-0.4225688247602432,-0.6273881072046408,0.6095866226515307,-0.7474838467328431,0.4980253347467884,-0.6131191229442313,0.8731020274307658,-0.7085210055162879,0.6509789107422492,-0.8681304750792052,0.6584288849614539,-0.9659934392354854,0.491150222524461,2,0,1
0.10071242520486023,-1.4261534332102763,0.13676314307265974,-1.5068504274604477,0.15776883769888264,-1.508557342499757,0.17602280684220264,-1.5077546117319764,0.08156205689444046,-1.502666180976083,0.0664488213092963,-1.5024176754997889,0.05436658638180628,-1.5005233000887552,0.21145170494037904,-1.468746480979339,0.0514507558404655,-1.4679609886570795,0.14242427329642243,-1.3410568045865403,0.07433624425355381,-1.3341164457747134,0.2916832611614795,-1.0818529883569714,-0.028628064046125033,-1.0650275240898126,-0.009561478288130627,-0.7609448051431507,-0.2735476965256853,-0.7791346398547467,-0.33809955813462406,-0.6727136216155474,-0.5053077839124983,-0.6805293721698246,-0.4308179275673454,-0.6194884690852362,-0.6078012787538576,-0.6334446898645415,-0.4426194044430501,-0.6387897201338734,-0.6030970985094195,-0.6482881654025697,-0.41097975145928606,-0.6438631367597968,-0.5688401675605089,-0.6517568619314491,0.19994111910952583,-0.0011595155734323572,0.02196967752597341,-0.06041750617071496,-0.30530177818724563,-0.21655086481958238,-0.4351946391334247,-0.36392672242444746,-0.6167909736267793,0.62472778575415,-0.733802576070273,0.5017589719724228,-0.6123104606683145,0.8612073764480866,-0.7275371734551238,0.6687012684688526,-0.8514523099307646,0.5758279383860702,-0.9568930228773527,0.46107154476523576,2,0,1
0.1659239199477911,-1.340292134329301,0.18937265448765647,-1.4163896147390231,0.20764318242452368,-1.4265580732809502,0.22617667388876728,-1.4357250337459873,0.15178938320513802,-1.39640883528952,0.1417510471229513,-1.392462714142211,0.1326414863564417,-1.388973628054113,0.2885071857006582,-1.4316121507188875,0.15756741356842047,-1.3861313234990453,0.21048783486822875,-1.2732171574468796,0.1707388216774403,-1.2533580974872571,0.4214191842882188,-1.0681411951421165,0.10376814047974899,-1.0586940327041818,0.19793849367500438,-0.6968483103567598,-0.12605901669314418,-0.7732456408600809,-0.1606710966917163,-0.6644480650276002,-0.37989494163243925,-0.6789339200542435,-0.25632976413684067,-0.6212454312244455,-0.45562324744721916,-0.6426387746219935,-0.27142841809781637,-0.6491524355672645,-0.4513883977840666,-0.6568042046361899,-0.2360032271922252,-0.6479415428958542,-0.4213176287023564,-0.6612703831166585,0.2668282649009641,0.00010735570601440455,0.09768340171658488,-0.07394060328298348,-0.25547958130396964,-0.13093794784181514,-0.3625779036284838,-0.27695932084913666,-0.611529231617528,0.6562925534476931,-0.7151687432600569,0.5007763187911742,-0.6125338808081154,0.863452699423852,-0.7489484349501668,0.67533516602697,-0.8478680725663135,0.58384412448612,-0.9578309426014067,0.39570286505669267,2,0,1
0.20888484479439112,-1.2820903228995402,0.22779053839418814,-1.3528259053136678,0.24272162725031313,-1.3598271856569777,0.25934937457959495,-1.3663603711498642,0.20633652061132918,-1.3422597885804355,0.20265972700533436,-1.3402418400832286,0.19966456254267043,-1.3387464821674477,0.33850411492778293,-1.3759358024512462,0.24945710188526485,-1.337238396223791,0.2519369665785869,-1.2091435236814307,0.2222082477994039,-1.199509148017944,0.5167711433334614,-1.0679940195964843,0.20537635773176408,-1.0034420344144592,0.393637977347124,-0.6967950503566192,-0.00160040578451395,-0.6539034500113622,0.07856713957794888,-0.694495725942196,-0.23851151369536705,-0.6419408338312877,-4.091343700925497e-05,-0.6719143508941797,-0.3053200670039992,-0.6315389457295798,-0.013837354215892708,-0.7153447298951514,-0.2988616432282476,-0.6447513801032091,0.014198166136546292,-0.7167147847015527,-0.2742678804719022,-0.6483034884652552,0.3138354668812166,-0.015612870878412082,0.13192550389515467,-0.08909956091001169,-0.20173641039642076,-0.01956992824384753,-0.3032203131237457,-0.1513376400534451,-0.5807348185431881,0.6941778373528187,-0.7067457545603251,0.4814062375335387,-0.6121698344962495,0.8786541661925238,-0.7438073002730206,0.6613723958740975,-0.8316258732658918,0.5985485803022035,-0.9616504631219314,0.3635229505401798,2,0,1
0.2512135697321295,-1.2443397336583433,0.2704978912679609,-1.3197028810034817,0.28544899896404596,-1.3287142011664834,0.3046436064393157,-1.3402817541900625,0.24953124573696872,-1.3129591269717562,0.2461361987674486,-1.3132969757893536,0.243319720987391,-1.3138001653962503,0.39485022932248226,-1.3555716992884341,0.296593314167482,-1.3153868438227132,0.29138816863169814,-1.1860616776344135,0.2653908627625985,-1.1766050000688435,0.5864134746542154,-1.0652347561553248,0.2664036677768733,-0.97774340469464,0.5438976600640111,-0.6145787867984922,0.13478127791661534,-0.5373368342511778,0.2150892023049708,-0.7124590511868368,-0.0734235549300511,-0.5926255337474939,0.1420958160333743,-0.6935575590719697,-0.1422989916780148,-0.593208057275714,0.1465605116368089,-0.7462907671462258,-0.1388592112513,-0.6122521527320248,0.1604417235528071,-0.7439391713163513,-0.1165490791274337,-0.6083908645083735,0.3435004219479343,-0.02137261242494091,0.17092788849928517,-0.10665138777769606,-0.1478919095582099,0.11019441669271152,-0.25591480571347136,-0.04533392812625235,-0.5684714254713683,0.7344115041875781,-0.7072113779490253,0.4815953043553835,-0.6122832745893564,0.9087219695201658,-0.7457098315077418,0.6664868387646303,-0.8322428736851541,0.5993263493065771,-0.9603300846961716,0.3548382340439334,2,0,1
0.26030583026657483,-1.2651870075880922,0.28204999765576827,-1.3394785291299374,0.2972190882758627,-1.346958531609082,0.3151824135205035,-1.3564001332581388,0.2560210570766083,-1.3334482860977754,0.25183662523261435,-1.333645508743308,0.2480320570555165,-1.3336844342654524,0.3942259380911357,-1.371276417450546,0.29245979443499137,-1.327761699818261,0.3040000378065261,-1.199277201335197,0.274728045153839,-1.1899036884566216,0.6000052784023963,-1.0922547528855933,0.287661204352717,-0.9923884218562743,0.6936981451926787,-0.5027969209349309,0.22220157485275055,-0.5250063409935661,0.3607139057056767,-0.7042738171049021,0.08917564187973834,-0.6230943317397677,0.2784263404768279,-0.6836261137093227,0.03636198772638362,-0.6103881763001896,0.279731272266816,-0.740167720726348,0.04559289726351521,-0.6435134249259268,0.2968476275788263,-0.7393007319537573,0.07259608805406402,-0.6445844328637892,0.36843672929915156,-0.0328184459586394,0.18610562923541168,-0.12954775062236762,-0.11150507289601955,0.17461825658437496,-0.23644636027924196,0.028766178705110588,-0.5691149941041579,0.7457948097396729,-0.6915388505758616,0.4875441127237572,-0.612325042292483,0.9354799913077472,-0.7403442881061053,0.6831852698992031,-0.8620417819772834,0.6143293576988549,-0.9657364072162454,0.3643706619113274,2,0,1
0.2643486473538144,-1.3509821948679648,0.2895311122926886,-1.4225969997902141,0.3067255657951603,-1.42969367855605,0.32498225354637617,-1.437243129109624,0.263445328093889,-1.4078295834867254,0.2596031936985945,-1.4033912707371887,0.25603638013929375,-1.3997243629780878,0.4029435250283042,-1.4457843772528234,0.30802011744590985,-1.3798689484245072,0.30553827558320906,-1.286737412378166,0.27553423596803234,-1.281125093523442,0.6142673425699801,-1.0938930848620763,0.2909623357767456,-1.0287168084487048,0.7003078224259063,-0.4617642305249761,0.2254774973671998,-0.50605282460942,0.4258371692650799,-0.7324593551839553,0.10527326066933751,-0.6856359063828422,0.34967635764869415,-0.7389265526488252,0.054488182298600626,-0.6916984019904953,0.341342341571007,-0.8091143355719473,0.060024009412983775,-0.7228149701004885,0.3597156823155703,-0.8073540369594113,0.08612462238212416,-0.7195777259620114,0.3829340766228089,-0.03628986109541451,0.1854561290944858,-0.14293565877836276,-0.09753711267352781,0.24610924127427877,-0.22903197510885515,0.08599065059632843,-0.5712602228801231,0.745590667001315,-0.6932792539215238,0.48699322390559746,-0.6128082130594198,0.9342825681027297,-0.7504409506849656,0.6723459330724424,-0.8618354149233743,0.6857580615533274,-0.9632707534278333,0.3607573848716255,1,0,1
0.28700132407255263,-1.3500962994131898,0.3129716910088665,-1.4198802454906982,0.32720162617404525,-1.4273979377611257,0.3451696471959607,-1.4364740720078255,0.28643857223812025,-1.4050081009966777,0.28209571969765235,-1.4016298599668773,0.27827731133490313,-1.398376057034853,0.4265791020744633,-1.4439084760181724,0.3330159870246626,-1.3797277661735545,0.3287136664564595,-1.2846503865257886,0.29896221022942066,-1.2790295411281183,0.6334510756136665,-1.0458077077049635,0.2997501122268604,-1.025485372245278,0.6093254077077449,-0.43032427164846787,0.18767179452956972,-0.5108423938564038,0.3072317211561254,-0.7189255072131897,0.033921419274464626,-0.6280174834929045,0.228688420438322,-0.7350716902256549,0.0014676667989921171,-0.6419554154554562,0.22302012297556126,-0.7940233431423144,0.02344958880598262,-0.6724312571136418,0.24378237862202312,-0.7933104500081817,0.07773178551541862,-0.6693253711657668,0.3800847284018293,-0.041021721711155375,0.180540144580347,-0.14889311726276855,-0.08800073046737628,0.2119501802096173,-0.20778185291818183,0.09443118667429679,-0.5715340608390828,0.7431931019833843,-0.6912872557724132,0.4770416361299043,-0.6128104373749709,0.9339924184963952,-0.7391211616991638,0.6494120040095742,-0.8473549971125227,0.6794516326735687,-0.9641256320379789,0.3392774167406702,1,0,1
0.32638258375888984,-1.3486676709639425,0.3580066665337961,-1.418186120265808,0.37670105015623706,-1.426779948757174,0.39621052185507594,-1.4354356873647127,0.32596663675083115,-1.4050166275396236,0.31678713361754757,-1.4032028835673178,0.30822055299168266,-1.4011199974133268,0.4641267843081639,-1.4241646479614063,0.34761145137874144,-1.379610927820578,0.36523371490554446,-1.2786138412662318,0.3271981661276324,-1.2779726205220796,0.614523633150703,-0.9914168902527812,0.2840832692156607,-0.990157556931591,0.4584874029475677,-0.4781616376216313,0.050396430269236486,-0.5612039872608254,0.10782825779905282,-0.4339953808924987,-0.18565287893864532,-0.5112608123261859,0.030020216943979425,-0.3826120852115978,-0.24503419547592867,-0.48689034613655535,0.022282564580163734,-0.4299416893736759,-0.24249353282420946,-0.5030645802395819,0.040028401193139905,-0.44908995694163073,-0.21561342082748908,-0.5069659061431532,0.37329488160896135,-0.04690380061299559,0.1784920442501138,-0.15089376552791128,-0.10008889690300261,0.2094213805741707,-0.2133836680605814,0.08102746116327149,-0.5790962394205327,0.7181858636807036,-0.6670518549659697,0.49542510986753374,-0.6234278369389649,0.9272762212628866,-0.726040456235395,0.6665073518969351,-0.8491574341474437,0.6099598133717735,-0.9518766970172413,0.35476334875371246,1,0,1
0.323638025514985,-1.3879795443623935,0.3649359037678673,-1.4505074023929028,0.38250552515996056,-1.4522465082211602,0.40310565291736333,-1.4527028636283974,0.32885948269814375,-1.452828846389751,0.32066139701524704,-1.453426445834484,0.31186546474144483,-1.4553075371387543,0.46372492463192894,-1.4240597344112451,0.34277603651678745,-1.418920762263107,0.3550394295886073,-1.2971760016864675,0.317165020115065,-1.304111788294106,0.55101942416634,-0.9966945731901488,0.24527291718744323,-1.001917142531083,0.2868369718679424,-0.5539959691443477,-0.01803191905295288,-0.6424887568953793,0.005226760080378236,-0.3134363658642334,-0.2776849234507611,-0.49128460508087124,-0.06605983472499526,-0.24355949282592282,-0.3380590261623593,-0.43551607129094505,-0.0693026396523501,-0.28654290797420634,-0.33206499004444623,-0.4388029918100637,-0.062407014297718014,-0.3196906469016271,-0.3047044258886848,-0.45088337314126115,0.35922114282470546,-0.043236892853894614,0.1735167446546119,-0.1507565994022591,-0.10575867724279742,0.11734855694361776,-0.21647843243070086,-0.027469708496722343,-0.5626802963609515,0.7065779022579459,-0.6607706349957905,0.49459000295117583,-0.620307863659266,0.9096660678985284,-0.7045953357147405,0.6663509083698399,-0.8149363393935234,0.5570295062250714,-0.936263608298527,0.3553115189639764,1,0,1
0.291186744501236,-1.4226353692334708,0.3381907335812479,-1.48078589783247,0.3571255904293818,-1.480030001264349,0.37838609275929364,-1.4769399944580472,0.29561090813240576,-1.486116840769978,0.2855384658784353,-1.4873984790332226,0.27556537638574796,-1.489122694304596,0.42976209762811035,-1.4274069585964164,0.2991406497658546,-1.451862504855877,0.3175666326451276,-1.3280619824176618,0.27501349898289884,-1.3301024212165522,0.4792830233272963,-1.0202142386814774,0.18400463962429642,-1.0112716251543878,0.2074123478995523,-0.6394439160520738,-0.0751884257467755,-0.6604795153651506,-0.11193535438207433,-0.3639086807538662,-0.32986341194118607,-0.48494308144463943,-0.17703118471634716,-0.2927178550902768,-0.4078449494092465,-0.4396232699560808,-0.18354917071963422,-0.33646742337283364,-0.4069927894069967,-0.44311074959405844,-0.1774313143693757,-0.36448181272753705,-0.3749577025474787,-0.44986846738452135,0.3251253511801646,-0.04310466965168938,0.14396275821927768,-0.1415741305149074,-0.14536434565362505,-0.0418227224557295,-0.24337831612120894,-0.13042067090309448,-0.5633997388686514,0.6683115189550626,-0.6623434732366018,0.5094083931527109,-0.615637295294267,0.873003663254172,-0.697340359825517,0.6935387173511314,-0.8171875938774251,0.5368463140604167,-0.9232959722086065,0.3933356990179605,1,0,1
0.20259942333928188,-1.4406302056150857,0.24923788323039375,-1.4987130161628621,0.2665593698654514,-1.4976064191761818,0.2848163047628396,-1.495030970700705,0.21417624434432386,-1.506121037319311,0.20581009926423172,-1.50924181382407,0.19742690109824768,-1.51257260278878,0.34017161015260294,-1.4432156017239997,0.23724338519408664,-1.4771363520919762,0.2302812775190934,-1.353395824387098,0.190187495417882,-1.3621046376351482,0.39669888269163206,-1.0485927979211331,0.12553751677852173,-1.0235720901520595,0.09532266147833371,-0.6510229613726669,-0.14704049099447716,-0.6652181725006311,-0.21839875818983107,-0.36857566549936616,-0.4083780437029973,-0.49135677176319636,-0.30087563738669704,-0.3236417727589262,-0.473579405452862,-0.44241874031148903,-0.3161018187726034,-0.36519136938834307,-0.47273021120468034,-0.444584482219759,-0.2826038737189681,-0.3915496322421544,-0.44555377094731685,-0.4559965803009322,0.2627740790897966,-0.03242301208288543,0.09229215511302427,-0.12674906736671893,-0.2158573540995948,-0.1145630310468435,-0.33887460853110185,-0.26632906968418074,-0.569933789373141,0.655093894511814,-0.6670535849891762,0.4986508617089967,-0.6069708676147743,0.8638204529283032,-0.7188724757988374,0.6585339220847011,-0.8183580781496569,0.5227263589419321,-0.9245687749961896,0.3820077542084712,1,0,1
0.10644769928032678,-1.4506283186577231,0.15037694283017933,-1.510385359163516,0.16649235614418742,-1.5079245865120077,0.18325529242974264,-1.5044828907024572,0.1169521530435585,-1.5200146683304696,0.11003972174920686,-1.5234018066224746,0.10386007885586179,-1.5267037412715634,0.23359995632135855,-1.4490263171685749,0.13420394445801456,-1.4806847532614373,0.13400499178927583,-1.3633241804225906,0.09448285878470122,-1.3726951600528996,0.28893252426326604,-1.0495387498957882,0.03373531820668792,-1.0227338939085473,-0.035751311025488,-0.6597578485418997,-0.23963256873312952,-0.664696323357722,-0.3937259828754512,-0.418120811523442,-0.4887719749593293,-0.4886209872084098,-0.4976324123841139,-0.3657955182066434,-0.5624882637850385,-0.43589284563068686,-0.515778625796291,-0.38977017980126155,-0.5630329739488896,-0.43715514470594524,-0.46854231931427354,-0.39934808256436727,-0.5336505069571637,-0.448629029330205,0.18109820063750479,0.002509616501219735,0.02417298565244003,-0.07570695697674197,-0.3210872513611715,-0.2370946432496902,-0.4221099793308984,-0.2942845146767796,-0.5847338907579225,0.6272869843687952,-0.6909101107134129,0.4871649904953781,-0.6061622053388575,0.8346366914591437,-0.7253795873705412,0.6485563839609115,-0.8383209395016649,0.5328479832841995,-0.930090514778749,0.3964492464971783,1,0,1
-0.010063432164165815,-1.4617374155315999,0.03363176396047485,-1.5179149762367592,0.049422674350192354,-1.514597038873011,0.06629287207454583,-1.5106946625982072,0.0003987596035946836,-1.527628685821569,-0.006126146492518066,-1.530171202069581,-0.01225314725115339,-1.532906677691652,0.11834828177114233,-1.455144544238092,0.026599713918707635,-1.4887260864845233,0.013716972538988187,-1.3733171651821519,-0.022952352198193922,-1.3821214386392708,0.17505893677005235,-1.0501440108718643,-0.05758988825251769,-1.0273492251040268,-0.13709557616543733,-0.6694605601220402,-0.3413737506258669,-0.6955142153184348,-0.5125348322842467,-0.4224149762679577,-0.6221397110886963,-0.5008421182847584,-0.5789543775176059,-0.3838902016418863,-0.6951718993093512,-0.45141547885032257,-0.6042890844986454,-0.3948924077962233,-0.698057083725321,-0.4472579859391143,-0.5694810175854027,-0.40171883222259847,-0.6673743807208816,-0.4554891892091054,0.09331707028974408,0.0322210350483385,-0.05852706653805459,-0.0626648063158592,-0.38680416002655044,-0.27716815936476924,-0.5028205048340059,-0.3520224327410467,-0.6151019766849651,0.645440117873798,-0.7137953519803288,0.48649052859104525,-0.6108068233557601,0.873813808407123,-0.7340808626603348,0.6462435900800956,-0.8495749876056227,0.6165497189112134,-0.9564548327137828,0.3956297097896782,1,0,1
-0.13045030988339196,-1.4922733754962088,-0.08434370855516915,-1.539893561770423,-0.06743446173558497,-1.5351150523146517,-0.050579339927744604,-1.5299629814193791,-0.11681377267801651,-1.5505970299889364,-0.12290073575673174,-1.5527035803889295,-0.1279907111762023,-1.5552917568922824,-0.0008552600748900743,-1.4714403742579127,-0.08574132015978707,-1.5065752919840834,-0.11089338611946263,-1.3912768450207507,-0.14281256142415025,-1.4015019000361448,0.06233062463949112,-1.051887009252336,-0.17325330832586275,-1.0295498146225976,-0.2601120891584273,-0.6659870442428002,-0.4772786893605403,-0.7013267225727595,-0.6083361030708149,-0.423079058033052,-0.7505585922630025,-0.5049393075299141,-0.7012301934320743,-0.38192884961814666,-0.846475033165884,-0.4604609051851083,-0.7282178140137653,-0.3971248791710268,-0.8490325017573227,-0.45293629282185505,-0.6946721697488671,-0.4057648622100785,-0.8194972984310869,-0.45629365000009237,0.011387125572280301,0.04465322895587078,-0.1400492200711471,-0.05672786096375813,-0.41880439927576757,-0.3185290598915998,-0.5623543105596268,-0.40547471260374407,-0.6309143887916767,0.6318421354713085,-0.7266111167473425,0.4523935012156427,-0.6224372750802012,0.8282380770570998,-0.7337857701305535,0.6326797138493899,-0.9083819364383734,0.5803059798828114,-0.9575568574962746,0.4147111243180134,1,0,1
-0.25143132700093845,-1.5363128462389277,-0.2041584428854138,-1.5809705531317708,-0.18881709138319405,-1.5766915878768544,-0.17279855936874566,-1.57131547897635,-0.23285285493332783,-1.5885038156110562,-0.2376131373588885,-1.590161857494784,-0.24187319593162043,-1.5916413980555346,-0.12150954995259483,-1.5043441799132278,-0.19477850420635742,-1.542741118181653,-0.23337037901822083,-1.4373754758849153,-0.2622259303705046,-1.4480313684652522,-0.060711344409250544,-1.0590369480183124,-0.29386830196216446,-1.0295645198198524,-0.40668459813008095,-0.6641308529153938,-0.6084035739758653,-0.7152922113335278,-0.7820709649680082,-0.4019766056803556,-0.9208762876082508,-0.5015394412100332,-0.8685969634795087,-0.36025944394608794,-0.9996609265633503,-0.4705744972767745,-0.8900106964362752,-0.38962411641340494,-0.995956699732225,-0.45480953723515327,-0.8647563119612482,-0.3973733846473209,-0.9613716822395248,-0.4581261152949535,-0.07123136838134006,0.04162222829821664,-0.2314834179923574,-0.037509033163598444,-0.47867531238046884,-0.4309772318358066,-0.6255977803321647,-0.48428925624569746,-0.6525317701944566,0.5738366816754766,-0.7252792460245686,0.42475390903130233,-0.6348408000317413,0.7780686398016774,-0.698829415513903,0.5839605303332951,-0.9248705404726243,0.5336235279730219,-0.9567438701623417,0.416338334716741,1,0,1
-0.36967495311357806,-1.5684832456278053,-0.32102274621018917,-1.615137152154689,-0.3075856559658971,-1.6124976928205743,-0.2940067038186783,-1.6081166561964788,-0.3405042903915529,-1.617283122369171,-0.3420531554536467,-1.617068846637747,-0.3431957122084033,-1.6168176843401,-0.23898628149244414,-1.5296870427179547,-0.298587805269288,-1.557465160331895,-0.35821107790929835,-1.4772112991687403,-0.3788593991703086,-1.4869704836492619,-0.19279738048883005,-1.0789909121081158,-0.3939936421801022,-1.033220429574284,-0.5693295169817545,-0.6588034935973847,-0.7019076210904753,-0.7149890865531452,-0.9501573010962286,-0.4031369569595211,-1.0277974061271928,-0.5011968966151614,-1.028813300468622,-0.36116239248675486,-1.1020878155112623,-0.4675044475238896,-1.051806544612853,-0.39022023298110403,-1.1034985258630146,-0.45591699923343676,-1.0240169347018986,-0.3981121045564638,-1.0688566647506748,-0.4566101206737817,-0.1610203142332415,0.054520045594449215,-0.303660233310522,0.006358423843167534,-0.5865417650086351,-0.5142873643527378,-0.7176033802038395,-0.5746251365770011,-0.6627062838176061,0.4919109384429427,-0.7530162138008134,0.3696472326909193,-0.6354547111238493,0.708360320452907,-0.7014345833166046,0.5413676061373186,-0.9199952115038365,0.4964428578052555,-0.958361565433434,0.4449385840729911,1,0,1
-0.4782304492702456,-1.5937365797315997,-0.4292604123892194,-1.6399175102711556,-0.4167824964398031,-1.6343944729711914,-0.40349814253002103,-1.6280538761331058,-0.4476406732266084,-1.6467443054167894,-0.44883760213928114,-1.6457384822818832,-0.4495506188465,-1.6449307468041128,-0.34623486868974485,-1.5442658247054002,-0.407925271915259,-1.5768537157659135,-0.4641075283976928,-1.5050976668061684,-0.4901171915754098,-1.511464770071238,-0.3012065661114686,-1.0829020002854948,-0.4982688137779054,-1.0325352168114539,-0.6960336980123225,-0.6514413798424491,-0.7780444595281435,-0.7020810126907603,-1.0778320251456004,-0.4357960879042133,-1.125179176685915,-0.486359723304528,-1.168316440326484,-0.3630822239535404,-1.20212047591457,-0.43685758071444036,-1.1768135728779197,-0.39965985746078203,-1.202642077911307,-0.4394819023454988,-1.1577086794632117,-0.4083044127040222,-1.1718909154171275,-0.43384808177378037,-0.21614107790544826,0.08249377940380166,-0.35837641869859793,0.05417552383019857,-0.6837413888383382,-0.4831990944794783,-0.7585520409151966,-0.5293174352508875,-0.7030731624392601,0.47556691491951436,-0.7494980880374649,0.376950896376095,-0.6682732513497048,0.7151400342527087,-0.7017059498138407,0.5434218851218605,-0.9583541510482636,0.492006089719296,-0.9399082729021168,0.47687036383246834,1,0,1
-0.5684598096012681,-1.5890503793711999,-0.5257873043377961,-1.6397569888322168,-0.5134670676463367,-1.6339277374247156,-0.4997074516471328,-1.627857642072263,-0.5406145918015357,-1.6478434880182993,-0.5404102019170053,-1.6473550036086568,-0.5395911595018499,-1.647233840197664,-0.4361483762125088,-1.5456838876557797,-0.48259702784325875,-1.5770428443743014,-0.5573977940732233,-1.5025212915325452,-0.5735725224685945,-1.5092821604367055,-0.39205552189656306,-1.0832347826065591,-0.5509013097869303,-1.0129334360172437,-0.8160675274243521,-0.6402822358686723,-0.8574556140301407,-0.6625540603358249,-1.2031715885855587,-0.4341020244658661,-1.2004994441701513,-0.44669881772418096,-1.2816021906487722,-0.3591357938735158,-1.2685580628185107,-0.41708329189193255,-1.2885393365603584,-0.39670905573605425,-1.272170969138954,-0.42547106226210496,-1.270220120827539,-0.40645131070377016,-1.2551377785139382,-0.4135714683559788,-0.27516526822369136,0.10077666464928618,-0.37562623294367525,0.10407235885752313,-0.74584551475636,-0.47528955195279576,-0.8060374707389389,-0.5210824012152251,-0.7557350688427942,0.4767060116278581,-0.7476098912807396,0.3780504496968634,-0.7076520395743187,0.6783243989814975,-0.6951204929055032,0.5399961920269694,-0.9568403807426429,0.49093174530810696,-0.9234917119771048,0.48408604348028883,1,0,1
-0.6273819285503321,-1.592506842164548,-0.5807261684271561,-1.6489301279515625,-0.5694137938265245,-1.6428479224366648,-0.5564630872494098,-1.636442820447597,-0.5943189607600262,-1.6590334634770763,-0.5934294816857522,-1.659209678697959,-0.5916300104048993,-1.6602958243388777,-0.4978143119669607,-1.5486332682900164,-0.5337698785584069,-1.581422583480992,-0.6169239382675015,-1.5011938076543305,-0.6302965233608112,-1.508562285423204,-0.459753307133297,-1.077501979992816,-0.5982648965477061,-1.0010866078189136,-0.8973127536713306,-0.627418895463482,-0.9292641815515094,-0.6452066233526709,-1.2639608968666984,-0.41658133801589736,-1.2757611380115415,-0.40376359607950496,-1.345512955086645,-0.32680376088792384,-1.3391844066244611,-0.3563933363720759,-1.3589182870477905,-0.35572381739118997,-1.3559965249983132,-0.3586840106704669,-1.333638693663184,-0.37257510843335895,-1.328037125666957,-0.3690998625309125,-0.3016432733980044,0.09855086622113605,-0.39468515717032693,0.09306026685629226,-0.8138220808755005,-0.47865741284335783,-0.8823917978082718,-0.49109665041680195,-0.7372490294436411,0.479055135996009,-0.745354435311908,0.3858358012719419,-0.6344745294043241,0.6442424475226082,-0.6461457602472024,0.5099261643837762,-0.9126790669369573,0.7183507101776585,-0.838559435557979,0.6183034681501822,1,0,1
-0.6243546350852632,-1.5979624085594617,-0.5780256022019288,-1.6536242369894774,-0.5666163463017375,-1.647796344885924,-0.5535769142487506,-1.642473248839388,-0.591345050868184,-1.663353331423516,-0.5908371654840125,-1.6631921303326032,-0.5894786029746253,-1.6637490124454422,-0.4974772045878804,-1.5624557829900825,-0.5363898751314492,-1.592493249125069,-0.613069693709762,-1.5059453163907728,-0.6310906040125597,-1.5120901734603602,-0.4529506087394671,-1.077404851547084,-0.6033511647745914,-1.007773394657913,-0.8632330265279923,-0.6274759862292939,-0.9012394120575674,-0.6572871282569545,-1.2381110136894034,-0.42031250377980833,-1.232323838917744,-0.41603316780563343,-1.317184813666148,-0.3291882271587202,-1.30622622881123,-0.366228518300594,-1.3279729912352332,-0.3580383412952124,-1.3199369098683094,-0.364262594072666,-1.3008483281009762,-0.3747581505736932,-1.2898347532227112,-0.37577009057636485,-0.29110224200126544,0.09718464218040611,-0.40984213762797633,0.08714754182908112,-0.7823989279387117,-0.4760280247157663,-0.9445934228912841,-0.4228060850856956,-0.7315646674796779,0.47921454527717233,-0.6692885278257031,0.37255836745498555,-0.6415871490982763,0.6242984928527846,-0.5980437007234561,0.4598051677781337,-0.9137222709304307,0.7107143877445048,-0.7269741744745191,0.5877717714570463,2,0,1
-0.59179757550975,-1.5961586122205929,-0.5430259970051178,-1.6524265666382876,-0.5320220608275744,-1.6474541092237678,-0.521242286228349,-1.6423756878878544,-0.5571343362535022,-1.6628035547631317,-0.5572230617293745,-1.6622640346689,-0.5567579326330189,-1.662508153300635,-0.4856426101250813,-1.5652531069417832,-0.5039361226559768,-1.5978677515754531,-0.5920036954174868,-1.5007151473050389,-0.597900108797323,-1.5100975574458186,-0.4007654473023888,-1.0832084615392041,-0.5761514927770274,-1.0156999902704875,-0.7433223994828773,-0.6275229440020398,-0.8756518745422178,-0.6647160950515096,-1.1414935426686619,-0.4480923514169552,-1.2292588556613924,-0.458644010099105,-1.262325901363542,-0.35140753306424927,-1.2883208593440043,-0.3994471881794781,-1.2719198686278501,-0.3872700491218071,-1.3138105269751048,-0.3892860204496353,-1.2463530913909777,-0.39873651936089655,-1.2770009467851162,-0.40812115381722747,-0.27156286561557275,0.09099338341696077,-0.39531043698636287,0.0849447279949592,-0.7708001109243309,-0.47253288354644596,-0.8991795722841478,-0.38878629088915123,-0.6741975922470163,0.47979064300491137,-0.7482482698439099,0.43084655647198156,-0.606998547986077,0.655138133676664,-0.6776724674302043,0.5578228454383027,-0.8791798861524602,0.6640583804751563,-0.9136148859185462,0.5923207439052509,2,0,1
-0.4558523519489841,-1.5679319243038439,-0.41783558628017037,-1.6341312622976427,-0.4032986955689376,-1.6339056796288336,-0.3858294155228169,-1.6336951728765379,-0.44205813548565176,-1.6364864417470162,-0.4449737188808202,-1.6377026480611319,-0.44739921141622613,-1.6397162097137796,-0.3115698994102906,-1.5636957153367435,-0.390393711033707,-1.5914341659900222,-0.42982069276192836,-1.4680500230656672,-0.4540625193688527,-1.4780211971755188,-0.22435176804313464,-1.0790958256582768,-0.43918431979360983,-1.032910755420334,-0.5675530302949298,-0.6354360701482212,-0.7272915101598116,-0.7093317870950538,-0.9582615948067199,-0.4500042742062256,-1.042169821060729,-0.46245809340383814,-1.0377447924179561,-0.36643290818512436,-1.1062829982137532,-0.43566633616373157,-1.047296621259879,-0.4042629549207305,-1.1075899071731201,-0.42556559567302743,-1.0197513153402888,-0.4178671159775286,-1.0857491056305393,-0.4197602556577007,-0.14525510704544803,0.08955079120897584,-0.297948190975256,0.08376040353707608,-0.5963050274010004,-0.47618125534262096,-0.7418061577155332,-0.40315981798046313,-0.6604261132315398,0.521848990030103,-0.7679903060909266,0.5050645520275536,-0.6070865320234323,0.7683337992191319,-0.7099067541046333,0.6724361414253487,-0.8829769163713015,0.5863378293650935,-0.9854644797045244,0.601309944485828,2,0,1
-0.2957134952849014,-1.5122383375906818,-0.2661726075967015,-1.5811295299071324,-0.24981375530293237,-1.585272873699974,-0.23110207144842715,-1.5896084972149007,-0.29071570538771596,-1.578234583217355,-0.29397902344737553,-1.5792188428487237,-0.2971704219708824,-1.580958504755869,-0.15432117008562468,-1.5450841874685814,-0.2467029264316104,-1.5516506141216484,-0.2641052298650253,-1.419903662590528,-0.28989567438787117,-1.421609094752803,-0.05920894282755783,-1.0771399108503288,-0.29063760719725457,-1.0336556539837856,-0.4023326011812362,-0.65715972440511,-0.5665832287146432,-0.7124179013491412,-0.7791447542874289,-0.5304022833744013,-0.8766604780715628,-0.507418307211633,-0.8682206834321115,-0.46849439151722244,-0.9466609241960465,-0.509790292600726,-0.8776307739441941,-0.5105052864773235,-0.9488350690741763,-0.5123617249509023,-0.8460213963665425,-0.5063815290186405,-0.9203045149385278,-0.5035294621897651,-0.0077721400003439405,0.06100936264174411,-0.16909013105269052,0.03420809027400217,-0.46384357628562706,-0.4239409803091095,-0.6112576179741196,-0.4115045849166473,-0.6284923563026837,0.5582711685949389,-0.7544691861480368,0.49158767124951386,-0.5964446649883761,0.8430055551471316,-0.7038148481024711,0.6475833694803844,-0.8541211178728454,0.6383860718226919,-0.9672375730670764,0.5177861541029033,2,0,1
-0.13258070988901643,-1.4762250005814497,-0.10559185357646371,-1.5552145854999673,-0.0872454517646862,-1.5603859337966828,-0.06719769570247729,-1.5656403849938498,-0.13087540129982747,-1.5485541815148656,-0.1348628576444615,-1.548244013068571,-0.13882930656444611,-1.5480951074997324,0.004549332421977226,-1.5313156742071732,-0.10252254526209591,-1.522990987897492,-0.09777733875304835,-1.389810156060962,-0.12753176073415537,-1.388401793597847,0.11438232714350242,-1.0795696048706644,-0.14857007865512797,-1.0510714268835935,-0.21022439853947958,-0.7008062327337984,-0.41154102041668433,-0.7924668165488779,-0.5940824418730909,-0.5915310469232586,-0.6892272924259074,-0.6263366423747778,-0.6741133154022462,-0.5350754467742099,-0.7543275713912825,-0.5942653486010111,-0.6857066952008354,-0.5652879541857606,-0.7532678086042618,-0.6021976285755495,-0.6597444840882088,-0.5740884586637512,-0.7253175536812823,-0.6016561313119388,0.1239276066118584,-0.0060502911779918515,-0.04206218853634892,-0.051355397469295835,-0.36908452090784294,-0.305352708859133,-0.495450358828469,-0.39582476673139944,-0.6254480097517229,0.5988108023910629,-0.7321995859964353,0.4960036790569962,-0.5989554229532414,0.8597227693908028,-0.7012119046153207,0.661087930629727,-0.874422075188623,0.6233529115973879,-0.9593994557842019,0.4978498609644226,2,0,1
0.01581623212689704,-1.4266694126315922,0.04521723508154895,-1.5058323088034675,0.06037026120044084,-1.5121403441333465,0.07835088667714593,-1.518313190506952,0.01886675733216653,-1.5002744238932024,0.01413736817814912,-1.5025427932495392,0.009967270812151223,-1.5045508558998524,0.14393359497094083,-1.4969159545571895,0.048853249569106645,-1.4892887765324128,0.05305770025306066,-1.3561521220741894,0.02220496068204702,-1.3552547343224002,0.28165950670346124,-1.075571150521361,-0.022592260225085467,-1.0727061085184375,-0.03042135667266926,-0.6963949207035905,-0.2890467272858619,-0.8303150285281514,-0.3876328411424273,-0.5997742367826085,-0.5551715013527284,-0.7298120489588686,-0.47685779942903467,-0.5555209846008101,-0.6188714501055897,-0.6980161995941818,-0.48951810925364253,-0.5854469260255254,-0.6195476420331291,-0.7007654536153612,-0.46379340561264076,-0.6060388979592407,-0.5932772396435868,-0.7015028142205563,0.2284580802056953,-0.011872560706124276,0.054054440766133,-0.09845305494862701,-0.2502993975315927,-0.15673086382638446,-0.382598720757907,-0.3155620700925833,-0.6032001584632879,0.6151993122255136,-0.7044781884290484,0.49244526846755526,-0.599457623975449,0.8453373792832183,-0.7000797279998026,0.6352905660140554,-0.8285853574806022,0.5657332529765885,-0.9572542270082367,0.4339131461784535,2,0,1
0.12279048707289342,-1.3752175956744082,0.1513850520671796,-1.444073878594015,0.16748860236491508,-1.4517463461548745,0.18455429271159443,-1.4603118146229639,0.12322348716684402,-1.4359074894077217,0.11840463109843727,-1.4368383036793206,0.1150125498829853,-1.4377167229623824,0.2564199509987751,-1.4582174361719589,0.16366920541747648,-1.438048331339128,0.1675459402768994,-1.3008718255477332,0.13333473136987287,-1.2940314373626205,0.41370822371101645,-1.0598734142386181,0.09015236355285063,-1.0769588762790852,0.18731540974904648,-0.6504346299093967,-0.14646043892798058,-0.8027557588498236,-0.17552384021120754,-0.5740364343944724,-0.423195445319843,-0.6984699599666095,-0.26374217213784873,-0.5458924168723734,-0.4897153318991748,-0.6659624531986517,-0.2895402781920373,-0.5808333248532522,-0.49051979269016177,-0.6757284341989128,-0.25998975180311595,-0.5826651722826824,-0.4605876726111378,-0.6788248050191525,0.30259105747798026,-0.009873395318015643,0.11840561968312666,-0.1102421745157144,-0.19260386503588295,0.0068591419883409915,-0.3246135329482075,-0.1939552788666562,-0.608582507804644,0.6995312705920104,-0.6829955016901973,0.47133898534918744,-0.6231747592584823,0.888592902367255,-0.6792532143485307,0.6300609530072092,-0.8327356831528125,0.6221233593899654,-0.9434645827490927,0.40137561115055564,2,0,1
0.21764741233492663,-1.3286037268274447,0.24332441676466557,-1.4045248066566547,0.2615946975553604,-1.4098878168100248,0.2805772536147571,-1.415210356777673,0.21282040044283246,-1.3953200328272488,0.20728877481337918,-1.394021773983914,0.20134144932203957,-1.3926951551173026,0.34524379104766456,-1.4129291358203744,0.24392621769432862,-1.3939758665824007,0.26365095370928104,-1.2481763072647598,0.22525704298146695,-1.2373267138718467,0.494502284620377,-1.0229883308929777,0.19285988697946174,-1.0617582745220167,0.3318771374624912,-0.5217821956022234,-0.0304777059999642,-0.7202325397456427,-0.003538278921880719,-0.4517601241876594,-0.2644280027661095,-0.6942520398162626,-0.08590740238760373,-0.4110308057042596,-0.3188659015641236,-0.6551711863024122,-0.09151317186876087,-0.4552107790459574,-0.3213005385079063,-0.6601768848771127,-0.07723652607700869,-0.4770924832800615,-0.29926597436620606,-0.6623977403818159,0.3533044634587368,-0.030416926601951104,0.18195629214789089,-0.14918549118465416,-0.12929267721212223,0.08545088335592427,-0.2597366741226334,-0.05132104415133971,-0.5838261228668947,0.7390393162647612,-0.6688750522793679,0.4747602298129763,-0.610492700570708,0.9110975385287577,-0.6795604170407571,0.6214585361863542,-0.8337491060325182,0.631110088508819,-0.9341388926548664,0.388693305316609,2,0,1
0.2562551045018202,-1.3232165581357278,0.283884316546922,-1.4019294011277608,0.29929437468505393,-1.4082580113764875,0.32067054142362383,-1.415959147893339,0.25393020045855924,-1.3887953120907652,0.2482270553854977,-1.3861965700885446,0.2439506851653909,-1.3836107414738292,0.40022096279373814,-1.4097275425172582,0.2868540249538343,-1.3771730779765545,0.29694401458604136,-1.2525940450954487,0.26199210860049316,-1.2447103293437765,0.5592545817750886,-0.9857354940428862,0.233084162259672,-1.0155858087388636,0.47612696670643495,-0.3667176205756672,0.05963079985278093,-0.5986819742739243,0.14427045520384874,-0.4077441323313133,-0.11682563569428914,-0.6617656640460404,0.058985254050612584,-0.39654260278897907,-0.1677426901210589,-0.6499166115321591,0.05558946564257542,-0.4499660901225981,-0.169610126599307,-0.6540952354411029,0.08481202906079335,-0.4627610946111346,-0.14660155939239025,-0.6564740173499354,0.35737446662493444,-0.03666947761613831,0.16860644450243706,-0.15417784386604794,-0.09636638125512373,0.2230117014453174,-0.23292082013072304,0.038171573439918616,-0.5700168304870493,0.7683780383839819,-0.6724846221264845,0.4785059772010557,-0.604602218699008,0.9360726478290334,-0.7004964164463783,0.6119093023792406,-0.8186859175472742,0.719892902293099,-0.937289512059936,0.37899207661350254,2,0,1
0.26242560298678846,-1.3426728934075123,0.28963886802383154,-1.4134331904388744,0.3071467028728383,-1.4192431644449326,0.3258880442680251,-1.4311540652884436,0.25940300529899407,-1.3997349284769556,0.2523632937258841,-1.3947394864684075,0.24584703774580352,-1.3900624305163845,0.4003371214947409,-1.4364207502211417,0.29052167415145225,-1.3865777930593888,0.30219685933308804,-1.2729385001375593,0.2680892046722746,-1.263697086888103,0.5791888977441906,-0.9915578871441048,0.24209535884958777,-1.014774551428137,0.6242789868655534,-0.35041042183191845,0.1726682918449473,-0.508067189487128,0.3027776528381017,-0.37581544189899035,0.01666666210594041,-0.6078126660381696,0.21409172035338145,-0.3587765669120106,-0.040289409042109425,-0.6092771306824072,0.20545593879925955,-0.4339997059505148,-0.04979860516930287,-0.6425823017216125,0.22573873087136975,-0.45008991035494356,-0.0218204227288482,-0.6417394097008257,0.37354005061192885,-0.014069937324454584,0.17186111244606453,-0.14090461153402145,-0.09316435544620601,0.261121146928761,-0.23224932398045833,0.02040052791736314,-0.5741286013563734,0.8167420728504151,-0.6741414900658936,0.4800437206853939,-0.6152401313953066,0.9293586749110758,-0.7253867546095393,0.6178447648543076,-0.8425655514386252,0.7738150070294265,-0.9571213859406006,0.343491011833001,2,0,1
0.24847865018894613,-1.3564407888034897,0.2795090878578767,-1.4278990266255578,0.2954922779696796,-1.434320810981259,0.31470443282318594,-1.4435635835346632,0.24946945919388216,-1.4184886271807597,0.24431769723132504,-1.4140862741992994,0.2400890262224811,-1.4095714697094215,0.3864329249847145,-1.442623254135429,0.2930255120234919,-1.3937361347952248,0.2882061616627405,-1.2867497696867836,0.2575494090063974,-1.2758077436254127,0.5599189106863552,-0.9949352631623022,0.23944842334375968,-1.0102365769846018,0.6032463533065447,-0.3559734350252597,0.1617768071758214,-0.508939491902424,0.2859346411927063,-0.3440293548081112,-0.013848722939820634,-0.5598491319440234,0.20036818769534012,-0.31896873293220374,-0.0737507764622375,-0.542482170413254,0.19032738015142994,-0.3799613189400983,-0.07407626797121748,-0.5890566194457282,0.2109247893009369,-0.4112489122013552,-0.04999731069186924,-0.5900360597267363,0.3686134388123791,-0.00845996635836757,0.17545140489173816,-0.13874850832647295,-0.09337615971590672,0.293623834346358,-0.24091105588267656,0.045008872297877,-0.5757348043304517,0.8028939785215112,-0.6935439474721066,0.48193859038877246,-0.6237179865452993,0.9262285686383108,-0.7466020291899117,0.637006254742483,-0.84236486874668,0.7589348302848048,-0.9616708526811499,0.35002901667624814,1,0,1
0.24041130483122058,-1.3686760072116622,0.2724713534541455,-1.4411145503263414,0.2882780811988932,-1.4460657531700394,0.30739187187580574,-1.452317871678425,0.24226786687788546,-1.4364682022862323,0.2363064540547221,-1.4345596777568317,0.2317295540890423,-1.4329978375206895,0.37643561516713725,-1.4472243744259985,0.2839950380321331,-1.4068080047833322,0.27789028042900893,-1.2941006382908773,0.24746114939739672,-1.2840344982643017,0.5466738530179762,-1.0065882051884267,0.22523208121806,-1.0003359013204118,0.537992102275798,-0.36220164214147077,0.11726948872885105,-0.5249199634063311,0.20579477620154624,-0.35896835234175123,-0.048942243682123195,-0.537658124275228,0.1198509304990074,-0.33992895266271494,-0.1059568884730191,-0.5154227538684965,0.11265971832224922,-0.4131582399558159,-0.09742713262683374,-0.5610686747314658,0.13346028162542475,-0.42531301228488955,-0.07968747466816622,-0.55931418405398,0.36018921438178564,-0.030644053934337286,0.16878562547738807,-0.1447702248156888,-0.08440079932098113,0.25817837745463446,-0.23793418023676627,0.05433715742691301,-0.5729002848798127,0.8302500940461705,-0.6974374882712491,0.4934924267997862,-0.6204247637987859,0.9320439180736176,-0.7502373022389524,0.6474125914752932,-0.83977934906468,0.7812597911790119,-0.961194107714694,0.3532831903275309,1,0,1
0.22602467899277434,-1.3941399716408385,0.2602366293383179,-1.4623922293152312,0.27571662984322387,-1.465486437606463,0.29292788928541513,-1.4705566413321458,0.234036416461722,-1.4616341084315592,0.23128296095561268,-1.4607747811903113,0.22883250665679983,-1.4600174017451564,0.3599645585111229,-1.459316865919641,0.2806931651695875,-1.4254030974310332,0.2597761960192369,-1.314702866790745,0.23213388522700074,-1.3111608914217652,0.5268979577453481,-1.0183995679110254,0.2044960230658668,-1.0057904173440932,0.4567887673050321,-0.38593854911829184,0.03422021899683121,-0.5367057465000918,0.12850302370050412,-0.421622131347071,-0.17384003333901268,-0.5395983453012321,0.04318643498338,-0.4054414714435635,-0.23692631814593834,-0.519902401815358,0.03777096805492946,-0.4601189784556673,-0.24819099353530705,-0.5549686129056163,0.060335413590140025,-0.4757669147846825,-0.22147918808195444,-0.5526107148483471,0.35917888082923427,-0.05228145417707715,0.1661196597162893,-0.15009004617544133,-0.10274571825572455,0.17853700629309674,-0.2407899542582269,-0.017976329724559054,-0.5656272673200079,0.7970971650491305,-0.6841842747791826,0.49788792147496386,-0.6069540616750547,0.9312824607166189,-0.710732469466442,0.6674381043819909,-0.8164775429242744,0.716515155555643,-0.9492972324164637,0.3603626924343886,1,0,1
0.1714333024217332,-1.41292184500829,0.20353635447864643,-1.4816952103870749,0.21889179331268988,-1.4829693724786057,0.23546146129147033,-1.4848329781911824,0.183740934658403,-1.4821188189264762,0.1811693787351405,-1.4815008917090675,0.17862154884442324,-1.4804581820079388,0.3029689439754977,-1.4638243178108914,0.22903961514922597,-1.437029100524372,0.20071913526007176,-1.3263542023667494,0.17614316702813526,-1.3268337895141873,0.4681851716042613,-1.0242937569753106,0.13828754066369126,-1.0054208102433493,0.3620161188877689,-0.4317139745755707,-0.07113819427436553,-0.5388431901716282,0.0060156506625073936,-0.43921634378331276,-0.26565384778094675,-0.5253697694400012,-0.07160604197861695,-0.42979859173988744,-0.32727529722437637,-0.4969348608730507,-0.0781198264969741,-0.48108784830221063,-0.3326603651736283,-0.5229472426586635,-0.05640754096401334,-0.49329921710475155,-0.3054804648698519,-0.5284838112115637,0.3229425561860027,-0.04588061545948221,0.13558672729229168,-0.12054001407886467,-0.16037674560045195,-0.02085657121708199,-0.267140184861437,-0.13293909039930255,-0.5801209074510801,0.7221243850832131,-0.6874994935350349,0.4989931591576962,-0.6236319796773229,0.9161020013725966,-0.7295578405602265,0.6729193121922856,-0.8366488720726565,0.5893463397210641,-0.9417607570369378,0.3616194307207692,1,0,1
0.10793601353019577,-1.4321133013698624,0.14447212648048327,-1.4971225687572711,0.16229136550664625,-1.4976502258352302,0.18124278114832731,-1.498981355119487,0.11712688538740727,-1.4975370946748388,0.1124602713611658,-1.497448739918225,0.10799186856514602,-1.4963136593351818,0.2402825416754282,-1.4722325395268256,0.15423613031136565,-1.4596194346211357,0.1443997126519858,-1.3465707592646707,0.10974710068114893,-1.3446441312781459,0.3797879058488415,-1.0378916158047138,0.07334840100268594,-1.0217797861102047,0.22523850701854098,-0.5123021627233668,-0.15911382865976273,-0.5912303936045995,-0.11953361630468674,-0.4590797288009514,-0.35209940021334846,-0.5320660714066361,-0.21331520857084152,-0.43326531109938793,-0.4339013232135369,-0.49927966018318554,-0.22502351133957169,-0.48207618584542317,-0.4366456343112694,-0.5240287543088505,-0.20316442098023726,-0.49367512643289013,-0.4059347566431825,-0.5317871669511434,0.2540317775353935,-0.036105242904671875,0.07685095655717666,-0.11903810678951664,-0.22155530910303708,-0.106043161047552,-0.35381459464943127,-0.2542161886313198,-0.581019530933731,0.6836202471625326,-0.6928156077022023,0.49246405157665357,-0.6124829686966121,0.9032674534964846,-0.7307703396817571,0.675822043986492,-0.8344931395843666,0.6148903795100807,-0.9467752293007566,0.38335741945565394,1,0,1
0.02132833320873495,-1.4478377912257618,0.06166827289760323,-1.5114551931570597,0.07901694561161901,-1.5141733067605234,0.09909707782240529,-1.5170883958633472,0.034380369716511566,-1.5080508782060764,0.03143933026559146,-1.5076348076249317,0.028721710954472346,-1.5070758865561706,0.15677877013246366,-1.4785311833021553,0.07887187080845177,-1.4728200059784926,0.05660795501881422,-1.3643317953672462,0.02683647995181532,-1.362504272995832,0.28180631152983493,-1.0414225931690244,-0.007497313456694936,-1.0250327240306258,0.08079936380658,-0.575340254026685,-0.25167254166514835,-0.6337277958049641,-0.2720106944798641,-0.46202978908716213,-0.4815540709959577,-0.5524620564256808,-0.345681755556034,-0.4314447088207995,-0.5557938154146963,-0.5100165549215089,-0.3681527798380977,-0.47768798198232976,-0.5530415956394487,-0.5269861054071455,-0.3406147647305916,-0.4931918320928671,-0.5267175625305073,-0.5345259172599981,0.17295349852783484,0.006720245839482411,0.003948272930831201,-0.09148798151956562,-0.2860471141920957,-0.2521708069089824,-0.4347512589002356,-0.3689798730642384,-0.5852887339148397,0.6432148137379925,-0.7047152016083285,0.48351044004489446,-0.600217845601586,0.8656359887103586,-0.7420325436094023,0.6675448715284446,-0.8342457462658479,0.6176816483805591,-0.9488894412320924,0.38345059356262845,1,0,1
-0.07876586659148715,-1.4530127231419765,-0.041816772387209114,-1.5173467871865352,-0.02604513939893461,-1.518770843431594,-0.006363901110315137,-1.5206390831349024,-0.066981195655502,-1.5164765855137041,-0.07022177626730572,-1.5167195919876635,-0.07299352059016866,-1.5170929680675356,0.057589372469201094,-1.4804619509870671,-0.028266242049810156,-1.480245512726635,-0.04887230131534921,-1.3716765471035746,-0.07671776626125396,-1.3710318663130094,0.17221403718017494,-1.0555337745983906,-0.10632192336957447,-1.0252194429638333,-0.043422233922770205,-0.61120511797288,-0.35449128086931525,-0.6518741327902273,-0.4063860455538867,-0.423637979101813,-0.6201575987864796,-0.49591427075434696,-0.48012952045855406,-0.34847403157158574,-0.6929372036189966,-0.45525736609944467,-0.5090861545953275,-0.39306982834825605,-0.6968468089193416,-0.4652101896059996,-0.47631556072690706,-0.41519002863867427,-0.6625661519378858,-0.4740549332488402,0.10518478233963757,0.026449183339364708,-0.0635703313309517,-0.06131390533781472,-0.3530341070371619,-0.24319495222171214,-0.5022691217235015,-0.35073121756362385,-0.6051063968905943,0.6477044711048341,-0.7189641670287779,0.4828732972125859,-0.606352507891564,0.8637250545057776,-0.7441968026406383,0.6639268987114681,-0.8606573926928861,0.6005284682888692,-0.9715400172083657,0.3846215721272049,1,0,1
-0.19009483709422406,-1.471885175581593,-0.15132081555334148,-1.5372123347331819,-0.13342619694461288,-1.5377365935512712,-0.1138341784242104,-1.5382520786802425,-0.17739523102821317,-1.5375414716482039,-0.18129247901994083,-1.538607907381878,-0.1848113462218064,-1.5405078435817896,-0.054618449822399,-1.4917772913417668,-0.13422200761956773,-1.5035373712336035,-0.16146196444322422,-1.383365819617034,-0.19088372767635323,-1.383805430871095,0.04666946599025538,-1.058129427273457,-0.213823093955013,-1.0252405739615689,-0.24810572810584758,-0.6201960485766634,-0.4878812601541935,-0.6480862469797629,-0.5733172204725608,-0.4245658894058869,-0.7483461397281591,-0.44611493489201304,-0.672026660269127,-0.3293132831219274,-0.8332354127132966,-0.4094672354449112,-0.7025432810457498,-0.35592524152165217,-0.8347192783320633,-0.4011633712002503,-0.669158528939049,-0.3716467038369404,-0.7927909301935259,-0.40401543802912576,0.018122600207232036,0.042883415215699446,-0.1467874133139946,-0.03474396178738885,-0.41157710375784684,-0.31322802164094554,-0.5622255474038345,-0.38397670280220747,-0.6280751735637633,0.6358115501453613,-0.7392677193793651,0.43544322813144903,-0.6169916563187244,0.8397375413101975,-0.7441285902970707,0.6551482666697301,-0.9033387952185625,0.5749243719799724,-0.9731502980942875,0.39720205373814493,1,0,1
-0.30343236453961875,-1.4931097181434285,-0.26324095970033057,-1.5572890686840983,-0.24769126397482297,-1.5573257698906917,-0.2307323407745972,-1.5566967210955276,-0.2895027119738407,-1.5561675193539912,-0.2929358194539021,-1.5566091695639739,-0.295496253799409,-1.5574926553435686,-0.17213423045747903,-1.5059552640242098,-0.24260746720966106,-1.5221814606099722,-0.2728729874751801,-1.3994006014923142,-0.3006648217016857,-1.4012947297571756,-0.0743436801296961,-1.0627497013923835,-0.32761537035752475,-1.0178994676312827,-0.38127599444351,-0.6359605143259399,-0.6064558149916047,-0.6461095718933377,-0.7067526746531507,-0.3846991110639755,-0.8873520214872606,-0.3951540120196518,-0.8078876069851227,-0.3098893239987204,-0.9614728885971007,-0.35939159016189415,-0.8167757247812102,-0.33854481052448987,-0.9631597847964498,-0.34650588302810653,-0.8041589126829353,-0.34700907263500347,-0.9308534550127818,-0.35282108559698355,-0.06460809810863351,0.04339253633073267,-0.22881646364656924,-0.015455191620455189,-0.4095848584625639,-0.4191076661896205,-0.6320591698619845,-0.46028234207558816,-0.6451727457666753,0.6111441378296567,-0.7386132763149923,0.45119261796421234,-0.6273391722625162,0.8264981680037824,-0.6973826218209882,0.6300560100837623,-0.9214873565193769,0.5758887363444674,-0.9590334323029572,0.4425385475933369,1,0,1
-0.41525587453322044,-1.5202037969388575,-0.37187208258573606,-1.583554157430935,-0.35610909971349364,-1.583695339681888,-0.3401516128036148,-1.582637368704617,-0.3974203238596826,-1.5813672227383866,-0.401248865215498,-1.5805547914833413,-0.4044911758505082,-1.5794772341719119,-0.27668422859893127,-1.5248555821947583,-0.3550367324716834,-1.5373204611835833,-0.386526862021178,-1.4279626667649368,-0.4165860152327879,-1.4296632795768511,-0.18945843570043253,-1.0640145955024516,-0.425674568574648,-1.0163819901330768,-0.5406259605254636,-0.62539884622381,-0.6933435119263338,-0.6450734115657762,-0.9054787103518223,-0.34896609960072705,-0.9876795272741775,-0.38260269365704863,-1.0038999777114328,-0.28074263445541275,-1.0725712717210385,-0.354436803698697,-1.0130309166218503,-0.3170545858273822,-1.0717561836446405,-0.35314212847486126,-0.9840946720442955,-0.3264347716526109,-1.0412128710814044,-0.3506008479577112,-0.14956187624475337,0.07225228916794633,-0.3075033562905058,0.029127506409080774,-0.5850302190185656,-0.45504840401072594,-0.6990155165816797,-0.5188661179147103,-0.6457191859537328,0.5518599497381054,-0.7458581192111496,0.4090057549294007,-0.623482209096881,0.775645618727995,-0.7013174360309125,0.5884904725262291,-0.9156734899611042,0.5775545015460809,-0.9589852387993497,0.466755906729199,1,0,1
-0.5126275120988765,-1.521860973810982,-0.46941079096389815,-1.5867253517548527,-0.45416533217654875,-1.5882755143343512,-0.43779140396626653,-1.587980545377656,-0.49540117674017214,-1.58360890030811,-0.49946969702933575,-1.5830530067799602,-0.5031057115168934,-1.5824451507690747,-0.37225046337559814,-1.528992005894774,-0.4561247070309097,-1.541800170916988,-0.4828167407904746,-1.4339122783583707,-0.5170749074702469,-1.4355806385947938,-0.29067072478434897,-1.0709685473537573,-0.5175776027847991,-1.0081835337309217,-0.6793009135597935,-0.6153684188191384,-0.7772338200828478,-0.6488629038263609,-1.0365131394680687,-0.34032648728093384,-1.093370475720266,-0.38234430233386063,-1.1260853381268223,-0.2520632983240118,-1.1635870511724666,-0.33043606818289634,-1.13076628663106,-0.28274550703610657,-1.164917933310551,-0.34313567424890723,-1.1019065337938463,-0.3077240763827951,-1.1383215451196842,-0.34875145315004435,-0.22582426493797347,0.09963114214046141,-0.38438978906890015,0.08817369273666266,-0.6935066284000824,-0.49321036805579305,-0.7901123599776374,-0.5283722247147493,-0.7428547989247982,0.5200757162435188,-0.7629369083049633,0.414697284132362,-0.6979243662307711,0.7281700747511465,-0.7029317948286781,0.5919626291015213,-0.9840580944107883,0.5687022199449837,-0.95540063071564,0.5304383081038238,1,0,1
-0.5921408615431388,-1.5302620282879182,-0.5516378053805221,-1.5954161851188646,-0.5372301721174264,-1.5964110102491014,-0.5212131229800121,-1.5957587915002795,-0.5734961543013395,-1.5930576074096217,-0.5759859048415554,-1.5929960062261643,-0.5777453384424882,-1.593386311818842,-0.4517897631679568,-1.5345661406658708,-0.5271115135292271,-1.5535709398807787,-0.56381988736164,-1.4463308174398808,-0.5917021770872243,-1.4475576510394075,-0.37229865687920566,-1.0724896084714621,-0.5882893355932953,-0.9954756482681372,-0.7793582885803361,-0.6050609405552667,-0.853704676572442,-0.6282795820086777,-1.1384645191803864,-0.3445128962943066,-1.1694048720694967,-0.36188628362555697,-1.2284196708331907,-0.2565680316073665,-1.231240844390523,-0.29617221714116004,-1.235513136698786,-0.2913330950866209,-1.2367057405534427,-0.3149239386755854,-1.2071759744429984,-0.3136975993684034,-1.221934060978481,-0.32348162203924585,-0.28529307122026737,0.10975548509062462,-0.44368089725327714,0.11181149409837289,-0.7382660359428458,-0.4840211026487018,-0.8467179778533003,-0.5214246986639246,-0.7407713566919195,0.4170459142081682,-0.738435331070903,0.38077844914722103,-0.6995612153302202,0.6431260882621203,-0.6648851244730104,0.541801100523614,-0.9673043025336099,0.569390522034968,-0.88506456008911,0.5798257748699427,1,0,1
-0.6549416925210046,-1.5460109238283368,-0.6175022603107917,-1.608424538540679,-0.6050085270063452,-1.6064173409019693,-0.5900151573147889,-1.604137788181334,-0.6321758228553319,-1.6130954776249367,-0.6315836606263904,-1.6139868102955033,-0.6304228150548801,-1.6151504980479956,-0.5170724360085234,-1.5401864299846533,-0.5645269725607226,-1.5641117859178884,-0.6375779438904757,-1.461392028755746,-0.6536795170188324,-1.469023531838539,-0.46462974825986036,-1.0515710328709913,-0.6151049424390332,-0.9964742423775022,-0.8762282194161293,-0.5604673680941475,-0.8985834557164487,-0.6082235465496952,-1.2597543454402795,-0.32474182037203925,-1.2206797941538239,-0.36595715180335786,-1.3338497564943679,-0.25005919001245625,-1.3020835646703626,-0.3013855185006314,-1.344241017310665,-0.2928280822831433,-1.3071265823170874,-0.331241023266228,-1.3180398158493798,-0.31619253997823854,-1.2787119397362692,-0.3304884631714337,-0.3438647368969445,0.1269672388251606,-0.4476060727624799,0.11121562467684613,-0.8693472992587518,-0.496998624585516,-0.9272468509197334,-0.5204211616311127,-0.7349673759805407,0.3971155525778237,-0.6792687845573885,0.35554111775808606,-0.6978314392699689,0.5798193490694618,-0.5997900355772546,0.45057302251014036,-0.8793683351088742,0.6677818847077246,-0.7182024625256067,0.5932638536989242,1,0,1
-0.6707869750686384,-1.5674340483396525,-0.6270964747212723,-1.6316250765369658,-0.6155871246212807,-1.6266677568255021,-0.6030442092285374,-1.6209318648846047,-0.6404799342461651,-1.639866289226937,-0.6393410846839938,-1.6404850814559488,-0.6372482508965659,-1.6415263082800435,-0.5423970099964966,-1.5474429505374538,-0.5754804909191074,-1.5749847346240882,-0.6573113300214602,-1.4755591270066057,-0.671444136740907,-1.4845817541069926,-0.4910195222506459,-1.0459810807448644,-0.6255167163876352,-1.001808645361423,-0.902930880461105,-0.5615394881897854,-0.919873492013956,-0.6166184841588657,-1.248162201372552,-0.37016592754532796,-1.2335012432828014,-0.4028295071211224,-1.335494390698246,-0.2869212887640684,-1.3226544056063423,-0.3388599218942313,-1.3517493180265434,-0.31983893460503476,-1.3309472718463338,-0.3526658778007501,-1.3193797188227547,-0.3395424160491654,-1.310778290586589,-0.3470704884588315,-0.3506802868917364,0.12422614062766858,-0.4440335748412152,0.10588641176254443,-0.8776580835962383,-0.49141707542924884,-0.9499918367338428,-0.5174471281661843,-0.7088440255635445,0.4161643438114092,-0.6589140729491255,0.34087571103723324,-0.6295699136141133,0.5602112660478568,-0.5788898723666236,0.4486331722033948,-0.8517011861263173,0.6799498793570187,-0.6694736403087905,0.6162108815089267,2,0,1
-0.6407841711843234,-1.5665095980819914,-0.5957588343601153,-1.6293304478998172,-0.5823452230021962,-1.6258248030181721,-0.5676590560028663,-1.6201430360890186,-0.6157870658747089,-1.6360569634860214,-0.6173710256932758,-1.6367892575946832,-0.6181673306605754,-1.6381927389208943,-0.5056661458624003,-1.547067597288203,-0.5678110508988592,-1.5741854021161774,-0.6178307175738398,-1.4741524945666973,-0.644776323306232,-1.4830876319220734,-0.4491885497040128,-1.051443629019147,-0.6165875723269383,-1.0021327775664552,-0.8377060398248675,-0.6139577084673862,-0.9147877180794153,-0.6411893858942691,-1.2174793747950265,-0.4401498148762645,-1.2223026794945355,-0.4425323039776821,-1.3104464968502143,-0.3564264539591703,-1.3053498484840904,-0.36616636103824896,-1.322902663936464,-0.38648264141671207,-1.3161796701832158,-0.38162782558022895,-1.2918986709079745,-0.4039204103258586,-1.2851955724216002,-0.3929676334059909,-0.32449959856275584,0.10909313334873673,-0.43511184516568874,0.10311664460906025,-0.8338604453831602,-0.4867471249296807,-0.9592574703081891,-0.44328387548778697,-0.7051185441615975,0.42308147088303544,-0.6564697973046214,0.341592187790865,-0.6330551689365398,0.5772631162088847,-0.5901404604241686,0.44265075195558207,-0.89548350127671,0.6861124691644719,-0.694898308496564,0.6078889755936845,2,0,1
-0.5450422154791184,-1.564506354782039,-0.5033133143016643,-1.6284688345564753,-0.4874490014987599,-1.6257552931571997,-0.46783350409198454,-1.6205628756492918,-0.5308933442584691,-1.6334092247551333,-0.5357512494221066,-1.6340390767753576,-0.540673412590554,-1.6352926021614975,-0.40235533862909206,-1.548640126596299,-0.49785583252391485,-1.5752888479891602,-0.5218915392231025,-1.4726364999455255,-0.5528006281214111,-1.4823988355397446,-0.3244818040383469,-1.0664073411700214,-0.5637316561781124,-1.002234107497117,-0.6964232003799401,-0.6442360803338671,-0.8441834938558898,-0.6681400581231943,-1.0851297573226397,-0.4978835314556017,-1.170430034392389,-0.4860962654848069,-1.1837804999032737,-0.4040819203494869,-1.2406117622342887,-0.423282459332893,-1.1989629364166747,-0.43428614836426405,-1.2415991111928117,-0.43759568275815236,-1.1612967475933342,-0.4623979133108719,-1.2149516873173554,-0.4507869861340461,-0.24860125618140178,0.09916897879817396,-0.3872591561298398,0.09681219289868034,-0.7533597469803747,-0.48493826209427865,-0.8877084062677838,-0.3950144980053623,-0.7115025769394728,0.5102261998370046,-0.7052826492200354,0.4479987479789821,-0.6348796019807996,0.6651149303619365,-0.630888191297408,0.5782756740769872,-0.9187802409205824,0.6785043213949656,-0.8516636199081207,0.6264167826959641,2,0,1
-0.41008928380032256,-1.5442741658887167,-0.37333469363368105,-1.6101034642759702,-0.35769528384761173,-1.6099267547627425,-0.3384873304790353,-1.608855685038337,-0.4005044609443912,-1.612113504095662,-0.40438959877367386,-1.6139106274878776,-0.40774732667116975,-1.6165893830633953,-0.26231193723848106,-1.5398046509349215,-0.35383955641283826,-1.5672898385480885,-0.3823169741214323,-1.4482342136862052,-0.4088174695974289,-1.4573847389307812,-0.16971195082231363,-1.055981479889596,-0.40103977955369313,-1.021159696363788,-0.5086472229932405,-0.6478682640557535,-0.6722723235644391,-0.7002935279992661,-0.883673250711887,-0.49115806624063,-0.9607924951846315,-0.48286346997743207,-0.977679128129446,-0.41221735447769386,-1.033917981085347,-0.43452711588230164,-0.9917862316469687,-0.44489526853148437,-1.03851996638752,-0.43998039617512114,-0.9614798086899263,-0.46108012991992176,-1.0175517144064075,-0.44659686992808817,-0.13145273475842825,0.09377921507164744,-0.2903741493775335,0.07857379396421814,-0.6102440715213276,-0.4766329149725837,-0.750593192727131,-0.36601819690792736,-0.6709893877837899,0.5291010001652583,-0.7865057558845889,0.513792024811616,-0.6315253341297167,0.7957702372498037,-0.7304441067342601,0.6891800474556333,-0.9164610212392854,0.6539627064809853,-1.0192400934827908,0.6246304101622456,2,0,1
-0.252693749649283,-1.5275589288144245,-0.22017796348455154,-1.595962501732836,-0.2055224426105926,-1.596157376489731,-0.18726674344406619,-1.5964794697388414,-0.2444356074465061,-1.5969188338467297,-0.24829949070496704,-1.5976268458439586,-0.25185172264009936,-1.5986300121575119,-0.11352598714729464,-1.5366257332931181,-0.2054090025174857,-1.5528329614101528,-0.22370696367948334,-1.433834674460254,-0.25183022092310525,-1.4362184610790765,-0.012719759224543067,-1.0587346882495328,-0.2573215617264661,-1.0260675250542395,-0.34833931834727294,-0.6740980108999448,-0.5319941333100993,-0.6988016301298982,-0.7065636078313059,-0.520040927244958,-0.8288779785486602,-0.5069605925004478,-0.7922187868045443,-0.4600350723301557,-0.923594030492456,-0.49147812053381834,-0.8028371749532276,-0.49301932406456944,-0.9012485564659443,-0.4851496956447209,-0.767059059313526,-0.4869127128651527,-0.8770906359845314,-0.48398922079246914,-0.012377956068188235,0.06228636691425707,-0.1729505542647386,0.03137999662384429,-0.4843386669197826,-0.4240706084765051,-0.6117568532422589,-0.38903998643506466,-0.6411445103036042,0.5819072399334426,-0.7731657940860289,0.5069191369048397,-0.6238724529030157,0.8587030442837023,-0.7095533350781782,0.6556976726108558,-0.8933121985795622,0.6543613532569797,-0.9824133366338241,0.5421515537960009,2,0,1
-0.10361196558979809,-1.4681172468245454,-0.07185590675885897,-1.5427657710123446,-0.057075577067865195,-1.5450919725730103,-0.03850204792370151,-1.549825748571587,-0.09921498803758635,-1.5386491190061167,-0.10391793255116272,-1.5378653567070637,-0.10802624337407406,-1.5374859255459692,0.03337893342616465,-1.515392911334509,-0.06633836846122945,-1.5058681449984577,-0.06974750276257331,-1.3870916717382396,-0.10074951862168408,-1.3834352676914634,0.1460469418906734,-1.0689776613624222,-0.1226748441552073,-1.0363260683759865,-0.15359851467768432,-0.7108678005561857,-0.371270281656073,-0.7364250626654228,-0.5089361368687133,-0.6077155375924375,-0.6421899386126287,-0.5909240559239763,-0.6059506482153291,-0.5561475001477078,-0.7261222616184416,-0.562171688098647,-0.6048459048249414,-0.5767242725918238,-0.7249680889935847,-0.5726183096575498,-0.5825127881070469,-0.5803308766848723,-0.6904113697376182,-0.5788586269362058,0.104439142337669,0.008108218743378824,-0.0649555856269523,-0.027497636014197465,-0.3743596088104008,-0.2923209383374888,-0.5147863339143208,-0.3862786222514402,-0.6306225091621359,0.6083550932747295,-0.7567231592398345,0.5049904081758497,-0.6173678127930353,0.8604691508312884,-0.6913359435683654,0.6530062507940053,-0.882899436046271,0.6014691066208189,-0.9748269377274843,0.4753318789096131,2,0,1
0.030193713556966477,-1.4158399616517252,0.060815371456836395,-1.4898619702926266,0.07710699999172736,-1.4945794964303714,0.0956278870011813,-1.499638022499411,0.03062374789684891,-1.4853168286100933,0.024296064446268452,-1.4848520702329964,0.018643090046193193,-1.4842014579342948,0.16506879419147316,-1.4686286540416729,0.05680715483372528,-1.4574832884670044,0.0679393598747164,-1.3420287069092918,0.03348051050299895,-1.3410170140527926,0.2869093856964398,-1.0591322228677518,-0.006633043292000178,-1.0345063311090013,0.0259862971189443,-0.7035605532515109,-0.25667403875491895,-0.7318774495211661,-0.3155351125994135,-0.6253271738338296,-0.5014468664081055,-0.6447393935138502,-0.4125988060343262,-0.5719899405143595,-0.588531785988367,-0.599037864762103,-0.4238904203564806,-0.6078618481264665,-0.5855707276974867,-0.6143671061018777,-0.3864739727402959,-0.6105849046533772,-0.5516565884896204,-0.6273255977834212,0.18960793764373007,0.0030656953889987466,0.01764140660967393,-0.054406416966910016,-0.33111669018115375,-0.21962264459567366,-0.4393170372881598,-0.33495130517857574,-0.614237459374098,0.6435761414419627,-0.753769762480297,0.5021610787948302,-0.6130397890229082,0.8560224968984351,-0.7399772760401712,0.6757073681625234,-0.8669134037534861,0.5897657467755356,-0.9651823054978451,0.45295625305007503,2,0,1
0.12122753467897587,-1.365677135556413,0.1525580078011348,-1.4337267951560249,0.17018570854372944,-1.4397818145919643,0.1884955327219997,-1.4472926485561093,0.12142030869340593,-1.4281809586216616,0.11439443730594738,-1.4281922037725034,0.10897674606194574,-1.4282213052342971,0.25074621632022276,-1.4290615404337312,0.14903296194496055,-1.4124815541022553,0.1624354517251241,-1.2953907413105246,0.12383764540512439,-1.2903715732694312,0.3876209566351828,-1.0320045939794267,0.07906835201546702,-1.02819384714802,0.21582693362942432,-0.6118846463737461,-0.13256637541102034,-0.7128941520232523,-0.13284367341639283,-0.6126375771877988,-0.3862347352454647,-0.6309095880017,-0.2120416643447414,-0.5728739823728419,-0.4502253278970052,-0.5887050540155657,-0.22805129909698532,-0.6010222013798708,-0.4470425794895305,-0.6055987306262921,-0.21249789617889253,-0.6038992299721533,-0.4192939958431855,-0.6127994579306856,0.22639515110512134,0.005303109687249143,0.06748213945587588,-0.06940893106684305,-0.28632638936684696,-0.19931983368360343,-0.39113341952753927,-0.3187628601706393,-0.6053577445478704,0.6478670932862379,-0.7229684293131314,0.4864682854355341,-0.6069510959209865,0.8496873990626842,-0.7368689186305726,0.6687576177961475,-0.8413206761685172,0.6012518651353266,-0.9657228141767663,0.41025483168443855,2,0,1
0.16548572978422124,-1.3436908884914065,0.19518404958420565,-1.4111532052124374,0.21124929222522748,-1.4162575768964472,0.2313183028582582,-1.4219442867490477,0.16491037349499924,-1.4032788192287713,0.15847691148265458,-1.402868989088478,0.15327745030883466,-1.4017637514057457,0.3014010486581332,-1.4080002997052736,0.19460622183326018,-1.3910089385699274,0.20125272384616727,-1.272589282596034,0.1678143410200674,-1.2643721666578667,0.45442085982778285,-1.033337576859976,0.13306830779608364,-1.0029398333922517,0.3808884477542992,-0.4834317826007422,-0.05970694236483547,-0.5934781880420884,0.04393825363965722,-0.5814223977550395,-0.2559046727204051,-0.6163799881025516,-0.04863825389013734,-0.5702342141060118,-0.31217466609402184,-0.5818607114916955,-0.06802761254921591,-0.5932925812666564,-0.3041898675578599,-0.5976942545961427,-0.039855173217297105,-0.5968825029930716,-0.2793652702765431,-0.6041856723859025,0.23251671464796506,0.00587327590685189,0.06037891131647296,-0.08327383133546641,-0.2733099419078882,-0.18072331994541155,-0.3675084697667911,-0.3056045508087538,-0.6058255922521218,0.6425771766133392,-0.7167015438209481,0.48621174770863873,-0.6133897480029504,0.8477974722827526,-0.7385727443427275,0.6818047113804772,-0.852648868124179,0.5737536405615683,-0.9686138065277864,0.41045081859910915,2,0,1
0.16740926844359194,-1.3462001635792376,0.19407090322395826,-1.4147601800247445,0.21218943626483253,-1.4204410201557518,0.23174042852062554,-1.427664361334915,0.16274809163314208,-1.4101841450706678,0.15476774172808241,-1.4103846424029838,0.14838494468106872,-1.4100235000586427,0.30012033719303505,-1.414011079976363,0.19603793960966187,-1.3920456549763767,0.20680906409285515,-1.273546479721531,0.171952803676005,-1.2569189795384215,0.47339526006349214,-1.0348169938476406,0.1453176135360797,-0.9940429419070461,0.5384888660822138,-0.4138366561989063,0.06665914270196295,-0.47287295667959434,0.20184908756003872,-0.5394022348134753,-0.08514742790763909,-0.5527142690945601,0.0970922280723327,-0.5426679007617722,-0.14607983382256737,-0.5661581558585917,0.10035579327816463,-0.5885921082148035,-0.14773348886173598,-0.5943884273948395,0.12078959166157836,-0.5959657142667532,-0.12209059060378082,-0.5974352454075238,0.24246138233083253,0.008054340877807348,0.07643105521036044,-0.07893345025672197,-0.27494975676140543,-0.15418377537418426,-0.36075989638470496,-0.29972889770739464,-0.6047440806019347,0.6531426754811405,-0.7199206227157577,0.4811111450037573,-0.6157354123246885,0.8681551496450838,-0.7408796067154072,0.668230455010533,-0.9055183773124839,0.5885660992549671,-0.9769649992644516,0.4012300420550437,2,0,1
0.1578449587199653,-1.3574566831449189,0.18887440780420647,-1.4219497857513823,0.20767135708817114,-1.4234256191195478,0.2266072025209944,-1.4297398331037354,0.15578746683518294,-1.411190771430634,0.14945113326857035,-1.4140298012989183,0.14277250225325824,-1.4146715163354153,0.290305915542994,-1.4225628318318873,0.18976808836341044,-1.3956498493942449,0.2023418970276971,-1.2805450414569453,0.16281309107646913,-1.2606177691537552,0.47360657004084816,-1.035212180577222,0.14576840815443923,-0.9950010040441463,0.638009192470248,-0.4469703077945033,0.062161823803778646,-0.4921892836447446,0.30848623512695483,-0.46914957602011226,-0.044272416755641225,-0.4496649425115942,0.21498465947406836,-0.43552694572252826,-0.07760131382739173,-0.4293018279334715,0.18882596715442662,-0.5058799458618639,-0.0689717109275785,-0.47115084215068587,0.22325046320818795,-0.5095513022520671,-0.05100022985925023,-0.4728607229440632,0.24781481557002416,-0.0042456298275196985,0.09516868941296201,-0.083713257229898,-0.26062763607394157,-0.11308633266707478,-0.35287099056341337,-0.24422258600632774,-0.6049600863565654,0.6834062185772807,-0.719995013713634,0.4813454395751415,-0.6223206220868538,0.8845765299204564,-0.7403596111687907,0.6657980423823014,-0.9213422817162096,0.5892272152659932,-0.9762261557822225,0.40464387213366215,2,0,1
0.15964195853909469,-1.3751087277854896,0.1906360657206904,-1.4384000821289196,0.20877239328597358,-1.439916571042436,0.22781673588845683,-1.4463479940988588,0.15628299491073713,-1.4252176760152304,0.1500084478872111,-1.4243555065930005,0.1441745624889784,-1.4227559765655757,0.29427112873211686,-1.4438199976884725,0.1918525191809785,-1.4054242333643656,0.20757052144985388,-1.3022848837881227,0.16709860570495272,-1.2827719520428709,0.479890261472751,-1.0486586623760634,0.14238596563970876,-0.9974781501295725,0.6055097179528914,-0.43683644971670477,0.07383083033110577,-0.4891173802955672,0.2755970110958083,-0.3544554632347091,-0.051301253897167935,-0.3876930397957777,0.1949371505580318,-0.3059713157285156,-0.09239770801958802,-0.34563852353625746,0.17522403041317963,-0.37277233107889124,-0.09364505475141942,-0.3899192089431863,0.2033769451974831,-0.3874971764541933,-0.06854785524200473,-0.39713427072557594,0.2804425589508284,-0.008121376102253237,0.11594256092952415,-0.08420878530545219,-0.22802436016419958,-0.07342826926770975,-0.31699203928539454,-0.17212485746331393,-0.6052247799071482,0.680925118153097,-0.7082123199470275,0.4825339655179545,-0.6205572341471635,0.8832767882000877,-0.7310414590328209,0.6706126969657783,-0.9127250361250137,0.5792032136618026,-0.9743692230162991,0.4052095897221627,2,0,1
0.1665103978147687,-1.392448565023844,0.1962433180788816,-1.4588347455239365,0.21378278763794867,-1.4632912853036837,0.2315669319076385,-1.4727424638669189,0.16276588615755103,-1.4493401928074547,0.1551152292464012,-1.4475638914802593,0.14871612055201267,-1.4445645873192086,0.29866612911494983,-1.4711363844659269,0.19703888160766408,-1.4270920325863041,0.211776455010842,-1.325306796888346,0.17401943996916414,-1.3066056167461655,0.4800793282945958,-1.065293453371257,0.1538439093358522,-1.0039662314460056,0.5652631995171701,-0.4306880708141615,0.09146124968159625,-0.49446352272267463,0.2419045620045365,-0.26399922271747284,-0.0713074894024227,-0.3837330166762741,0.1600230579368526,-0.19389448090825903,-0.1246829068055204,-0.3337334924143397,0.13425312654631144,-0.25059846296051574,-0.12340664397152447,-0.3639305531901188,0.15108773522184707,-0.27180113308609855,-0.10522953728780414,-0.375202025099227,0.3076123262615386,-0.007516609418522019,0.14167715041741977,-0.08499841732609839,-0.20454843954537613,-0.01568652043777126,-0.2998373763166705,-0.13851149514719294,-0.5977589883329133,0.6855309342209412,-0.6971960264608668,0.4761536399326643,-0.6205473483002696,0.8853446602241085,-0.7304520154117752,0.6498650229434848,-0.8746494496671815,0.5547505713698668,-0.9629502048423002,0.3666093119404395,1,0,1
0.16187541849858755,-1.4136903460312007,0.19325013078559644,-1.4796570576902786,0.21076760433532468,-1.484778358887094,0.22892889366401487,-1.4941497092366613,0.160401685872887,-1.4726121560475494,0.15323222255929528,-1.4702475850436267,0.14726586681268503,-1.4668573574244674,0.2945699284544835,-1.4830024282791572,0.19634094081695835,-1.4445466692217135,0.206397071423554,-1.346072636154307,0.16922381564095793,-1.332000256673999,0.47341033598000526,-1.0645371860838775,0.1498539815294947,-0.9975658870207554,0.5282446572384627,-0.41966127361567607,0.07126149872339439,-0.49756014068908666,0.15551659463029147,-0.2601726585310362,-0.09186288370263078,-0.3847906787208298,0.05905223066331841,-0.20363723016831967,-0.15828860759029867,-0.32393093378057125,0.025328888300503335,-0.26956248305698643,-0.14557936282356626,-0.3654063865582843,0.05303249134348135,-0.28378871102958,-0.12319978262527068,-0.3777373741082408,0.32586975545127145,0.01155566070143635,0.15244679202357897,-0.06349917179370007,-0.17975498268177495,0.0007778632715897195,-0.2667964045357034,-0.12916319117819688,-0.5713175607921075,0.6979945156923615,-0.6853016226243599,0.48598313749921845,-0.604602218699008,0.8913896084535249,-0.7299505558280847,0.6568061231938286,-0.8361818893800083,0.5569049445542089,-0.9382998456124875,0.3571352105697192,1,0,1
0.15380659026382792,-1.4205319699471752,0.18544797327079837,-1.4879472671089173,0.20229296208557254,-1.4931998647097917,0.21819879544543105,-1.4995228523830977,0.15427023648314944,-1.4785948234415345,0.14634747163624642,-1.4766903150374344,0.13909842725515922,-1.4737023178137685,0.2821043698136845,-1.4842139388159983,0.1794581386378152,-1.4511317554107925,0.19227192623545006,-1.3512503484649605,0.15569033838945087,-1.3456424782413383,0.44362502072735494,-1.0612642293234964,0.12322472289770574,-1.0047399225385356,0.40881571808325057,-0.4110851778621758,0.013268402236179783,-0.5028882414456128,0.06524991522724476,-0.2463374158030944,-0.19095787152805707,-0.3841665110625694,-0.0221775489478885,-0.18361147011544954,-0.2591373446546938,-0.3219396770699777,-0.04417899550249436,-0.2386845345763935,-0.253250569975579,-0.36145946218591507,-0.019710288709356108,-0.26315719570828927,-0.22579436025111957,-0.3728364655106151,0.32227798012856373,0.009892861253890932,0.15266057346265846,-0.05855501261591379,-0.1871048627011794,-0.011496651377985665,-0.2724288658034739,-0.1360889683658552,-0.5850934884386862,0.6895334664820884,-0.6603173689157075,0.489923141778762,-0.6104417884592047,0.893748124376225,-0.689794492891442,0.6575972380915088,-0.8427228599773235,0.5560196669648647,-0.9362538460247193,0.35545931237503947,1,0,1
0.10994976054247282,-1.4354319801721276,0.1456651010543985,-1.502820338401084,0.161315385272051,-1.5057949279449,0.1776895606285056,-1.5093013142650622,0.11411516213119614,-1.5005415889055087,0.10754305111616527,-1.5003487531045356,0.10164614344398429,-1.499518033032737,0.23877470287794386,-1.4865817845067044,0.14050666614518803,-1.4660485097889213,0.14403245343987933,-1.3618275867759482,0.10766415274061492,-1.3629577862220874,0.3822171055768325,-1.0510887271156577,0.06406361359998286,-1.008177972942044,0.30280409747854276,-0.42082755640297786,-0.0653559624261532,-0.5028045824662736,-0.05567697687855789,-0.31711439520108997,-0.27005477967191605,-0.39361169633112514,-0.1585715899576351,-0.2760036066006738,-0.3326811254521054,-0.33613476462485564,-0.17471517793529068,-0.30048541214094643,-0.3240562183295667,-0.37012045264961624,-0.1423770898684762,-0.32116339094263824,-0.30281919488602776,-0.3815709819605893,0.28378249232391534,-0.00951404478342423,0.10524360312865597,-0.07364378072999567,-0.19087161751390824,-0.12398226596730291,-0.32178197925163676,-0.21280487028533063,-0.578981563596564,0.6530554328823023,-0.6624225600117526,0.4798993873207437,-0.6017731364641608,0.8728049577316057,-0.6907751689033118,0.6452357279892676,-0.8209903084582304,0.5941911461375672,-0.9316496364069952,0.37207297237249753,1,0,1
0.0465926035306557,-1.4503423705363185,0.08480758042969111,-1.5175217048900131,0.1004400701229347,-1.5194614316236725,0.11768914292949494,-1.5211637744587934,0.052996902294663494,-1.518024214844936,0.04698185875210101,-1.5190965820867464,0.04157034616240802,-1.5196967147797462,0.1787201601671894,-1.4918568106227192,0.0820380604223793,-1.4814956398529053,0.08139053745083218,-1.3741227999174574,0.044551917585592904,-1.3783512855666722,0.30934704524523676,-1.0510706854450764,-0.004114623795792121,-1.0088009048694426,0.16739814686583634,-0.4580391198422876,-0.19008569268584724,-0.531450677437494,-0.1930702298631003,-0.38530140628598325,-0.39547380060628373,-0.43833761556753575,-0.2805925981684145,-0.3472979865104762,-0.4763368152977288,-0.4151628425597162,-0.28683180328929503,-0.3796895817236036,-0.4761395926521965,-0.43378641880378,-0.27179320584819944,-0.3960127213954687,-0.44293723442068733,-0.4397976315806711,0.21230707784286934,0.012874926969420513,0.03194548562655654,-0.06989679761105451,-0.22529907932173773,-0.2038497758765374,-0.40560209789520446,-0.333975695663239,-0.5851841910839373,0.6447246297048557,-0.6826781660049047,0.4681268265472035,-0.5993384995203781,0.8682035902948636,-0.7005940391844551,0.6263297872432982,-0.8240717269350432,0.6045317419885333,-0.9501964737645455,0.37332921636653343,1,0,1
-0.031228041779207346,-1.4719490628671443,0.010648405663137427,-1.5353965518049542,0.027696548631580192,-1.5349418646343802,0.04570782023365621,-1.5349270358640394,-0.022498838971938592,-1.5378109845491474,-0.028416259776424316,-1.5380973651763536,-0.033488687817658284,-1.5387667605841535,0.10523174011238334,-1.497298166112723,0.010525821161653699,-1.4943381581930752,0.00031596563585869743,-1.3918816117044819,-0.035280003274823744,-1.3935261223352737,0.22181133104661585,-1.0508209442379204,-0.07745426185484572,-1.0171928767245448,0.011593245480017054,-0.5117643726523414,-0.28279022193291714,-0.5708488666366369,-0.34983208122824416,-0.3966004349933081,-0.5123321724229227,-0.4662013693301941,-0.4354630398765927,-0.3452900474332493,-0.5806720434154122,-0.4317685938796592,-0.45066277662205806,-0.3899409578063528,-0.5853001026387676,-0.44702060204057575,-0.4305391466849388,-0.4119730504863296,-0.5600882273053843,-0.45708637134789293,0.15092758450216673,0.015574751756130701,-0.026135842044185675,-0.06710874164081672,-0.283560329405948,-0.2504511638417974,-0.44801213392364475,-0.3583769315513267,-0.6000374288957732,0.6418337609269218,-0.7106086492340966,0.4682600383340981,-0.5995307792424635,0.8516628384182476,-0.7306450365723776,0.6374773153469748,-0.8579133287413259,0.5612122080458589,-0.9610935192225492,0.3754643121494325,1,0,1
-0.11977137092248381,-1.5085048239381336,-0.07399619261137731,-1.5637043036662326,-0.05649527785519625,-1.5606242444933676,-0.03821511121760754,-1.5576301304019362,-0.10904448560414051,-1.5702970513866543,-0.11526515476209505,-1.5710266886739634,-0.12031039672437094,-1.5721831474009145,0.01940973747281119,-1.508574395585649,-0.07539405136216756,-1.5225293806340925,-0.09113528537124349,-1.4111126114536297,-0.12647100936244535,-1.415677092324149,0.12307421087874688,-1.054104775429885,-0.1739856024345246,-1.0217570486623488,-0.12736122987523646,-0.5621086658246988,-0.41791615593235526,-0.6024752973001805,-0.4738868552912607,-0.4012972008525758,-0.6617466152303857,-0.4711230382062969,-0.5656067541877032,-0.3410481541041848,-0.7405738869002149,-0.4273921294597522,-0.6001135499168558,-0.3772128063574359,-0.7435841272793919,-0.4399079823466237,-0.5581187194579572,-0.4074347053235358,-0.711005813133057,-0.4505067223746055,0.07443485557631996,0.03013017843028942,-0.10496434944487663,-0.03812343854805117,-0.3824583417320144,-0.3082235587971068,-0.5276384291686693,-0.3860277688865088,-0.6198115941451948,0.6333833390020596,-0.7296497789363393,0.46035284369605295,-0.6093629954169134,0.8374264774525879,-0.72893354932888,0.6001960566870634,-0.8734453535155108,0.5661919562724631,-0.9770437153203438,0.3802611722085004,1,0,1
-0.21715487150441248,-1.5213865767331636,-0.17180775036380966,-1.5782780809436878,-0.1547788847968099,-1.5765596736073646,-0.13691738377517568,-1.5736544085648916,-0.20481362738830364,-1.5824903167320707,-0.21133235483010773,-1.5839508888240939,-0.217043161434512,-1.5855332421925408,-0.07525985099058356,-1.514064377085062,-0.1735360435470268,-1.5397060396121554,-0.18804352386375037,-1.4189675346762236,-0.22614085918474897,-1.4282125315451788,0.00836576361534767,-1.0539089120883005,-0.2750031403346322,-1.0216694353442521,-0.28968065721792996,-0.6042771164696706,-0.5529773376346386,-0.6127115974664165,-0.614248828098026,-0.4225889671732895,-0.8093124046686988,-0.43099774496811133,-0.7148944110087525,-0.3390323063494428,-0.8684167939198683,-0.3967065842743308,-0.7477127040884357,-0.3772769407891598,-0.8679357238953963,-0.4102657647277619,-0.7130037427903039,-0.4032073936186398,-0.8448715487997016,-0.4138883097489267,-0.010351110308776824,0.04248798133994548,-0.18556736636301352,-0.014642822151953139,-0.4033335431792385,-0.32053909971129163,-0.5785223660083447,-0.42300194842728,-0.6439464064594933,0.6379696305222885,-0.7484618041368171,0.46650431192575054,-0.630695417282978,0.851760214010152,-0.7357839469339726,0.6032221144212707,-0.9069403328150779,0.6015237259249074,-0.9756666168480307,0.41609662576018636,1,0,1
-0.3307721684169031,-1.5521027062574129,-0.28448712755224637,-1.6074488054522562,-0.269211022639526,-1.6056081225471646,-0.2535740843151802,-1.6018330265511191,-0.31111959908427583,-1.608360156962783,-0.31571330498967515,-1.6083557701182238,-0.31983866889847834,-1.6082055670319804,-0.1929318280065864,-1.5315074596369138,-0.27478046163334824,-1.555285083945629,-0.3069334372170754,-1.4555957713622532,-0.3386563784609201,-1.4625214867633682,-0.116637804603306,-1.0618708496035203,-0.37648383016171666,-1.022405189499327,-0.4403125420703704,-0.6313244228519832,-0.6483312738492601,-0.6559967780911348,-0.8094594566412447,-0.421443691810637,-0.9143571894471881,-0.4290156326658946,-0.9061196839498022,-0.3377729730282526,-1.0153831303171557,-0.3795758944843244,-0.9177827589689931,-0.37624893628528566,-1.000255436680929,-0.3874471293542932,-0.8900713708215862,-0.4016711330113356,-0.9696316780385943,-0.3925846804119404,-0.09582859118409834,0.052719091436562254,-0.26073465036656746,0.011030969377545309,-0.5627504858738979,-0.4105311997168617,-0.6837013511584181,-0.45374853871727094,-0.658174117309121,0.5921274755984762,-0.7466371239463849,0.4645207167464997,-0.643531448036124,0.827753423413129,-0.7349263497159313,0.6050121941475745,-0.9344442417508001,0.6004889249012938,-0.9735652565176568,0.47951359214571126,1,0,1
-0.4434599485751996,-1.56750646216815,-0.3930337264467094,-1.6211937162542054,-0.37572484426644137,-1.6192373071539128,-0.3565897990187071,-1.6149390027110102,-0.42186851752051613,-1.6230709767928044,-0.42613351901669494,-1.623203508927725,-0.43028211466569877,-1.623198566004278,-0.291336042280305,-1.5381490805129172,-0.38703351167448774,-1.5714384959836354,-0.4179757181598907,-1.473564966328487,-0.4550214465175561,-1.482222867465034,-0.22972843302252682,-1.062026922411357,-0.46682613629350134,-1.019463532182976,-0.612288711805148,-0.6497604151512363,-0.7174748641942195,-0.6509638934374762,-0.9592987437189708,-0.438335638398157,-1.0407096814745076,-0.4152730697525826,-1.0611841354032723,-0.35162922318084383,-1.133739331511299,-0.3461324451616914,-1.0724263204909574,-0.38142912005766255,-1.1305544823613594,-0.36286955467223647,-1.0417427524749148,-0.40395426935147005,-1.0918102419342444,-0.3758974944282093,-0.17883609321299165,0.06872501899622098,-0.33385506977074997,0.0615145294180198,-0.645750079225276,-0.4545185226172156,-0.7377220672175118,-0.4691641576442807,-0.6656307644749789,0.5081607992747071,-0.7121753088205993,0.41454899642895426,-0.6416565971727055,0.7356010187150804,-0.6934391574950318,0.5948782124966897,-0.9313124054548287,0.5678611815204895,-0.9120236352878951,0.5098799480495475,1,0,1
-0.5316330527523014,-1.5778787545157196,-0.48957643575031623,-1.6364537566657233,-0.4782106775764579,-1.6322025335686527,-0.465331149096979,-1.6263694513954803,-0.5052936965806746,-1.6414037237785597,-0.5055796447020792,-1.6414701443123778,-0.5057771144937838,-1.6419926731072607,-0.3955961379615951,-1.5432233621504436,-0.4573935554797352,-1.5793444548908189,-0.5144934657000906,-1.4885880553472681,-0.5370932531379466,-1.495461561119475,-0.33444401909945104,-1.0625386385612,-0.5268806790042558,-1.017356487490638,-0.7502533667401549,-0.6412940522982578,-0.804767633705424,-0.6564595592988531,-1.1162332266854986,-0.4345328002442656,-1.1452189004975226,-0.40063867987635926,-1.2089798943549535,-0.34017226806938977,-1.21565160527744,-0.34377071633875084,-1.2197665890470046,-0.38125376984838294,-1.230465546847873,-0.35480134430290766,-1.1931352296727507,-0.4012831135207521,-1.2009098303893322,-0.3559746707561214,-0.2563831477100674,0.09667848681944104,-0.3859945091659442,0.08783831538078883,-0.7406522322368486,-0.47297403946408395,-0.8032830266481402,-0.48951120772120094,-0.7350096379760119,0.46189602439618277,-0.7047085286616751,0.38914558281200257,-0.6893118164168498,0.6335014748724411,-0.6472003329646038,0.5235028922154439,-0.9352246057899833,0.5304133463404168,-0.8355858963853954,0.5120686745518457,1,0,1
-0.5913796513323125,-1.6078210075878097,-0.5434592442452407,-1.6651324749316934,-0.5311800338183907,-1.6587898391376859,-0.518329174294904,-1.6520958232731453,-0.5584570625678992,-1.674035112565406,-0.5580369140749106,-1.674230728760818,-0.5571553436781517,-1.6750838155612142,-0.4590847767371004,-1.5542509625739893,-0.505009231336304,-1.5946956304533892,-0.5834971713115019,-1.512067868518306,-0.5987332385443022,-1.5188918214829576,-0.3986360358814537,-1.0712493054055425,-0.5937967408978586,-1.0102610444556641,-0.8304484689008343,-0.6389912678374218,-0.8936662354714482,-0.6471354756547469,-1.1969174311212512,-0.434019106925044,-1.2334469946979716,-0.3767073924349879,-1.2914938454776714,-0.33780349558053735,-1.307122875124502,-0.31069600910525846,-1.299011537748099,-0.3710058538120466,-1.3091041224151156,-0.32489752246061737,-1.2773788332826337,-0.3862735557549071,-1.282463618632485,-0.33276665658812127,-0.29819509000142985,0.09643183493943949,-0.4389648539925664,0.10828175246492407,-0.7839769562491423,-0.47204860062173354,-0.9207461651485105,-0.42452721102991475,-0.7518383151434113,0.4478418101595422,-0.7820719535526977,0.45679492739895666,-0.7048138129310946,0.6528962707473113,-0.7086895592058281,0.5803297059153567,-0.9479276719024071,0.5802889267969196,-0.8961851492600009,0.6009147577562464,1,0,1
-0.6166990352506665,-1.6380315378299817,-0.5690833593940976,-1.6877838541330268,-0.5574781165792357,-1.681040594393646,-0.5447098038773126,-1.674906055676754,-0.5848594410134743,-1.6977196863402328,-0.5844266880656961,-1.6971133132063814,-0.582885484534945,-1.6971978989838667,-0.4867700909633248,-1.5796260779542073,-0.5265860807668191,-1.6176231337157765,-0.6061083274732859,-1.5350903994839602,-0.6228445719722278,-1.5423639113361096,-0.4353753029854098,-1.08232318394986,-0.6232657090499057,-1.0125375078491452,-0.8636613308446682,-0.6453039989445752,-0.9299383963096699,-0.6481696588129298,-1.22555808887668,-0.43353049894231543,-1.259688357412263,-0.38385275899677584,-1.3089768421363575,-0.3390462701081804,-1.3227593191565032,-0.325784530073168,-1.3244768614812235,-0.3711445028147328,-1.3266199895147237,-0.3329080241987033,-1.2955403697574963,-0.38420494229236923,-1.310741960099254,-0.33557782072547343,-0.322368209972442,0.09523762463466252,-0.46342293350029373,0.1052159041969691,-0.8157404294652518,-0.47249111584331943,-0.9948828496133807,-0.3970852122103652,-0.7392202673142746,0.42207336164603515,-0.7307196747164262,0.38964901956507186,-0.6912022374891261,0.5781160176496515,-0.6341361862943822,0.504433834995726,-0.9473106714831447,0.6135624631260646,-0.7720734080042586,0.5957152965824264,2,0,1
-0.5767960499945063,-1.6403508192978218,-0.5294139272708046,-1.6907783389437168,-0.5167768491863973,-1.6851111536387315,-0.502964096760139,-1.679410171094678,-0.5486858914980187,-1.701156192080164,-0.5500721343787087,-1.7017270997382838,-0.5511143497874927,-1.7026896722930294,-0.44365321688197434,-1.5927117881279662,-0.5049412661389089,-1.6364520884290599,-0.562580696453496,-1.542428478273635,-0.5868502034317232,-1.550228349686339,-0.38525480067211193,-1.090488646338007,-0.6001970853231089,-1.0292789424177062,-0.7930991214704416,-0.67387471433323,-0.880817970982771,-0.6932551757301041,-1.1541359343957744,-0.4962413687134472,-1.2044099144820994,-0.4991406404612408,-1.2478241054087824,-0.39798297068141286,-1.2748554708629787,-0.4305509046885093,-1.2618424834504327,-0.4311928668711787,-1.2779976872981886,-0.43707741723474236,-1.2303770685181727,-0.45393105616554863,-1.2549244913672033,-0.44579512774499697,-0.29790296322571663,0.07833851080814454,-0.4385123293510005,0.0770241874636073,-0.8185396070132452,-0.4694289747679497,-0.9934496489599449,-0.32324806890637864,-0.7219069365029044,0.430235858280114,-0.6916960355414739,0.3787110714155449,-0.6611331984306223,0.5808936934806508,-0.6280904966264488,0.4886795022395158,-0.9057248679394792,0.743622642030922,-0.7502765984803554,0.6541001197528098,2,0,1
-0.4726993179331371,-1.639156732566131,-0.42595063084915874,-1.6886605433928819,-0.40970373577146246,-1.6836935231941534,-0.39074465859843865,-1.6787412081926798,-0.4547681216909012,-1.6985356394282338,-0.4590375718181823,-1.6990124461812328,-0.4622299589263785,-1.6999294820537236,-0.32313189164499184,-1.5933701855310964,-0.4098156929875353,-1.6347427019280272,-0.453690070087127,-1.5380714766148005,-0.48145718969639795,-1.5479745619541707,-0.2481111653216392,-1.0925985332113268,-0.502024694159051,-1.0341794802960735,-0.6319425168686371,-0.6968604205192047,-0.7499889203357445,-0.700176998579005,-1.0043531202184295,-0.5595839441010959,-1.0586559536332565,-0.5579715624727091,-1.0889857319035856,-0.5019602075684527,-1.1343578148075955,-0.5209683432566873,-1.1040554697623968,-0.539633316484619,-1.1401044576069899,-0.5314615518690772,-1.0756502187361279,-0.5522490164251184,-1.1134051330353407,-0.5340453415278709,-0.21056694313435145,0.06518465007736128,-0.36728109528823255,0.07006257408095877,-0.6877567727004473,-0.5060226727763938,-0.8134958479280033,-0.44139827376587143,-0.6724819035185887,0.47944463836362666,-0.7940726302433133,0.4298379529426366,-0.6445420287348478,0.7329805278496935,-0.7324175689204447,0.6010966573390931,-0.9076493951835393,0.6102541644630379,-1.0027420978939907,0.5753163458093135,2,0,1
-0.3167471174285994,-1.5720961519482486,-0.27856402238579664,-1.632690276539778,-0.26101417268749105,-1.6301221806629285,-0.23988070349016513,-1.6281935755070245,-0.30880285086470227,-1.6358519557360602,-0.3132752079994796,-1.636040960771362,-0.31763857367225223,-1.6368643900310766,-0.17127539750857587,-1.554922520510797,-0.2815651183565969,-1.586639283100333,-0.29354429333021853,-1.4687140430442185,-0.32218828755897394,-1.4786275085228273,-0.08714362754167956,-1.0861655654913267,-0.3375182703372657,-1.0380921749235728,-0.4471189476567855,-0.7094150753551345,-0.5942890560731723,-0.6983829645139437,-0.8363000252503898,-0.5542403967087981,-0.9006664036569827,-0.5386164335585005,-0.9211627300220001,-0.5097103408139719,-0.9677279110730113,-0.5078866492082291,-0.9277987283225825,-0.5361864923919923,-0.9660447220662473,-0.5135580359981441,-0.9025005989750503,-0.539669029106523,-0.9386409073303252,-0.5118596475017809,-0.06944549013996622,0.05092530451767334,-0.23745743527031038,0.04032940667067353,-0.5552552839051538,-0.4523422769966209,-0.6693651431391305,-0.4401464784029378,-0.6526266743246375,0.546510965130016,-0.7789581589273075,0.46101247683004504,-0.61979528249782,0.8086818947316876,-0.7463368413469842,0.6430022680297748,-0.8915673466027979,0.6363743019797936,-1.0286825601434508,0.5564571156899175,2,0,1
-0.16722343601295947,-1.5543223260312542,-0.13334538014625566,-1.6159629910895839,-0.11567393453115571,-1.614239331897098,-0.09641235044318014,-1.612682496370946,-0.16015653836089144,-1.6180722600974726,-0.16500356909294567,-1.6181299069421724,-0.17015903824808798,-1.6185402931613533,-0.027649365203633973,-1.5492694843241788,-0.13534973560398356,-1.570275364310031,-0.14294132457994263,-1.4562465072340407,-0.1736203203917969,-1.461830960357833,0.06625036293290229,-1.1075037952924416,-0.19690247841150088,-1.0474494997278594,-0.26116913333755215,-0.7639383631556943,-0.44304128295924505,-0.738179059050564,-0.6295187543564377,-0.6121929612237479,-0.7102581959617096,-0.5741585246036115,-0.724122354791816,-0.5401720951403338,-0.7863797113366924,-0.5199561561078433,-0.7322727412634498,-0.5564413569466274,-0.7698552711074512,-0.5240465488332595,-0.7037365027658373,-0.5717588588432158,-0.7448527285820451,-0.5373942957362484,0.06922105992450393,0.012844033697877235,-0.10533111436463845,-0.013652754585534152,-0.4056777246239424,-0.34403503917007516,-0.5594780234058615,-0.43608932683770213,-0.6225129018089391,0.5990132151062144,-0.7502630054408764,0.4896055589472971,-0.6117536403420184,0.8577423871117925,-0.7173218807135371,0.6539461476874381,-0.8498204037547625,0.6656475303633426,-0.9926600169392987,0.5441277345900813,2,0,1
-0.026347399167714048,-1.4989087559313603,0.007216039621593021,-1.5707639722927593,0.023860098598249706,-1.5739482653638113,0.04468142217990233,-1.5768272711254725,-0.020863719895695954,-1.5658739381267168,-0.02669562812454988,-1.5650399433681346,-0.032053015702499056,-1.564396436521888,0.11094921966344097,-1.5323103139777805,0.0026327138554322334,-1.5306635172448946,0.003415920075597428,-1.417191913001002,-0.028331982931654252,-1.414772599119905,0.22408285151665003,-1.1081235143195998,-0.05894993363893898,-1.0573696999396647,-0.08490868470515263,-0.7758484607741452,-0.2817420750159968,-0.7676652038615892,-0.459153730519185,-0.6479338813645115,-0.5414336342166911,-0.6216077475131051,-0.5381179211684941,-0.5865026109007023,-0.6439617295221788,-0.562253740627866,-0.5509149028264094,-0.6023821231932059,-0.6420409094707039,-0.5708704919267172,-0.5200302813991631,-0.6146310582139435,-0.6055584272398156,-0.5867679223167159,0.18829213142215875,-0.02274007219653259,0.01839619102001931,-0.0726324585927549,-0.32371095512679904,-0.21920768617230435,-0.4454114147520454,-0.3379821822631437,-0.6150599618356662,0.6185530857842518,-0.7428545517786259,0.4917525177464688,-0.6124562769099988,0.8436933629447712,-0.7160196675314449,0.6489369890663247,-0.8560185826110336,0.5697627241705214,-0.9893792750744888,0.477764538684017,2,0,1
0.10013879893884464,-1.4400812321797618,0.13165735029815903,-1.5165749496902978,0.1485381753079234,-1.5213751462226925,0.1672990412507255,-1.5255502482986805,0.10296812831986425,-1.5082850492043747,0.09790237322528363,-1.5078536555605442,0.09359387400277185,-1.507494428599039,0.23536902862301284,-1.4894861845375742,0.13181997247956284,-1.4827497831044762,0.13977214772097504,-1.3667388755128123,0.10586295143655561,-1.3658004614964137,0.36657250572114397,-1.097960987285809,0.07011498762988025,-1.0595553371148085,0.08314651100535213,-0.7603887262553716,-0.16451199535614902,-0.7678107729571011,-0.23274065057108265,-0.6441776302641073,-0.4536994616416761,-0.6411284643627857,-0.357145136467969,-0.5968680449419892,-0.5509836094623216,-0.6001946324217695,-0.36457286753166257,-0.6220334567949715,-0.5448173124622833,-0.6116784028929231,-0.3277251032580465,-0.6248540124868728,-0.5067390073965553,-0.6170588986379867,0.2869768566014903,-0.029113724835169448,0.11245186839130604,-0.09018477975278397,-0.23989948659926347,-0.07451793674158427,-0.3420437638990975,-0.21327321228192672,-0.6181861137696737,0.6449757302159594,-0.7025366080990965,0.4924482342216234,-0.6301993949150791,0.8609248883730949,-0.7249394200375926,0.6445232055743935,-0.8477661247702206,0.5759821575976142,-0.9798081688311225,0.42228936740066575,2,0,1
0.20720721657650493,-1.3443883349897674,0.23251251316303514,-1.418249080753213,0.24894328499295704,-1.421706037838906,0.2664259109323845,-1.4273600626102136,0.1994619026813465,-1.4150276539697662,0.19191133996999693,-1.414385073921666,0.18566150756370553,-1.4136983164952588,0.3313188342591611,-1.4258283124205549,0.22203648120962327,-1.4079233136725877,0.24744582633471127,-1.2677223565971059,0.20996190781347598,-1.2559446057539465,0.4789212013309814,-1.0865157716175413,0.17201903885019376,-1.0569740189177383,0.32913999360375673,-0.6784969656215353,-0.03639908114320746,-0.7413458665299224,-0.021452669224397012,-0.6555808310830761,-0.2928275694304145,-0.6329448367309712,-0.11800106288996778,-0.6186285239785575,-0.3640840124027617,-0.5992201350642083,-0.1326943971282957,-0.6442543691506208,-0.3587214347551933,-0.6161139352480208,-0.10133303073459352,-0.6426899338796692,-0.32291415586715483,-0.6175300828155648,0.3466448626986953,-0.02678066496822106,0.16116067176816226,-0.11363351429264934,-0.17596450183650084,0.05387474693845322,-0.28595369293894884,-0.10023324882803689,-0.6026813986475331,0.7443381301998643,-0.6934196329474165,0.48431341795884736,-0.6268535300338559,0.8993815742286849,-0.7285578871469137,0.6432590529028425,-0.847743510895451,0.6077434064981726,-0.9585931413969224,0.39134221799181584,2,0,1
0.2561567403252264,-1.3076893527119038,0.27954442976052224,-1.3826688056244747,0.29742001811398017,-1.3910988379901184,0.3176237234109396,-1.4026884488095792,0.2530607402242452,-1.3708528706976877,0.24696413844480847,-1.3686121199261105,0.2399985707234024,-1.3656561281317636,0.3899080473140748,-1.403862454914767,0.2750362364307547,-1.360866064592435,0.2995580796509474,-1.2379539708572613,0.2592228357393537,-1.225575901961473,0.5470804084714858,-1.0549853572419545,0.22903590795664078,-0.9987650402489793,0.4589335017886526,-0.5383084894277571,0.05429639686885996,-0.5764499403405196,0.13072091345113918,-0.5821860794275893,-0.12909520742041758,-0.5868327981869569,0.034796316724570266,-0.5464896455978481,-0.2024605486813952,-0.584560783424578,0.02767900125334361,-0.5920777342564885,-0.2023038580081277,-0.6007990283862422,0.0646673916990247,-0.5927806179706412,-0.16919393244507594,-0.5937224920334526,0.35382099895894037,-0.07969787336778884,0.1751686696705741,-0.16588738236563985,-0.14577955122316671,0.10540324099560755,-0.2504392822651407,-0.029639157597577525,-0.5783080902769205,0.7545418070713507,-0.6853747778913744,0.4837924338275415,-0.617744463559691,0.9533694198468565,-0.706924194096759,0.5984494746870926,-0.8412293556578353,0.7058102662466386,-0.9615315858130329,0.37450390212369505,2,0,1
0.25583520315500397,-1.2963794495729957,0.2781604111953834,-1.3678805672559657,0.29642550191645894,-1.377221889345593,0.3138248395958057,-1.3872542321331003,0.2483538413719113,-1.3558323149271734,0.24190011337343426,-1.3558289784538466,0.2351816918243744,-1.3555232586386543,0.38995451079447585,-1.4000770405660259,0.2706469204098857,-1.3447181515567634,0.29641462748487574,-1.2281388077687032,0.26304247983296464,-1.2237122962488962,0.5723545646403003,-1.0289214454794073,0.25267667507241914,-0.9923384983294603,0.6262707378684916,-0.38548169941870986,0.17050156135198793,-0.48776833291381533,0.2938502388006113,-0.5419055783931702,0.01921226768110655,-0.5715082526244567,0.20606960274519526,-0.5423721903665599,-0.05646710319154878,-0.5647583199384227,0.20837547653318556,-0.597265455987122,-0.05398427274415858,-0.5999998812379607,0.2261527007100497,-0.5954740169568703,-0.0319714574656248,-0.5931655481340704,0.35288728071981634,-0.058969723893110754,0.1694721975441659,-0.15305580024359608,-0.12959543127324635,0.13082766203720866,-0.24316774758236998,-0.014094899087861554,-0.5770483862364718,0.7390580993738595,-0.6834102129673942,0.4835961997666986,-0.618179193676848,0.9463719702692178,-0.708635187047912,0.6532600699130049,-0.8462095981767841,0.6330877521799335,-0.9541055847725457,0.3524058214157018,2,0,1
0.2344560706623659,-1.3133262626107765,0.2599232479917829,-1.393513517880484,0.2777976006143791,-1.400757372191952,0.2969939381128553,-1.4121254782544475,0.23359081191298176,-1.3752494157440978,0.22808315946224608,-1.3691851283266954,0.22256240826437604,-1.3618936983770507,0.36991540484829905,-1.41969031365725,0.26635572141943814,-1.350846017327002,0.27545514919288155,-1.2484151740403324,0.24204123383784396,-1.241789803025161,0.5578379399152,-1.0336926023365514,0.235173536000687,-0.9923887925755328,0.7067108854590523,-0.45008200167742846,0.18073094142539828,-0.4867717159738292,0.38224651597134174,-0.5234830555603102,0.050825476024429536,-0.5285694473602817,0.28975799247890244,-0.5231379159306286,0.007058113217463781,-0.5109934001677073,0.2811919061453822,-0.593609299086518,0.018972288747758366,-0.5556019249722535,0.30460208588236154,-0.5867995570267763,0.04339502635284021,-0.5691357729430191,0.3462479459459073,-0.05598419813116833,0.175780356447131,-0.14743149479951298,-0.1492111758261941,0.12996462760337563,-0.25243498760683647,-0.03546365144126107,-0.5733335321199357,0.7362586746796937,-0.6818195802021739,0.4910308509232178,-0.6178235503348418,0.935381379984981,-0.7006768331521911,0.6934885466781451,-0.8465694430037203,0.6305322607578735,-0.9490348867545182,0.35820016342635913,1,0,1
0.22177104622052343,-1.3432481261236482,0.24845442986405622,-1.4206970635903025,0.2661639359896975,-1.4238128971716144,0.2855130098226836,-1.4319705126687894,0.22117146960641149,-1.4085715780826518,0.21565664991667777,-1.4029847770702222,0.2100437131965226,-1.3967765887939712,0.3586151404101125,-1.4344904150420317,0.25367465131635325,-1.3762003106421998,0.26292384967023846,-1.273264485938884,0.22783650758224452,-1.271230843659733,0.542523527345766,-1.0213799036033484,0.21925262672431536,-0.9915428112275917,0.6013087273153502,-0.37836117104724265,0.15208422858874707,-0.4824282455679304,0.25812525958796406,-0.38751991390204915,-0.029976246416273705,-0.39735163578415444,0.16924111587302218,-0.3485293923141913,-0.08609202057834636,-0.35365755181728936,0.15892375176225657,-0.3989383142106172,-0.07951027086259399,-0.39978997992052234,0.18440625215435902,-0.416583933050707,-0.054726205553541955,-0.4048375697714355,0.3451931260823336,-0.011702771285722419,0.17688188693727813,-0.11679970390657686,-0.15260548135719718,0.11454493076452216,-0.24757634100468198,-0.04004500003804309,-0.5700867728538233,0.7376562862843117,-0.6790629117958241,0.4915189646136016,-0.6104042222410081,0.9201203509887739,-0.7054961835129425,0.691334173493803,-0.8484509668137921,0.6369328523292961,-0.9456779002955394,0.36041706459230477,1,0,1
0.19890928383998036,-1.3658016972272755,0.23022912967672837,-1.4399911473999416,0.24839758624441657,-1.4422563038560379,0.26882347595031525,-1.4467795113157753,0.19954914528018472,-1.4311989223187245,0.19302127343000383,-1.4261778388947954,0.18830275870756966,-1.420506266745251,0.33291613997103475,-1.4360180873198467,0.23372451799222105,-1.3876779024590449,0.2411962410745922,-1.2846019458760085,0.20511858427400698,-1.2788377556983777,0.49704863163406016,-1.0049149020285566,0.17198246121668653,-0.9712466732621747,0.44745677498341085,-0.36982227079268054,0.04977658766899215,-0.4787028877390695,0.10718691348181435,-0.28344320068063994,-0.16833584093468984,-0.3469245486440611,0.017499050414402504,-0.21981418287924198,-0.2414629332855257,-0.27909219231648463,-0.0012768914449127382,-0.2669125817970902,-0.23889434311633134,-0.3250218369853075,0.020989001514103583,-0.2976261780730729,-0.2091989890704151,-0.33991498890397737,0.3381924636044543,0.019838764667620162,0.16701062166759748,-0.046991784650350844,-0.15389558437684447,-0.010403029565353609,-0.25030063326245444,-0.0516818775629652,-0.592265176067829,0.6973628100758446,-0.6912674840786255,0.5020370114163123,-0.6224560581892995,0.9043751626409404,-0.7391938226738336,0.6907635129818556,-0.8528606723938796,0.5582699328640771,-0.9449016141681998,0.35212160331750364,1,0,1
0.14217589139321446,-1.4059408924376555,0.18232997716047838,-1.4710932574588524,0.20148083976324285,-1.4755148878417559,0.2217799434827279,-1.4804128306853133,0.14939231247955195,-1.467749987612439,0.14401910754657263,-1.4669495429467525,0.13864343115186983,-1.4659044853569865,0.27864481769318195,-1.454237394212495,0.18320042597948177,-1.435577734627269,0.18318090143186644,-1.3279162897490637,0.14340742077001573,-1.3270017253382964,0.4234793947808969,-1.0078413598553084,0.10539930521723409,-0.9743262381426949,0.33054847963995787,-0.3794964369899151,-0.05083513621612295,-0.48169014352421835,-0.01828227812553961,-0.2826916291705351,-0.2697962647756419,-0.36444498794785746,-0.1126740742912172,-0.23423837493588484,-0.3351950963172112,-0.30708619211196947,-0.13495133597416145,-0.27695314219482803,-0.3322486196504995,-0.3378870309867904,-0.09715082320615066,-0.29881272684650717,-0.3062518080737445,-0.3501105099517763,0.29424962701512275,0.016709894125716922,0.11834581030941886,-0.051887997470701955,-0.18419100932921736,-0.08541881296525933,-0.2931080803360274,-0.1754306846646171,-0.5918801223313136,0.6695499684246895,-0.6798582281784342,0.5098532562629341,-0.6197809480198239,0.8937142653506135,-0.7049880509825986,0.6792460070581766,-0.849772951689672,0.5507717651412649,-0.9391526234801681,0.3880618468462644,1,0,1
0.08037526097483387,-1.4426515523721626,0.12024414005921025,-1.5061437129806237,0.13726435551017788,-1.508635131757503,0.15546938971137333,-1.5111011562651737,0.09004856216046521,-1.5031662194692825,0.08506238813338007,-1.50261187060471,0.0808774619970414,-1.5016564652889626,0.21550218355896136,-1.4761766217182128,0.12629724411231405,-1.4639205194584772,0.11741579926288001,-1.362284312902444,0.0823257385669903,-1.3670490439591068,0.36055548500920276,-1.0165189091125568,0.027918980186691797,-0.9863884542302249,0.1911558141211345,-0.42348437775569986,-0.17131123370356607,-0.5026503632547296,-0.198649307557644,-0.33904095646547494,-0.37626189289894973,-0.4046226761745805,-0.30028322801158314,-0.3234742076540755,-0.4626103168856194,-0.36189406872998586,-0.3070253755931882,-0.3539945356232834,-0.46712740747759135,-0.3786762824169841,-0.2785229961211872,-0.35390519228198025,-0.425066341844504,-0.3914196333555003,0.2453759771413116,0.015447965769717086,0.0655543993115753,-0.05348431459788624,-0.20635087658029716,-0.19466112833487703,-0.3681095292579371,-0.28248130777786845,-0.5915336233976842,0.6654475891099144,-0.6820205100402914,0.5099763350567625,-0.6065788937854332,0.8833514263441362,-0.7235865418901694,0.6797034746231896,-0.8445951158059324,0.6052689790206421,-0.9464199566780089,0.3729901318180744,1,0,1
0.014991505349777681,-1.4559416524304516,0.05491871093082776,-1.5202552033427055,0.07162332071970927,-1.521429085874807,0.08911682109071993,-1.5234378281770942,0.023493333678487903,-1.5215909666176939,0.017871005403783575,-1.5223227046474679,0.01296984965998554,-1.5233440362046888,0.15110033967663672,-1.485308734572949,0.05496344438802243,-1.4790607557629503,0.048617224974515996,-1.3770153987185978,0.012998271469805357,-1.3801917831121346,0.2647465526912919,-1.0262463353099318,-0.02997253922368851,-1.0076595838455478,0.03391870066656882,-0.5153966799473139,-0.2589779353735305,-0.5647767323282625,-0.3175196963633537,-0.3216361815703366,-0.5017585177314341,-0.42902638352439165,-0.3980102617730731,-0.26951305382251717,-0.5663677172523572,-0.3888045797059049,-0.4104283683487816,-0.3021052081545036,-0.568280628626317,-0.3947479508584869,-0.38307052280091597,-0.3260064673359349,-0.5418184408070341,-0.4048388055022972,0.18707098218459606,0.015166219133242387,0.01138193550266103,-0.07333039938346064,-0.2608429003900551,-0.2181301288608748,-0.41561769652953534,-0.32736379411446037,-0.5913037774574023,0.6351800916750167,-0.7000681121297023,0.4778569713524745,-0.6010082190607492,0.8482069934903304,-0.7476150813503589,0.6521901741329181,-0.8436754848986321,0.5857632145143885,-0.9524283272739181,0.35871521604952866,1,0,1
-0.05652691256525657,-1.4749384811813013,-0.015005614172573324,-1.5385147332749034,0.002121862717192581,-1.5388114940413482,0.019823460165318774,-1.5391214153414703,-0.05023481816349396,-1.5401040067361758,-0.05785804184951335,-1.5410861038385366,-0.06500279054587044,-1.5419924506390734,0.07826957558644401,-1.4944653148987475,-0.02593318218286177,-1.4990724902705397,-0.025806643342620502,-1.3951226248220872,-0.06695104382247574,-1.3954599175607967,0.17542866744388233,-1.0380212439721093,-0.11144303920676064,-1.0169101415033808,-0.07996131262712586,-0.5702013436650898,-0.35925971911856336,-0.6095790197319281,-0.39778684163327205,-0.3242240491409739,-0.6148424732040016,-0.4443312809661903,-0.48294995257736917,-0.26493195237190753,-0.6793258753232004,-0.39171534375071254,-0.49880314380251795,-0.29865183468830975,-0.6811883688780016,-0.39584083123260194,-0.4677830862728259,-0.32357133609980754,-0.651275773346593,-0.40618105636430957,0.133401213690234,0.017226676772092886,-0.0432719690499837,-0.06820434062282754,-0.2908684417222259,-0.2186535844539041,-0.4618654183221678,-0.31579784754100165,-0.6010707470423527,0.6380786219842932,-0.7057895460195175,0.4626797249086927,-0.6018309686684897,0.8469502552039497,-0.747072595502059,0.6524224915349236,-0.8444695655503806,0.5865184932170786,-0.954288472940082,0.3581163808739337,1,0,1
-0.14098565691816695,-1.5073272342134467,-0.09855263629569846,-1.566692053743726,-0.08250592961760261,-1.5647509059195757,-0.06345392548377662,-1.5628120441975195,-0.12971307285128317,-1.5701267058873647,-0.1355128520777321,-1.5701166964673847,-0.14079436578077095,-1.5702439149596,0.0014204618800739877,-1.5066635231676109,-0.09853237030956608,-1.52405730005808,-0.11177174361598113,-1.4108529843995798,-0.14887307986242443,-1.4185664782250487,0.08642614071238656,-1.0519417521295107,-0.19867155071315518,-1.0194238652223142,-0.20520510692530006,-0.5933449762551938,-0.45713775919135685,-0.6358637565994664,-0.5526429488634542,-0.34189005754028223,-0.7217959678715209,-0.4441044007799764,-0.6503494694926394,-0.266902448804024,-0.7940152923313291,-0.39264362477404496,-0.6796703970874511,-0.29072214974858107,-0.7954040066737424,-0.39601222710312406,-0.6501599083784498,-0.319101697572926,-0.7672108070633467,-0.4021730868873708,0.06506430845181274,0.022342355393487445,-0.10642869051602803,-0.05631092537101004,-0.3657962410847764,-0.26038816999332215,-0.5166021168425485,-0.37702349238941874,-0.6226095359623265,0.6346946965925286,-0.7287642542008228,0.44417984532388816,-0.611138740665221,0.8472581993346932,-0.7494479173644786,0.6474790737956543,-0.859803626240516,0.5971032694863228,-0.9670538198879369,0.3745886732608098,1,0,1
-0.23370723925112874,-1.5273389069344931,-0.18951577361241684,-1.5872338550044551,-0.17493662090571288,-1.585695617227772,-0.15784720452648832,-1.5832909467573864,-0.21745935558874305,-1.5908428687726839,-0.22275989954705258,-1.591381091349511,-0.2276400478662012,-1.5917274667100543,-0.09059873103107982,-1.5141176370852025,-0.18232925721293325,-1.542301383354506,-0.20828084104014885,-1.4273021068327985,-0.24243841922777626,-1.4374142778339736,-0.003782953632503484,-1.0476236142062774,-0.28398937516114103,-1.018389311344873,-0.35401280587965295,-0.5879704120182665,-0.5588571922209278,-0.6313897930145688,-0.6667641768213588,-0.3719600851834754,-0.8292631558582618,-0.42829087651548925,-0.78434223829187,-0.28545324050033183,-0.8982370803559054,-0.3919707693198324,-0.7954564016622799,-0.3311686094377305,-0.9000030633304055,-0.39513683536067373,-0.7668635666912001,-0.34700450043081504,-0.8734865033532063,-0.39977379184623363,-0.01716839032677516,0.0606890612023834,-0.18737301629817504,-0.024129775123635424,-0.43478907226460456,-0.3157269165895383,-0.5829539440246849,-0.44902075601337377,-0.653370090011055,0.6271278222338043,-0.7398487600305511,0.4693220254366699,-0.6432768874786075,0.843222796632624,-0.7475683707237855,0.653160964297894,-0.939238877494317,0.6075521153607766,-0.966581276406411,0.4701843184319859,1,0,1
-0.31390790220068593,-1.5394583373609212,-0.26888874403078655,-1.6024463197777963,-0.25144689720979624,-1.601604478128242,-0.23324903024759883,-1.598440080324064,-0.30015668917134186,-1.6031379583411072,-0.3066991426456912,-1.6026653530730381,-0.3127416194133841,-1.6017300283837939,-0.1676181284501964,-1.5228867539993052,-0.2743336213537463,-1.5505421635386756,-0.2853417590162196,-1.4394877106468722,-0.3228012100663926,-1.446326739528037,-0.09319697874095571,-1.0471453863627873,-0.36517689277687676,-1.0128295110517722,-0.449997459126102,-0.5988656038799777,-0.6456947184826706,-0.6282237269737274,-0.8358646772678019,-0.3716695648578824,-0.9450775822429104,-0.39394386078675847,-0.9214935351736855,-0.28561536838939094,-1.0266845069131176,-0.3649035676706459,-0.9251509278051512,-0.3291961358362353,-1.0242887954914794,-0.3555159674602468,-0.89814748986843,-0.34174337628699475,-0.9874495577608093,-0.35314089274399957,-0.10673811752380552,0.07685909382048002,-0.272302574109405,0.028341828727192115,-0.4507549621443432,-0.47067916368076307,-0.6654822296253989,-0.5084498953350062,-0.6470503152379896,0.5760278796394982,-0.7418531154882789,0.4252118708886599,-0.6410206900712587,0.8220796887345766,-0.713128057314994,0.6030251389219108,-0.9220438061264143,0.5992793915338314,-0.962109166417806,0.46931189244360366,1,0,1
-0.3903499661612017,-1.5490857311450392,-0.34571858033571357,-1.609931944832362,-0.32926161101152296,-1.6086936807223642,-0.3113076773214313,-1.6052246134742263,-0.3747711071873573,-1.6097621554119599,-0.38018138404618856,-1.6095171099820786,-0.38494562081050676,-1.6088873197483975,-0.24345418999611926,-1.5302969994713052,-0.3427029027407449,-1.559508132379052,-0.364184848041079,-1.4522722732096272,-0.3988473458588097,-1.457615017376865,-0.178126783698358,-1.0487840890585292,-0.4298822321588425,-1.0112056371263713,-0.543817111902798,-0.607162671604899,-0.7048474248105336,-0.6266018302177053,-0.9493647033215142,-0.3714549184071997,-0.9971324976471622,-0.3930718055176348,-1.0209629494502164,-0.29217265063408104,-1.065037267803236,-0.3595098496053618,-1.0275265339223012,-0.33432194745069604,-1.064202655179223,-0.35349023385861095,-0.9991392009935274,-0.34546947555437263,-1.0357037357536347,-0.3526522847612711,-0.18042771456290138,0.08768187185369367,-0.340417294938887,0.05369037589388293,-0.5879999274254778,-0.5307927743267083,-0.7445326742888568,-0.5436246035949245,-0.6676946821602423,0.48542557573440537,-0.7408524206364491,0.38402693843653984,-0.6504391835532011,0.7238203021178529,-0.6832228761687558,0.573593489841888,-0.9289596974671789,0.5796423924100619,-0.9257794205214276,0.5082512547737859,1,0,1
-0.4527820550499269,-1.5561012841798023,-0.4084165985058833,-1.61399014676883,-0.391747083473475,-1.612351938365433,-0.3722027641643353,-1.608922785224129,-0.436012198671546,-1.6154243360069551,-0.44074504787197627,-1.6157017575854138,-0.44539979888194514,-1.6160881706258772,-0.3058012606015573,-1.535030960829511,-0.4006621402023481,-1.5669836862270945,-0.4297986967525895,-1.4611621828154642,-0.46112299122043976,-1.4694320026748844,-0.25128995939035637,-1.0533735934789985,-0.48513694905646093,-1.0143237568097776,-0.6556811538686645,-0.6105973855350807,-0.7505964056273715,-0.6405265398600365,-1.031689464049301,-0.371173171770725,-1.0615460809726733,-0.3927836330806791,-1.1075414665233403,-0.29136596552754296,-1.1322044302079426,-0.34151476607757447,-1.114638886727693,-0.3274349722120961,-1.1307218003200377,-0.3429458659885453,-1.0962944620852944,-0.3392124759090832,-1.1021872918456317,-0.3438139669189114,-0.2456448936677962,0.09111745079547857,-0.3998052844228237,0.07618685623169828,-0.6955777133243437,-0.5107950653643994,-0.8060278320382174,-0.5485680213341937,-0.7332089309642973,0.4802256202682407,-0.745515080323933,0.3675284485553951,-0.684627160720027,0.6706601490308687,-0.685712873855144,0.5698692441708026,-0.9510338049964545,0.581294317426024,-0.9284083143566744,0.5390953442287674,1,0,1
-0.5142633726136362,-1.5716764977476048,-0.47017348405175863,-1.625442158956837,-0.45501477357090275,-1.6226278437057875,-0.4367593215505487,-1.61836006181517,-0.493520888660962,-1.6309825582754087,-0.49613371799500633,-1.6323351274901166,-0.4988226683501333,-1.6338738595591442,-0.36901087134848376,-1.5417754562997534,-0.4507915397778504,-1.578071219597434,-0.49570170648574513,-1.4795480044417308,-0.5223806414981756,-1.4903972271153856,-0.3200109297806037,-1.0598807050507024,-0.5454329535775977,-1.0198799734833792,-0.7421538923800244,-0.6101558588981841,-0.8090178064312621,-0.6393606277919932,-1.0987078444582552,-0.3779813073803465,-1.1137384096487497,-0.3931942664460324,-1.178780979982882,-0.2907374728112665,-1.19375136508041,-0.3302358797832959,-1.1900069769962784,-0.3279690550905363,-1.1839759925255995,-0.34210581614874047,-1.169990361351785,-0.34154714222615185,-1.1661767723393965,-0.3450943076647511,-0.29042456719669213,0.10449769742013097,-0.45349408317245643,0.08866254786556349,-0.773006631951038,-0.4926187001191962,-0.8702087272424646,-0.5466433705170475,-0.7238806458352613,0.4350267868310456,-0.6993279093435254,0.35552233464898775,-0.6649044018744534,0.5480546401224905,-0.6012296620311713,0.4824884906222428,-0.9097489019176204,0.6039507013373474,-0.7583669284321092,0.5604045343546314,1,0,1
-0.567083452567472,-1.586956186279824,-0.5211560322142001,-1.6405991394144865,-0.5061861414090167,-1.6351398040404446,-0.4910079063805456,-1.6290858967622805,-0.5395637262767194,-1.6501564672587445,-0.5402110021020943,-1.6513875641297442,-0.5402710586219744,-1.652658760467207,-0.42682898834567723,-1.5478170062693,-0.48258417624229677,-1.5860592310338366,-0.5548536713750912,-1.4973732985491164,-0.5735075230252674,-1.5102650607641264,-0.37542950459048763,-1.0588370067648842,-0.5761401240530994,-1.0157778413147767,-0.7999930168018673,-0.6117590961181941,-0.8646014748842733,-0.6266667060879463,-1.1973999840227572,-0.3797451896123815,-1.1851685963802563,-0.3852501234552214,-1.2788675182517613,-0.29086846028261,-1.2587873860409748,-0.30517328073800964,-1.288822442500781,-0.3303604414541584,-1.2642803332944559,-0.3320781073519647,-1.2624619553314187,-0.34689884544213706,-1.2457768700901524,-0.3425220103029715,-0.3315917051244032,0.12382007946650372,-0.4845376195885214,0.11044873010405579,-0.8310977218955878,-0.48810000307710394,-0.9189601633340505,-0.5099095406288829,-0.7521170960258178,0.44493166398016537,-0.7035748691691229,0.36117086041796076,-0.6894301994334037,0.5800331305085412,-0.6176134760883475,0.5393709122109335,-0.9113859981632418,0.6856154582118836,-0.7767995842580355,0.6646374439569636,1,0,1
-0.5832191318676124,-1.5961593536591099,-0.5370329494718942,-1.6520065417183851,-0.525126929765287,-1.6453940840907189,-0.5109931344611509,-1.6383773571116371,-0.5516652386056525,-1.6623410207015858,-0.551336534196432,-1.6625122312124787,-0.5502132548431184,-1.6627592538117386,-0.45077942961540546,-1.5547199842225594,-0.492767092835306,-1.589719465846284,-0.5710513843644907,-1.5038301776612908,-0.5865138374911599,-1.5161122920556658,-0.40675281047364853,-1.0601340298773572,-0.5748277778779409,-1.0161584464201898,-0.7973206252402875,-0.6423677788440159,-0.8581604749136721,-0.6480542415504441,-1.1794847287086376,-0.4544836750069148,-1.1935868893027135,-0.42527767038224407,-1.269745476603548,-0.3721927733047394,-1.2682797762284488,-0.3624739972233963,-1.2793965346336682,-0.4045833799331774,-1.2727868574004408,-0.3731939624489139,-1.2475852386332098,-0.41064649340626125,-1.2486367220234569,-0.38002792483354564,-0.3225533224555293,0.115973188494511,-0.45757792652430546,0.10595462410611199,-0.8377782065071926,-0.49398022838265154,-0.9064215729993231,-0.5059145463259924,-0.7452879529915468,0.42520618652669595,-0.692811900509617,0.3636962000069945,-0.6649931273503257,0.569486167603666,-0.6054556144321195,0.500184403708405,-0.8941312409947176,0.6932675980000675,-0.7384862431824063,0.6569645438903026,2,0,1
-0.5569289577842825,-1.595037989688632,-0.5100693020689208,-1.6514991506265584,-0.4969710492269154,-1.6447526162003943,-0.4819415961941966,-1.6377842062980061,-0.5286947319092771,-1.6611343913016485,-0.5296348759488821,-1.661061977473151,-0.5298422315874807,-1.661213416290256,-0.4204437198369401,-1.5568422284044965,-0.4767428764588937,-1.5934371003572592,-0.5407537350965665,-1.5027216652917748,-0.5623802609077232,-1.5145926520284518,-0.3735539122885521,-1.069701923220483,-0.5579758689703411,-1.0187334623898652,-0.7630061092332202,-0.7150178790822235,-0.844272219331762,-0.7180590127329438,-1.1432584134853863,-0.5614537284679813,-1.1736953296214274,-0.5473980313543066,-1.239018781580431,-0.46453325623994324,-1.2581938645080855,-0.4799797684384963,-1.2543815112265586,-0.48763660400395475,-1.262584910552161,-0.48491750181580157,-1.2228382452500097,-0.5048402019148033,-1.2317444047166783,-0.49232336044324243,-0.3093376751816595,0.11248768602591216,-0.44771185132424407,0.10353259161711896,-0.8189498696593399,-0.4929086025793583,-0.9329608704243781,-0.47343657352562996,-0.7221988161324453,0.42095502521616845,-0.7012254976547997,0.3535765528341059,-0.6582418353603439,0.5546403441770005,-0.6109170505486264,0.5048470633958889,-0.8955696317177727,0.6954024466367943,-0.7559075768710919,0.6502822056824052,2,0,1
-0.47329864740107663,-1.5910601102581763,-0.4260717324736084,-1.6496245469093123,-0.4103562016664565,-1.6445000945987993,-0.3928950774440232,-1.6375387901488663,-0.4524370389933316,-1.6552884575275137,-0.4573802095864285,-1.6554932799178457,-0.4613071151188377,-1.6560133372510053,-0.3323071932933455,-1.5573207651807017,-0.4230249144609241,-1.5934521762737723,-0.4464570902072423,-1.4943696693300494,-0.4825802219035392,-1.507124759711752,-0.2664355711240779,-1.0732976528819482,-0.505813692127291,-1.0234313404069084,-0.6457031214525303,-0.7134964472452602,-0.7723875307893107,-0.7083030411526627,-1.0319801079479802,-0.5957484727812609,-1.1005604521661625,-0.5654222781304308,-1.119193049245517,-0.5261524813678217,-1.1788840399367502,-0.50882951185573,-1.1352888144388236,-0.5584579461398865,-1.1778519575210324,-0.5268720474486077,-1.103064166465116,-0.5749397536543979,-1.1514073170799861,-0.5343246167026221,-0.2454059033191374,0.10106162418600138,-0.39065222592998117,0.08780519779369443,-0.7434402882070864,-0.49200305900388175,-0.8306026881123784,-0.47350639231931774,-0.6837357044763742,0.44112289431813767,-0.679502584836428,0.35934346161963276,-0.6235758774962002,0.6110260019592751,-0.5998891411923655,0.5249704461868359,-0.8866219516941498,0.6466990804757297,-0.7689531875783875,0.6440949012577174,2,0,1
-0.3484567127791374,-1.5780691806415124,-0.3116193286447599,-1.6390210493175128,-0.2963288892540435,-1.6352415664769082,-0.27742912716238277,-1.6305814400376908,-0.33691918801549847,-1.6446427597267863,-0.3402094450079438,-1.6458271459712124,-0.34286676065301047,-1.646699819105767,-0.20499181977856526,-1.5566651481720104,-0.29785032109100684,-1.5905042785165695,-0.3241160277032745,-1.4758230173321285,-0.3525677422099446,-1.487214725854083,-0.11790739449064856,-1.0727305759894996,-0.36992901937875,-1.0353252499510706,-0.4667154148082902,-0.7120526193064135,-0.6409250445025607,-0.7111672181439831,-0.8591883558444601,-0.5587893691570027,-0.9606227057642296,-0.5239088884152626,-0.9650710897202893,-0.4980444236137991,-1.0365410669855437,-0.4902645092545122,-0.9689364558557844,-0.5326275875102067,-1.0347954735702622,-0.5094504666137498,-0.9412638696574358,-0.5720027921153215,-1.0013177945027594,-0.5284505700513831,-0.130323276750806,0.08292727379009694,-0.29355294344625066,0.06004623400811086,-0.5724331786140784,-0.48110428352267165,-0.7153634944438656,-0.40760041683209397,-0.651524896688318,0.5230187328638176,-0.7533768000662665,0.4007461298495898,-0.6192609524732074,0.7408162972439306,-0.7363323642904089,0.6136556372330391,-0.8807339412841734,0.5880065603207753,-1.0182617653595583,0.5517156163734551,2,0,1
-0.19990481011316286,-1.5379760781922747,-0.16602996714669954,-1.6070457100451596,-0.1516139309137441,-1.6066892016915502,-0.13295241773222516,-1.6061813780939216,-0.19188541111287247,-1.6075493939444012,-0.19610345483630554,-1.6075982053134394,-0.19993100760743157,-1.6073739819485784,-0.062408002882407394,-1.5477194453177663,-0.16013503664389733,-1.5608961052829484,-0.17192811054974227,-1.4434194973161854,-0.20145837095253125,-1.4459437865339866,0.029623053045019037,-1.0780410057947032,-0.22439946725439747,-1.033701623171842,-0.2868169745189542,-0.7207541417423794,-0.49521631140325717,-0.7061947607294632,-0.6411788636215603,-0.5567153184786733,-0.8159018159157939,-0.5225829492006252,-0.7276721152652248,-0.505855725536974,-0.8847029852389675,-0.48476871982004915,-0.7355877128731297,-0.5273370529718772,-0.8994820791990996,-0.4996812727132482,-0.7082909124298337,-0.5468485018400948,-0.863930967318698,-0.5159125975820866,0.00670444704483633,0.049164140893534124,-0.1591773452260557,0.035820224756216615,-0.45997030147261697,-0.440889029077752,-0.5883086129947382,-0.41285845164875995,-0.6355884172030887,0.555303190211233,-0.7531002434994111,0.4701341477589996,-0.6046568380030966,0.794089396131677,-0.712105119307653,0.6309276946336275,-0.8697688070556883,0.5955830733802211,-0.9755703534139017,0.5401427497071707,2,0,1
-0.059047803523188086,-1.4926835145692174,-0.026502359817775132,-1.5579022383376893,-0.009993242651219486,-1.5608173892270563,0.008768117583927329,-1.5643487990971683,-0.054806775205726826,-1.5563560300969483,-0.060816381532497694,-1.556102396337578,-0.06540514451445009,-1.5565323688909174,0.07871691015839069,-1.5259809622905367,-0.024313880461649288,-1.5203943466377365,-0.02736836000567631,-1.4022089234486843,-0.057344966395722584,-1.400240651332119,0.18430689939307585,-1.0799278432474804,-0.08316012553580307,-1.0490519955093525,-0.146117400040764,-0.7491996775947408,-0.3239180636192252,-0.7587558314946801,-0.4907956078185002,-0.6315254762631869,-0.5953671076769466,-0.599415504113448,-0.577171959322645,-0.5773237256328496,-0.6860531941344647,-0.5603241468872728,-0.5879865815321711,-0.5945284357014737,-0.6649197249371389,-0.5661152759976896,-0.5547933677090388,-0.6039858547055605,-0.6262487633501247,-0.577002806328058,0.13361326510610708,0.006808477023010014,-0.0352631973351042,-0.04008503771796317,-0.3329290130629686,-0.25080656003763124,-0.49673205887825655,-0.3851230903226355,-0.6178663066226577,0.6110326749059285,-0.7512468943529867,0.48616750854378876,-0.6050544961944017,0.8403981630288789,-0.7058026447666518,0.6249457686781594,-0.8681616154969207,0.5839714047648783,-0.9771396080352142,0.44372114202801355,2,0,1
0.07919439656336359,-1.438766476329423,0.11064201697121462,-1.511710927658895,0.12720995492678866,-1.516118841429233,0.14640579813292015,-1.5202851698161026,0.07955967860609132,-1.5055766978747185,0.07295494429631075,-1.5041210687061422,0.06696115532457003,-1.502347856706101,0.2146608979882948,-1.4826658769789647,0.10019242965824378,-1.473906028046325,0.11639261410936663,-1.362290120837494,0.08249009077160054,-1.3618632993978521,0.3268521614863477,-1.075065118733482,0.04203349808938484,-1.0501127468810623,0.027423699257309957,-0.7462341706727584,-0.20819260985662125,-0.7601829770668933,-0.28529850843605903,-0.6709899006365186,-0.47364440489618903,-0.6603600201908213,-0.4050272358983271,-0.6303887274434804,-0.5511252242190761,-0.6137947155667238,-0.4141953703076828,-0.6517620520010683,-0.5446218198399574,-0.6209492265368886,-0.37215926643800235,-0.6558114184618751,-0.5146197573941594,-0.6294351139374825,0.228733401041689,-0.003347006344868816,0.05931272272897133,-0.07880987717054885,-0.29211998993898725,-0.1753607422978431,-0.3984734137000499,-0.3071183211143745,-0.611514897139532,0.6327820323647412,-0.7335223123108323,0.4828658828274155,-0.6060079861273133,0.8393687992210569,-0.7303986318385484,0.65038699565948,-0.861039974967678,0.5372311206507598,-0.9658720904648634,0.4305559125733024,2,0,1
0.1868984741562984,-1.3621569090505994,0.21539665214336953,-1.4319677322743505,0.23390740615975728,-1.4389169883483817,0.25109741103112676,-1.4464827505493307,0.18133966244788705,-1.4213110364689536,0.17423149138503718,-1.4206977432422765,0.16788156477894559,-1.419261885767488,0.3159557338937749,-1.440775898283684,0.20696427188908859,-1.4122924872804106,0.2311413461988583,-1.2935530859460442,0.19292612215365051,-1.2820559695815839,0.45742294438327247,-1.0692220889268726,0.1549570556960996,-1.048867500891696,0.2771715793598261,-0.7078591666271289,-0.07647333869680355,-0.7566009640179933,-0.08467290725673433,-0.6709889120518293,-0.34514223546180217,-0.6461607311510135,-0.1696454685019525,-0.6279832537480345,-0.4174507796898273,-0.6034515246809481,-0.20696108047982,-0.6530779817957258,-0.41434860093453746,-0.6152604159418231,-0.1702981815431189,-0.6546894984125095,-0.386489790095326,-0.6221661742895215,0.3005313412776468,-0.019390005830379475,0.12078712019985491,-0.09903285986895126,-0.225726147907552,-0.04705530121664383,-0.3273536425610101,-0.19812512908648175,-0.604805619998849,0.6703843339025304,-0.7107878302090476,0.47978792439701556,-0.6100960309640923,0.8647811101002131,-0.740416949080775,0.6491831466539816,-0.8456242324675821,0.5636161988642707,-0.9645303338951958,0.3900993198910867,2,0,1
0.270767033449646,-1.293272451467345,0.2958432255344112,-1.3675928891113547,0.3134835307317956,-1.3750337807087256,0.33464739890832007,-1.3812409186137442,0.2638363133385407,-1.357092018967622,0.25801503239509765,-1.3542023859205499,0.2537055445878965,-1.3521639242910384,0.40143988771574973,-1.377837901180166,0.28829117994602754,-1.3485733846991923,0.31571180062166915,-1.2140272556200784,0.2747107449217747,-1.2016810685805226,0.5487768197984703,-1.036076450741917,0.23376900430324338,-1.0004062144064445,0.41507271772854,-0.6096434013098243,0.01127714552558623,-0.6584576125291861,0.09995245072489559,-0.663437855048135,-0.20765679695497463,-0.6435318373157666,0.014154915556385702,-0.6217203225946089,-0.2779291038690392,-0.5971357042466402,0.009276250114271172,-0.6457814853495482,-0.27495741829274817,-0.6092364751370561,0.024094146023461584,-0.6512751740415462,-0.24717843566720454,-0.6142191891177284,0.3430837335013585,-0.0290776414940069,0.16171675065594127,-0.11896272720695104,-0.17237223222144843,0.04986480029213568,-0.26819599330970006,-0.07617085034223584,-0.5892490041805156,0.7162128957868636,-0.7000085499021669,0.49319189705421324,-0.6155873717674532,0.9055431754514487,-0.7369309523198315,0.6529419927891953,-0.8470752276454268,0.5589975311954644,-0.95391590008527,0.373116917804488,2,0,1
0.27995246809106583,-1.2585638608884717,0.3022932463403031,-1.3333841516660516,0.3183498388652928,-1.3432968139196004,0.33898679140237514,-1.3564939252305441,0.27219331401025604,-1.3226938439812157,0.26661003483078244,-1.3212334572488218,0.26171085625636314,-1.3190968785888886,0.417641060751562,-1.3673751533335177,0.3052921179955522,-1.3158273818749204,0.32381399358969554,-1.1974266943697547,0.2901321717838346,-1.1869952723004513,0.5833256303769218,-1.0340161166761526,0.26663005367074244,-0.976522008310905,0.5859456269499641,-0.4632964132204366,0.13814172442200698,-0.523779260247867,0.24648912350155902,-0.6506800460585366,-0.02314240760472817,-0.6113359818711374,0.1678148353124121,-0.6180291945106179,-0.09090766374651262,-0.5941249695751185,0.16602994565572765,-0.6629321939795146,-0.08959309325580303,-0.6095973085486817,0.1896936973655342,-0.6676888927855763,-0.06517801718206391,-0.6117070718489153,0.3587179532178085,-0.055653269406396734,0.17788480610465912,-0.14441977154330185,-0.12881914514590687,0.13566653694557546,-0.23453270746676513,-0.022116769549875404,-0.5642422601701796,0.7405308434148706,-0.6907455113626303,0.49552841696757444,-0.6081166372697714,0.9259950155054437,-0.7161667195039909,0.662511986874786,-0.8479869498752121,0.6588151744288311,-0.9519189590127125,0.38223784729492555,2,0,1
0.22797787519282658,-1.3260444046397135,0.25345246690741396,-1.400568243583564,0.26982095790190463,-1.4070133214660088,0.28993445484595765,-1.415315270327834,0.2253294568099644,-1.3915442571792291,0.22037911897786946,-1.38971963877534,0.21609706439579873,-1.3872688137572688,0.3657027983406576,-1.4040940308782552,0.26217746822975285,-1.3608149053347594,0.27009529015320893,-1.2605501746756185,0.23542414221944608,-1.2549261163777077,0.5425702379723395,-1.0451110026451194,0.22805968057587317,-1.0014654829011203,0.6743077979489108,-0.47169357514515814,0.1558625992715762,-0.5168302513200081,0.3565173636992377,-0.6592680048283094,0.044819576890243865,-0.6106631264169248,0.2709842749351383,-0.6623522654861042,-0.006350308070836095,-0.6031619929400445,0.26642986527114204,-0.7157417702210256,0.00153167765762979,-0.6329328501416125,0.2774832306831547,-0.7156380924017264,0.0176139733845435,-0.6352356346024485,0.34551639327576245,-0.04594264914874111,0.16112112838058687,-0.14128348661622822,-0.13014063572944212,0.11883588260879736,-0.2364246114160755,-0.03239360168837623,-0.5564692659037185,0.7307707939227458,-0.6756767620885085,0.4948230617916983,-0.6063806825552115,0.9214072411081806,-0.7100159927128104,0.6696883702812033,-0.8347056852925843,0.6165867908370652,-0.9378657333607613,0.36816756855708244,1,0,1
0.12266543110968622,-1.3728493792644436,0.15320948511143945,-1.4391891580706782,0.1695802004214812,-1.4436688060175396,0.18807563137518346,-1.4510143609789279,0.13044386259193905,-1.431868070580352,0.12845977312034354,-1.4301781468403916,0.127114556504263,-1.4284142028218134,0.2642468231308078,-1.4292349752601752,0.17854196777692774,-1.39731023916661,0.15853968661043052,-1.2972793087865084,0.13241608904726193,-1.291236584872643,0.4532123150450098,-1.044675283943273,0.142147716729567,-0.9983898723593577,0.5490449733954659,-0.41823511662815216,0.1314349187430474,-0.46649670900614787,0.2507640108446317,-0.66080599545882,-0.006436067792640236,-0.6093321207057542,0.2014929499256878,-0.6680764179838151,-0.06755012614424301,-0.6077574288686503,0.14821021233721995,-0.7178486913402772,-0.013465152080339288,-0.6460346866031169,0.16932316840224113,-0.7161043336558576,-0.027841892071891684,-0.6436316843693944,0.3324262962574445,-0.04414416645257761,0.1499528399984332,-0.11000367845940029,-0.1467006650075011,0.08878068373594498,-0.24903129052128423,-0.05853252231423028,-0.5597970891143604,0.700745252590575,-0.6743881419458952,0.49389824081477873,-0.6054299112301955,0.9061029615318129,-0.711466246452138,0.668199067446645,-0.8172598841328365,0.587369664634639,-0.9295050254964607,0.3681890702740766,1,0,1
-0.034991583691695693,-1.3724933034166358,0.005424229872082872,-1.4387325555172683,0.01926293264643753,-1.4409260395833843,0.03654240443219636,-1.4444324876900894,-0.01848716230241463,-1.4325792954778214,-0.020651915625995235,-1.4315849646399292,-0.02184414876139344,-1.4308782501601054,0.10831760722029835,-1.4098493237936818,0.03135307625144263,-1.3974736645730736,-0.0022375486168225243,-1.287927174051841,-0.02910456186640856,-1.2887527658405635,0.25508906886069066,-1.0203628971041439,-0.020185550798777905,-0.9792441998262126,0.14887627127169303,-0.4371235099958849,-0.2193843771251478,-0.5833303662055523,-0.20844865329117193,-0.43481578261160203,-0.46928870075475915,-0.55403044603539,-0.28570605247425795,-0.4259866091776192,-0.5532956619046205,-0.5357988436206673,-0.29717783635605277,-0.47619731984382346,-0.5503477023608748,-0.54869245943197,-0.2760226182955604,-0.4890803083697153,-0.5186366241333027,-0.5501110784612373,0.2694863219845478,-0.03667145478551708,0.09392060124261356,-0.10939446314456684,-0.18509235141976407,-0.04969976526074846,-0.2874439843581966,-0.12133088183037259,-0.5745905175524886,0.6826650272064144,-0.669311265273559,0.49343311171842313,-0.6053822120189327,0.8767061600620909,-0.6966718294293205,0.6575705463048955,-0.8134147839834738,0.5412596032600033,-0.9188069327071958,0.36796738015748204,1,0,1
-0.2204300525803447,-1.3615973701164077,-0.17620448076984904,-1.4266770123763917,-0.16186950848142315,-1.425747001329853,-0.14518541182484637,-1.42445578615243,-0.2005429415301608,-1.4264833733503586,-0.2025418597720971,-1.4274518774132403,-0.20369751527398808,-1.4283408004086267,-0.07412396718248031,-1.3705514759405115,-0.14584677498204487,-1.3912436656471132,-0.1836388847801959,-1.2669333424418907,-0.21489521405065093,-1.2818090705554102,0.022300853396917356,-0.9968542296174845,-0.14171720958831177,-0.9888778340511823,-0.3367886948364997,-0.5755519347232995,-0.43890726893440973,-0.7041493790071258,-0.6991472454915403,-0.43947337580255286,-0.7529811190443402,-0.48986783964789654,-0.7924721116311992,-0.3898817662980759,-0.8228157300871796,-0.4703089387145884,-0.8049426131954451,-0.42052492591493995,-0.8463905091749415,-0.46843680645906577,-0.7732055846197767,-0.42193588341286453,-0.8150177740573115,-0.45958242411550365,0.1768628566820075,-0.005641264262758845,0.03737133269424561,-0.1086698305672477,-0.28625718843859005,-0.16379875006314187,-0.3878031248551739,-0.28257645905422174,-0.588219887518866,0.6412490130831506,-0.6695767002626588,0.4818377547504552,-0.6055482942467494,0.8602924413180608,-0.6501384066614557,0.6577855634748367,-0.8410559826179345,0.5078815240999559,-0.9029504050087204,0.4298426487199112,1,0,1
-0.4330096198237117,-1.3065019389268664,-0.3954849221840393,-1.3782185062855792,-0.3836673808071321,-1.3781132838027028,-0.37101646253707343,-1.378702418491033,-0.4121561672396541,-1.3812027963166598,-0.41173206440790794,-1.3839262853493721,-0.4102808220838909,-1.387435946356318,-0.2999841811430442,-1.3211976210538314,-0.3476962440068281,-1.3450080540169256,-0.401459433754337,-1.2206301363335663,-0.42494054444277973,-1.229614146844524,-0.17257835212918518,-0.9690394107969507,-0.2742359986156695,-0.9565774357756506,-0.5666665169747238,-0.628950089574253,-0.6384155222685571,-0.6857602209075324,-0.9591216634864848,-0.4505180910985334,-0.9814647896243593,-0.4874388870660778,-1.0619150702079863,-0.4233061853654382,-1.0760575156281544,-0.4302420955461627,-1.070280226703389,-0.44853239517681764,-1.0804381815329913,-0.4226622460133901,-1.0384306230462168,-0.4576585147368744,-1.0539137128782772,-0.4351784696195201,0.09770243197185553,0.001437990697926493,-0.023168110806652178,-0.041961124312243386,-0.3906121882500611,-0.3172431583568824,-0.49650542583821505,-0.372138277573737,-0.645877112357862,0.5870592490421721,-0.6865776383121834,0.4755164971003557,-0.6357683396165567,0.820887208453006,-0.6784643237664015,0.6192703039764006,-0.9277832816868108,0.45224743782778604,-0.9249444371781559,0.42565796972974485,1,0,1
-0.6179545378061853,-1.2638682356124527,-0.5857437300181292,-1.3434088947087592,-0.5745667915199434,-1.3439370460790632,-0.5627344213726954,-1.345401634296387,-0.602709820457353,-1.345520017312941,-0.6031598736371955,-1.3483708484109544,-0.6028049717337063,-1.3515910394635398,-0.49411725237483345,-1.2934464423726768,-0.5372875100294108,-1.3151144887407877,-0.5883182516954598,-1.180052318453815,-0.6106931361164808,-1.1816644529360294,-0.39407223466290825,-0.9269820523564484,-0.449454231839285,-0.8939741981625756,-0.8157600775859534,-0.6405910450110188,-0.828707200543569,-0.6801784246050929,-1.2018976736402,-0.44739193916452596,-1.1655062647738212,-0.45728186397021875,-1.2804210790911297,-0.38669864717134267,-1.2576786883118298,-0.40009878906286894,-1.289971672202191,-0.3872468173816066,-1.258684696806365,-0.3726920085728787,-1.2657656817902567,-0.4014748989504927,-1.23850409967652,-0.38484542159800444,-0.01863792146754583,0.043923159162760024,-0.10920315344678679,0.04271041289505709,-0.5225444994104412,-0.3957229425083928,-0.6040649229203273,-0.37666475972025815,-0.6784536964809906,0.5498195109392149,-0.7091373880701195,0.46131621947585855,-0.6542279343752687,0.7812971102510362,-0.6872081081978387,0.6057976246832907,-0.9546894676047137,0.4352796173653558,-0.9291188596021698,0.4445115154871768,1,0,1
-0.7528832491600911,-1.2441274350962979,-0.7204435840164424,-1.3212154155782405,-0.7090491568865919,-1.3238593853300005,-0.6963579537904407,-1.3267748451520827,-0.7362480874456389,-1.321884687412954,-0.7356275034068775,-1.324100352848038,-0.7343539591807774,-1.326622232390659,-0.629103548786896,-1.28824784621046,-0.6692964365032182,-1.2971615436353854,-0.7199248242006876,-1.1696428923938502,-0.7396080396586858,-1.1681009474245823,-0.5201148053901055,-0.9106149206659057,-0.5998446548813431,-0.8394783435871463,-0.9590583940663642,-0.6306869093004162,-0.9726244946126209,-0.6034830358179222,-1.3250145279791625,-0.4210236668907346,-1.2243885931891376,-0.15209885026427147,-1.4014358316612012,-0.3141226907848389,-1.3910114532578097,-0.294598884608004,-1.4147817249678976,-0.30532453419548555,-1.392831808390226,-0.254361263434487,-1.3849466097615195,-0.33210479913857804,-1.3637423331858165,-0.2851509807315524,-0.11354847744897816,0.04685208845123517,-0.208871273245884,0.08456980725150996,-0.6042670884893065,-0.41202890552127985,-0.6701347563198167,-0.3891612116326005,-0.6945792427880649,0.5356165147068219,-0.7183119482799561,0.48622855364835826,-0.6574292187456694,0.7844175778230796,-0.688075591262774,0.6187656314924697,-0.9439452820543062,0.47267505755689115,-0.9465377218291319,0.4994313493212661,1,0,1
-0.8300500692710122,-1.2382441204635959,-0.8022726930955888,-1.3222061010100903,-0.7909484554786848,-1.3245653583713075,-0.7781027860248172,-1.3267580392123632,-0.8159235647789603,-1.322666287182999,-0.8147978139639233,-1.325087578233475,-0.812813848065414,-1.3277562626024695,-0.7062190860670552,-1.2920525379606442,-0.7398761932556815,-1.3013562320455316,-0.795937595259838,-1.1609788126029947,-0.8132546332637934,-1.1645265959070248,-0.6123786730118821,-0.9156689363172998,-0.6206074048201496,-0.8539837231614049,-1.0297079696125153,-0.6285535435407235,-0.9300307054050412,-0.4945571911219938,-1.410686142172862,-0.3703977506549887,-1.1667791911344905,0.0033402747864754055,-1.489321999132209,-0.2572546036741443,-1.2315379140896832,-0.02294891071216515,-1.5074692011290756,-0.2536897672842223,-1.2366479083491138,-0.012016152632257434,-1.4802477802683451,-0.275667487806283,-1.2207555444556482,0.011723967244804132,-0.19827809400677998,0.05924968189463897,-0.2479700448572295,0.08838623844488042,-0.7029135060119245,-0.4428558183172833,-0.694540687985179,-0.42725854695359905,-0.7004835648454163,0.5332125238884101,-0.7084698462586123,0.4790857821213799,-0.6559105055166019,0.7739044739438159,-0.6469954487877287,0.6033377788299287,-0.939754300836745,0.4997598065843142,-0.895769820117373,0.5646554485189866,1,0,1
-0.8389987378793244,-1.2921312540165364,-0.8106474882917131,-1.3669774951422127,-0.800516719541069,-1.3657305191296398,-0.7886727335237207,-1.365071874580337,-0.8222208492503422,-1.3725964869435903,-0.8203221487812924,-1.3757231331699424,-0.8171824038078059,-1.3790368072622174,-0.7167477601551768,-1.327754409006177,-0.7434494326154633,-1.3468852527689814,-0.8109104518190895,-1.2057597218627525,-0.8238787057744408,-1.2159248439313528,-0.6453684855351736,-0.9179313123789572,-0.6429158069208095,-0.9039570499290707,-1.0557149141823363,-0.6199409937268022,-0.9798757633092592,-0.5184701897466116,-1.4387289533373853,-0.34674771555774736,-1.337471683650102,-0.29048958520040324,-1.526170999136687,-0.2460593763592049,-1.299464062389665,-0.13334861160688025,-1.5382070177299483,-0.2419950575549712,-1.4413442541331531,-0.15429078966681017,-1.51130552758932,-0.26149612628395025,-1.2977629552854058,-0.09120994207567612,-0.25860721611501114,0.09123014945006845,-0.2903701950387759,0.08149778032924636,-0.7700853641939056,-0.4404659148306953,-0.7670939069238268,-0.4609614997571956,-0.6984890952345822,0.5062654352789839,-0.6882525479221738,0.4414021694928889,-0.6202144424061192,0.754382150644015,-0.6255545297520041,0.5575593876185817,-0.9264944143980253,0.4999286074200267,-0.870478858008839,0.5522635394375468,1,0,1
-0.8166946608366806,-1.370596827263137,-0.7840377542075395,-1.4509104977999996,-0.7727822232265477,-1.4506420352702885,-0.7597205480180494,-1.450029174549413,-0.7980489650101918,-1.4528779666915048,-0.7974014420386447,-1.4545195733547713,-0.7955839290872105,-1.456817105959445,-0.692285726308692,-1.4030207368382988,-0.7292019500720479,-1.4196971101769895,-0.7864921628451099,-1.279968078717603,-0.8052315270709178,-1.2850144328376545,-0.6185044380396556,-0.9583217934600703,-0.6587497207445153,-0.9466910945894569,-1.0248784862586977,-0.6206870044480293,-0.9968005803377012,-0.590696805018504,-1.4061118372419918,-0.3606862653857299,-1.3569560700124474,-0.3880647476389864,-1.4963943340000687,-0.24905997803766045,-1.4406277773795213,-0.300107525643429,-1.5108693145951289,-0.24553567362000325,-1.458583811812078,-0.2893917619028413,-1.4831531070973611,-0.26807935887673673,-1.4309510161474772,-0.2892990820882115,-0.27949329199381845,0.10102356367546006,-0.33588932991533177,0.0891170496765082,-0.7962274977200001,-0.4380331314832052,-0.8141399108531376,-0.4783781376686066,-0.6939050280299044,0.49471184601414253,-0.6884579263913936,0.389364307174529,-0.612230879600819,0.6453506509594086,-0.6146484634587098,0.4702433863671766,-0.9147638684737839,0.4913464565853039,-0.8717081630700891,0.45884525204474097,2,0,1
-0.7588295860667413,-1.4671766084925957,-0.7210866583568872,-1.5450062746377493,-0.7029614523693596,-1.544627708488258,-0.6835337860535674,-1.542501139248305,-0.747283905479415,-1.5469927737845253,-0.7522320189959588,-1.5496846898937204,-0.7580713416099831,-1.5536578117603583,-0.6069375028815075,-1.487559309404877,-0.7211615436471082,-1.5184082182102192,-0.729381131046999,-1.3700369793962297,-0.768938605954219,-1.3820678079198716,-0.546033518776399,-1.0226074786413921,-0.6550210264423277,-0.9879806934455655,-0.8905023937461579,-0.5536619510924218,-0.9627152924054851,-0.610773847902136,-1.266439649402245,-0.3611295220458328,-1.347819446740066,-0.43525051272875903,-1.3549329314456213,-0.2586618539794837,-1.3697186983524068,-0.3679930183980599,-1.3710861581239984,-0.2679513371594614,-1.4182175510558548,-0.3747098334969995,-1.3423237808786892,-0.2906746976834906,-1.3735030005433722,-0.38494514507854616,-0.28664965656027586,0.10658039821449264,-0.3745316225463538,0.08926706740312236,-0.8113516077367275,-0.43329002571662256,-0.86729302027421,-0.4684153047420716,-0.7050916052288118,0.5724492030639249,-0.67338794138641,0.3941223652845386,-0.614499434316785,0.7672997396340353,-0.5823069153454825,0.48872794288929566,-0.9231961251549786,0.5890806575857919,-0.8252281238754512,0.5358040986516327,2,0,1
-0.6231806907666186,-1.544751281574431,-0.5797029832736427,-1.617978344551981,-0.5629541343199111,-1.6157315386991815,-0.5438784041535399,-1.6142690512243227,-0.6079431406567843,-1.6253953247571775,-0.6125998688361319,-1.6276144502386742,-0.6164207486606046,-1.6298618121703616,-0.4715762857259958,-1.5443431814573445,-0.5657263729351187,-1.5837057816076696,-0.5979055460131146,-1.4403246711595228,-0.6279506118929008,-1.4541715297575648,-0.3788136771284245,-1.0695823044730672,-0.6407772510914976,-0.9890127758612833,-0.6896627639815814,-0.6152868605822642,-0.9080108464605956,-0.6247731956885156,-1.0637682957813244,-0.44074420142075715,-1.1650742532645602,-0.44061865116520527,-1.1518195568954595,-0.341294558838014,-1.2261433310127958,-0.36584964321838725,-1.1613314716305487,-0.3612754618606033,-1.2255999801528927,-0.37337586203176076,-1.139494995145984,-0.3874290876837119,-1.198960959247296,-0.39123415015315444,-0.26649266188988985,0.11512053419991652,-0.4132754922542101,0.12209351630649298,-0.6580070464966149,-0.28779717479886346,-0.8662966504803961,-0.3083577591686908,-0.7735523306995784,0.6243432263099793,-0.6986059953741021,0.4581077678664598,-0.7295378217202665,0.8051847763929885,-0.6147285388185499,0.5859661215218848,-1.0304557103569487,0.6608029710930118,-0.8288904594303638,0.5845961902885696,2,0,1
-0.4747963532054948,-1.5707112065849635,-0.431347314668511,-1.640501022384065,-0.41434785949602043,-1.6415212417835103,-0.395364067705762,-1.6419774736176616,-0.4570702882863063,-1.6443274629974156,-0.4610152354892968,-1.6469784764150874,-0.46531261313405303,-1.6497704249375396,-0.3240517696984645,-1.573367657218427,-0.4154256639536223,-1.6046949174403453,-0.45143733272619113,-1.4704961523064641,-0.47664970235191917,-1.4802820285735991,-0.2284852877756253,-1.1064681292572247,-0.4940092494975182,-1.017189540251218,-0.570961670303929,-0.6693296962237829,-0.7387969059210455,-0.6583691341994862,-0.9441837781106203,-0.5088898155217825,-1.0180175849412803,-0.5037117324918704,-1.0366984990973283,-0.42912054621605555,-1.0873661830362007,-0.44937948868253436,-1.0536396277731452,-0.4619730690406087,-1.0905111180793063,-0.4577901200736488,-1.025666882548482,-0.4856704326298544,-1.0661422583397961,-0.4733789884674733,-0.21341925710939927,0.0977315766598083,-0.39674981629410727,0.12107675695346061,-0.6712002034688013,-0.44986068228009246,-0.849658028719531,-0.3852635929216143,-0.704357333950771,0.5522197945650414,-0.7435418652839207,0.4723246042845042,-0.6398306812514116,0.7933810752017326,-0.6548838603166757,0.6748366721973477,-0.9517998345576416,0.7043333207206975,-0.9067415037194253,0.649269153521958,2,0,1
-0.31000744130871777,-1.5644422821368582,-0.27313372668700536,-1.6330113194176559,-0.2559471818620487,-1.6328919478164126,-0.23704618403952626,-1.6319917178836414,-0.2984034342247177,-1.635613459679746,-0.3020431559048606,-1.6370276918644544,-0.3056858433390717,-1.6387745210105975,-0.16267396927241012,-1.5657088444835896,-0.2576843723074703,-1.592481818614598,-0.2855674034715717,-1.4652678368170227,-0.3139511527808465,-1.4721505487841497,-0.0741704306628814,-1.10201344307377,-0.3202654903381203,-1.0448566892337752,-0.39382286417501094,-0.6805655790840732,-0.6138608086074424,-0.7178887290201973,-0.7530720688357636,-0.5398682289214342,-0.9039378775403297,-0.536495301534339,-0.8531065828353641,-0.46797909174788055,-0.9774770861335529,-0.5352870038977383,-0.8622706393328761,-0.4966406333548725,-0.9741791676097649,-0.547249867223985,-0.8291725767860969,-0.5055598915686755,-0.9439845782957093,-0.5358738524839745,-0.10058862646348668,0.09585054714208117,-0.265874549312852,0.09309560875893777,-0.5434209365885271,-0.438696101090524,-0.695660754438252,-0.41153028811857134,-0.666807180255347,0.5543264685381207,-0.7813179105808693,0.4898386177878196,-0.6121601957955279,0.8199151825571683,-0.7406070044873093,0.685111774312642,-0.890788712586821,0.6551173733981869,-1.0388444693118106,0.6061243519231324,2,0,1
-0.13880162619314332,-1.5624407070735693,-0.10240465653788676,-1.6315844209916148,-0.08679836433891189,-1.630709461754966,-0.06677532289393757,-1.6300474189457936,-0.13078939443185097,-1.6335379261243825,-0.13622858739284674,-1.63359032111292,-0.1412051227192104,-1.63309207442947,0.0037841678723933066,-1.5599434803616399,-0.10172821746417514,-1.5827765119996478,-0.1121110753106125,-1.4616234193596052,-0.14400355882868673,-1.4657219679087088,0.09133273367197621,-1.0974902974005756,-0.17224124475010494,-1.0497963997804591,-0.24639448800852232,-0.6673904637824682,-0.44760903851654804,-0.735998241225781,-0.5996664624910815,-0.569407757305686,-0.7264877908073417,-0.5875211002769412,-0.6703453248586556,-0.5381788612603615,-0.7913784898185672,-0.564506601561888,-0.6805630890619657,-0.560075147118634,-0.7930650152986578,-0.576957825724691,-0.6487689697204853,-0.5641594847628277,-0.7663020505876296,-0.5734759068755911,0.01937093552375283,0.057214433165367784,-0.13918148986003948,0.016301855795173303,-0.42611004013032205,-0.38352652604927884,-0.5756154327292083,-0.41362386334451623,-0.630504126145582,0.5863558710356748,-0.7752830953445191,0.49426550002688524,-0.6010606140492866,0.8504342747955146,-0.7218715946002588,0.6746011418951017,-0.8657300678802924,0.658589529973479,-1.0009282921351417,0.5491440604501927,2,0,1
0.004366197108268672,-1.526781406956223,0.04052714216893459,-1.5867035411051431,0.05836442286567886,-1.5876473305507903,0.07760376379814328,-1.58903697169135,0.00968453559098714,-1.5868360732400637,0.002961665410825062,-1.5872440497840643,-0.002263251818746532,-1.5877194354465722,0.14466168759467282,-1.543579746930967,0.03566083403543737,-1.5487995976640054,0.03278775978191248,-1.4344383907727527,0.0007435285140176708,-1.435476528269693,0.23990070083915327,-1.1142959899739469,-0.029262735416710144,-1.0746165484306738,-0.06446895481360258,-0.7858950762531055,-0.2895780915564063,-0.7777922654196482,-0.3967770023730654,-0.7022225038744284,-0.5464635531162815,-0.6555478370690678,-0.495948605511919,-0.6510050432751718,-0.6285373369060507,-0.61693705557502,-0.5021939892871082,-0.6762263101631043,-0.6248457145297152,-0.6253188944370561,-0.47209207978768236,-0.6826706466070322,-0.5925459341196143,-0.6356051181301061,0.1678677245932942,-0.0008851833221280447,0.0008532614145393958,-0.056606017900791436,-0.3457047401500622,-0.2309303234190306,-0.45762636717408534,-0.35047789273696894,-0.614964810559313,0.6143399849842658,-0.7614184422220681,0.4797417080627868,-0.6056377611611387,0.849957035536714,-0.759698799154883,0.6768827953582021,-0.8738549982961746,0.5901792223218709,-0.9895005002720245,0.4206236021990522,2,0,1
0.13247663985948677,-1.4386547044729794,0.1628266841159482,-1.5093483956108942,0.18014817075100586,-1.5162961688078913,0.19898367483785656,-1.5225928972003855,0.13415822241613048,-1.498514495999925,0.12857173033641636,-1.4982494935166268,0.12351116531145502,-1.497872842749971,0.2668023145528678,-1.4912270203890379,0.16000674628947772,-1.4826056350994552,0.17352860767088452,-1.3660929589913855,0.13935990790550154,-1.3661007440958144,0.38288192878044386,-1.1145339917379162,0.12159182813701422,-1.071743597750235,0.09988819272008556,-0.8290264083855382,-0.15166855021783263,-0.8125951422632717,-0.24282100150256822,-0.7692081374155467,-0.4422333621218453,-0.7118944457561119,-0.3640019598735428,-0.7222289865258555,-0.5180461919275675,-0.6730618505723832,-0.36242417870928445,-0.7352396260497642,-0.5125840143725436,-0.680335485997619,-0.32711341648148956,-0.7391240224405299,-0.4801285318738647,-0.6862884958509224,0.26979673757701467,-0.018610753948971822,0.10484569779117854,-0.08184928079806277,-0.27611529811019025,-0.14659885934487854,-0.3555265761852736,-0.23104821214323976,-0.6171562556695069,0.6441267831139501,-0.7227959212848337,0.4853734278920403,-0.6099166028429689,0.8534660168916857,-0.7652314133690257,0.6793092764782973,-0.850932932249579,0.5827470426270751,-0.9875068956727937,0.38545643189739043,2,0,1
0.2526722264413169,-1.3153125763979232,0.2787266230762286,-1.3884363940619755,0.2960216650708452,-1.392438370244235,0.3142739041909588,-1.3968813787710461,0.24427691811288793,-1.381975993116845,0.23622637869488192,-1.3807815356658957,0.22957740522025136,-1.3789962752899527,0.37724625461243283,-1.3959665672141064,0.26908767520855337,-1.3764548711997164,0.29662692604692115,-1.2408528718857965,0.25794212427425556,-1.230902519840965,0.5122483683795255,-1.0846379550000549,0.22764076781374631,-1.0454639273792299,0.2722392831983124,-0.813689011222076,-0.018799555064260263,-0.7936620154383441,-0.0640905740237405,-0.7460745142454228,-0.28900965536000994,-0.6856209540394154,-0.15550895458992064,-0.7081959032869506,-0.3548768288981754,-0.6511818763614856,-0.1656854453824489,-0.7236254859726979,-0.34765422915752925,-0.6627158175056255,-0.1331434617234488,-0.7246763514975141,-0.3212155202246192,-0.6661053036862679,0.33785140188661655,-0.0383962879223214,0.15787486340681917,-0.09875432613271706,-0.20187234079121116,0.00036438772525448107,-0.29162075467084786,-0.09811841903127022,-0.5921074968098722,0.7014004370934649,-0.7085405300639034,0.484268190209308,-0.6109575825208913,0.8882881711367521,-0.7630122878875288,0.6397779990653458,-0.8398228467910129,0.584628566437147,-0.9745024348031938,0.35456711469286956,2,0,1
0.33175035147607757,-1.2094826082298897,0.35100452117888276,-1.2744800743875688,0.36572281718061767,-1.2783189958826229,0.38367773945539874,-1.284618628242642,0.326653208817609,-1.2698416350249748,0.322494480175539,-1.2702646256989454,0.31881150791523555,-1.2693926940029079,0.45521840052594414,-1.3009449808147475,0.36054955350106643,-1.2701995026825321,0.3724518660150884,-1.1465084042121232,0.33857825877948683,-1.1427311456870697,0.6024409039308684,-1.0273938349881355,0.3050995911272945,-0.9778107520266044,0.4736503149133534,-0.6519686662011498,0.09802841777318021,-0.6849301804877076,0.14948919377911168,-0.7380149539921261,-0.1262681023549491,-0.6837673577468186,0.05905050064011199,-0.691994483104966,-0.1972843192477758,-0.6487359942668611,0.05553707065403802,-0.7067660391068415,-0.1989693618508324,-0.6570723582331855,0.07536560806137585,-0.7097468690915093,-0.1655374048252135,-0.6601557538793771,0.3596005121992569,-0.06401719017093777,0.18605768287797653,-0.1424537237422876,-0.14597603243018195,0.1216995653077731,-0.23925591796647389,0.002924822070761397,-0.5634620197040826,0.7413792962245352,-0.70286036958487,0.4892941547701409,-0.6092802014491774,0.9186752873190654,-0.7620644823165811,0.6593406071912392,-0.8176539587046425,0.6133620275802917,-0.9690230805891917,0.3623784166160444,2,0,1
0.3654465077599346,-1.1428468100957276,0.3858444699483581,-1.2079047034925454,0.40192281133651425,-1.2135865939947852,0.42072025491282367,-1.2230139847389319,0.3591727021749256,-1.2069046265061463,0.3537839270330884,-1.2095237580675855,0.3488138175072058,-1.2114922773303232,0.4984843037492194,-1.2472465433643933,0.3841161767651409,-1.2123698933883247,0.4030206346340762,-1.0916160036031644,0.37157400281091457,-1.0791955491388185,0.6491695721748866,-1.0127853954600083,0.35342037501356716,-0.9472784374680376,0.6316301026158195,-0.45983389534586594,0.23072366916759315,-0.5068497474421505,0.2973730603412344,-0.6499940918571896,0.06126122315174899,-0.5899921912811449,0.22878283027615823,-0.6519560617463601,-0.02359122505370892,-0.6006933733975641,0.2220681159196836,-0.6943866109071052,-0.01974167627324408,-0.6345795850879554,0.24177036163295249,-0.6871993530691045,0.012183677685752192,-0.6247406959668521,0.3689935496254476,-0.058674878509501704,0.19910082212354868,-0.15283584015020793,-0.0962272379600928,0.14919185837339508,-0.21994020886675447,0.03464751616843376,-0.571741910770026,0.7426973267616577,-0.6950722994018956,0.4902555533805677,-0.6210831612019162,0.9202404640285341,-0.7557758479612313,0.6842163637302316,-0.8539425547633253,0.6267640230681106,-0.9697032268554885,0.35397025668665344,2,0,1
0.3469856772703608,-1.1852619126207011,0.3760695916858925,-1.2527656881121432,0.39201200267925823,-1.2582915058065463,0.40904803548525603,-1.2668489420240343,0.34635792599260135,-1.2510896663443771,0.34140734101433406,-1.2529682244003808,0.3373148475464529,-1.2542827948910904,0.4785603679193559,-1.2787597810810023,0.37720176830141056,-1.2512652636998292,0.38564922447220457,-1.1287944494553797,0.35176993287463904,-1.1195436446513742,0.6426772893735235,-1.0145098578775542,0.3452111677529149,-0.9513872425832937,0.7104764045409194,-0.4571079966379732,0.25618862218145905,-0.5196092864549553,0.4301318283019403,-0.6326808846189055,0.12874547409557577,-0.6385983054233912,0.3479965051152568,-0.6497829054529197,0.08578183064107994,-0.6490904018780056,0.33875397970802495,-0.6974560427945591,0.09590246639865796,-0.6914370449132391,0.35529374299995153,-0.6941787609761619,0.1216677020119245,-0.6836069598809659,0.36888480530961526,-0.05907426672401321,0.2036720377272645,-0.1596961236021945,-0.10214811881099138,0.19057623778659852,-0.2158551297840437,0.050347723912900204,-0.589926678985089,0.7538730295289817,-0.6920662605076485,0.4897484094349132,-0.647748008882523,0.9238742542005407,-0.7574223357614019,0.6891155423046509,-0.8654133500604306,0.6265529602369269,-0.9711495262560587,0.3166222685602086,2,0,1
0.35619409650580885,-1.273949080836283,0.38492928767216,-1.3400438759991793,0.4048233188151696,-1.3484038424249627,0.42390992341312406,-1.3567774018902252,0.34869790595237543,-1.3353640396527173,0.34010908217099933,-1.33679798174467,0.33276315649035243,-1.3367885901901209,0.4857926063607236,-1.3576296854655612,0.35815124704461865,-1.3131055610788713,0.39478053410188063,-1.2093112123593677,0.35533921789566325,-1.20800368553457,0.6410204214341144,-1.0188889173322708,0.31993552870706615,-0.985194985363965,0.654161677710108,-0.4028460659146696,0.22322377142157454,-0.5125976259724067,0.3806393244125742,-0.6353421546027297,0.08721033551724114,-0.6387808228716689,0.3053642846778773,-0.6581570827836132,0.0255537913173384,-0.6494079847094705,0.30537639484032225,-0.7188273901827683,0.029267409703012816,-0.6902999253742741,0.3206883359480328,-0.7187562120851325,0.05700116457901707,-0.6822466673483722,0.384967101036529,-0.06462541690108183,0.19382968855974833,-0.17338826869634785,-0.09790857337056419,0.20024187744088712,-0.2190539426927209,0.06037370268646961,-0.5952151127809536,0.7627092466288764,-0.6933882453835285,0.4895286964876974,-0.6499228951991698,0.9287489653038977,-0.7613304581847128,0.680908065067205,-0.8852275529897724,0.6705291615595252,-0.9711963604557182,0.31988657520455754,1,0,1
0.3402242522873127,-1.3075892585121036,0.3679666572793491,-1.3763572484616398,0.3868869325033145,-1.3817615938123347,0.4052575546399819,-1.3908464399616096,0.3374532494029668,-1.375845655884883,0.33198884753239166,-1.374712058178874,0.3281499260373377,-1.370609060998668,0.47458823463740735,-1.3906748587314584,0.3418336681616313,-1.3440776722511283,0.37802995512494275,-1.2377046003693641,0.3421099775823144,-1.2295042903709161,0.6241801283966149,-0.9965710001039757,0.29551402683284606,-0.9861331522341913,0.6238239907622639,-0.41325697485166824,0.17154748395335717,-0.5096641244797432,0.35586415636572666,-0.6251788861304219,0.0006864377482056923,-0.5759596023345845,0.2747646227873462,-0.6333316204906931,-0.07378636551105536,-0.5799697961270744,0.2817331562628204,-0.7011353078622774,-0.08473222233809742,-0.609384144975033,0.2681205922361626,-0.6930088945693611,-0.055599125834268834,-0.6102683104066017,0.37526710806428426,-0.04716182121692505,0.19239179212903798,-0.16518153289741902,-0.10897231892181541,0.18407135053044582,-0.22568462735059786,0.052910135427785894,-0.5916969870176051,0.7572964983083217,-0.6757254498844606,0.4924566371914832,-0.6412322471947871,0.9283881318922722,-0.728807999073328,0.6737798751643952,-0.8835892210132893,0.6631923802872551,-0.9689008668069665,0.33831873673813917,1,0,1
0.26251655277821184,-1.3936296765814866,0.29716644614115295,-1.4597212588441424,0.3156201093917287,-1.4613797332336718,0.3361527662440809,-1.4618743962976228,0.26345817969485097,-1.4552544007116999,0.25619405939725065,-1.453649000962682,0.2510306815645933,-1.4516091182426791,0.40079088186716855,-1.441803099562498,0.2818829268432622,-1.4233787231333452,0.300195963921773,-1.3153169014559392,0.2596849990816411,-1.3210274609141712,0.545627930416607,-0.9987541658173961,0.2027064376319078,-1.0180976788615044,0.40914763539271154,-0.45030455680562625,0.009163798605853639,-0.5670649351649301,0.06724191337635535,-0.5735045758315833,-0.21569893340312088,-0.5665362895022814,-0.013112474492401223,-0.5508956439853504,-0.2811766045736686,-0.5375475263631031,-0.018392011026061333,-0.5990582543213215,-0.2751810855787215,-0.5623275137603114,0.006641919063232735,-0.6010392544657627,-0.2476336789166663,-0.5697583341511592,0.34632851559809213,-0.034650787680414324,0.14870623470511882,-0.13838841635336452,-0.13214820408741054,0.09833486046650546,-0.24379253310606122,-0.06974035408395934,-0.5737020270629039,0.7215599032255743,-0.6761591914169283,0.49256389863028144,-0.6191682726585777,0.9198529388302953,-0.7113164758716961,0.6723204770166907,-0.8272369279642813,0.6288719327720516,-0.9632420844718411,0.35801702811265057,1,0,1
0.16483894825119116,-1.4519856454362488,0.20073099827634439,-1.5088309333125443,0.21928796862696087,-1.5109288335965052,0.24067525694328637,-1.512657559285524,0.16977297443591124,-1.5070428307556194,0.16394650342284894,-1.5062360220759952,0.15992444661408645,-1.505619207016362,0.3001569148265423,-1.4729681701088142,0.2004193469530158,-1.4674525471940203,0.19922810240230698,-1.3601448920615289,0.16399321404942238,-1.3564903416110452,0.41513499856397124,-1.0399177201256082,0.10801089882041667,-1.0171934945899757,0.20376496468806668,-0.5784146288375859,-0.12755647535138998,-0.6059925580519258,-0.15989036193327458,-0.5239422531485294,-0.32938617268238546,-0.5226903342125095,-0.2244874512917527,-0.4674857879878775,-0.4240733085240168,-0.4724982830823175,-0.24458611946546496,-0.5084402566342846,-0.42576131688114155,-0.49049633236417295,-0.21760492468425496,-0.5196257216754163,-0.38569941663616275,-0.5029296384294808,0.30220748661849894,-0.03374647983579948,0.1128146789723103,-0.13002152983475532,-0.1890113482746582,-0.08006463828755066,-0.29458008293852156,-0.2110459309767425,-0.5694439456595507,0.6711920075937579,-0.6766957457570919,0.49168455254907356,-0.6040285924329925,0.8857774131718867,-0.7113065900248023,0.6621158115605149,-0.8331872192096891,0.5257788613165804,-0.9438036672975518,0.3688301674451427,1,0,1
0.038391304947518495,-1.470536066413298,0.07889436111013527,-1.5302080886358036,0.09807784700764945,-1.5314000128384864,0.11951011592734194,-1.5324368528180219,0.048003066736235625,-1.5286518091885395,0.0433169281623788,-1.5284767679119753,0.039498766945801934,-1.52837457296971,0.17692884471002393,-1.4863661494713323,0.08098422914349498,-1.492327068002151,0.07112309686688051,-1.3865282402518333,0.03663928573175609,-1.387096985380945,0.27285986723707384,-1.0625240569370313,-0.011785299546901981,-1.0195979797007322,0.02545048421729768,-0.5957041100433247,-0.2664202480613924,-0.617902902816549,-0.34300590394804137,-0.49057789060104723,-0.5048298032151807,-0.49183586461828954,-0.41009991108573346,-0.42320683260415504,-0.5804730907466735,-0.4374806362149252,-0.4468253380040382,-0.4653883819962612,-0.5852098942858612,-0.4519378222855763,-0.41175406041724677,-0.48008752416963923,-0.5539046300732817,-0.466022806220674,0.21405959135097644,0.0017758395155237857,0.029686569611312018,-0.07371421738911434,-0.2574757809380101,-0.1731297538000737,-0.3881343007261178,-0.25853259653134664,-0.5790146811836584,0.6400397268618605,-0.7001956395546329,0.5025441553619668,-0.6022217067669692,0.8747880586185118,-0.7294308074276405,0.6389124931697894,-0.8356850020005062,0.5417981347695457,-0.9417039134172982,0.3735437392441299,1,0,1
-0.08521168591244911,-1.4855867740168385,-0.042275722829256054,-1.548486587036729,-0.02422985076305157,-1.5474329411174739,-0.007118191228315823,-1.5462593675180878,-0.07226246221236853,-1.5515912990402854,-0.07725703920931343,-1.5522539597148888,-0.08177116404721728,-1.553342823963703,0.04818990924252937,-1.4959335485221132,-0.04067075558603966,-1.5058752504509128,-0.061340331417871694,-1.398992130655969,-0.09101467803913853,-1.4011295743275054,0.13954378465772713,-1.0742832718172648,-0.1244990300532948,-1.029484320886926,-0.15112136859225808,-0.6280494889222233,-0.39659015986677165,-0.6560565874648425,-0.4860531199173484,-0.46372867187587014,-0.6639323759786158,-0.4810607857963387,-0.5928580797352876,-0.378121562833153,-0.7350281739389379,-0.43148956585108034,-0.604634347701413,-0.4015549743103329,-0.7368780630389494,-0.4362232800631138,-0.5640586305641264,-0.42045621927902765,-0.7099356702067978,-0.4451274623604037,0.13515125573661763,0.006786975306015893,-0.03775171214445836,-0.06406142933578773,-0.3289860430293569,-0.25218118704822096,-0.45327016874031073,-0.34898142266341253,-0.6071722917452365,0.6228237716423947,-0.7016426803937201,0.4519263949499083,-0.6027199534504192,0.8435243149628864,-0.7310204516081715,0.5687027142373284,-0.847080417715046,0.5270976332922198,-0.9484154148735324,0.3773742577693241,1,0,1
-0.20986504800488817,-1.5106208276792188,-0.16802270673432718,-1.563650425800661,-0.15216654975511026,-1.56161598029645,-0.13629012678976096,-1.5598685332848758,-0.1986250872327541,-1.5681447171582341,-0.20432304223619638,-1.5688450676241201,-0.21006919074324615,-1.569935661896141,-0.07718610825785006,-1.5041906403536578,-0.1628818192033533,-1.5234737261586273,-0.1839885966140658,-1.4163406797968985,-0.21824725758618282,-1.4223266836642103,0.006732127416139108,-1.0787422830587354,-0.24408144698153397,-1.0366352482375918,-0.33846335730031774,-0.6317360448020258,-0.5254175736639661,-0.676522267704489,-0.6879302693134344,-0.4553884771438743,-0.790245571764532,-0.4605685373431651,-0.7864760983439074,-0.3742781927069968,-0.860630948052445,-0.4063392299146112,-0.7957702773011596,-0.3941992863558783,-0.8633354686164297,-0.41221834306238325,-0.7687441019165826,-0.4138403633914915,-0.8345052497468115,-0.4211979049422387,0.054716298215676196,0.022305036321463165,-0.11800353435169125,-0.0463393187553568,-0.40868475210287897,-0.3273959231168654,-0.5598685143581685,-0.4156039984773542,-0.6301514485576439,0.6276868668756515,-0.742254975164514,0.4691131869210373,-0.6073025377780629,0.8477636132571412,-0.730519733462998,0.58921634083441,-0.8835223679736697,0.5454423050807908,-0.9581024326717289,0.44890157294656285,1,0,1
-0.350428692088288,-1.5287493701400732,-0.3057209380955448,-1.5832244026504823,-0.29213729017105144,-1.5824994611404477,-0.2776718247036268,-1.5812663253135262,-0.32795223059043266,-1.5853176689437116,-0.33012118539894314,-1.585262926066537,-0.3316690618763476,-1.585373585765205,-0.21176461348554126,-1.5176284720364668,-0.27899479816419614,-1.5418313113347035,-0.32789662270165476,-1.4328616599797268,-0.35440156680875357,-1.442300666593974,-0.14196312002979627,-1.0809721593987294,-0.3469632084596492,-1.0364008300931213,-0.5139546870443757,-0.6542286943741699,-0.6364425543747172,-0.6772268814418481,-0.8864120010207417,-0.45619775728522205,-0.9576474365684395,-0.42009625087900543,-0.9743917133179826,-0.3836543006203818,-1.0409814186910022,-0.3736797282506604,-0.9848116430902719,-0.40555997803320354,-1.0411538031462138,-0.3696729945045834,-0.9580273002353357,-0.4193906485569569,-1.0019097095855287,-0.38122744878102804,-0.03971281702202568,0.053131331252035764,-0.18682978901135805,0.015058710548271778,-0.5188889603752682,-0.4092838529850303,-0.6325532150605045,-0.46628947694063555,-0.6524694893590254,0.6059036503912273,-0.7584213005900253,0.4667260020423451,-0.62654954024187,0.8428019067011183,-0.7528286298560026,0.6361780679189507,-0.9129133615083415,0.5790556673969118,-0.9795610226587763,0.4564130865626817,1,0,1
-0.46969204330802816,-1.5297124987737063,-0.4202254897667584,-1.5905744062429727,-0.4040809132044134,-1.5906814205355988,-0.38772601524940187,-1.5887267414585124,-0.44632486700503704,-1.5913185015813642,-0.4496756748097072,-1.5915971588906845,-0.4524825138890433,-1.5920589515137136,-0.32542590241670954,-1.5236800932125365,-0.40798063265786455,-1.5480928213976384,-0.4413468488016393,-1.4372785945853555,-0.4774156083400201,-1.4476731918749794,-0.28430003789978026,-1.0914135908880127,-0.4315017810262274,-1.036736825314426,-0.6599698813973887,-0.637697334052103,-0.7277519434788926,-0.6762128406967115,-1.024673849227995,-0.44647539758438,-1.0578974620303259,-0.42519673001080066,-1.113922904266406,-0.3553298663924701,-1.1405184274456697,-0.37999678441583,-1.1267279181749226,-0.3776312248272181,-1.1397743938938214,-0.3718190882921519,-1.099834213138723,-0.3981845183849612,-1.112598571501889,-0.3860138051277713,-0.13555709124258206,0.06508183726966524,-0.25401054445554366,0.050841521965247966,-0.6055438456156471,-0.4579250618837498,-0.691187161572613,-0.5012179040398108,-0.67206595651053,0.5598815730539469,-0.7632730270993542,0.46132709390744175,-0.6358533578998438,0.8026050646460385,-0.7400111350657825,0.5936437173658203,-0.9475453367737875,0.5787442632197556,-0.9853722941822394,0.48305717396481146,1,0,1
-0.5631822502369868,-1.5478251003064443,-0.5188298924400775,-1.6043890122655238,-0.5057652514775112,-1.6027568589433492,-0.49191814573329673,-1.5999447062213077,-0.5363053511405068,-1.609968522465869,-0.5373982315146218,-1.6113265288963685,-0.5384051050207603,-1.6127185179255656,-0.4358362305968355,-1.5312164450189762,-0.4901713165871536,-1.5569057449707893,-0.5469496896372865,-1.4547117295037706,-0.5697635056603945,-1.4669728364734962,-0.43588986131623464,-1.1009126540221401,-0.48548072938219455,-1.035214899185118,-0.8073856531090876,-0.6019459101990149,-0.8350665187042098,-0.645263837691569,-1.1707792519339142,-0.3260074559206243,-1.1592283812769686,-0.39568488199785146,-1.2452892506921134,-0.22260149741096272,-1.22940133542975,-0.3368661937219143,-1.2534575552612424,-0.26043759922779136,-1.2311654648079573,-0.33360732429335693,-1.2292544070302902,-0.2834533336737062,-1.2128439011865007,-0.3329754951037538,-0.24203680669771363,0.07803896964726091,-0.2978987617407867,0.06973386967173828,-0.7129377547622874,-0.479622642219456,-0.7348816162587366,-0.49495559075181594,-0.7194557407655745,0.5144941670872516,-0.7539355975619414,0.4041780015987895,-0.6887199013340806,0.7888773305030673,-0.7031300060588997,0.5570361791717248,-0.9804529731947739,0.5185046080259138,-0.9631765907361693,0.4810456512680855,1,0,1
-0.6563499314110335,-1.556229491256707,-0.6089856032117407,-1.6112685113324103,-0.5970983666142319,-1.607829039838411,-0.5849847441228538,-1.6039712734477156,-0.623700686313235,-1.618445203671543,-0.6223989674234875,-1.6187007528137491,-0.6204680143789464,-1.6188583702851629,-0.5299097024925311,-1.5319263723990408,-0.5573211787597959,-1.5564313478929708,-0.645332402194011,-1.4651230709465708,-0.6606463204711003,-1.4763721143405386,-0.5452814529739495,-1.1000735927670247,-0.5760951434497324,-1.0113912439018033,-0.9249848455773345,-0.5848197926131968,-0.9272997402006155,-0.607892864971096,-1.2768361002881614,-0.2511575076023629,-1.260063772448057,-0.3395107813391051,-1.3545309481963002,-0.1433963392436161,-1.3292394917954213,-0.2704089586972723,-1.3702222586785622,-0.17352667055286175,-1.3383745086176826,-0.26445570169779636,-1.3426130654734205,-0.19877784212764815,-1.3188415580324708,-0.28085879315641543,-0.31925219103150076,0.10119360024203426,-0.37203075042838235,0.10871895404380454,-0.7967072084405241,-0.5104386805838762,-0.8079125687485298,-0.5157488632429073,-0.7483535541133295,0.49597451580865937,-0.7208162804443404,0.3732946159024049,-0.6998019357020854,0.7778850101956242,-0.6503064660586512,0.5030972684956777,-0.9871177640244345,0.5200181311853621,-0.8590845544520747,0.477662467314838,1,0,1
-0.7309996913296944,-1.573838038170945,-0.6841489328765371,-1.627055343810284,-0.6733016873722611,-1.618531457685692,-0.6615523583389216,-1.6109519788721778,-0.6953486088225788,-1.6381755622619163,-0.6928699798601184,-1.6366757557150333,-0.6892381668574906,-1.6347027878211933,-0.6119029166301155,-1.532079355879723,-0.6289211549117044,-1.5580407637672895,-0.7228090200319681,-1.476729364132665,-0.7357404492076397,-1.4857831934373107,-0.6294671008064172,-1.0976707141063884,-0.6401228080271248,-1.0450702235266822,-0.9858088778956889,-0.5849874812911338,-1.001372537379934,-0.629435484656741,-1.3615544716951216,-0.27714937625567093,-1.3505528834062153,-0.3529843256438182,-1.4449350408711714,-0.1690602449262207,-1.4144663664519839,-0.27826944270874404,-1.4558008223383734,-0.20165585930461996,-1.4381503841479228,-0.2777538957932298,-1.424073803182685,-0.22917336127982127,-1.4058557938074412,-0.29649400145755483,-0.35155197144160155,0.10142542335169502,-0.4118380901158445,0.0980143118809724,-0.8109317063899113,-0.4907651038265995,-0.8642020866697618,-0.5074688486038778,-0.7425725579959789,0.4724417515701963,-0.6990387483218803,0.3736381490819662,-0.6790129882690101,0.7084782091771161,-0.6222781129452102,0.49560280796545064,-0.9676547558059968,0.5419286279485446,-0.8288259542793813,0.5088315539864549,1,0,1
-0.7801906768887982,-1.5705427764685096,-0.7385764515353127,-1.6183263881491876,-0.7266640060282246,-1.608627816267434,-0.7135511715620507,-1.5993039797695001,-0.7524715036369622,-1.6293814835844067,-0.7511660775546295,-1.6277725002158896,-0.7480723017691995,-1.6255853183771687,-0.657191958420217,-1.516644274191641,-0.6801379976455302,-1.5456487928993066,-0.7652437706776429,-1.4694422592410366,-0.7811429310908481,-1.4820018570004134,-0.6709226583172564,-1.090654357846565,-0.6735280732661303,-1.0446742953585837,-1.036469147449391,-0.6107768136562041,-1.0548869745049765,-0.6471585838218613,-1.4012051207093161,-0.3349405543200787,-1.393306452614217,-0.3570832449121804,-1.483806932296303,-0.2330261229605266,-1.463450737811006,-0.2903118871024863,-1.4908256364447636,-0.2615107079081187,-1.4874567869695121,-0.2843971849058964,-1.4683552300281308,-0.2835601008201597,-1.4540756184823105,-0.30324702347074317,-0.3589008628763167,0.1001068985222279,-0.41055639006605693,0.09324587363172428,-0.8555265145818922,-0.48297394431647084,-0.8764819149620426,-0.49685206690531475,-0.7324808383405653,0.4846475595838594,-0.7018223556610158,0.39522785011344325,-0.6781516838583835,0.714642034715431,-0.6343769066662475,0.5194499421351382,-0.9601515215866515,0.6111364762983139,-0.8467496125633607,0.6059978130828911,2,0,1
-0.7762828016116595,-1.568935584909742,-0.7330636090149577,-1.615894716959473,-0.7220389125589373,-1.6074438625288092,-0.7102038238037934,-1.5989956649194983,-0.7462043709986067,-1.6251567669143203,-0.7441782666777123,-1.6237294977690209,-0.7411672848600181,-1.6219648123119257,-0.6576864979110818,-1.5192142854513264,-0.6825758474895534,-1.5457342436883952,-0.7640693320666537,-1.4704428305197803,-0.7808139795354553,-1.4809309726356372,-0.6641268800162522,-1.0995130652481433,-0.6676897392367954,-1.0517925994144997,-1.0256995058432319,-0.6636717789002607,-1.0383983704707256,-0.6640387909661949,-1.3783857438973304,-0.39319340143442916,-1.390215024717424,-0.3785282418597487,-1.4634213274164969,-0.2922366614927187,-1.4577248552900888,-0.3165046855939118,-1.4716252210344438,-0.30983964761807875,-1.4637513911296653,-0.3226299563293407,-1.4456833994810359,-0.3321327266560532,-1.4437487392439095,-0.32690706798796454,-0.3442782124432798,0.0954620333591529,-0.3967028585213615,0.0913903001697488,-0.8579322354235104,-0.47919149572179803,-0.8870574232498238,-0.4551802564936726,-0.688420360173197,0.4892333568117437,-0.6831440365397774,0.37820887039333734,-0.6350293725612415,0.7191190876274829,-0.5923017537013363,0.507135636951815,-0.9136441727399693,0.6316441713872591,-0.7824303155025997,0.5902002297465203,2,0,1
-0.7587598908461397,-1.5693352202704258,-0.7125546781951507,-1.6217961968358425,-0.6959555998218611,-1.6164830484227433,-0.6819438947268641,-1.6107024230246512,-0.7381343070329853,-1.6262638581933453,-0.7410696621219415,-1.6248629101154006,-0.7328256072509883,-1.6233891774897,-0.6170947162725927,-1.5396542007025056,-0.6631657285519977,-1.561061384285705,-0.7331585131451387,-1.4748844797426437,-0.7629458055671677,-1.4826428305983934,-0.560284955658572,-1.1193617450685274,-0.6403079205102121,-1.052106845772638,-0.9458548569549393,-0.6847492694895502,-0.9371072417578308,-0.6929924593489001,-1.3082875514616839,-0.43701068776820884,-1.2779443037249618,-0.5045716775985492,-1.3634023836257543,-0.35861864050788134,-1.348962250640995,-0.4538994214554883,-1.3745612804533587,-0.3858747854058265,-1.3563556283867324,-0.46081679567328687,-1.3483038532378646,-0.4078295213338589,-1.335173965685799,-0.4661675103045827,-0.3034133342843481,0.09490348300965043,-0.38100957086972076,0.10588542317785504,-0.8452940451813276,-0.479110802496527,-0.8853432173984305,-0.44733089405995646,-0.7242946156739413,0.5802372732468992,-0.6836207815062332,0.42442248601418603,-0.6556149186944757,0.7866861325390457,-0.5974322610930716,0.5930782469234921,-0.9469982787212992,0.6525065212335213,-0.8003518730441139,0.6508474289785611,2,0,1
-0.5828800473191534,-1.5618853078377644,-0.5465488185457409,-1.6220245598990903,-0.5325670181375978,-1.6187406051340398,-0.517568952668767,-1.6161741774938536,-0.5662006464398512,-1.6257922415099655,-0.5672151814773324,-1.6245277799056992,-0.5663879832384896,-1.6233483365847199,-0.4461555718769799,-1.5557178986799503,-0.49919931911678894,-1.5703293039621455,-0.5565221551846006,-1.4724796239126288,-0.5792512000705937,-1.4778908893561493,-0.34418133114372,-1.1493909935932833,-0.4953401316356026,-1.0384541204929738,-0.7207107490287487,-0.8241184561220006,-0.7769043742351104,-0.7451274501129921,-1.0916767830011775,-0.6686329911639388,-1.1124228505733507,-0.6454965258128329,-1.169889031421123,-0.5807484301430512,-1.1831445928018267,-0.5788613455441016,-1.1745099234054805,-0.597278307588084,-1.180404236042852,-0.6091618369930076,-1.1521145258521548,-0.6172687257383086,-1.1591114811374488,-0.6026626340988189,-0.20868443073959025,0.08533546609343858,-0.3219411413866277,0.1125835787407825,-0.7351230780691188,-0.4814145755420523,-0.801075764182916,-0.44759880051077977,-0.69445863545596,0.5404133747658898,-0.7072815674619717,0.4541215472526875,-0.6457532921255166,0.7611408570191672,-0.6366793204078248,0.6246748964732679,-0.9621813331001311,0.6295491132842802,-0.9164396430953775,0.587542419809109,2,0,1
-0.38769413339316916,-1.5478959076848215,-0.35744418333650796,-1.6122687118918955,-0.34303358431934416,-1.6123461304303828,-0.3269500528615687,-1.6131836470219212,-0.3774432516027647,-1.6141242235673279,-0.37905761040053026,-1.6140434067689706,-0.3802597293828223,-1.6143583327790827,-0.24694068104940747,-1.5578768440684807,-0.31987697655519204,-1.5695562925215896,-0.3589606722500244,-1.4589601104198593,-0.3818335562083231,-1.462015084256231,-0.12742919507263167,-1.1469383149789194,-0.33950458412441237,-1.0402727456021834,-0.4832991701188944,-0.8766716182097024,-0.6390094145207051,-0.8051069839604394,-0.8676324755419275,-0.7227998941839754,-0.9498952025804555,-0.6569757240797982,-0.957525717078559,-0.6663974304619811,-1.0143716846068287,-0.6446567231192005,-0.9668248389592582,-0.6736404197618457,-1.0115905487294166,-0.6435009440442233,-0.9386477038500648,-0.6739613390666374,-0.9885947095503756,-0.6341182867572711,-0.10257716456618443,0.06117569201573312,-0.23939901560026236,0.07823520370810381,-0.6456541865104057,-0.47045314850615244,-0.6950705693786893,-0.45206485541816227,-0.6782661125361799,0.542174538390029,-0.7447113609714631,0.46193754495313694,-0.6412273042713401,0.7877340323097937,-0.7362184299049573,0.6291378620534961,-0.9591460073844609,0.6438791426492592,-1.007813413777449,0.47375607491473354,2,0,1
-0.20512429012694283,-1.5227245643237028,-0.16803333401973808,-1.5969018425473809,-0.15360049184706306,-1.597527802015391,-0.13719468178054817,-1.5994785885402627,-0.1933023001189334,-1.5950628278789527,-0.1967089629585538,-1.5947952303608448,-0.1995328551237818,-1.5950082085748643,-0.06349692891776487,-1.5515979719869386,-0.14986858464463504,-1.5580352029784117,-0.1749094348267548,-1.436744388133829,-0.20188519239217317,-1.434353743208724,0.046891650399194636,-1.1465191550706202,-0.19924665985620485,-1.060948252942152,-0.27657622572161594,-0.853426284969678,-0.4729486884210344,-0.8297882364617954,-0.6541864138183145,-0.7061265483858956,-0.7362681062855989,-0.6545182261150735,-0.7551975259179412,-0.6293314361181832,-0.8061983628971363,-0.6164647592396663,-0.7562372698650017,-0.6390411913642357,-0.8029024215427271,-0.6142287042453638,-0.7325317504520686,-0.6490402312050193,-0.7746951346005074,-0.6173505311213552,0.02574508245473438,0.03803539589895585,-0.12849093502903106,0.01961682740485325,-0.476141322675403,-0.37539677628303586,-0.5878548526223106,-0.43548987379667636,-0.6451047805692801,0.5841483614242783,-0.7423881869514085,0.4753822967287717,-0.6365275726580043,0.8423666822916166,-0.7205898945504713,0.6253115450132318,-0.9295231907401282,0.6409400803677179,-0.9798153360701206,0.4643645203655769,2,0,1
-0.0545040211446027,-1.5115084531572003,-0.017844335108142092,-1.5858324744207088,-0.0020277215165005772,-1.5869579163030305,0.014225599361676722,-1.5886157110405859,-0.042570568212865104,-1.583984377130447,-0.04650686529982347,-1.5837332148328,-0.04968565936854065,-1.5837830147865277,0.08461431212291637,-1.539588706966834,-0.003968807554107847,-1.5453202738497154,-0.024263709788663004,-1.4274590446522384,-0.05350752777770271,-1.4241692201655947,0.1944470596982692,-1.144190420261688,-0.0672325433127781,-1.0689027760722014,-0.14322578982431314,-0.844758992278582,-0.31828980383638455,-0.8202474056245417,-0.5036266956481993,-0.7071561593398901,-0.5804599919995391,-0.6588010221356613,-0.5843762702465375,-0.6409701672393979,-0.6593848864074451,-0.6081533570367489,-0.5941365668848346,-0.6547925583663777,-0.6565656900194917,-0.6112379884138022,-0.5597755873973663,-0.6684308255949597,-0.6254361467354503,-0.6227501806947756,0.1552889730055606,-0.002419961052398117,-0.004450001151665952,-0.04497235327610982,-0.35337096727006984,-0.2485513512149719,-0.47168404145713877,-0.3720777267615122,-0.6201034737747357,0.616823556870173,-0.7407911283857073,0.4813738613849613,-0.6205461125694078,0.8550544253413549,-0.7180561519915778,0.6368742786864501,-0.8860178028758495,0.6059936115979613,-0.9703051513582377,0.4715070447463829,2,0,1
0.08541729003686926,-1.463880358205471,0.1197525663224136,-1.5370094277256856,0.13703599244692996,-1.5401431176179496,0.15536880121922841,-1.5423986971598673,0.09153069775602554,-1.531895973419842,0.08625412697643359,-1.5316847252290293,0.08187766255652659,-1.531481138569559,0.2224269721619303,-1.4993676445868642,0.11915447258533572,-1.5047175559930999,0.1231817194637175,-1.3873209615996338,0.0892801847106408,-1.3888976923926597,0.3355012889337763,-1.141173259789685,0.0691422202955255,-1.068663415004284,0.0367660717181697,-0.8415076608082812,-0.1899860927783917,-0.8175117446428413,-0.29312192052167885,-0.7357844597867015,-0.4544722877226028,-0.6812087769976043,-0.38825762666611857,-0.6803237465544325,-0.5477467360431031,-0.6240968801878901,-0.39662278316152133,-0.6894402274137678,-0.5415305155162508,-0.634894078592266,-0.36627867041319623,-0.6974596264140581,-0.5045863642354197,-0.6451480497098248,0.25746043638435273,-0.03160742971414288,0.0876880690683864,-0.0860421156119165,-0.27584244873592,-0.13968568661200986,-0.3784382620926306,-0.2601768600159661,-0.6206400281148994,0.6327031927357628,-0.7255639584151115,0.48181155725618646,-0.6214659906228804,0.8577386799192073,-0.734512874169596,0.6793908347151716,-0.8485257285309268,0.6027977644433522,-0.969393799847711,0.4120125352621649,2,0,1
0.1883153631623593,-1.386144669392352,0.21609484008024762,-1.4488686379106182,0.23240327455485812,-1.4548838050262667,0.25079737557789844,-1.461928150590108,0.18787890302199586,-1.442211446825757,0.18265225576921784,-1.4418794677297528,0.17776765881896703,-1.441917466453751,0.31838765222966176,-1.449313933526643,0.22168553364489163,-1.4341507744146849,0.23064136949220188,-1.3111788095192602,0.19625493394898186,-1.3039419988737042,0.4539913197802451,-1.1073126277281318,0.17733960164846335,-1.0689877943554884,0.25520374468465934,-0.7827686771729256,-0.0563153554417282,-0.8130396346542363,-0.10225365022658321,-0.7368558384438223,-0.2932378320765092,-0.7008593691608528,-0.19138642299090544,-0.6927652084434277,-0.38969774741238006,-0.6550149899214894,-0.2055550659053423,-0.7137616350881877,-0.37571940705064977,-0.6667470187227648,-0.1708569790387937,-0.7169542693425562,-0.3400233439401671,-0.6717523465782068,0.3370496597035254,-0.04560924896224605,0.1500217937805178,-0.11404105833084827,-0.18262484403505932,0.03351632813760508,-0.29201618854660183,-0.08914726012127451,-0.6077352907258411,0.6988577972723669,-0.7083781550286719,0.48163138769654606,-0.6222010033394382,0.8907302224657052,-0.746421612484099,0.673686948203593,-0.8507563463094376,0.5805269285608889,-0.9635934027558313,0.37535284922570433,2,0,1
0.2650011132488085,-1.3156705676285667,0.28774053827404017,-1.3891048008850857,0.3031263760872822,-1.3937939669995538,0.32186475172840084,-1.4009811012644684,0.26055297643892106,-1.379238478538852,0.25596025911821113,-1.3766998548430547,0.2523956698744615,-1.3733025835579835,0.39295461818058675,-1.4034676389044438,0.2969482160709712,-1.373168877478744,0.30986234501457866,-1.244453050178364,0.2736514764270988,-1.2356698459324376,0.5432691673477346,-1.0578125858805092,0.24883898930822693,-1.0343889366771368,0.424962766107319,-0.6468738714313185,0.020870865643722085,-0.7233381785473454,0.09963585647812007,-0.6828878880925245,-0.2016424948509292,-0.695974030772085,0.02206087446356917,-0.651591891861408,-0.26093236730444447,-0.6596007871493736,0.011248229423421722,-0.6768258867772163,-0.2573816182463462,-0.6711035878757979,0.03547671013703943,-0.682554858625288,-0.23141545279496217,-0.6746544605069823,0.3549042406323339,-0.06545459230930342,0.17968180592378855,-0.16861241606192937,-0.12696653743799954,0.1432457686129172,-0.252560290716216,0.01276173402248594,-0.574273923305713,0.7269316252815196,-0.7004988879081018,0.478025772188187,-0.6220922590236059,0.9198986608721793,-0.7303805901679671,0.5868103728466194,-0.821066429479313,0.6315574230807657,-0.9575449944800021,0.33205531129236876,2,0,1
0.28639309734240853,-1.2854533644397415,0.3071617787893514,-1.3584382241683919,0.32451020435719485,-1.3704210445480558,0.34500257638345466,-1.3820781262725672,0.27800841629939044,-1.3454432784264274,0.27170643605073397,-1.3446483327630756,0.2660027966853277,-1.3434244649176172,0.42104154493687374,-1.392783200941201,0.3084091255211828,-1.3415358974416334,0.3289583411670822,-1.2217881397240946,0.29464407230618733,-1.213796421095107,0.5966240716185275,-1.0530802309724234,0.27971644349647523,-1.0066129198056615,0.5828194750159567,-0.4738186615080772,0.16953151262552899,-0.5300505943711525,0.2360889654230574,-0.6295106170931343,-0.005780141851233348,-0.6362706827722344,0.1597457599314801,-0.6139908260544805,-0.06893982907134584,-0.6324654967297058,0.158382995937163,-0.6655128943111539,-0.06781605542568754,-0.6688695100508742,0.1757749192313394,-0.6732213834266327,-0.036496951027456564,-0.6678547278672206,0.3683418251689706,-0.0758070511765422,0.17735566614966586,-0.17587974925977018,-0.09754625708190462,0.26095901903970187,-0.22701526234250993,0.09210405831548471,-0.5682915030579003,0.8083368786750923,-0.7067269714512268,0.4788744721440239,-0.6146459919969863,0.9357644565521177,-0.7387200434614458,0.598256206380318,-0.8285639793366943,0.784954626455588,-0.9578566458033306,0.3305012561606557,2,0,1
0.27629569332503107,-1.2951621311011043,0.30271907919525565,-1.3706842552216045,0.31911450912253203,-1.379857332554407,0.33849670054261255,-1.3905109390326496,0.269477177576171,-1.357156894837863,0.26378268261914156,-1.3568358519599852,0.2587700639516154,-1.356312519940042,0.4051994752894806,-1.3946036796467032,0.2900130473287637,-1.357962838505884,0.31774235357366576,-1.2289816997894902,0.28215676480222185,-1.223704263998295,0.5883859482557108,-1.0555930896797538,0.27791153499983073,-0.9960890650679005,0.6787776836219647,-0.46241756143157337,0.20069491493518185,-0.48242453837534516,0.3693556187679348,-0.6007199416110913,0.07445363868541827,-0.5777968869798065,0.2787159957908177,-0.5992644978021444,0.02395277841287954,-0.5563731446030599,0.2697557113124052,-0.659653800003342,0.03658886791259745,-0.6037262276515108,0.2884404562341247,-0.6614868831636339,0.05784615734226882,-0.6100363637238547,0.3765794542394427,-0.07362252615917389,0.18823899499510433,-0.16767251916849665,-0.1072240068986382,0.27060538129254746,-0.22054200979641755,0.10731491663870563,-0.5727665788005735,0.7865319133275016,-0.6991882717561497,0.48906949889947815,-0.618020031541857,0.9473054413621695,-0.7397486658307508,0.6483650928235155,-0.8523064471023932,0.7586669238339815,-0.9622926724507731,0.3375108159007394,1,0,1
0.26643431390224426,-1.3089979916944772,0.29196772640585006,-1.3812925103772216,0.30935075243782195,-1.3902297484750628,0.3285873747623906,-1.3999147273173373,0.26137622033900637,-1.3700730627373923,0.2543802536384017,-1.3697072246157767,0.24809260786774134,-1.3690851576999812,0.39774678246238004,-1.4013004141191396,0.2861313695458939,-1.3601940741498257,0.3061724526614495,-1.2413497592652987,0.27130482352067137,-1.237342654799963,0.5741787505383878,-1.0504624587149323,0.27764931291097134,-0.9900106285321312,0.6244233202302035,-0.42140229482676905,0.19683918750040835,-0.46940623732009384,0.29223489141815634,-0.5728668151338439,0.045410009095979004,-0.5270588899549015,0.2109949788138832,-0.5475156729323435,-0.02227368880893118,-0.5116269593805169,0.19917892031401008,-0.6143882370996133,-0.03140079695367736,-0.5623163921825558,0.22472271295685442,-0.6201945656996294,0.0009909218325362444,-0.5605594300433464,0.3756190442137053,-0.06985478276175565,0.1892819518424054,-0.16229634848144917,-0.08743921436380565,0.2489412892631942,-0.22986115051707673,0.09604109684096011,-0.5711989306293813,0.7786435017985548,-0.6990644515238043,0.49484802355510527,-0.6115247829864259,0.9448656143487676,-0.7468467039005345,0.6589056299279098,-0.859046988233878,0.7400187565457693,-0.958622181072173,0.34003862695149656,1,0,1
0.25875053940400006,-1.3136931511036245,0.2858483871785575,-1.3876876647328524,0.3030136774326923,-1.3936237450733504,0.3220061193389829,-1.4008873092920628,0.2537717797620853,-1.37562859975902,0.24650790661065733,-1.3743612341872284,0.24024522260340392,-1.3719857887517228,0.3902481204472232,-1.4024401286929142,0.280523622895358,-1.3621142763358698,0.29967324976726073,-1.2428183018213799,0.2636163532451526,-1.238317770022955,0.5612890890658427,-1.0372747389585375,0.2642213670750561,-0.991166901899453,0.5733705825548157,-0.42444021557724887,0.1689339131807958,-0.49215554819221935,0.24089892422925968,-0.5697175550327221,-0.0018248145090043245,-0.5241151318960856,0.15953889858522632,-0.5403601733774893,-0.06705805811510167,-0.5124245000786781,0.14900132723490023,-0.6108011575541802,-0.07367885692608475,-0.5543483995861134,0.1752035172808749,-0.6135631396032354,-0.042520397539878824,-0.5512460972577374,0.37377582806034715,-0.04740081156558385,0.18323230783571445,-0.1556515764917485,-0.10160439723182968,0.2407955985688349,-0.23690901791387411,0.007496284820649565,-0.5758910007113744,0.7752002613254271,-0.675585070858568,0.4925769973774158,-0.6177541022604125,0.9433016733701606,-0.7164595877182212,0.658890059719052,-0.8595415277247428,0.6938259012033977,-0.9572680671938881,0.33675850295211746,1,0,1
0.23349195344404325,-1.365403915462884,0.2672019499135516,-1.4375007789942948,0.283232592090445,-1.4386104035215863,0.30209478796390904,-1.443168705737797,0.2347956495031696,-1.4314645426674537,0.22910585032341477,-1.4285514307340086,0.22383051527468453,-1.42530454789481,0.36886849366224045,-1.435381624139512,0.2654252160805546,-1.3957191738955879,0.27168592291842925,-1.2891338652383213,0.23751401025280577,-1.283882009075964,0.5432721331018028,-1.0318203465079425,0.19896291455937948,-0.9898995363276616,0.47584299575440914,-0.4351409034013235,0.04611042134840821,-0.4996236876550915,0.1453534497310699,-0.5491249652335759,-0.12621867312047985,-0.5291452979418484,0.057993209314814824,-0.522276611520002,-0.2017040342478434,-0.5168141868188056,0.04424693920891766,-0.5726296783814777,-0.20179399545457744,-0.5548688894250746,0.07054205621569452,-0.5757423608490922,-0.16834374961220494,-0.5517172814353155,0.3657069998255875,-0.035988589911324455,0.1659014296461076,-0.12474841910157622,-0.1221803046643425,0.09885436172077722,-0.24345740289635975,-0.0635592283135802,-0.5662577372056632,0.7618746340048632,-0.6731501867686129,0.49317064248339143,-0.6124990331978146,0.9423170430195332,-0.7010794342669431,0.664857651196524,-0.8387328085978799,0.6494421558426005,-0.9432115050686102,0.34074744217378555,1,0,1
0.18033353038026556,-1.4040501624326638,0.21594062086870358,-1.4681585202353273,0.23252215186375666,-1.4674527325536495,0.2512622575280817,-1.468740673044289,0.18855311778015638,-1.4698950310287748,0.1842409113650594,-1.4694936038583415,0.1799188191030686,-1.468538136756051,0.3135650889686698,-1.443444273719963,0.22404874534486624,-1.4249998784508502,0.21222601389833978,-1.3117885191264382,0.18107101455854668,-1.3084842983752554,0.4721185029371515,-1.0328948144922176,0.1319240210181206,-0.9886236442129241,0.36890432985723065,-0.47314185171510703,-0.06478456047568872,-0.5319656064875773,0.03027922613259827,-0.5039788975041767,-0.24566861970034146,-0.5299030481062619,-0.0481232012669678,-0.4769477791961528,-0.31567499733296145,-0.5091525319029865,-0.06384046209732613,-0.5355086940143329,-0.30913377958947386,-0.5368736823242011,-0.03440238721682229,-0.5409433147711402,-0.2802900912534627,-0.5436538904163475,0.3141194378332424,-0.03574589237008046,0.1219793533352531,-0.12117171969538162,-0.17236852502886324,-0.03243042646805582,-0.2787649522239141,-0.15648594196958937,-0.578382728420969,0.7138143421842434,-0.6759790218572879,0.497461841473839,-0.6126606667945291,0.918148865971968,-0.7230999110768196,0.6833950969995252,-0.8465947754863857,0.5774022595039157,-0.9410178356428651,0.3752680780885896,1,0,1
0.10560097649386861,-1.4374156371379214,0.14335107144272077,-1.4925364008101283,0.1613687688452778,-1.4926835145692174,0.1800147118179389,-1.4926058488845575,0.11554762134611488,-1.4926557724113716,0.1117079584125439,-1.49237909227143,0.1077800642954453,-1.4924778271672823,0.23950922130215685,-1.449164842598175,0.15677704010925722,-1.4511096976149105,0.13920717157099158,-1.3417281771637188,0.10521394558797442,-1.340592664074874,0.37704260616641955,-1.0335474039602979,0.05591594573624478,-1.0043064281522402,0.20663408460283403,-0.5299685418419336,-0.1705831410798341,-0.5892317225088355,-0.17343100642377968,-0.5083145828056466,-0.3638378548151049,-0.5309998828191345,-0.2632449140390881,-0.47305263194689007,-0.4482582915113016,-0.49830380352167647,-0.2705883682580116,-0.5222451003830278,-0.4508938582932018,-0.5213533969932027,-0.2513040467221801,-0.5305828236533002,-0.4151995252059255,-0.5351680030157536,0.23400824179807453,-0.0006343299571966239,0.05192404076050852,-0.08984668378901434,-0.24883579789895835,-0.14447686230911383,-0.3690387988659589,-0.27723983175474964,-0.5821922395215139,0.6618555666410344,-0.686351746710659,0.49830535136005666,-0.6107840859079042,0.894546900805248,-0.7267932634763616,0.6901083284789657,-0.8577788812235695,0.5860550941439294,-0.9422518364813898,0.3920999681562294,1,0,1
0.022517106297720305,-1.4564625747752145,0.06575310483414168,-1.5166907376720422,0.0853720622873299,-1.5166618215698775,0.10403505834588292,-1.5162536596662477,0.03532051375611662,-1.5148852730965099,0.030833822143343206,-1.5143418604500636,0.026756404591975144,-1.5140432460873263,0.1589277061010141,-1.4692134636719871,0.06907450224430263,-1.471741089363115,0.05846130416523858,-1.3660945654415058,0.022819860358844434,-1.3705897835972252,0.2764756157384991,-1.0417616777174834,-0.019078583092839153,-1.0163680263743393,0.06385007930707573,-0.5968156499534518,-0.265159308290082,-0.6340712054114392,-0.2826812304709125,-0.5113723988230002,-0.4976348838458373,-0.5275021466150045,-0.3588333919712661,-0.45547300113481676,-0.5620320319508874,-0.4783498394318729,-0.37148974745711644,-0.4899218410865542,-0.5594513316192481,-0.4908717473999669,-0.34729339574590373,-0.5135621139099878,-0.5329070912707462,-0.5047611151396525,0.1682982532255213,0.024586936930735884,0.0017504020201562012,-0.06758252085320443,-0.2958879804825778,-0.25545958102439364,-0.43658063486794235,-0.36249636395199364,-0.5858369041251037,0.6346647919056748,-0.6981967213126967,0.49346795932872395,-0.5987428772450236,0.8523360645917187,-0.7013777396969649,0.6406192846360125,-0.8577960578825476,0.5499786730742059,-0.9464958305529192,0.41592115197782054,1,0,1
-0.07360916170548311,-1.4733151633347883,-0.029917178481082954,-1.5338862415457464,-0.010679814717997307,-1.5314537671309716,0.007644096792096686,-1.5287389900008346,-0.06043379925770573,-1.537485801972883,-0.06589745968976378,-1.5381231919513638,-0.07084755037568637,-1.5389265405845753,0.06296925034883377,-1.4762214169619505,-0.02910456186640856,-1.4868713162476082,-0.046990036066760346,-1.385445987163129,-0.07963507967962884,-1.3892766910479526,0.16795694436151118,-1.0471361183813244,-0.12554495265466403,-1.0173169441030627,-0.07930464524720192,-0.6080076643681508,-0.3669079045679897,-0.6477736070717449,-0.4357030188099409,-0.43197718524911943,-0.6118576888805762,-0.4753299603519744,-0.5407987156999337,-0.3826185110120788,-0.678957874672577,-0.4282549167474129,-0.5554796926296443,-0.41334841893543633,-0.682459194496206,-0.4331243142080644,-0.5133343501517867,-0.43415244228502475,-0.6501218478679085,-0.4435232365557043,0.10330029277549758,0.02506467048188114,-0.07317715019622191,-0.0625145414430727,-0.34431627295382106,-0.2610636204823444,-0.5098043613721656,-0.3670548515278336,-0.6115628434969672,0.6425168729472868,-0.7276301004159259,0.4749122247089692,-0.6116903709218978,0.85014412518918,-0.7336424253505927,0.6408533320612243,-0.8578190424765758,0.6047316832419615,-0.9676673602607865,0.4203816460963252,1,0,1
-0.18162241916002303,-1.5049407907732717,-0.13376775295479537,-1.5530126366774486,-0.11639733137761311,-1.5480120045992811,-0.09945694414031331,-1.5430063678111237,-0.16893813615669762,-1.562521771018099,-0.17650303334604328,-1.5643003584473885,-0.18279191484756538,-1.5665130581284044,-0.046398862422508166,-1.483850325009934,-0.1376462178374247,-1.5084279614785339,-0.1602551496836576,-1.4036988441486735,-0.193703912648996,-1.411393493078501,0.03819185798643509,-1.049294445904424,-0.23645204464120592,-1.0173573525022412,-0.22757776703076996,-0.6078606123956047,-0.5132649020773574,-0.6433714394499139,-0.5614069992810238,-0.42897386496276807,-0.7788069054698316,-0.4198231543585628,-0.648073500391503,-0.3158729799773949,-0.8548206651136714,-0.3968213836713856,-0.6846484152908489,-0.3486287450754745,-0.8421890242450557,-0.3956815455245248,-0.6530675830961032,-0.3757808414348619,-0.8186880182897391,-0.3926196515953274,0.020827615063561494,0.0363419503260395,-0.14958832088519441,-0.040798795863699076,-0.39851345137996996,-0.2977314623424924,-0.5846130362796451,-0.3891817247649052,-0.6323715626238301,0.6455809911920353,-0.7356183589985007,0.4750138017858035,-0.6184807120071104,0.850826495771028,-0.7327319388516691,0.6746443924752623,-0.9091767585286389,0.6067854679341586,-0.9608668861825077,0.46427801920525574,1,0,1
-0.30501434718880693,-1.5333075487831975,-0.2575402860889925,-1.5831077496571349,-0.24225503676789534,-1.5785635965592908,-0.2268622788618276,-1.5726520454763984,-0.28345158509011564,-1.590888652601111,-0.2877892475609643,-1.5918848370352956,-0.2913014418161765,-1.5923563301455892,-0.16869346144607483,-1.4968004137216178,-0.24583124188174527,-1.534399131639908,-0.28729248375454836,-1.4308089874453052,-0.31608352995584976,-1.4431810012598711,-0.08951400648065223,-1.0427905472329606,-0.360537217683421,-1.0137811473883913,-0.4202047294882813,-0.5920365844187928,-0.6315381857306787,-0.641736814666016,-0.7511618760696996,-0.3646039029366761,-0.902200563521822,-0.38326133820635133,-0.8610745754318064,-0.28840515438283515,-0.9837172798391228,-0.3681782544542334,-0.8680276622715091,-0.33219401890679506,-0.9814871563529566,-0.3574895532195176,-0.8413450200664934,-0.3449562765274957,-0.9468859507859677,-0.35152183816895943,-0.061291890768091835,0.05920124124485911,-0.22849715079189792,-0.0019096042065031573,-0.4247677892683097,-0.49199898109203805,-0.6541646649551481,-0.47871166142818783,-0.660315638892501,0.594678518389434,-0.7591031768795287,0.46744000733425334,-0.6332785890763408,0.8179486404638093,-0.7464804332731174,0.6044098989255666,-0.9079011135600739,0.593058228083532,-0.9829673147791382,0.469995993048658,1,0,1
-0.4188958433595357,-1.5425088625661907,-0.37197637827046615,-1.5958407822429554,-0.3570662968389906,-1.5938290124000571,-0.3413015839435418,-1.589840814616906,-0.3967819452965123,-1.5985794707652672,-0.40093844962303116,-1.5988215504410803,-0.40436636703347334,-1.5990942144557212,-0.27881561718924514,-1.5139944965048309,-0.3633314523079675,-1.5453190381188535,-0.3960313623710968,-1.4495964216016346,-0.4287629071442865,-1.4566062284878907,-0.20000317428975667,-1.0464987284028435,-0.45523621654132496,-1.0085394242191001,-0.5442263859642035,-0.5934681786221083,-0.7263100927094247,-0.6409356903483556,-0.9244718936966299,-0.3761459999045034,-1.0250576672336487,-0.37373706616264474,-1.0118287976395584,-0.3033953111741509,-1.1011278997778695,-0.34197853586998217,-1.022328926344774,-0.3430638782858406,-1.0993725440887805,-0.3512970587252105,-1.0042709441161244,-0.3543001318653895,-1.0681352450735961,-0.3536553275017382,-0.14626568774417173,0.06587418789820725,-0.31082475370066676,0.04667834469207577,-0.5163789438489199,-0.5170154873761816,-0.7235168466695677,-0.5076559382563439,-0.6812879687854572,0.5252961848419881,-0.754965455662108,0.4277428948396576,-0.6413568088656496,0.7707106039585856,-0.7224538709823065,0.5606976497150341,-0.9319748807698028,0.5911033018602734,-0.9805103111067581,0.46772298970158976,1,0,1
-0.5123707272258088,-1.5455032238037945,-0.4689397303594062,-1.5999414315345242,-0.4554448079107852,-1.5983051385139628,-0.44025520415838604,-1.5951040395031915,-0.49147723696183104,-1.6024463815643393,-0.4944464510763987,-1.6030334772967478,-0.49752440950679855,-1.60365968391093,-0.37500985038984375,-1.519369740393732,-0.4527039568594655,-1.5490701609361814,-0.4927171693084921,-1.4557845292513825,-0.5215937280854253,-1.4631129075537928,-0.29294298669290014,-1.0538552813689013,-0.5360893453858763,-0.9894430573473382,-0.6988835405256468,-0.6051458352654676,-0.7980813411587692,-0.6291744982987434,-1.085477615560217,-0.3812467261824711,-1.1334878602809366,-0.36504567671974497,-1.1842616935008317,-0.3081884640406336,-1.2063271509140754,-0.32862967680921773,-1.1898606664622493,-0.349168759462051,-1.1926135041029278,-0.3486828700872183,-1.1626587701491342,-0.357640435957735,-1.175376170739554,-0.3406303534998335,-0.21960063002595076,0.08964347102360568,-0.38324278368304127,0.11487536519694906,-0.6737645921530657,-0.5378007276166717,-0.8012386335104922,-0.5133181806378821,-0.7559550289361824,0.4986958423123637,-0.7337808272071065,0.42215516702908173,-0.7113854296537807,0.7075553653695753,-0.6851471562666436,0.5923795646942693,-1.0151391970450498,0.5680593927507112,-0.9019646625003175,0.5963638081386629,1,0,1
-0.597630966615638,-1.5469051604664286,-0.5544861650168124,-1.6027221349061347,-0.5408990570459061,-1.6004498729975833,-0.5247134542189518,-1.5972882555878443,-0.5748250592700451,-1.6075632959165955,-0.5767547765837245,-1.6085005359886755,-0.5787991697213725,-1.6094921482186717,-0.4524046628447542,-1.5218018440892482,-0.5274770427181272,-1.552957275934843,-0.5764641326850454,-1.4591628320677261,-0.6026144220348273,-1.465984684289913,-0.3737780738668702,-1.0595366775787964,-0.6052381258004549,-0.9810708571860235,-0.7631714500225198,-0.6073855974523553,-0.8861891987463716,-0.6253146929521262,-1.1471073444004203,-0.38377737941421025,-1.2006694807367255,-0.3581399183720467,-1.2445749982540328,-0.3003232842518873,-1.2762279971311035,-0.3039941463497458,-1.2614982088323545,-0.3476610442376528,-1.2788701132865707,-0.3335393590959617,-1.2375780429687386,-0.3577037053778556,-1.2532604561887961,-0.33482439561907595,-0.26874193920441286,0.09491336885654428,-0.4335565543031139,0.1249678262908796,-0.7390415806316682,-0.5085323185834836,-0.9624913779733394,-0.3123798159774533,-0.7826651043663285,0.507856562336549,-0.6958295552739645,0.42014661008642396,-0.7340744368598539,0.6613360653867626,-0.5909355296606064,0.5645301454096071,-1.0217896533967143,0.61980957692446,-0.7344135214083128,0.6672465660984226,1,0,1
-0.6543329714985159,-1.5801746806702728,-0.610146448783251,-1.6369054780822292,-0.5986741706091114,-1.630353138760986,-0.5855608418505929,-1.6236620886505133,-0.6242182103981281,-1.6472519436547886,-0.6231989795833722,-1.6478767291784797,-0.6216899050550262,-1.6491386575344795,-0.5221203965786951,-1.5433854900395028,-0.561993971440346,-1.5774212251641635,-0.6427215500293454,-1.4909006638684548,-0.6565889217596923,-1.5002693573966694,-0.44808059341338463,-1.0593634281119817,-0.6248274257129616,-0.9949190750880135,-0.8551806335136937,-0.5800483886098806,-0.9037180410200277,-0.6124614855400021,-1.2289248376094664,-0.3737814289005809,-1.227825902154129,-0.3597010171696716,-1.3172964001629623,-0.29011318157991994,-1.3184658958505047,-0.30365432036276974,-1.3348159744551555,-0.3285968063682957,-1.323752105330818,-0.32138928254416266,-1.3025279334882411,-0.34144927234190275,-1.2885100497389355,-0.3303648900852606,-0.33785760203189713,0.10515016331512501,-0.45419029393995575,0.11594254236914008,-0.875277200944941,-0.5070579680923522,-0.9568124532251678,-0.46134729493222804,-0.7675592831663548,0.4495117768460857,-0.6720296260231952,0.3807161683117898,-0.6775661945760953,0.6114194586656504,-0.5809058436944518,0.47351832029693647,-0.8936915679541136,0.6890624058775965,-0.6977829986201891,0.6634612753227678,1,0,1
-0.6666892915311379,-1.602042173999467,-0.6209158432432378,-1.6554961220988278,-0.609427006275551,-1.6484195857460382,-0.5970494316721073,-1.6406020433820117,-0.6358118373428896,-1.6661492960712687,-0.635370928571424,-1.6661208124749058,-0.6340457307953035,-1.6665888455387865,-0.5386151792672547,-1.5542420035252418,-0.5774868235462141,-1.5896309875165842,-0.6563150838007327,-1.504973846573823,-0.671814608853254,-1.5142862525612857,-0.47609881353375944,-1.0579200944654796,-0.6590302316501283,-0.9958134970857345,-0.896999743044054,-0.5745956026094058,-0.9344066755326035,-0.605869232111925,-1.2629992511100994,-0.365139221545978,-1.2628116671652885,-0.35607600068678336,-1.351291479742272,-0.2873740605518067,-1.3423803773521565,-0.3055229925718796,-1.3663148776937684,-0.3224999574426866,-1.3601509285823672,-0.3076108834358605,-1.3334216993238641,-0.3303386925909919,-1.3260531597684475,-0.3175782885665838,-0.35694222946047277,0.10417887885780434,-0.47506401251014574,0.11476909234284019,-0.889251834114086,-0.5038198589422719,-1.0075085589738602,-0.353619491306748,-0.7104487456605886,0.45520058744115116,-0.66255923184506,0.3685286491148803,-0.6186450642117206,0.5908870489594705,-0.5816752097289656,0.45811518225163017,-0.8684672117390269,0.7396302427628411,-0.6528696190120539,0.6539278588706844,2,0,1
-0.6438643539302744,-1.6009981049943904,-0.5943864316650767,-1.6548057192663785,-0.5819784580824343,-1.6496868277447436,-0.5685332120144548,-1.6439571144581548,-0.6116557704577693,-1.6634857399853504,-0.6122402711553682,-1.663537578895,-0.6119931249830219,-1.6640757396852839,-0.5111733040207913,-1.5586227930031649,-0.5613083879582577,-1.5934845524223498,-0.6292367605737905,-1.5077475062795216,-0.6523041485697257,-1.5140869291732884,-0.4446731891352472,-1.059387154144527,-0.6558838137299885,-0.9846752369635209,-0.8313065604112204,-0.6008494462054008,-0.9336090112613561,-0.6046381970274685,-1.2206078746176712,-0.3767885799526036,-1.2430265039111974,-0.3566815088090316,-1.3140822641915997,-0.2976251894883835,-1.3219486797112077,-0.2988421372410163,-1.327501807057655,-0.32525514297200236,-1.3318557811758784,-0.30860836538744985,-1.2998943438757198,-0.3379536368802377,-1.3013546070350275,-0.31884688986923704,-0.3356483623972942,0.10283687514196432,-0.48216921781892746,0.1249319900958894,-0.8404891528716584,-0.49802218045828794,-1.0198396700969028,-0.3309320905507952,-0.7215342400750062,0.46000609761625116,-0.6954076767577695,0.40100835193844914,-0.6785977826994685,0.6618792926735796,-0.6074140007017911,0.6054301183250119,-0.9231929122547381,0.7300639558698356,-0.7205649327870643,0.7033934238272648,2,0,1
-0.5748519982028308,-1.6035776931682542,-0.5304979103827152,-1.6561342535158257,-0.5172256666353781,-1.6525585426943206,-0.5024438540673503,-1.6478684497817062,-0.5498464899233566,-1.6640718471330695,-0.5516407711345902,-1.6653190702918148,-0.5528962736901091,-1.6668972839618748,-0.4393375504204645,-1.565372231396854,-0.5040552471110477,-1.6027843539550228,-0.5617124719500437,-1.5107054752432474,-0.5845727514535527,-1.5197473797450771,-0.36104139587500733,-1.068519823078151,-0.5950734980241992,-1.0159371270228537,-0.740442652282699,-0.6235501928546603,-0.862156334228166,-0.6423744517906692,-1.1213299986247087,-0.4231588862467199,-1.1687579669633805,-0.42253459501537327,-1.2160252902900275,-0.33630344188748196,-1.2448857845657582,-0.3622010242760399,-1.2323610344166822,-0.37387905163865764,-1.2493860692180105,-0.37811451916724115,-1.2085080923119447,-0.3878216793784839,-1.2350971896907272,-0.37932182821915245,-0.27618548762313655,0.09000331585054178,-0.42160407111610565,0.08283582970632884,-0.778188298600449,-0.5029265491023265,-0.9243989855757877,-0.38772220304411453,-0.7316257125842474,0.4925658757996602,-0.694881255410672,0.38093884701307373,-0.6801031500352294,0.6826971562088194,-0.5997272604494787,0.5989924548277373,-0.9432467233981695,0.6306887042849687,-0.7486854714227904,0.6412596403685615,2,0,1
-0.4373776812737589,-1.5824481165231428,-0.39492340608046866,-1.6422817723423628,-0.3786908454807685,-1.6420957330611292,-0.3601650155478676,-1.6409230862598894,-0.4202269726437925,-1.6441215902358512,-0.4237465812841751,-1.6445020099816352,-0.42692883539930515,-1.64566755133042,-0.2901460334604579,-1.5612827654695842,-0.373462468204784,-1.5929677697759737,-0.4152647717954249,-1.4812073438428635,-0.4383746689330036,-1.4902160071845125,-0.1919266845236543,-1.0682767548176484,-0.44288063794722005,-1.023409715116828,-0.523901331896622,-0.6558240229166648,-0.7250162824971922,-0.7011176369109546,-0.8901725771791619,-0.4968982832395435,-1.0145984412199562,-0.46519783229738226,-1.0039391503797497,-0.41517272840661,-1.0853992702235833,-0.4391716103261181,-1.015080129109859,-0.45350077467949385,-1.0953486336837253,-0.43838766266743584,-0.980750042893934,-0.46845657815285346,-1.0622357423666053,-0.43562036697567513,-0.14584652783587254,0.08268334051799121,-0.3117829394108531,0.07833060213062945,-0.5989208224891129,-0.4961149534462921,-0.7505084215900162,-0.4198057305534124,-0.6757160583299114,0.5034838051092272,-0.791581891118408,0.4976689499662651,-0.6372087075089905,0.7568313692119661,-0.7389489008170385,0.6828610141210849,-0.909219638389541,0.5790040138468915,-1.0063168201308066,0.5626550474000163,2,0,1
-0.2736151674307358,-1.558005421864644,-0.23489304658604593,-1.6186218513982276,-0.2178649224575632,-1.6182623155040068,-0.19810336166293122,-1.6177429996093644,-0.26171038345499037,-1.620283229755282,-0.26538841279184694,-1.621600951359689,-0.2685632525218066,-1.6237463654952835,-0.1261568865773933,-1.5457050186535153,-0.22252412209863429,-1.5762663728873327,-0.24977099901511648,-1.4584108898383628,-0.2761066479941581,-1.4673245254767449,-0.03534351984111672,-1.069685488000022,-0.2886218830155987,-1.0312930601492418,-0.39709829239711547,-0.7003065031733143,-0.5595015022922344,-0.7008454054021153,-0.7767410106151895,-0.5556296053435562,-0.8512925299303428,-0.5295656935810092,-0.8606696264284172,-0.5085136590474715,-0.9203530791613939,-0.5165969453333134,-0.8726986013557666,-0.5368273424168861,-0.9208942057057459,-0.5139806559528562,-0.8448908262011446,-0.5315677011500999,-0.900668010107103,-0.5103288241102684,-0.019111947826105893,0.05603826453117209,-0.19121144350088431,0.044321311646409796,-0.4958218195255054,-0.46978807815636875,-0.6168982350655775,-0.4375143716674505,-0.6436246221430986,0.5510399187382606,-0.7715823285598067,0.5063576208012691,-0.6122504041484343,0.8300765974331834,-0.7189023804856912,0.663382929986134,-0.8848413870954814,0.6026445338164975,-0.9882704537722574,0.5505310447693997,2,0,1
-0.1192938845175109,-1.5362508125496688,-0.08400561259139952,-1.5935237868772096,-0.06649234052660115,-1.5925844460626648,-0.047496438573897765,-1.5917736212577398,-0.11110568468150804,-1.5977047586747908,-0.11549500070237705,-1.5984700467974609,-0.11988703533114185,-1.5997240664759456,0.022019848198959698,-1.5292602830648558,-0.0797055163387475,-1.5509249311730968,-0.09726154469136176,-1.4403867048487817,-0.12584869530047754,-1.4462461080893092,0.11928669578754096,-1.0869596461430753,-0.14901098742659363,-1.0393859851358052,-0.21869113211171665,-0.7786697579045635,-0.39170432718565906,-0.7710524657266804,-0.5920041897098314,-0.6468459439138433,-0.6710356041180187,-0.6073915289604916,-0.6711992148841118,-0.5842979434702877,-0.7466887774964053,-0.5557746801467235,-0.6816186503640564,-0.6008797216115133,-0.7294100471491635,-0.5586079638665007,-0.6516880131620666,-0.6119807862347887,-0.7114996111854047,-0.5687743216659628,0.10474906363779117,0.012100370865287436,-0.07069679121055517,-0.00954271373941639,-0.3645340655826042,-0.31353522433317194,-0.5256711456367934,-0.41312042659144693,-0.6192345078327665,0.6105195994521377,-0.745909031322653,0.5009839215759451,-0.6086959478977509,0.8670862424496864,-0.7085076596229812,0.6608533889121704,-0.851760995500025,0.6191217691268205,-0.9844175685184658,0.5089022377917458,2,0,1
0.023014858688825607,-1.4795006141631835,0.0587025188294485,-1.5472318877062703,0.07546323079945261,-1.5491250273864423,0.09572229683901756,-1.5512903985754538,0.02994706167696494,-1.545206710183522,0.024291862961338565,-1.5455595113445464,0.01878594053380931,-1.5460660374247701,0.1598671087021021,-1.5053686007976028,0.051449272963431415,-1.5126527399351632,0.05182617087625942,-1.3938459294822896,0.01951106740347314,-1.3948856734293502,0.2668628653650926,-1.0859432575093013,-0.021963520362636664,-1.0394860793356056,-0.04932136591050231,-0.7770743057889824,-0.2808298584938669,-0.7688019526812957,-0.388125156317741,-0.6681821965455793,-0.5334332654716714,-0.6313378923183761,-0.4710224311537679,-0.6070623302589264,-0.6267633216809495,-0.5784774039653617,-0.48460805624764003,-0.624486506128594,-0.623922623576002,-0.5880031588861024,-0.4634543210641817,-0.631904598491566,-0.5867001857051091,-0.6024353831933466,0.20603747374279024,-0.00039954109346770786,0.038208169633809935,-0.05035692693301708,-0.3154901319960465,-0.2278118330163659,-0.4296044398611254,-0.3309249233117972,-0.6221308138264918,0.6232068482095313,-0.7366936919943792,0.5027001045967173,-0.6113952783921164,0.851560272756724,-0.7343171344010978,0.6697192635527467,-0.8562526300362454,0.5403918730488957,-0.9682721269445177,0.46512029336061167,2,0,1
0.1419680414622713,-1.4035142877444742,0.17499542020375938,-1.4764569472641966,0.1925264867929667,-1.4823963640780211,0.21144972777100027,-1.4875884108666706,0.14358338884472624,-1.4669045005568424,0.1375925656270537,-1.4661663985131306,0.13158394788497219,-1.4651042878374725,0.27724473462684057,-1.450443947613153,0.16654203252482902,-1.4464394381826269,0.18205836351706986,-1.3263918921580322,0.14542116778229278,-1.3286016260849798,0.3949485934990761,-1.0627589693738464,0.10442653788287934,-1.0418919237503097,0.1376508921237274,-0.730269145804623,-0.13675056010884198,-0.7654310024635793,-0.17824121237615428,-0.6503378721829232,-0.4191128376988557,-0.6515707608636724,-0.2884988042217703,-0.5999693586856759,-0.4936998224897407,-0.6098731236770201,-0.3011652927006868,-0.6257913143454958,-0.48521603583161177,-0.623146603155219,-0.26996605419604375,-0.629341198391991,-0.45515193969655493,-0.628773750780284,0.28365002197553774,-0.019111472094145276,0.11469298988214163,-0.07646396570263847,-0.2540028829242009,-0.11169045108566329,-0.3378768794333401,-0.22565449407795568,-0.617643133629029,0.6392318060244607,-0.7213380060141633,0.49974077632904357,-0.6129985156121264,0.8590559690178127,-0.7542591119015426,0.6145757624326841,-0.836537903441273,0.5579605058562996,-0.9695948532589147,0.3940677459804501,2,0,1
0.23174042852062554,-1.3249942805534143,0.25933133290901367,-1.3958704273530638,0.27637898158511176,-1.3981303319529976,0.29555974887473013,-1.4024094825675433,0.22974843037151496,-1.3927109106857896,0.22433864780502838,-1.3918678950919166,0.21906059414840234,-1.3907583323511683,0.36175043675249674,-1.3907785365507574,0.2649776343624356,-1.3781040776077829,0.27349256143828016,-1.2418567796378668,0.23663293414839146,-1.2347133902454577,0.49748311460504485,-1.037352095710482,0.20073841266151476,-1.0292914232994097,0.34087424672058325,-0.6363998166472854,-0.021432156092092276,-0.7367991183972689,0.0015269818803552116,-0.6428483545761431,-0.28799413173783933,-0.6397622403220558,-0.09474658524156657,-0.5988564594716008,-0.34873228076130347,-0.6010787978533381,-0.1076490983150737,-0.6295491718960203,-0.3418977005112409,-0.6178904219348456,-0.07883061888864186,-0.6313228164018629,-0.31522197839905086,-0.6225696404158767,0.33914372922181496,-0.030453009943113653,0.15748437245451213,-0.10185601059566221,-0.18794936117208647,-0.0005831706995209549,-0.29167735114431514,-0.10873754861847057,-0.606453837822226,0.7010099461411577,-0.7194737824361558,0.497385473306584,-0.619825928623191,0.8888276912309839,-0.752472739367824,0.6168282526474476,-0.8431396719969855,0.5608751006667787,-0.9739312799989016,0.3543209571052127,2,0,1
0.28594872852453,-1.2763088324898448,0.30841085554438924,-1.3496636700384976,0.3262575277956827,-1.3571278551626123,0.3462528888693542,-1.3635637886366803,0.28268022039525115,-1.3334595312486173,0.27748125351377595,-1.3303435123076761,0.2714429782310129,-1.3279454529974006,0.42191940814104756,-1.364332413232677,0.3083994868204613,-1.327151248772566,0.3293690981055217,-1.2088122242374006,0.29038623804900654,-1.201567257768157,0.5749115389393944,-1.014498983445971,0.24882885631516075,-0.9778522725835586,0.4800714196170808,-0.509373480581064,0.06564757341854983,-0.5802925690281586,0.1532082493805777,-0.5829996846269531,-0.12984974468459062,-0.5956891576998977,0.0717721027154617,-0.5495595717776467,-0.19238662355039063,-0.5893680236228844,0.06790278224120916,-0.5957861625725437,-0.19235746030205378,-0.6103115609867623,0.10372958567686298,-0.5952533154249652,-0.1603337421664637,-0.6044969529899726,0.3437030818092582,-0.04220209183028096,0.16882887605754868,-0.135292910544728,-0.1432416071793433,0.09925696283552922,-0.2523410720613449,-0.03641590564331108,-0.5884388590275648,0.7281609303427696,-0.6986764320332207,0.49809478282121766,-0.6201264583687639,0.9174106403551698,-0.7480854005163338,0.6349744660596246,-0.8434603441556047,0.606520280091231,-0.949617163136566,0.37422981701856306,2,0,1
0.2757761920707593,-1.2778342186655658,0.2972826048421557,-1.3481847473431778,0.3129689724009707,-1.3568814504287832,0.33205755416830396,-1.3651821017732035,0.26977721302939933,-1.3367796929279165,0.263989296819223,-1.335735747495926,0.2582787373609911,-1.3346441028526728,0.40924772959251177,-1.3747476472276918,0.29905489004405045,-1.3224586843982282,0.31454057491092036,-1.2083558688301634,0.282919952182427,-1.20564516961187,0.5887934922939096,-1.0223231369701078,0.26944801432783416,-0.9764128932758142,0.6388396036093313,-0.42945394640255063,0.19869797386262433,-0.46204091066491776,0.3283992965252351,-0.5905805227444151,0.04828679054208909,-0.575662903354683,0.24671822800332396,-0.5891766089124023,-0.03983243576944125,-0.5859490034746467,0.24450923551489337,-0.649227691576744,-0.029431783398594966,-0.6083199335569102,0.26178129291548186,-0.6521930749256402,0.004874576784784862,-0.603896882083516,0.3705705893511889,-0.045838847756355695,0.1790997766879132,-0.13722831222037132,-0.10762191223611563,0.15233580483181144,-0.24096814664848853,8.535969667559031e-05,-0.5741547988506421,0.7246361316327677,-0.6839284784908043,0.49759307609135484,-0.6197661192494831,0.9217969906219706,-0.737892845222603,0.650591879836355,-0.8684606623654597,0.6064216687684649,-0.9639584376523866,0.3452101606078414,2,0,1
0.24737687255262666,-1.3219944203134757,0.27569092664129985,-1.390138427964381,0.2927363510018468,-1.3922932336545244,0.3117878608433281,-1.3987350368501859,0.24985327719953584,-1.3896750288912316,0.2449049165368197,-1.3901797631617057,0.23985349592023514,-1.3900359858759432,0.38475677964386235,-1.4007035561129235,0.2838561418832745,-1.360320612990067,0.28562570847727353,-1.255271750299734,0.25074769919725687,-1.2574559045978437,0.564859856963901,-1.0339652045646492,0.24583863477594373,-0.9995618395086235,0.728728643661033,-0.4719667952386869,0.18833093337121712,-0.511965426063545,0.4234695089340031,-0.5657939859736395,0.07483350235231441,-0.5642194177096217,0.33729581729118224,-0.5529086495591105,0.0369066978902347,-0.5509790558185172,0.32459621122517135,-0.6355135504732518,0.04347485456650804,-0.5905748383824511,0.3430839806475309,-0.6339146383112578,0.06791118521106894,-0.5895670998647093,0.3615272637588681,-0.04505292292829469,0.18002336193397103,-0.13418890859285743,-0.11703299133288762,0.19107349588535913,-0.23190579080089707,0.012163145993063378,-0.5762308266983505,0.7290219876072239,-0.6748599439889041,0.5017920895595173,-0.6198382859318082,0.9204132192030041,-0.7355837585343722,0.6929463079760174,-0.8597471533401349,0.6302482898058477,-0.9636056364913624,0.35242089733221493,1,0,1
0.2432411285045849,-1.3662983374606053,0.2649731857313334,-1.4355706291748138,0.28158560999792975,-1.4379362505499689,0.3009146649909558,-1.4415591045038492,0.2441387634025464,-1.4298013725006498,0.23879126167149106,-1.4273333090370572,0.23263855771093173,-1.4251968539502102,0.3751153603144637,-1.431554689233817,0.2711174867220329,-1.3940129385082527,0.27816362409562384,-1.2948430653926053,0.24765194624244802,-1.298272589253168,0.5453963544531185,-1.0288637368481646,0.2300712032725991,-0.999653530738564,0.6179834324173779,-0.3866749211387974,0.16196982833642382,-0.4847688433931353,0.2916582993980726,-0.31001981717771915,-0.007039598745509723,-0.34056226472935214,0.21424890531899365,-0.2642011411402797,-0.06161762942324416,-0.2816096232280033,0.2018698478385158,-0.32140460560684814,-0.05615742903759896,-0.3275894385698125,0.22763780205967818,-0.33973778509840513,-0.03333471575228659,-0.33742128402500393,0.35265422187929385,0.002538285457211897,0.17974977112118376,-0.10621764624522843,-0.13047255303890312,0.1628143082469468,-0.245647612275692,-0.006069321433262511,-0.5692620460767039,0.745929751549774,-0.6766275334135243,0.4914781854951645,-0.6125158391375343,0.923846573829238,-0.7290939471947326,0.6639847309157971,-0.8551093318429718,0.6573342745641325,-0.9534052960932027,0.3573744480645504,1,0,1
0.1889156812149883,-1.4004624650217998,0.22300900139780566,-1.4662076101373693,0.24334369416610857,-1.4682394606067706,0.26429526378058765,-1.4707725235136901,0.1932815183494844,-1.4631360775074502,0.1862232708134485,-1.4612710507043827,0.1805801822602671,-1.4591619670561229,0.3247840423161545,-1.4415166571487485,0.22366665736241897,-1.4208833500177085,0.22897634572910533,-1.3139449930532454,0.19101988372634407,-1.3100766611636823,0.4848198390263688,-1.0144878618682154,0.15191987638413681,-0.9911346493239619,0.5073437525893146,-0.36679089941576787,0.06942965129396415,-0.48394078014268926,0.15866227111191425,-0.24270807426219007,-0.12337797501553231,-0.3721208537685866,0.06806886446902582,-0.20353268733741722,-0.16974358553237395,-0.3106287853463803,0.042233933635157636,-0.2643261971034869,-0.17560094981697955,-0.3581025993000224,0.06595576469546559,-0.27772720400661643,-0.1495645948526492,-0.3661265705045012,0.3450947619057398,0.021503046992199657,0.1634223063913026,-0.0634443053434392,-0.1393233517629662,0.06232294454776431,-0.24716237116600204,-0.06306592455357712,-0.5704681193977535,0.74389104277409,-0.6782942871998273,0.5014112373079317,-0.618301283885987,0.923334734106309,-0.7312942895671312,0.6794585527663944,-0.8417331631301631,0.5810652129242591,-0.9378779670962925,0.3695879176095562,1,0,1
0.1174862359219987,-1.4272595359046119,0.15844774823431773,-1.4925032832230338,0.17868259394899275,-1.4953878497735729,0.19925627706595445,-1.498074143307347,0.12510080949198596,-1.4902542530546832,0.11928694293371331,-1.4901333367898628,0.11330106263948768,-1.4900510371144715,0.2555495021797717,-1.4630398758598646,0.15443187007986386,-1.4545137654197213,0.15714083927495087,-1.3422822788821192,0.11734313828821022,-1.3440429482139136,0.4076215077784736,-1.012598923672973,0.07276192313570834,-0.9886041196653088,0.3437631383291383,-0.3588505871906283,-0.06277649782537562,-0.4810712895086634,-0.006478824080456132,-0.27927483333784847,-0.26129641361631045,-0.3903504790139305,-0.09706432204582947,-0.23738429856367999,-0.3148613921335977,-0.33463594666266194,-0.12212173102149644,-0.2915421807484258,-0.307207275176035,-0.37288231112558534,-0.08206304367675817,-0.3067614420415065,-0.2827385683828968,-0.3835182466525052,0.2865008530735515,0.02340261247285276,0.11101174764504457,-0.05306021176614011,-0.17263222999475666,-0.08074775030791563,-0.30433840240744003,-0.22655781333788114,-0.5742707104054725,0.6779067219502325,-0.6666734741761077,0.5003003152632354,-0.6131470504617065,0.9038999005515186,-0.6821759649826972,0.676286678790503,-0.8420970858689429,0.5859680986912635,-0.9253025519818855,0.3858202310630841,1,0,1
0.04182935535102686,-1.4524648000778848,0.08370110701609705,-1.5133918305635647,0.10376245611778502,-1.5141270286397517,0.12278801561116996,-1.5146783499637129,0.05093570321729596,-1.5145343873183212,0.04522415517437464,-1.5147623178757676,0.03987195766604474,-1.5156088553025966,0.1791934450872324,-1.4733874535901994,0.07811239062083182,-1.4734504758641478,0.0756364802662673,-1.36909714428934,0.03925063218876632,-1.372551259194051,0.3108926974070901,-1.020502287545347,-0.011379485531909476,-0.9894770399460358,0.189874855509864,-0.42914773229501363,-0.21251272494923332,-0.5351886397211445,-0.1784866285252941,-0.4171739945371836,-0.41957500104114315,-0.4388315371929697,-0.26746814783214046,-0.34905346577265145,-0.48423684269677597,-0.39333316259489093,-0.2841104767855907,-0.39252153456490596,-0.48225794329479976,-0.408086553353099,-0.2592626477640733,-0.4093849357695199,-0.4550422067960332,-0.4247576748356276,0.2137973692621171,0.02290461293557511,0.03319653955097314,-0.054362672094404735,-0.23672810691571666,-0.2544032782837859,-0.4184141554696329,-0.34483665778008016,-0.5837225686206817,0.6406546265386579,-0.6982842110577072,0.48194130899666826,-0.6023791388787537,0.8656703420283147,-0.7082041641233401,0.6234972449620382,-0.8390293840046954,0.5883713480711582,-0.9793817181107392,0.39754558691770614,1,0,1
-0.04263927484877736,-1.469335368521497,-0.00011629301957485433,-1.531144834415539,0.01968209255473673,-1.530003575178187,0.03742916489857463,-1.5288540983306047,-0.03184837867179638,-1.5344904521505898,-0.03751222750345487,-1.5352367718045323,-0.0426758524822846,-1.5365431246850114,0.09560144236074025,-1.4832405536162128,-7.131241620784094e-05,-1.4884127669245315,-0.012923407670556358,-1.3869268252412847,-0.046649962933611934,-1.3886718625776784,0.20571148794146557,-1.0295073054809543,-0.09060441539304379,-1.0033872915372846,-0.0014316049488014766,-0.5445203848965934,-0.32302388876767657,-0.5962615482350516,-0.34641849829579807,-0.4366058623379057,-0.5703848311376728,-0.45587560224956875,-0.43758948554345967,-0.36317997026470333,-0.6427541733240951,-0.4176236769977676,-0.4604774454182714,-0.3994140705923837,-0.6426607520709483,-0.4245311653686723,-0.4270521613393059,-0.424588750426829,-0.6116243828938813,-0.43420533156590685,0.1409416434085174,0.025804873268058092,-0.030741410965857623,-0.05490688796591112,-0.29883495144163424,-0.2511009111288956,-0.46702681898544646,-0.3609175942030459,-0.5991689572461486,0.6418416696044369,-0.7089888532205394,0.4397890464259851,-0.6005964735376204,0.8415278681826736,-0.7344716007588142,0.6263354716052623,-0.8515231173091419,0.5709700332224327,-0.9739076775394425,0.39250627646356656,1,0,1
-0.12549329910464369,-1.4972415696392558,-0.08255733602145063,-1.5516314602932917,-0.06519581170647284,-1.549605973837828,-0.04817609054784989,-1.5476113806539078,-0.11786043671790279,-1.5575504257613546,-0.1258136005440044,-1.5586533773419926,-0.13368298181768062,-1.5601389111974227,0.010559185894920439,-1.4953916805392442,-0.0914941416134902,-1.5125580211646117,-0.0963950502111159,-1.4014335641194913,-0.13723150656022776,-1.4074862356667934,0.09721036394271419,-1.0512492485545966,-0.18711697286362436,-1.0241275511744077,-0.17230401987788088,-0.607126958982995,-0.45576758081186936,-0.6489941384438768,-0.5316159996664095,-0.48442407448271235,-0.7148874909159268,-0.4858881684076914,-0.6344199101002357,-0.39243404481989536,-0.7922113724193739,-0.4430259784569437,-0.6514779389155723,-0.42074216740043224,-0.7974286281176028,-0.4384535271223661,-0.6121925719441054,-0.4427911895932148,-0.7674300257182177,-0.44469050792769554,0.053736363642323405,0.035540455289120684,-0.12089094308321223,-0.04710349472025134,-0.3805916466922833,-0.2930502666920825,-0.5441211016947839,-0.40043157138393315,-0.6242804912335593,0.6412873207398643,-0.7416897518683582,0.44869051011537914,-0.6073717387063199,0.84453909714654,-0.7593819577619352,0.6587113730364457,-0.8616426409089443,0.5806616232248176,-0.9759405783800764,0.41724140683049404,1,0,1
-0.22443110196445779,-1.512686784320404,-0.1828769331308525,-1.5695004992731825,-0.16755683619945455,-1.5667975851593179,-0.15016120571269298,-1.563869582668989,-0.21381815103156607,-1.573236360814368,-0.21994539893637374,-1.5735431310007928,-0.22585960684061898,-1.5740662776611065,-0.08771206373807588,-1.5012354517843707,-0.18539658835792228,-1.5255240508044117,-0.19787203284561514,-1.4126687055412646,-0.2348955180477694,-1.4221919890002817,-0.012875955605465884,-1.052872875333825,-0.2735805669666073,-1.023564552193803,-0.3250680347591522,-0.6574107013431275,-0.5573229087830024,-0.6772513489129103,-0.6759649345254641,-0.4732325543603581,-0.847403684908475,-0.47079050303140507,-0.7807593602313668,-0.3909793424494655,-0.9410414381023242,-0.4417298203560739,-0.7943454796175836,-0.41971502790816134,-0.9235201337869245,-0.4367160895307722,-0.7598517826355653,-0.44214774453351136,-0.892740302336753,-0.4379006611348276,-0.0331241472134476,0.044500986913705506,-0.19146501547371153,-0.02977632372322968,-0.45918363520603894,-0.3635446344420002,-0.6150275856870889,-0.43710818693319947,-0.6457362390396247,0.6237661399975508,-0.7421173147465171,0.4549944675334144,-0.6281980052114193,0.8461786648538848,-0.7403452766907946,0.6278650592659131,-0.9243604307729018,0.5828651784974567,-0.9759084493776714,0.4305566540118194,1,0,1
-0.3303258224296458,-1.5280852265884357,-0.2849631310801852,-1.5848309145572759,-0.2709630418552884,-1.5827993112340466,-0.25545980961018194,-1.5793278960972716,-0.3109829272509683,-1.587039598112991,-0.3149496233171253,-1.5866358848404634,-0.31822628727009156,-1.5859708762772227,-0.19212143570746312,-1.5081449173246542,-0.2694482829649784,-1.5376054207202985,-0.30729748352894143,-1.4251304952029353,-0.3370496811944973,-1.4341551612592438,-0.11576686149195789,-1.0492534196398144,-0.36379485138111667,-1.0196066298167643,-0.4719707310170604,-0.651947411630328,-0.6428505603313102,-0.6731595968835462,-0.8429376300010925,-0.46917132488327873,-0.9482651500007458,-0.46004112741137826,-0.9461820784871257,-0.3912696156288861,-1.0328133612680457,-0.41661470274916407,-0.9543066381837494,-0.4193848406219068,-1.031795860476496,-0.4018289358423787,-0.9274438264190933,-0.4405430244364673,-0.9973923718473843,-0.4085154755352059,-0.11113410649132786,0.07032232470809464,-0.2722464719282824,0.02570008329098329,-0.5477242457414195,-0.4407753418384728,-0.69651588019457,-0.5035519524914486,-0.6494565303719525,0.5543783692343134,-0.7412807249531251,0.4237020549217968,-0.6304015604840584,0.779662979759483,-0.7013866369591695,0.5959243822442313,-0.9135051530180246,0.5779694599694503,-0.9606865930497811,0.46959240334921665,1,0,1
-0.41796039509720523,-1.5327635182713204,-0.3722450261598065,-1.5933300242780901,-0.3557062514525693,-1.5929631975717853,-0.3377711008715759,-1.5902310584230408,-0.40030476683713545,-1.5929889007737092,-0.40503588601435925,-1.592319814298625,-0.40932041205815345,-1.5913199844583983,-0.2719691739229099,-1.5166411848644867,-0.3654705024296241,-1.5418326706386514,-0.3898188490368297,-1.436245338225319,-0.424363952422696,-1.4415095516962937,-0.19723414857478952,-1.0593682474623425,-0.44658189902427714,-1.0035500372917745,-0.5235145481369002,-0.6771139356410858,-0.6985503874853242,-0.6558938417103526,-0.9380436786048506,-0.47559836109514236,-1.0089706757294603,-0.44854067457359126,-1.0339294733823612,-0.3944054062636151,-1.0954698588812612,-0.37438730774208767,-1.0485629982469813,-0.4205369125042987,-1.0958614619913438,-0.3876331068489837,-1.0183853384457313,-0.4410887231850078,-1.0629705079369909,-0.39355102194581415,-0.1823082497882838,0.07716777938974045,-0.3519160177534676,0.08099582645321117,-0.6439973185709966,-0.4807881835682408,-0.7702818454009208,-0.49348037524908134,-0.6639294102245475,0.48148211140844893,-0.7377178657325819,0.39955191954481284,-0.6336179207709721,0.7134473301183093,-0.6931388748956311,0.5933204501723914,-0.9158005230936901,0.5817720509771692,-0.9219209744787583,0.5344126657013234,1,0,1
-0.4925367526026794,-1.5371600015311875,-0.44837766311254484,-1.5994415166144107,-0.4319552942524827,-1.5994119826468154,-0.4141968531847169,-1.596844751781569,-0.4757720862939177,-1.598089750624763,-0.4804063241715818,-1.5974533492309715,-0.4845840830689224,-1.5964684099476287,-0.3457413177835694,-1.5223249907495622,-0.44029351181509974,-1.5464359534582293,-0.4631359967941998,-1.4429293446698797,-0.49808889136443735,-1.446156085096032,-0.27556885792313274,-1.068584204656047,-0.5156552998562901,-0.9881189717289932,-0.6432277053903105,-0.6799154610777165,-0.7742423628127691,-0.6092980145339704,-1.0272042553135619,-0.4737482248489585,-1.1038662793674656,-0.4050949725099341,-1.133923578982783,-0.3800506622814015,-1.174693058719189,-0.32682427402022857,-1.1476527960027882,-0.4029194683278564,-1.1749887691144012,-0.35095772703057915,-1.116852327847226,-0.425940763562649,-1.147203484261463,-0.3587270141044552,-0.2500208637953585,0.07971536213428537,-0.4107921675144752,0.11018131794557717,-0.7084298085786922,-0.49194609181115595,-0.8229191607603065,-0.48514710060991123,-0.7725424914393718,0.4609647776187822,-0.7577834163191998,0.3773500374444342,-0.7299359742039162,0.6613167879853196,-0.7143618110073464,0.5626674047086335,-1.0016348830418795,0.5350451127563575,-0.9269558363017957,0.5251142852591413,1,0,1
-0.5546334641355307,-1.542728143007605,-0.5132750350704236,-1.6033750950934733,-0.498721832711816,-1.6028170390363157,-0.48120905493936234,-1.6004493787052387,-0.5367188266868421,-1.6036951493866618,-0.5400646915680652,-1.6038593162316428,-0.5432427441982655,-1.604172203285833,-0.4079756897344176,-1.5277472541977521,-0.4935431318164732,-1.55513376870161,-0.5308073373904927,-1.449608099258278,-0.5590343960265,-1.4560449595304923,-0.34325527443593873,-1.0687680814082727,-0.5660585373907521,-0.9883575913583935,-0.750165629848972,-0.6650798942172034,-0.8501402109017785,-0.6016894960452056,-1.136734495973963,-0.42565061395631454,-1.177546855571271,-0.36460192576729733,-1.2270153862819195,-0.3339797735750827,-1.236698202595186,-0.2925727802871096,-1.2425007004295308,-0.3735447864405594,-1.2375904002773561,-0.3168793591911887,-1.2167379362779878,-0.3741850186000223,-1.2126309847590244,-0.3291842728199627,-0.2919744208434753,0.09661670027635448,-0.45474785570476883,0.1177257020026181,-0.7700302505974723,-0.4752125659201099,-0.8702219495626851,-0.5145878940983108,-0.772431275661816,0.4505198860830859,-0.7254045491339481,0.37826250111273646,-0.7238742200347803,0.591879587987613,-0.6263041240927303,0.5022198995838486,-0.9818221629895719,0.5495207112168483,-0.8179573306311975,0.5559534317906759,1,0,1
-0.6010952145134151,-1.5531259531974693,-0.560063018395805,-1.6123906785279483,-0.5454112047144313,-1.6098256101917099,-0.5291148804022657,-1.6068074611350178,-0.5790191298147607,-1.6186356915838789,-0.5801125044812203,-1.620142541796674,-0.5806273099582175,-1.6218494568359831,-0.4571540708387317,-1.5333476482496609,-0.5190463924870528,-1.5638078579124455,-0.583115330475227,-1.4616729721671606,-0.6040043721081025,-1.4722597873923267,-0.3977332109138729,-1.06678325049816,-0.5900265260387169,-0.9859812809112846,-0.821633259225589,-0.626150417733915,-0.8836538497373578,-0.5834069815189796,-1.217930910851903,-0.3765493424577725,-1.2081854429839465,-0.3466513285505323,-1.295983502844513,-0.298662709119893,-1.2854162739535053,-0.2712584000916263,-1.3059438643093244,-0.33843322402767556,-1.27928346525982,-0.2961356395076528,-1.2869294263936952,-0.34572045249239025,-1.26007304042952,-0.30552348686422426,-0.32926235245004004,0.10657026522142644,-0.47202386744411484,0.1206875017320153,-0.8442148814197777,-0.4897631732439079,-0.9141401951078681,-0.5090996426221044,-0.7857677774139631,0.49035638901888495,-0.7452862229683405,0.380464326362169,-0.7239085733527364,0.6186242638818876,-0.6466160794131773,0.5883107972589334,-0.9748876121127953,0.7138148364765882,-0.8477108876007012,0.6975503940206553,1,0,1
-0.5950267873976258,-1.5641625126697625,-0.5462406272688252,-1.6219063622421659,-0.5309662523793113,-1.617422883529633,-0.5146904411994505,-1.612755280918702,-0.5726647545775668,-1.6304322873226798,-0.5765098547269294,-1.631072086976341,-0.5797501881925607,-1.6316448482307535,-0.45801883529577114,-1.5363812439421245,-0.527945137568551,-1.5672939164599322,-0.5782885657293052,-1.466728532482132,-0.6047257917851812,-1.4803420233069362,-0.4152454943939819,-1.0666433657646122,-0.6069375028815075,-0.9860361473615453,-0.818911314856454,-0.6116325572779528,-0.8827966232385749,-0.5744541114257375,-1.2037749959653419,-0.3714033884302655,-1.2081040083201584,-0.32778542548448303,-1.2957068227045714,-0.2838252886630872,-1.2895602973983207,-0.258929760430307,-1.305889986443753,-0.3229398776294629,-1.286229137714352,-0.286312814887752,-1.2746271077997309,-0.33739817585788956,-1.2615837214079864,-0.29212767003071405,-0.3385426912216409,0.10579694484815509,-0.4680873232109841,0.1183747078511993,-0.8398233410833577,-0.51242153432461,-0.9686484069919148,-0.4789686934474279,-0.7754556033728167,0.45054237638476946,-0.7144641295226977,0.3843185709199084,-0.7199754891660186,0.6277805352749706,-0.6248091368962079,0.5872085253302692,-0.9723615310852445,0.7333450684539041,-0.7741069267103234,0.6918012797595373,2,0,1
-0.574693577506357,-1.5648890606299173,-0.5262909882370377,-1.6229425843562704,-0.5107529083816303,-1.6197784954848078,-0.49394919297763806,-1.615160013175631,-0.5536493280772481,-1.629579385881913,-0.558356968368099,-1.6301773560459047,-0.5625060583094474,-1.6307297277410986,-0.4339762085037578,-1.5398190471994606,-0.5179114972636388,-1.5723099951738713,-0.5540020056651861,-1.4671489281212928,-0.5868017627819433,-1.4800953714269347,-0.3916516850509493,-1.0730571796562554,-0.5892003163845635,-0.9888709139583566,-0.7769520734463732,-0.6253974869198622,-0.8699364957336252,-0.5751545236781668,-1.1668308446845108,-0.3923741118731014,-1.1912170046560855,-0.33019510066485874,-1.2539508590212454,-0.2869768966528463,-1.2616670096680669,-0.26064816776663036,-1.2648695297693293,-0.32562610937669406,-1.259244977179074,-0.2855681634704728,-1.235887192430632,-0.34250817011732015,-1.2336384094084536,-0.2930967301724836,-0.3198263115898611,0.10542474271260167,-0.4582125978948906,0.11637850821715882,-0.8132737870921503,-0.5076623640568249,-0.9635651045190976,-0.41904810396208503,-0.7290835670554942,0.44088909403909815,-0.70071464651656,0.38288586455881735,-0.6691303542754016,0.5900561435280425,-0.6173344480597686,0.5000005269561795,-0.9416899496585607,0.7215285156616863,-0.7385611284726272,0.6756423687191964,2,0,1
-0.49550992105600444,-1.5659336857138817,-0.45386331955394166,-1.6238033326880092,-0.4343906726347824,-1.6201950603582975,-0.41200095944342063,-1.6150860546835561,-0.48798283723102776,-1.6300416110107434,-0.4965227260702793,-1.6304770207798744,-0.5046886827507711,-1.6308269179733736,-0.35173090527038026,-1.5399388513065053,-0.4813766200442131,-1.573828893762568,-0.471113133799019,-1.4673363884930175,-0.5095675953390579,-1.4800404431901306,-0.3083619420932366,-1.0941656870901741,-0.5344122114603347,-0.9863722661559362,-0.6640878309210215,-0.6644557265589429,-0.7806256541521275,-0.5759221596894741,-1.0396754983163248,-0.45770534893653403,-1.1260755758530148,-0.34647140613706423,-1.1426059475903922,-0.36603858646714593,-1.2027600902086022,-0.2669432279224611,-1.1556121384831985,-0.3886087163643205,-1.200571363706304,-0.29095199568886304,-1.1206425615463276,-0.4114707258910359,-1.1737694734731312,-0.30445952259227377,-0.24560164308763563,0.08078080928326996,-0.3979415551371608,0.1125835787407825,-0.7380473115803194,-0.5225584817295629,-0.8841929991123311,-0.40514291886736925,-0.7029661481466342,0.45562123022648443,-0.7255431981366344,0.4372548095747469,-0.6446448415425438,0.6904956065310323,-0.6478345100428442,0.5647560370111315,-0.9417967168050142,0.6669717395547736,-0.8673823636155131,0.6391025485763236,2,0,1
-0.3707562176175928,-1.5581307249740235,-0.32675406594689815,-1.615864565126447,-0.3060511253817994,-1.6144273483477105,-0.2838047569703984,-1.6114470744419305,-0.3637913913347038,-1.618007507800318,-0.37201221446545635,-1.6177453474980017,-0.37941078228081304,-1.6183111268730452,-0.22508208498241775,-1.5386252694004852,-0.34764113041039485,-1.5656599713280082,-0.3428244986575392,-1.4532273078061162,-0.3802960598701572,-1.4642482970695514,-0.1630320840761398,-1.0979586393971716,-0.40103953240752077,-1.0020735860581782,-0.5266384757553565,-0.7010963823401328,-0.6652998357502073,-0.6564432476514782,-0.8890261896587339,-0.49491987812991195,-0.9786551083640412,-0.43081485680057513,-0.9928927050605627,-0.4212815639215779,-1.0544757232741924,-0.3951737837134395,-0.9941824373609515,-0.4546680460514851,-1.0565982146023019,-0.40418102596459776,-0.9666461522766518,-0.46720824283633267,-1.0260193129902477,-0.41005680263904315,-0.1258222506600365,0.05455538749709472,-0.2913622397745737,0.08319345021771382,-0.6030155402725452,-0.513893413354018,-0.7338221006178883,-0.3835734838220246,-0.6643310227546102,0.4946745269421182,-0.807705707402276,0.47619170044320563,-0.6162699894954734,0.7505241988936904,-0.7575906423047697,0.6465769902665905,-0.8978046981273857,0.5821459831359291,-1.0446461021345521,0.6004273855043796,2,0,1
-0.219745704829118,-1.5203008635980466,-0.1797473211504322,-1.5810297446400476,-0.15948751367235023,-1.580748677655547,-0.13613121180094234,-1.5791857870481725,-0.2179284390238562,-1.5814773263581667,-0.22592905491504825,-1.5814072604183065,-0.23228145298286335,-1.5824353884952669,-0.07925150882014749,-1.521459608427092,-0.2032111316068107,-1.537578728933685,-0.18585207875355636,-1.4177103020974984,-0.22321143560392914,-1.4199938091568913,-0.011870070684016737,-1.092632145090766,-0.23207879312153945,-1.0174338442425825,-0.37994140511284036,-0.7384563570559365,-0.507500464753554,-0.6953797678006784,-0.7562572887049618,-0.544653596683488,-0.8196853766682423,-0.49417287882399547,-0.8382159023784177,-0.4960164656966121,-0.8882204931368852,-0.47312183287514703,-0.8440909376143461,-0.5071790697168018,-0.890274772121427,-0.466301216383822,-0.8146568170725997,-0.504468741217767,-0.8587932926879647,-0.46902884511492116,0.015362471754469368,0.03255814242741876,-0.14030353348249136,0.02354620439898592,-0.4715377309231098,-0.42683988133764456,-0.5833696438865713,-0.41653450381623774,-0.6326725866617479,0.5487911357160823,-0.7671700279449095,0.47131081068554,-0.6115630906431395,0.8071387140315577,-0.734116698855325,0.6364679703791128,-0.8887179983818182,0.5891903904863136,-0.9961843213569559,0.5192045259859983,2,0,1
-0.06539352864434982,-1.4946011217204518,-0.029662865069738687,-1.5602271423809504,-0.009863985203082409,-1.5608690427770766,0.012500766224872402,-1.5616290172570413,-0.0643760278528004,-1.5567768582419108,-0.07076945218522496,-1.5559149977523965,-0.07702200319941217,-1.555625527798036,0.06961352804618974,-1.5107775801390293,-0.05259036833212586,-1.5139499484072656,-0.03532177097795026,-1.4052505513917495,-0.06891882164669641,-1.4041944340107708,0.15669375184917655,-1.0955177002259942,-0.1059885231830794,-1.0291362155031762,-0.17017757421101393,-0.8008545869190503,-0.35834058250360773,-0.7879525681378878,-0.5636995271757074,-0.6716301327959816,-0.6411818293756284,-0.6371507702919593,-0.6462671090178244,-0.6030379255615267,-0.7131638935099842,-0.5800925042016444,-0.6525139756700477,-0.6175685140453646,-0.7135546316084636,-0.5895092676603804,-0.628496804933786,-0.6290866378344743,-0.6831116603912,-0.5995403129304828,0.15316672882362353,-0.02055653576385367,-0.01618202995294137,-0.03931394166024294,-0.3472182633095105,-0.2705797367023635,-0.476064954508148,-0.36655054976316115,-0.6183603518211778,0.5893431268208236,-0.760331987648434,0.48290097758388867,-0.6059373023220224,0.8309272745583992,-0.7319484854853315,0.6498650229434848,-0.8652855754893277,0.5889224840354903,-0.9912329949401716,0.46443841707110844,2,0,1
0.07127682178607986,-1.4682203067784139,0.10211127254033989,-1.5394947296347992,0.12012872279672455,-1.5407462160650174,0.1401910604831019,-1.5419911531216686,0.07332862930889823,-1.537025368653802,0.06690678316665387,-1.536941895034092,0.0601764986013214,-1.5366796729452326,0.20209425656300617,-1.494010874874346,0.0846417453480468,-1.500774524172945,0.09902911262501007,-1.384991856071443,0.06534679652680447,-1.384460800733614,0.3041975075982308,-1.0957089913633902,0.02091683483177848,-1.0335886773710798,-0.006033960970232923,-0.8059918908305251,-0.22523655134013412,-0.7853339308687933,-0.3597080422751994,-0.6907087051433347,-0.4847724084522503,-0.6448011800569369,-0.4519291536091601,-0.6222285786980388,-0.6012654982261616,-0.5834231695932683,-0.4648944418104432,-0.6348067124203416,-0.5985706163628983,-0.5911605748109117,-0.4322026875710013,-0.6445240056246505,-0.5606816252651876,-0.6056445762412623,0.24804515580265085,-0.026950701534795264,0.08082160696209116,-0.08207270093786374,-0.26543759488014385,-0.17399402396476846,-0.3855429731090676,-0.2710557402303023,-0.6197399217552144,0.6339295320429448,-0.7247985467193552,0.48289603466044173,-0.6108201692490668,0.8398623501272323,-0.7206269664763233,0.6474316217305639,-0.8425218065661199,0.5899221903026308,-0.9810102878134146,0.43128820668196427,2,0,1
0.1929713499031899,-1.3921359869023693,0.22392962088979537,-1.4574863777941587,0.2423172961123547,-1.4609840522117454,0.26177981003844775,-1.464713302592821,0.19077496186954895,-1.4516072646463867,0.18440748788522077,-1.4508505648532055,0.17861314587456345,-1.4500415936445732,0.3276635423701604,-1.4371529207567175,0.21336659348371761,-1.4305148835002133,0.2316119125110055,-1.3111711479879173,0.19778798165604553,-1.3076611780482563,0.44338454750166206,-1.0715785041071078,0.1569720384392384,-1.0359412617856436,0.19212635713993814,-0.7677162395461787,-0.09904198571694399,-0.7728076978426833,-0.13331275685150595,-0.6766704318348106,-0.39422818389765873,-0.6382640402252929,-0.24944105887503426,-0.6287463175551535,-0.471106707998538,-0.5949796010390918,-0.2613982378393171,-0.6481171402513062,-0.467983027526254,-0.6022154230999583,-0.22867213028191904,-0.6464067651655842,-0.4338558483178252,-0.6073159022317537,0.3334929791372908,-0.036025414691004044,0.15379275007817653,-0.10214443017879025,-0.21444516087080845,-0.010335064367958396,-0.3045843128489245,-0.13237337281080203,-0.6167202898214882,0.6819226001046863,-0.713957479869388,0.4766995858273771,-0.6312865909272302,0.876943914679888,-0.7445694990685363,0.6462626203353662,-0.8467737093151644,0.5501316565548882,-0.9569784118798983,0.3832484279936493,2,0,1
0.29008842691132936,-1.310549698937553,0.3226420264404297,-1.3791962165433809,0.3405727283903209,-1.381354914785739,0.35877949261472275,-1.385560724773641,0.28658982569559616,-1.3766973215947882,0.2786369090156669,-1.375648680385523,0.27191972319746877,-1.3746874671347256,0.42218311310694095,-1.3728835472227705,0.30836117916374767,-1.362749689144972,0.32897045132952724,-1.2330284712154873,0.28673415906024635,-1.2299164066133035,0.5435182906894596,-1.0083527052858927,0.24365583978178185,-0.9948891704011595,0.3715317408154434,-0.6707479445337917,-0.0015601209584215148,-0.7036239462447177,0.03236859987361328,-0.6688041398882886,-0.25422852737955304,-0.6381016651900615,-0.053813000446722645,-0.6229708822266807,-0.31770752745433684,-0.5981524635996726,-0.05766007776546402,-0.6424639187050586,-0.3095032631171315,-0.6080362097510568,-0.029395205765087723,-0.6442046927699793,-0.28134738257875985,-0.6172849138125973,0.3557069714001144,-0.03446641663584404,0.18228326653390495,-0.11057236180196896,-0.17341271760702606,0.1015252704053229,-0.26568053956756016,0.00022005436060428424,-0.5960512082820009,0.7488856197710348,-0.7154398626111206,0.4729832488338069,-0.6294060557018477,0.9523820708883334,-0.7482448097974971,0.6318530099028917,-0.8490506670009902,0.6178099172440068,-0.9680783643453983,0.32502054264270575,2,0,1
0.3407867569755727,-1.266650977939985,0.3718058259205754,-1.3363182710241461,0.39281325057000466,-1.341557028439369,0.4170755903092338,-1.3491565260928433,0.3407257118710032,-1.3291061749958246,0.33490492521990484,-1.327683725200886,0.32750907601244394,-1.3257459756366052,0.48514137619659126,-1.3345646453582634,0.35898215247604665,-1.3123391607984256,0.3848279577414981,-1.1929260389982437,0.34143600997032625,-1.1888954556465352,0.6248246856140938,-0.9862620389630699,0.2956029994548907,-0.9485238070304903,0.5411575504512084,-0.5028814449258733,0.1266615375703524,-0.5438408564957274,0.21065984860418174,-0.6640034490635494,-0.08561132127313295,-0.600259261145838,0.14287358503774786,-0.6204878046331183,-0.14318674072908244,-0.5947404871173467,0.14107090085665447,-0.6406504836654682,-0.14133487445969214,-0.6006060072256397,0.16191026610888837,-0.644543653745352,-0.11643514474198209,-0.6149163884699173,0.3792071123438278,-0.0507943756580699,0.19244023277881783,-0.13700217347267452,-0.10173884474958603,0.1699709199595765,-0.21612699057362453,0.04553109216004458,-0.572682796248148,0.7625335257003383,-0.6938911878442531,0.4984383160007789,-0.6186470413810994,0.9458309672979519,-0.7366425327367034,0.6519304235057822,-0.8478673311277964,0.689278411632227,-0.9641031417362953,0.34651830529807,2,0,1
0.33085345801663313,-1.2722378407389576,0.36045464937088545,-1.340401990802909,0.37972290640551437,-1.3465019290556723,0.3990176080805844,-1.3570640914501468,0.33084554933911803,-1.3375626520019093,0.32262670337774424,-1.3379346069912903,0.3142835428916803,-1.3372606393793023,0.46566625781570853,-1.348857232078132,0.34965016015442546,-1.3162111998805741,0.3706981167761196,-1.2039915145727014,0.3337569312493566,-1.2000660919173263,0.6299218282725624,-0.9911027674677292,0.31234566975431355,-0.9517764978047389,0.703881061785688,-0.42498752077590957,0.21861004667621517,-0.4611962886209245,0.3818955684066101,-0.6235076837130168,0.08386496492836261,-0.5588459656304701,0.3013481593772511,-0.6163010249004869,0.019480668424274556,-0.5604322733376743,0.2983295160282143,-0.6557617420812335,0.031114827341300864,-0.5989801561308601,0.3126526253003675,-0.6503214369624621,0.06248163095079466,-0.6085155497523222,0.3710769918583263,-0.049411345677620414,0.18939638052020172,-0.13460831564732897,-0.09854324474114931,0.17545608210862867,-0.22706469157697917,0.03953507887275275,-0.5762073478119776,0.757083952600104,-0.6857981392846035,0.49681728425636,-0.6306291821087893,0.9376884895038331,-0.7321175334672164,0.6991333652545328,-0.8798974750638675,0.6781622710924384,-0.9658713490263464,0.3535599940405587,2,0,1
0.30441919771482534,-1.2868787799887482,0.3372004188686566,-1.3495135287387974,0.3543197399347351,-1.3546428003996709,0.37342834054202834,-1.3599907964230709,0.30298154843028735,-1.3439820266824303,0.29613782377184794,-1.3426064110871512,0.2894223679768563,-1.3409863679274217,0.43837168168796353,-1.3590677054693578,0.3230016241211935,-1.3232072901542649,0.3427925953103347,-1.2137946910719006,0.3060266364197652,-1.221671363157661,0.6085760605131911,-0.9940272481251021,0.291155356937348,-0.9546086693667406,0.7492148370329842,-0.4570463336679728,0.1891509643710619,-0.45981943729478364,0.4309021829211435,-0.6065270116496245,0.11018207794447829,-0.544660763922486,0.342173247002435,-0.6147671121818201,0.0714384553827943,-0.5380366286381763,0.33305355324285923,-0.6546047272753946,0.0913235892635994,-0.582392199335326,0.3536119132971355,-0.6496656345941415,0.1164410547591465,-0.5912586918413331,0.3624629591673709,-0.04888270001497183,0.1868520106758973,-0.13334614014515678,-0.11501405425099129,0.17045779791909857,-0.23088458281676247,0.016192864333168615,-0.5794644872173286,0.7512162081762598,-0.6824179210854241,0.49624266940565503,-0.6311684550568487,0.9399031663542277,-0.7302434240423149,0.7098960867678664,-0.8821777692230199,0.6621343475234409,-0.967869772975938,0.356728902262382,1,0,1
0.29478445133208,-1.3056783243075225,0.32720310905107935,-1.370842490558449,0.3459639749938815,-1.375389485837275,0.3642770120723922,-1.3815602932549587,0.29866884772284563,-1.3611762330387296,0.2919200271945872,-1.3570805266706079,0.2843425255504519,-1.352643511438476,0.4294002756317955,-1.383337953886102,0.319299374459447,-1.3315172094801482,0.33213293375086955,-1.2335949302425049,0.2969015054443978,-1.2397272446438456,0.588890126447297,-0.9986693946802813,0.27971125342685593,-0.9558898751241834,0.6429283898846273,-0.3957161459886533,0.17559895115662888,-0.47371399510408857,0.3178313261957104,-0.33883730801946166,0.023350977483216476,-0.3742324706651128,0.24397095115152329,-0.2880354237090052,-0.022937770574025493,-0.31040141086782175,0.23142704717409052,-0.3393031785543343,0.015879007254672985,-0.35337148012279856,0.25198590152071143,-0.3664836967235415,0.09106285005177413,-0.36643414391598605,0.35887835108366123,-0.006233673637872752,0.18109548202960896,-0.10959094435158209,-0.12420542040054748,0.15829771194731948,-0.23417212120131198,0.004247795531330752,-0.5768192817347069,0.7421681868066644,-0.6800401277612811,0.4946290520464065,-0.620837497906604,0.9395341771189147,-0.730220686594459,0.701646841827294,-0.8817807288971458,0.620516167831198,-0.9816791889288696,0.3547853447630513,1,0,1
0.244348343356696,-1.371091552113631,0.27907732349478787,-1.438452477117457,0.29920812067090513,-1.4382300455623453,0.3183135083779579,-1.4380509263739374,0.25289515228877324,-1.4325566198165085,0.24710797751711397,-1.4293042379749752,0.24145426167852166,-1.4264885016334348,0.3828436211237302,-1.4102901089920614,0.28867178505144075,-1.386772111737396,0.2806219870719518,-1.2830564172872414,0.24536015978628145,-1.2840068178929989,0.522851927757868,-0.9931060107676816,0.20226874176068263,-0.9544407335426314,0.49444074522346276,-0.36985736554915366,0.0612671546598853,-0.4715188428013094,0.15516910711197268,-0.25408915549873384,-0.1424477736737672,-0.3622825825129142,0.06691666901354772,-0.19871037122259763,-0.20733427120006281,-0.2978078305097474,0.0452795159169802,-0.267803296602226,-0.2036255957378353,-0.34614183671624055,0.06847319560698426,-0.28570137525736744,-0.16879355564587506,-0.35505244481401144,0.3522283890243413,0.012836372166534502,0.17531053157350082,-0.07102576132633208,-0.12428228286014716,0.14930035554305507,-0.23695152705551767,-0.05496027153913791,-0.5893483569417989,0.7248484301948132,-0.6958908475247064,0.5086941407146304,-0.6268854118900886,0.9153561142244556,-0.7437101718272885,0.7017706620596394,-0.8807539601241333,0.5723201927619601,-0.9705006439805636,0.3569048703370925,1,0,1
0.18456541428935,-1.417105473627224,0.22761951324292454,-1.4754784337813347,0.24694535533571016,-1.4739529240325278,0.26679836021411024,-1.4731068808980434,0.1972773776639782,-1.4784642684759925,0.19160833876270045,-1.478610208290763,0.18608783471100276,-1.4778287938803474,0.3206903131174116,-1.4364955119382765,0.23072935352955712,-1.4354642327476188,0.21702781688085462,-1.330223522841002,0.18049516397697998,-1.3313511272523315,0.44360302471801616,-0.9941338916984696,0.12555407557206893,-0.9625672704086338,0.32901864483313475,-0.38129677328237116,-0.0608517234351432,-0.5093182434115446,-0.002793627504601536,-0.2644080024865335,-0.281336755293349,-0.3831413487396772,-0.08642319644929031,-0.19550908685219692,-0.3563690974868019,-0.32454879921143687,-0.1083606321452585,-0.24330196651433805,-0.3629061137453596,-0.35716257883350355,-0.08196492664633671,-0.2671688723778132,-0.3229099543822249,-0.3666912995083123,0.3250205612030898,0.01191797699009592,0.13906283820634138,-0.0731435568771669,-0.13234344956356406,-0.03897411567326688,-0.25825972859669233,-0.11457884840187366,-0.5718506550858583,0.7013589165365107,-0.6664270694422785,0.5081869967689758,-0.6041964046840155,0.9051662775386207,-0.7116743435292535,0.7044729583080731,-0.8115728035609774,0.5762470982943694,-0.9134066652683446,0.3925065236097389,1,0,1
0.11469892139027793,-1.4387496703897034,0.1569559739380359,-1.4996360453300321,0.17310771773937889,-1.4980864388294213,0.1904966752794871,-1.4964877738135998,0.12537884893587545,-1.5045787216307844,0.11971351722718289,-1.5062575855795324,0.11467420677304331,-1.5072606901065426,0.2469263250804395,-1.4496721101169157,0.15526845987325585,-1.456445954195124,0.1465002079707564,-1.3538215336689645,0.10973721483425508,-1.3605195656588056,0.36188463712408075,-1.0050505852771747,0.05006278293656908,-0.981631508277991,0.17369172414463305,-0.4766761655527443,-0.17934027140457798,-0.5438739740828218,-0.17500656327248687,-0.2864195820342056,-0.41361457680266916,-0.37739470594028274,-0.26336922856377826,-0.22824508025648885,-0.47957566588632616,-0.3277483535586311,-0.26155616424344635,-0.26576236351099086,-0.47866196648716214,-0.3435204808392503,-0.23703654533880475,-0.28635631261408495,-0.4451422725703604,-0.35007430303752757,0.2671955241130706,-0.0045172434709282025,0.08768757477604171,-0.08435756730120463,-0.18979554307951277,-0.15561351598120718,-0.3563710746561807,-0.23809509095534773,-0.5729237637661856,0.6421328077954608,-0.6893167593402967,0.48186172792917276,-0.6045713254274647,0.8722871865005403,-0.7255876844476568,0.6895841314474194,-0.8127521850954136,0.6163804237831562,-0.9231342150388059,0.3816783083607337,1,0,1
0.03668080628871025,-1.4535773285727014,0.07902955006640866,-1.5164833820334436,0.09541435270827416,-1.5155195737478364,0.1118063225891377,-1.5135460497751088,0.04461839990595404,-1.5215327636941063,0.036965765825425455,-1.5232460427473535,0.03013242130622461,-1.5246723850945065,0.16711961312960216,-1.4608370002391995,0.06632895541570838,-1.473686191526023,0.06796827597688092,-1.3706909899548008,0.027484991508051823,-1.3767403868153194,0.26747035065671965,-1.016936709716908,-0.025438889838169314,-0.9956311032105429,0.03244966381814284,-0.5379666862714022,-0.272743730027043,-0.5838695155805256,-0.31281502182657095,-0.29499555421461965,-0.5138427298283029,-0.37980401040139994,-0.3851344404861793,-0.22856884174226239,-0.580468394969399,-0.3291657368570367,-0.4042746758035329,-0.26448288777675444,-0.5791115624832182,-0.33518559974995993,-0.3771689193514604,-0.28492162908361507,-0.5503657440314561,-0.3428641841785849,0.21253000369032563,0.00030111830513384686,0.03829911942523335,-0.08327333704312172,-0.2467530971045967,-0.18276029869788915,-0.412084741995846,-0.2725771720672657,-0.5782643454044153,0.6334102779348453,-0.6970225298478797,0.4805787921485235,-0.6002126555319667,0.8464154308869926,-0.7289661726236296,0.6145779867482352,-0.8174592075208337,0.5877146806912343,-0.9258535643731315,0.3666355094347082,1,0,1
-0.04947533797587401,-1.478690777942948,-0.007419215266233528,-1.5320052120280192,0.008139130575306179,-1.5309003450645453,0.02461908449352497,-1.5295769390981744,-0.038754878458011705,-1.5356671768636732,-0.04538729313909506,-1.5370449549879603,-0.051465111809433486,-1.5388244692153963,0.08774145264161318,-1.474612001087632,-0.007979001346597733,-1.4913995902038788,-0.02214591423782818,-1.3918077767854935,-0.05930631841946224,-1.3978262803744688,0.18059476388443552,-1.0319032640487646,-0.11148900839481704,-1.0010758569604166,-0.0707044527418979,-0.5603541751472129,-0.363508161821195,-0.6141244085606337,-0.42067801440832436,-0.33511899385651267,-0.6269998405678848,-0.4066870881521885,-0.50513626446889,-0.26286160888616317,-0.7018500360323187,-0.3519875851307459,-0.5381451072474521,-0.28086571324924114,-0.7028376321370141,-0.34932063078495773,-0.5039558943497644,-0.3046930757251409,-0.6714829386899653,-0.3578561945661932,0.1467401869041046,0.013203384232468649,-0.028559851702557475,-0.07061698155727142,-0.3084477018150407,-0.2020137269621773,-0.46485885276162536,-0.2932116531426246,-0.599919540171564,0.6348578130662772,-0.7128045429753928,0.47812117061071263,-0.6006426898718491,0.8420466279984283,-0.739450360400729,0.6182278414214443,-0.8185403484517623,0.5788819236377525,-0.9362673154911121,0.3902384631861176,1,0,1
-0.13640776836779778,-1.4946396765233378,-0.09485631814208828,-1.5482488324189319,-0.07978114306748545,-1.5458314339206705,-0.061572648819877146,-1.5436721795994244,-0.12562898235326175,-1.5524801602491285,-0.1315978095615955,-1.5527022210849817,-0.1372376852145364,-1.5533680328732824,0.0012701970072874814,-1.4825382877674909,-0.09588246904966982,-1.5051400523747258,-0.11027725071180348,-1.3982085537165452,-0.14678271753672004,-1.4072593554805795,0.0852368733310565,-1.0385653362705296,-0.19943103090077513,-1.0009449930621592,-0.2269942549178605,-0.5829902930724039,-0.4674479560631244,-0.6219958905767748,-0.5440439920890119,-0.35944991665856785,-0.7288702799087593,-0.40577351232611064,-0.6610296441844092,-0.2746835988941726,-0.8053004808530024,-0.35363320791931324,-0.6700828556236239,-0.28232263993522216,-0.8057601727335665,-0.3505153353820794,-0.6343037513992329,-0.30632992482459,-0.7743827418386617,-0.3555823262075218,0.0780182279291679,0.0180511564030399,-0.0940634732212016,-0.060917977169716066,-0.376202824963759,-0.2515628273250107,-0.5199242556912266,-0.35550842950199024,-0.6249650861309584,0.6356892127900499,-0.727261111180613,0.47826822258325863,-0.6109689512448192,0.8312325000812467,-0.7598641399441827,0.6264486645521968,-0.8695726965679316,0.5666709255544701,-0.9428617932347403,0.39140103878083427,1,0,1
-0.2373420180078247,-1.501617416193732,-0.19436453436767748,-1.5584295864829332,-0.17881385005748052,-1.5575099555756329,-0.1616072863925638,-1.556010396174922,-0.22340668108008266,-1.5614877114330024,-0.22907250708111992,-1.5620038762139474,-0.23445436213013138,-1.563013097608723,-0.09483728788681763,-1.4866708189152922,-0.19460204183930221,-1.519278975961938,-0.21123745069992678,-1.4017935943060567,-0.24746809098119432,-1.4131436586979709,-0.01693384860921859,-1.0415862039351176,-0.27302893670993056,-1.0089578426888823,-0.35519490602198495,-0.607007710954838,-0.5560127869233951,-0.6452488853481421,-0.7003911321769588,-0.39761262214215204,-0.8196547305428714,-0.4241424044395717,-0.8069571016462392,-0.32103685210239696,-0.8903024524927299,-0.3825729125432809,-0.8164771722050159,-0.3494608862377642,-0.8899214766680581,-0.3847477988599277,-0.7915517392853818,-0.36420006609106237,-0.8601723683296566,-0.38897053836063533,0.001682683968933335,0.040759441010555966,-0.15983401260597963,-0.03167193486512525,-0.43319942808407363,-0.3378084385039843,-0.5923000236781298,-0.4232460052724719,-0.6485230592790008,0.6346321686109251,-0.741367720405791,0.4772425659680218,-0.6275907670659647,0.8372772011644908,-0.7544817906028265,0.6293308832140985,-0.9039181058465421,0.5889701832467531,-0.9675568859217477,0.4285189338208248,1,0,1
-0.3353463497746871,-1.511408297170857,-0.2919932039525736,-1.5711881369110485,-0.2769051772770088,-1.5698415609910201,-0.2607872925012772,-1.5675277167389716,-0.3192294535836449,-1.5743774346920905,-0.3240426252900877,-1.5750019730696094,-0.3282987295240621,-1.5752760581747414,-0.1966083744664089,-1.4952459260841031,-0.287846832619121,-1.5295179329495268,-0.30941429049508684,-1.412111576282253,-0.343325463948885,-1.4206326202258632,-0.11547522900858935,-1.0424954547031793,-0.36597122057479753,-1.0093233718777825,-0.4740828422059312,-0.6193316548388825,-0.660813144137434,-0.659653800003342,-0.8457169122822119,-0.4113562972132396,-0.9708865627286822,-0.40972056027156606,-0.9558678605544605,-0.3416936999063532,-1.0634825948060922,-0.38057523003220634,-0.9607638262286393,-0.3669514208547067,-1.0562408412370892,-0.3784941356879649,-0.933498289776145,-0.37905935898412074,-1.0173602996959255,-0.3802066115161519,-0.07949074631497863,0.0640727394479756,-0.2458843783087997,0.02716442436213469,-0.4923476857808345,-0.4004559152819092,-0.6680055920450538,-0.45766073905242555,-0.6509243314895167,0.6012189946944045,-0.755692806847323,0.4773844278709485,-0.6292476350053738,0.8369853215349499,-0.7350378126396594,0.622579838370289,-0.9039281152665221,0.6242285504860107,-0.967702702163432,0.4945620754337007,1,0,1
-0.4259768283434275,-1.5273035650318476,-0.3804183972254686,-1.5876244695298483,-0.36555057778946426,-1.586038965047704,-0.3491101672588208,-1.582882352347955,-0.4067379817033077,-1.5883936502047329,-0.41105908538060915,-1.5884347382558854,-0.41477344520480064,-1.5883879040562259,-0.2804215730171509,-1.5060094508224966,-0.3729308567880673,-1.5382041323228073,-0.40083884971557565,-1.430421894752868,-0.43547020711559076,-1.4369679936332593,-0.2037041882206414,-1.0536643609507639,-0.4508464062281113,-1.0053261532593407,-0.5631093421161446,-0.659639589098432,-0.7181777479083721,-0.662003789383096,-0.9489627200721931,-0.43485334882979865,-1.0253544897866365,-0.41052971683982764,-1.0376387667100195,-0.3530672431846404,-1.1004615936972242,-0.3676162440583181,-1.050455149342464,-0.38257278897019475,-1.1006444818647603,-0.3780133128096654,-1.0235152279720359,-0.4010991131954403,-1.0726528299579128,-0.38023132613338656,-0.1531783661846957,0.07724365326465076,-0.314068547212711,0.06253227735574156,-0.6231154441771192,-0.45826266355517475,-0.7369700014150622,-0.4836154122067955,-0.6954160797276293,0.5227809782460205,-0.7551903586789431,0.45542252470391803,-0.6542232385979941,0.7879520152338031,-0.7214692406316792,0.6093758069665194,-0.9681500367353787,0.5965919240557385,-0.9596388168521193,0.5072651415461245,1,0,1
-0.5049612849788689,-1.534361565421711,-0.46107529200917696,-1.5944016500813833,-0.4474785453375492,-1.5928010696827262,-0.4318413598670311,-1.5897637667976772,-0.48364690478338557,-1.5958486291339276,-0.48676588947839494,-1.5964629109452941,-0.4897145904606578,-1.5972907888361108,-0.36340707903670544,-1.514880453746149,-0.44398661706846937,-1.5477327294245298,-0.48327173689376396,-1.440884395453344,-0.5128407992456113,-1.4477558004830862,-0.2829886803093112,-1.0563542998905802,-0.5192932915132267,-1.0053152788277575,-0.690945205469886,-0.6576061939654534,-0.7835674350415647,-0.6602863706314621,-1.063935119447658,-0.4333561373177252,-1.1049419830826026,-0.41102783995019143,-1.160808386756778,-0.35129866517533076,-1.1842775108558619,-0.3633931338383519,-1.1727633414055096,-0.3862471111144661,-1.186861547660828,-0.3784261704905697,-1.144643049915956,-0.4038880341772813,-1.1590965287940218,-0.3800845213070129,-0.22392222799559688,0.08980807037438826,-0.3789068512353991,0.08876931501201707,-0.7208434665232986,-0.49682772300733863,-0.8328228021785645,-0.4890768483233024,-0.7428540574862812,0.5065157943515707,-0.7408682379914793,0.45380099866715445,-0.6865376006322634,0.693078036885878,-0.6660311412741798,0.5970365400197893,-0.9817490077225575,0.6018311757633061,-0.869470254479494,0.5995356821145543,1,0,1
-0.5711551857568761,-1.5338922966269688,-0.531994627602444,-1.5941798981782458,-0.519185782928256,-1.5928317775946401,-0.5038864462753352,-1.5905031045722509,-0.5511524102980341,-1.5963672653765961,-0.5528774905810108,-1.5974238152633762,-0.5545056895644277,-1.598762791438605,-0.431143171930153,-1.5195848811367596,-0.4986420044981482,-1.550105703398312,-0.5494431473700876,-1.4415607727405124,-0.5740134312400601,-1.4485469153807664,-0.35795577591326466,-1.0563121614681952,-0.5753111957910502,-1.0051634075048508,-0.7546033865196209,-0.6431455478483895,-0.8586430278151781,-0.66228071666921,-1.1256607410027315,-0.42910720032274885,-1.1772822855937743,-0.4118416922957276,-1.234545930153309,-0.3274510367132986,-1.248200756175438,-0.3652050860009083,-1.246820815522143,-0.38551642345592446,-1.2558499302095538,-0.3834216124991178,-1.2169198358608346,-0.40238068967214163,-1.236468974520335,-0.38369470901956043,-0.27060665707476517,0.1042957789973241,-0.42696912022539757,0.10574380842110065,-0.7294159786572998,-0.48765575783231163,-0.8908191115660197,-0.4715880437295663,-0.7640312715561124,0.4821454517350262,-0.7373716139451248,0.45644842846532724,-0.7149260457188128,0.6306009673937858,-0.6570436707168094,0.5974596542668461,-0.9838700161736328,0.6016537248115615,-0.8520788254776623,0.6223630911771413,1,0,1
-0.6195026614297621,-1.5399829668982692,-0.5765563182073304,-1.6004113799812405,-0.562619992694899,-1.5980442139425084,-0.5480255169255096,-1.5952763003853168,-0.5937596689720067,-1.6076211281209247,-0.5940737917570588,-1.6096774460613883,-0.5938535845174983,-1.612013595255491,-0.48010974876476636,-1.5242003976918683,-0.5308547894555832,-1.5544979851732494,-0.6036324171187214,-1.4479838546136186,-0.6211128187425977,-1.4596426663613364,-0.42877600589142084,-1.0455244781914546,-0.5809621930217467,-1.0268819952652064,-0.852209195083575,-0.6204168736816549,-0.8869836501173786,-0.6825177866994361,-1.2231736226058836,-0.4278287131732018,-1.210505033384502,-0.48439701197684043,-1.3104455082655249,-0.3311614421987325,-1.2955428412192196,-0.4243178782219375,-1.3240513993455294,-0.38502460257295545,-1.3025501766437522,-0.43527386804204576,-1.2961023801534115,-0.4016611235913556,-1.2715911642186297,-0.4478589218571742,-0.315953036776851,0.120209026742353,-0.4241827942783662,0.09984220497164509,-0.8473391797574925,-0.4805630334052334,-0.9054465813494172,-0.48495160798758535,-0.7621282460290464,0.4410391117657123,-0.6956456785217389,0.3823021052997356,-0.6767990528571327,0.5829459952958138,-0.6205804658873639,0.5126734412355769,-0.9114893052632825,0.713536302740354,-0.7884152072121359,0.6456734238604928,1,0,1
-0.6395763678400673,-1.553583297189396,-0.5934967054446303,-1.6133551046789865,-0.5802271803051889,-1.6098089896116197,-0.566580262960575,-1.605991755193189,-0.6105772245616504,-1.622884443219226,-0.6109993502240177,-1.6242004348004266,-0.6103829676701863,-1.625342806195554,-0.5068559075360751,-1.5292773361507477,-0.5488000730296427,-1.5590737111946105,-0.6245439490532804,-1.4567377102515788,-0.6426928810733533,-1.469062766293399,-0.46025105952440226,-1.0456546006511949,-0.6052477645011763,-1.0263979594866663,-0.9053048430195767,-0.6221211936861544,-0.9257744775979807,-0.6868450690310461,-1.2773192710550982,-0.4698980582030628,-1.2637322866572782,-0.5046369241880485,-1.362021701533942,-0.375022102685759,-1.3426858500211765,-0.4421065946958157,-1.3750963519164883,-0.4041564349204493,-1.3593254603667309,-0.43970396318135185,-1.346059765992961,-0.42294003831110727,-1.3275985647841286,-0.4526295844219734,-0.32885456126566875,0.12255271389471227,-0.42970972413054487,0.10723212267096964,-0.8410804500889967,-0.4919240958018171,-0.896584908193771,-0.5495286785061034,-0.7459982510908699,0.4205430325468673,-0.6972054180154159,0.3575832865801829,-0.6794385739777904,0.5822631304216213,-0.6316073866589356,0.5080055914784737,-0.9170673943731369,0.6271421567118003,-0.8097276102382405,0.5896602153599438,2,0,1
-0.6315075396053077,-1.5603078973927644,-0.5846594997600463,-1.6187717455517556,-0.5733575052986533,-1.6153438281413133,-0.5611509558464731,-1.6115881949063402,-0.5990389583594944,-1.6273446284050153,-0.5982923297728365,-1.628501519637768,-0.5966470777035277,-1.6296833108473845,-0.5021984379182104,-1.5352440008300734,-0.5387053876201611,-1.564080151207828,-0.6181280344191723,-1.4685125571272133,-0.6335917232767034,-1.4774636354107058,-0.46269311085335535,-1.0516302243792681,-0.5881778726695671,-1.0259060150306112,-0.8977672554822753,-0.6534059447664292,-0.9038674408812111,-0.6908897397145783,-1.2796141468384192,-0.4861266644640055,-1.254914976239568,-0.4984561691369279,-1.3609775089557792,-0.4042272422988265,-1.3297068452073282,-0.4390556987712877,-1.365847029989517,-0.41275279666008197,-1.3375371773857736,-0.43481602975777434,-1.338238454649806,-0.4332190947651592,-1.3127883304062808,-0.4462642111801101,-0.32147551799792745,0.12191655964709308,-0.41984018888407065,0.1112929814287905,-0.8330428858450388,-0.49530814476666785,-0.9389397070526918,-0.44150986026268574,-0.7192533280504229,0.42690012639195696,-0.6501000990047421,0.363028411049315,-0.6547580629149514,0.5919737506792768,-0.5483485369727662,0.49794328221756945,-0.8907659751389652,0.6806105010757002,-0.6698742642541637,0.6155898031778206,2,0,1
-0.5958502784438834,-1.5618060357029842,-0.5464687431859008,-1.6241055306702457,-0.532942680319564,-1.6213335392012103,-0.5182290800951037,-1.6163198701624517,-0.5683258563758564,-1.630692161522902,-0.5710694260350718,-1.6321223964222695,-0.5724094525815331,-1.6339770430860987,-0.4603677125177497,-1.5375574125763203,-0.5257457837808419,-1.5737072978457738,-0.5717458651087834,-1.4681296041331628,-0.6060682897933658,-1.47709118612898,-0.4179470492038985,-1.0569690759942914,-0.5642825449962722,-1.0272974479809205,-0.803381390824734,-0.6728750080660895,-0.8496714981859239,-0.7050633255524622,-1.1739404986243949,-0.5311154236547063,-1.1858677729018237,-0.5061337649808635,-1.2744807972657017,-0.44341931159023273,-1.2804810120379235,-0.4386978311137304,-1.282270968191141,-0.45608888939630354,-1.2788276041449274,-0.4360097457702066,-1.2455922518994098,-0.4782894121927343,-1.245046306004697,-0.44768715526739356,-0.29254211560135457,0.10359437816020552,-0.40655188063553105,0.10374859737174956,-0.7832876655744687,-0.5018986681715385,-0.8771735535253535,-0.45649828703079504,-0.7194223760323077,0.42718879312125735,-0.6744182937789215,0.3660223397811172,-0.6559045740084656,0.5982915482829635,-0.5971880806747936,0.5495795320058667,-0.9031517055660964,0.6811149264134588,-0.796799888255154,0.6406934284877163,2,0,1
-0.46489938473389014,-1.567131788570873,-0.42083099788900663,-1.6295945853715124,-0.4055828204937615,-1.6265404147602007,-0.3889217084312129,-1.6216891825432165,-0.4459936911340931,-1.6370753910757172,-0.4489643881256948,-1.6388038696185636,-0.4513142539323627,-1.6406519051222825,-0.3231617963318457,-1.5421830621244954,-0.403548807495352,-1.583012227661523,-0.44726748250636555,-1.4685456129277645,-0.4751421107006072,-1.4787068424441505,-0.25263048022916235,-1.0796086539658951,-0.4768350619811788,-1.027988839398059,-0.6488302619712272,-0.7051243706570317,-0.7472898369875512,-0.7063478677832317,-1.02650619094977,-0.5920474588503761,-1.0686147086479478,-0.5543183713261733,-1.1181384765281157,-0.5100579519053768,-1.1490172900203117,-0.4913780263340181,-1.133705843204946,-0.5318820710813243,-1.1514988847368404,-0.5036096611226915,-1.101814966136992,-0.5487962608243554,-1.1269617184539622,-0.5122444540921239,-0.19560891534544073,0.0859370198769293,-0.33192881250348344,0.10307067542100386,-0.6821290072099514,-0.5160643453319073,-0.8092259035083776,-0.4518937066938125,-0.6850567007675648,0.45939861232462414,-0.7151741804758485,0.39910013634176394,-0.6249742305393352,0.6666598410852727,-0.6892557142357272,0.5820567633677122,-0.8992807786417236,0.5847600482008352,-0.9398083022754027,0.5753613264126805,2,0,1
-0.31191096112812844,-1.554210059882466,-0.2693771048673427,-1.6154790788841298,-0.25346855289958836,-1.6150478705999287,-0.23491998551883167,-1.6135772890879256,-0.2934039143043259,-1.6175501020218481,-0.2963044217829812,-1.617624863738983,-0.29886658615169454,-1.6179628361296663,-0.16766953485404443,-1.5386898981245538,-0.25228521702639467,-1.569709399575358,-0.29163434771032687,-1.4555656195292268,-0.3142761499974818,-1.464620622778191,-0.0899655425375288,-1.0800915775866597,-0.3292556795033867,-1.031126112909822,-0.45412850739686916,-0.7145831489650665,-0.6122019634986545,-0.7163293602457788,-0.8406328683708777,-0.5921980944424211,-0.9226873747592039,-0.549722441105223,-0.9299485293027361,-0.524776371480198,-0.9949894931867481,-0.5175373365190907,-0.9390402955448368,-0.552455754198286,-0.992937191371585,-0.5191191955951928,-0.9118224583036053,-0.5622470676812127,-0.9613380703600858,-0.522038115463688,-0.0727970393831534,0.06986831718949463,-0.23040165919599795,0.06899860980900825,-0.5519015103464155,-0.5061970344009841,-0.6612407070155929,-0.4527876343991888,-0.6523024185465193,0.5153334754885394,-0.7594254554882681,0.4858106294709208,-0.609846660476195,0.7715071560720574,-0.7485747499375793,0.6275185603322836,-0.8944278164015331,0.604018913680915,-0.9887058017548452,0.5249939250732087,2,0,1
-0.14796160477881154,-1.544713406423519,-0.10952147771676873,-1.5990766670774847,-0.09344412491330194,-1.5962532074180582,-0.07370011149690653,-1.5935095759722997,-0.13594881792575084,-1.6038891591319535,-0.13926403668160311,-1.6043230860240505,-0.14208323306955653,-1.6049305713156774,-0.006468938233562284,-1.522161441770012,-0.10097293876148507,-1.5564309771737124,-0.13106224380612122,-1.4466770074407949,-0.15418326252145548,-1.457054737004156,0.06410884134952223,-1.0852881965794976,-0.18099763363633178,-1.037962546756177,-0.2640518462917985,-0.7749719568739193,-0.45605451751796333,-0.7823133103503778,-0.6421711555035304,-0.6494208363104326,-0.7391275874996448,-0.592803355418497,-0.7342017171386122,-0.5761359411285536,-0.8048294202485106,-0.5573583928191181,-0.743821881897189,-0.5896286392616236,-0.8020532272945454,-0.5538553429722827,-0.714145310960371,-0.6021684653272126,-0.7743839775695235,-0.5627904185411159,0.0574349061114847,0.0362729965439549,-0.10731050805895938,0.00935185828262504,-0.41464468204900823,-0.38303371658162044,-0.5567423624241611,-0.4371123884181293,-0.6321619826696805,0.5739006925341142,-0.7551597125535722,0.49717243330602157,-0.6138410369136547,0.8318669243056596,-0.7261084214327902,0.6318715458658177,-0.8667532530338058,0.6082653792141678,-0.9640716305993212,0.5141224592440429,2,0,1
0.0057751774368145145,-1.5150155809158794,0.045306454849765934,-1.5737578392380185,0.0630357326691949,-1.5720966462405934,0.08426311741201238,-1.5704101825470458,0.016208205956238158,-1.5751356791488487,0.011639956106590492,-1.5758583963433321,0.007597386165523249,-1.5772249293167775,0.1457142831426954,-1.50664288646222,0.04212889651191049,-1.538254611928509,0.025513753637418313,-1.4204256970930662,0.0006330541749789072,-1.4262420968996055,0.2174622998518393,-1.0985257162896203,-0.043193129421005255,-1.0625050266817608,-0.1167458074806213,-0.8009905173138407,-0.32918919718302553,-0.8201466935593106,-0.4662305140181469,-0.701780359372101,-0.5849454478814509,-0.6657518846598127,-0.5454267749232891,-0.6375099972534646,-0.6700613539066298,-0.6213450311319011,-0.5569689954642025,-0.6570163796251491,-0.6710521629115658,-0.6291869791804469,-0.5279962968262266,-0.6670447062873558,-0.632631313250966,-0.63981377029899,0.17376389082695815,-0.011177091377141993,0.00827481382392426,-0.05346948582754547,-0.32543306965570756,-0.2541111515080727,-0.4538512093914967,-0.3677464900911446,-0.6275121745831586,0.5983303502320219,-0.7510926751414427,0.49400031218395773,-0.6157583969187167,0.834137950483349,-0.7195133258237312,0.6308498435893384,-0.8689881958703327,0.5433042435438237,-0.9740390357300446,0.4492290416249216,2,0,1
0.1395440318038995,-1.4701646675028046,0.17358668702138588,-1.5354847212019387,0.18831610460087636,-1.5355545399956265,0.20675493908111134,-1.5349281480218149,0.14972225261963418,-1.5359221699269914,0.14566139386181332,-1.5372812267287232,0.14172089528992507,-1.5388062421851858,0.272582322085529,-1.4864436297963628,0.17275158010502797,-1.509210426260182,0.16522499057239598,-1.3929900005009115,0.1372992031204787,-1.394799851921003,0.3613233681666825,-1.1023668621002252,0.10062888979860721,-1.0797130732237115,0.07863065614424185,-0.8173231721133412,-0.17656135984271698,-0.8384070885031116,-0.2478524032791927,-0.7234049080138789,-0.4512811363452683,-0.6910587876964632,-0.33668711775966537,-0.6758086331318393,-0.5411575719421803,-0.6515976997964581,-0.3492231130595831,-0.6887263456949456,-0.5327899439850541,-0.6607760907719661,-0.31915753404749214,-0.6909526384154405,-0.49631166323909565,-0.667570880488281,0.25381750180396934,-0.03136646219610531,0.09207763223542774,-0.10678608244162476,-0.27213723332010537,-0.15371320906203703,-0.3681186736663139,-0.2652557138576811,-0.6265265556478419,0.6324503622014526,-0.726053307836357,0.49096140284878853,-0.6192214090856321,0.8491256358129413,-0.755467903830488,0.6643944992695472,-0.8524537462211116,0.5528228312255663,-0.9675526844368179,0.40006351212156954,2,0,1
0.2401436455265696,-1.4278925390385335,0.27679962437044503,-1.4882556437454624,0.2932244646922306,-1.4877297784772527,0.31071030353189855,-1.4879303993826547,0.24924332044618536,-1.4910616795997382,0.24469187653625724,-1.492525588165088,0.2409209202385985,-1.4936079648268785,0.37938258612619363,-1.4550644070917087,0.2841888006312525,-1.4704249742088285,0.27424685155628087,-1.349645381221744,0.2404103162465312,-1.3546303195179674,0.4770053242029535,-1.1021959605220477,0.21173023867661325,-1.0876158192306544,0.24588089677141495,-0.8151825155415643,-0.04740721880568078,-0.834095129234187,-0.08850960443623716,-0.7470110746655289,-0.3201087996648528,-0.7146270174106579,-0.17382644029953365,-0.7081482040756878,-0.4042422996549555,-0.6687403761758233,-0.18498385425010408,-0.7327523469712718,-0.39849713973259515,-0.680396283956016,-0.17645953561971034,-0.7324140038613298,-0.36728603821167943,-0.6871130990549557,0.31254734103094806,-0.03180786525991567,0.1429749149684098,-0.11301441313092203,-0.22242402789883406,-0.03527236030386509,-0.31176390915558244,-0.15740211283047684,-0.5950445819220347,0.6669635837310862,-0.7108945973555012,0.4821469346120603,-0.6125178163069129,0.8681519367448433,-0.7488167060403063,0.6444280542980402,-0.8390720167194251,0.5631127621112014,-0.9655478346867452,0.3449595543890823,2,0,1
0.34559350288153445,-1.3343444381187028,0.3783210933159666,-1.3969225286087417,0.39383470570031165,-1.3952321723629797,0.4108971831467505,-1.393769746674664,0.34781435838623764,-1.4015335347462052,0.3406508265807823,-1.4028405672786584,0.3342000643363734,-1.4028808521047507,0.473851986189988,-1.3804136585883584,0.37383637887257193,-1.387534557679084,0.37866017786442563,-1.251813433910093,0.3416463313629929,-1.2554209030147447,0.5725507987011432,-1.0877250578388316,0.30210590954166466,-1.0866264931027525,0.42428533844891797,-0.7277071050089958,0.0636093589352105,-0.7984750635717008,0.09704452886106987,-0.74272185284446,-0.16665475267039082,-0.7144217625145244,0.024979670758978115,-0.6922803076532844,-0.23993680567128775,-0.67203446393394,0.0006421985833557175,-0.7156854208937307,-0.23500821670235927,-0.6817613958389704,0.03008991216458106,-0.7182971380699994,-0.2057913376461053,-0.6874640466196873,0.3488966114749418,-0.046501940936760626,0.18827334831306045,-0.13087690273724562,-0.17765399307065965,0.05892443753183133,-0.27346465541177695,-0.0556782311698037,-0.5903735192646911,0.7131705264052816,-0.7101272084903661,0.48163484774295895,-0.6136168753353367,0.8990926603532121,-0.7461156455227343,0.6462786848365687,-0.8393913295740963,0.5421055846079444,-0.9635674524077349,0.35994427396460643,2,0,1
0.39016878652590004,-1.3362934328338252,0.4194096387608716,-1.4004032117269798,0.4337352194947483,-1.4012703858591995,0.45139974501702257,-1.4031625369546823,0.3982544207003792,-1.398722247035767,0.39435025261582585,-1.39858458661777,0.38993992917030745,-1.3979838360593395,0.5270919674906399,-1.3825860116567386,0.424912101141988,-1.3785948481195194,0.41378780477851196,-1.2595430540233075,0.3862033261906048,-1.2585874633479308,0.6373465935821878,-1.0915328389161698,0.36390653996004524,-1.0775294132179465,0.5971786676292725,-0.6028835827768965,0.1829715686238892,-0.7612033200394248,0.24064263364853666,-0.734427874446693,-0.03350499946503314,-0.7305217291927609,0.17474555542351736,-0.6981861125876698,-0.10332527602987646,-0.693545696055697,0.16674493953232528,-0.7447260847291017,-0.10021518859707153,-0.7012362670736808,0.1944935231786703,-0.7397011087529582,-0.07066392076963313,-0.7057466847189995,0.37000487176268837,-0.05059715301253761,0.20702012692403884,-0.157092438676527,-0.13350948520469355,0.14006969315209583,-0.24002577829333238,0.008168769555603651,-0.5648974446730696,0.7210347176093386,-0.6826252767240226,0.4825539843579145,-0.6127271491148902,0.9112544763481977,-0.7241525066248422,0.663635513374272,-0.8400390996918159,0.5923316183368342,-0.9625563774166664,0.36666640270625145,2,0,1
0.3890002794230471,-1.3477385249290068,0.42418623283380713,-1.4086111214702273,0.4379848979282417,-1.4094249120292204,0.4554161174638211,-1.4107897149794593,0.3998591407974233,-1.4089554578748487,0.3960738500217685,-1.409286942678508,0.39272378365561533,-1.4094149643957834,0.5321199092208516,-1.3855948927319677,0.43899498433462075,-1.3849435389947493,0.415091253691466,-1.2699792954429716,0.39064701436939,-1.2705667618946388,0.6550556054154844,-1.0992627061755567,0.37513167196183855,-1.0796944136876994,0.7253882159956014,-0.5617414066125923,0.2660863320915808,-0.6874232675012502,0.39702684566233554,-0.690777411779247,0.1219697146345316,-0.7360654649846591,0.31812394726376836,-0.6959850287767544,0.045858085106442716,-0.7034918466155987,0.31217983467266924,-0.7413861513560148,0.051229807162387966,-0.7241474586886931,0.3308349220537072,-0.7368778344531611,0.08542297439883322,-0.726738539159571,0.3806810921157007,-0.05556923970779901,0.21099893315264076,-0.16690167025694877,-0.09612862663732666,0.14864195813992473,-0.22215340284011495,0.012059591746850309,-0.5697108635256847,0.730142054060297,-0.6799598052552686,0.4902296030324713,-0.6191994130762932,0.9104500155572107,-0.7240934386896514,0.6865096330634323,-0.8402565883234805,0.6178763995643679,-0.9573896631106824,0.3699492453135264,2,0,1
0.379996744364474,-1.3424796251007376,0.41510880106970255,-1.4062804094919161,0.4301043950768099,-1.4067454768017287,0.44765127902104734,-1.409209956645822,0.3900086358062197,-1.4070556452480232,0.38638201287321117,-1.4075693385672448,0.3825361712853315,-1.4075543244372748,0.5207749113254704,-1.3870845044992415,0.42265194939588174,-1.3842362066494944,0.4105252281573694,-1.264166170323216,0.3840032309643787,-1.2671289586373027,0.6596656229682585,-1.103301074631694,0.36872267742055614,-1.0848351776455871,0.7515343038604535,-0.5383150388013243,0.261228921220288,-0.697067652584717,0.4220840074918301,-0.6445241291977367,0.11931388186649904,-0.6920305664461286,0.33795372040196786,-0.625944915691609,0.05173398535397427,-0.656322516746287,0.32742356343681217,-0.6911195856548603,0.058977345373097505,-0.6788355558776497,0.3482787460440762,-0.6939599130405494,0.0927483869471754,-0.6903760463953568,0.38449851189376055,-0.06863042062395244,0.22439919861725321,-0.18991246177941662,-0.1020285000635758,0.15594364465572166,-0.22595376953228288,0.016814436956619376,-0.5765442080448855,0.7528211754194762,-0.6771942395867143,0.4932875426229112,-0.6270379010784262,0.9182499487564576,-0.7241369364159843,0.6902976424469829,-0.8409254894389356,0.6162373261493678,-0.9592636489624977,0.3698573069374136,1,0,1
0.3648236994056221,-1.3450071890053223,0.39958851573870413,-1.4081842382440422,0.4149857222758741,-1.408504601469946,0.43475346172481477,-1.4104788668811907,0.37507556978071593,-1.4088976874570627,0.37085999751900633,-1.4092787868548207,0.3664637614053116,-1.4089524921207806,0.5162884668588693,-1.3879138652670924,0.4060348293520108,-1.3821379356462749,0.3938693061644401,-1.2661574270338096,0.36614148279657216,-1.2696158669965365,0.64222501187813,-1.1086344890309257,0.34848511309798536,-1.0849534370890548,0.6949487048247507,-0.5434116871674481,0.23590162862441896,-0.6551764999451176,0.3622378090043635,-0.643965455275148,0.06769270799471487,-0.66604969579749,0.2846618384051232,-0.6173206264345013,0.005856241381344077,-0.6300448235446606,0.2734569723894623,-0.675090302781915,0.0116950697030237,-0.66139272047197,0.2958521227966157,-0.6808740175071614,0.04002716546227817,-0.6668691089319039,0.3784162445923199,-0.06332542803454067,0.21666055766874814,-0.18630239763995526,-0.11433761517727967,0.16047679974889617,-0.2296278445303819,0.009664003898298325,-0.5776123738017659,0.761422603655642,-0.6761324996303149,0.4945529310253239,-0.6300066209006491,0.9391330588811968,-0.724148799432257,0.7113371960988173,-0.8351310238551921,0.6152306997894015,-0.9512509229088607,0.3621873726248208,1,0,1
0.31722211088087693,-1.3812816359456384,0.3553807384526174,-1.4357953468320197,0.3727753803546896,-1.4334762507238088,0.39096163144678675,-1.4322154963121276,0.3314105254891015,-1.4380507410143082,0.3283375099821485,-1.4383578201334484,0.3250109225023683,-1.4389661704366787,0.46117314040245416,-1.4060799121596002,0.3757505259773935,-1.403467144612099,0.3444341401870583,-1.300998735107233,0.3141493425200963,-1.3070540634758878,0.6040295595267099,-1.108853089820366,0.2923159553626859,-1.0859614227529688,0.6428235999075526,-0.5302743852302121,0.18279807201090212,-0.6478006695776168,0.32076791701552826,-0.6453069646986433,0.008498233963725248,-0.6583629555451775,0.24282839439676668,-0.6191095940030295,-0.03877366156711001,-0.626565870449629,0.22382557235123762,-0.6755590154977695,-0.05074863505580177,-0.6546238811037515,0.2550660842666625,-0.6798451479916839,-0.02410232333812092,-0.6579662859385619,0.37504022787807045,-0.06177606868010217,0.19910279929292746,-0.1633620427766061,-0.11563785118999316,0.11749536176999142,-0.2337391211073614,-0.004772051174617163,-0.5734618009833834,0.7566870358473159,-0.6775568030215462,0.49707950634521936,-0.6227563407887001,0.9373926555355346,-0.7317263010763924,0.7153164966197638,-0.8375788831191954,0.6096857282666416,-0.9390406662640953,0.3816869584767658,1,0,1
0.24353374957264282,-1.408693730078334,0.27905310316989795,-1.462885285929062,0.2937983381044186,-1.4593142708848312,0.3108538954580317,-1.4560733813403122,0.25741001856519413,-1.4687409819770043,0.2544539031977609,-1.4696232320257372,0.25174270968712276,-1.4704884289885782,0.37747560626037013,-1.427607950221077,0.2998030015077425,-1.4277641466019997,0.267112977291507,-1.3267616228318622,0.24021803652444584,-1.3307536513806846,0.5179547263528276,-1.1192287804278052,0.2049221030669917,-1.0805331042235562,0.48408902779474106,-0.5748082718907097,0.05277447073955189,-0.6178009550204562,0.14882486486784502,-0.6179858203573712,-0.12343556007368899,-0.5714402874270614,0.06821863504946764,-0.5796046376574329,-0.18483457796200695,-0.5487409000817499,0.038498566386316754,-0.6269318939308738,-0.18399378668368507,-0.5739790964824881,0.07463257251419693,-0.6470137561648664,-0.15544173083104249,-0.5775461571879612,0.34455993758878256,-0.07772811837418941,0.15681040484252398,-0.16302963117480043,-0.1455131276493775,0.05908681256706281,-0.2630476913935558,-0.07535378509645921,-0.5737030156475933,0.7181396473464748,-0.6922691675151448,0.4969381387346373,-0.6203654487174227,0.9085546515614875,-0.7241080203138198,0.6799365334637121,-0.8325953041269198,0.573155299678318,-0.9420343478497252,0.36999818025565095,1,0,1
0.1580582458667001,-1.4272262947444312,0.19591906230076334,-1.4870756443455952,0.21259203737958454,-1.4849403632030669,0.2305709328330832,-1.4841781644075511,0.17099140506557817,-1.491292019832365,0.16755063605417397,-1.4914915285799915,0.16409256681070555,-1.4922738697885536,0.2933099772678624,-1.4531553264834203,0.21120752452210098,-1.448004862038268,0.1844707573053414,-1.3393894329348064,0.1554488765790686,-1.3422699215735017,0.44666714296276466,-1.0840628458570052,0.11662468436519974,-1.0661010034893983,0.3468574084069131,-0.5230519090626521,-0.061687571790018145,-0.60073612968538,-0.010331832907333818,-0.5006505800011901,-0.263626013436846,-0.5292094323735722,-0.08946976731580226,-0.47768761126307124,-0.32664186158465297,-0.49447353214265466,-0.09934894126299801,-0.5188886082163937,-0.3242176047801088,-0.5167668583268014,-0.07766087605492716,-0.5386881059484809,-0.29808337993152934,-0.5279054891682735,0.28916632454230556,-0.06168363601164468,0.10262657230968177,-0.14144067158184043,-0.18393620162552843,-0.07437953488507038,-0.2960043863297529,-0.18643635086536692,-0.5862044104833825,0.6915227460233032,-0.6932972955921051,0.5025797444107847,-0.6197297887621482,0.8989950376151353,-0.7289061161037496,0.685064569393724,-0.8509639490942085,0.5717065288160245,-0.9483596834116683,0.4011153662310751,1,0,1
0.0607859610623272,-1.4792960389190237,0.10154703782887345,-1.5329825515665623,0.11702209541033247,-1.5321444788961363,0.13592704757161245,-1.5302738295176477,0.07339560592160406,-1.5348172411769745,0.06917261927472408,-1.5347220899006213,0.06587643077414244,-1.5341853502008282,0.19805934815328166,-1.4771681721616658,0.1156835517409053,-1.4873642492883525,0.09016051937653806,-1.390139231189441,0.0600422982297374,-1.3908780128851268,0.336850212742442,-1.0805251955460413,0.019260708330886413,-1.0547055877748586,0.1806844779449972,-0.5259653917153556,-0.1844863490051711,-0.5975627728324545,-0.19131153770068454,-0.4833260040389781,-0.3688260060115688,-0.48696102994184637,-0.2746823446029268,-0.44320120509313715,-0.4496005423733139,-0.449883914020293,-0.2938097283193184,-0.48675886437286714,-0.4571696410475895,-0.4662685930890723,-0.26595561325738154,-0.5027702291483175,-0.4199392944991815,-0.47746406755018406,0.22740820326556851,-0.025685807424727272,0.03948912824508043,-0.1022531744946226,-0.2431630518050954,-0.17670472318306188,-0.3764161121104938,-0.28498341562670165,-0.5828120821217582,0.6373920499175154,-0.6952865751333198,0.5011168862166674,-0.6085071282220784,0.864665445691555,-0.7392472062470603,0.6854288628517622,-0.8499424939639015,0.5653768681960653,-0.9404858535068898,0.4018157784835043,1,0,1
-0.03893257655592864,-1.4798675026560313,0.0028820843433295766,-1.540755854765739,0.019652929306399877,-1.5403620273401053,0.03926719098231352,-1.5401010409821076,-0.02377707897531328,-1.5434103900163667,-0.027649365203633973,-1.5437518842400062,-0.03121790878614115,-1.544256433150851,0.09790682185638586,-1.4927315844997386,0.008206354334184353,-1.5008271045211117,-0.009349674018429911,-1.3965068905333984,-0.039932282823069126,-1.398814370771509,0.2158301465296648,-1.0798496214839328,-0.07657664579684427,-1.0526775062845855,0.0030244405386010034,-0.5742313091513674,-0.29592233380053395,-0.6087086944860108,-0.33680821938411504,-0.48607501091398514,-0.5317996292724627,-0.4835184073341496,-0.41636037077743576,-0.4184700290649672,-0.6009320980396665,-0.43878025436220786,-0.4302784074731135,-0.46484021178599727,-0.6008772315894056,-0.4498016143449017,-0.39934237964201924,-0.47989215512039957,-0.5740087354627855,-0.4603097753007186,0.15857824141331653,-0.01140397156335583,-0.01463440062170929,-0.09112171089214852,-0.28735328171294555,-0.24748318545809153,-0.4430328799893853,-0.3425998613472606,-0.5962827842454893,0.6291761697102097,-0.7027429751530055,0.4795402839323247,-0.6087510614941841,0.841479674679066,-0.7260834596693833,0.6115501989908215,-0.8633624075492156,0.5361523276084685,-0.9634543830338865,0.40137610544290037,1,0,1
-0.13745566813854576,-1.4928427384907514,-0.09239746087341567,-1.5568303653882238,-0.07594123298774212,-1.55630301724298,-0.05795961892634765,-1.5559670220216753,-0.1262952884339072,-1.558663572121602,-0.132604683067734,-1.558706451982504,-0.13817634637710738,-1.5591295044430176,-0.00011530443488546943,-1.5079052473240215,-0.09512570746994567,-1.5142923694290513,-0.10915075845824938,-1.4088018565287355,-0.14397958564996913,-1.4095547873427883,0.10060491661988963,-1.0850529134234241,-0.1872706977828237,-1.0487393556013345,-0.14896625396939897,-0.6172847902395111,-0.432101851932684,-0.642928924228328,-0.4838905909093189,-0.48659438859517073,-0.6749135747083033,-0.4809662523854163,-0.6008920603597464,-0.3921137433805347,-0.7431998149813935,-0.4241247334882489,-0.615386689075508,-0.4172025399200896,-0.7456255546629718,-0.4236785110740778,-0.5743411470645913,-0.4420368994752141,-0.713459233185938,-0.43910648730970486,0.08842357607728876,0.004119279521710714,-0.09503475767852226,-0.04399513731065284,-0.37401483989997786,-0.3057006906697965,-0.5111134946470836,-0.37483155298688003,-0.6247335101674699,0.6261745794470648,-0.7338651040518765,0.4748845443376664,-0.6088696916569103,0.841830127951453,-0.7410956124700377,0.645358065344579,-0.8803588969676379,0.5588635779700527,-0.9889195831939247,0.4011032560686301,1,0,1
-0.24705189682696327,-1.5161205096658963,-0.20607506145195878,-1.5811437408120423,-0.1907927778849298,-1.5800777993707131,-0.17316038136506057,-1.579550945517814,-0.23645501039527408,-1.5812556980281152,-0.24185812001510731,-1.580793102180026,-0.24700147900780464,-1.580652290648332,-0.10811571028846338,-1.5244961698736237,-0.20274797967983385,-1.5362291254730456,-0.2175377009253768,-1.4202312548419729,-0.25352317220367687,-1.4253933351572254,-0.011446956436959995,-1.0850311645602577,-0.2931876614035229,-1.0387894978488477,-0.2847970488523685,-0.6380372836121653,-0.5631350453180686,-0.6531041792899945,-0.6255107848794988,-0.47821959339904646,-0.8193058837206046,-0.4651880700235746,-0.7257651353994014,-0.3969413731380597,-0.8838628118260765,-0.42051022071768535,-0.7432146437517343,-0.4265451595271217,-0.8876495854787655,-0.4289418595334492,-0.7056370568311798,-0.4463816056119746,-0.8622591470358619,-0.4394143078673621,0.0032102944602053667,0.029111689054050614,-0.179187535070068,-0.01066302733866184,-0.4396917108854367,-0.3382363721014018,-0.5969866565443314,-0.4237000127910719,-0.6509497875452683,0.627096187523744,-0.748753683766358,0.4872243055767412,-0.6246287201903952,0.8502002273703027,-0.7408487134438639,0.6394722792501536,-0.8908925139792064,0.653255126989558,-0.9860686285228248,0.5165353473246591,1,0,1
-0.3654438106430107,-1.5258420661416783,-0.3232075183737298,-1.589011886354857,-0.30797565262585946,-1.590165502900826,-0.2920908266906504,-1.590157717796397,-0.3499766617390667,-1.5867254135413957,-0.35386402388390054,-1.5863511724499204,-0.35706753256985235,-1.5863664337260628,-0.22549803199047644,-1.5349962367922962,-0.3068083812538682,-1.5480812673140811,-0.3348710876852653,-1.428482476951924,-0.36598357788341485,-1.4340633464562174,-0.1218595089326371,-1.0851379317067111,-0.38862958165549966,-1.0295173149009342,-0.4162793068329062,-0.6561249233814963,-0.657925735405913,-0.6541298359052313,-0.8061269376533282,-0.4664660628807769,-0.9387338342911274,-0.45475454721180625,-0.8989392226315411,-0.3957606322996756,-1.0148863665107397,-0.3994167892002795,-0.9113206280006563,-0.423918490007426,-1.0181061868440662,-0.4046596245273462,-0.8871151318810667,-0.44173105608693564,-0.9879197533536981,-0.4182674927767295,-0.09167628834250938,0.04795213606434822,-0.26336131988626316,0.028183160884545838,-0.5508392760976715,-0.41463432047015375,-0.6768801168016623,-0.47470641055914486,-0.6671200673095373,0.5854765249544669,-0.7467577312784899,0.44614688170959177,-0.6376352818024601,0.8459164427650255,-0.713754820008064,0.6217941606884003,-0.9410935859446893,0.6390602865808525,-0.9570634301631854,0.5021941963819245,1,0,1
-0.4673078241834041,-1.5293548782623214,-0.42405798546133133,-1.5943929999653512,-0.40964392639775465,-1.5952346562552764,-0.39217761210570207,-1.5954462133788048,-0.45064671212085555,-1.591042006801052,-0.45446981626087934,-1.5901132314853748,-0.4576795036011398,-1.5891127219931742,-0.3243248662189071,-1.538959102092782,-0.408788306349092,-1.5486763335105478,-0.43650352526217034,-1.435238217573008,-0.4668192162006756,-1.4374235458154365,-0.21945728524598995,-1.0845504652550442,-0.4739432046185556,-1.0249510422206654,-0.5342965470516767,-0.6685983906998104,-0.7233739961819515,-0.6566094534523811,-0.9182179833784948,-0.4650133376797258,-1.0192341619746546,-0.4369695379305132,-1.006419262219244,-0.38581633533606663,-1.1022904753725862,-0.3724695770177671,-1.0260138757744561,-0.41612683620495267,-1.1049024396950273,-0.3914485494576648,-1.0002313399291254,-0.4377715272597767,-1.0739795106110672,-0.40417966666064986,-0.1776146968292566,0.05728215121659065,-0.3473408478109942,0.051698624890944685,-0.6439651895685916,-0.47548739246375893,-0.7562785432757836,-0.5024401654351491,-0.6617565010772796,0.4962705969231302,-0.7452585425970376,0.39932578079711606,-0.6370208764180073,0.7491404274747239,-0.703654203090446,0.577186253749285,-0.9303387731088708,0.6236559128046845,-0.9388050123887631,0.497710964815564,1,0,1
-0.5557733022823915,-1.5329670431442477,-0.5135426943750746,-1.6007331642976352,-0.4982848782791079,-1.6025800258570355,-0.48079953373178463,-1.6032520162996449,-0.5385966433043287,-1.5964126784857646,-0.5421429437313248,-1.5952624601996654,-0.5450563028109421,-1.5940428556256798,-0.40796876964159196,-1.545482896031119,-0.49217072912143456,-1.5544482470060648,-0.5226122174616641,-1.4422376443200258,-0.5548858003774962,-1.4423811744596158,-0.31325667203655366,-1.084665388225185,-0.5513745947069734,-1.0210170930223443,-0.6831096832218212,-0.6654124293920952,-0.8097142643449338,-0.645008288549363,-1.057617074697799,-0.45135665806130415,-1.120622171987109,-0.4142717570353219,-1.1533935072940464,-0.3554006737708473,-1.2009286134984305,-0.32920107875968224,-1.1714142940237577,-0.38383434660693605,-1.2042463037160063,-0.3539800775722012,-1.1386974544478228,-0.41238689675192336,-1.175623069765728,-0.3737059257449291,-0.25650548506537885,0.08632479222134053,-0.4193977972355709,0.09574872291907453,-0.7194362162179592,-0.478795320407527,-0.8377814194074331,-0.49068848851317215,-0.758057007131987,0.46112863553104777,-0.7497677245114945,0.3629475942509578,-0.7117440387498551,0.6424091172161438,-0.7043407751572239,0.5682884972524761,-0.9853646326508966,0.562945444152523,-0.9180615398513996,0.524016214815407,1,0,1
-0.6248721591701561,-1.5391144952486446,-0.5818773752979447,-1.6072296485839281,-0.566714463332159,-1.6094011984272483,-0.5499621543320147,-1.6093974912346631,-0.6070432814432717,-1.6024431068775558,-0.6100085412190818,-1.601852983604536,-0.6122835217355288,-1.6015327439517184,-0.4802797853313405,-1.5484511215609973,-0.5653482392914291,-1.562463259161796,-0.594352325493293,-1.451908844763192,-0.6246601077542832,-1.4534760604285826,-0.3878836945073587,-1.0862431693894434,-0.6274041717058433,-1.01655400386903,-0.7740846835548122,-0.6437805899382331,-0.8966108585418673,-0.6018772035631026,-1.163837904537398,-0.41801256149995436,-1.2114368980273336,-0.36422589286607254,-1.2539257736847522,-0.32028874063870494,-1.284745024949413,-0.28789356180607845,-1.2725551578638663,-0.3469214593169067,-1.2867906538179228,-0.3113633037705933,-1.2464855617393553,-0.37007127056131933,-1.25998456209982,-0.32157464217342235,-0.30390070653621487,0.08841144735445973,-0.4796604370234409,0.10741525798467819,-0.7851160529574861,-0.4835175423225464,-0.9216856913226846,-0.48923205611953585,-0.7640490660805214,0.47877165933632787,-0.738294704898838,0.37260062945045674,-0.7107534768910915,0.6467803915664315,-0.6327252287964575,0.514846350382845,-0.9727101307613389,0.6284255867847943,-0.8012383863643199,0.6214409888081175,1,0,1
-0.6845643855922511,-1.5393955622331454,-0.6495057124602494,-1.6071784275397094,-0.6361677278310682,-1.6092787992853939,-0.6201823134037142,-1.6097461526973005,-0.667215465732063,-1.6046391859784812,-0.6677747575200825,-1.6054008904816524,-0.6680634242493829,-1.6068930972837356,-0.5409591135657863,-1.5524309163742886,-0.5998980384545699,-1.5672242212393306,-0.6595581358742598,-1.4516264184747434,-0.679981554118435,-1.4561473398323868,-0.46042851047614686,-1.0835249322128935,-0.646078289342152,-1.0172571347293549,-0.848575157765396,-0.6114850110130622,-0.9088843846067534,-0.60444085080885,-1.2308150115355703,-0.39028177237801825,-1.240484111236272,-0.3625173713766431,-1.3204068583150257,-0.2911835716523514,-1.3324422590428562,-0.28450938926814157,-1.3433934295126035,-0.325044327286991,-1.3377598560870576,-0.2966729352863335,-1.313287442101334,-0.34389330084023456,-1.305289050525693,-0.30586603145909613,-0.3425088929954531,0.09225481748061591,-0.4733300349649646,0.10061280673702062,-0.8691862835274682,-0.4791377414293127,-0.9907545199505093,-0.45588795955818606,-0.7237405139555411,0.4413507630890409,-0.7059897344191179,0.35717549539581167,-0.655586496884656,0.5846248592445618,-0.6344448718636426,0.4899278375560366,-0.8854924936865276,0.7084722776689798,-0.7481330997275967,0.6551215748831167,1,0,1
-0.7151240098028622,-1.5392410340888858,-0.6744714302059759,-1.6069480255205397,-0.6599609841351842,-1.6088795346439686,-0.6440657780607366,-1.6085875314413414,-0.6931779239908619,-1.6070997732703602,-0.693667767704452,-1.6088217642261826,-0.693660600465454,-1.6111967771558868,-0.5712335310935097,-1.5480086681259544,-0.6257925315159736,-1.5669602073407216,-0.6942500440864998,-1.4513838445065856,-0.7129565378713857,-1.457515108536694,-0.5250058281408373,-1.069763462617397,-0.6346907823051271,-1.0163324373255216,-0.9298911913907518,-0.5932403098512051,-0.9514021763663365,-0.5983689636466479,-1.302416470564513,-0.36987318290418386,-1.2938506313771652,-0.3641622527266934,-1.377553108442696,-0.2770823996429651,-1.370574071254897,-0.28950643772680995,-1.3953886591162339,-0.3034709379028888,-1.3763692782771575,-0.2950865040060431,-1.373680698641289,-0.31193099852847256,-1.3582446901550609,-0.2968679336163147,-0.3511464045727814,0.10081571374451688,-0.4530203039600687,0.09927970028338508,-0.869903501719617,-0.4687494463670837,-0.9787573033063064,-0.44534495099206833,-0.7131003769436912,0.4497616416263277,-0.6923964477939031,0.3706528704661961,-0.6481518457281368,0.5829682384513251,-0.6086556630716585,0.4873790190806299,-0.8678584907165381,0.7961696254643151,-0.742624705838344,0.6990636700339312,2,0,1
-0.7003404672116279,-1.5391668284506388,-0.6572137072833835,-1.6065268884428616,-0.6435527026069457,-1.6078042634346332,-0.6286099978807206,-1.6070128396042376,-0.67765516719814,-1.6072127808576655,-0.6788659362964642,-1.6088857132982772,-0.6791350784781492,-1.6111998664830411,-0.5621847682853973,-1.5417870103833105,-0.6126601725021844,-1.5645173527867084,-0.678971467712056,-1.4494732810212632,-0.7001773507378793,-1.4563511118514862,-0.5165811094178991,-1.057664051030929,-0.6206148192053201,-1.0063336446309101,-0.912997885499284,-0.5941902161646179,-0.9235139551326159,-0.5995840578029881,-1.2737595011617093,-0.3714593670383019,-1.2490257300987297,-0.3657620299002905,-1.358283368531033,-0.26797036741473207,-1.3394308113582905,-0.28330257450857493,-1.376021296466494,-0.2811617943637119,-1.3494955920809182,-0.2812092464288024,-1.3468387707281961,-0.30005957928599386,-1.3243677464461325,-0.2936436646518858,-0.33259709575350765,0.12388903324858833,-0.4347616390394741,0.10594696257476925,-0.8498812017131597,-0.47177278549339513,-0.9519075902887846,-0.4883576529617749,-0.700795957607262,0.4529349984792533,-0.6643156996919247,0.35968971340708983,-0.6347982908900978,0.5925137650658534,-0.5726585759232581,0.47009336864056245,-0.8722681962966257,0.7724176425709809,-0.7054020208212786,0.6134262855851017,2,0,1
-0.6756569903947207,-1.5390502372438346,-0.6263179642783816,-1.6068117244064908,-0.6123050234525229,-1.608290214596009,-0.5976504911632533,-1.607714240441356,-0.6502179877289512,-1.6072207513217238,-0.653062393026484,-1.6088590215116638,-0.6549006662563952,-1.611146173977099,-0.5380872750431231,-1.542728822659579,-0.6060312178675139,-1.5655990497965249,-0.6413424743876535,-1.4492650603710613,-0.6830422123167708,-1.4560709098785887,-0.48771122358761926,-1.0580192000805906,-0.607034878473412,-1.0065207342833762,-0.8427573368683658,-0.6005059130258396,-0.882777345837132,-0.6110182754665864,-1.2213433816265735,-0.3826564479495339,-1.2071338360206134,-0.37025873093304396,-1.3188430409095049,-0.2763088321235214,-1.2942510081763658,-0.2845771073193645,-1.3166034022957034,-0.28404253014857955,-1.2960282363017077,-0.2837158029087378,-1.286725901520768,-0.3064213689083581,-1.2661452983109807,-0.2982247661024955,-0.28397652356017905,0.123275616448825,-0.40473758058433734,0.11166617214903331,-0.7612659530337305,-0.4721019841949603,-0.8595181724114561,-0.47516832675525994,-0.7216790677320011,0.4564229724095756,-0.7005129752399255,0.4191792799678608,-0.6811611827990436,0.6999887381570232,-0.626772218943154,0.5507317274613448,-0.9793755394564305,0.6009943388237418,-0.8438893899107978,0.5923392798681769,2,0,1
-0.5450155236925049,-1.5524844235206015,-0.5056411840989934,-1.6187889839972767,-0.4911280194203059,-1.6187049542986789,-0.4738940225302587,-1.6159904861012573,-0.5275558823471057,-1.621050556833874,-0.5307663111258832,-1.6231396834287166,-0.5336910389294285,-1.6258149171712784,-0.4042368624391639,-1.5484197339971093,-0.4891869333826986,-1.5800138502986185,-0.5208582210765229,-1.4588762042943477,-0.5510048640331434,-1.4682326023004881,-0.3239316566587042,-1.065916014579397,-0.5449324825785966,-1.0257536494153596,-0.6820578291123157,-0.6130741609012484,-0.8029214517979977,-0.6551587054207088,-1.0563443954833023,-0.46882025374546094,-1.1048374402517003,-0.46834993457948604,-1.1515154435303876,-0.373616582403626,-1.1901457495720507,-0.3831529646097775,-1.1647895408740172,-0.3997532787139289,-1.1943713312537403,-0.391464366812695,-1.1295068297367836,-0.42907964352453226,-1.1667748660764745,-0.41095839187576216,-0.2062211248398154,0.09566246890492569,-0.3444072227452445,0.07351199320839506,-0.6837216171445505,-0.4710624873940721,-0.7838187826988408,-0.47161819556259255,-0.6823418000643415,0.4685966514208337,-0.7263461760505873,0.41976427495780433,-0.6421382850626084,0.7037564815544414,-0.6835061056822646,0.5721879695597549,-0.948061130835474,0.562045337792838,-0.9480862161719672,0.5411367716123473,2,0,1
-0.39921163931684805,-1.5493616080599208,-0.35732851892784995,-1.6173103702346723,-0.33913114625799723,-1.6181307101672324,-0.32069774899355386,-1.615875995636918,-0.38721195121092167,-1.6162122380043948,-0.3923026680689093,-1.6165847490726637,-0.3970505931858527,-1.6171913075661446,-0.25278988951032566,-1.5487337949956184,-0.34951276837357287,-1.5767942153249213,-0.37025821808031517,-1.4522905002398376,-0.40106844850968526,-1.4571676828049183,-0.15468941788242055,-1.0748395978512162,-0.40718284481353095,-1.0372238268470342,-0.48715563899218495,-0.6620912791281066,-0.6799074102667312,-0.6947203818128587,-0.8446834705625461,-0.5231005968586043,-0.9593788190788111,-0.4975204737284251,-0.9472514799748678,-0.4447168289950504,-1.0305055103106766,-0.4439637746079114,-0.9647029654965796,-0.4661682517430997,-1.0334464261885103,-0.44203479873274915,-0.9324553329288439,-0.48269578129949514,-1.0119875890552907,-0.4500000727212957,-0.10179123973812343,0.08782101514872459,-0.25910867569870166,0.056348432977466605,-0.5448531486572734,-0.4678600908658958,-0.7111115916948212,-0.4674683641827271,-0.6553610995754762,0.5270126150089327,-0.7613047549827888,0.4805545718236336,-0.6158972930675753,0.7620691380424996,-0.7325824154173997,0.6424167787474866,-0.9042374187012133,0.6315692860970383,-0.9870561010544342,0.5386316980094459,2,0,1
-0.24047731435020894,-1.546601356034072,-0.20563192836494198,-1.6128248525662174,-0.18809740172932185,-1.613531875978757,-0.16889414413801998,-1.6122494344904523,-0.23141817140285798,-1.611515348572041,-0.2354708743369914,-1.611466042910658,-0.2395559534197022,-1.6115700914492157,-0.09749410923953956,-1.5487509098680532,-0.1974709146078972,-1.5714724785823329,-0.2138643673657948,-1.4502646430651156,-0.24313883148020546,-1.4535803561133127,0.0031578994716679664,-1.098063800093505,-0.2625247300928712,-1.0416555284364606,-0.3301347784384222,-0.6741604153084623,-0.5403612669748807,-0.721124243135468,-0.7106358353130546,-0.558284078807641,-0.8279390702399169,-0.5369865045518771,-0.8117917750696761,-0.5043048833055014,-0.9049587148052058,-0.5176313756376685,-0.8201273975974835,-0.521682719267854,-0.9044859241775075,-0.508865965916151,-0.7908562699563996,-0.5308073559508767,-0.8693899319734815,-0.5135076181789855,0.014106722052778187,0.04340761224724579,-0.15462738419316166,0.030027612768765734,-0.45163257820234465,-0.42903787582140573,-0.5833921341882548,-0.4519685919840334,-0.6269130922613914,0.5488776368764035,-0.7351240666538083,0.5007261481181879,-0.6032799866769557,0.8116614889854937,-0.7153800532374128,0.6443413059915466,-0.8754791193677478,0.6290061331436355,-0.9559641239885894,0.5286959275887828,2,0,1
-0.09095857585801594,-1.5037360767561698,-0.06015748983702265,-1.5751717007034682,-0.0444642021853819,-1.578273941245301,-0.024750340602012724,-1.5808940613914297,-0.08512172470571508,-1.572497023039794,-0.08963486095892954,-1.5717247530377554,-0.09390233391683185,-1.5709575495322496,0.04592654459618262,-1.537026913317379,-0.05354855404231218,-1.5421650204539141,-0.06003441104319423,-1.4218472200898586,-0.09007824119211867,-1.4190048537482478,0.14955864185354095,-1.1054622443357756,-0.11427706436505483,-1.059854754702606,-0.17117184326236282,-0.7268351733129583,-0.37075745334845456,-0.7674753956012274,-0.5378527333255666,-0.6441125072476941,-0.6354759656946711,-0.6143524009046231,-0.6201348613386237,-0.5829150370629245,-0.7134621989400061,-0.5696356260765894,-0.6288124105958721,-0.5966933125981405,-0.7116686591672895,-0.5707671848266765,-0.5973776417889831,-0.6094320913324682,-0.6798384564846466,-0.5817127945075462,0.12551972225411281,-0.0038368500584590385,-0.041105979995541365,-0.04700290622810643,-0.36108612933220197,-0.2866400364199384,-0.49357600225739523,-0.406645320449062,-0.6185365670420606,0.5894318522966959,-0.7351576785332473,0.49397436183586135,-0.6031971927092197,0.8341073043579781,-0.7067091769268178,0.641313518234133,-0.8612430055482604,0.6138291338460261,-0.9617882471130144,0.48608174882198457,2,0,1
0.03851660805689803,-1.461811806529476,0.06991306920707338,-1.5358707635231434,0.08659840159451188,-1.5397257495193999,0.10520578976428699,-1.5429219673932675,0.04032077511502549,-1.5316917688949412,0.03388162874071688,-1.5307418007949853,0.028268444874389363,-1.5295783601886654,0.1749949259114147,-1.49988943194323,0.0625209271921977,-1.5006900619685457,0.07516319534622429,-1.3856651440314571,0.04042161075334275,-1.3858894909694044,0.2912255464502943,-1.102075476763029,0.004822676088592154,-1.0611114929889864,-0.008771104828967391,-0.7313809328609225,-0.2509264073708351,-0.7611233682526708,-0.3396951338232913,-0.6496683532020373,-0.5011127247830934,-0.637151141011218,-0.42809660106364106,-0.6008037241635168,-0.585529454286705,-0.5880265141993891,-0.4425378462061758,-0.6201331498758014,-0.5802066671728843,-0.5994944673155126,-0.4129203432045486,-0.6268174652530775,-0.5451141350152711,-0.6119269083692173,0.231353150468559,-0.008390271137765932,0.06305723438618903,-0.07643776820836977,-0.28113038823943987,-0.1880212992686233,-0.4054948364564062,-0.30862319415779066,-0.6052949694200945,0.6286139121681221,-0.7261210258875799,0.49174905770005595,-0.6046813054741588,0.849089058179434,-0.7273528024105534,0.6611119038084445,-0.8529447020924773,0.5691792120576119,-0.9563790824119587,0.4553320692048393,2,0,1
0.12957934528107196,-1.4089169030719626,0.15942348132274065,-1.4802788156733586,0.17605740730633113,-1.4881331828170647,0.19298889728142646,-1.498080507321285,0.1300051781360245,-1.472776755398332,0.12439520716993747,-1.471551095743124,0.11898270599555509,-1.4700033428388057,0.2587957671535394,-1.4824032223843038,0.16248240949786988,-1.456244653637748,0.17201211875736808,-1.3450506867316554,0.13741659755234317,-1.3369345300048914,0.4089143294060167,-1.0969943986057629,0.11015439757317551,-1.0540660970539126,0.22296352650209397,-0.6949185930430803,-0.11919181314833191,-0.7514981369975607,-0.11942586057354379,-0.6534992424464899,-0.39550667104720577,-0.626812893048889,-0.2150961438887684,-0.607035638472313,-0.4749416751548344,-0.5802968940861747,-0.2291365179397576,-0.6312673320861713,-0.46707970826632855,-0.595769974498255,-0.19992606468398463,-0.6355811449513885,-0.43544450391366674,-0.604511534614141,0.30359175232981017,-0.013908798020084844,0.12064253968903237,-0.09025793501979845,-0.2246451305497096,-0.024945604638550323,-0.3239662571228327,-0.17115307871364857,-0.6168969993347158,0.6728493698255116,-0.7212702879629405,0.48855691773803206,-0.6481174924101806,0.8806824948289693,-0.7492351245100884,0.6544073224450361,-0.8557677292461021,0.5706116712725307,-0.9676863905160571,0.38201665147067565,2,0,1
0.19551547260132196,-1.3625796525783977,0.22085709967518707,-1.4380282507126247,0.23835702584667876,-1.442127293554073,0.2584196106792285,-1.448852202690157,0.19467962424644703,-1.4304220801124972,0.18992749764457376,-1.428973494609833,0.1841724518753195,-1.427560930661788,0.3288545397746968,-1.4416648212790701,0.2192106118750165,-1.4157118781479068,0.23835653155433406,-1.28488702898581,0.20008594676652072,-1.272349427235772,0.4847901814856873,-1.083859938849509,0.1834169260264571,-1.022493914975199,0.3825255439999206,-0.6005856176664212,-0.040514806351289186,-0.6583347808815301,0.04436927656422904,-0.6519115754353378,-0.2559414975000847,-0.6234057359169239,-0.03306705644763562,-0.5984401417442836,-0.3120770433559451,-0.5790355835956057,-0.05050321890666197,-0.6296590283696282,-0.3025742730292327,-0.5968512390022697,-0.023898674892107626,-0.6344873995656702,-0.2782891958421477,-0.601115128340673,0.3378553562253741,-0.030252327251168516,0.15460610813136796,-0.11846200906177758,-0.1725934280456983,0.0715699185860984,-0.2696417984179255,-0.07536465952804244,-0.5846466481590842,0.7511069695680828,-0.6974498455798663,0.4873268712382649,-0.6346472845787942,0.9354115318180073,-0.7300563343898488,0.6178415519540671,-0.8539215473386758,0.5978249363095738,-0.9650532951958805,0.3568742242117216,2,0,1
0.1994811800827895,-1.3703138448958005,0.22619743416724436,-1.4456741500599568,0.24289561815564487,-1.4522356337895768,0.2607321574138721,-1.4598493423479608,0.19503205468821272,-1.436458007506623,0.1889969923056902,-1.434947697247415,0.1829406753523459,-1.434168012860206,0.3323763727306306,-1.443963218895347,0.2276565851687765,-1.4227287904866177,0.23974005582712823,-1.2974924723601569,0.21038353918349864,-1.2833040577519323,0.5068548974604138,-1.0986029494684784,0.20254356830433162,-1.013414011749371,0.5274233905077562,-0.5126922829564153,0.1099223273173424,-0.5165692649620106,0.19717802490269504,-0.6222689870972175,-0.07545287215118597,-0.58409540718205,0.11786807675827361,-0.589269906592463,-0.14420597154383827,-0.57549088961873,0.1186058080827271,-0.6244598143419806,-0.14196855724558788,-0.5926102106848085,0.1451678429556379,-0.6312116006243071,-0.1121896677934186,-0.5992080249017633,0.347954490265958,-0.05903694765198893,0.16786698315477713,-0.13975958331754137,-0.13485519611311877,0.15571454015395672,-0.23887827861512884,0.011799841119714423,-0.563161737104682,0.7742801361257821,-0.6986680290633609,0.4860693915133673,-0.6109150733792477,0.9652608579292953,-0.7425458662093655,0.6420361736420733,-0.8416413483271364,0.7738837136653388,-0.9607595011706233,0.3537520266164717,2,0,1
0.17113351411467723,-1.4001701528864572,0.1977756243474282,-1.4787109821425373,0.21523971432392966,-1.4842840665424015,0.2341792669493381,-1.4937480349200556,0.17051441295294995,-1.4685815726958409,0.16511402194101252,-1.4655226445207117,0.15976034155564853,-1.4621653491290174,0.3050029569739071,-1.48576335995698,0.206773969336382,-1.4368045682267954,0.21283597065169027,-1.323578627278215,0.17950311924118223,-1.3130712077609152,0.49905076277623694,-1.101305863582343,0.18578952928098086,-1.0137848545809767,0.6039484955821803,-0.4827328532253471,0.1488713283482461,-0.4959325595711006,0.2820129257299164,-0.5745801559736341,-0.012735576579573226,-0.5554218789856993,0.1906135754190069,-0.5526919023659629,-0.08072005137622877,-0.5472823669456486,0.18647906710182685,-0.6207193805966066,-0.08499864591188666,-0.5877738072381651,0.2053743805623853,-0.6287108520794219,-0.058136328439575204,-0.5921570681778117,0.36816412707105367,-0.05813214551502939,0.179275250470279,-0.13365457856824486,-0.11006692931913685,0.1843867090463596,-0.228415839701196,0.05573897051646081,-0.566777238459935,0.7643119895565417,-0.6975024877145761,0.49541299970508873,-0.609324193467855,0.9528113637896988,-0.7406935056476305,0.6477657633555759,-0.8363395686379652,0.7345719020534308,-0.9640388837314853,0.33839115056663666,1,0,1
0.15697772280120237,-1.4333189421851105,0.18370213270934463,-1.5081343518257864,0.20119316161863182,-1.5106790306028064,0.22014531869882994,-1.515474222425211,0.15581663008351979,-1.50068233865066,0.1504211819950293,-1.4977262850697697,0.14506082866301198,-1.4949407623477986,0.29007137382543746,-1.4982314518460456,0.19102705096534212,-1.4599705675454968,0.19726477320918856,-1.346496615412967,0.16489035465503918,-1.3413565928935962,0.4718174788992338,-1.0983525903958917,0.16482115372678224,-1.0079483741479343,0.530191427638034,-0.4559444324585672,0.10480170577250092,-0.48263139972159896,0.1925264867929667,-0.51581077335908,-0.07403697172981444,-0.510586968287284,0.10893423692030219,-0.4855630476179699,-0.13634795899408997,-0.4815224548462815,0.09186162648079714,-0.5326132530322106,-0.13546465857412457,-0.5171414083509921,0.1240766357537832,-0.5636445557127444,-0.1076367410064564,-0.5370143084962661,0.3616434224598708,-0.09517960389590123,0.17521711032035395,-0.1391330677706437,-0.10335097923180046,0.16610234092384102,-0.22118187123662192,0.08914497719398333,-0.5694392498822761,0.760446129128702,-0.693404309884731,0.4957681487547503,-0.6079994899840793,0.9501765384463157,-0.7128747324883391,0.6357260375697295,-0.8252234280981766,0.7607382559044152,-0.9586087116057802,0.33953766166015076,1,0,1
0.1004951837193679,-1.449089895521411,0.14428973260529174,-1.5191581832702037,0.16116215464519634,-1.519122656007929,0.18028064109938347,-1.520424004178418,0.11178432657979888,-1.518477419138476,0.10738314754265726,-1.517382252662267,0.10340631848343411,-1.5168487258627144,0.23911551744960932,-1.4961570304484575,0.153149922883904,-1.4714684253484742,0.13471776135032235,-1.353538551301628,0.10106015986935138,-1.3548129605393313,0.4024966847487022,-1.083174108221248,0.09771948505774743,-1.0077296497854078,0.46977382720010286,-0.4565074314391719,0.03639955394458025,-0.49589721766845507,0.12862832680988365,-0.469754713423102,-0.17451251807396675,-0.47461657292549697,0.043489683336848814,-0.43455269551113945,-0.2421799043315021,-0.45143623912879965,0.02251685915154796,-0.4954176305210172,-0.24923716328284862,-0.4789470681573476,0.03557408572894385,-0.5083745157524405,-0.22127455105125177,-0.4847547560613116,0.35462941408868487,-0.09189132407283467,0.1680399854754195,-0.1376126245183697,-0.10990059994514784,0.17108307773513454,-0.23251525326190287,0.0792413357757253,-0.5636424364098954,0.770750147346161,-0.6865131331612011,0.4748336322261631,-0.6024990047723416,0.950919212694216,-0.7023905447112399,0.6359759023499715,-0.7984844365658659,0.7385282179803492,-0.9127702638745531,0.34141251252356924,1,0,1
0.02610739874339395,-1.4396608365406007,0.06985276554102089,-1.505511389498676,0.08547067361009604,-1.5045533891481189,0.10037605926429702,-1.503544785618774,0.044891249280224275,-1.5075117288311033,0.040966320917193835,-1.5071216085980548,0.03727593427171997,-1.5071478678788666,0.15545332521017083,-1.4602583692631939,0.08031891164753893,-1.4592008925782676,0.0505071517544476,-1.3421468427796732,0.021654566156231972,-1.34876591156745,0.3109087619082926,-1.0504903862324073,0.010379263481452385,-0.9820914473047272,0.3245571621299406,-0.41842714920406515,-0.11518458510991018,-0.4849131767577855,-0.027349824042750347,-0.36200182446112883,-0.3146812225739573,-0.45727543816973776,-0.10552512410993023,-0.33058386159395936,-0.3761526542907727,-0.42314603464575784,-0.11779939161333326,-0.3918394111292304,-0.37666671832925286,-0.45049263504278175,-0.09790906766290888,-0.41413545592127293,-0.351975579981003,-0.4593648119107528,0.3210513936752094,-0.0719246319551553,0.12785426499809527,-0.11265506259633062,-0.13736125830070953,0.1415557830864137,-0.24339536920710084,0.06762249992138446,-0.5854874394374061,0.768929174348314,-0.6893441925654271,0.49026321491191044,-0.6192461237028667,0.9454686510092923,-0.7020437986314381,0.6735421205465981,-0.8560871656738596,0.6951026583297383,-0.9147707885666095,0.3824802976899972,1,0,1
-0.06855675250420919,-1.399123488846571,-0.0237595315970767,-1.4615081256702058,-0.010712932305091702,-1.459549492254362,0.004193441933798659,-1.4578857660086701,-0.047590106973216986,-1.4629379898503148,-0.05027979876686098,-1.4633719167424117,-0.05235286086050114,-1.4647404268852358,0.06793342836658009,-1.3934545735183794,-0.003426321705807878,-1.4181336017041843,-0.046037534718537984,-1.3038608113560883,-0.07363708922295824,-1.3154932402499082,0.2002599376718525,-0.9810976725457231,-0.07298264615858543,-0.9518167826308315,0.16022275204410832,-0.34714895736855145,-0.22169173379017218,-0.4770075885698606,-0.18717060358302348,-0.2615411068873173,-0.4090403954448852,-0.3968567255740311,-0.2679673831002798,-0.22356660321397476,-0.470335117648473,-0.362432353093356,-0.27377210525017565,-0.27387493661825574,-0.48638256576508593,-0.38436101510020587,-0.24882764207527092,-0.2927776644639846,-0.4529004380664808,-0.3884903333477666,0.29541714553328635,-0.021014991913555922,0.11219631924910003,-0.09457310718896358,-0.17913365720449653,0.03337940915812527,-0.3015105559034545,-0.10624804522442702,-0.5943505954700865,0.7304200935041865,-0.6896387908028638,0.48817779550965296,-0.6227815496982795,0.9362206883862688,-0.6870296686614047,0.689205503511385,-0.8653788731693883,0.5934442704047369,-0.918232441429577,0.3957624272842281,1,0,1
-0.16971293940700302,-1.3424623248686733,-0.1234276513961739,-1.4112233329388406,-0.10795926676136822,-1.410993610571645,-0.09112935386310718,-1.410660272171693,-0.14726316969576111,-1.4125577986964242,-0.1504953473377051,-1.4131219716213475,-0.1532134609411689,-1.4143068521581184,-0.018558340400050343,-1.3451412658038202,-0.10241602526181469,-1.3772571694616955,-0.13925415083470927,-1.2563929289105826,-0.17127539750857587,-1.262841961131785,0.09108731752283641,-0.9715460908499722,-0.15263489175170636,-0.9213478610654715,0.009942309048744255,-0.3285105523541469,-0.3359931313077172,-0.46020473817747143,-0.34550628177366816,-0.24455573904665046,-0.5628523100969045,-0.3582465619454141,-0.43899772443348845,-0.17799630907974326,-0.6323522852223871,-0.3056144366556477,-0.4556603193730711,-0.2462993552925531,-0.6596644087283687,-0.3299578403394064,-0.4211275732958221,-0.26863494347217104,-0.6241870699804124,-0.34311355466648225,0.2804734522223717,-0.012908350314427317,0.10919349325509338,-0.052885232276118986,-0.23053758959078835,-0.06744214182731177,-0.3158947102801773,-0.09446831721188878,-0.5940905976967783,0.647888595003232,-0.6751584965650984,0.496663065044816,-0.6094522151851304,0.8507760779518694,-0.6881974343257407,0.7333374069225613,-0.8074961274481264,0.5895349122505643,-0.9141431608619364,0.4483047149403467,1,0,1
-0.254808826592222,-1.3206891178042293,-0.21808562398946837,-1.393373571360393,-0.2042664457627291,-1.391259977294488,-0.18728651513785388,-1.3886642010463355,-0.2384171038575308,-1.3997002044397409,-0.24122814442179677,-1.4022290658617307,-0.24424283343207606,-1.405298930254986,-0.11205670315269632,-1.3270602989811426,-0.20185108622038941,-1.3560517807282169,-0.23031342801247034,-1.235498820781174,-0.2585046504534875,-1.2390946740157254,-0.00755341563781753,-0.9335871573854875,-0.2351965420856871,-0.914680351627915,-0.17882472448906375,-0.28100189079020393,-0.42877872449931664,-0.4590775044854003,-0.4976509483470398,-0.21365974889547623,-0.6469764185324581,-0.3177601881494307,-0.5792183296296717,-0.13079262589247556,-0.7254052905724652,-0.27902917004253636,-0.6105806846080633,-0.21390269358289257,-0.7364957279103298,-0.2877692472813883,-0.575615185583036,-0.2432424042868026,-0.7029397035061932,-0.2928891273877128,0.24829230197499708,-0.006763060739038371,0.0863445824755123,-0.05534507812948099,-0.2992303853173882,-0.16951079239840788,-0.40146190521606046,-0.24047337857183548,-0.6071586987057573,0.6355485866179849,-0.6748755141977619,0.485348218982461,-0.6010789028660402,0.8383760130467421,-0.6672063213236862,0.6802736408427923,-0.8554633687348577,0.5727630787028046,-0.9030799096030299,0.47099421643876443,1,0,1
-0.3537023902871861,-1.3071037398565295,-0.3089115951805346,-1.3800308291673942,-0.2937551090152299,-1.3766699501562008,-0.27846170387044533,-1.3727728257375593,-0.3295611521724066,-1.3886171197005035,-0.33047757017946644,-1.391905275950484,-0.3309083459578659,-1.3953678556115978,-0.20832631593586057,-1.305620121383935,-0.2727256883564617,-1.3438767424130107,-0.33145503329109577,-1.215853047968286,-0.35407113237632665,-1.2256233540265635,-0.11499971977299521,-0.8832728924730702,-0.3207788129380834,-0.91572479135225,-0.3389969458864132,-0.27729148530477,-0.544907767961362,-0.4695474813575897,-0.6781249920717701,-0.22724265538145252,-0.773701854133848,-0.33000949388942674,-0.7747571682897663,-0.157936195708917,-0.8266283305148787,-0.28696231502867786,-0.792078654924824,-0.22554970410088088,-0.8301999634245402,-0.2978918602083451,-0.7646679200960763,-0.2625200528759807,-0.812854627183851,-0.3040700202246561,0.18972434349090514,0.0071930364671807445,0.04444984621641391,-0.05621948128724194,-0.32095848820537914,-0.2638459920906182,-0.46308137749011125,-0.3698801029970095,-0.6103056109182419,0.5705765765160575,-0.6696800073626996,0.4388597768179633,-0.601681939526565,0.7875874746295923,-0.6681800772427303,0.6199761534446214,-0.888117556756103,0.5305650940902373,-0.8821300700117571,0.48668849267509456,1,0,1
-0.44803017559422603,-1.3092146153145385,-0.40524719599171527,-1.3755632913829774,-0.39173052467992775,-1.372652650911256,-0.37660196603209817,-1.368489041132282,-0.4286020149860891,-1.3813690639041059,-0.4318421013055481,-1.3822421077579188,-0.43487779774047686,-1.383114657319387,-0.31438044568221196,-1.2895063145200472,-0.37971922070390113,-1.3254356836172247,-0.4293259061248912,-1.2091749112453187,-0.4528554574631138,-1.220166613687331,-0.2078191719902061,-0.8844740228706729,-0.42208625329835314,-0.8817104343714973,-0.4614524370681773,-0.2788905210398501,-0.6603554294262488,-0.45429868609691365,-0.7875205380682425,-0.2930304949982948,-0.9152810218394184,-0.3347345579854281,-0.9016344752140629,-0.19666301233088146,-0.9933899631593233,-0.2925594343938029,-0.9244240709122808,-0.28483018499984697,-0.9973901475318332,-0.304635984959329,-0.8853633598114766,-0.31326756502852093,-0.9738667748479193,-0.30961919323234594,0.11608491712479557,0.008575819301457887,-0.013045992172040088,-0.02777839406598278,-0.38667168967817284,-0.3349385771506999,-0.5192092618146289,-0.38146532697191127,-0.6325149074037909,0.5666484352527865,-0.6793975477131808,0.4467489297854272,-0.6079646423737785,0.7800937555378824,-0.6717913771130534,0.6146078914350891,-0.908900572681042,0.49828928685885415,-0.9135933842015521,0.48464780673003177,1,0,1
-0.5479800420297979,-1.3110670994493596,-0.512584261518716,-1.3723704717689797,-0.5003001081684191,-1.3702216593735155,-0.48630520901314156,-1.3666840090625514,-0.5300797390591053,-1.3765857350979738,-0.5308834584115752,-1.3774064457497925,-0.5307841056502921,-1.3784448921794483,-0.4231435446236503,-1.2949944424231674,-0.4690689878075433,-1.3267574213469322,-0.5242050745424356,-1.2113637613207031,-0.544448076080798,-1.2223856155957418,-0.32088162574577944,-0.8895156812134497,-0.48509789996123026,-0.8852185507148659,-0.6482314267956323,-0.31632303315723737,-0.7635231390257685,-0.4755950246218157,-1.0217676573873757,-0.30329818272841885,-1.0699835277234873,-0.3553246763228508,-1.126042828985179,-0.2242447723108928,-1.1518782541113917,-0.3060041861694377,-1.1361748334666848,-0.28607506026995494,-1.151807817452273,-0.30545601595917377,-1.1035742761648386,-0.31150912001227754,-1.1241052029939844,-0.31062532529996745,0.026303632804236855,0.02405705553722557,-0.08088069638825382,-0.01717804758788074,-0.4771667321444675,-0.3495192127344379,-0.595510205310735,-0.3958106793995757,-0.6698599297761676,0.5741799677088655,-0.6935639663120666,0.4582179950593262,-0.6344414118172298,0.7813111975828599,-0.6709698632361746,0.6033414860225139,-0.9381468621318052,0.575128267572158,-0.9192112638451543,0.5225669496607688,1,0,1
-0.6526909323294475,-1.3030479475952417,-0.6154615743657289,-1.3695436138496835,-0.6029789626390379,-1.367911336954423,-0.5893839459906167,-1.3657206332827458,-0.6320159192818239,-1.374717062888864,-0.6313968181200966,-1.3759203558154747,-0.6297471174196856,-1.3772110149140098,-0.5238642599707701,-1.2976250662816207,-0.5636201932543843,-1.3267187429709602,-0.6264158341626307,-1.2078540385272143,-0.6460530804325726,-1.2163721785032995,-0.4238523598459393,-0.8918708606628231,-0.5583619112915459,-0.8853941480703179,-0.7862811000139263,-0.40328895185551406,-0.8586927041958197,-0.5378510218627442,-1.19418115227412,-0.3209503509420758,-1.1901738006626121,-0.3794019035789926,-1.2875885652353425,-0.2505005930762666,-1.285375989127413,-0.3250119511384137,-1.2957516797348523,-0.2876488870954557,-1.291036748631917,-0.3113956799191706,-1.2668696837421274,-0.3115298802907546,-1.2614776957000498,-0.32267765554060357,-0.06604006303120756,0.04006669028946949,-0.15616809343156804,0.012090979310738279,-0.5712523142026081,-0.3717278913545561,-0.6608776492884163,-0.42076749988309775,-0.697296120660667,0.5774912321259603,-0.7293927469170992,0.4707712905913082,-0.6506878126025814,0.7855465415383572,-0.6981443263241592,0.6058109705765974,-0.9579110179612468,0.5851285431438034,-0.935250061845735,0.5411392430740707,1,0,1
-0.7447585658903813,-1.2853121204022455,-0.7120905376834845,-1.3600753204140135,-0.7006679358899867,-1.3579225536797916,-0.6877893959951971,-1.3564148384553933,-0.7262455875584424,-1.3661692035855544,-0.7252646644004002,-1.3680252713398744,-0.7230299687100457,-1.3699795796977023,-0.6184631646288739,-1.2981464211321851,-0.6487744069362769,-1.323444303333545,-0.7175228105516547,-1.1937491593252427,-0.7357157345904051,-1.2005565534963474,-0.5607359974231038,-0.9008081605472074,-0.5990523042528011,-0.8542622568976391,-0.9592982494266261,-0.5155764787876957,-0.9340544922370102,-0.5396700176912125,-1.3360475038319568,-0.34887972201349204,-1.297373329344702,-0.367563354777436,-1.4240301818832657,-0.2938784535156147,-1.380077212300868,-0.31651333570994394,-1.4325871238084091,-0.29999062550390926,-1.3882624463828026,-0.3056433527578122,-1.4036143015973472,-0.3153438400224016,-1.3596764079314625,-0.3147366018769469,-0.14614236180417098,0.05055952818260092,-0.21268795158542678,0.07042810326985884,-0.6455400049787818,-0.40884294421356465,-0.7136025779658988,-0.4320765380104026,-0.698477479364482,0.5536846299285375,-0.725974715353551,0.46900963267482426,-0.6486147505089412,0.7866105058103078,-0.6973418427025511,0.6063806425038555,-0.9508341108891988,0.5440409862835878,-0.9532982818005769,0.536895743294886,1,0,1
-0.8119138652788152,-1.2802555097160417,-0.7839023181050938,-1.3559467436049697,-0.77330073589613,-1.3537569049448959,-0.7613761802265969,-1.35164269301356,-0.7958641928466512,-1.3620826416258094,-0.7938024994769389,-1.3638387387534154,-0.7905372042479006,-1.3657518972735476,-0.6918633535001523,-1.2984307628034695,-0.7168602116635944,-1.3223113852795099,-0.7852416032130379,-1.1893655276663377,-0.7990476826926429,-1.1959199677300458,-0.6235939191667815,-0.9101410178804318,-0.6545220383203607,-0.8504647323864531,-1.0469268905860492,-0.5690649655646419,-1.0318660499894425,-0.541786948230444,-1.4439784616111053,-0.3341700761277893,-1.4128164186054004,-0.32395391837459947,-1.530314899008416,-0.2664558556705944,-1.504268658197192,-0.27546285077558025,-1.54357626832417,-0.2682847373459564,-1.5177927438941499,-0.2664845246265865,-1.5200232380995746,-0.28231646128091353,-1.4920376412739496,-0.26635749149400056,-0.21546340310087492,0.06781576822815921,-0.26667283144953025,0.09701065127507437,-0.7102581959617096,-0.43941677932908557,-0.7490280160176623,-0.4451974047271776,-0.6940122894687027,0.5553296348516741,-0.7165666020108471,0.4689275801456053,-0.6461198098991061,0.7905623731061239,-0.6709997679230284,0.606798566681293,-0.9546173009223886,0.5392087843218744,-0.9405838469642251,0.5425640407576467,1,0,1
-0.8526162448294292,-1.280756845726646,-0.8226119580680802,-1.3529154958011431,-0.8121437112190971,-1.350587502430728,-0.8002678433455163,-1.3484421500816763,-0.8341844540151061,-1.3589870122440868,-0.8322079025017671,-1.3608434507176654,-0.8286162507521456,-1.3628424925326879,-0.731561948871782,-1.2979783617349896,-0.7551725641545343,-1.320679108384249,-0.8266109067097283,-1.1893173341627303,-0.8402467024765867,-1.1965535269428555,-0.6659797348703319,-0.9101291548641591,-0.6879310107519514,-0.8526247899327593,-1.100179476341491,-0.5535714955933431,-1.0868835065616085,-0.5403088905467275,-1.5031631733682873,-0.30366148760176775,-1.4861471594022495,-0.2909265396331114,-1.6026790511252191,-0.21755897405658264,-1.5802743855904304,-0.23881206200132413,-1.6096671091483088,-0.2107058578435941,-1.5829135359918296,-0.2134489332104649,-1.5821630766395003,-0.22573679375334696,-1.5640150096310308,-0.20526345198235785,-0.24337881041355364,0.0798641441300378,-0.2912270508183003,0.09046745636220799,-0.7605890196676741,-0.4412219349719024,-0.789809358770341,-0.4687935619588475,-0.6817847325918731,0.5137435841618361,-0.695615032396368,0.42498647357948016,-0.6207774413867239,0.721707449490465,-0.6335136250862421,0.5832420764102846,-0.9347300662991186,0.48647125118960227,-0.8707613460838307,0.5126254948781418,1,0,1
-0.8720854317021756,-1.281101614637069,-0.8372631538840231,-1.349233512125529,-0.8261847031355172,-1.3475279563901676,-0.8138228223140175,-1.34631891731505,-0.8484019082985813,-1.3546047398891297,-0.8459189542781049,-1.3559828269461323,-0.8418845401607251,-1.3577547414287685,-0.7461176226921131,-1.2975692112466706,-0.7738518718604621,-1.3156879914337172,-0.8500329494629802,-1.1907994697582907,-0.8634490322826228,-1.196886679983178,-0.692734049465328,-0.9103113015931783,-0.7252048550266924,-0.8520752604185474,-1.1150617538285774,-0.5484817673200448,-1.1311800093235675,-0.5310158237472508,-1.5202235500722612,-0.28726531623597434,-1.505661326878363,-0.2814998903274816,-1.61398240489056,-0.2022554359187319,-1.59892490076728,-0.21469010128798766,-1.6212906407799241,-0.20305742524799542,-1.6058920749388064,-0.2016711823673054,-1.5937073979228789,-0.2192763928082166,-1.5787702539855313,-0.2043448096597469,-0.255627621861205,0.0786323676070642,-0.3005024466664542,0.09005595798525153,-0.7824945735074097,-0.4606943347448893,-0.8077042245252419,-0.48223250579943217,-0.681400667440047,0.5012609724351452,-0.6814901343544364,0.42838399201072375,-0.6209252347977869,0.6694733531112621,-0.6160809226736286,0.544602255240986,-0.9286110977910845,0.48768029026472,-0.8365484071535978,0.5163934854217324,2,0,1
-0.844754030794751,-1.2832747709305095,-0.8077813341310139,-1.350167106791567,-0.7962690182769543,-1.3500995123134303,-0.7832977985675349,-1.3507136705517107,-0.8208753854880894,-1.3545706337173458,-0.8192758554606646,-1.355978996180461,-0.8166853928552176,-1.3577890947467246,-0.7196507390955557,-1.3046412989683578,-0.7521909927313494,-1.3167660430374912,-0.8236723387205317,-1.2031386131319346,-0.8417062241973773,-1.2016659926640094,-0.6559394216187664,-0.9213120248704812,-0.701262816726824,-0.8518125440373433,-1.0678149436342355,-0.5843250059761597,-1.0849824582039214,-0.5553841891944165,-1.4768539690296867,-0.33220044470727605,-1.4533324499420655,-0.36262636283864774,-1.5663570903332698,-0.25255487206080846,-1.5441910444278812,-0.35537978991928404,-1.5766152629357584,-0.2620692582576212,-1.5531083254723055,-0.31916842703945947,-1.5499409001275162,-0.2764131278082515,-1.5261535753315365,-0.3077438480765828,-0.23709190608141031,0.07696808528248471,-0.28742668412613237,0.08876165348067433,-0.7627636588381486,-0.4574315109775744,-0.788347489160913,-0.47982789711558954,-0.6783679367591865,0.5033970568027336,-0.6762002176815377,0.43279209114069106,-0.6258983100777378,0.6703667865242937,-0.6152099795622804,0.5478470373377197,-0.92860640201381,0.5003920064931758,-0.8379804956492579,0.5479896406791634,2,0,1
-0.7557894410007104,-1.311322895737738,-0.7169509143088455,-1.3792685685853352,-0.7045333020254816,-1.3774523531513059,-0.6906103224063569,-1.3763099817561786,-0.7323995272498635,-1.386376677861642,-0.731675388964889,-1.3885104761271363,-0.7301218281255206,-1.391356364301703,-0.6315030909742054,-1.3197984029990935,-0.6718230118231137,-1.339686749780139,-0.7336004105012938,-1.2249430841871805,-0.7550007975647536,-1.2261989574619578,-0.5671590792962099,-0.9476297557520278,-0.616631564345616,-0.8877129970323563,-0.9818067163538003,-0.6172766344158237,-0.9610000979694023,-0.5873577366570203,-1.363664111422269,-0.4240089455065047,-1.3075713218542244,-0.4580911441115665,-1.460775998360789,-0.3493942803443169,-1.38226000729503,-0.4580512300047326,-1.4614631882929978,-0.36455385583677596,-1.3883987474968515,-0.4401297960363044,-1.4280159082046933,-0.38456095635363396,-1.3379609094982612,-0.4787968032845611,-0.18254328579818507,0.06289385220588409,-0.25088562825239796,0.0707812751501416,-0.7096596079322871,-0.45561992953427655,-0.7230712421208274,-0.47781748657663914,-0.6862328694017605,0.5049350474332442,-0.683085957189276,0.43115499489506964,-0.6370460853275867,0.729865744639614,-0.6202065337286041,0.5528603974437629,-0.9514124329324889,0.5065798052102084,-0.8631687685231823,0.565250329355824,2,0,1
-0.6037292984182812,-1.3558675332567327,-0.5680997176281596,-1.421307082130196,-0.5549082906791797,-1.4181789530268099,-0.5398459672055389,-1.415202448100158,-0.5862721285346053,-1.4288348456071467,-0.5871057525739292,-1.431001637886649,-0.5870429774461532,-1.4336910207475777,-0.4742701790045697,-1.3579527055128178,-0.5226537380186183,-1.3787696422499112,-0.5801468577991765,-1.2634347412261575,-0.6009535997566606,-1.2673741276402701,-0.3904268286208014,-0.9864042715852551,-0.5059031590416804,-0.9201585936841414,-0.7749492008656793,-0.6107307208950615,-0.7953199769751448,-0.5836658671345123,-1.165905035122902,-0.43234580376517384,-1.139193106096463,-0.44438194593152125,-1.2617107545405724,-0.35690381679105704,-1.224111171610679,-0.42928428055523493,-1.275739389148375,-0.3861780337592953,-1.2374658386064936,-0.4134978187966196,-1.2398390597264481,-0.40706732253834316,-1.204005583344141,-0.43338653629692375,-0.07834201090591338,0.041574529086953825,-0.18025990231187827,0.06904013036596242,-0.6002709820286404,-0.45445772465881845,-0.6632149106402946,-0.47666306680560994,-0.6927958360084145,0.542498547021975,-0.7396950351113517,0.4989395284382971,-0.6574875452423431,0.7626605588329243,-0.713759762931511,0.6604510349435908,-1.0027097217454133,0.5412240142111855,-0.9790186603835626,0.5974954904618363,2,0,1
-0.42736628412435795,-1.404936922899042,-0.38776827724487306,-1.460322009402573,-0.37371134440033665,-1.4536068007537537,-0.3588450078413664,-1.4470815239383825,-0.4082406304311728,-1.4726644274630005,-0.4098263202729462,-1.4756753474941515,-0.410468653174874,-1.4788660045791413,-0.2924706903575465,-1.3738767041163438,-0.3495483574223907,-1.413272112921048,-0.4082470562316538,-1.3057098354444967,-0.429373605336154,-1.3185604478218111,-0.2155103608736207,-1.0154738515227908,-0.40071058085212796,-0.9342086064358521,-0.5561595917497687,-0.6436129012602961,-0.6867711537651305,-0.6541854437940092,-0.918399512242083,-0.5172825288154018,-0.9796102047470732,-0.5077205669804125,-1.020337422488008,-0.43072922065185715,-1.0588257430536583,-0.4703666473458313,-1.036674773064783,-0.45603834800405874,-1.0623536310908146,-0.4714117049355973,-1.0005934090716126,-0.4763998561320612,-1.0320259535629506,-0.47679887362731416,0.02096552262773069,0.03042477666772612,-0.1037120597895983,0.05245019640104956,-0.4816956857527121,-0.427918797953022,-0.6203592700631141,-0.3754636293226555,-0.675239560509628,0.5688346902933613,-0.7387650240648128,0.5191360664962584,-0.6517171764104034,0.7831512008359776,-0.712791197082086,0.6709735303774037,-0.9956087179215616,0.6081828323926042,-0.9558201613431977,0.5922616759700602,2,0,1
-0.2688430219889025,-1.4476169661207705,-0.22874157835634834,-1.50035604391662,-0.21372621265545327,-1.491931572339854,-0.19736093456120316,-1.4826909623154578,-0.2515729417576928,-1.515839071962137,-0.254879510397513,-1.520019240534658,-0.2575452290124394,-1.5243729675067093,-0.13355644297743935,-1.4035995531739336,-0.20046706765525052,-1.4581138201392025,-0.2516253367462302,-1.3443759776811501,-0.2767806156061463,-1.3607034424110314,-0.07246092058876254,-1.0238705191551676,-0.2670027715896125,-1.034822307490346,-0.3959732830205955,-0.6560156847733193,-0.5647197465751526,-0.7901262187236728,-0.7674876107763744,-0.5179247381442434,-0.8458892967374234,-0.5630472034141836,-0.8411915422934663,-0.4382586523654711,-0.9262973153255791,-0.5409619743071523,-0.8587177895323128,-0.4731005783043252,-0.9233981671508716,-0.5422603567235733,-0.8319265265845509,-0.48752958971132887,-0.8910889951862218,-0.5351011499761339,0.12473923464184343,0.02359588077962751,-0.010520899729178681,-0.06085174199552728,-0.3907164839347912,-0.3251696303963706,-0.519140802324889,-0.38762161455196964,-0.6541226501058492,0.5834531392414684,-0.7306230405630387,0.4485511196741759,-0.6402387195819552,0.7992915759133926,-0.7057759529800385,0.6058819015280608,-0.9449170608039715,0.5891352768898804,-0.9532752972065486,0.47834434360434125,2,0,1
-0.11475356218533836,-1.4636217815226538,-0.07174073664254564,-1.521424699030248,-0.05452280425370101,-1.5149356909156684,-0.03700533070397276,-1.504662627756296,-0.10365669904699275,-1.5339924526133122,-0.11121541758202977,-1.539798657640242,-0.11768743439726043,-1.546110338376163,0.025007598276453238,-1.4214579030818704,-0.07315886137946828,-1.4877874253219525,-0.09658263415592669,-1.3667983141672617,-0.12823513874065273,-1.3864326564696783,0.08208477104895273,-1.0486909149515544,-0.15870727320625316,-1.0409544983186005,-0.1978749985996833,-0.7167177504556209,-0.42122593747241593,-0.803753240801413,-0.5683582325244337,-0.5673993239361145,-0.6720657093643577,-0.6178681787793343,-0.6467411353763844,-0.5052235256281123,-0.747493732579737,-0.5865521637082577,-0.6632401195498739,-0.528356283786633,-0.7521885212696259,-0.5876561656601283,-0.635779955486657,-0.5403945266954454,-0.7167440529625917,-0.5818237631389297,0.21039886224618412,-0.008447609049750258,0.06574124181786906,-0.07369864718025652,-0.3372748313575047,-0.24298438368287315,-0.42822042129598653,-0.3142885258664832,-0.6168399085689038,0.6167877206751827,-0.7185022508326627,0.4916123858667485,-0.6060542024615421,0.831408962448302,-0.7131265744379599,0.673829057252692,-0.8690795163810147,0.626024808866623,-0.9648486581651777,0.49437943441233684,2,0,1
0.03616550651936837,-1.4804141899892613,0.0802722010209655,-1.546566446637228,0.09738756774828644,-1.5430670421964348,0.1136727704826964,-1.5354433860046137,0.04781523564525249,-1.551356263030384,0.0394194330244788,-1.5540696190700303,0.031249522005229558,-1.5577251581052032,0.17032262752320926,-1.46810692847185,0.06637220599586897,-1.513786090495,0.0552007047134748,-1.3907527097757473,0.020568111582597956,-1.4044559764476563,0.256053680371358,-1.1085581208636706,-0.010224571468535556,-1.0690771376967916,-0.027849059310889726,-0.7833518185665767,-0.2807122169158301,-0.8060120332435714,-0.32267862556490884,-0.6459209993638376,-0.5586705968608063,-0.6450385639554754,-0.39815558372241266,-0.574872035603175,-0.6287135521269336,-0.6164498068962394,-0.4185483558412169,-0.5910718493350393,-0.6315431286541255,-0.6199726284368625,-0.39208344941403817,-0.6046756396725789,-0.6008342281554174,-0.622646255729304,0.3006867962200526,-0.038915047738076136,0.13312935290065314,-0.10584618554819206,-0.21656740505274552,-0.09425428862663696,-0.339740608719003,-0.21517796783219909,-0.6034339587423274,0.6182859207719456,-0.6903641648187,0.49182542586731093,-0.5632408238798328,0.8595349382998196,-0.7034250985886811,0.6879381379395935,-0.8452119926521086,0.5997376005373612,-0.9502313213748463,0.48165264226736787,2,0,1
0.15693793226745462,-1.4854319369398636,0.19717332912542046,-1.5482433952031402,0.21527110188781765,-1.5446299945903523,0.2350217882508664,-1.5390714918146564,0.16726023930166717,-1.5538001061690867,0.16290626518344367,-1.5557075185407119,0.15823421394141057,-1.558176076296649,0.3017203615128045,-1.4767815119750303,0.18978687147250875,-1.5172536748661036,0.17903897872951602,-1.3947509787654215,0.1455971358570033,-1.4087647846028835,0.40329644976241463,-1.1043327863281533,0.09670124282768096,-1.0783353568859675,0.15340102339500777,-0.7849933634433003,-0.13404208520609967,-0.8157572539653555,-0.16122322124073776,-0.6823190811768697,-0.4035774764513442,-0.7180606191830641,-0.2436326295325532,-0.6250748375918642,-0.48656322961707105,-0.6790005259476908,-0.2637233890287504,-0.6513438806774585,-0.47137881593429115,-0.693592035963012,-0.2502947017543181,-0.6613928440450562,-0.443997738646225,-0.6973591614949994,0.35452264694223135,-0.039778576464253854,0.16432290704333224,-0.11383073693818163,-0.17989412597680587,0.05226038814068766,-0.2977324323667977,-0.08293202817911158,-0.6089141779679327,0.6545818076427126,-0.6988296626600754,0.4937605803967819,-0.6221666500214821,0.8567575096149928,-0.7486506238124896,0.6781467008835806,-0.8564189594102344,0.5637753609992617,-0.9542911915479778,0.39907393884749526,2,0,1
0.27826198827221765,-1.4056567979125436,0.31230736209759985,-1.4752300518781267,0.3318388298057775,-1.4759346038289427,0.35388303264819926,-1.4785732599379973,0.2746566199100309,-1.4744989317137835,0.26585253181254126,-1.4741528652859557,0.25753556882074596,-1.4731506875570919,0.42324312304013395,-1.4497990814629584,0.2840632503757007,-1.4507140165929842,0.3116178242767539,-1.319205746477807,0.2708574889487247,-1.3196675391008361,0.5271846473052697,-1.0921628145094804,0.21428993158360313,-1.0736081920475011,0.3212622093602207,-0.7601613517768131,-0.008854393089048071,-0.8014891347165493,-0.007598149095012197,-0.7284092472846315,-0.25833090669432807,-0.7086780854691981,-0.10516972791409636,-0.6961060068281179,-0.3288523369501176,-0.6831324392300612,-0.1248556619799904,-0.7224981287075406,-0.32463478751902924,-0.695542884274427,-0.0816451194993207,-0.7217726311186182,-0.28486130685717853,-0.6969936323060993,0.3832022302198046,-0.03338960076293153,0.1926582157028272,-0.11505757053770829,-0.1614869262066312,0.1261996028138532,-0.2490070701963943,0.02331166268142935,-0.6054385613462276,0.7134159425544214,-0.6902729678811043,0.4902347931020906,-0.6325376448516468,0.8983774193304421,-0.7412305542801388,0.6757362842646879,-0.8617326021156784,0.6289134533290057,-0.9278988225223826,0.4080112387318795,2,0,1
0.3363312057805149,-1.326591586265288,0.3707502646184846,-1.3953365916207958,0.3912498038837424,-1.3994674545319339,0.413647920044964,-1.406480165385715,0.3357029602104108,-1.3903151992641514,0.3287833616770611,-1.3884100729946205,0.3212785210075956,-1.3853783308984493,0.476395367449603,-1.396244730231082,0.3484858545365024,-1.3681628081847852,0.3779649556816157,-1.2495301739968725,0.3307239534223237,-1.2438828839587612,0.6009224378479732,-1.028883384968866,0.2971016938439982,-1.005457758596115,0.5374449206502234,-0.6194507792939534,0.11787351397406523,-0.6478356407610039,0.21736146421352204,-0.7167781776947595,-0.0911204566009027,-0.7038042393774443,0.1501196636647669,-0.6996676303177993,-0.15203234938352628,-0.6720657279247417,0.1516341754089046,-0.7411440716802017,-0.1435693230038744,-0.6834489099037505,0.17653538800364874,-0.7367237388147033,-0.12024663301190561,-0.6840882770516102,0.3776056051470243,-0.051364789023844996,0.20126557544712928,-0.1499689445509917,-0.1299169684434688,0.1503371337360475,-0.2101806536669743,0.03929114560064703,-0.5813922273616291,0.7484669541550804,-0.6909511369780224,0.5095094759372005,-0.6316177667981742,0.9626067551844691,-0.738172614689699,0.67522666885731,-0.8620795953416525,0.67934115833453,-0.9378769785116031,0.4044310792792721,2,0,1
0.3538780897247524,-1.342098772849152,0.39193464592731386,-1.4108447667893493,0.4093970058806089,-1.4125963534993102,0.43011601094691015,-1.4153146524624032,0.3541200458274793,-1.4043320944287678,0.3477992824697245,-1.4017077727977094,0.34193005516884634,-1.399075789635308,0.500161437674761,-1.3977481821840074,0.37558073655699165,-1.3758096961168067,0.39125301678398294,-1.2628803923615848,0.3530390284696369,-1.2608990214978852,0.6254032548035563,-1.0263075039875875,0.32673451990831087,-0.9715918128918563,0.6501692784420271,-0.4416231767827065,0.22221590933074664,-0.46404934403448933,0.3584008646786883,-0.6882648002180891,0.06504453675802505,-0.646253905257988,0.27674401648166713,-0.6840179639655777,-0.010054534901961351,-0.6559159612927775,0.28146401408113536,-0.7233499179905318,-0.0005211184498779748,-0.6781775291937778,0.2915478250590338,-0.7216507880556515,0.032684452681871756,-0.6830914129654517,0.3790457258932857,-0.0500539257257206,0.19475475668284026,-0.144831764212603,-0.09494430217944354,0.15373613504432518,-0.2120775005397316,0.009764345244270894,-0.5833081044896571,0.7419314207735568,-0.6974819745822713,0.5025629384710651,-0.6378206414317198,0.9589363873789553,-0.7589741665775639,0.6803569291028729,-0.8755931773262856,0.5692140596679127,-0.9941564870128551,0.34753284033555126,2,0,1
0.3562489629560697,-1.3432782779566743,0.3909201108898326,-1.4140575434567642,0.4085502830941507,-1.4182393184794053,0.4299954036148052,-1.4220479645683468,0.3498273639599977,-1.4034405146120288,0.3417511213400677,-1.4013039359520956,0.33498574201826203,-1.3996212412376763,0.49651603163265406,-1.3987804499593544,0.36414923750128925,-1.375666536696475,0.3953514417600004,-1.265247681973403,0.35690736035920007,-1.2648423622507554,0.6261637235758657,-1.0234072436551045,0.3243164417580754,-0.9696790250909827,0.6891071578951752,-0.4095518830089398,0.19131423481760843,-0.47370299709941915,0.42210402633179017,-0.6354943966448949,0.09084214851986895,-0.633916862626809,0.3473017772247916,-0.657058394474448,0.05454453162589557,-0.6205060934498718,0.3404489081579754,-0.7181609605290367,0.0718052203025561,-0.6592937080302335,0.3591922267225409,-0.7204801802103337,0.08834053496338044,-0.6692320734857061,0.37169238582746844,-0.04879397453909953,0.19007677393267086,-0.1424514994267365,-0.11112347920591698,0.16302932541688803,-0.22626492656326677,0.008078561202697277,-0.5855860507601722,0.7434264079700791,-0.7026250864287964,0.5021714589340687,-0.6399737788852001,0.9527248626293776,-0.76210649716588,0.6873370784484475,-0.9117824206236852,0.5992010461971976,-0.9899421504820073,0.35122026122695693,1,0,1
0.335271937285839,-1.3422382868634415,0.3658320557887947,-1.4120948939156197,0.38410085370245545,-1.4184778763222625,0.4047046886524434,-1.4239957853391507,0.3314589661388814,-1.4025193390411512,0.32406311693142054,-1.4019239639119692,0.31727920164668894,-1.4012611178777366,0.4723268471604394,-1.410907974422927,0.3520015088381275,-1.377029115331163,0.37459388189081316,-1.2669412511194058,0.3382282997994445,-1.2671463824424531,0.6300313140269118,-1.02758129535986,0.31346326474566316,-0.9716912892262256,0.6508593105552177,-0.40959525716218653,0.18596846310975954,-0.47256056391774875,0.3659833092462706,-0.6055535028767527,0.07862052315117565,-0.6107318330528371,0.29196698496733303,-0.6125272264218462,0.01969519130187108,-0.6041798644508524,0.28715109465299443,-0.6757082917858667,0.03296669361069115,-0.6505559786800188,0.29938532447647737,-0.6807891227969604,0.06523731077245509,-0.6537755518671731,0.37471893785402033,-0.048956596720503356,0.19118448307712665,-0.14208522879931937,-0.1129879499300969,0.1576267100893995,-0.2279277260108122,0.0048147488506929985,-0.5828830130732215,0.7398709631347062,-0.6893281280642246,0.5019257956387565,-0.6348289370154686,0.9475491274881028,-0.7398885505642988,0.6976341765730807,-0.9095010143067571,0.6052516787885779,-0.9820281593242225,0.35373250206885637,1,0,1
0.3139503898513576,-1.3789210810670165,0.34653587123669066,-1.4477148360050196,0.36350591601467197,-1.448893599674025,0.3831619453937122,-1.4538645742115108,0.3136337956045821,-1.44397668836174,0.3073767959592926,-1.4411561326698386,0.2995605511126708,-1.4374911402935733,0.44737225099246847,-1.4431905781740497,0.3299086181997535,-1.4006773586186547,0.3564113379913012,-1.3041956944196176,0.31548146038904246,-1.3019836126040325,0.6135723675333424,-1.0309857338839292,0.2903677020860806,-0.9769464818619097,0.6190696398448395,-0.41756164330850865,0.17221576720338136,-0.48016759952947946,0.320698468941099,-0.6230907481202687,0.00726522170988992,-0.6007362532584662,0.24413159616354835,-0.6202316376254814,-0.06043528213473981,-0.5977205756634976,0.22453735332759475,-0.6757028545700751,-0.06680918191954902,-0.6398801290462649,0.2615341467431356,-0.6799273240939891,-0.040796552987763884,-0.6403540318317388,0.3713584913486287,-0.04864741685889822,0.18768143323029124,-0.14154892160532806,-0.11169389257169207,0.15422424873470897,-0.23022420824425335,0.0008764745943558642,-0.5763383352833211,0.7401245351075335,-0.6888938922394123,0.5134455258779865,-0.6231401587943538,0.9459320500824415,-0.7279153070988135,0.6996355662767404,-0.8793877360834034,0.6113201059043671,-0.9798753925900007,0.3548357625822099,1,0,1
0.24667176452292286,-1.4248738956894968,0.28189701417508595,-1.4923274387214096,0.29916388150605516,-1.491934414520836,0.3202343284294328,-1.4938069792821602,0.25034089659757497,-1.4892696227040558,0.24437552943565408,-1.486163242463836,0.23971731837927238,-1.4822921919663772,0.38529629973809415,-1.468942220747837,0.2785449706395541,-1.448232545449542,0.2831448551992621,-1.3435181333169364,0.2463141440115379,-1.3454870232989327,0.5330148255109173,-1.0324607022404917,0.20032147706876668,-0.998124560943344,0.4488630367040609,-0.4498379448322366,0.061876864267063444,-0.49586756012777355,0.14584329344466013,-0.6224281492322085,-0.15240875300400958,-0.596768692180706,0.06602990854716945,-0.6187525913570754,-0.22443258484149187,-0.5962923179335087,0.05593695316089421,-0.6679325789115097,-0.22352481695046417,-0.6273498181083113,0.08143527090802684,-0.6695309967811589,-0.199223922408349,-0.626488142978426,0.34448554659090636,-0.04055733405331682,0.14801620259192816,-0.11650658854617423,-0.11772005769201013,0.11901283926819727,-0.24255161217471083,-0.04186671447440713,-0.5750988972290048,0.7358980884142406,-0.6887762506613755,0.509865366425379,-0.6172699429087862,0.9394266685339441,-0.7376654707440445,0.693514249880069,-0.8432398897698719,0.6120884833541916,-0.9788179776916174,0.3345220772385564,1,0,1
0.17883162309091752,-1.4561633425470462,0.2168908979013748,-1.5143624971554546,0.23535518843736147,-1.5136635059935162,0.25507300435948815,-1.5128575623254952,0.18420260370834574,-1.51723377959923,0.17714188471058637,-1.5167323818020824,0.17033819773206707,-1.5161454714293032,0.3101856122080075,-1.4752724992332273,0.20526217620014012,-1.4780568480108798,0.21076414428891183,-1.3611086385605928,0.171295394857564,-1.3624365549446091,0.4224693083745179,-1.0487315704969056,0.11030911107706425,-1.0043481958553668,0.33450528985922096,-0.46243832171005045,-0.0730365240241569,-0.5356133604183215,0.0021421287033249717,-0.5343121358209186,-0.2964317020617395,-0.5581986898050953,-0.07673951512442043,-0.5232703862790062,-0.36642374521636345,-0.5376529342056087,-0.08075292181715081,-0.5749496395012917,-0.3619340878495219,-0.5615145264263784,-0.05938886524102588,-0.5789075618783304,-0.33247599412905804,-0.5679130172553362,0.30689683809259627,-0.04106596087600535,0.11375111581933016,-0.1110740685318318,-0.15578254540270792,-0.003265448107994561,-0.2723994554089647,-0.1421932316766347,-0.5725782534172456,0.6794301309565746,-0.6814350207580032,0.5059060847443926,-0.6084520146256452,0.8929253747684844,-0.7168508201090452,0.6941022106240807,-0.8401609427547826,0.5074994361175087,-0.9539821352594589,0.3565640557654271,1,0,1
0.08339612863942181,-1.4677605531113067,0.12510772958481164,-1.5251881173696502,0.14051828201528832,-1.524527742797141,0.15770532113258967,-1.52397382643837,0.09567286760454831,-1.5290051664284514,0.09005350508391213,-1.5298806817439878,0.08531200576744977,-1.530810260284725,0.21426002689674922,-1.4812094445853283,0.12862017098619624,-1.4932575733410345,0.11138543265763207,-1.3826699177822501,0.07749353660527686,-1.3851518832180372,0.31229105045022504,-1.0608979586960794,0.021961521702285988,-1.0285975604205477,0.1681507069606306,-0.4710375256306651,-0.19082564832585186,-0.5683114168851582,-0.16610806533716097,-0.4416397355762537,-0.41189246227376064,-0.5255975146378182,-0.24869937321182323,-0.40516577988831126,-0.4777930005451928,-0.48605696924340386,-0.2553957987515443,-0.45560942582195185,-0.486108480659954,-0.5088668309277542,-0.23683116686958505,-0.4656766780063031,-0.4574780794706776,-0.5205674721651417,0.2602578839091397,-0.04788151087079726,0.08103662413203237,-0.1295418191142313,-0.21432603641573758,-0.10273708670007652,-0.34739175992249754,-0.25027766722881034,-0.5859056107610159,0.6767130059378001,-0.6854773435528981,0.5091637184420882,-0.6077612410739375,0.8908439097049845,-0.725611410480202,0.6839158339846586,-0.8323248026412869,0.6094805969435942,-0.9396692825534579,0.4003551446049381,1,0,1
-0.019772569544787358,-1.4728122826606067,0.024525168948033402,-1.53302574036018,0.040491553120116736,-1.532329962098482,0.05531760485299457,-1.5312540730237159,-0.003133700637749945,-1.537517189536771,-0.007897195963551132,-1.5396011878485374,-0.011974366368746846,-1.541771687320625,0.11278081994669886,-1.4818004946564942,0.029927537129349587,-1.4985966721022301,0.005611319524548966,-1.3895088230903287,-0.0271266510491217,-1.3943333017341564,0.1941786589551012,-1.0650339498902934,-0.07974283541077179,-1.0398021792900363,0.024041009596407144,-0.49462972852357745,-0.2983317618347373,-0.5805837072191825,-0.3088134781501132,-0.37337956922434595,-0.5207356365750392,-0.49443930239778466,-0.38732044838058166,-0.33489013650092003,-0.5951085927806724,-0.4491323425101881,-0.3952508747588274,-0.37355232439881597,-0.5997116902406209,-0.46116378889926096,-0.37598558347826666,-0.38953675024148054,-0.5708393329486176,-0.4704714373229061,0.1994757428669979,-0.027117772347301315,0.020990731537310004,-0.12304409909707664,-0.24171551667366353,-0.21528102778606747,-0.4005338713389004,-0.3350015994246482,-0.5912103562042553,0.6444782249710265,-0.6897841127522034,0.48304382807150475,-0.5960509611358286,0.8469809013293207,-0.7239241435615943,0.6301108765340232,-0.8003701618608676,0.616204702854618,-0.9355723404544745,0.39758191740504106,1,0,1
-0.14305328179601548,-1.4787269848571967,-0.10197808224441718,-1.5371835422041036,-0.08753831997891649,-1.5358744707157286,-0.07259289664479543,-1.5342399077183737,-0.1263343375291379,-1.5413543810086185,-0.12977609512523144,-1.5427523015459519,-0.1325863942509804,-1.5441036350297979,-0.00904247132620355,-1.481575344493487,-0.0861066022025148,-1.4973624859040762,-0.12181428118309773,-1.3909104508202474,-0.15108207235085502,-1.3956075873987737,0.07075114187749944,-1.07285068902926,-0.20174975628972744,-1.0412733168809272,-0.11837450075638294,-0.5099087991903659,-0.42019904512631734,-0.5893459040404595,-0.4481149467313408,-0.35822147660892095,-0.6668719325525018,-0.42951165503379346,-0.5343242274229795,-0.273528190538454,-0.7368679300458832,-0.3894037856007583,-0.5505649438463671,-0.3051137185104742,-0.7456173988392844,-0.3998530021944706,-0.5184628803741433,-0.33444156619811166,-0.7157851258138883,-0.40200601607486475,0.14801447256872174,-0.016615295753448382,-0.02436355684229088,-0.08374513908613067,-0.3138055836853346,-0.2463104768703087,-0.4499312239519132,-0.37329010230995663,-0.6039771860291444,0.6177859440652892,-0.6912187962826732,0.47453384391910713,-0.6000665921441101,0.8384397767592074,-0.673815504264569,0.6055017907149923,-0.8394308729616718,0.5538264918314643,-0.891279792031273,0.4131264230609294,1,0,1
-0.28453680393288794,-1.477916407198444,-0.23960637123886083,-1.5364359868192992,-0.22557613018093783,-1.5353271037305247,-0.21141391306698198,-1.533795353540866,-0.26390430002690785,-1.5398917081741303,-0.26724003191506485,-1.540580195623744,-0.2702539794868271,-1.5414713429346814,-0.14928853257813846,-1.4762584271012595,-0.22024271578170626,-1.4915915609932486,-0.26394656202237904,-1.3899711717922456,-0.29206710065810515,-1.3946097347279256,-0.06668066590992898,-1.0665424065532088,-0.3240599255221519,-1.0247455401783594,-0.30482083173585983,-0.47193676697874687,-0.545688749865976,-0.5708126597223883,-0.6636980814072315,-0.3490741024780424,-0.7967697364221278,-0.3823922486912958,-0.7591543361372043,-0.2801880384446678,-0.8819366781318962,-0.33658469423161197,-0.7737194015120845,-0.322571629832667,-0.89018975383814,-0.3535358323274088,-0.7486854714227904,-0.34574664998665894,-0.8516903116947341,-0.36107786849581247,0.09414921145203382,-0.010077538056373627,-0.06691594906600258,-0.04146040616706993,-0.4120852362881907,-0.3218823391579934,-0.5223401095259109,-0.38739300434254936,-0.6403462281669259,0.59508260238122,-0.7189181978407214,0.47292961811440776,-0.6169560672699065,0.8391928311463464,-0.7258424921513457,0.645658595090152,-0.9025291443579563,0.49478697845053576,-0.9462674674896713,0.42434438782372463,1,0,1
-0.4187562057721601,-1.461372009915786,-0.3755155114584641,-1.5225964190333414,-0.3628739847429546,-1.52268607130736,-0.34929231398784,-1.5216892072212014,-0.3961462853412378,-1.523626771425853,-0.39856016200654343,-1.5240310407772681,-0.4006191367683598,-1.5248585479488264,-0.28317576996177724,-1.4552049096906876,-0.35350269617993035,-1.4742346088824592,-0.399529222148313,-1.3695658570051947,-0.4274923286722545,-1.3711155252923486,-0.20320816585274254,-1.014192027899917,-0.42928290269090297,-1.009857084036964,-0.476883008338614,-0.402466572967032,-0.6695764531164865,-0.5250540402048289,-0.8508338266344682,-0.28585658305360084,-0.9638482104595202,-0.3437478553178088,-0.9476238056835075,-0.21237261162989707,-1.0553479021164023,-0.3048843668625369,-0.9722571118274282,-0.25934842604626157,-1.0713432023906502,-0.3040149066282229,-0.9391057892805085,-0.27953483111115673,-1.03273378020055,-0.3132211015481199,0.029609954297884686,0.026440780369504934,-0.12020066382384921,-0.017385403226479225,-0.45961663529998953,-0.36997649000422456,-0.5739560933280758,-0.4502349851581108,-0.6727310268603137,0.5960121191354142,-0.7158778056285181,0.47312041495945906,-0.6461173384373826,0.8670014713125715,-0.7252485998991977,0.6395422216169275,-0.9365058115474262,0.5496245126092337,-0.9446807890632085,0.4458196601774054,1,0,1
-0.5429424615988647,-1.4198664053050467,-0.5077305578400084,-1.4837779111814364,-0.49604128532654884,-1.4856818017201057,-0.482684270442097,-1.4860866271504087,-0.5223803943520033,-1.4809482728677015,-0.5223643298508008,-1.4809703924501265,-0.5220516899427828,-1.4816095124518138,-0.41753431509608036,-1.423953152624421,-0.4674034697521021,-1.439184894799205,-0.5240357794143784,-1.3346541122726527,-0.5427850294870802,-1.3340745544985009,-0.3326227989554317,-0.9623872244220796,-0.49421932374401245,-0.9650201961691701,-0.6441752638150859,-0.38008946423045986,-0.7572542763642065,-0.48626296557805443,-1.0145670536560683,-0.20824873059812793,-1.080290882414273,-0.28963371800556825,-1.109022366388039,-0.1448423914980139,-1.158436277794599,-0.23383330235940938,-1.126162942024939,-0.19240839097394116,-1.1674482158230317,-0.2436299294850415,-1.098127915964845,-0.21299640856889895,-1.1477430043556947,-0.25070251149907347,-0.041985078930576895,0.07332342067889489,-0.1626294829613878,0.029024940747557088,-0.5418962918513232,-0.4103070381385437,-0.6717973086211897,-0.460286543560518,-0.6966275902644705,0.6008107092176885,-0.7189532925971945,0.46641014923408664,-0.6506181173819797,0.861010648094899,-0.7185976492551883,0.6186924762254551,-0.9647836587218507,0.6081722051071933,-0.9478934421575371,0.4664857759628246,1,0,1
-0.6586965843174609,-1.3757110230074974,-0.6210596823155433,-1.450571104318825,-0.6073670429290453,-1.450432517102682,-0.5939937163972185,-1.4488927964489648,-0.6396935151257594,-1.4506194831820618,-0.6402288337350613,-1.4517677242987823,-0.639934482643797,-1.4529259130489398,-0.5237041092510898,-1.3926709347924127,-0.5749528338411481,-1.4106788699211619,-0.6352031163204008,-1.283690594365482,-0.6564742459357236,-1.2920281940626681,-0.4452339638003008,-0.9201305425935801,-0.5875454256145332,-0.9276655350960719,-0.7474032770806582,-0.34025234342922994,-0.8582836772805867,-0.45095739341987884,-1.1654287844487907,-0.19035015765064178,-1.2089761871623683,-0.2255054649360309,-1.2562756394914203,-0.10234041709346083,-1.2725520685367118,-0.16573810607754272,-1.2687402095475298,-0.1554461980225288,-1.2807500306465225,-0.18658315569174058,-1.2432133464174913,-0.1767771370115593,-1.2615362693428958,-0.19658343126338598,-0.11617366409163979,0.0802865169385775,-0.22264003365346466,0.061953461020106695,-0.5722834080336365,-0.4248409630957083,-0.7203177866147181,-0.4861073870625625,-0.7021026194204565,0.5694456356314012,-0.7543414115769338,0.4060160276825284,-0.65286393465009,0.8161007285331766,-0.7190034632701808,0.5444139298576582,-0.9625012638202333,0.560101533147335,-0.9685909455068443,0.46480320482149146,1,0,1
-0.7301818846454008,-1.3640598110045792,-0.6890053551631404,-1.4386775037073782,-0.6749578138731532,-1.4372624065110668,-0.6605136029765504,-1.4352741773410846,-0.7091974445899996,-1.43984879120467,-0.7104603615306888,-1.4403628552431502,-0.7106388010671228,-1.4409859107436351,-0.5978393108389258,-1.3741019160658943,-0.6466022392275259,-1.3911117513776234,-0.7080365990184894,-1.2686909224465308,-0.7296482960593053,-1.2754111975918834,-0.5272546111630156,-0.92810248952878,-0.6688641778477846,-0.9084348442796396,-0.8442966868028243,-0.3499641994177473,-0.9509668283837487,-0.4516060285492015,-1.2431273395495148,-0.1872007739764338,-1.2800831067004461,-0.19795360964287348,-1.3451815320695286,-0.09645339526817369,-1.3597116262610218,-0.13318648371782113,-1.3624459279387744,-0.12739288314568084,-1.3698238590487402,-0.14222140634028216,-1.326240372994,-0.1567486583507934,-1.3417615233366016,-0.15599041389403517,-0.17728871102793195,0.07791638514577719,-0.27899331528716204,0.06938242781466195,-0.6440146188030609,-0.4366635709691486,-0.7544637489322452,-0.4768264304255308,-0.6916513020842792,0.5739807678939545,-0.7244441391082107,0.4083582319578536,-0.6412100040392759,0.8183215840378798,-0.6450951418685587,0.5470403522311816,-0.9570818425530252,0.5877930260278681,-0.9312396209070728,0.5022297854307424,1,0,1
-0.7678978734224691,-1.3684761895313202,-0.7312816851123415,-1.4396739352877352,-0.7210713352942018,-1.4383231578827769,-0.7088099193917607,-1.4367542121941799,-0.7446661332219238,-1.4419632502821782,-0.7435537283001934,-1.4426910339731949,-0.7413224926562516,-1.4435200240217871,-0.6435524554607734,-1.3773193885105837,-0.6774856249239105,-1.3943874267459002,-0.7464253196766842,-1.274069688168388,-0.7621905268644776,-1.280310005447044,-0.5817184603091261,-0.9319917052699065,-0.6733721240313799,-0.9112546585330239,-0.9314568623925651,-0.387481235526077,-0.9878500581330965,-0.4647062585605856,-1.3364240310255262,-0.19242396118279897,-1.3392166591999524,-0.18242393275732594,-1.4366524311973323,-0.10328105542541056,-1.4255863377574438,-0.117786311426583,-1.452809612214467,-0.12891505642116127,-1.434562192444714,-0.12140922716700635,-1.4223315462407302,-0.15087868961139816,-1.4065536110250607,-0.12902132927527016,-0.2395762194058346,0.09213495158702799,-0.319959029084411,0.07535224360768507,-0.7514270639126271,-0.48901567964564674,-0.8091428623944693,-0.4909149979801275,-0.6809733517080604,0.5111549751526817,-0.7131213843683406,0.35981402793177997,-0.6177153003113541,0.7159617952757599,-0.6396776977707292,0.4757745177042852,-0.9554079215277242,0.5796584569112644,-0.9231284071037558,0.49758788602173554,1,0,1
-0.7914998385891892,-1.3787350417857829,-0.7541340559383354,-1.443680545460726,-0.7429919650504504,-1.440040823780583,-0.7300899462692879,-1.4371706534945834,-0.7663242937431407,-1.4508149758043876,-0.764739839632229,-1.451820242860406,-0.7616544668166587,-1.452835395763318,-0.6654318118062402,-1.3789698306495117,-0.6959815501699574,-1.3974755181693663,-0.7733516480076333,-1.2831917298166011,-0.7884105114348613,-1.2936430471527782,-0.6191163719623849,-0.9254752021436534,-0.6796357966233226,-0.9261857473891488,-0.9900295166539317,-0.39779415100574034,-1.0097872466828923,-0.5110097118150821,-1.3953240303921652,-0.1953934224435389,-1.3671240342620299,-0.2008439841284626,-1.4966974587804514,-0.10825437785153369,-1.474776952597289,-0.13858860475296494,-1.5154997217071215,-0.13264548074655522,-1.4865168900760795,-0.12961942301234802,-1.4812561366515178,-0.1544514346788352,-1.4480021248699881,-0.1404001861962628,-0.28111333515354797,0.10502609593660721,-0.3332050753374794,0.07250932118718642,-0.7953886836110571,-0.478795320407527,-0.8201204775046579,-0.5122985791038678,-0.6804751050246104,0.4899686166744737,-0.6884969754866243,0.3523638065664029,-0.6132886652184608,0.6303857030776722,-0.6073959590312098,0.46470261632934656,-0.927365110363201,0.49862812426114084,-0.8727244281307768,0.42989652658548266,1,0,1
-0.8033482732376396,-1.3798920565916217,-0.7670862453924842,-1.4470368522677308,-0.7550734585394234,-1.4432447649723366,-0.742422787415537,-1.439945054638799,-0.780673847655735,-1.4543012197115035,-0.779568857119175,-1.4552091111756174,-0.7769666550705416,-1.455966923126574,-0.6795614056254464,-1.3811376115137035,-0.7142120404269046,-1.4002839636988227,-0.7856039195016975,-1.283833321280012,-0.80294591926906,-1.2945048458557495,-0.6397562902535354,-0.924751063858679,-0.7051976309367483,-0.9322661610942969,-0.999620765310344,-0.4076759199877457,-1.033952952268734,-0.5213683493366296,-1.4178717935607426,-0.1976881746537736,-1.3980521534156092,-0.21709532783726113,-1.5222187611216123,-0.10986033367943948,-1.5045532470146485,-0.14416521098578522,-1.5370434535505422,-0.13328188214034675,-1.5276501689781792,-0.14053092652143395,-1.5096954938495704,-0.15446132052572906,-1.4952253326048712,-0.15009375336802652,-0.30012307729190274,0.10770812619890847,-0.36050212292694783,0.07337260276719179,-0.8190929672931284,-0.4734318777483554,-0.8945180247544394,-0.5079117345447223,-0.6911644241247571,0.4761311496309808,-0.6878111448583635,0.3410929525227256,-0.6126584424789779,0.6425064928080483,-0.6125719413186568,0.467017881671886,-0.9160128216557355,0.4999303374432331,-0.8282545523289169,0.4345727793124456,2,0,1
-0.7919600247620978,-1.3961856005093483,-0.7534677498576899,-1.4582315852903256,-0.7409295302422211,-1.4574263830608216,-0.7275272876082299,-1.4569904172128028,-0.7688053941673245,-1.4643098982530087,-0.7682871286439145,-1.4654247746364626,-0.766622104880818,-1.4663382886759972,-0.664762045679182,-1.399819452467898,-0.703537797243271,-1.42079369774369,-0.7713396310185627,-1.3030342309826763,-0.7912465137625343,-1.3067453779066274,-0.6087063280369894,-0.9347271191054345,-0.7018045611366069,-0.9231802027872464,-0.9612979091070795,-0.427250638276084,-1.0151997478572747,-0.5139579185050004,-1.374832029085164,-0.1971358029585798,-1.3716295089839017,-0.21992193861038492,-1.484941209654286,-0.10939026165963696,-1.4713338356972474,-0.1496941180073427,-1.4982689377173148,-0.13437995258408106,-1.4937445563132588,-0.1459073443546538,-1.4638422173480026,-0.15544249082994357,-1.460556903279004,-0.15503692396112342,-0.2809146296309816,0.10446828702562178,-0.3620766911909657,0.07962663665841307,-0.8021916291510592,-0.46670950186053795,-0.8638398939541885,-0.4760783189618388,-0.6979804684118938,0.47051722432613624,-0.686790678312746,0.3485219193172808,-0.6168426271767996,0.645754982097367,-0.6076984659461615,0.4739797422007069,-0.9238179449246018,0.5057652114261552,-0.8280987266672526,0.5205287351774294,2,0,1
-0.7345501932416203,-1.4484112939186913,-0.6892621400362082,-1.5038807808400787,-0.6769715608854303,-1.5038351205847376,-0.6624037769026543,-1.5014610962397228,-0.7054872862507381,-1.5058644378058725,-0.7053884277817996,-1.5070671128670523,-0.7047705623509339,-1.5083139653065392,-0.6013737482496493,-1.4369564395497023,-0.6486918601147132,-1.4612410842309855,-0.7167868092504076,-1.348574620430054,-0.7368323409970654,-1.356707212377279,-0.5128857798489783,-0.950883558684052,-0.6890518186435416,-0.9295402623864042,-0.8274126488928194,-0.42073883092710557,-0.9442936345842282,-0.5148491276024808,-1.2395547180551638,-0.19795410393521817,-1.2654972810470888,-0.25146149739434875,-1.340007279805288,-0.11014900040873987,-1.3532937344575349,-0.183716012946352,-1.3576160738656982,-0.15319098919986945,-1.3694652499526656,-0.20213285141724818,-1.3274656001434062,-0.16868927852152904,-1.3401916508498581,-0.20396296882347198,-0.2512518988798151,0.09745946872405511,-0.3566889046338179,0.08161962339221306,-0.7539694565875528,-0.4562009701854626,-0.8377010969014206,-0.4585507124190443,-0.6901721322427871,0.5361258829680275,-0.6875227252752355,0.40487841385121875,-0.6127936314352513,0.7378819307396638,-0.606862864737459,0.5016195815312195,-0.9227023271026309,0.5741451200985647,-0.881920860776866,0.5144207646740647,2,0,1
-0.5789682177032573,-1.4789234660642119,-0.5285780789159297,-1.5368020720870872,-0.5132065755806837,-1.5360783663079143,-0.4972631760026286,-1.532339909731919,-0.5561076910535759,-1.5378830894449296,-0.5600004904142014,-1.5373269487706074,-0.5631778016058845,-1.5368977794423282,-0.4360248031263357,-1.4567213368176608,-0.5099056913028275,-1.4818299668375465,-0.559289203730189,-1.3705198412304511,-0.5864466137322818,-1.380295522717977,-0.35874639651860024,-0.9505605386367956,-0.5642145797988769,-0.9737893130832728,-0.7034831779391825,-0.41318060668441325,-0.8039461198285451,-0.5409675350960301,-1.0753799643966673,-0.1995442424080938,-1.1125021844946739,-0.2856119083429781,-1.1567200947738268,-0.13537817597418747,-1.1794624855531266,-0.24373224800039284,-1.1692948920228028,-0.17808775316351136,-1.1839673424095674,-0.2545251213467526,-1.14075704707507,-0.19205867914007124,-1.1586338711593898,-0.25328197609985104,-0.17420803398963622,0.10803954921602477,-0.31953492625266483,0.06500769341796138,-0.6348499444401181,-0.4620737811058398,-0.7789312199945218,-0.46346459619071817,-0.7392215030451363,0.5349489728953147,-0.7180346502745837,0.39788244715061405,-0.6918159014350618,0.7470058259841695,-0.6466798431256426,0.5202682431117766,-0.9789448872511172,0.526507448232657,-0.9334332903328179,0.49352776870243176,2,0,1
-0.403791505036596,-1.4865969222097606,-0.36059850993416287,-1.55568626396989,-0.3457870398254535,-1.5557604696081369,-0.33045878707036813,-1.5530017622458652,-0.3864052661043836,-1.5517733839827614,-0.3898821184569503,-1.5510073544215743,-0.39294846101724995,-1.5505600816361707,-0.2632251423453004,-1.4844190083525026,-0.3377844467648826,-1.5055359187562813,-0.3782269521152746,-1.3842249614986526,-0.4064881169230657,-1.3904270946936812,-0.17015780251722623,-0.972604494333045,-0.3934874868191371,-1.0118110216755334,-0.49619006732230125,-0.4970571982283621,-0.6495709590497488,-0.6211426184167496,-0.8395242942148187,-0.3846627805766406,-0.9143187582173883,-0.4111227440803724,-0.9348255882947304,-0.3247277330402155,-0.991902143201799,-0.3648048327747936,-0.9447769289242512,-0.35376357752522586,-0.9941317723956204,-0.3615680829286612,-0.9142254605373277,-0.3690464789576857,-0.9654918560787088,-0.36824980327112766,-0.07085298759147798,0.10795774383297815,-0.2301448743229302,0.06415059049226465,-0.4696764730991704,-0.4607737922392986,-0.6748668640817298,-0.47510481018896694,-0.7046751639284083,0.5647229194240371,-0.7848036601956404,0.4952348073148271,-0.678196911607923,0.7983190557252102,-0.7496500829334578,0.6819675807080533,-0.9758514821849457,0.5559692491457061,-0.9959096183863931,0.5095571751484633,2,0,1
-0.21790397155279392,-1.4618399194065805,-0.17870807149571633,-1.5455402957296465,-0.1608737565530402,-1.5494107901482177,-0.14342152959281135,-1.5512616060463755,-0.21214991436822905,-1.5374968617640954,-0.2184182827374464,-1.5366367930843305,-0.22378308470056596,-1.5362105895101195,-0.08145234548489064,-1.4851113265677875,-0.17703044327783013,-1.502243437448285,-0.18254847586780434,-1.3747072388285133,-0.21746751141243048,-1.3737574560881867,0.019815551487803694,-1.025559639670068,-0.23130398987123402,-1.0150544444683192,-0.31632449747388736,-0.6403371023189331,-0.5047059829828352,-0.685146062669252,-0.6440640480375301,-0.5396069954172642,-0.764395070721806,-0.5250602188591376,-0.7432139023132173,-0.46570720055858783,-0.8391365218704074,-0.4875362626579822,-0.7474793981017408,-0.488455522846024,-0.8334241088158829,-0.4810433619911883,-0.7141079918883468,-0.49585680926927644,-0.8024825201959108,-0.48706273059176686,0.04273218031860763,0.06272999429361854,-0.11037808635012075,0.04684516835840947,-0.4504638239533193,-0.40218210772266144,-0.5839319014286589,-0.4343412619606973,-0.6454928000598636,0.5625047825272297,-0.7703055714334661,0.5124794314902852,-0.6299364313877027,0.8036937435352237,-0.7427285072307294,0.722692574133437,-0.8911562189450999,0.5662272981751086,-0.9952095768532224,0.5056796988505234,2,0,1
-0.05888913568054181,-1.4277611190613886,-0.02762465058639935,-1.5072153387839171,-0.01071886381322801,-1.5114393140154865,0.009605448815836347,-1.516106793053331,-0.05316498318283084,-1.5045242876863252,-0.05742751321728622,-1.505143018128794,-0.06155287712608945,-1.5059295608222858,0.0794104023179942,-1.4746543866561894,-0.025368700325222985,-1.481515473333236,-0.027216365109683383,-1.345532992486989,-0.057594089737447576,-1.347012038755395,0.17879553974975498,-1.0286422938777424,-0.09208358523453596,-1.0284811545733727,-0.10502317023389504,-0.6432175909576284,-0.3467407769045376,-0.7162999498512695,-0.42825526890628735,-0.5179139872857464,-0.5913312106825327,-0.5844504326586254,-0.5326144702026883,-0.4748487667544163,-0.667303944061763,-0.5444739214161922,-0.5411815451208979,-0.4976607291812316,-0.6673721564053305,-0.5471623774789746,-0.5111285705635966,-0.5052966808951268,-0.6357987385957553,-0.5532675058013572,0.12130316140771383,0.015441045676891392,-0.03759922295612074,-0.03198506906548792,-0.3761027307639588,-0.34454749675843505,-0.4810405012498222,-0.40471424383143473,-0.625393143301462,0.5822161726488755,-0.7554253946888444,0.5093498195098649,-0.6147517705587505,0.8455341076364059,-0.7441112900650064,0.7169333268792529,-0.8789525116739018,0.5799666481881801,-0.9892736200858107,0.48024242620796026,2,0,1
0.07596889186807299,-1.3712476867080108,0.10828399534085925,-1.4435945385927496,0.12470982424733422,-1.4484654189304351,0.14406730105018015,-1.4550051537968887,0.07818406301081222,-1.4383921734514045,0.07193126485045266,-1.4386811491134204,0.0668978859044494,-1.4388214045662269,0.2135670290294904,-1.4339884611659963,0.10496581083093881,-1.4260250407737425,0.11419696751424274,-1.299120053478143,0.07929572649402555,-1.2960335685047972,0.33147428920156685,-1.0256137646818118,0.020605430654622236,-1.0165674733354229,0.06910712553905232,-0.6256162112823886,-0.22070314910078728,-0.7011355550084497,-0.25840084906110206,-0.5165646927578221,-0.4629536029190083,-0.5743230003813079,-0.34442823016989393,-0.4605869497330049,-0.5332177540093854,-0.533087526536943,-0.353458209868908,-0.4861727572251481,-0.528788894600941,-0.5450380325545725,-0.3175528139504481,-0.4967184843991616,-0.5003900693751531,-0.5524100321564019,0.20941942196517602,0.020175872046700415,0.038178264946956045,-0.04251324886126486,-0.2991643972893718,-0.2320461883871738,-0.41155634347936976,-0.33923373047990496,-0.614007613433816,0.6168376442019967,-0.7358257146370992,0.5046955627922407,-0.6126700583490783,0.8416163465123735,-0.7430040752128954,0.7059768427668,-0.8740697683199434,0.5341252347028848,-0.9694128301029817,0.4644762304354774,2,0,1
0.18000383738635567,-1.3375407795656566,0.20945377528313214,-1.4077967130458033,0.22701202795129752,-1.4137373655904897,0.24461476693048523,-1.4223685749404231,0.17749307942149037,-1.4027774214316238,0.17094049295407482,-1.4027514710835274,0.16537574973752717,-1.402136509620187,0.3131382675290279,-1.4162478146226394,0.20593169518102605,-1.395301620437409,0.2238895832098753,-1.2660202609081574,0.184188516376522,-1.2592001387091771,0.4412761435053764,-1.0241108688077742,0.1312937982786377,-1.016166478670791,0.27638268877769695,-0.5835419233290806,-0.09395720036709271,-0.6770689550377188,-0.053029547080385105,-0.5048194416363262,-0.32440963735602185,-0.5629997513490931,-0.12869952639849128,-0.44680743846692716,-0.385787400673518,-0.5238783658629779,-0.15349125323888604,-0.47633720457737144,-0.3827734531017558,-0.5401687586670071,-0.1272779416151558,-0.4877307666956187,-0.35732753034316056,-0.5449973770092216,0.2639074914361764,0.0016418862901121305,0.10239203059212519,-0.0907008209606429,-0.24930413989555444,-0.11207575196835107,-0.3520030132061334,-0.26909191674483923,-0.6076789413985462,0.6389735382743589,-0.7137916447877436,0.49046760479644075,-0.6134011167268784,0.8388416364354424,-0.7421959072293232,0.7004229739818355,-0.8618939885662203,0.571224346633777,-0.9713626898297073,0.4138332611138396,2,0,1
0.2608483161148748,-1.2929227396334753,0.2843823160841996,-1.3689205583491986,0.2997459107419305,-1.372369236038118,0.3199115555283486,-1.3790691216242519,0.2540703323382795,-1.359259985191443,0.2482705531118306,-1.3561423598003817,0.24413233760206537,-1.3523805479110997,0.3863491424322891,-1.387126333988911,0.27587381480883605,-1.351060045912254,0.3047370276924626,-1.2156461866220325,0.26461161088119084,-1.2042727669168314,0.5279510475857154,-1.0181691041053125,0.21114104220173985,-0.9986905256780169,0.43440671564501304,-0.45008126023891143,0.015880242985534716,-0.5979145854087894,0.09227287771158126,-0.442610031448885,-0.19029255403210105,-0.5595279654930595,0.005854017065792961,-0.4183851343547663,-0.2560722378252559,-0.5184837827860906,-0.005035490433954164,-0.4576486288899806,-0.24938594527860106,-0.5390640152766195,0.021849070193868454,-0.46389957345404753,-0.2214356903556215,-0.5422033895308475,0.31007587930748576,-0.025223149790095135,0.1424680181689277,-0.12144704053137531,-0.17883189172806177,-0.004048407181987409,-0.29521005853183213,-0.1264329674122881,-0.590474107756836,0.6870506360346982,-0.7087990449601775,0.4896685812212454,-0.6128400949156525,0.8814859670352669,-0.74114430026599,0.6688873695366292,-0.8538215767119618,0.5731822386111038,-0.9604220230722844,0.3842261382514509,2,0,1
0.3043885515894544,-1.2578948361999305,0.3300803847895341,-1.3383451167835574,0.3439410835732276,-1.3453235361059255,0.3630716801898597,-1.3543217575217932,0.2988112039181171,-1.3243293337767168,0.29315724093335244,-1.3200483913524217,0.2884377376262289,-1.3151735566759784,0.43942427723598615,-1.3562472733505426,0.323018430060913,-1.3082878171682402,0.34254989776909067,-1.1921093444717257,0.3077472680716396,-1.1845240577231613,0.5909446525780112,-1.0004584858218957,0.26223406470322014,-0.9867528712613495,0.5802039270740166,-0.37034510852027896,0.12933590630131092,-0.5653178588726145,0.25071136870992194,-0.34060946964827027,-0.040627010713534376,-0.5564072507748437,0.1646002050487047,-0.29728066772413286,-0.09632387211348019,-0.524273923311818,0.15260793132794873,-0.3608380131355505,-0.09400984250180246,-0.5546315055265361,0.16921887271751102,-0.38362797955302697,-0.07231856439349112,-0.5553953107721721,0.34123310296283,-0.02301712305573271,0.16927843494504646,-0.12371831385523714,-0.14712847503183243,0.15838050591505548,-0.254247804780996,-0.035822013391163095,-0.562166726614816,0.7447968334957389,-0.6591557819056801,0.49154862215428313,-0.6099420588987206,0.921809347930588,-0.683073847026831,0.6687136257774698,-0.8372021087794536,0.660442631973731,-0.9260594371346959,0.3855122869323407,2,0,1
0.3165125542200709,-1.267258339658526,0.3424265718290899,-1.345954747430098,0.35863342922686614,-1.3529213037361933,0.37660095595643683,-1.3623385614872738,0.3107179650632413,-1.3316494326823536,0.3043084762296142,-1.3281752989376825,0.2986438859594387,-1.3246113275593638,0.44954392440887475,-1.3618036135972305,0.33987132755320226,-1.317305439558637,0.35750619553479496,-1.2002288376718162,0.3262431933176866,-1.1912806633558486,0.6231347000875903,-0.9936792663144386,0.29383738719964925,-0.9923043921576765,0.6969048667788711,-0.35827807308238824,0.20588473740828028,-0.5398169460906723,0.34785958613577705,-0.286434905096891,0.07247449213726967,-0.5217485837227843,0.28148798725985297,-0.23244878950192582,0.021350329218073765,-0.505179780755607,0.25347841725551035,-0.30239165056825285,0.012719490587398812,-0.551758307699925,0.273490337122729,-0.320904134607847,0.044506442689881194,-0.5506067301098777,0.3584438681126766,-0.0019197371995693527,0.18317521706990247,-0.1228135117182776,-0.08003570362500206,0.1647074479271189,-0.22166380627269708,-0.016566607957496173,-0.5651161690355959,0.7385895102310911,-0.6619781911938741,0.5019435901631655,-0.612415744937734,0.9192971070886886,-0.6957175980578917,0.6895626297304253,-0.8387088354191623,0.6642699375986847,-0.9282089909686772,0.39191732713486555,2,0,1
0.3111220490550274,-1.2905086158219972,0.33807927065751975,-1.3675906647958036,0.35591976425450456,-1.3748596662303079,0.3755318016148671,-1.3826667048820096,0.3060382522898655,-1.3560238532107416,0.3003027310682266,-1.3528386333415434,0.29467150553131777,-1.349740161778839,0.44624674732360375,-1.3766319514322025,0.33319516799961363,-1.3281393391696061,0.35273034290037647,-1.2235831623738453,0.31918247431992725,-1.212472953342193,0.6210549650472968,-0.9938504150387883,0.28720200676449775,-0.9893282579502833,0.7074762971548085,-0.37334645163725155,0.2084355330530657,-0.5085260163560887,0.37134539260149435,-0.2963355807610809,0.07011770623777605,-0.4442712244463102,0.30018657236722385,-0.23602944324687797,0.016735615888025007,-0.4021666610868898,0.2708278314080431,-0.3056925348461091,0.017749162340816887,-0.4371581104600134,0.2881525309433413,-0.3227347463064155,0.047903961121124786,-0.46079121604444906,0.36757171769593977,-0.008435993179649985,0.19162514470241998,-0.13472595722536576,-0.1067022813288153,0.1370157079004135,-0.21496046064015034,-0.02130069288878816,-0.5680700600874781,0.7364007837287929,-0.6822337971870261,0.501838305893746,-0.6228816438980797,0.9206732169763123,-0.7404431465750437,0.6968519589376049,-0.8574734085545496,0.6703309503293036,-0.9432229973656243,0.3920465845830026,1,0,1
0.2939283369910727,-1.3126351183398104,0.3215592790593809,-1.3852626664897913,0.33958463799328065,-1.391646143188779,0.3589080086243428,-1.3979452194699105,0.29128387294696806,-1.3729145022808569,0.28547247785041885,-1.3698995043378621,0.2795051335191192,-1.3671152791332957,0.4286190465810091,-1.39527962442807,0.3171175680499745,-1.3421762531741825,0.3346068669360553,-1.248481162068349,0.299735530602692,-1.244855651293116,0.5981131273069136,-0.9949250065961498,0.27346834111339025,-0.988353637019636,0.6348944092601685,-0.36737984874446894,0.19546727909771444,-0.49593367172887615,0.2992785573300238,-0.2964018159352697,0.01481207722865432,-0.39548012139406263,0.2138161523712154,-0.24344852419453936,-0.041800213593661914,-0.35145918661426967,0.19592400522421027,-0.3051423874664664,-0.04445332775379867,-0.397372025343373,0.21601921335150967,-0.32492989860919474,-0.018246441930549404,-0.39965466739116273,0.3627481658502585,-0.008383598191112585,0.189862003908902,-0.13338864928680033,-0.11813773472327525,0.13030914936762628,-0.22665517036940147,-0.035093673621258765,-0.5739439831656309,0.7276646608286984,-0.6802986426575552,0.4989284068605415,-0.6237629671486663,0.911958595793212,-0.732756159176559,0.6900910282469015,-0.8613377861053552,0.6340409949666729,-0.9486974086561795,0.3664980961628837,1,0,1
0.25305678588548763,-1.3700254870992155,0.2871721020776439,-1.437271736279073,0.30629948579403543,-1.4421308771735721,0.3295104657161037,-1.4474036171874927,0.25687420566354746,-1.4298592047049787,0.2526796408264873,-1.4262184326536034,0.2495497816998947,-1.421872367212895,0.39758070023456343,-1.4274105422159153,0.294802987295006,-1.3873839838735822,0.2956907363460736,-1.2896662180935552,0.2617106091101908,-1.2852473681050909,0.5530976763295994,-1.002473221418862,0.22376205578494462,-0.9882673830054871,0.5494072896841254,-0.3646810125424481,0.12118551982967703,-0.4920227071245833,0.18553966450073883,-0.32772784042632636,-0.08641256916387942,-0.36009187884123717,0.08343814348872067,-0.2823330200744607,-0.14951862566459279,-0.32265516523892007,0.06931695263937428,-0.35309393497125374,-0.1494321245042716,-0.3649256872530709,0.0980187790724587,-0.3630016543013555,-0.12481290569217451,-0.3650079869284622,0.34798637212219063,-0.009621800514567184,0.17765570160289418,-0.11751370919848511,-0.12303246466659229,0.12613386193200912,-0.2322774986441058,-0.04091520171087415,-0.5737897639540868,0.7263728277858447,-0.681430572126901,0.49873143136118153,-0.6196704736807852,0.9108998215908808,-0.7325142030738321,0.685130310275568,-0.8521158974035142,0.6334310382133224,-0.9475810493956915,0.36865246934722573,1,0,1
0.18328618570128594,-1.4066291327410967,0.22025233299145586,-1.472564827555545,0.2358882827311123,-1.472638971407249,0.2561298013924406,-1.4744790364469096,0.19219061514474817,-1.4712804088978617,0.18819623870728844,-1.469622428800677,0.18527101661139847,-1.467495859560724,0.3223439681565802,-1.4414745805129068,0.23167320476174738,-1.4275819998729806,0.21503927877815687,-1.3179559282842523,0.18691132575726038,-1.3160158308313343,0.4634276077865964,-1.0085502986506836,0.144882389126578,-0.9880365484805157,0.39751520649889166,-0.3852780509726965,-0.005862194380452296,-0.4936551075929301,0.04491967109004409,-0.3290122590840097,-0.2115011556658202,-0.3161035673561939,-0.05043945519419664,-0.27810558479647846,-0.27421202543695194,-0.26520158884593725,-0.0625780394489816,-0.34070462092462356,-0.2699601226879074,-0.2996139747372536,-0.0319121423842617,-0.35272642861297493,-0.24527936447889614,-0.3108050005672631,0.3260551150805311,-0.020270093350104393,0.14200041761084864,-0.09674305058216347,-0.12482551014696416,-0.0009736616518279942,-0.2423484580210422,-0.06327921170031192,-0.5741543045582975,0.6858144108806223,-0.6816559694360808,0.5144254604513393,-0.6205344966993076,0.8843229579476293,-0.7318179923063327,0.6918685035184156,-0.837455186459936,0.5439942756570143,-0.9389088137811485,0.37680656301144483,1,0,1
0.09784701248267808,-1.4343713523735038,0.14045006967172075,-1.4930381075399912,0.15923144874682763,-1.4925224988379338,0.17865787933175814,-1.4920935148692838,0.11184042876092147,-1.4949491653176583,0.10694001445564047,-1.494988955851406,0.10256231430487174,-1.49442793404018,0.23329893228344084,-1.4488509051727523,0.15167198877327356,-1.451121375271554,0.12806260922138316,-1.3480039599181066,0.09709074519529862,-1.348094291844099,0.36671683908579417,-1.011380245897134,0.057949217296137195,-0.9858013584978165,0.27059328969048657,-0.4122116701157299,-0.0997359721688922,-0.4947379785470651,-0.0612548188422399,-0.3022020894540633,-0.31619351000254386,-0.33054629537576274,-0.15423170317123533,-0.2411557491536834,-0.37830134311315083,-0.28340612875478804,-0.1739925225273503,-0.2922000838592115,-0.3849164575621699,-0.3162340605351927,-0.14561297470300535,-0.30641617883873884,-0.3550127592929658,-0.32700098353345614,0.2917005613935438,-0.025776757216150685,0.10697337918890722,-0.09585530153109581,-0.15587571950968246,-0.0635827071999531,-0.3054950464940204,-0.16084485901125978,-0.5821213085700505,0.6885540262010803,-0.6824268183476286,0.5055175709614642,-0.6226977671458541,0.898202439840421,-0.7312409059939043,0.6916804252812601,-0.8323759618989626,0.5556551263606541,-0.9228506148060386,0.38060940116533626,1,0,1
-0.0010025591936084258,-1.446164611638978,0.04206167275303232,-1.5095554423167772,0.05890295437522129,-1.5090330988815235,0.0752899813326379,-1.5084276525458185,0.016783562245460175,-1.5115942128790043,0.013701155183958027,-1.5125013629046011,0.011289008541858847,-1.513539809334257,0.1331108169377272,-1.4552232602939843,0.06361875048975965,-1.4637824883212218,0.02560371484415234,-1.3629329480317667,-0.0005065368257095474,-1.3665227461850955,0.25969537922087965,-1.0043034623981721,-0.03228360308129808,-0.979855639456597,0.08677041533046485,-0.41181116974344284,-0.2248626191813743,-0.4916493928312543,-0.24448478953480302,-0.27360505299805365,-0.43010565229864356,-0.3313935124545656,-0.3171628172904858,-0.2146893598494706,-0.5054985807575496,-0.2851868169265426,-0.33830567804236084,-0.2577516146267326,-0.5093543081923231,-0.306822487146076,-0.3088582116073078,-0.27842712196670094,-0.48206986505764426,-0.317951726432999,0.2568850800951307,-0.01000067559677395,0.08392675147144917,-0.07407505080073983,-0.21236641441520435,-0.15144020571496877,-0.3542515490821394,-0.22253896942935913,-0.5778787973755551,0.6334898590023408,-0.6811517912444944,0.4888095011261699,-0.591708355741533,0.856977469708381,-0.7193158560320265,0.662129404599994,-0.8074679527844789,0.556550289796892,-0.9238960431150631,0.38130882483307604,1,0,1
-0.09794861105048429,-1.4487246134786833,-0.05726439674353771,-1.5096211831986213,-0.042035991042080216,-1.5092601644273667,-0.026563652068516994,-1.5085588871633342,-0.08526679950888232,-1.5117111130185241,-0.09007848833829102,-1.5123415211176363,-0.09440750069310754,-1.5131853399365693,0.03510920377876059,-1.4547102466267365,-0.04771269147470071,-1.4631675268578814,-0.07471983660400706,-1.3619475762426223,-0.10256851445015232,-1.3635225152258985,0.15521804205409723,-1.0068246005022758,-0.13964884327194618,-0.9799097644683409,-0.02211131377369971,-0.4217615217882743,-0.3404217435699892,-0.4915769790027569,-0.34544523666909865,-0.23341364815876547,-0.5631259009096918,-0.3261896026496435,-0.4298538103490227,-0.17965886138111634,-0.6372786498757644,-0.2730353810707956,-0.4567455382158434,-0.20925758127364522,-0.6433497955994495,-0.2782768570939144,-0.4274994959112526,-0.23314944890052738,-0.609833808875233,-0.29266175290915425,0.19667878963455565,-0.01149961713205382,0.02112789766296216,-0.06499564186725647,-0.2726253470104892,-0.17451525524224665,-0.4132782108621059,-0.2597129666504722,-0.5881133675185848,0.6273967172693169,-0.6931413463573546,0.494765723879714,-0.591395715833515,0.8569680781538318,-0.7263758335912688,0.6855783862860317,-0.7988032551281925,0.6293323660911326,-0.9243706873390541,0.4522978556469447,1,0,1
-0.19112024656328855,-1.4566095031746742,-0.14715788542634162,-1.5163911965111585,-0.13198904195241956,-1.5169498704337472,-0.11643292042643098,-1.516801212011081,-0.17427525774851438,-1.5162925234018492,-0.17907112922289292,-1.5160886278096637,-0.18388454807550805,-1.516365864028493,-0.04988337630641763,-1.4567679238711482,-0.1404668971024122,-1.4674747903495313,-0.16695552956213616,-1.363705526966521,-0.20084643702980198,-1.3647537974565274,0.05239164131858758,-1.0057197335388022,-0.228786311813543,-0.9748017473782891,-0.17386672512562606,-0.4214460396992743,-0.4455493223162146,-0.4943665178500287,-0.5081499648944799,-0.22187562910278186,-0.6929433822733053,-0.26935067878728575,-0.6100040925879795,-0.13963872883926406,-0.7500245093845623,-0.2251152211298962,-0.6307386678631386,-0.17127442748427057,-0.7536046688371697,-0.22939999431986274,-0.6142147219262422,-0.19021299152498963,-0.7246697835635628,-0.23334345864581915,0.1386298381123908,0.015166466279414733,-0.03373558684383217,-0.05185339700657349,-0.31873244263105666,-0.22742925074157394,-0.4641525090010598,-0.33760330718093695,-0.6152564430426816,0.6204024805919187,-0.6933697094206025,0.4569568081418434,-0.6075368323494471,0.857753508689548,-0.6984673463714158,0.5658039367818796,-0.8405805969554264,0.5768147930522486,-0.9014101900626587,0.3924511628671334,1,0,1
-0.29900795376227657,-1.4572136519929746,-0.2569261278507121,-1.5183120165626334,-0.2428840237765165,-1.518719993106634,-0.22730170475625922,-1.5185405649855106,-0.28292343371981177,-1.5188543788378472,-0.28760092217763644,-1.519418798908943,-0.2917675594972215,-1.5204024406748808,-0.15578872405701658,-1.4562486079765056,-0.250623653309711,-1.472213571058098,-0.2735462136486512,-1.3630011603753343,-0.30721048807627555,-1.363705526966521,-0.05164355134586746,-1.0058180977153959,-0.31657831659288693,-0.9666566745493607,-0.2740412474318607,-0.41705721797075,-0.5332142939629726,-0.49402978119020696,-0.6209291891365445,-0.21997383930657763,-0.7628251982350628,-0.2545021367527244,-0.7264608518745559,-0.1489815955924685,-0.8428828871239177,-0.2129323977102613,-0.7448032993475759,-0.18229195670129303,-0.849131854518606,-0.22156274204859153,-0.7091460381861516,-0.20146333243636225,-0.8124192792012632,-0.22773546484911092,0.0833800641382193,0.025858998279801915,-0.08195232219154706,-0.029444653559941046,-0.39313011345392446,-0.273362602602982,-0.5161189460756117,-0.4002961352814874,-0.6566823430128391,0.6088083593548125,-0.7080319032412148,0.4557826166770265,-0.6327531563139327,0.8488579765082903,-0.7258051730793214,0.5856433486208006,-0.8884364988915159,0.5704554748916079,-0.9431544143027982,0.4081731194747663,1,0,1
-0.41443658497189273,-1.456743641759715,-0.3764643056141013,-1.5183887554491469,-0.3632610156488488,-1.5183290078619822,-0.348454982755931,-1.5181157207152474,-0.3966400833935856,-1.5214835198192662,-0.39856881212257556,-1.5227476724908173,-0.40025385472563213,-1.5238711989903033,-0.2709452473308795,-1.4550455004095242,-0.3556419934477593,-1.4746244201827923,-0.38877342072780513,-1.3608444393023549,-0.41455002506499966,-1.3618022542932826,-0.15335482855175092,-0.9937909763843391,-0.4080518107555003,-0.9568754940595001,-0.4521093231688005,-0.4168062410327324,-0.6351551699629657,-0.4967004427285803,-0.8232447758423727,-0.2438320950540207,-0.904396333690032,-0.25029126026828935,-0.9106109477667641,-0.16693206923614734,-0.9853979973841633,-0.20687262071050413,-0.9289032245667977,-0.18901013110418055,-0.9890903611990159,-0.2029761141572935,-0.8957379382611405,-0.20981366016142422,-0.9557398388371852,-0.21271738054032005,0.025873351318182074,0.04646876473792617,-0.13944643055679462,0.014761887995283959,-0.4421090475971551,-0.3365389721897279,-0.5953782292547021,-0.4147246523961463,-0.6612337869227672,0.636446715808291,-0.7263886851922309,0.5072389440518558,-0.6368510869976055,0.8724816905381768,-0.7484128691946925,0.6452206520727545,-0.92108846259721,0.6461822978293537,-0.966063134456087,0.46038497269845796,1,0,1
-0.5169332927134925,-1.4497671378201828,-0.47720355692414707,-1.514077290472567,-0.4627163425935559,-1.5129993006553357,-0.44730974450183675,-1.5118158412090559,-0.49863582584383953,-1.5182037665391457,-0.4999980955458119,-1.5195313739904466,-0.5006485842714272,-1.5207038972186002,-0.3750647168401046,-1.446133903727064,-0.44978293624850546,-1.4717008045370226,-0.49549706945504246,-1.351891692782199,-0.5172881946169817,-1.3576793618462029,-0.25599488107331153,-0.9801559220559978,-0.4948539951145976,-0.9441975132835696,-0.6174965759488278,-0.42091504614798847,-0.7335949732855022,-0.49046296763090624,-0.9909165242664822,-0.24412422182973395,-1.031359647482305,-0.25261863577327376,-1.0779400280229157,-0.17464772559062422,-1.1114184485289356,-0.2116793666164659,-1.0846469572749613,-0.2021340871481099,-1.1153437476112245,-0.20935174396530914,-1.0591792856531996,-0.21140009144171468,-1.0845167112421348,-0.21458654704177457,-0.04705750697181087,0.07388444249012083,-0.2054319871115139,0.04973109421289637,-0.5382817790807596,-0.40737749098463766,-0.688905755255685,-0.4360305060486837,-0.675323837354398,0.6107294265524597,-0.7319793787568748,0.5062281162069596,-0.6592783664071639,0.8563247566672145,-0.7479030066411423,0.6569929657001223,-0.9792430691080529,0.648490395932895,-0.9647069198353372,0.530730434879537,1,0,1
-0.6170816175254584,-1.438032081478296,-0.5764124791350249,-1.5063340773198735,-0.563550745179955,-1.5055660705893075,-0.5498017564661619,-1.5029085695846116,-0.5943501011777418,-1.5088965506213021,-0.5939502186708856,-1.51103702183345,-0.5934084742611027,-1.5127956522093224,-0.478908865513336,-1.4387319994383807,-0.5346311829690334,-1.4660658718075286,-0.5950979654952615,-1.3454634208394736,-0.6133739306479203,-1.3540293835999075,-0.3620475279426288,-0.9560842555887338,-0.5649760371558756,-0.9401850951755286,-0.7237306281086472,-0.41567492942881756,-0.8266183210948986,-0.49045098104154744,-1.109262345321387,-0.23324806022329353,-1.1415340746409266,-0.2541719494664698,-1.1991111005469963,-0.16273305576798494,-1.2278257785810427,-0.21251570926368554,-1.2191783811568206,-0.19675149066058142,-1.2293720486083268,-0.21188128503927278,-1.193480245729346,-0.21045970025593727,-1.198037991866669,-0.21906780143875637,-0.12068259885992436,0.08997019826344739,-0.2635615082858636,0.08322656780480822,-0.5768827983009999,-0.4166248357422303,-0.7347385186249481,-0.43895288596359167,-0.6866930555746692,0.6038073565573866,-0.7305118247854829,0.4740168141265588,-0.6605714351808794,0.8568469765293821,-0.6867296332081764,0.591055849795183,-0.9601043166677334,0.5674650062062185,-0.9614187635853568,0.5256053647035933,1,0,1
-0.6984821751417566,-1.421332043893603,-0.6583060933651539,-1.490146929829342,-0.6458790895272408,-1.4910123121518122,-0.63298250796187,-1.4895679281340777,-0.6759782804187708,-1.4922063370969598,-0.6760894961963266,-1.4945993299107023,-0.6756513060327568,-1.496884010914414,-0.5619106831802654,-1.4279195397578623,-0.6098150257661347,-1.452641200658397,-0.6778682071987024,-1.3328288142167897,-0.6960544582907996,-1.3397333368336262,-0.4601529424939808,-0.9429581988023394,-0.6066238743888002,-0.9184265933083391,-0.8181515875226616,-0.41555271564659235,-0.8970174139953768,-0.48936625649111987,-1.1991125834240304,-0.23166187608917543,-1.2289584494889054,-0.2559286644595068,-1.3048794057450293,-0.1510773951339645,-1.318836615109024,-0.20792274479680325,-1.3297051151841217,-0.1887869581105519,-1.3310764057213846,-0.211547390560433,-1.3002156338997697,-0.2080475536138381,-1.30981244334506,-0.21707086036619885,-0.18033132755568634,0.10214857305198008,-0.29297857574171804,0.11103965660213562,-0.6390244904372182,-0.4330561018644969,-0.7447103723867737,-0.4382807719478961,-0.6832940542663916,0.5855590717760305,-0.7223446323741295,0.4540909011273166,-0.6639138400156898,0.8086196138962564,-0.6706651320056717,0.5667475408678974,-0.9535003237964699,0.5500026462529235,-0.9509857350659332,0.5129685337653583,1,0,1
-0.7646281295623285,-1.3689187047529061,-0.7248170826822812,-1.4419027612564965,-0.7116614919282915,-1.4433325018635195,-0.6968648505899229,-1.4433795832093514,-0.7447647445446899,-1.4453288250706462,-0.7457832339209287,-1.447824259972826,-0.7463551301637379,-1.450630357613645,-0.6256902130006222,-1.384993277161934,-0.6764241321136835,-1.4086096385931932,-0.7429133725676443,-1.2829770833659184,-0.7623981296492485,-1.2908675956373301,-0.5403681870677065,-0.9174562974357078,-0.6685784768725525,-0.8917596448852673,-0.9015188108054049,-0.41311573081417235,-0.9589832616299709,-0.49035409974198774,-1.2994769139906268,-0.2273113620173648,-1.3180610704202016,-0.2434984477213533,-1.4120789344271192,-0.12564778402274415,-1.3963841638984444,-0.1783462680597855,-1.4238944986346478,-0.16029397019310004,-1.4229109804417959,-0.17212980038676087,-1.386199764428401,-0.19029899839296613,-1.38415030479422,-0.19209970540468074,-0.24019013049794263,0.10824641056227856,-0.33635099896527454,0.13178189340863744,-0.7083551704346437,-0.4867043686418648,-0.833789638004783,-0.5149005340063288,-0.7114351060344224,0.47712270007443386,-0.7340405778342424,0.38985958810391086,-0.6616707413554754,0.6888797648562326,-0.6597919361532993,0.53497269892786,-0.979959793007857,0.5166749849120347,-0.9519011644883035,0.5070654474388687,1,0,1
-0.8200007351841561,-1.3540047925557592,-0.782712556431419,-1.424168108007819,-0.7718465278180447,-1.4227272458230404,-0.7594449800358835,-1.4194014615683204,-0.7955545186927013,-1.430680286076056,-0.7942799858819118,-1.4328307049216404,-0.7919839979408154,-1.435145352398749,-0.690364906257217,-1.3534490843872387,-0.7209378763611348,-1.3811374879406173,-0.802307046413545,-1.2608980329131958,-0.8165282078896055,-1.2702659850028934,-0.6297379730113087,-0.8655889659762668,-0.6922506315522188,-0.872049984786828,-0.9936034974522304,-0.40730730147169136,-1.0247407022676145,-0.49038153296711817,-1.3922489141427474,-0.2104379513927708,-1.3788277648265717,-0.23886791703627439,-1.5002153373976277,-0.11826355068538356,-1.4724328947256713,-0.18065115326308645,-1.514505699801945,-0.14068910007173555,-1.4848269045495759,-0.17593511000237572,-1.476687145363353,-0.16720096427166004,-1.455360902151597,-0.18934526131388202,-0.2763327867418549,0.12792839028941508,-0.3384351826366703,0.12717138156351857,-0.7821609261747422,-0.47446704949122753,-0.8355018666867976,-0.5032321453444326,-0.707013413864976,0.49290866754070445,-0.6911500896467611,0.39859274524993715,-0.6623234543966418,0.7049941895855514,-0.6301558971887462,0.5410878366702226,-0.9744685757775823,0.513085433904878,-0.8577509537060944,0.5252959376958158,1,0,1
-0.8554286446976431,-1.3338882062845518,-0.8220656414541088,-1.3984832566871082,-0.8122596227739276,-1.3953378273516577,-0.8009205563866827,-1.3918314410314956,-0.8326431269112688,-1.4064782500028792,-0.8306161575787713,-1.4074425525808312,-0.8272280307020768,-1.4088802018653692,-0.7321192634904228,-1.3244008825936109,-0.7558158856411514,-1.349887460897557,-0.8356326070119688,-1.2405816289616465,-0.8473091514975525,-1.2498293444384976,-0.6845085305573009,-0.8323035666308491,-0.7106721658003895,-0.8596738930604183,-1.0571635614715438,-0.3987342950453454,-1.079873328956094,-0.4855070690099335,-1.4753280885616211,-0.181920743150429,-1.4417824442967229,-0.23342748834441687,-1.5749700108664495,-0.09095118003322962,-1.5388005392628377,-0.18189701711788378,-1.587284439622859,-0.11482426455101345,-1.5505064941429305,-0.17395003194609082,-1.5498933244893396,-0.14259138416028447,-1.517962039022207,-0.1823767278384078,-0.2982064587253578,0.1299329928933153,-0.33913114625799723,0.10976116945258858,-0.8215828414064305,-0.4691068197322964,-0.8349326890518843,-0.5010761657099703,-0.7064919354413255,0.49422521520079277,-0.6935427117412448,0.4002441759735546,-0.6257739955530476,0.6900359146504683,-0.6099534276226485,0.5438378321299192,-0.9340235989654668,0.5161045715462597,-0.8360627649249374,0.5239915001981724,1,0,1
-0.8587473234999082,-1.3155619468858206,-0.8214079854894955,-1.3757603904554236,-0.810799483187706,-1.3745952816124405,-0.7990466941079536,-1.373059515297481,-0.8338394379585108,-1.379911581139237,-0.8315671760499596,-1.3804279930663546,-0.8284149501947695,-1.3814159598903084,-0.7332964207093079,-1.3167070986753868,-0.7609337885780971,-1.3328631675347458,-0.8385935417297627,-1.224438905995594,-0.8541943967129461,-1.2288563966801105,-0.691768202223799,-0.8231790535209127,-0.720540465316002,-0.8503645146135668,-1.0784537213421372,-0.37540221349882746,-1.0865021600176783,-0.4746855267075816,-1.488139898989877,-0.16305385149969034,-1.4469494057488794,-0.233448990061411,-1.5853891992002218,-0.05045677398664496,-1.548431702026084,-0.18508915707990764,-1.5931955581999497,-0.08034910353192116,-1.548639428383941,-0.1710739919384978,-1.567282405602534,-0.10389793227158675,-1.5179237313654934,-0.1780697114929301,-0.2987351043880064,0.13301366993161104,-0.3379717835635211,0.10467440693335853,-0.8351367082171561,-0.46628070325151727,-0.8401274544484296,-0.5045221247909937,-0.7060119775746291,0.5070723675316944,-0.6951842566179686,0.4051935252209602,-0.6401601270991492,0.6869631462896876,-0.6172234794283852,0.514145443838071,-0.9423322825604885,0.511530637334648,-0.8316932205978561,0.5119282955259531,2,0,1
-0.8380962836310022,-1.3312374400130524,-0.8056101550069523,-1.3865100750081658,-0.7957131865353476,-1.3874512076324603,-0.7858523014049055,-1.3862492122232544,-0.8175302620453831,-1.3837908492469264,-0.8150769655655884,-1.3832992137235867,-0.8115162070875102,-1.383374284373437,-0.7113510763358246,-1.3235090556306996,-0.7418219750705634,-1.3366405496328855,-0.8179481862228206,-1.2418418272944398,-0.8327720136401474,-1.2409355422804462,-0.6416182895159919,-0.866445698182705,-0.7138027663654992,-0.8480165024031915,-1.0137247795007123,-0.39578695336703046,-1.0664123891061705,-0.47964809827520766,-1.4402662025293789,-0.17932373117141484,-1.4309312444536895,-0.255933113090609,-1.5408684112868587,-0.07944084134854877,-1.5232279825163881,-0.20012528305927976,-1.5520931725693934,-0.10284904391614935,-1.5383085948067825,-0.173895906934347,-1.5228298300327383,-0.13259333290419018,-1.500800950253002,-0.19364857046677453,-0.2899994757802566,0.10543981862911479,-0.3388108448186365,0.10406618020321447,-0.8114536791059065,-0.4798192469995574,-0.86636078491212,-0.49203061580209834,-0.7210831983104744,0.48046213915517605,-0.7040397511193062,0.4099802522869619,-0.6412834064524627,0.6709727889388867,-0.6202230925221514,0.5159854470911888,-0.9422073501703675,0.5125763127898448,-0.8392261123578829,0.5373653210223438,2,0,1
-0.7363180298124129,-1.3942442055390256,-0.6922721332692129,-1.4535093015887632,-0.6794353610775499,-1.4505057341562395,-0.6658744506009123,-1.447280414820578,-0.7073977261629744,-1.4541499662540276,-0.7065013269958746,-1.4537338338863397,-0.7053298541389534,-1.4537481065777926,-0.6034290158188804,-1.3754135825890788,-0.6479447372357106,-1.3954411344516984,-0.7194876226218071,-1.2967706819638198,-0.7398124295432161,-1.298650228604513,-0.5141224992953989,-0.9333340797050049,-0.6498996634589692,-0.8847010266299729,-0.8719315832098901,-0.4403535868953639,-0.9647342294873814,-0.5255905945449926,-1.316725863224101,-0.26678876156474474,-1.318675228658482,-0.3391233797139524,-1.4079949675021841,-0.1887896767184477,-1.408668811541086,-0.2967497977459332,-1.4212240842424466,-0.2389203120248118,-1.4176769188038474,-0.2937511732368564,-1.3943531166541032,-0.2521134689969981,-1.3936160031950804,-0.29349710697168446,-0.23265563228779554,0.08549462822842956,-0.31948154267943807,0.10374810307940487,-0.7617118047286431,-0.4784271961838173,-0.8096467934398832,-0.4901883882334296,-0.7034663719994629,0.4832927042670574,-0.7030224974739291,0.4104540314993496,-0.6355340450451724,0.6737292101990642,-0.617035648337402,0.5187722673305648,-0.9293594564009489,0.4935114570550569,-0.8960487245728658,0.49016929936641884,2,0,1
-0.5866628666330848,-1.4271693275517054,-0.5412186170467498,-1.4900195877640405,-0.5266589888876613,-1.4891700227966003,-0.5120578401716185,-1.4861819637863913,-0.5660202297340384,-1.4899033672764948,-0.5689859838021932,-1.4890203757892446,-0.5714717800036515,-1.4882180157407225,-0.4493074270129113,-1.4114507692039422,-0.5143607482055406,-1.4329226432977533,-0.5639743537193563,-1.3251874252871028,-0.5906760261796428,-1.3316528927287663,-0.3652033374173178,-0.9608473801952764,-0.5422467451237102,-0.9407181894692794,-0.7116800278912174,-0.46772168900938194,-0.8336172535495715,-0.5753998162542204,-1.1278355037462922,-0.3188273653216217,-1.1479215674652148,-0.41578997597204476,-1.2135385055038796,-0.2452601056378372,-1.2416254322601668,-0.36407476298168284,-1.2279070896717446,-0.29413251978078664,-1.241916817597363,-0.37173456430120944,-1.1968175840676234,-0.30746185429393574,-1.2146971267598388,-0.3708041825354121,-0.14839559345745154,0.08456684149744181,-0.27021962616887096,0.07286620026005437,-0.6520918500076803,-0.45681438698522586,-0.7289839671480386,-0.48359106830881937,-0.7012035016454609,0.5323235391064808,-0.7460894480284657,0.4270340796173686,-0.6534007361364259,0.7700902670659965,-0.7171953418732959,0.5868378060717498,-0.9763162405620427,0.5764514881788997,-0.9909307351713922,0.5166309928933571,2,0,1
-0.424900753909032,-1.45021848851743,-0.38343012048167974,-1.5203451645494397,-0.3687217103268387,-1.5189166596732784,-0.35292486842898485,-1.5158942473451134,-0.4069119726086395,-1.5190052615760645,-0.4097877654700602,-1.518549400461172,-0.4119053138747227,-1.5182578915508895,-0.2855674034715717,-1.4431599320486788,-0.3620418435806648,-1.4639777337973754,-0.40160796860391706,-1.3448336923923354,-0.4258317535402602,-1.3544206159907317,-0.20713729570070286,-0.999184570876537,-0.4132774694235889,-0.9730031411090394,-0.556440349801554,-0.5516103907157758,-0.6966117729094403,-0.6482250195555354,-0.9327908338578039,-0.41563699249136243,-0.9894199306198397,-0.45705597236869433,-1.020844937152921,-0.3465429549539585,-1.064577575922672,-0.412360946403827,-1.0354953915303469,-0.3741501709897215,-1.0713873179824138,-0.4220335061509413,-1.0064179029152962,-0.3863362073095969,-1.0469941143449275,-0.41883296321905766,-0.03977682788066335,0.08499218006004967,-0.1941598973369748,0.07326978995949576,-0.5200920679422496,-0.42036353946439786,-0.6715630140498055,-0.41425865828818753,-0.691769685100833,0.5785438276739828,-0.7603270447249871,0.5067930923569431,-0.6595625845053621,0.8215223741159359,-0.7247688891786737,0.6765731212042522,-0.9556973296955417,0.616698006614621,-0.9749093609759618,0.5346306486253328,2,0,1
-0.26319647338930824,-1.4573815260305407,-0.2195195660814212,-1.5328026291530943,-0.20289083016745,-1.53117548054091,-0.18617658167784695,-1.5276840465641746,-0.24866477274769475,-1.5320777494296027,-0.25346583429169256,-1.532401881634635,-0.2578729448369705,-1.5328533559049684,-0.12295832081488842,-1.457453074847435,-0.21495823632459923,-1.4887277547211868,-0.23642362283138613,-1.3548906880105342,-0.26719925279662776,-1.3632978593552358,-0.044781043578329766,-1.0137584099405355,-0.26634066699389697,-1.0095098436648178,-0.3864692769630213,-0.6161280225798446,-0.544301024108252,-0.7147518262276928,-0.7537887927355676,-0.5049449918918781,-0.8210102037251042,-0.5212403276193542,-0.8394597890638363,-0.4419136971082995,-0.8873500443178818,-0.48810371026968913,-0.8502017502986927,-0.4542728593219035,-0.8919720484600148,-0.4827985941071912,-0.8263636369642959,-0.4641082883965939,-0.8719899097065638,-0.4819149229679673,0.061439909834355315,0.05423780466562982,-0.07908419086146909,0.000326327214713162,-0.42460442564838885,-0.3779648721598855,-0.5681185007372579,-0.4105636994385252,-0.6470732998320178,0.5833844326055561,-0.7412298128416218,0.5019826392583961,-0.6311224858687923,0.8263011925044225,-0.718801544847374,0.6692338684702587,-0.9482611956619883,0.5801596693487825,-0.9653260209970644,0.5108149020195333,2,0,1
-0.1210137747308683,-1.4419550326719477,-0.08272267681075025,-1.5267139360511726,-0.06574645337846023,-1.526589868672655,-0.044938228543941965,-1.5254389707345815,-0.1108241851912057,-1.5296699278455197,-0.11567393453115571,-1.5302211873829379,-0.12068754178337128,-1.529009058980666,0.01993566452756396,-1.4539238892928739,-0.08181688608910133,-1.4830655741261916,-0.09303954662917116,-1.3541590117673032,-0.12172333139167432,-1.3614277042690919,0.11288585706994601,-1.0347984578847145,-0.14744037350133335,-1.0269251222722808,-0.17537209246138694,-0.6796123362973339,-0.3932704924798171,-0.775059570192016,-0.5454077446680184,-0.5830302071792378,-0.6420972587979988,-0.610227778434337,-0.6402644227838793,-0.5063114630787804,-0.709389724312085,-0.5447703732499215,-0.6583681270544127,-0.5261173866113485,-0.7110275619962234,-0.5474790952988362,-0.6340086588694516,-0.5419660056323089,-0.6837601719474365,-0.55819918409744,0.1558883024735002,-0.012976068365650182,0.006085098736936684,-0.0413249700646242,-0.36494333964400955,-0.2897543253376732,-0.4673903710049677,-0.3653559687391257,-0.6339839442522169,0.594494394491036,-0.7340749311521985,0.49901861521344787,-0.6131870881416266,0.8385796614927554,-0.7304789543445609,0.6756517602737455,-0.8815351891749198,0.6053352141948309,-0.9687512197996109,0.4570319405782367,2,0,1
0.018174253757252398,-1.440325597957669,0.05271985143546337,-1.5119346567314114,0.06957793899737189,-1.5142299032339908,0.08864180614747048,-1.5152449325638166,0.028204434015751692,-1.5123531987742795,0.024419637532441564,-1.514230026807077,0.020915351954744407,-1.515905492495955,0.1571003073026861,-1.4521229969215301,0.05403244475679419,-1.4808924796192944,0.04437248946446954,-1.3524958416004993,0.016229213380887588,-1.3602284274677818,0.2634809171427068,-1.054780843784338,-0.01853362578281572,-1.0270926873771316,-0.021044630893853392,-0.7159102003374795,-0.285988046256905,-0.7703332703651529,-0.3666340666090301,-0.6509358423469149,-0.5276124788205729,-0.6508175829034473,-0.45036545977672554,-0.5717722047365225,-0.6125939373279956,-0.6059517789334886,-0.47300182484808884,-0.6015821110333212,-0.6071100109098052,-0.6106694286443196,-0.44920140130497477,-0.612928962524995,-0.5713296709545524,-0.615015494085028,0.24531270772119096,-0.0082056529470233,0.08436148158860618,-0.05653558124167276,-0.29382282706645274,-0.19354229761266567,-0.3926135779537208,-0.2797486125502362,-0.6250535644606583,0.597004905309729,-0.7179118186269275,0.4952417274076528,-0.6078116588930961,0.8339439407380572,-0.7263486475123108,0.6381376899194839,-0.8622582820242587,0.5719756709977095,-0.9665895558031846,0.4098915268110896,2,0,1
0.14387600991278415,-1.4043134348927555,0.17694688638060518,-1.4701329092196582,0.19508173106885432,-1.4723888594808345,0.21407318439045547,-1.4741603414576692,0.14728539136030036,-1.4682812283098972,0.14146287468599558,-1.4678088701880005,0.1369665443725007,-1.467006324779849,0.28357464239297214,-1.4329625574045872,0.1761127680489367,-1.441056532762383,0.18139205743642445,-1.3203251950654493,0.14880534032022966,-1.324363810667759,0.4044572953339248,-1.053438098629981,0.10230898947821686,-1.0270506725278328,0.19160833876270045,-0.6945260013483084,-0.1303030107646736,-0.759155466855364,-0.15533990660803582,-0.6475222594144688,-0.3649381495743903,-0.6506141816036063,-0.24313784289551607,-0.5840391814278413,-0.47238074651698275,-0.5968708871229712,-0.2647866118621839,-0.6203459427301915,-0.4511662133751273,-0.6170738509814135,-0.23350457938980482,-0.6255416967114262,-0.4137225796799845,-0.6257339764335116,0.3210096259720829,-0.013773856209983804,0.14817684760395322,-0.07923867577956956,-0.2323459581338457,-0.053056257427382576,-0.3260892427432868,-0.17979306175270032,-0.6111674096212132,0.6528584573829423,-0.70764586092001,0.5013872641292141,-0.611636245910154,0.8683778283463677,-0.7221548241137676,0.6388356307101897,-0.8575946337520854,0.611687612262646,-0.9580507791217086,0.4185661103142698,2,0,1
0.23396029544063937,-1.3332983919442476,0.2668443294021666,-1.4041649618297185,0.2832773255476396,-1.4053394004407078,0.30158912689528866,-1.4079053955750926,0.23696757006574826,-1.4049737476787216,0.23110056708042115,-1.4053425515544054,0.22622313736916835,-1.4057202526922934,0.3667227705939305,-1.3911760711689765,0.27459656339015076,-1.3903597473617169,0.2718270433828389,-1.2453069402038202,0.2373239548462715,-1.2440295652120488,0.4923145467027682,-1.0306842155536668,0.1961540983106646,-1.0142501072504184,0.31643247886023074,-0.6658480245208553,-0.021576983749087165,-0.7185736946368548,-0.026061945338654153,-0.6333824090291102,-0.2706484247778917,-0.6369107913586112,-0.13419383295592027,-0.5827265881065105,-0.34109818264370084,-0.5963905585370164,-0.1455383365589568,-0.6167801177555801,-0.3255722129507385,-0.6115182521732427,-0.10860654258674299,-0.6164583334391853,-0.2977660442462368,-0.6148228436436841,0.33824213998509595,-0.0002438390048895846,0.16232300021670656,-0.08017708979596819,-0.18138466454222596,0.057385458316631374,-0.28482077488491375,-0.07119184355414875,-0.5991350982205371,0.7100075496915945,-0.6943115834834139,0.47156957272798644,-0.6155112507463705,0.8910955045084329,-0.7202945548745175,0.6066878451960819,-0.858811334358546,0.6234310097878494,-0.9445223683667346,0.38588102902148125,2,0,1
0.2777728859971445,-1.284206759146427,0.30088006452682736,-1.3554412061094354,0.3182210757095004,-1.3608350477478057,0.33823596133078726,-1.365462365532644,0.27834626511698773,-1.3423006912719588,0.2753911383342439,-1.3385570446263444,0.2721288088592737,-1.3354710539453432,0.4169349641371688,-1.3626351368940894,0.31269637017287283,-1.3262894500695948,0.3208702355308796,-1.2095954304575658,0.28605203562457077,-1.2068632295222783,0.5796990074439132,-1.0065632434250198,0.25688854014154355,-0.9650833420162046,0.4830366793928908,-0.5858608958642053,0.060292657302324124,-0.5998415841145729,0.17510836600452162,-0.6310096822015003,-0.12369135636206732,-0.6276493592691949,0.10803981492258119,-0.5967992147329908,-0.18322170204127547,-0.5978782549214544,0.10617583849074594,-0.6322173619726702,-0.1793479329359207,-0.6119873356083558,0.12450419863194216,-0.6313880629913624,-0.15289241806329112,-0.6118300270696575,0.3517842673526351,-0.0375119989176666,0.17875574921600723,-0.13113937197227732,-0.14834542278446525,0.11572628946833713,-0.24567380976996073,-0.004474734329284652,-0.5682902673270386,0.7587885197507759,-0.6999910025239303,0.4779810387309923,-0.6118848749595343,0.9585515807886122,-0.7423602594339335,0.6251308811612467,-0.8518364986556769,0.676849183478763,-0.9525792100121354,0.34667820887157796,2,0,1
0.2842352641116536,-1.2843150091699147,0.3087496929466759,-1.3538525505135939,0.32650541540654593,-1.3622172127166519,0.3440016343854524,-1.3713252288195843,0.28230752396735304,-1.34393618106746,0.2769582922130913,-1.3434238470521862,0.2711397298775441,-1.3428630723871327,0.41507741350581456,-1.3658045394082574,0.30936632264667974,-1.3303132369015636,0.3235475700159063,-1.2162200600342203,0.29324300065515657,-1.213046085315864,0.5962632382069021,-1.0369559203962109,0.2886122228239053,-0.9676385862920922,0.652633325780319,-0.46563639318021066,0.20521818418146248,-0.4689872009848808,0.33598544828540255,-0.6349794675948116,0.058025338317219836,-0.6059493074717652,0.2520721555348603,-0.6343971912127638,-0.008684603668646212,-0.5974841803496483,0.2518247622163417,-0.6851433440613562,-0.01833714457580047,-0.6306934586739833,0.268448555206866,-0.6855197476818395,0.013564977642995257,-0.6226482328986828,0.36179492306351907,-0.04248902853637493,0.17777037742686283,-0.13432656901085427,-0.11301266454733154,0.16133859845186746,-0.23095600806057054,0.02003672875166949,-0.5747595655343734,0.7452985402256017,-0.6995533066527051,0.49253770113601275,-0.6285795989015219,0.9442895166210284,-0.7471346291913179,0.677029847330748,-0.8736187265554116,0.605105368254549,-0.978377316066324,0.35374708369302477,2,0,1
0.2638565793246731,-1.3443478030175027,0.2930895228821296,-1.4141801279582478,0.3105125865940216,-1.4194919788539422,0.32918917569205364,-1.4292863816640233,0.266013671116911,-1.407151167243635,0.2611920964406084,-1.4051040554980911,0.2556975427370071,-1.40234355632607,0.4002320843714937,-1.4259287155530704,0.2944819444171282,-1.371042246452248,0.30142255037512733,-1.278384736764467,0.26813912819908853,-1.2755022709563928,0.5851013756252293,-1.0774781303871845,0.27667951133068475,-0.9708731118226734,0.723878894321083,-0.49378214072551607,0.17738507654417507,-0.48583231337274113,0.42610730003145436,-0.6786520498446825,0.07996623405960086,-0.6117080604336046,0.34411210872449116,-0.6653820304128966,0.03527998178385183,-0.6058424167522255,0.3264853965665859,-0.7306845985203371,0.049115471657965995,-0.639997894197388,0.34297919067045607,-0.7339367950022411,0.07552798309660731,-0.6365403192462642,0.36009801744418984,-0.04348898194968776,0.18012296184142657,-0.13314026738359236,-0.12349586373974146,0.16181929775708087,-0.2326447578562123,0.017197760669928376,-0.5821522018415938,0.7392963482840013,-0.6983731836797519,0.49904678987709533,-0.6341816611900939,0.9429675317451485,-0.745425119117199,0.7016134770940273,-0.8793313867561084,0.6060815956353165,-0.9726336390209978,0.3555621251827355,1,0,1
0.2574248473355349,-1.3843727549097156,0.289986849834495,-1.4548834343070083,0.30683085006457983,-1.4608943999377269,0.32466417642256656,-1.4677183529023787,0.2584381466421544,-1.4433722923972672,0.25294458152324245,-1.439298458465398,0.2479747191435322,-1.435744929012861,0.3946077789274106,-1.4609813953903927,0.2928762357353948,-1.4011206152787579,0.2961069305003047,-1.3168917168661294,0.262129027579973,-1.3112810044615253,0.5749921085915793,-1.0759586757196,0.26602157979442603,-0.9748526594897924,0.634475743644214,-0.46296499020332027,0.17208082539328032,-0.46639698552560616,0.3341429735705614,-0.6661229746375906,0.03479878818629373,-0.605435243433285,0.2505549251828268,-0.6569503915971326,-0.023936735402648946,-0.6011358886191501,0.24530133899726303,-0.7186999863309238,-0.015722090926205037,-0.6384927740077994,0.2616876245161626,-0.723290726482255,0.015058234816311163,-0.635238847502689,0.36807713161838784,-0.052107216125573064,0.18191205298304092,-0.13238325865769587,-0.11570087346394145,0.16825300691559789,-0.23233014077881556,0.028370991975528972,-0.5835928168801999,0.7538201402480996,-0.6984801979723778,0.5218566515614457,-0.6340452365029587,0.940306014615152,-0.7447652388370346,0.7144539564782756,-0.8843724272334544,0.6442624663625682,-0.9774994528621502,0.37655422676947936,1,0,1
0.2514913620298467,-1.4163256038803855,0.28457360722159564,-1.4848306303025451,0.3013133117669503,-1.487247410935376,0.3191688812804482,-1.4911508993679554,0.2528615404093341,-1.4788439467832595,0.24734721501194512,-1.4757019157076787,0.2423953943028161,-1.4726246369292528,0.38873657445715365,-1.4820016716407842,0.28707101929315426,-1.4373421729381917,0.2899455764237132,-1.3426699276534442,0.25648692761148095,-1.3394460294082737,0.5647152764530785,-1.061630870670172,0.2379131513211449,-0.9901697906671222,0.5388981401436193,-0.45997551010262033,0.12797808523044074,-0.49002984396386945,0.21188865937308718,-0.6487777619699876,-0.07697924691159627,-0.563338094459035,0.13465721053809754,-0.631084443918635,-0.14046664995623986,-0.5426311995551788,0.1299666233331385,-0.6839037824339538,-0.14161489107296044,-0.5639982218853719,0.1582070278624525,-0.6837216357049346,-0.10972858620919486,-0.5781337472127144,0.36498014293271724,-0.0482361656281141,0.16990247903022068,-0.13195792009508803,-0.1146917756422518,0.172523198481396,-0.23240304889965768,0.02061406221027028,-0.5717935643200464,0.7670382589836929,-0.6922859734548643,0.5040413668740402,-0.6277785981569478,0.9396263626411998,-0.7425473490863995,0.6908159079703929,-0.8596127058223786,0.672710473676653,-0.9598671799153672,0.35121111681858014,1,0,1
0.2219932306294627,-1.422362210926485,0.2580387584276429,-1.4915727160976073,0.27261939401138097,-1.4937243088875105,0.2900461649158581,-1.4961962031167744,0.22801667714188492,-1.489491683539909,0.22262716056153076,-1.4876413619340958,0.2185326899242708,-1.4859815900271616,0.35482861390359594,-1.4790241781294429,0.2642411387688438,-1.4469273047268385,0.2524196430531791,-1.342070968904763,0.22363749411408212,-1.3390802530732013,0.5027824228324926,-1.0479015300770806,0.18257415757875645,-0.9902487538691869,0.4026869873014088,-0.46274515368301833,-0.010015980099075339,-0.5388261370857362,0.07072173148299023,-0.5135726176223125,-0.22814818039654503,-0.5372332800049648,-0.002065782027041896,-0.4711395969998441,-0.27927234331574097,-0.5105023207232554,-0.01925628119075609,-0.5327759987867006,-0.28734957452036036,-0.5310960226801771,0.0030110946452943073,-0.5407363298518002,-0.26287839626549864,-0.536184020930269,0.34424186046497296,-0.0294214218197405,0.15164529698666016,-0.10767729153910525,-0.12142972173892701,0.11623318626781924,-0.23645525754144645,-0.026362493644611244,-0.5685201132673205,0.7497639772675534,-0.690012970107796,0.5030335047832123,-0.6166214313525498,0.9281189897105872,-0.7388401565012062,0.6820550704530639,-0.8308677523822197,0.5872322513628144,-0.9480759596058148,0.35279161659073427,1,0,1
0.1710178497060192,-1.443267193487477,0.20959118855495665,-1.504926765227991,0.22534057838771998,-1.5069800556278434,0.2441511207111637,-1.5090374239395397,0.17884793473829239,-1.504400838173238,0.17357383542042387,-1.5036892425565103,0.16950407940039855,-1.5028155190507233,0.30789110714394513,-1.4833507190225361,0.2200852621789498,-1.4687241142507417,0.2056593400991005,-1.3571316859282836,0.1735333034481591,-1.351349948372416,0.4366947949085944,-1.0433447725244471,0.12238492020407327,-1.0009360957999547,0.2922850620911426,-0.49093180391984703,-0.09344437205947428,-0.5661453042576298,-0.04493798139776962,-0.4569996230413994,-0.29875339320475996,-0.5153287147499187,-0.13475633764418027,-0.4189466504583369,-0.3794352497518753,-0.4723874380240202,-0.13840816948676812,-0.4732079633162097,-0.38371878721098013,-0.4920601497696937,-0.12467475098183296,-0.4806778328022882,-0.3444902638591528,-0.5022753189381942,0.32094437938258347,-0.031761648925686926,0.13552494074920513,-0.1098267218000004,-0.14869562891067986,0.009476667099659886,-0.2579312713336442,-0.09645537243755245,-0.5716640597257369,0.7195671636379466,-0.6830869457739653,0.5020058709985967,-0.6134006224345337,0.9192887041188288,-0.7284264053832255,0.6834946969069806,-0.8260830024855967,0.5412131397796023,-0.927904754030519,0.35423989316068316,1,0,1
0.1174071491468479,-1.461184240611346,0.15721770173455055,-1.5229319199623015,0.17437706048054913,-1.525000904144098,0.19223238284787467,-1.5276058865871702,0.12613165617684208,-1.521243417312832,0.11951777745868468,-1.5209281205834613,0.11367227619035171,-1.5200629854071632,0.2530226797137039,-1.4920924644980513,0.1576647891603249,-1.483506977190002,0.1527628919780098,-1.3786146198133071,0.11708931916921064,-1.3731883402398164,0.3697275737573159,-1.0496032550467707,0.05935696189382131,-1.0082791792996197,0.1598611771939658,-0.5177345591646231,-0.18487016701082482,-0.5890087966613792,-0.2179091616224132,-0.4295363696510281,-0.39958730149881433,-0.5010944545267239,-0.29579703069115443,-0.3941003043138536,-0.48685090776168205,-0.44877805847212976,-0.3076813015345951,-0.43663366628229466,-0.48792994795014566,-0.46214001628002854,-0.28536301358704136,-0.44599679902163153,-0.4548000035471339,-0.47429046355108617,0.2919136013941062,-0.0297390046512054,0.10612467923307027,-0.1010117592709275,-0.19020432284857344,-0.09639531591767232,-0.3112649210336154,-0.2075240980208088,-0.5718800654803675,0.6870232028095677,-0.6831143789990958,0.5106678500469873,-0.604301688953435,0.9090373280360796,-0.719204887400643,0.6642046910091852,-0.826315196314516,0.562554953200216,-0.9152024293566122,0.3805275957822896,1,0,1
0.04990708084799096,-1.4694355245078403,0.09305188244681657,-1.5369537580503647,0.10884279283653407,-1.5377118171474935,0.1266481916770457,-1.5388109379624604,0.059245004677748465,-1.5356188597869795,0.05215339240844582,-1.535948305634717,0.04548959016347449,-1.5360513655885855,0.18793599378780784,-1.492781199093837,0.08572646989847439,-1.4972312512865602,0.08397469782888432,-1.3888431348751142,0.04359966338354289,-1.3916279161585685,0.284957919519594,-1.0622987832009378,0.0025093879154314655,-1.020414427081078,0.05440538833086464,-0.5804574155251135,-0.2521838870957327,-0.6134824463779643,-0.2749581597312652,-0.4200046832221511,-0.507326968140567,-0.4957380555334641,-0.33598003256058284,-0.3693303263366253,-0.5795297338068279,-0.44401246240386366,-0.35226449385647574,-0.403230378212668,-0.5784907312982844,-0.45171020066084544,-0.32517480190560577,-0.41997329565826313,-0.5523616965193242,-0.4635455365621616,0.22522268966351083,0.007637899577403954,0.0592917153043219,-0.09305291108286194,-0.2360519149881774,-0.16506784565813976,-0.3852150101383642,-0.315881630093427,-0.5859246410162866,0.6578730532198472,-0.6923470185594338,0.48188619540023503,-0.5951891624328572,0.8790970521333683,-0.7207663569175266,0.5948922998285134,-0.8070144395582236,0.636699299196429,-0.9396664403724759,0.3726905906571908,1,0,1
-0.023001287140318474,-1.4844738748027635,0.018471817748757256,-1.5493868787560432,0.034748123220962754,-1.5487916889864903,0.05145125013281019,-1.5486712670140146,-0.015958115520795686,-1.5486952401927323,-0.023721223940363034,-1.5482671212356856,-0.03119492419211295,-1.5478715637868454,0.11339720250053036,-1.4988841031006688,0.007994055772138945,-1.507438141058287,0.007152770201472387,-1.402181552010097,-0.03426695111437656,-1.402955428462256,0.204326975083982,-1.0626827247796777,-0.08707714522131843,-1.0197450316732781,-0.03322078136683498,-0.5890539008378324,-0.34025837995006836,-0.624061785431417,-0.3630850475741383,-0.4281160205985543,-0.587925783573774,-0.48317981707803526,-0.4517274823325256,-0.3614416676615061,-0.6490823510670203,-0.43177118891446886,-0.457083634179613,-0.3905460952093425,-0.651447787082546,-0.4367719445657224,-0.4426787195244132,-0.41101671837243586,-0.6204571399473632,-0.4470282635719185,0.17663968368837885,0.015246294493082565,0.0050836624465897704,-0.059142231921408425,-0.28794569108805945,-0.22292600033525334,-0.4216151926938612,-0.3337803266139993,-0.594537932268725,0.6270171007485931,-0.7027429751530055,0.45465068720768076,-0.5931541608497584,0.8386476266901506,-0.7511552031230463,0.599516899005456,-0.807872036776265,0.5957279010372161,-0.9511279676881184,0.3527458945488502,1,0,1
-0.11626560246775258,-1.498418170779253,-0.07601241108537783,-1.5593122690374677,-0.06044368510459958,-1.5583897959491855,-0.041508086817948674,-1.5577996108896226,-0.10743531687599422,-1.561064906118661,-0.1134931167063726,-1.5607039491339494,-0.11883394549077457,-1.5605919301313333,0.023423885604058614,-1.5036114532987643,-0.07619109776798415,-1.516928368716753,-0.08498703004178638,-1.4053521284685837,-0.12353219422707636,-1.4106459376936968,0.11276574403018574,-1.066306381958618,-0.16996156845638333,-1.019340947681492,-0.17867816680886242,-0.6008599499177255,-0.4356956044247705,-0.6384067671398229,-0.5221026020542862,-0.43015052788930846,-0.6908394269081218,-0.47263903282746866,-0.6493163984922322,-0.3568818207817182,-0.7506804353259692,-0.42000048173722127,-0.6610195111913431,-0.38627713937440616,-0.7549965960798237,-0.4264509968354578,-0.6266306041863996,-0.40213193704967515,-0.7294874039011079,-0.43314680450974796,0.11686639332175434,0.014834054677609057,-0.052589132601264126,-0.056369993306200794,-0.3361152215168562,-0.2533259681185287,-0.4755138185438159,-0.3834997106895793,-0.6153540657807582,0.6227263960504903,-0.7192876813683791,0.46239723683370093,-0.607534608033896,0.8376355631143928,-0.7582188878748738,0.6155413625280407,-0.8307506050965277,0.5730435896084175,-0.9538585621732857,0.35563725761912873,1,0,1
-0.21562503669758934,-1.5042663288689389,-0.1739304888380914,-1.5670098837213633,-0.15870010596725515,-1.5672323152764749,-0.14131090128097457,-1.5671029342552516,-0.2020248299795488,-1.5679013399650161,-0.2076095920360565,-1.5681113524249672,-0.21277494703809266,-1.5687939701529876,-0.072431263048081,-1.5057700897545794,-0.16958046905862545,-1.527652164707942,-0.18708039523011713,-1.4086961397535143,-0.22328014223984138,-1.4158217964080577,0.011774156478174492,-1.065261324368852,-0.2526032941502042,-1.0189058468450767,-0.2993722472203149,-0.6099435603361387,-0.5388279721216448,-0.6467023519877102,-0.6679477598407249,-0.4217466930179335,-0.8044569709667848,-0.44740615006943585,-0.7702336518973133,-0.3518960174738916,-0.8966842609550542,-0.40515589404141744,-0.7812986331794263,-0.3821941610341603,-0.869443809839053,-0.4063345341373366,-0.7564498155732196,-0.39848257666881076,-0.8423803153824516,-0.41448763921686627,0.05106001774198611,0.024000459063758285,-0.11965002215186182,-0.03614157339200677,-0.40288126568384486,-0.3191911644873153,-0.5641317858311409,-0.416583933050707,-0.6379276557243456,0.6223675398082436,-0.74707902130254,0.4629360154894157,-0.6198817836581412,0.8354525209740585,-0.7751103401700491,0.647024819130882,-0.8700640231585558,0.5866974270458573,-0.9717713460256817,0.42449910132761337,1,0,1
-0.31866250026428267,-1.509903485913984,-0.27454245986937886,-1.5725499123206763,-0.2588753697120068,-1.5719072086994899,-0.24138557653358134,-1.5705127482085695,-0.30263136379504463,-1.5749064510739976,-0.30766869707980543,-1.5753836903327982,-0.3121729360708154,-1.5756453563427697,-0.17492574647412965,-1.5057832502882569,-0.2701790941966062,-1.531010016178524,-0.28993447633692954,-1.411060092892006,-0.3249711534595925,-1.4182316569480626,-0.09466131981210711,-1.06268717341078,-0.35030240039421906,-1.008283010065291,-0.4040628715338322,-0.6187320782247706,-0.630828134777528,-0.6457828446534961,-0.7801348218538479,-0.4226135582174379,-0.8977400694033172,-0.43685177277939025,-0.8779091841073421,-0.35387714119141894,-0.9786483118443017,-0.3796171678951062,-0.897183866942452,-0.38601429942011595,-0.9815433821071654,-0.3946157276562817,-0.8674865357271571,-0.4069215062966589,-0.9494945786350822,-0.4089671351651686,-0.022380703101557098,0.045990042602091524,-0.1886900582506081,0.011069277034258975,-0.49161687454920666,-0.359560638143779,-0.637967199111921,-0.4553264434546154,-0.6556863439382838,0.6237594670508975,-0.7636108759169514,0.46339867312404787,-0.6312480361243442,0.8525169755898762,-0.7782419293198481,0.6561536572988346,-0.9004319855125124,0.6094091716997861,-1.016520620575379,0.436458257461275,1,0,1
-0.4129331948055106,-1.5207260785875683,-0.36961069510876804,-1.5828020916284855,-0.3543770993376913,-1.5809549211363698,-0.335810984578698,-1.5776019508026917,-0.3962503338797956,-1.5842248503561398,-0.4005096510140105,-1.5845215493360414,-0.40456161250962686,-1.5846614958561325,-0.2696410569794085,-1.5071922306168026,-0.3651044789483793,-1.5362170153106005,-0.3898776698258481,-1.4246961358050367,-0.4209081074947787,-1.4347524517712618,-0.19435514281312832,-1.0633055331339902,-0.4383717031789355,-0.9974793858604343,-0.5414319041934846,-0.6406513486770713,-0.69701412687802,-0.6450963961598044,-0.9192013779982604,-0.4453175177669379,-0.9822693739884324,-0.43132953870448615,-1.0145450576467294,-0.3691104898163234,-1.0667700096175554,-0.3744226496447332,-1.0357029943151177,-0.40011472999098524,-1.071548086567525,-0.3884265696353013,-0.9978584895284293,-0.41392945958662236,-1.0409465710807013,-0.3953323279829996,-0.09061331265524825,0.060040055353802205,-0.2513907950286736,0.05504696123389137,-0.5497758061180656,-0.4275507973023985,-0.6851066242943787,-0.4572886604899583,-0.6766774569403383,0.6048765108989563,-0.7589914668096281,0.49490560861326194,-0.6374551122428197,0.8513907304824945,-0.7481716545304826,0.6368040891735037,-0.9526363007779475,0.6408760695090802,-1.015416989342767,0.47109900641583924,1,0,1
-0.519307131698878,-1.5201125382147187,-0.47695295070538796,-1.5822566400261175,-0.46060695001258084,-1.5805166691862569,-0.4410144371998337,-1.5773177944910366,-0.5015266946217734,-1.5837129488466677,-0.5045648625184256,-1.5842809525372623,-0.5073662643819701,-1.5849817355089502,-0.3695884519532569,-1.5067390881098057,-0.46378821554302146,-1.536699321065934,-0.4977011190200261,-1.4248456592393062,-0.5256812786298596,-1.4352278374337697,-0.3007775203562756,-1.0554221881015764,-0.5053233541213561,-0.9975440145845028,-0.6874987520965179,-0.5866688167016051,-0.7784403876962421,-0.628946505954754,-1.06727715356321,-0.43384388028885046,-1.105499791993588,-0.4283115132208802,-1.1642768361394848,-0.32168585795097815,-1.1909728242378075,-0.34575999587996564,-1.1759945304627644,-0.3460833866464807,-1.1903636089229739,-0.3440950956899553,-1.1454116745119527,-0.3715155927925107,-1.1721416452089728,-0.35623973502596273,-0.14336962889661864,0.0767461480197178,-0.2756210057654978,0.07901074839692628,-0.6294455990894231,-0.4339443452079092,-0.7424813610583831,-0.45503579955593626,-0.6766566966618612,0.5576505845561774,-0.770042855052262,0.4714746685978055,-0.6389285977223479,0.8130726936295907,-0.7471766440406167,0.61810204401972,-0.9672357194707838,0.5882999228273502,-1.00741007122418,0.49892766542202444,1,0,1
-0.6152940092608782,-1.5001045726862576,-0.5770140329185157,-1.5634043299995473,-0.5634162976621986,-1.5628151953112168,-0.5479911636075535,-1.5620883384183466,-0.5945067918510093,-1.5696546566981833,-0.5949150773277253,-1.5720391229689799,-0.5949417691143387,-1.5744877236715,-0.4752182317216898,-1.4991051135652893,-0.5330133641248551,-1.5255611845168067,-0.5947035202041969,-1.4137172231774433,-0.6146492048972269,-1.4233175544556895,-0.43225335253633224,-1.0355381663785468,-0.5315240612902967,-0.9751402140613172,-0.8061279262380177,-0.5657419617043606,-0.8210994234933212,-0.6088679801940879,-1.1969300355760408,-0.39129185878439726,-1.1692532478927624,-0.3808636496153344,-1.2803450816431332,-0.2962211520832846,-1.2553671301618754,-0.31010359973014456,-1.292097376430541,-0.3058867917375732,-1.2604433889687807,-0.3037378557690228,-1.2637759079566973,-0.32858543764436776,-1.234840034098401,-0.3157993304180357,-0.2005604889083974,0.08978731009591118,-0.2923448929558223,0.10895745010011865,-0.6738261315499798,-0.4456286747979218,-0.7397684375245386,-0.4028662083277158,-0.7241497880169464,0.5459482132955836,-0.7742752332536912,0.46422611850906303,-0.7367683301384277,0.8014916711396188,-0.7387721913038109,0.6186998906106256,-1.0332178159790901,0.4956641002161925,-0.9720315909451623,0.4876770773644795,1,0,1
-0.6942018505828923,-1.4836310445685197,-0.6537146117753057,-1.553340537861609,-0.6408911854769492,-1.5499052678525393,-0.6274236962534586,-1.5458423701387967,-0.6695472898681496,-1.5607585066514946,-0.6688940825346386,-1.5624753075376978,-0.667970744434753,-1.5646033596546849,-0.5633784842978297,-1.4776210057359473,-0.6030306161890584,-1.5033112942724498,-0.6775607573603037,-1.3925802321471616,-0.6937349914633303,-1.4022181914301475,-0.530564886995421,-1.0158396278578632,-0.5791113153370457,-0.9433342317035642,-0.9233860569884267,-0.552320070949668,-0.9013744774407547,-0.5334068393916144,-1.30631470714093,-0.34882695630569616,-1.2805625702747978,-0.3191241878746095,-1.389431818497259,-0.24714904383307942,-1.366743552729703,-0.24705710545696663,-1.4081407837438682,-0.2573650780131831,-1.3781495957296537,-0.24222786924932135,-1.3814843390331213,-0.2807189084228675,-1.358791006769032,-0.26012298215039464,-0.2517187579993771,0.09120790629455729,-0.32470522417814796,0.1400877348226771,-0.7599185121020988,-0.47975214681376543,-0.7875788645649162,-0.41189989521931514,-0.779964290994929,0.54436672493874,-0.7448349340576362,0.4639498090883799,-0.7342548535656666,0.8022808088679203,-0.6963028401940076,0.6183019852731481,-1.0238834757688318,0.49256735867669427,-0.9393592376802495,0.5008054820395111,1,0,1
-0.7625998009258831,-1.4324481226468486,-0.7182548575141442,-1.507908522010805,-0.705038963094102,-1.5058516479914537,-0.689872343935731,-1.5037808102133645,-0.7370849243852032,-1.5156813309176371,-0.7379773692135454,-1.5172770301793905,-0.7378762864290558,-1.5195462027607873,-0.6301183309705496,-1.4391072909010885,-0.6731432666757873,-1.4635560406408097,-0.7438804555400351,-1.340413483099923,-0.7619651295552979,-1.3508764163062006,-0.6115492504574881,-0.9869520710762605,-0.6235029693753581,-0.934551892469241,-1.0030001184979203,-0.5380033874779957,-0.972490417814123,-0.5223662020074775,-1.3821685632112617,-0.29647422976376714,-1.3428392042211172,-0.28131551928291126,-1.4681000516051832,-0.18598135476207753,-1.4212803099966556,-0.21478154537175576,-1.4840055142457833,-0.19986306097042042,-1.43981602577645,-0.20505140056648477,-1.4596167592393992,-0.22528525769647043,-1.414909746685173,-0.2080047973260222,-0.28376002351320373,0.09779904756485883,-0.32766900107692387,0.13270201860828246,-0.7779201450034533,-0.4905225298584417,-0.7702932141248487,-0.4317661224179357,-0.7722303458236985,0.5458043742232781,-0.6807580873919469,0.43807953635186625,-0.7260963112703452,0.8065764564894701,-0.6168337299145952,0.5951184385762103,-1.0063411640287827,0.48953215653411025,-0.8513768067751128,0.5194370905341762,1,0,1
-0.8069259612285237,-1.4161730529055048,-0.7678205166705248,-1.4880471141625453,-0.7570563122801571,-1.483585569672808,-0.7457483863106279,-1.4796750375743168,-0.7811308209284031,-1.4983269120551141,-0.7797564410639858,-1.499302521570451,-0.7771656077392803,-1.5002623137307576,-0.6881541837455801,-1.4135577521097369,-0.7131339888231303,-1.4388443891602551,-0.7897020973315427,-1.3207835276420654,-0.8030077058121465,-1.3289725924896716,-0.6615264079908252,-0.9494995401189132,-0.6494649333418122,-0.9276529306412823,-1.0467703234858678,-0.49997550023142634,-0.9998144043363772,-0.5179915911838631,-1.4522551397768082,-0.25411856589324305,-1.390507027920051,-0.2614041879078375,-1.5396334218636445,-0.1609518733038857,-1.4802946144680047,-0.2015466206964429,-1.5510604722882446,-0.17303657969309916,-1.494619206617192,-0.19542456286125454,-1.5238799541190375,-0.19444734689579754,-1.4641442299706096,-0.19865995340343898,-0.30189363247059114,0.10139724868804756,-0.32747202557756394,0.1249218571028232,-0.8093079560375965,-0.4868919525866756,-0.8037281369045358,-0.47058549528144383,-0.7695708058630807,0.5384787145287636,-0.6801604879472137,0.4212637107854289,-0.6783963585690064,0.7673761078012903,-0.6102230640966783,0.5686488363717569,-0.9731814385120031,0.5217081167118657,-0.8426849230398684,0.5314553146030285,1,0,1
-0.82402662275859,-1.3823245927929393,-0.7900063342697009,-1.4530791436757946,-0.7800750124801401,-1.4499783242244526,-0.7685646737954592,-1.4464683542847914,-0.8015386689637205,-1.4584772485856377,-0.800032807335615,-1.460220617685368,-0.7973764802752378,-1.4617125155547361,-0.7011674183042983,-1.3915354217035678,-0.7297765649227529,-1.4117336897847357,-0.8036186511501864,-1.2925615355025912,-0.816683539258925,-1.299889666658829,-0.6650049903665983,-0.9402001710920417,-0.6588162030648764,-0.9224774426461799,-1.0516017840090643,-0.4939111510274808,-1.0185752702791795,-0.5118589060632638,-1.4652418061219992,-0.23771621587314096,-1.406044119190769,-0.24857137005493196,-1.5575855019574436,-0.1440206304749627,-1.515310902031449,-0.18502934770619986,-1.5713047095574688,-0.15062091615364104,-1.5270462673060512,-0.17265844604940944,-1.546964642347037,-0.1754719580753989,-1.4962305996608893,-0.17880521850183245,-0.29204115031000877,0.0907192983118288,-0.32397960301613943,0.10250199207843519,-0.802632537922525,-0.4858109352288332,-0.7926947903324831,-0.4673901424191795,-0.7377119342244456,0.49658842690076743,-0.6675849492597206,0.35900412992500136,-0.6473698752388333,0.7102349241701531,-0.5966265645712229,0.4998292546587435,-0.9406236374979728,0.4908566128717137,-0.8197911552300065,0.49248926048623287,2,0,1
-0.8022751645573123,-1.382168025692758,-0.7657968838113538,-1.4515115572911454,-0.7553089888416693,-1.4503825317893249,-0.7431620016170246,-1.4493251786774846,-0.7793142965616584,-1.4541110407318831,-0.7782290777188862,-1.4551019115233623,-0.7763122120061687,-1.45596043553955,-0.6779650884982622,-1.3947543152387483,-0.7133097097516685,-1.4103261305466808,-0.7804795907642709,-1.2927714861759994,-0.7976369723408907,-1.294245342374786,-0.6311840252657065,-0.9433365795922015,-0.6619104731426513,-0.9112329096698574,-1.0193456248983825,-0.49514910620476305,-0.999660679417178,-0.5137373405461814,-1.4214372478160953,-0.24694786684878958,-1.3834649684583038,-0.25423521888659045,-1.5110945883312223,-0.14799869526504755,-1.4805123502458417,-0.19606862578638878,-1.5264675745435023,-0.16621831109041144,-1.4917949437327056,-0.19273314104440412,-1.4998573461669842,-0.18997375403015848,-1.4630193441671757,-0.2055914149530613,-0.2744623845095387,0.08153682942447707,-0.32306540932463074,0.10237001602240231,-0.7914222346910724,-0.48360083058262704,-0.7895864329228847,-0.4656586363357218,-0.6893095921012987,0.503750722975361,-0.6682463124169191,0.4023051279047498,-0.6313439288392145,0.7056123021625893,-0.5945302707373822,0.5114048399329237,-0.9341185030956478,0.4929805870768572,-0.8619649195176837,0.4918016998347657,2,0,1
-0.7429015095513717,-1.3807451433920177,-0.7060979844426055,-1.453254432098531,-0.6944517153631343,-1.4529240594526474,-0.6816848855382452,-1.4519941719791947,-0.7208293791914748,-1.4520066528608981,-0.7197545404879411,-1.4521019894968807,-0.7184644374682938,-1.452813955832867,-0.6206427467227952,-1.3959913436178841,-0.65658447312859,-1.4125217153552616,-0.7203711701879449,-1.295101951008138,-0.7382213024856512,-1.294372375507372,-0.5225185490623449,-0.9610153160193856,-0.6048135286763641,-0.9075168198224596,-0.8727451884092539,-0.4876162144447362,-0.9209386920167683,-0.48901086029528595,-1.2919998772655503,-0.2795118465171285,-1.2819233570997361,-0.27953038248005446,-1.3866655113901876,-0.1976004377625907,-1.3747589973912357,-0.21574615688242307,-1.4023641126845336,-0.22409599031514038,-1.3874815880512748,-0.22149947262847092,-1.371831180260536,-0.2419565027520852,-1.3589862522451857,-0.23034730559846583,-0.19885518031920843,0.07210103571047045,-0.29129106167693797,0.10221456107999653,-0.7075860515463022,-0.4834167066842291,-0.7543218870293185,-0.46169577103523624,-0.6703015799861504,0.5204852374510965,-0.6700420765051868,0.4500342438544256,-0.6247668749007367,0.7178457905475552,-0.6121293025239847,0.5877895659814553,-0.9311586805356294,0.5026027290048128,-0.8967079869875993,0.5112449363594157,2,0,1
-0.6122457083711598,-1.381566842628526,-0.5681797929879998,-1.4558989579291788,-0.5529108553142775,-1.4578142171917758,-0.5362329373120094,-1.4580695809743527,-0.5928447338419809,-1.4529496390814851,-0.5956604701835215,-1.4533010191520184,-0.5980229404449791,-1.4541462590614425,-0.47512925909964515,-1.3968265741073282,-0.5508597892299761,-1.414153868677436,-0.5876746830626702,-1.2963473205705907,-0.6130531349162149,-1.2951071410777573,-0.36899307682407484,-0.9660861376104993,-0.5513669331756307,-0.9089351917055546,-0.6858015993310164,-0.4586422800758986,-0.808473096267411,-0.5020559767102369,-1.0853280921259476,-0.2832598182207591,-1.122744910461391,-0.325395521997895,-1.1776984797480055,-0.20295807248671224,-1.212218250651206,-0.2836317732101401,-1.1906087779259413,-0.25143208699983954,-1.2140068475004757,-0.2937971424249128,-1.1564164757010993,-0.26967172166516346,-1.187501903393377,-0.29720281667984383,-0.09600011062770662,0.06941455681706696,-0.2309676239306708,0.0752748868557407,-0.6033318873731484,-0.4664717472427409,-0.7110678468223158,-0.4619792476949173,-0.6735201645886153,0.5539221374001623,-0.7382069680076551,0.4833455935479395,-0.656871409834684,0.7627574401324839,-0.7073028220327934,0.6526263871271092,-0.9891568435193772,0.6263836651088698,-0.962758048693301,0.5514336225908081,2,0,1
-0.45904053757225044,-1.382399230936988,-0.4228608094024862,-1.4568746910176018,-0.40890990226588636,-1.4585162976808685,-0.39365455763164314,-1.4593284817897412,-0.4468554898370644,-1.456926962433053,-0.4492928453887429,-1.45870449949111,-0.45084665337428365,-1.4611233190798627,-0.3253144394929814,-1.402197245792041,-0.397939577967782,-1.4203996231718838,-0.4283919407395948,-1.2964392589467035,-0.4539100301805151,-1.2962487092478245,-0.21204364151412017,-0.9663730743165934,-0.42050278777213085,-0.9226962905817925,-0.5491782066733324,-0.4756835029515157,-0.6777688544374193,-0.5604426534769129,-0.9153712301923247,-0.3876565857353566,-0.9680416631388048,-0.41556198362805535,-1.00371375307057,-0.3222597313631661,-1.0535915578426238,-0.3965842469190194,-1.0151404327759115,-0.36277242622650435,-1.0544759704203648,-0.3948896891883275,-0.981877894451436,-0.3741993530780184,-1.0210977676872313,-0.38654022647486874,0.028642624179321553,0.06412340441330658,-0.12291828313496833,0.05095619778921662,-0.4613150237963528,-0.408659067461339,-0.6353111191977161,-0.4536232356078914,-0.6730142563738225,0.5902350773568211,-0.7334765902689483,0.4974816131676267,-0.6555397862580825,0.8063159644238171,-0.7185326498118613,0.6704448847147552,-0.9891421383221225,0.6428455773565073,-0.9563019728061867,0.5675406329349565,2,0,1
-0.29005112933027694,-1.3831743431200088,-0.2572948699398527,-1.4582591420885422,-0.24159762794945439,-1.4590396297008117,-0.222915107343286,-1.4602269816993059,-0.28678781127061737,-1.4592202317662537,-0.2918426919336148,-1.4624685974824863,-0.29613141946233884,-1.466437332504565,-0.15327425889956606,-1.4071630302599076,-0.24433773756225702,-1.4264010736749673,-0.25761393564835167,-1.2967667276250623,-0.28843578194782205,-1.2967759956065252,-0.04070931038892567,-0.9847708825322189,-0.2620507037343111,-0.9774522665036162,-0.37607010746920905,-0.5863907772577156,-0.5505147731733808,-0.6911333022674255,-0.7458808566590055,-0.4951856838382703,-0.8101168654596858,-0.517800917911898,-0.8237389446139789,-0.43722681709592565,-0.8898275611225666,-0.5039287268311904,-0.8283075651828852,-0.4707369958850921,-0.8905363763448556,-0.5020496744828421,-0.8028047988046503,-0.4789318686677483,-0.8585367549610693,-0.4958796702902185,0.14413946773250524,0.020640259704538977,-0.0026134579449611363,-0.05791267971398594,-0.3806521975045081,-0.3125992817784968,-0.5005032623220876,-0.3893185201712988,-0.6403781100231585,0.5893493054751322,-0.7177148431275676,0.49738769762213514,-0.6329963481475214,0.8055280624263774,-0.7114267030645626,0.6742820761866027,-0.9325669194256582,0.6172066334373096,-0.9436859021464288,0.554868460094076,2,0,1
-0.13145397048928997,-1.3885705326470164,-0.09594771563916922,-1.4654953966552104,-0.07713321897696797,-1.4687703923715134,-0.057562702173559605,-1.471306173886329,-0.1254725388261666,-1.4627506530516763,-0.13093372779650117,-1.4646643676506963,-0.13640504975990195,-1.4676061485401335,0.008031621990335571,-1.4276111631213173,-0.09043734458053773,-1.4366232247228363,-0.095713421067785,-1.3082561824581798,-0.12760812890141035,-1.3113425438584396,0.12061461217155724,-1.0324784967649006,-0.12593939794572862,-0.9994268976985224,-0.15088509685149507,-0.6847552009976865,-0.3767551966589528,-0.780680168443514,-0.4971366371623873,-0.5983624142730807,-0.6007230123778616,-0.6306172140798145,-0.5975219751536333,-0.5317900091321254,-0.6937075582381999,-0.5841920413354375,-0.6086277355541834,-0.551962450438283,-0.6832757654496379,-0.5929324892935479,-0.5783031473534737,-0.5618181454991058,-0.6478288256808802,-0.5885738193980499,0.23257306397525998,-0.013316141498798591,0.08570966395875484,-0.08504512795267183,-0.32781630019564223,-0.20636201671843682,-0.41298484835553095,-0.30607561141324574,-0.6329333258735731,0.623889713083724,-0.703224415896736,0.5035072839956001,-0.6321642069852317,0.8413783447484041,-0.704790581190894,0.6915593236568104,-0.9277287859558084,0.6156137763565381,-0.941910033325035,0.5056231023770561,2,0,1
0.012478028777016549,-1.4024175766046876,0.043032462918008295,-1.4681593234603874,0.06003414240604997,-1.472419258460033,0.07858987702580472,-1.4760440895832923,0.016778866468185598,-1.4675289153612752,0.01273604938094601,-1.469642385854094,0.009251041204691857,-1.4720481684822553,0.15699032725599202,-1.4388067611555153,0.052820439927608286,-1.446029793401963,0.04820869235162768,-1.3159473713415946,0.01865099872370827,-1.3218329102898476,0.2872482230987265,-1.0714540660093315,0.0007825776092483747,-1.0202497041572092,0.027888334061320866,-0.7175114603881108,-0.25012046370281404,-0.7636725574473359,-0.3071462300714655,-0.6442007384312217,-0.5098770223468354,-0.6364775441184882,-0.3964937728595566,-0.5756699470205948,-0.5868348803690377,-0.5995279556218656,-0.4160427879459708,-0.5911878844629559,-0.5865746354495571,-0.601153683143559,-0.38809030870744016,-0.6023549371142478,-0.551835522318399,-0.6042309001354419,0.3207288679202976,-0.03919284003579329,0.14498100044934414,-0.09998387834013954,-0.22334514168316846,-0.10454545524313386,-0.32475934918989174,-0.18092227261415025,-0.6070882620466387,0.6353407366870417,-0.6880862185481849,0.5057246794538904,-0.6320307480521646,0.8349480956362999,-0.7008201779321519,0.6938983150318951,-0.8869506561033703,0.5534342708559509,-0.9395935322516338,0.46818688306708367,2,0,1
0.14475016592437276,-1.3642140302161232,0.17539184266420274,-1.43530871601867,0.19244492855609244,-1.4409206641541357,0.21133307477765284,-1.4475653125707502,0.14369213316055857,-1.4297015254470218,0.13774258335366785,-1.4293696081375609,0.13205006556601717,-1.429604520574376,0.28305489399252803,-1.4313365209501783,0.17006707838100327,-1.4214829266318203,0.18538322097364368,-1.2809885452632206,0.14953862301358092,-1.2787732505473952,0.40700537237081447,-1.0669873932365181,0.1079772869409776,-1.0244441454211832,0.2121968506500029,-0.6971400664132145,-0.09309194161770856,-0.7517508439587848,-0.10897157748329837,-0.6606103792634079,-0.37443795414703457,-0.6169030729763223,-0.20176853939882577,-0.6074926117449813,-0.462852767280691,-0.5749273963457806,-0.2195756682625438,-0.6368504876925587,-0.43970307960936456,-0.5849452192956626,-0.18723832163424636,-0.6437168262257678,-0.40764154810940556,-0.5900528656664559,0.3536413236916447,-0.025782688724286993,0.18093014124030934,-0.08926836174572415,-0.17486000559228557,0.06506330130673928,-0.27936502313037076,-0.08854298772988799,-0.6130706822944515,0.6706767078244159,-0.6826000678144433,0.503449451791271,-0.6377353760022603,0.8562965820035671,-0.7063671266242906,0.6884593692170716,-0.8797048246225236,0.5576540446025903,-0.9387097375393237,0.4119401214336675,2,0,1
0.21182711997617296,-1.3108933556902003,0.24065153091074112,-1.3807709083804849,0.25974456130917656,-1.387147650346276,0.27944754846096254,-1.3953124948689921,0.20952544767311254,-1.3724801428829583,0.20442904645316098,-1.3710255640856146,0.1992575127968162,-1.3699148274005475,0.3496212440522609,-1.3949001932669756,0.24420895291549272,-1.3715442003282832,0.25930068678364276,-1.2344332500591033,0.21667464500057187,-1.2291598921797517,0.4960892101930121,-1.0349618215046354,0.1973522629541991,-1.0062396055123324,0.38779124034792933,-0.611611920572562,0.004091123418447321,-0.7046295840199945,0.07022397909188492,-0.6895278407318645,-0.22526349027291986,-0.6318627072153533,-0.010110884229256292,-0.6542467360447511,-0.30710940529178593,-0.6065698915105265,-0.011996115231913313,-0.7011432165397925,-0.2934995598730239,-0.6249281563385767,0.019289624433050923,-0.7093165876054546,-0.2616078177934667,-0.6246429496556891,0.37414803019590054,-0.03252038767478985,0.1966202159917096,-0.09634885243727123,-0.15363459801884685,0.1542195529574344,-0.2358289891407211,0.05320028503412036,-0.6070000308631112,0.7144806482648889,-0.6823366099947222,0.5031370590294254,-0.6390106502515668,0.91276948238468,-0.7248823292717805,0.678210464596046,-0.8757163796932003,0.5881723954024195,-0.9384181050559551,0.40938018138050525,2,0,1
0.2068355087332962,-1.2869710890841195,0.22787654526216464,-1.359116516838396,0.24165618010132853,-1.3714378656876312,0.26022847351463047,-1.385173199575402,0.2014558779998359,-1.3448335688192492,0.19757098731672554,-1.3445446549437765,0.19426343009221597,-1.3442641440381635,0.3421762127565032,-1.395573543013533,0.24486611458776134,-1.3602348532682629,0.25205979822624297,-1.2266325754213392,0.2221687044118285,-1.2205765056141673,0.5226675567132978,-1.0533335557990784,0.228375780530304,-1.0068415300150817,0.5597552999202621,-0.5001885402319888,0.1378360046068147,-0.555715117919188,0.2257651755118108,-0.6871784692175412,-0.03367775463950315,-0.6288037790402241,0.14315656740508428,-0.6313689091630056,-0.09663873633704928,-0.6061828606046323,0.1452096106587644,-0.6825764839153683,-0.09577075897976933,-0.6348366171071955,0.17070323262862244,-0.684117440299947,-0.07512713349603364,-0.6260613215387841,0.35597092351218024,-0.0714071078702623,0.1818922812892532,-0.16012665223442163,-0.12451015163105038,0.1696105808402957,-0.2230347260907016,0.052408428697923046,-0.5787302159392879,0.7470416621791597,-0.6779388910039934,0.48362907020762064,-0.621787527793103,0.9430555157825038,-0.7151447700813393,0.6375732080618451,-0.8346238799095377,0.7260762523790292,-0.9380513401361933,0.39153029622897134,2,0,1
0.16005617552394696,-1.3557931422588565,0.18447792454433945,-1.4295583660266902,0.19951330908519452,-1.435061755205953,0.21816320639661319,-1.4424126238100468,0.15710376734909895,-1.4187725981327854,0.15308788919464508,-1.4170330597987266,0.14945261614560443,-1.4146907937368582,0.2966647394112901,-1.4335330325569053,0.19743110258317756,-1.3956488608095554,0.20470189582743123,-1.288524649923488,0.17195749945327957,-1.285160496225511,0.47706340355345483,-1.0685901361641834,0.17639476183158373,-1.0123207606559976,0.6266948407002377,-0.49358145803357095,0.11659947545562042,-0.5260478149638331,0.34548920719680437,-0.6752556435712146,0.004728513396928241,-0.6155674950609633,0.25304022709194046,-0.6520902621179441,-0.0404223736828317,-0.6053672782358899,0.23940986854087368,-0.7109960694196333,-0.0348541704198712,-0.6297772878130958,0.2595923192670113,-0.7112354304875507,-0.009604728868291217,-0.6245936439943061,0.3472409792663944,-0.043256170255337616,0.17281781527921677,-0.12844622013222048,-0.11899978057241889,0.16340202184478614,-0.23243987367933727,0.02365865590740345,-0.582321496969651,0.7587731966880904,-0.6667693668909781,0.48617887726771664,-0.6099428003372377,0.9380663760013505,-0.7140148177813723,0.6459615962974485,-0.8232545381161803,0.6271456167582131,-0.9215380214847078,0.3937573303879832,1,0,1
0.07628696899188257,-1.3758390447247728,0.1054709776072145,-1.446051233332414,0.12216842015709797,-1.4501261176355156,0.14039372034442582,-1.4561007527788996,0.08476284697249645,-1.4401503095349326,0.08295447842943911,-1.4391234171888339,0.08136681141828694,-1.4384751527787698,0.21500863265278594,-1.4360863614499573,0.13865010409852319,-1.4079781801228486,0.10738932619696591,-1.2980373060970942,0.08419688223782358,-1.2950585768548912,0.41104448226546886,-1.0399840788728831,0.11542083535970127,-0.9814502265605749,0.5429716033562297,-0.39752229021615954,0.06617523049650903,-0.4452100091819673,0.21951830885958756,-0.6741913085800055,-0.04785504766997214,-0.5418505883698232,0.14158718921068575,-0.6650540674421931,-0.09584564426999023,-0.5403118563007956,0.13389056311147954,-0.7266891099251017,-0.05088110540417935,-0.572188769610012,0.15731433588793792,-0.7218989228126872,-0.02629945281027888,-0.5709626774490024,0.3435426839434055,-0.029375699777856448,0.16928584933021684,-0.09452071220042618,-0.12996392621621458,0.14596561223958743,-0.23610529856140416,0.008940854198013265,-0.5506175859810769,0.753641947857838,-0.653280128804321,0.4857505729510406,-0.5939400856778194,0.9344375287527908,-0.6837307615529273,0.6543838435586632,-0.7748933458307291,0.6123670170904258,-0.9169810167859019,0.368465626840932,1,0,1
-0.05559962012661352,-1.3460779497970123,-0.0199433475498786,-1.4182303594306578,-0.005495429460690494,-1.4190358705928772,0.009351135404492079,-1.4201251673474933,-0.0402224324294036,-1.417847900728952,-0.041473486353820206,-1.417618734440644,-0.04187089739895294,-1.417792231053631,0.07959131331615164,-1.3797711403268014,0.013103555739224849,-1.383826191149572,-0.027453872581308107,-1.2607010574138358,-0.04914515068961945,-1.2605395473902075,0.25074522773553337,-0.9688161142302358,-0.041699130809172306,-0.9474666392782793,0.18748297485389723,-0.36444869514044265,-0.24461973134490406,-0.45947021975325847,-0.1663537286324731,-0.34635685388618176,-0.4525957068359779,-0.4655044171241778,-0.24362101366245295,-0.3102681990809271,-0.5052907308266064,-0.4488583809781423,-0.2562005066887036,-0.3675506267495602,-0.5044304150006692,-0.4584752092633925,-0.23335728027108646,-0.3820637914282477,-0.4858573801488502,-0.45965508509017344,0.30654564338169227,-0.02923334358258502,0.11930449031194988,-0.08932990114263838,-0.15499563198995753,0.020951663881695223,-0.27406126627182076,-0.08755860452543296,-0.5544752905852292,0.7318715829743759,-0.6551092576258554,0.4802204301986215,-0.5939316827079596,0.9070154252001151,-0.6564129536849818,0.6800054872457966,-0.7879438994614716,0.6085041224166543,-0.9103359976500289,0.386558950972227,1,0,1
-0.2127003088940441,-1.3111605207025065,-0.17531080021064507,-1.3730401761094948,-0.16051910179572337,-1.371637683367973,-0.1424989329314429,-1.3699677166814297,-0.1989950650527564,-1.3788867895356034,-0.20177669522251318,-1.3815099990088862,-0.2040089194511443,-1.3839431530756348,-0.06606082330968463,-1.3126978934675864,-0.15586187932403106,-1.3457064890999761,-0.1826851477011118,-1.2174821119633064,-0.21020487399186424,-1.2292088271218764,0.047187237221320726,-0.922337557912632,-0.17149857050220452,-0.9239543881721209,-0.2561963052037737,-0.3823056239578885,-0.4576592376150074,-0.5349152960545296,-0.5981324261993285,-0.1595923222098091,-0.7422431121482413,-0.3222043706205605,-0.6658850778863232,-0.07899152960722333,-0.8001766464079205,-0.3079077059888483,-0.6861812158517402,-0.11128587280153251,-0.8068384714835131,-0.31563225960552965,-0.6703361804502788,-0.1258262235591781,-0.7779925588319507,-0.30105557836054914,0.2338658856028031,0.0271014020881864,0.08928438619557068,-0.07530806305457516,-0.22276508961667185,-0.16517584853545506,-0.33968722514577626,-0.299026755431759,-0.5554468221887221,0.5658027010510178,-0.6071737746222705,0.40861130963833614,-0.5660412371586879,0.792703894689504,-0.6065447876136494,0.5818985898174105,-0.819064916202567,0.507051360107045,-0.8633690804958689,0.39520437122707036,1,0,1
-0.3801499964823006,-1.2123621082838958,-0.3471189105482273,-1.2888233260727684,-0.3336568585405283,-1.2907038612981507,-0.318233701655262,-1.2915425518340078,-0.36450762094216316,-1.2945298076191565,-0.36523447783503343,-1.2990641984431928,-0.3656902153768399,-1.304819120639361,-0.2441548493947208,-1.2361059353535424,-0.30361253409925915,-1.2699093530761978,-0.3491692351940116,-1.1289533644441982,-0.3730361410574868,-1.1394667154696345,-0.12669171089435052,-0.8810247273163228,-0.251812920691041,-0.9087514385264152,-0.5100196256882791,-0.43751857315238035,-0.6141697413228752,-0.5483065406838513,-0.9155297744618849,-0.2420331180655125,-0.9372997686260884,-0.3165237158491825,-1.0055313895950901,-0.20750185486529762,-1.012504618847839,-0.320175300545598,-1.0110743839484715,-0.2433096280456808,-1.0182668318560912,-0.3106843932351582,-0.9851507276387309,-0.239326620332149,-0.9911363607867842,-0.30208321214516476,0.185606888259617,0.025817724869020096,0.07723156166258986,-0.052302955894071274,-0.31618560132502876,-0.24594025190413402,-0.41921639194506877,-0.34757862098917536,-0.6160203718614037,0.5246325973692385,-0.6447721218213021,0.4124882916439314,-0.6108950545392876,0.7858171665970763,-0.6302040906923537,0.5912162476610356,-0.8923601915236845,0.3738551434212862,-0.8701916741565726,0.417170723025203,1,0,1
-0.5332825063065402,-1.1719053920285938,-0.5023066879416981,-1.2473285958936122,-0.4900541693014615,-1.2500185348334287,-0.4767532565981322,-1.2521321288993337,-0.5198879252038916,-1.2435302063708231,-0.5208260920741179,-1.242879841218294,-0.5212788638618562,-1.243113270778075,-0.41265960399272333,-1.206527481447146,-0.45832134221072296,-1.2185942697388643,-0.5062049245181152,-1.090342212230892,-0.525707970416473,-1.09177986151543,-0.3012137333504667,-0.8721945652976505,-0.37492532639890136,-0.8589985661444822,-0.7057715043489362,-0.4737577399765939,-0.7314030338829635,-0.5351345147094007,-1.1014386860895948,-0.274735252444193,-1.0580726886665195,-0.334662391303103,-1.188983050404248,-0.2261737481860551,-1.1393908230343401,-0.3198624134914077,-1.1994368392021486,-0.2626782264262823,-1.1486198789751791,-0.320379443283956,-1.175124823082278,-0.266973132609315,-1.1250789589130286,-0.3148759923181502,0.09797849424636626,0.029276782697177893,0.01622056326485547,-0.01022211856719617,-0.4224614211879747,-0.35370586889398303,-0.519555513602086,-0.379351485759834,-0.667555291719039,0.5211176845061305,-0.6952643319778087,0.41400774631151604,-0.6255275908192184,0.7746399809527182,-0.6664263280037614,0.5621926369115564,-0.9394529060795688,0.4082447918647467,-0.8959135356165925,0.4288239121975,1,0,1
-0.6766463165226226,-1.1673874364250187,-0.6465372397841989,-1.2450791950060032,-0.6362821565088644,-1.2455534685107355,-0.6251613201918013,-1.2455319667937415,-0.6578518387003814,-1.244184649435196,-0.6555897097848965,-1.2454150666542216,-0.6528602274575047,-1.2465361216919841,-0.5549406668277571,-1.2040137577282124,-0.5858811432899537,-1.2128440433199708,-0.6489726181664985,-1.09112887849747,-0.6632359180649441,-1.0897216281921305,-0.45248226674287095,-0.8514379940131527,-0.523070426465194,-0.7850049793134005,-0.8771572418779787,-0.47771998741164856,-0.8956566271704385,-0.48563051852302047,-1.2434426980654285,-0.26061603876422534,-1.2406642807959123,-0.2500829160450015,-1.3233107022670076,-0.20340417132779717,-1.3106912951339231,-0.21494342611464254,-1.3324953954699106,-0.2196822068232091,-1.3150399556094412,-0.21317929673643515,-1.3088253415327091,-0.22556502716356636,-1.2921428513262527,-0.20565493151935427,-0.00988820552797234,0.032873500943332544,-0.08163177360601401,0.03914681223599683,-0.5101046439715662,-0.38115713569499554,-0.59207882785388,-0.4068810978974803,-0.6923539386522595,0.5346603061660143,-0.7022926748269908,0.4448669116830107,-0.6409388846882121,0.7785149857889347,-0.6662642001147023,0.5943685970893118,-0.955978087747327,0.47279171055023855,-0.9191488594366368,0.48299464598320785,1,0,1
-0.792538346805388,-1.162423752699617,-0.7646790416738318,-1.242652837458994,-0.7541239229452692,-1.2433578219156116,-0.7418311194789402,-1.243449513145552,-0.7779871216161591,-1.2419899914247614,-0.7769402104301005,-1.243082501079618,-0.7749561209585051,-1.2444529266052777,-0.6680915989130304,-1.2065341543937993,-0.6960534697061102,-1.2168663472749057,-0.7626942107637193,-1.085263481962263,-0.778073375630308,-1.0848813939798159,-0.5812666771060773,-0.8426465103704527,-0.6189567155350493,-0.746834859444646,-0.994109282093937,-0.479571235815608,-1.0020665238318822,-0.450379318522761,-1.3847147866518588,-0.2468191036929972,-1.3786653897913401,-0.21665071187321028,-1.4750947825749263,-0.15403499337843182,-1.4558915249836244,-0.15604009027467677,-1.4822175352619444,-0.14747523967201825,-1.462234284350718,-0.13928679268984304,-1.4545491505485257,-0.16894878200249258,-1.4315342811142142,-0.1480090754042861,-0.10428692178647563,0.046754960005503096,-0.17588541506135005,0.08767643463790205,-0.6070408099815482,-0.3764802651026017,-0.6747257436173202,-0.38402007695545426,-0.7140701785239778,0.5639127742710862,-0.7044304892177856,0.5159604853277817,-0.667194705453586,0.8039122207515778,-0.6660417685595907,0.6364954036042433,-0.995137904463242,0.570728324265878,-0.9249120610295785,0.5316831833739317,1,0,1
-0.8714563211204683,-1.1687130049203975,-0.8429754433654614,-1.2462342326424631,-0.8314951329407206,-1.2468167561706833,-0.8186827046470336,-1.2476078710683636,-0.8583591804362385,-1.2465663970980965,-0.8572691422431055,-1.247543983782812,-0.8550732485018092,-1.2492967444370915,-0.7456754781897857,-1.2149224190563164,-0.781146391137261,-1.2262630918936817,-0.8396577531478856,-1.0869357965374438,-0.8559648283185483,-1.0859904624282195,-0.6499663929255027,-0.8450776872678225,-0.6991257437745462,-0.7555950790965442,-1.076816748669602,-0.4801250903878359,-1.075179899570153,-0.4458597564690655,-1.477842059426727,-0.23393833948265652,-1.4674376998632954,-0.2230419118900837,-1.5739050580098097,-0.13637417504874275,-1.547675681884877,-0.1621505322397649,-1.578995527721625,-0.13380261912548025,-1.5525982157725828,-0.1466472999946584,-1.5464790001183766,-0.16313343256718585,-1.5243442182037898,-0.1590802353407077,-0.19692150866677155,0.0553005332067186,-0.26150970076304525,0.11586642134805744,-0.6997878483702616,-0.4000531905940711,-0.7273453880253831,-0.38990252657655294,-0.7014706666577671,0.5642622389587838,-0.6991949447028031,0.5216035738809631,-0.6438005902178091,0.8221496311013505,-0.6419726971271363,0.6499535012731847,-0.9774138167134323,0.6187058221187618,-0.8797171819311409,0.6563649672761905,1,0,1
-0.9191858077894026,-1.2113599305550318,-0.8875791488196467,-1.2804552038232975,-0.8764061646602185,-1.2796608760253767,-0.8633212577115199,-1.2786265692941077,-0.8988365333969313,-1.2858023348350942,-0.896066766243447,-1.2877876600375515,-0.8918524297125993,-1.2902759277007334,-0.7908305667544756,-1.2405218195879386,-0.8157746592101218,-1.257508917451812,-0.8932632636374377,-1.128376401704856,-0.9036083081195061,-1.135352720284759,-0.7036420929280011,-0.8476067340494414,-0.7546906291184591,-0.806231622617701,-1.1377325957909832,-0.4822589504398732,-1.1491055212038395,-0.44791267614965946,-1.552152858370015,-0.2260929313876979,-1.5517084895521365,-0.22275027940671516,-1.645089457872918,-0.11987222512118516,-1.643596200699602,-0.15615031746754318,-1.652938696733548,-0.12301172294849928,-1.6459956193138254,-0.1345470233965871,-1.6300885502231053,-0.14263290471723863,-1.6237879292783968,-0.14008260336479791,-0.26314086550053034,0.06898773537742502,-0.32754468655223373,0.10445370540145335,-0.7988460114160084,-0.42159803459526723,-0.8195504348581413,-0.4233233620244163,-0.6804143070662133,0.510572698770634,-0.6849536408136965,0.4145378748511987,-0.6126465794627054,0.742114308941093,-0.6035313343342318,0.5417472226580424,-0.9328717742292473,0.5661202838824827,-0.8285356810999607,0.5728752830650498,1,0,1
-0.9316381441099811,-1.2512491991986268,-0.8972769174763404,-1.3120685357397066,-0.8863760412526653,-1.3115759734182206,-0.8745973018248165,-1.3114851471998834,-0.9078196788962858,-1.3172523031315826,-0.9045742789341212,-1.3191376577073257,-0.9002372343287035,-1.321481962725116,-0.8073500640602698,-1.2761903259002048,-0.8296852815206291,-1.2869961744206126,-0.9088663429361721,-1.1662390717352118,-0.921708058051282,-1.168300641531838,-0.7469502581467475,-0.848283173123153,-0.7521455178356377,-0.835519926917763,-1.1608335956663574,-0.4821835708573076,-1.1451786156714303,-0.448756062462791,-1.571145670995564,-0.2272718186297894,-1.5456095398840624,-0.22712303663403696,-1.6551490485259266,-0.12175399607742933,-1.620993447507678,-0.15741793018550698,-1.6625141280349303,-0.11562897248817278,-1.6282453340697471,-0.1431267027695864,-1.6415440224575253,-0.1346389617726999,-1.6172118639246083,-0.14745225507799006,-0.3071454886329485,0.08615772140883447,-0.3428017612096834,0.09967933564406893,-0.8532244715595733,-0.423695069867625,-0.8622081113512725,-0.4481661245494005,-0.6818472605734767,0.4980362091783716,-0.6832374577929242,0.41700983086700566,-0.5985441717224573,0.6818316503132629,-0.5991284252738838,0.5316349898703242,-0.8835726622197421,0.5646070078692067,-0.7934728064830291,0.5550785343405703,1,0,1
-0.9299437099523753,-1.261466469109592,-0.8950700257303748,-1.3221535824484667,-0.8840469357244745,-1.32147504263229,-0.8721845373172864,-1.3212502631885412,-0.9055377782870131,-1.3270796999556718,-0.9023374825013017,-1.3284637185208106,-0.8980336790560646,-1.3303842914261133,-0.8039644086452987,-1.2832584592831344,-0.8283389527467732,-1.2946169266449086,-0.9062858897507051,-1.175876536725853,-0.9200429107150994,-1.1786124448537258,-0.7375977526928217,-0.8593228219226005,-0.7562365284264847,-0.8404749605271326,-1.15752047765297,-0.4753840853637182,-1.136636873235886,-0.45052575262987615,-1.557121732165036,-0.1961402981763692,-1.5201371724850261,-0.20497280808367868,-1.652685248333807,-0.08605422577436148,-1.611488205719242,-0.12745442254259506,-1.6586346745676115,-0.06753136159552876,-1.6156845005795086,-0.1012149134245961,-1.631740969531412,-0.08969221743129795,-1.5924732735112679,-0.1105404799457363,-0.3144958629446976,0.08551514136073429,-0.3507618451286107,0.09773701387559992,-0.8625570817466254,-0.42423545497346,-0.8576643289726871,-0.4450418262116857,-0.7261403032890229,0.4975933232375272,-0.7130640464563563,0.4331623161068657,-0.6328846380776209,0.6957173108603634,-0.6242505865467054,0.5194464820887253,-0.9419312878958568,0.563807737147839,-0.8187347289163125,0.5342708037983968,2,0,1
-0.9139818979844804,-1.2621534118956284,-0.8794800451787748,-1.3243005412476385,-0.8680615212971206,-1.3240912084396612,-0.85547782678594,-1.32424752839367,-0.8905867941640142,-1.3275700379616067,-0.8876776365693267,-1.329207875645745,-0.8839257105269387,-1.331285757089746,-0.7874162423835124,-1.287829551313764,-0.8156896409268347,-1.297753087998896,-0.890744349848885,-1.179499823185535,-0.9055510006072336,-1.1784546420226827,-0.7248964166036043,-0.8446331948768577,-0.7545566758930474,-0.8613774716264009,-1.1369288764385133,-0.4320166050636086,-1.1263770941832771,-0.4920964802570286,-1.5559255446908802,-0.15513108665278735,-1.5158491863948191,-0.2067500362090204,-1.6497519939873158,-0.053760871164741666,-1.6086268709089036,-0.15043432079351965,-1.6533796055050136,-0.06620270377299545,-1.6152927738963399,-0.12966242644633627,-1.6288402149065844,-0.08261469249381903,-1.5896364061719916,-0.13193715981661094,-0.3023948449081093,0.09344013052318842,-0.3422634768463133,0.07541823163570151,-0.8602437935734646,-0.4359594515241342,-0.9008822858385271,-0.5182818643632837,-0.7100607261700049,0.4995650554005054,-0.7107554540604702,0.4151510445047897,-0.6302325125021735,0.6409425518294413,-0.614550099282116,0.4892635086447699,-0.923893818799512,0.546140493017669,-0.81749516728891,0.521867525993029,2,0,1
-0.8587680837783853,-1.2728795557754546,-0.8203241259506712,-1.3426751177230634,-0.8092617397033678,-1.3433889994418855,-0.7969934037081011,-1.343033232526793,-0.8305911958153642,-1.3452527287275484,-0.8281086125141465,-1.3483343943505335,-0.8253269823443896,-1.351937414824083,-0.7360760737096859,-1.2992071725038952,-0.7632431224125003,-1.3132681832602753,-0.8383286010330077,-1.1956220330192826,-0.8558181470652607,-1.1944752747795961,-0.6642514416871147,-0.8536872713276756,-0.6932683794899406,-0.8749063766737195,-1.058482086301011,-0.43397041912909173,-1.0672844443752942,-0.5196767573600058,-1.4691646337425648,-0.16308177901716547,-1.4299002741957472,-0.2864934787397371,-1.55956019987449,-0.07655244403233841,-1.522044399497022,-0.2414599860918416,-1.5704673783255598,-0.10356280206188526,-1.5294264085188314,-0.23292380444517527,-1.5435952985794408,-0.12376230587391478,-1.5003992141498532,-0.23219917186785613,-0.2790694363082447,0.09391613405112725,-0.32464442621975076,0.07489032741156997,-0.8546491456700631,-0.44497534389132454,-0.878498009862957,-0.5308879256030616,-0.7071691159535541,0.5154918961850133,-0.7094890770733682,0.4187101965327477,-0.6574905109964113,0.6522517135298324,-0.614036776682153,0.513913373582238,-0.9280438973255499,0.5334532442602754,-0.8182144862235238,0.5524016941478883,2,0,1
-0.7214680049008174,-1.329329842281798,-0.684370128700787,-1.4035479614104562,-0.6712614957195431,-1.4012727337478368,-0.6565212037084693,-1.3985429424877298,-0.6994806456780354,-1.4068246871499657,-0.6990548128230828,-1.4087038012848572,-0.6977980745367022,-1.4109823654208031,-0.5920076497562443,-1.338293339660451,-0.6382190410615418,-1.3561135672713034,-0.7004771390449354,-1.2302474589111614,-0.7194461020648529,-1.2361273134974504,-0.5004414757790011,-0.8892996754588192,-0.6062993714645095,-0.9005700352101518,-0.8635296019348078,-0.4478476767063324,-0.9309018956625617,-0.5405402193640435,-1.2792415739836072,-0.23417386978490248,-1.272304428072021,-0.3343125558961469,-1.363500006363831,-0.15743226466350307,-1.36289684613022,-0.3153836305561494,-1.3768119170718296,-0.20269288464378474,-1.3655468709632024,-0.3044661955389271,-1.348702500013859,-0.22059294046830494,-1.335189783040829,-0.2982650509285879,-0.17554558907437398,0.08432785114878301,-0.2664217309384265,0.05594064179309533,-0.7030815654091198,-0.4686743139306905,-0.7710232839179595,-0.5270926254074267,-0.7058036333513412,0.4799826755808244,-0.717101179181632,0.406295550003452,-0.6555353376269802,0.6776669901630566,-0.6420060618604031,0.5191738798606274,-0.9377302972583156,0.5083550561661713,-0.9057046019533468,0.5162612622195271,2,0,1
-0.5526488803715905,-1.3768016790660613,-0.5177444264511328,-1.44996225972325,-0.504241101032652,-1.4506787982634248,-0.49014586053140197,-1.4517914503313276,-0.538390523396592,-1.4530533169007844,-0.5403091191325157,-1.454671321104592,-0.5414356113860698,-1.4565739141258565,-0.41902287649212167,-1.3953713774445538,-0.4830221192596943,-1.4139048071222542,-0.5252687916682137,-1.276866517827744,-0.5464662717241773,-1.2828757534352564,-0.30420370774351135,-0.9576095181913685,-0.48193615897840497,-0.9056972061285604,-0.6684924700045759,-0.5016544877532605,-0.76316724853759,-0.5800116874032871,-1.0565843744166505,-0.36129066135020255,-1.0701704938028673,-0.405626707499737,-1.1388536508287457,-0.2734720883573314,-1.1556579840981689,-0.3685610838751977,-1.1518547752250188,-0.3051851437542823,-1.1642664560002465,-0.36276229323343817,-1.1190143625629108,-0.329049578156034,-1.1285671799895232,-0.36287313829173545,-0.05601507284232753,0.06466391309222777,-0.18790265054551303,0.053140969952757265,-0.5596428699028164,-0.44124108880025925,-0.6759859419501135,-0.48972585417188363,-0.7053271355310576,0.5696435997154505,-0.7463442557321546,0.5100623419247391,-0.655256062452229,0.797048230107006,-0.7144809354624173,0.673437824861868,-1.0114549890538846,0.5905252269631556,-0.9577554394457548,0.55690716886976,2,0,1
-0.36801141222751566,-1.412487670970021,-0.3320884689308191,-1.4837779111814364,-0.317781177013696,-1.4846460121118026,-0.3018975868093487,-1.4837573362625887,-0.3567133721048802,-1.4901225859313658,-0.3605023700731202,-1.4926008441745675,-0.3636020773666866,-1.4954067564557574,-0.23234126235657113,-1.4270984583867852,-0.3104147382007444,-1.4546150953503834,-0.33971515266325136,-1.3141764454436475,-0.36692100331512406,-1.32289971674278,-0.12183528860774716,-0.9895176954913867,-0.33202346948749206,-0.9550375915488475,-0.4722781808554591,-0.6349841633720862,-0.6130872410879987,-0.6848750668912744,-0.8522408297936352,-0.535826400418884,-0.9051459280307581,-0.5247626548676327,-0.9436331364386329,-0.45948962072778765,-0.9796782935175546,-0.48772026298329396,-0.9504874883824832,-0.4707205606646311,-0.9770492761092217,-0.476612401840279,-0.9240733704937216,-0.4778719823076415,-0.9467054105070688,-0.47603136118909295,0.05073551481769551,0.05339899055668673,-0.08870905139732058,0.027045547053236155,-0.45392955472813046,-0.40774709808538145,-0.6040201894631326,-0.340300907652096,-0.6719604250949383,0.6004068723720748,-0.742434897577982,0.5001789664926134,-0.6497592844330766,0.8349522971212299,-0.7139564912846985,0.6749679068148635,-0.9969257598739946,0.6219266310367779,-0.9493672983563238,0.5651050074064844,2,0,1
-0.18855734075605818,-1.4411988271711114,-0.14823593703011587,-1.514421317944473,-0.13233208083963613,-1.5149668931199272,-0.11541097100377933,-1.515123830939367,-0.17930443520958778,-1.5170230874873047,-0.18415517313422716,-1.5189532373067856,-0.18905805890123162,-1.5208962387272287,-0.05149303932690861,-1.4558821519894594,-0.14143620439035412,-1.486233926269127,-0.15770484833121687,-1.345161778936125,-0.1896732057242014,-1.350142886466677,0.04785972195627481,-1.0261185607388288,-0.1857826306791271,-1.0128539785228345,-0.2639826453635416,-0.7200659632254813,-0.44381163757844827,-0.7782335449103724,-0.6308741039655843,-0.5915268454383288,-0.7049764351124984,-0.5828795715871927,-0.7104465213450374,-0.5204447640905717,-0.7691511516624369,-0.5317691252805621,-0.7228329932106856,-0.5256134555659346,-0.7701768082776737,-0.5269131972863034,-0.6984643806173476,-0.5374563294255073,-0.7434103835202326,-0.5333488836141992,0.15490861504631975,6.459941819850722e-05,0.015382490594429412,-0.05266799079062665,-0.3749769799489217,-0.3090952433469719,-0.47848525697393457,-0.3648344903154751,-0.6403442509975471,0.6001458860140771,-0.712360668449859,0.49249469770202453,-0.6311860024350853,0.8230816193172682,-0.694273770119045,0.6571301318257745,-0.9191038788332698,0.5811255165903115,-0.9454670846105281,0.502317275175753,2,0,1
-0.031835774217006715,-1.4327014474735034,0.007904094565404918,-1.5055044694058501,0.02785595791274351,-1.5066997300818596,0.04964831880554446,-1.5070356635166213,-0.02481014997572051,-1.5067815354649063,-0.031702315283939755,-1.508634452105529,-0.03853936699572579,-1.5107050427374458,0.10885169009873855,-1.456163960412477,-0.00015163492222036484,-1.4763413446420817,-0.0004034768718411706,-1.3436787783289614,-0.03228113161957462,-1.3499008067908638,0.2172238037955252,-1.0720760093520407,-0.04833030975939394,-1.0302001797751268,-0.06176171564172201,-0.732574772446441,-0.30477931117890567,-0.7735053914872168,-0.417073634630827,-0.6128696474436319,-0.5842907576709057,-0.6229051413448367,-0.4967407089942887,-0.5439409506955276,-0.6660111224342198,-0.5809949584499666,-0.5234045680902061,-0.5625871408143611,-0.6564176494622563,-0.5831001495460117,-0.4954224313109939,-0.5753170222864844,-0.6207863386489284,-0.583550697018199,0.2447531687869991,-0.025807403341521616,0.08734082869623995,-0.07802123373459205,-0.28902621415355717,-0.18622973666528547,-0.37597841623926864,-0.25767129212072004,-0.6147878538999131,0.6011233491257065,-0.6951286487291906,0.4997556050993843,-0.6058110106279534,0.8309430919134293,-0.6918188671891299,0.6847474808546037,-0.8284818032343892,0.5884412904379323,-0.9467180149618585,0.4791905720984547,2,0,1
0.10878792638627321,-1.401903141846949,0.13945011625840792,-1.4638258624744687,0.15490268353818343,-1.467244635476534,0.17409111235914454,-1.4710246126094835,0.11181175980492931,-1.4606943968977557,0.10670744990746267,-1.4606625150415231,0.10184237750482719,-1.4612774765048635,0.24602350011285873,-1.4430553892177762,0.1400215182088724,-1.4450354007775281,0.1459698322849014,-1.3132042959747237,0.11383119117917033,-1.3187676798873234,0.3700913729230096,-1.074654485368129,0.07706325511922207,-1.028505745617521,0.11954768214553857,-0.7565012405374516,-0.1537235706408915,-0.767201063349923,-0.20125595823737968,-0.6736024828243906,-0.42382813952104936,-0.6537064745120023,-0.3075836787965183,-0.6094870813558153,-0.5172788030624326,-0.5930194847462138,-0.3195047744196386,-0.629573268647824,-0.5118408458322985,-0.6062447707208051,-0.2862838802252034,-0.6405338306721207,-0.4814423609260572,-0.6182901808686155,0.31564111681637813,-0.03716871288427769,0.14194505686824307,-0.09659006710148114,-0.23278760834382842,-0.06309558209425868,-0.33730078170560107,-0.15538638864882098,-0.6026272736357893,0.6596873532710409,-0.7072956547937954,0.4976897102447422,-0.6077627239509715,0.8601836970022285,-0.7181881280476107,0.6799145374543732,-0.8289550881544323,0.6360156928837193,-0.960185380612263,0.43107986245867635,2,0,1
0.2143480109341045,-1.2858008519580602,0.24008877907630877,-1.355259553672761,0.25701829188202535,-1.3610674887228973,0.2745342825547195,-1.370704026915392,0.21038551635287742,-1.3498533547257734,0.20550462659521176,-1.3501180482763562,0.20128831289498514,-1.3502922863278604,0.347060068268237,-1.3797883787723224,0.24676790438396556,-1.3535811840163576,0.26176522841427935,-1.2154471103802076,0.2242949029325231,-1.2134674695397143,0.4893831459525696,-1.065497472536529,0.18905581309470862,-1.0258240860744783,0.30071595946838947,-0.7234039194291896,-0.030745365304615163,-0.7622968182789707,-0.029898395371984642,-0.7056360868068745,-0.281924963183533,-0.6594663396316173,-0.11941671616516698,-0.6650793999248586,-0.3563300483915712,-0.6243691116967295,-0.12572190931406393,-0.6865491114896616,-0.3399699603669403,-0.6405272812985535,-0.08850293148958381,-0.6894577747920043,-0.3113279433075637,-0.6410707557315429,0.35493711107325593,-0.013154507902084158,0.1753377176524589,-0.08939959636324,-0.17636438434335705,0.09593655401005766,-0.269025415864094,-0.018188628286604464,-0.5941185252142533,0.7364062209445845,-0.6957479970370902,0.49443850234752756,-0.6085928879438826,0.903127815909109,-0.7161961298985001,0.6741854420332153,-0.834734724967835,0.6507839124122681,-0.9344837851383756,0.4274235819849863,2,0,1
0.2310516321382966,-1.238265745753676,0.2525409918238011,-1.3140956286452903,0.2677802719568418,-1.3238885485783372,0.28456026132828893,-1.3372702780800239,0.2302133123216982,-1.3036869440238428,0.22736470553923557,-1.3039471889433234,0.22493871871148502,-1.3041208091293965,0.36477970738694443,-1.3593918376743899,0.2816642024807358,-1.3224474392473864,0.27100108087485786,-1.1880586187069708,0.24522274651445694,-1.1776126150134991,0.5429201969523817,-1.052090534125263,0.22809675250172512,-1.0090115969813678,0.4709878091986675,-0.5120262240219422,0.055173271488344375,-0.6137414555665832,0.15798929208461548,-0.6987697482736654,-0.12243956099913368,-0.6522441106102297,0.08011402747066391,-0.6344177043450686,-0.1740688906946053,-0.6111628559774088,0.07341463617687473,-0.6650887914794078,-0.16945047017197135,-0.6243039886803163,0.10901134652607421,-0.667358952645494,-0.1454812457931448,-0.6257600503546941,0.35836749994542155,-0.034807725499854184,0.1739524633564583,-0.12324181603495361,-0.13942196308573235,0.14835403284914137,-0.2222772230724604,0.033694767674039054,-0.5887114612556626,0.7290598009715928,-0.6771942395867143,0.49131605760610536,-0.6089351853925821,0.9135568900897751,-0.7144804411700726,0.641849578281952,-0.8484308244007458,0.6472153688297609,-0.9346255234682161,0.3654390748143801,2,0,1
0.1632950261125443,-1.308882327285819,0.18754228993526031,-1.3864778842192178,0.20278280579916277,-1.396034038119157,0.22061390784159837,-1.4074614592630157,0.1657598148893532,-1.3723915409801721,0.16331232634460852,-1.3716259439247867,0.16133490981966636,-1.3698588487925112,0.3006922334358442,-1.4174907127233687,0.21617565687860482,-1.3661270651631692,0.20423627243873094,-1.2526332177637656,0.17638808888493038,-1.2427410686425215,0.4958840788699647,-1.0700291447526693,0.17895692620029707,-1.0276267702555717,0.5951955667423663,-0.465907883250533,0.0961122934989799,-0.5640465389620656,0.3191560296794862,-0.6301399748210139,-0.013094432821819948,-0.6344846809577744,0.23046490712514667,-0.6053010430617011,-0.05014609268762167,-0.5969926066128517,0.22999854229792932,-0.6552836378108298,-0.03303739890695408,-0.619149260963691,0.23846181582375353,-0.6564645022223,-0.0186955065257025,-0.625028250538377,0.35551938745530365,-0.04147671781444478,0.17003396079390887,-0.12209060916416489,-0.1033260174683935,0.15671128066702905,-0.22079879466948527,0.0009090978891055663,-0.5731064047875495,0.754406370968905,-0.6898488650493582,0.4944696427652432,-0.6087700917494548,0.9321346207188687,-0.7337699527755233,0.6514741916716311,-0.8402530047039816,0.6484088376960209,-0.935683309085858,0.3764064333584163,1,0,1
0.06555291643454123,-1.339652396462183,0.09831634306396356,-1.414486465638871,0.11281665614168906,-1.4228959230856668,0.13084868802224217,-1.4324711690274199,0.07384343478589543,-1.4049328449871983,0.07136332294640103,-1.4040390408549082,0.07002181352290572,-1.4033991176281608,0.21046435598185587,-1.4260957245790333,0.12728187446294142,-1.390679060216388,0.10327681388912469,-1.2793141299455748,0.07976134988272585,-1.2724776960992197,0.43308201216123726,-1.0344042597398224,0.10204528451232343,-1.0218479984537723,0.46253541010442656,-0.3869084742716646,0.04164869149904177,-0.4639391168416229,0.1730516155582563,-0.628370408227015,-0.13359821068056585,-0.5603858098572733,0.07966941150661305,-0.6117184405728432,-0.18600382650337696,-0.5571289175980947,0.07358096555086374,-0.6622170765298308,-0.17554163473561646,-0.5869117613890215,0.09795254389826992,-0.6608405959229485,-0.1541367990410544,-0.5845644906171632,0.3482105337005087,-0.057493025513342046,0.1627589660647253,-0.11983614178002261,-0.12680984676473203,0.1124098349816231,-0.23176071599772985,0.0006263626679414821,-0.5757548231704117,0.7439093315908436,-0.6881198304276239,0.5061065202901653,-0.6092824257647286,0.9313197797886431,-0.7333001279018931,0.6658813306423821,-0.826694194969809,0.5840999207744983,-0.9347862920533273,0.35337414011895435,1,0,1
-0.08138289741046136,-1.3261216378185716,-0.04382088069876467,-1.4012454858823358,-0.028182706643557133,-1.4055423692347473,-0.009971246641880671,-1.409557505950684,-0.06894650201799919,-1.3952057895090817,-0.07158849460038036,-1.3943795180683851,-0.07305258852535941,-1.394023812939836,0.06322900097596966,-1.380702448890745,-0.01590349621670717,-1.37210163852001,-0.04646559188904165,-1.2552686609725796,-0.07374954073137577,-1.252303030477511,0.23779106111200587,-0.9774853840907106,-0.05511274216709146,-0.9643956577916512,0.14819217066663867,-0.35844712106427307,-0.23050224768814284,-0.48761584372547767,-0.23197400314446465,-0.3602053189343441,-0.4078886942817518,-0.42669147006115066,-0.3152790691648628,-0.343076977032975,-0.49333108040060014,-0.38470393041433626,-0.3360007928390599,-0.3908531743284827,-0.4873271584357932,-0.40381982183371373,-0.3004735305642897,-0.3989547494310782,-0.4616798115467358,-0.4128215032959942,0.30189830675689383,0.00042098419872176713,0.11664371462047039,-0.07401252281913623,-0.16807238311496878,-0.011224543442232468,-0.29009487420278224,-0.1098556379021649,-0.5774702647526668,0.6996064030284036,-0.679923721914106,0.4772371287522302,-0.6087176967609174,0.8862230177206271,-0.6976003575988252,0.6676012208557395,-0.8270429182189895,0.5720943011604357,-0.9162247494985224,0.3615344124374821,1,0,1
-0.2505939957690294,-1.2735882474246576,-0.21243759251284006,-1.350312675887079,-0.19698724954861566,-1.3520719859149255,-0.17995665395840946,-1.3525788827144076,-0.2360385690948707,-1.3492317821023225,-0.23851349086474583,-1.3501033430791016,-0.2400959678062787,-1.351277040251574,-0.10747782601763778,-1.3045555392465535,-0.1879446653948119,-1.3205893943236875,-0.21492882593009002,-1.1920515122673965,-0.24355996855788342,-1.196205545132192,0.024179411452921032,-0.9425998368524374,-0.18882870725329434,-0.8946456943128404,-0.2564165124433342,-0.38030633499669364,-0.46236761934437537,-0.49726245312449563,-0.5901669050646096,-0.21855003020769104,-0.7132723906796442,-0.2668878671798556,-0.6706873751611828,-0.11485219206848858,-0.7753307945557819,-0.2323872501050116,-0.6865385892169528,-0.14823274269025943,-0.779683780089316,-0.24469858953426657,-0.6609710705415632,-0.1658977625048784,-0.7502069032597538,-0.23486711479833366,0.2324598710283254,0.029091917360262915,0.08814603092574395,-0.043188452204114755,-0.24466940772554566,-0.18622429944949387,-0.3469735885988877,-0.25667183299975194,-0.5787863181204105,0.5699075518275163,-0.6464223168140578,0.4306031174922205,-0.5836234630055709,0.82137112065846,-0.6270097264147787,0.6542207270849147,-0.824931795614808,0.5349254940089418,-0.8762822208547869,0.39180092128769045,1,0,1
-0.41161714143776695,-1.1766193345468396,-0.3834889412706981,-1.2566885157327086,-0.37124853279290654,-1.2586964548099355,-0.3565594000395085,-1.2614952616386703,-0.40181779570423903,-1.2586821203319394,-0.4026541383514587,-1.2627765909691995,-0.4031612822971131,-1.2677469476412544,-0.2809301998398394,-1.222105351836301,-0.34392256910127356,-1.2435589988999014,-0.37796794292665575,-1.1022686214967177,-0.40157015523954814,-1.1038333039138415,-0.14243096773404768,-0.8798496708399026,-0.28588449201069194,-0.8998788909391856,-0.45955905024183286,-0.40573125033063945,-0.6088553571789143,-0.5272276907906139,-0.8552607088735338,-0.24892800198162757,-0.9168432327948188,-0.2782805642864996,-0.9503852934402179,-0.19031704006354738,-0.9922175017177128,-0.263733046289856,-0.9616327921706086,-0.21361501543828157,-0.994070727291051,-0.2572573222820401,-0.9273756140755257,-0.219450136567376,-0.9670540670341093,-0.25029916894580445,0.17543954187546557,0.027650313736967372,0.0580144638856366,-0.04486558612965625,-0.3099995326312027,-0.2567655013990711,-0.4230320816999222,-0.35009741120464194,-0.6194045443993406,0.5935463417739159,-0.6612945848811644,0.4345181600083571,-0.604959097771876,0.8183225726225692,-0.6416069207920639,0.6300668845153455,-0.8716253691023531,0.45688760721358646,-0.8828707670902788,0.44329802778095684,1,0,1
-0.5565424211707329,-1.1520984799113363,-0.5267926949669005,-1.2274888133354327,-0.5139059992484235,-1.230876075200524,-0.4995626239901379,-1.2337146725630066,-0.5448753918127847,-1.2227004798193108,-0.5464823362253798,-1.2222022331358608,-0.5476187143258278,-1.2222957779620938,-0.43440154706636563,-1.196934502767527,-0.48606498293362105,-1.202485776517682,-0.527339135153958,-1.0743813888476863,-0.5482380626337274,-1.0738275342754584,-0.3099817381067938,-0.8608789777967786,-0.4040440884247338,-0.8436076618347071,-0.7039129651328926,-0.4585222906092245,-0.7373404735274092,-0.5241555402952642,-1.0776480248202884,-0.2763216837244834,-1.0561624959004554,-0.3066282302546119,-1.162569426807831,-0.20967723547428913,-1.1337274684950263,-0.28268569766239876,-1.1809930617984667,-0.2335248639363213,-1.1394490259579277,-0.2797369966801359,-1.1506237401405623,-0.2494035112172217,-1.115301362042667,-0.27724848187078177,0.08589156354160167,0.03128781110155915,-0.0006869535315222934,-0.015626216771718777,-0.41878907621308215,-0.33396309120844936,-0.5307420908009932,-0.372953489223221,-0.6560343257489473,0.5666276749743095,-0.6944470195858597,0.4287136850046336,-0.6208127832893694,0.7915927254986354,-0.6631155578790114,0.5700298891828277,-0.9204126413889293,0.46080190829120604,-0.8951084569601746,0.44208305719770274,1,0,1
-0.6833963727817428,-1.1544463685486255,-0.6548467883908237,-1.2333382689425232,-0.6450934118453522,-1.2344914529826907,-0.6337031862004316,-1.2353485559083874,-0.6666102047559871,-1.2314819540420308,-0.6650660354711678,-1.2325098349728187,-0.6631956332388516,-1.2335723163677352,-0.5632368695410752,-1.1974717985462078,-0.5971967307908257,-1.2063216086855815,-0.653587825788892,-1.081230303575745,-0.6698324965510372,-1.079380043756475,-0.45423403881246105,-0.8522967033889696,-0.5243434763989494,-0.7760595236053288,-0.8670007699254105,-0.47644162383518773,-0.8858151430145256,-0.47617779529620813,-1.2338746811492167,-0.26312877389846945,-1.221873263020084,-0.24089772854975394,-1.3071281887672077,-0.2026140450148063,-1.297041288462155,-0.20038948231751788,-1.3206373221207386,-0.2092944060533248,-1.295491681961544,-0.18185351939155084,-1.2902463751727538,-0.22557318298725376,-1.2754158748087738,-0.18957090576923413,-0.014478204240786476,0.03052758947542215,-0.08729908248408534,0.036255449165718316,-0.5136734347002457,-0.3720846468543379,-0.5830379737232826,-0.3780822665917499,-0.680511188365773,0.5735089658509455,-0.6990105736582328,0.45832871654453733,-0.642457103624935,0.7876668085509155,-0.6561840963293891,0.590309962647042,-0.9561727153580496,0.5235426827491917,-0.902152122872042,0.5075426866976692,1,0,1
-0.7881005901347391,-1.1595758873556714,-0.7578667045792804,-1.2392461746193737,-0.7477883308171737,-1.2406072085904842,-0.7362962809492464,-1.2416486825607513,-0.7714572725965995,-1.237931480555578,-0.7702902483707806,-1.2390975161967075,-0.7683442194097264,-1.2403444922092803,-0.6636044130079123,-1.2049536546216453,-0.6931149017169136,-1.2139700412811802,-0.759468211776084,-1.0836262621435555,-0.7743034079173386,-1.083997722840592,-0.5586231447957158,-0.8510242713206451,-0.6216325671430418,-0.7477302700270564,-0.9785133700342007,-0.48227204918700756,-0.9952595003800363,-0.45474083059924103,-1.3563272065769125,-0.2619212177003858,-1.3518281576555218,-0.2318151067160301,-1.449824457171783,-0.1902792266991784,-1.422739831717446,-0.18141804783587678,-1.4573949151500065,-0.19078340489076473,-1.431398350719424,-0.16978166460329935,-1.4263707797084708,-0.21250112763951712,-1.4192600136108113,-0.17452168104272764,-0.11451827902926476,0.048225232584790806,-0.18420954529214334,0.07826313122557893,-0.6001175042556134,-0.38201473291303695,-0.6681533854561169,-0.405943672465771,-0.6966612021439096,0.5764692827033087,-0.6981294975538185,0.4729810245182558,-0.664723490876296,0.7901543347755803,-0.6503346407222986,0.6067409816231363,-0.9815008729655218,0.5800432635016074,-0.9023327867240272,0.5385679342969806,1,0,1
-0.8735498963464132,-1.167552530068146,-0.846857615440676,-1.2474351158938934,-0.8353874380090014,-1.2474658855923506,-0.8230342073035337,-1.248075718772615,-0.860399619235129,-1.2499479746012239,-0.8584388850768201,-1.2509391543254185,-0.8552310513328523,-1.2523599976702369,-0.7482648286374571,-1.2106193570495962,-0.7799655267257907,-1.225516834026282,-0.8426536590490666,-1.0859396738898024,-0.8564572670669481,-1.08740574498416,-0.6472428421062473,-0.8533048126259699,-0.6882401906135566,-0.7627222804146647,-1.079998879211646,-0.4812552898339752,-1.071520900488567,-0.45158909903639577,-1.4675333454319934,-0.2369011277967431,-1.4595727672207215,-0.22307354660014403,-1.5606937357939559,-0.16015507404424145,-1.5326970173905752,-0.17739154239601204,-1.5700403097397455,-0.15978336620103273,-1.5598940943533297,-0.15003295540962935,-1.5421802631696724,-0.17475696419880127,-1.5334108991093973,-0.1549341111534274,-0.19867328073636162,0.06322997100027496,-0.2585975774142896,0.10133941648371854,-0.7172984018271642,-0.42415204314029314,-0.7520503665592844,-0.42506524824711245,-0.6900322475092391,0.5658854950187537,-0.6972288969017888,0.49884684862366724,-0.6342876868980304,0.7914194760318206,-0.6355817442564353,0.6231344343810339,-0.9644568079089227,0.6023907146974979,-0.8744807724045552,0.6212791080652308,1,0,1
-0.9241874284522593,-1.1915658700387362,-0.8978996022575667,-1.2682492722365482,-0.886275823479779,-1.267429735529048,-0.8731669433523627,-1.2665063974291626,-0.9105562048895893,-1.2733726123892855,-0.9081226801035822,-1.2754083554109013,-0.9045218839455839,-1.2779584096171697,-0.7952169170212764,-1.2249137973657573,-0.8226393912932106,-1.245469562385224,-0.8933425975587608,-1.106726026288068,-0.9057075677074149,-1.1125842555842769,-0.69954959946012,-0.8508780843597022,-0.7255506125218047,-0.7918819451320205,-1.127777547968877,-0.4786876882494702,-1.1192197410321305,-0.4525141671594877,-1.521496847152189,-0.22562508368344647,-1.5135833502867488,-0.22144658334758882,-1.6189703089408516,-0.14381179195933014,-1.6117339925876404,-0.16426486774418686,-1.6327868921327813,-0.14584358064218847,-1.6228946194384513,-0.14920847577868235,-1.607814995732746,-0.16101440128548927,-1.5981284722268942,-0.15198714019437098,-0.2649220479646296,0.0801849398617432,-0.31731678935585744,0.10307215829803794,-0.7931665923754921,-0.4080047479700524,-0.82130838558204,-0.4214829880520401,-0.6722481032395492,0.556662247012965,-0.6862528882417206,0.4764146262906619,-0.624886987940497,0.7905623731061239,-0.6271814930045594,0.6011344707034622,-0.9564324659851855,0.6008364124196126,-0.8603384505574733,0.5984638091650888,1,0,1
-0.9565470182360679,-1.2269196357005194,-0.9276521706423811,-1.2952435657648924,-0.9162777623524907,-1.2941183092422002,-0.9029407663079989,-1.2934434766186087,-0.940468800420998,-1.3004627986325001,-0.9384906424575388,-1.3022305116302064,-0.9353117248157354,-1.3048223335396014,-0.8213347066493949,-1.2474531575644747,-0.8536647624656081,-1.270257087740689,-0.9278042891114602,-1.1411879649869399,-0.9409441860835059,-1.148478406351895,-0.7354265735687601,-0.8461354728854643,-0.7578358113077371,-0.8001065990284444,-1.1703832001927295,-0.45210439880573766,-1.154127654999001,-0.4433527056967854,-1.5747296612138428,-0.18909341936426122,-1.5556793871032233,-0.1859843205161457,-1.668699331717153,-0.1148185801890495,-1.6483136032642607,-0.1511253414913997,-1.6790174372664357,-0.129989895124695,-1.6547707913091505,-0.14059296021069287,-1.6514136812770857,-0.14219422026132406,-1.6269683297972342,-0.13801176558670886,-0.30128861864068757,0.09300886045244425,-0.35604953748595825,0.10160213286492258,-0.835064541534831,-0.42428488420792926,-0.8593127939422364,-0.4480271048274558,-0.6846864758013902,0.532929788667246,-0.6993160463272527,0.44030311046446524,-0.6175215377122347,0.7308600136909628,-0.609711718666094,0.5565927989385356,-0.9248847513775342,0.5740215470123916,-0.8431841583080077,0.5235560286424984,1,0,1
-0.9566038618557076,-1.2263845642373898,-0.9257954850226301,-1.2985193647062556,-0.9153204416539076,-1.2979137330109212,-0.9035593731773814,-1.298438300761726,-0.9365588244013945,-1.3027042908425943,-0.9337393808672687,-1.3046326488523257,-0.929932711947706,-1.307317521295609,-0.827828472327792,-1.2581753471055435,-0.855835447297325,-1.274395921115885,-0.927810591338855,-1.1407959911575987,-0.9390840404173421,-1.1473997368826898,-0.7364201011815918,-0.8520528936899501,-0.7556154500953787,-0.8014408176398555,-1.160310140073328,-0.44432596732348484,-1.1369466709629221,-0.43214648037717657,-1.5570893560164585,-0.16484220120278764,-1.5183300396728305,-0.18395846334142366,-1.658425836051979,-0.07685149090087735,-1.6171118932978943,-0.12643865177425206,-1.6622536359692772,-0.08000334603680878,-1.6235821800899184,-0.11580296339350452,-1.6335663911603613,-0.09994186349084068,-1.5964326787653407,-0.1201344472100445,-0.31395337709639765,0.09221230833897236,-0.35224150926244757,0.10612490781885854,-0.8614768058273,-0.4326381776870594,-0.8594724503695721,-0.43746766104087703,-0.7262774694146751,0.4988985021736876,-0.6986403486920582,0.4391427591852997,-0.638349781386713,0.7008535026140627,-0.6083341259014361,0.5438012544964119,-0.9315817947826861,0.5630719829927643,-0.8234335955180452,0.5271658456357874,2,0,1
-0.9323349727429113,-1.2637366302756783,-0.9068588981512898,-1.3272417042716447,-0.8960898744105614,-1.3285827194027953,-0.8847619296010721,-1.328871509705182,-0.9177112101520988,-1.3276955882171586,-0.9148934966411795,-1.3291476955527788,-0.9106556812239587,-1.3308746294320482,-0.8038623372761198,-1.2854942671312646,-0.8329699777241967,-1.2943166440455078,-0.9029368119692414,-1.1770515932022731,-0.9161304632337723,-1.175038464055427,-0.7107470510906104,-0.8518970680282858,-0.7415261411022649,-0.8364705746696928,-1.1298363991576073,-0.4434272202677478,-1.1224150938943949,-0.47278287189977414,-1.5244805193178388,-0.16734159044372504,-1.5001138838938795,-0.20777099704698265,-1.6239604373066943,-0.08052828450687217,-1.6015792506582784,-0.14406561107832971,-1.6301388444691776,-0.08553596025095143,-1.6208481255583382,-0.12560403915023885,-1.6020656343254558,-0.10402150535775986,-1.5880996512723429,-0.13721175342682412,-0.2920280515628744,0.09185765358165553,-0.337926061521637,0.08054231322695585,-0.8603383269843871,-0.4463279748925755,-0.89049522650716,-0.5098420697238324,-0.7202683573802489,0.49817189242698967,-0.7064672208240909,0.4382619302270577,-0.6431797590328754,0.652774674830517,-0.6154400726487348,0.5291959042954393,-0.9314535259192385,0.5276655751962714,-0.8241438936173683,0.5295124985422148,2,0,1
-0.8334399261709131,-1.2682524851367887,-0.7947643923797104,-1.3441143734577217,-0.7814464265904894,-1.3450453730889498,-0.7684462907789054,-1.34530821304324,-0.8122885388760921,-1.344485834154758,-0.8123958003148903,-1.3470342819109062,-0.8120925519614215,-1.3499368901320263,-0.7008718314821722,-1.3013391789596398,-0.748409656294452,-1.312151576853615,-0.8070035651266403,-1.1869417651541383,-0.8292370819370793,-1.1846072224101558,-0.6005490214725299,-0.8744984619162621,-0.6667641768213588,-0.8616289428567632,-0.9780395908218129,-0.4678191881743725,-1.0069165203180046,-0.5368322853403331,-1.3722959386376332,-0.23134058606512534,-1.356874264629401,-0.33528779469222514,-1.4638723691810287,-0.13142359007047547,-1.4419702753877062,-0.29990115858951993,-1.474063070878467,-0.16020227896315958,-1.4483307057061223,-0.27672329625454606,-1.451551267477966,-0.18169682871828333,-1.4213446915745516,-0.2792214497646217,-0.2314156999411345,0.0785896113192483,-0.30650636863126113,0.07222782169688406,-0.772910244943823,-0.47194269848688314,-0.8065858880953752,-0.502872671236755,-0.722615504579021,0.5033543005149177,-0.7286179436667938,0.4449356183189229,-0.6483935546846914,0.7076992044418808,-0.6389239019450733,0.5546351541073812,-0.9725770425475304,0.5286551484703458,-0.8729181907298962,0.5628582015536848,2,0,1
-0.6620360233982031,-1.310474937220418,-0.628868759923167,-1.385531561525304,-0.6158930915826454,-1.3863790875368223,-0.6012981215209113,-1.3871593280029193,-0.6501715242485501,-1.3887048565916864,-0.6520290748799044,-1.3910253120038452,-0.6530552257874859,-1.3939051209905666,-0.5316016651884135,-1.3345789798362595,-0.5930572795501987,-1.3504521899013684,-0.6318809774717229,-1.2142878712588174,-0.655645070527502,-1.21337170039793,-0.4157704328640453,-0.9045305526220001,-0.5654760138625321,-0.8919740441897777,-0.7843239494751164,-0.4753763002592893,-0.8689747264039398,-0.5639354467575959,-1.191425843171718,-0.270984809278839,-1.1959319357590206,-0.36197327907822285,-1.2705368386474007,-0.19509042123624243,-1.2746694933682883,-0.3382146232382353,-1.2857130965064931,-0.23903202209471228,-1.2838981785898687,-0.3340143740392112,-1.254772125751952,-0.2555779640409475,-1.2518780440737776,-0.33416093171941247,-0.10712490128352736,0.06034775233837326,-0.2252716460966073,0.04939027964123092,-0.6203797831954189,-0.4528809320792495,-0.7158323307328064,-0.48965084530857655,-0.7160070630766552,0.5209780469187548,-0.7508648063705394,0.4481245453807063,-0.684362220023272,0.7541164685087428,-0.702400677704306,0.6519074389117541,-1.0012064551521174,0.5693823662112806,-0.9553231503906094,0.6110482451147863,2,0,1
-0.4608412445839651,-1.3281179610256983,-0.4246758508921969,-1.4063625855942212,-0.4105798689524298,-1.4094210194770058,-0.39389082937240616,-1.4116343988099955,-0.4519845143517657,-1.4060251692824255,-0.45678112726466125,-1.4092786014951912,-0.4608741150248871,-1.4134572871906783,-0.31980283270348814,-1.365642287946112,-0.4009199136601052,-1.3836661022164347,-0.42651313553741876,-1.244362347533113,-0.4580002993328452,-1.2468571645698618,-0.20607234284406298,-0.9460283721283105,-0.38333348632829234,-0.9260697122612324,-0.5706366730872936,-0.5682857136832342,-0.6747744314132723,-0.6032429333114878,-0.9367681572093717,-0.4752902933913128,-0.9779310936521529,-0.4738051920416843,-1.0367440975661262,-0.39074319428178866,-1.0586922841205915,-0.4242327363655642,-1.044428242783629,-0.41384073411075006,-1.0614029833388847,-0.4193356585336099,-1.0136299989436175,-0.4295473676556975,-1.0302757879434807,-0.42444293418514467,0.03457042512304582,0.053498096171797564,-0.1094604326121992,0.016318908881065193,-0.45021395917307727,-0.3904730635154142,-0.6007366054173406,-0.4711512128699444,-0.6746127978165579,0.5814302478208144,-0.7480189181959727,0.4677284269173814,-0.6525955339069219,0.8122351152515093,-0.7140770986168036,0.6701495450388014,-0.9987788618742466,0.6385857659299476,-0.9577708860815265,0.5800103930606854,2,0,1
-0.25654156840654135,-1.366460218203492,-0.21827197220341743,-1.4374057512910277,-0.2014116603259578,-1.4372288564181708,-0.184298517914188,-1.4372335521954454,-0.2512840278822201,-1.446722049830705,-0.2579290470180931,-1.4503816049911786,-0.2642255900509579,-1.454764804144282,-0.11538749211740644,-1.3867144648926961,-0.21595448254532687,-1.4134594497196862,-0.22627802531040114,-1.2837809262914743,-0.2617981203461733,-1.2857720594289819,-0.015461598860552114,-0.9780412158323173,-0.24212676790444765,-0.9455650966282474,-0.36577399792926524,-0.6694155795186731,-0.5172007048719711,-0.6823044995527013,-0.7471798569408572,-0.5680216379980823,-0.8162768602323293,-0.5573111879002,-0.8295284672742755,-0.49578353042917583,-0.898353733349253,-0.5380587482206012,-0.8390225874849558,-0.5122332089412822,-0.89599175738014,-0.5363504738773441,-0.8156961903004019,-0.5213359731880522,-0.8658779848644416,-0.5268045765435573,0.15528032288952848,0.005875005930058313,0.01126528250931361,-0.035563992787233635,-0.37482177215268825,-0.3006361713060776,-0.485271890866562,-0.38221986423608434,-0.6603890413056879,0.5767920556043928,-0.7415785360908024,0.4829617755422858,-0.6443724864606183,0.806192391337644,-0.7101872650102462,0.6617137047381076,-0.9628057479045639,0.5451734100452782,-0.9487810676355186,0.5386823629747769,2,0,1
-0.07775676876979751,-1.4098212109165775,-0.03554519111775124,-1.4785613351351816,-0.0185318957596093,-1.4774671572436617,-0.0007791390538074362,-1.4729757080670707,-0.06837213431346656,-1.4770549792147314,-0.07648742602862728,-1.4781442759693473,-0.0842263141233047,-1.480736036092199,0.058611569038025085,-1.414438581067979,-0.04361476079102792,-1.4452619102444835,-0.0547136010987523,-1.3271828834826263,-0.08847846401852154,-1.3358851473571094,0.14192849807469587,-1.029830572674383,-0.0920213043991047,-0.9764610867794217,-0.15054502371834666,-0.7587908026780671,-0.3644122225196375,-0.7367196609028596,-0.5188022120687746,-0.6191172555343722,-0.6462070524979443,-0.5966307846165368,-0.6099719635855745,-0.5532220309056455,-0.7286033620426254,-0.5766569252598595,-0.6297063383012484,-0.5745228180616498,-0.7334039292942786,-0.5835510677374575,-0.6017770908029183,-0.5850067586925768,-0.6965208231180169,-0.58674938635379,0.24658501621642934,-0.023266246397457706,0.10501103858047817,-0.052909205454836565,-0.30929071740891373,-0.22166852061035572,-0.3938280542446302,-0.30492687600418045,-0.6327215216038724,0.5988147567298204,-0.7063602065314649,0.4834662008800445,-0.607924357547686,0.8331367613391745,-0.7068853921477006,0.6575695577202061,-0.9036766440361598,0.5589794895248832,-0.9450284001546135,0.4986795306649888,2,0,1
0.0818739553639414,-1.420750385376986,0.12758512281641024,-1.4868475902150629,0.14637317483817044,-1.4865299455970549,0.1657667349821789,-1.484495067587042,0.08950187482723536,-1.4849174403955818,0.08140141188241541,-1.4856907607688532,0.07434786012365407,-1.487487328082181,0.22321586274405947,-1.4303130268639495,0.10808133547953536,-1.456016167001414,0.11503825308490931,-1.3283106114670422,0.07507224555480087,-1.3368587797030673,0.3223877130290854,-1.0588703714981509,0.03860978216387256,-1.0197568946895508,0.02930176302096894,-0.7839027073847363,-0.20445180539198876,-0.8410888716192405,-0.2997741068965499,-0.6752747973995714,-0.5261918826219268,-0.6402833480264478,-0.3799965187092736,-0.6160269397953549,-0.5950099814579062,-0.610199974489948,-0.3981536065530339,-0.6298085518038976,-0.5913119332810897,-0.611921718299598,-0.3679251582133668,-0.6395424038017539,-0.563200291907568,-0.6162071093549953,0.32332390272993294,-0.05029835329017102,0.14902184036720495,-0.10393821709767918,-0.21109460021231066,-0.10229074071281923,-0.31384759853463345,-0.17469097617078483,-0.6055324768917192,0.6117595317987987,-0.6834438248468333,0.49005066920369267,-0.6122607842876729,0.8292827639276074,-0.697431062470768,0.6730764971578977,-0.8582383259579612,0.5478445658759962,-0.9375993097869721,0.454629432636859,2,0,1
0.2158499182234525,-1.3737917476195998,0.24969609223392367,-1.4435383746250838,0.2684495437915554,-1.4478756045901309,0.2897263577688421,-1.453383565973582,0.2136097853173063,-1.4378801483688461,0.2048311532755683,-1.4365267759290783,0.19737228179415917,-1.4352042967608536,0.352530154500776,-1.427311004095003,0.22567991008235136,-1.415842618473078,0.25193721372475925,-1.2866735250926147,0.21336288629113243,-1.2867810336775853,0.46465196992439967,-1.0614193135466437,0.14896079526263545,-1.0239022774383142,0.27499990594341983,-0.7836734793098853,-0.0787035857560559,-0.8116868800798992,-0.04992514400954414,-0.7371749041523213,-0.3723337516356788,-0.6597744073354469,-0.1289765772576914,-0.6884963761815776,-0.44725932668267815,-0.6138293160308523,-0.13998545635868176,-0.7132455938803287,-0.42727113284800466,-0.6346468088468336,-0.11247586306099552,-0.7219734373836496,-0.3994182535169295,-0.64065752733138,0.3585513766976472,-0.048333046927673824,0.18409731943892624,-0.1301586959604075,-0.17761741543715243,0.023583770617182545,-0.291847140564717,-0.11040430240477353,-0.5938194783457145,0.7035985551503122,-0.6986235427523386,0.49095769565620334,-0.6135192525972599,0.8802828594682854,-0.7189068291167935,0.660257766636816,-0.829459637065277,0.5775021065575435,-0.9453787298539142,0.40390712939389806,2,0,1
0.2982845354248473,-1.2683289768771298,0.3245475234292191,-1.3421034686264266,0.343712226217635,-1.349974332777137,0.3617936873326573,-1.3569979798490444,0.2876253681577268,-1.3303459837693994,0.2785780882266485,-1.3288313484521757,0.2704131201308462,-1.3254847421324354,0.42528282040050736,-1.3631459880323291,0.29812438470516694,-1.321683263282492,0.34487801471259216,-1.196034272834756,0.2997459107419305,-1.1933772043358617,0.5664277522812655,-1.039498560217309,0.2350356284365178,-1.0159429349579039,0.4395584776075701,-0.6237654571707739,0.027228453781156438,-0.6879809528391494,0.13442168023585158,-0.7189804972365368,-0.1656206930852942,-0.6457924833542176,0.0552765785883851,-0.6783695617696909,-0.23278390115124323,-0.6263918795442972,0.05400402294697437,-0.7125528431592423,-0.23052028935872412,-0.6413947643634887,0.07455694578545899,-0.7125377672427291,-0.19921230653824873,-0.6404856371685131,0.3690726364005984,-0.0456319864101019,0.19069093217095126,-0.12634547766727755,-0.15077783541269682,0.06502647652705969,-0.24422948753876936,-0.047576038201777325,-0.5809819647155343,0.7424291731646621,-0.6712476555338917,0.490606995237644,-0.6117425187642629,0.9167552087061076,-0.7192056288391601,0.6689449545947859,-0.8446751911657726,0.6223077304345358,-0.9417839887771384,0.38456621138459934,2,0,1
0.2973604558864447,-1.268434014000377,0.32483742588938125,-1.351638985820975,0.3470024832100803,-1.361375062134382,0.37099518647527974,-1.3676948369074475,0.2834547764993842,-1.3314417063244965,0.2737649165202057,-1.3295970072941043,0.2644885320873624,-1.3270174191202404,0.43392576919362724,-1.3758474476946325,0.2846423138575079,-1.3202339981278537,0.3430637146613985,-1.2004672101550442,0.2968782737041972,-1.1935886378863039,0.5748853414451257,-1.0436204640796993,0.25827898450716347,-0.9937222697484269,0.6199581303344243,-0.4385820431319862,0.18293869818296712,-0.47247035556484235,0.29507015230731226,-0.611787517928014,0.018950787030764246,-0.5540174708613418,0.20720993518440073,-0.6053627060317014,-0.03502074694003255,-0.5619519751514312,0.21252085928194883,-0.6678680737605273,-0.032612060344346216,-0.6144989585848244,0.22401982924270175,-0.6675911464744133,-0.005891604774961497,-0.6073633542968442,0.36302076807835637,-0.04422770185883064,0.1881411251108552,-0.12439475292894876,-0.12215905009352072,0.11014498745824228,-0.22403072516525688,-0.04929617556130707,-0.577895850461447,0.7258607409167434,-0.674807054708022,0.4995346564213068,-0.6117929365834215,0.9161435219295507,-0.7207994745046209,0.6808363926772246,-0.8663712886244447,0.6359393247164643,-0.9523017884336769,0.3704334046651527,1,0,1
0.29232386404020094,-1.348486142100354,0.28380300545622006,-1.4267682711005305,0.29640103444539667,-1.4365005166482665,0.31698633343245863,-1.4441036597077828,0.2535246335897391,-1.4094420269016552,0.23518885906337245,-1.4063289119282392,0.2208459780974315,-1.4029430711536388,0.42506805037673845,-1.4364499134694786,0.23667519614386268,-1.3816445083131856,0.3268729217648248,-1.2845231062470301,0.25124347441898337,-1.2739936907203915,0.5191496780961216,-1.0697931201580786,0.20704162864103295,-0.999290967303732,0.6218319926131534,-0.45801502309048386,0.1432235440177901,-0.45514701533349206,0.33029218905923485,-0.6179281117261283,0.022592733026458253,-0.5461215213741384,0.25010734346470775,-0.6251169760142492,-0.025848905338091706,-0.5486907294087636,0.24750934290100424,-0.6897559566489401,-0.017974086848623862,-0.6040192194388273,0.26317247871961874,-0.6872975936726121,0.0074327868147406615,-0.5971631374717706,0.35482540100335547,-0.03806016912793053,0.17923274132863545,-0.12288839700849852,-0.12438237705994738,0.14787160352072154,-0.22759877445541937,-0.05152024396625077,-0.5742689803822661,0.7513032036289257,-0.6720639793411513,0.5052553488726049,-0.6119629731499957,0.9233512928998561,-0.7134839478031726,0.7035748291177669,-0.8482641243074983,0.6333217996051453,-0.9487816855009495,0.3757996895053063,1,0,1
0.05859525739065024,-1.3478795218203303,0.07965680705182339,-1.425054683114568,0.09223630007807401,-1.4354164099632698,0.11020975831578106,-1.4422456765706269,0.05615444179255889,-1.4087433446724325,0.05356113700612993,-1.4051016458229109,0.052931161412819394,-1.4015190149085799,0.19459905459426213,-1.4344796023969915,0.1156867646411458,-1.3827876829333732,0.10414330836937057,-1.2804155368626358,0.07698293261320956,-1.271195254610915,0.41968545388920997,-1.033968541037976,0.10461560470472421,-0.9806466307811912,0.41504874454982243,-0.3914415057917529,-0.008269892391449242,-0.4446084553984766,0.10108833453299884,-0.5956268768644665,-0.19967496417288086,-0.4803819988339898,0.01569513050244739,-0.5909151586617718,-0.2576564447899952,-0.4811632278847762,0.005831032471764762,-0.6539502842110219,-0.2546657289584335,-0.5191777692380388,0.04135013892284753,-0.6560502852374477,-0.23814153587536474,-0.5191823414422272,0.34033843381893664,-0.03699793487918645,0.1484007620360989,-0.0826226011713341,-0.1308237477498071,0.14166304452521197,-0.23319935386695723,-0.0394147772985602,-0.5749021688758171,0.72464058026387,-0.6755146341994493,0.5038607030220551,-0.6108036104555196,0.9178893624910045,-0.7237704186423949,0.6548294481074035,-0.8412056296252901,0.5747699056222559,-0.942245534253995,0.3315471787620249,1,0,1
-0.09653098060590633,-1.3323945783919773,-0.06515033681076113,-1.3994797500540082,-0.05224115079060064,-1.401365722495182,-0.03784290908205412,-1.4029500530330077,-0.08054284757065652,-1.3959385161235451,-0.07965064988848665,-1.3944781911776944,-0.07755287317761186,-1.3938926401088632,0.03691979663736905,-1.371833237776842,-0.012460997182096567,-1.3687286493463717,-0.05970718951100782,-1.2453702096239407,-0.07904637749710011,-1.2455124422461261,0.21155970781769434,-0.9615311100810723,-0.04274727772609266,-0.9310798594670351,0.05244799064588252,-0.41910964335899925,-0.28815625962689845,-0.5581205916146339,-0.2903855181014614,-0.3125802515232261,-0.5335214966551989,-0.4118802470986136,-0.3665423753790897,-0.2676873850473956,-0.6084648662266072,-0.39374404310641653,-0.3788359202839357,-0.29313133063661206,-0.6141699884690475,-0.3973326055288838,-0.3679172495358517,-0.3134791221520493,-0.5807951222092406,-0.3934239888132282,0.29585088706575396,0.008730038513001933,0.119843516113837,-0.07481970221801901,-0.17273701997183147,0.061005161156814224,-0.2805824651753483,-0.09482321911537797,-0.58410688091868,0.7122360667276405,-0.6696884103325593,0.47087113764493604,-0.6109318793189672,0.9070562043185523,-0.6785869082678853,0.6431678559652467,-0.8309648808279517,0.5179576735465116,-0.9111828440095733,0.3382786990582191,1,0,1
-0.25622596274445525,-1.2600186868319878,-0.21695320022777798,-1.3298633072948074,-0.20316911675751184,-1.3293108120265273,-0.18725661045099998,-1.328106345155598,-0.23838917634005566,-1.3324779902251442,-0.23910367592430862,-1.3350103734800898,-0.23886122552923694,-1.337763087547682,-0.1148595878932749,-1.2788399800139287,-0.18106955317248452,-1.3056604062100274,-0.2157199408277703,-1.164441701196824,-0.24384517524077098,-1.1792069549713047,-0.009369445712217608,-0.9206106240333627,-0.12708788620862152,-0.9340285604492978,-0.3705913711206379,-0.5031236481747726,-0.461816977672388,-0.6519789227673022,-0.7318948547659324,-0.2828688329761073,-0.7702383476745879,-0.39094140551201034,-0.8054341869322418,-0.23380117335700437,-0.8286683985945106,-0.37311190991969495,-0.8127390863482792,-0.25313220551940924,-0.8290130439318475,-0.3609945802357318,-0.7925193165501173,-0.2627439673081264,-0.8053758604355681,-0.35645747080379975,0.21468511831318474,0.010786294666922545,0.09019586127918357,-0.08946163005249891,-0.21524393729983146,-0.07323425952241797,-0.3463087653952764,-0.25735741648184035,-0.611171611106143,0.6080978141093171,-0.6484279080026475,0.46240143831863084,-0.6097594178773568,0.8514562242181662,-0.6540428218921814,0.6381928035159172,-0.8500817608320186,0.48673174325525514,-0.8888049938344841,0.3706123384939313,1,0,1
-0.4318601429761294,-1.140567133802006,-0.40008184098967914,-1.2160045485719344,-0.38837131390539786,-1.218361952336859,-0.37503011637597616,-1.221207469792167,-0.41671626126561434,-1.2168102450937832,-0.41669302952541376,-1.2204972952659303,-0.4162083758814428,-1.225239041728565,-0.3044901501572606,-1.1888892769922266,-0.3606526349459067,-1.204737896013187,-0.3889914036518145,-1.0601020244480384,-0.41695006154465386,-1.0715668882370075,-0.17167503286925972,-0.8703304652927292,-0.2704385976775697,-0.9042704312756057,-0.5516222351716643,-0.5214006019121208,-0.6278211072985914,-0.6320879809514469,-0.9458861209457411,-0.33261441454595597,-0.9537306640290966,-0.38238644075624567,-1.0438582001371124,-0.28342120467130116,-1.0331287197839594,-0.35673316235905195,-1.0518025902740957,-0.31738106592105153,-1.051450283405416,-0.3557369161383243,-1.0271077447332606,-0.3263865781490034,-1.019810630421652,-0.35305809877626354,0.14784715461004333,0.0200164627655371,0.04402327192294432,-0.03486061478073627,-0.3374876242118948,-0.2624686464721327,-0.4542028983947454,-0.34859995254639614,-0.6335417997498896,0.6010585968285518,-0.6804538504537887,0.4631488083438058,-0.6202394041695262,0.8269079363575325,-0.6586718697002263,0.6311333202490196,-0.9075594339768052,0.43084334357174103,-0.8924274152825628,0.4242512137167501,1,0,1
-0.607936467710131,-1.0722527188652682,-0.5855413173029775,-1.147960882267002,-0.5769067714797175,-1.1521009513730598,-0.5668743669056671,-1.1567996944017063,-0.5932305290170133,-1.1461574566473915,-0.5903658577333483,-1.1488514734990516,-0.5868818381417835,-1.1527175810730637,-0.493954877339602,-1.1344671955492427,-0.5181601263130192,-1.1426034946890529,-0.578387671344416,-1.0099912844085481,-0.5880649268688048,-1.0072417832411964,-0.3681520383995806,-0.8248486494881976,-0.4046972957582449,-0.8070757503693495,-0.7699489395067705,-0.47018845495556966,-0.7761856731659275,-0.517420436379571,-1.1454477578531153,-0.25838875745904116,-1.1199344877625557,-0.3161174075418453,-1.2345463008725674,-0.1996149262133848,-1.2046007113271506,-0.2933512907300002,-1.248499185178546,-0.23017479757016818,-1.2142033287074911,-0.28371456717787613,-1.2222004845522703,-0.2345616421293137,-1.1883240351356867,-0.2774308757459733,0.05290792967261885,0.0353330996505222,-0.008893195038106429,0.0255488298335074,-0.44784728742668983,-0.34217773568489324,-0.515044107372078,-0.35244369339181086,-0.6775315941119668,0.5216510259460536,-0.6893486411965294,0.4457390905252205,-0.6399698245464426,0.78145973243244,-0.6629368711964051,0.616793652183319,-0.9430874376900924,0.4463132110835808,-0.8950344366815569,0.4530657388044244,1,0,1
-0.7506181544905379,-1.0503869555592804,-0.7267435870957201,-1.1286943552555795,-0.7178376747752238,-1.1320703719698288,-0.7079226646330378,-1.1361523617253855,-0.7337761314298319,-1.129297268343018,-0.7301964662695691,-1.1328475231087716,-0.7258758568846124,-1.1368425174116623,-0.6368950790162832,-1.1142628723868524,-0.6609085425599596,-1.1220565033587044,-0.7180680150078504,-0.983029984894212,-0.7258115988798024,-0.9827439131997213,-0.5002323901171962,-0.7811407253356811,-0.5569366193156252,-0.7630559277473321,-0.9149290856899973,-0.42100896169348,-0.9084946350929634,-0.432891996806059,-1.2853286606354086,-0.15981178801085255,-1.2579326310039154,-0.18766540878044471,-1.3659656601522432,-0.10330379287326641,-1.3473931195927689,-0.16167502300417075,-1.3796883277986811,-0.11863847142883278,-1.3482414488293473,-0.14424157915304023,-1.3462079301232825,-0.13345142441457628,-1.3233132973018173,-0.1443041071346438,-0.04632941434807888,0.0448709647337078,-0.10752725525210702,0.04897556836403395,-0.543234588374578,-0.3683900587239341,-0.5992895645782536,-0.39507134162500196,-0.6914399921069232,0.5238184978775301,-0.6977825043278444,0.4583245150596075,-0.6491352403479024,0.7868991725396082,-0.651012315526872,0.6089497269653945,-0.9511246312147917,0.5242853569970921,-0.907707721680213,0.5081978712005591,1,0,1
-0.8494961479766443,-1.0172182092072104,-0.834496352484607,-1.1052344991379586,-0.8249835727379146,-1.1110303240256498,-0.8145498027799739,-1.1167223475209558,-0.8441411082873324,-1.104091324517771,-0.8424301153361794,-1.1080945982174353,-0.8399639672554227,-1.1119996313135918,-0.7383092865230064,-1.1071618685630005,-0.7663490083603753,-1.114813637631926,-0.8125124533082377,-0.9517430094983861,-0.8268846210956017,-0.9503173468032069,-0.605393827889033,-0.786127393655111,-0.6619211004280621,-0.7378619705114439,-1.007363731316865,-0.41640574066044533,-1.039260292746783,-0.40497090513141626,-1.3697764069836496,-0.16315518143035232,-1.3755561673701384,-0.1686099446002059,-1.4721924214999782,-0.07416451771512916,-1.480643214144099,-0.11017445646449153,-1.4751432232247061,-0.08667406837460581,-1.4831463105776217,-0.0959257381902145,-1.4438037292672565,-0.10836015641329788,-1.4448259258360805,-0.10318466841819553,-0.13386265708497633,0.06458408487855995,-0.20877093189991142,0.07539598848019036,-0.6412945280302184,-0.3877348074989042,-0.7255239207351913,-0.36492581082615705,-0.699114869342963,0.5290377307451377,-0.6970089368084007,0.4690175413523393,-0.6927528325744263,0.7640122012494858,-0.6425957526276213,0.6066146899290673,-0.9748348464049994,0.6238113677470902,-0.9078715795924784,0.5572934583371372,1,0,1
-0.9040869066822546,-1.0630321894673753,-0.8809322760874811,-1.1402837807154111,-0.8703781459436079,-1.1407202408557746,-0.8576493766292601,-1.1397408005747665,-0.8921792805255271,-1.1457188957645632,-0.8899731302180786,-1.1495744996262505,-0.8866235581442701,-1.1532491924897803,-0.7798239119690363,-1.1149087889082792,-0.8064111557515264,-1.136948666692685,-0.8725272054852445,-0.9797017909643115,-0.8854349086283709,-0.9907588635689094,-0.6620310804747562,-0.7894877165874165,-0.7076003860242983,-0.7510840435857946,-1.096352047143451,-0.4183433666516398,-1.1157047045959363,-0.4122891504407604,-1.4916969502753703,-0.15452755569991786,-1.489498955791609,-0.1580553201639879,-1.5876682576285126,-0.06921368559068954,-1.5893855528070604,-0.09368239238382778,-1.5887125737797616,-0.0783739113225301,-1.5877445022226815,-0.08077963216414828,-1.561982973802,-0.09257468323937199,-1.556083100375751,-0.08547318512317549,-0.21256462564542603,0.08274216130700962,-0.2712890276566131,0.08695106062206587,-0.7285203209287171,-0.41186331758580785,-0.8158086418088194,-0.4117068740587127,-0.6928791242684953,0.5454512023429954,-0.696638711842226,0.4674224599560168,-0.6349841448117021,0.7980612822674531,-0.6345281601237233,0.5969184041494078,-0.9500936609568494,0.6668093645195422,-0.8609948707912248,0.5862943316387605,1,0,1
-0.9234922062694494,-1.1468970415681377,-0.895849648331041,-1.216631805557349,-0.8855532916449248,-1.2155687062970018,-0.8739301307325679,-1.214987047780385,-0.9053087973583342,-1.2230603246462468,-0.9020779790203383,-1.22597640233376,-0.8967799065237522,-1.228448976214998,-0.7988670188406578,-1.180999629732418,-0.8227677837297445,-1.1970939120486905,-0.8960701027167738,-1.0595355654210208,-0.9058762449700412,-1.068415033101076,-0.7009884844755196,-0.8012036808874893,-0.7387840543200835,-0.752356352081033,-1.1259641129292866,-0.43112959745105806,-1.1294920009664429,-0.4138623594008303,-1.5329135174375506,-0.16205612240192863,-1.5287990279603305,-0.17847478406940556,-1.6264011293316996,-0.08375107059426698,-1.6185428696357789,-0.14191197933250468,-1.6367574189646097,-0.0939957737303628,-1.6317399809467228,-0.09931510079777064,-1.6150158466102258,-0.11011093989819856,-1.601942926250886,-0.10446883992970653,-0.25525616116416866,0.08387705653042349,-0.2999369762241261,0.08767173886062747,-0.7910208693071822,-0.436367613427764,-0.8638548462976153,-0.49133551719237456,-0.6920153483961452,0.5324587280627542,-0.694183808912311,0.4385043806221294,-0.6361956553485433,0.710851553870157,-0.6237923775431755,0.5572180787545715,-0.9461456244267046,0.6144956870728439,-0.8365189967590886,0.5734348219992417,1,0,1
-0.9220316959639694,-1.1999569768822353,-0.8910184349540169,-1.2631811692533301,-0.8809118865282626,-1.2638999938955993,-0.8699761626942867,-1.2656369371948486,-0.8996375341415054,-1.2651757624372504,-0.8960984009535075,-1.2664735269882406,-0.8912600203374853,-1.268466143002782,-0.798338867470354,-1.236847250297495,-0.8214946102229028,-1.2416378081291681,-0.8978100117700912,-1.1200457221004956,-0.9078404391747629,-1.1187849059022712,-0.7041433053655193,-0.8362336850634989,-0.7291992314641521,-0.7787846808747045,-1.1370992837243459,-0.43203773606134427,-1.1232359899058428,-0.41953040971741873,-1.5616475964461263,-0.1687873955519505,-1.545646241090656,-0.18342536904767284,-1.6542070508900288,-0.08630063050819066,-1.6408102454718292,-0.14839758918721438,-1.6643694543507335,-0.09427925039004392,-1.6466326385730479,-0.11216472459039571,-1.6373869002655754,-0.11127549266229397,-1.6178336836942313,-0.11575674705927577,-0.28295877562245725,0.08743299565814101,-0.3169791876844325,0.09694441610088557,-0.8318707951226869,-0.4351443634477363,-0.8784448734359026,-0.4842720795867194,-0.6921317542433203,0.5366513157304356,-0.6940258825081818,0.4389307077694266,-0.6415406856178751,0.7046810553851887,-0.6197908338667177,0.5503619967875149,-0.9421832534185638,0.5933844610310292,-0.8238249514819554,0.569065030525988,2,0,1
-0.8956195552445866,-1.2421893148127587,-0.8676908020386012,-1.3104304509093958,-0.8585754333370414,-1.3119175294284031,-0.8494155783244594,-1.3139379493873335,-0.8761415946827219,-1.3098847521608554,-0.8728331724466091,-1.311039542651143,-0.8682767856132341,-1.312736324697386,-0.7754128470850008,-1.280836179647969,-0.7977602982808915,-1.2853451144162538,-0.8690237849191506,-1.1626822675958912,-0.8814558552535966,-1.1539308216331112,-0.6752847882591673,-0.8514351518321707,-0.7217806448088354,-0.8033673220532944,-1.1282023922391402,-0.4308741718819382,-1.0876601634082066,-0.44944868961079126,-1.512941758823338,-0.15552775625940304,-1.422881075754942,-0.1854529562456013,-1.5969808489756045,-0.05485745873144188,-1.5076090858626237,-0.13399020307029105,-1.612165015512212,-0.057083257159592005,-1.5109901690734062,-0.10984698778613279,-1.5775841995044417,-0.07518795001481489,-1.4872316368065048,-0.11387349322599752,-0.2633168335752408,0.08249896947342093,-0.3170095866636311,0.097732070952153,-0.8209789397343025,-0.4699224021010389,-0.8573110335193181,-0.49674801836675697,-0.6927691442218011,0.5246397646082366,-0.6959939074785747,0.4477706320619065,-0.644304521263223,0.7061550351570616,-0.6241880585651018,0.5789241856332237,-0.9518727426784838,0.5538979170752724,-0.8352253101199422,0.5715051046855623,2,0,1
-0.7752546735346992,-1.2994915141751795,-0.7344664106891949,-1.381819611376293,-0.720111419560809,-1.3830819104515513,-0.7035966180322895,-1.382127308360864,-0.7568529109803163,-1.3800355867312117,-0.7595786861151228,-1.3815302032084755,-0.7619905856110496,-1.3834848822855619,-0.635947026299163,-1.3253955223642184,-0.7044156604474447,-1.3430882225501402,-0.7472868712334831,-1.2031456567978465,-0.7756466473640404,-1.203897846173382,-0.5247334730589118,-0.8945893449855454,-0.6647239851686407,-0.8421361535245577,-0.8518811085397854,-0.42040753148307547,-0.9301324060549617,-0.45039229369680917,-1.256231276753484,-0.12067075440403581,-1.2614328386697689,-0.18009507437530742,-1.3301948353246258,-0.01724230559269076,-1.3297399627944224,-0.11963545908807746,-1.3391001297796912,-0.05180520350296597,-1.3375165406803826,-0.10993892616224558,-1.3185289181244528,-0.06923296299213254,-1.3142279568601978,-0.1119101640328791,-0.1791185812879834,0.05428599816923734,-0.2887308744776034,0.07892671869832855,-0.6962914714700796,-0.4626386336827371,-0.779867903987714,-0.45024709532055573,-0.6953896350871882,0.5267427313887306,-0.7203790788654599,0.4398295783982499,-0.6436982717024577,0.7485304707213734,-0.6311479419245439,0.584700733119472,-0.9576494137378183,0.5555159830656231,-0.9222731577743517,0.5463587230878507,2,0,1
-0.5552434208888812,-1.3597227663991616,-0.5155982090904782,-1.4329618159660702,-0.4992606113675308,-1.4334481996332475,-0.482588624873399,-1.434992492491153,-0.5465196552974041,-1.4369036738419063,-0.551317256794989,-1.4389744498334522,-0.5555963456229916,-1.4423174725336936,-0.4109204363779229,-1.3900675587994604,-0.5027058290100372,-1.4028713369771153,-0.5219891619611793,-1.2685978719126425,-0.5586216619186818,-1.2678065098687898,-0.30896522589993375,-0.9075650133260671,-0.487853085490546,-0.9400988411613798,-0.6360757894549554,-0.41890698349767536,-0.7365592444766228,-0.5212996427007174,-1.0019738440172525,-0.1524839040007869,-1.03455821324481,-0.2575506847886151,-1.0888680903255488,-0.0809652389395803,-1.1247271463366937,-0.21530401238009567,-1.107223636545703,-0.13128444677544454,-1.1291530399910699,-0.2111870514411522,-1.0811671391683264,-0.1510094299365693,-1.098555725989176,-0.213828055438844,-0.03801319279480067,0.05350303909524449,-0.17517388123116526,-0.000674614783289059,-0.5285345811895967,-0.37782474028016516,-0.6660378142208332,-0.4493112763389668,-0.686740013347415,0.5973422598349816,-0.7361524418769408,0.4696267566671728,-0.6437659897536806,0.8387615610756022,-0.7153649773208998,0.6634830241859343,-0.9743149744314691,0.6227560535911718,-0.9675460114901645,0.5501076833761707,2,0,1
-0.3087104181962448,-1.379740308841801,-0.2721881454316087,-1.4585155562423515,-0.25619556376525665,-1.4559651931033677,-0.23714701967784352,-1.4531832540008953,-0.29713162002182403,-1.4635295960003687,-0.30135954959215094,-1.467686409259603,-0.3057827246386314,-1.4732032061187155,-0.1614693788283946,-1.3978684805833967,-0.2562632818164795,-1.4394993883035156,-0.2775774148657905,-1.2926338257580026,-0.31359921663142554,-1.3019027958056755,-0.07673926797824808,-0.988715582589037,-0.2600164435897293,-0.99644557342151,-0.39529634965453914,-0.6324022273095852,-0.5438457808587902,-0.7128930398654768,-0.7589133686191667,-0.5107817194710927,-0.825684850001947,-0.5266072303249387,-0.8376474661820215,-0.4391320669385427,-0.8948580978875879,-0.505137642333222,-0.8532766194019383,-0.4580603744131094,-0.8999470847223691,-0.4982522735447423,-0.8269759416062836,-0.47405011389847945,-0.8736559220543497,-0.4940182888931929,0.11759621596869275,0.02298271112603652,-0.005999854798449144,-0.03528891909741229,-0.40963675915875664,-0.3408163309945241,-0.5118976894519381,-0.39113257307632016,-0.6542326301525433,0.6162724209058409,-0.7222803743693195,0.470774009199204,-0.637875755028153,0.832099983146182,-0.7036408571971394,0.6562525157677731,-0.9739666219015471,0.5958087178355732,-0.9533909616152066,0.5108576583073492,2,0,1
-0.07742287429095775,-1.4190823958598215,-0.03189237069047401,-1.4837329305780695,-0.014968047954376697,-1.478181903974087,0.002285967775630476,-1.470528219522326,-0.058574271456972714,-1.4956665070828932,-0.062771060609584,-1.5025170900476152,-0.06705682238423993,-1.510331913803746,0.0632522327161702,-1.4067524586810973,-0.01657276805142075,-1.4597012400041824,-0.05060800888373677,-1.3316850217311713,-0.08685496081237917,-1.3459468387525828,0.08795300976514155,-1.031525871843592,-0.07443314704408543,-1.0281812426932304,-0.2296406961313439,-0.8337376322958882,-0.35051741756416027,-0.8383098364842934,-0.5959436996970303,-0.7316153510053929,-0.6248874822328416,-0.7294593713709306,-0.6703851153924033,-0.6679382632734736,-0.6919174785118961,-0.6905333549340551,-0.6830602539873519,-0.679902980196013,-0.6972968620991841,-0.691554068625845,-0.6551586868603246,-0.6932287310896631,-0.6732542353071708,-0.6925559992085366,0.22405937263027714,-0.02212813827380333,0.10704604016357701,-0.07270338954421826,-0.324923701394502,-0.2064692781572351,-0.4020239156119758,-0.28045372057994,-0.6385492283477964,0.6300967892021995,-0.6954529045073089,0.48613463810286667,-0.6340724225819169,0.8491172328430815,-0.6982953326354628,0.6534130533936873,-0.9445894685525266,0.5314839835590206,-0.9341120772951669,0.49162004739809123,2,0,1
0.10574728702789758,-1.4164390439734924,0.15317093030855342,-1.4726787001544537,0.1689717265451648,-1.4678837554782214,0.18581523248290488,-1.4615472983385225,0.12117019676699156,-1.487326683070156,0.11436823981167868,-1.494848206106255,0.10788559571103713,-1.5024624089569836,0.24295345035997387,-1.4034330384403153,0.14514955413888428,-1.457094712897533,0.12560226907567645,-1.3236672291810012,0.09152402480937219,-1.3476780976898681,0.29339721986670064,-1.0381149123714286,0.030051604507867393,-1.052636480019976,-0.0018497762724112934,-0.7510232456273975,-0.22840842531602562,-0.8093476415586423,-0.31154642052391773,-0.6510956223473368,-0.4921292085644804,-0.6512969229047127,-0.39157803549159015,-0.5884834874720574,-0.5737524448820626,-0.6109349872065056,-0.4057763359467086,-0.6041120228265433,-0.572846901306586,-0.6106448376001712,-0.39264570695612583,-0.6137215602997094,-0.5400291025192474,-0.6147962754301569,0.295691724930763,-0.035752565316733806,0.13853864117479503,-0.11563589258099848,-0.2320048964160079,-0.09718445364597382,-0.3222970318748063,-0.1662548887239187,-0.6090790244648876,0.6386178949323527,-0.6790567331415155,0.485239721812801,-0.6233240355465794,0.8465896689384966,-0.6966471148120859,0.6530616115366109,-0.8446356477781972,0.5357583766097487,-0.9421092331399461,0.4312274087235671,2,0,1
0.22810886266417008,-1.3059079231016322,0.26081890572036565,-1.369350469115995,0.2788188085985137,-1.3696570539427904,0.30039293942113293,-1.3694624263320678,0.23203502675806226,-1.372487062975784,0.22819536382449127,-1.3749632204765208,0.22454254339721402,-1.3774191737776684,0.37037583816738007,-1.339585419849477,0.2683417880604124,-1.3730200954829916,0.2629203896238256,-1.2272824462815237,0.2287645414594046,-1.23871962969919,0.45826249993073265,-1.0295960309568264,0.14667494031460518,-1.0417909645389063,0.2123666400704048,-0.7618051209690878,-0.09214290031589906,-0.7842391968983857,-0.08515583087749885,-0.6763339423211612,-0.3851655809038949,-0.6813042989932161,-0.16702646051359954,-0.623123124268846,-0.47141366354459197,-0.6368691472285708,-0.20085137995324892,-0.6547908283431714,-0.4469101091411529,-0.647687970923027,-0.16837760863781637,-0.6597656336463286,-0.4117431859856635,-0.6570003151239466,0.3493333187614776,-0.031230778947487232,0.17458664043469874,-0.11583608098059892,-0.18086516328795418,0.03133971179775186,-0.29723097278310723,-0.09587260176316005,-0.605118259906867,0.687538008286565,-0.7051262056929402,0.48838959977935364,-0.624505147104222,0.8710509613464645,-0.7316185453452494,0.6560162440270101,-0.8292671101970194,0.5558019311870277,-0.9457237459105097,0.40757774434558425,2,0,1
0.2811867160757629,-1.2072010783398757,0.30061487668389986,-1.2746333050144236,0.3183604661507037,-1.2811631540339832,0.3369043377541858,-1.2900302644054211,0.2718440964687308,-1.2643633929687483,0.26612315687126037,-1.2634463570962577,0.2602126561596003,-1.2613577247937597,0.4026682041923105,-1.3183595179836936,0.30121544188270116,-1.2719715407382546,0.3323887300392479,-1.1416710121807905,0.2905780234787472,-1.1354971772224955,0.5727784203258741,-1.0302592477103176,0.2565662615328041,-1.0118514300747121,0.45561828303280033,-0.6999392439612079,0.038024787173929035,-0.7207065661042028,0.1362999911456829,-0.7319027820038316,-0.19050707690969756,-0.6941872875191079,0.06390099141857905,-0.7054237882448291,-0.2686077388328289,-0.6868957339963772,0.057255230844188994,-0.7412363807755731,-0.2503500624969237,-0.7032277709304467,0.07801452073658272,-0.7388667432751174,-0.22419581880838416,-0.7017687435020008,0.3715846300963255,-0.03395259974353623,0.1912588740750029,-0.11987865092166615,-0.15220980033527085,0.057023142027971804,-0.23771076009696526,-0.033865357144698016,-0.5934163829386178,0.6954508872865741,-0.6796708913797959,0.49579805344160416,-0.6234851748509491,0.8963592236870629,-0.7251625930312212,0.6607508232506467,-0.8291741832362172,0.5540877253356342,-0.936326506999389,0.3978542724869666,2,0,1
0.25131069817786156,-1.2111051228513428,0.2673284887537929,-1.2873400783194324,0.2798896929632899,-1.295926307065999,0.2959292324023877,-1.3063821966063647,0.24218284859459835,-1.272795526076857,0.23768627113493107,-1.2712186099242018,0.2336563056486535,-1.268556104209516,0.36277732909859534,-1.340632454608622,0.28004341788248927,-1.271926189415629,0.2994377194650148,-1.1517804027875267,0.26973346815689403,-1.1347187903526912,0.5749209304939435,-1.0440395004149123,0.2861239551607235,-0.9760015184719438,0.6130494062326578,-0.4633691977681925,0.20311002733134917,-0.48277536236699065,0.2784730511034013,-0.666825734778657,0.013219714440227577,-0.5944131420120742,0.20458697285729022,-0.67935542785118,-0.04364812552429466,-0.6137410848473247,0.19960055168403273,-0.6965902897528303,-0.051491556449874534,-0.6763727442702195,0.2211961842236461,-0.6991891553281371,-0.02725714422812051,-0.6638571385295203,0.3638111415375196,-0.03444812781909042,0.19232605124719387,-0.11902352516534821,-0.1269823547930297,0.13064007809239786,-0.2198633464071548,-0.007785257307862368,-0.5694550672373063,0.7439572779482788,-0.680736091382608,0.5214980424653713,-0.6138042121339751,0.9276649821919871,-0.7271946288602519,0.6945448494187528,-0.8529747303524174,0.6461763663212173,-0.9359088299681239,0.4004671018210109,2,0,1
0.20305590231960535,-1.2188200377673026,0.23575605952890705,-1.3089711763347776,0.2500084849957693,-1.3279840078002867,0.2706224529388234,-1.3470305747183209,0.20464356933075753,-1.2747785033906769,0.19912331242523218,-1.2783513720312,0.1933279818298855,-1.2808371682326585,0.33294851611961207,-1.3839516796185807,0.23816524041693807,-1.2815300425268312,0.24693645807350567,-1.1812255213339424,0.21553085251495352,-1.1390710344477082,0.5271886016440273,-1.0686686050739034,0.23815214166980372,-0.9767357897499845,0.6493890379759301,-0.4737083107421246,0.16142536531874507,-0.4838177013488609,0.33220559472553934,-0.5958768652177947,0.04954946033660597,-0.5119837148802987,0.24738601696100346,-0.6235821982839791,0.020069617752975617,-0.5020292849236235,0.24442792442419148,-0.6808121073909886,0.01978960113970734,-0.5546727789373178,0.26080580697323125,-0.666948442853227,0.0421545997138345,-0.5514140330818467,0.3614988419490483,-0.04932632739433331,0.19339199268852317,-0.12913526366072176,-0.1253534143710957,0.14242796192862353,-0.2204915919772589,-0.020426784023371898,-0.5727984606568061,0.7489058857571673,-0.6697410524672691,0.520155791603359,-0.6142171933879657,0.9279106454872993,-0.7139824416327949,0.6986291870629466,-0.852895890723439,0.634316562948839,-0.932840139519187,0.39166943952400224,1,0,1
0.12738518156298215,-1.242129629012137,0.14348724898368354,-1.334032539649202,0.1564765103636842,-1.3535604237378807,0.1734391407564952,-1.3738941279214942,0.11757644427490506,-1.2979352347279152,0.11313473326549867,-1.297380515144084,0.10972930615674,-1.295266179639662,0.24193496098373507,-1.40199304126714,0.15559296279754645,-1.2911441522041855,0.1733439894801419,-1.2019084430590812,0.14629408806301966,-1.1567669475338704,0.5060133647435748,-1.0608437101112493,0.21754435238105824,-0.9646633170963022,0.5436836314787592,-0.4223547961749914,0.12510031519964127,-0.44359503251877086,0.2253188295245535,-0.5872552945685827,-0.05246827812298682,-0.4951529369704344,0.14274432758961078,-0.5991211530221836,-0.10531850990984878,-0.4934429326039709,0.13248553712169123,-0.6454767541190453,-0.10350643417420624,-0.5355870393509666,0.15699798878733476,-0.6395045904373848,-0.0795194152709708,-0.5341563101592542,0.3504563509686188,-0.0306890345377043,0.18439315340722467,-0.10790590174852552,-0.1359769925893983,0.12312559872221084,-0.23307528648843942,-0.009288400328072122,-0.5634966201682111,0.7443186056522489,-0.6688199386829347,0.4939988293069236,-0.6033813166076176,0.931073375054814,-0.7198971438293849,0.6691812263355489,-0.8179616556892135,0.6358824810968247,-0.9370156741009765,0.33304068308151313,1,0,1
0.03276082084912674,-1.2965847044691292,0.05059068716070062,-1.381748247919028,0.06534185360335755,-1.3935910599920576,0.0803737780977998,-1.4076560250871952,0.032464492588483614,-1.3588169756775126,0.031367657875611056,-1.3558452901012215,0.030899068732842608,-1.352628435521963,0.15769049236224889,-1.4242117910937813,0.08501073458335971,-1.3555574883835244,0.0754402462054244,-1.2448837023836772,0.056831375158615215,-1.2203010612050873,0.37065190044189084,-1.0655859508662289,0.07810448194331673,-0.9649565560297909,0.3419930774427946,-0.43737077974131733,-0.08423397565464744,-0.4708288106881187,0.003146283601567694,-0.5699111940587553,-0.2857030867201898,-0.4972198204097659,-0.08480142326635437,-0.5556932454829354,-0.342845753228361,-0.49054699732950396,-0.08147483578657415,-0.6154376197473954,-0.3376052657899316,-0.5232487609889259,-0.053032265688280913,-0.6178042914937829,-0.31381522238605614,-0.522669944653291,0.3254266223642547,-0.04471729842624851,0.14214104378291365,-0.10766641710752202,-0.15577438957902048,0.056199898127886526,-0.26191403190100365,-0.06008311739953051,-0.5641256071768322,0.7338213191280153,-0.6702155731181738,0.49902701818330764,-0.6045831884437374,0.9304658897631869,-0.7115759793526597,0.6518031432270239,-0.8197839879910085,0.5712987376316532,-0.9256631382473387,0.3791574174028022,1,0,1
-0.08301010780918891,-1.3443904357322325,-0.05095772071760668,-1.4211926534523998,-0.034434269073054954,-1.4260831201242439,-0.0173787117194418,-1.4323094736441624,-0.07417710360953475,-1.411550430897941,-0.07636805442738405,-1.4096490118209952,-0.07772562835208188,-1.4081075611440719,0.05491673376144899,-1.4222661328519857,-0.025446551369512047,-1.3881839342469238,-0.047168228457021975,-1.2707956192502312,-0.07194685655028239,-1.2604364874363392,0.21897780018066637,-1.0432303438466508,-0.06253997893844028,-0.9654545555670686,0.06574618474131598,-0.4788326394795513,-0.28563042574552,-0.5695601229209375,-0.2896470453384909,-0.42566667845751704,-0.5102573803060761,-0.4867655373195205,-0.3713115550668548,-0.3873005716740919,-0.5733790070156474,-0.44868266004960417,-0.3820095242830336,-0.41827416572338283,-0.5741617189434679,-0.45945440239822827,-0.3580420299274135,-0.435052054352365,-0.550926765842682,-0.4675253313754529,0.2629685831274331,-0.011095285994095391,0.08973320364455142,-0.08466823003984383,-0.204526937828382,-0.11097273860116985,-0.342008421996452,-0.21866940180893427,-0.570304261485488,0.659631003943746,-0.6878726842552777,0.4773777549242952,-0.59467855844079,0.8661018592452313,-0.7356013059126089,0.6524496776138816,-0.807156795753495,0.5612062765377226,-0.9275189588554865,0.3737266274116662,1,0,1
-0.23399961317301432,-1.3392651184101163,-0.20105576983777923,-1.4173704143239791,-0.18831489036098653,-1.4221384818539686,-0.17307659881263518,-1.4212831707380216,-0.22007045489958094,-1.4072586140420624,-0.2216158599152619,-1.4073811985435463,-0.2229855440024047,-1.4085943155305076,-0.09958496585758865,-1.3752906273683365,-0.17345745106422072,-1.384074016973892,-0.20928252447666812,-1.267648212745402,-0.23017206040188828,-1.2631301335687408,0.023813140825503922,-0.9820321322233642,-0.19672329743654987,-0.9652595572370875,-0.2648375239736872,-0.4636392049614808,-0.4815866942907074,-0.5974615664748787,-0.6017531176242007,-0.303237631916194,-0.7678286724942122,-0.3587099610185633,-0.6807528973223276,-0.2214342260389715,-0.8416853403458141,-0.3470416959297532,-0.690397035259622,-0.2522731254243338,-0.8412356578852301,-0.33729054369983275,-0.6662681544534599,-0.26829783609309077,-0.8039975262323932,-0.32974331746180985,0.2001338931239559,0.003039992187074739,0.04562354338888615,-0.0821910839544176,-0.2785954099496846,-0.21891803085831457,-0.3937371044532068,-0.34758059815855413,-0.584789251500528,0.5991743544105842,-0.6644862305508437,0.4224895558002662,-0.5851088115013716,0.8311383373895829,-0.6313800121803771,0.6089712286823886,-0.8189424552741695,0.5125256478245139,-0.8776507927841541,0.40077628168261603,1,0,1
-0.4100279915495807,-1.236647432617153,-0.3800410050202959,-1.3181826848973799,-0.3691450717200678,-1.3201049878258888,-0.3562329199458391,-1.3219238600812708,-0.39512705452648195,-1.3184416940859987,-0.3947167918803872,-1.3216439670410889,-0.3939419886300818,-1.3262866078886126,-0.27961587649530223,-1.2700678973457578,-0.33242508201755466,-1.2952534516117864,-0.37896369485503867,-1.1566872428932888,-0.3998660823812209,-1.1586757809959864,-0.14556329832236375,-0.9211387754036665,-0.27042426319957363,-0.9314796184008051,-0.476187044717287,-0.4860043271086941,-0.6164867366886211,-0.5951135542645034,-0.8651382763706094,-0.33004854298465747,-0.9229232757807084,-0.32617724534102616,-0.9594931241835212,-0.25258897823259224,-0.995197219544605,-0.2925851375957269,-0.9744263137821111,-0.27123170830501286,-1.002558097568679,-0.2768135046074524,-0.9475213635950699,-0.28524712059259505,-0.9758990578231223,-0.28163804503782314,0.15063916491903867,0.002584996083785334,0.038086079424670904,-0.055493612979061066,-0.34398732139842825,-0.2864457795284743,-0.4480459929492562,-0.3918663500620161,-0.6188810888063113,0.5675218498258582,-0.6637502292495966,0.4194938970452576,-0.6110826384840985,0.7864748225616897,-0.6503539181237417,0.5964441306446754,-0.8890643737423615,0.38884801882049774,-0.885327152897228,0.41224855985675557,1,0,1
-0.5823160597538592,-1.1197568082250229,-0.5548277210269948,-1.1966093819778056,-0.5450543256415633,-1.2009671868617005,-0.5336423511334762,-1.2057701020019909,-0.566777979898452,-1.1913482578339853,-0.5653094373423707,-1.1927195483712485,-0.5633433895413564,-1.1952865320903225,-0.4629397627333569,-1.1726989783879975,-0.49671451150002,-1.1792097971522866,-0.5550511411667959,-1.0571554242082404,-0.5693129581882073,-1.0511208561180627,-0.3192015260661698,-0.8474098821231677,-0.38076761476699383,-0.829345350520951,-0.6761525184702749,-0.45699257937548754,-0.729863066083074,-0.49926915647086084,-1.085065128598571,-0.26147536600547316,-1.0705173634557552,-0.28554270741472115,-1.160642798821306,-0.18100827948212675,-1.1426550061056029,-0.24055567824722676,-1.1717547378761648,-0.21012803009264863,-1.155305430083317,-0.23308049511844278,-1.1481160715028513,-0.22865583719492827,-1.1263282828142387,-0.23911259174689714,0.08389882395397404,0.01929207733439031,-0.004171961707776446,0.0045423937687674555,-0.4138454113276405,-0.34356978650063336,-0.5203278453906679,-0.3692496331113543,-0.672237228807966,0.5068276928210717,-0.6954378285907957,0.41816499207655194,-0.6376377532641835,0.7693166995465528,-0.6598055291927784,0.5923788232557523,-0.9297146054506104,0.43353056390366157,-0.9125470908809244,0.4351575271562168,1,0,1
-0.7115599148514572,-1.0561504042983945,-0.6910895388345362,-1.1355986307262436,-0.6809115651649739,-1.1401268428959712,-0.6697348738129605,-1.145917230567871,-0.7028892856870345,-1.1332323296991147,-0.7014817882355228,-1.1357529735108738,-0.6991274737977525,-1.1389664916168056,-0.5971435943637712,-1.1283081893612885,-0.6306637825729177,-1.1335077741081945,-0.6780224264102465,-0.9878883843501942,-0.6902487475562143,-0.985784676131183,-0.4473680709985105,-0.8160519757758783,-0.5226255633549708,-0.7259676902480231,-0.8539243895196578,-0.446124944311993,-0.8750017565358611,-0.4324916200068581,-1.2112321374235446,-0.21317138805892008,-1.1967706262948776,-0.19957043990236248,-1.2895011058900439,-0.13155334181095724,-1.2733685159170576,-0.13764055203584483,-1.2967170326840367,-0.13934190628627627,-1.27435524701015,-0.1241404395176045,-1.27044354096734,-0.15549612154934273,-1.249936710889998,-0.1290077362357911,-0.007698984733329458,0.021069552605904374,-0.08338181565239763,0.04220994189605597,-0.49723771994687693,-0.3451847631638298,-0.5863433066322411,-0.3588668988380031,-0.6889176182719575,0.5428121755146823,-0.7107552069142978,0.4581065321355981,-0.643141698522334,0.7851224387066111,-0.6619915370871808,0.6167803062900123,-0.9463374098564453,0.5798099575149126,-0.9344222457414614,0.5079601165827621,1,0,1
-0.7996830955017451,-1.0489650000566866,-0.775562864811615,-1.1338267162436073,-0.7637329661260905,-1.1385187863256006,-0.7507320888759895,-1.1437888077316254,-0.7903748292126691,-1.1303840936359106,-0.7897819255452105,-1.1329200605103553,-0.7885128299502127,-1.1353673019089277,-0.6766070202812197,-1.1267092771992946,-0.7136445928151977,-1.1305745197617034,-0.7645562100261758,-0.9808804310602307,-0.7828146278005981,-0.9791097523084562,-0.5531918605122351,-0.8080584035505981,-0.619354868018699,-0.6825311325927428,-0.9300206959850612,-0.4401829324633589,-0.9200366084877045,-0.37070359404326714,-1.301116728844144,-0.23745794812303916,-1.2023408067272168,0.02045341719824523,-1.3909324900557452,-0.14950183828525732,-1.3474797443261761,-0.10557061756602601,-1.4035750053559441,-0.1564360184427754,-1.3511564143590848,-0.09988625560206278,-1.376029699436354,-0.18102879261443147,-1.3071128657045221,-0.10295160957767303,-0.08592297259646155,0.02731889071985108,-0.15789465659157878,0.08703558461300828,-0.575436004608085,-0.353273980957808,-0.6512016294948892,-0.3427102121132132,-0.7013260861469446,0.5478403643910663,-0.7115952567541027,0.5290617039238553,-0.6991887660484944,0.7578268739941767,-0.655261005375676,0.6589726065406156,-0.9686891861103519,0.6093026516995049,-0.93132043770543,0.6220939489954562,1,0,1
-0.8622439475462627,-1.0669008920761969,-0.8408513455872317,-1.1503746353592215,-0.8304599611978485,-1.154478250404858,-0.8182400658523615,-1.1591391800691357,-0.852021487565678,-1.147267142961226,-0.8499958775371284,-1.1495314961922622,-0.8468773871344636,-1.1518122846437593,-0.7441832096011592,-1.14102101774752,-0.7722503646636585,-1.144230457941608,-0.8274573823500141,-0.9962705939314889,-0.8401204107825178,-0.9960796735133514,-0.6096781067866548,-0.8146663507606192,-0.6582354095598628,-0.712030870443247,-1.0240344820801353,-0.44731445883949544,-0.976179445155649,-0.29933667673188114,-1.3962925962415902,-0.24275651491196992,-1.25486777132065,0.030613349197226292,-1.4912933605759289,-0.15940177251093016,-1.4255231919104092,-0.12439104573636357,-1.5011952719709805,-0.17056709513901566,-1.4340163701230875,-0.11996935356691722,-1.4725737680439086,-0.19344393343607186,-1.309341382740568,0.015585131895369243,-0.1542094600157242,0.04129871395861544,-0.21027234489691476,0.07381919590062143,-0.6609564889173948,-0.4211383427147033,-0.6959370638589352,-0.4029985551030072,-0.694183808912311,0.5510374472765371,-0.6863796742281342,0.48011712309858073,-0.6674826307443693,0.7523854567176298,-0.6195113115457942,0.5859273195728264,-0.9583050925330528,0.604556456605768,-0.8300551357675453,0.5889338527594182,1,0,1
-0.8958980889808208,-1.1080677828577357,-0.8692679653374287,-1.1800556549271415,-0.8584210905524112,-1.1820181191086567,-0.8464138644882283,-1.1848070400904978,-0.8804655405410053,-1.1825906332168967,-0.8777591663807279,-1.185568250301324,-0.8739270414054136,-1.1891784380138717,-0.7727026421590522,-1.162329466434867,-0.7995399978679566,-1.175703781551383,-0.861580360073513,-1.0215496930237504,-0.8743169144922897,-1.0313191340704244,-0.6696861860170082,-0.8146967497398178,-0.6697301780356859,-0.720965081000477,-1.0925456253700605,-0.4522733232145363,-1.0136941333753415,-0.27469546191044525,-1.5060859240024538,-0.2487325093593017,-1.3041887557664078,0.049609992588446714,-1.598031961646593,-0.16526457401132735,-1.3713793970574872,-0.008918916800414513,-1.609615949890633,-0.17636193144201767,-1.3843319572308945,-0.0023445814698325176,-1.5766591313813498,-0.1991801960962278,-1.3604780265414675,0.05009810627883052,-0.21262097497272095,0.06398277824124157,-0.24573312485132381,0.09281361497629073,-0.7264897679767205,-0.43961634986325515,-0.7791941835218982,-0.40329265904809924,-0.6920714505772678,0.5288049190507875,-0.6757024652904324,0.4843257752674647,-0.6527542017495682,0.7521375691067665,-0.6044138933156802,0.5888906021792577,-0.9451471538904259,0.5965370576054776,-0.8302451911740796,0.6154978648017078,1,0,1
-0.914741872464445,-1.1778868236917173,-0.8874360511858583,-1.2468778012752528,-0.876922576587336,-1.2462605537098181,-0.8645427776683411,-1.2464058756591576,-0.8986367157165893,-1.252540785095308,-0.8963926284716855,-1.2544603694159213,-0.8928322407128658,-1.2571699564764391,-0.7867786052588591,-1.2055261687298853,-0.8164235414856168,-1.2256238483189081,-0.8850349025484285,-1.0878697619227402,-0.8976551746931163,-1.0980707201863307,-0.6898948342374146,-0.8155802973059555,-0.7314084710987551,-0.7649826793069433,-1.1160762888660587,-0.4448381777656724,-1.1271863743246249,-0.4008839724524129,-1.521101289703349,-0.2218133482673506,-1.5146375522848918,-0.195778970472399,-1.6188754048106706,-0.12868125614212172,-1.6220394936821332,-0.14485400736811416,-1.6278528659480613,-0.1407568181229584,-1.6151320053112286,-0.10304379509995819,-1.5991243477283634,-0.16987162581003337,-1.5885941907632077,-0.12111042744463975,-0.251096938229754,0.08422874553367217,-0.304293421804073,0.10276050697470934,-0.7839700361563167,-0.45539477937126915,-0.8615540390061581,-0.5097413576586014,-0.6681692028111471,0.5050959395914416,-0.6741961093699822,0.4627874806398356,-0.6120408241942847,0.7359895324980088,-0.602986129878036,0.5472056930204812,-0.8846895157725747,0.5902027012082438,-0.8221716671620454,0.5924270167593598,1,0,1
-0.9115687627576918,-1.2191373734525952,-0.8822391850468481,-1.2895656296014102,-0.871642422188245,-1.2925672198645553,-0.8601053917169508,-1.2956905296175807,-0.893329128092368,-1.2896872255182046,-0.8905801212173609,-1.2912333719724025,-0.8868574819963958,-1.2936119067350627,-0.7857514657665883,-1.2626059365371944,-0.8150479258903377,-1.2682051566447843,-0.8798266676854903,-1.1313506823159567,-0.8937896849845351,-1.1297995929383118,-0.6849610551988669,-0.846678453026109,-0.7150155126332022,-0.7851091514250444,-1.1013829546277307,-0.44479047855440956,-1.104149138161716,-0.4289825150788002,-1.5074668532404383,-0.1889468616840599,-1.485327251975491,-0.21125575807706448,-1.610849332863727,-0.10768470592427565,-1.5939672721231009,-0.16882520891631947,-1.6208361389689796,-0.12196851895502585,-1.6022193592446552,-0.143783864441855,-1.595345853472448,-0.14032900809862708,-1.5732803960592046,-0.14847198018509059,-0.27481605068216614,0.0821470333239999,-0.30797342831030833,0.11837100065861411,-0.8193986871083206,-0.503595079498523,-0.8692185361029594,-0.5206486596827574,-0.7023015720891952,0.5065390260917713,-0.6887552432367261,0.4629387340973115,-0.6484101134782385,0.7220277509298256,-0.6053668889562472,0.5541453103937909,-0.9256942786650543,0.5895660526682799,-0.8192281562494018,0.5868294031018901,2,0,1
-0.8706983238098824,-1.280290728045601,-0.8371705976424794,-1.3553365397054469,-0.8257774062434906,-1.3599014530817677,-0.8120485599427438,-1.3639278349485464,-0.851603192668982,-1.3511292468405107,-0.8515468433416871,-1.3515199849389903,-0.8511650025054122,-1.3525824663339066,-0.7413395457421436,-1.3249821703909692,-0.7879599639626741,-1.3277788764772391,-0.8419796914370784,-1.1983557168316041,-0.8682675176317711,-1.1863714753614494,-0.6255224007495991,-0.9162011655994474,-0.7103570544306481,-0.8131291015686256,-1.0038363375720536,-0.47145816841599836,-1.045705988494659,-0.4645175624579993,-1.4139070746639644,-0.20287157132639105,-1.4300034577227017,-0.2495515517744571,-1.5022452724841935,-0.1199377188568569,-1.4983664368823055,-0.1898744012688753,-1.5146952609161346,-0.12963227461331003,-1.5029975854328153,-0.174599037794672,-1.4942954451314185,-0.14169251353146123,-1.4976688668108582,-0.18203072319712307,-0.24921195437326932,0.059545268716765055,-0.3015498521448575,0.11652111155860259,-0.7842732845097855,-0.5194394970345535,-0.8402243357479894,-0.5110618596574472,-0.7050206742773484,0.5083992953310212,-0.7046539093575865,0.46654336102098126,-0.6509712892622626,0.7249873263436717,-0.6111384935190487,0.5581021206130541,-0.938689224407019,0.5374172217185366,-0.8546343168997224,0.5851606721462084,2,0,1
-0.7169084051672019,-1.3476349706827937,-0.6725436900616754,-1.4221153736868544,-0.6575814607878347,-1.4236930312780265,-0.6400583028761425,-1.4229105047098352,-0.6949400761996904,-1.4209812199019576,-0.6973564243267195,-1.4217242030825734,-0.6992179292968312,-1.4230018252205172,-0.5736110772714805,-1.3622745506286362,-0.6464191039138173,-1.3769521292984772,-0.6910153949828324,-1.2561232924365529,-0.718955022620401,-1.2584060580574288,-0.45065140789813013,-0.9542546324748546,-0.6307226033619361,-0.8559801699416177,-0.8041949960240978,-0.4757903936710554,-0.907727740520173,-0.49911802658647114,-1.230078886661237,-0.23454310616638774,-1.23656116004262,-0.2890912321572683,-1.3056319658398234,-0.14679410482103206,-1.3120304566687813,-0.2344054457483909,-1.314946287210122,-0.18825460525531812,-1.3177825366839673,-0.23711021345854802,-1.2866180222165389,-0.1998143731744682,-1.2941778529093515,-0.23790973132608806,-0.14415036365506037,0.047091820238411006,-0.2651417609118454,0.09583596551791275,-0.6535339479233205,-0.48263510691418415,-0.7572134972457694,-0.460250089500097,-0.6893041548855071,0.5453375151037161,-0.7421452422639923,0.48909470780905745,-0.6490358875866192,0.7519267534217552,-0.6705484790123242,0.6218374112685608,-0.9641331699962354,0.604156079806567,-0.9605410239542692,0.59564510706948,2,0,1
-0.5187582200500971,-1.352150207678473,-0.4862394681312975,-1.42989646199046,-0.4726229497658821,-1.4300306005755008,-0.45843206369593403,-1.4295542263283034,-0.5055885419642836,-1.4321992464512958,-0.5069033596011655,-1.4345547348333847,-0.5075743614590855,-1.437590184122141,-0.3867814225786946,-1.3884111851523961,-0.44508172175813554,-1.4029756326618454,-0.4910813087937324,-1.2673334720949192,-0.5124997375277736,-1.2711426124762053,-0.24697379863650187,-0.9558469952632813,-0.4320027463175732,-0.932373298960009,-0.5940196667453149,-0.5046632452554034,-0.7163122885995028,-0.5707187441768966,-0.9630318866522606,-0.39264189475083855,-1.0168286882792086,-0.4064616908430087,-1.0561617544619384,-0.30894077698925554,-1.095974531365192,-0.35844983967216887,-1.0674380457214074,-0.34369335958680647,-1.0979727081686115,-0.36243655457828583,-1.0401896859278912,-0.3595911606960637,-1.0673845385750944,-0.36633553259321994,0.009300717585333448,0.044087264221197915,-0.13473780168125432,0.028099625478292815,-0.4777801489442308,-0.3861541841536639,-0.6138556185378231,-0.45539749797916496,-0.688171236831472,0.5900156115557776,-0.741098578224106,0.5065785694793467,-0.6517184121412651,0.833229194007632,-0.7279251929457073,0.6913608652804164,-1.0035427279193063,0.6322872457277041,-0.9807048151443947,0.5947959128212984,2,0,1
-0.29458206010790033,-1.3814519196583848,-0.25868210140523207,-1.4515800785674284,-0.24466051046334117,-1.4493783768910822,-0.22780118717057093,-1.4491539063800487,-0.28520459289056743,-1.460184287198033,-0.2891426200007322,-1.4640086888554618,-0.292665194395183,-1.4685063166863614,-0.15670341204086996,-1.4037739147985238,-0.23773572186037223,-1.4298860818512213,-0.2632980504661425,-1.2985099731517065,-0.2956771647975665,-1.302721961793917,-0.04183901554272027,-1.0043034623981721,-0.2572249275730787,-0.9590212171278101,-0.3720707881083024,-0.6955867527200185,-0.5167842635715677,-0.7127042201898043,-0.7556196515803085,-0.6066232750837534,-0.8027066817742288,-0.5843089414749572,-0.8379143840481553,-0.5449517785404236,-0.8815975935834373,-0.5551098569431121,-0.8526643147599505,-0.5628822333441424,-0.8841020493209077,-0.5579139774145524,-0.8195005113313273,-0.5639354467575959,-0.8516265479822688,-0.5554595687769821,0.15091374431651533,-0.0060507854703365435,0.010872072949110762,-0.03411003185532078,-0.39402997266743706,-0.32319023670204966,-0.5083595448486296,-0.36883220322626153,-0.6542126113125832,0.6006498170594912,-0.7294493433905666,0.5057273980617862,-0.6384194766073147,0.8304391608680154,-0.7106556070068424,0.6801901054365392,-0.970423781520964,0.5780574440068055,-0.970355322031224,0.5673908623545146,2,0,1
-0.09788138729160611,-1.4366688231916342,-0.05727971980622318,-1.4998910383933504,-0.041458163291134734,-1.4991749323589771,-0.024110973454153035,-1.4967153336517875,-0.08965216119099377,-1.5101181941512096,-0.09666641670835205,-1.514254370705053,-0.10292045059957333,-1.5193136382126096,0.038902897524275185,-1.43754872535173,-0.05473040703847184,-1.4746744054961494,-0.07442350834336393,-1.3556039518639253,-0.10555552308912881,-1.36041835930123,0.12613313905387616,-1.0547503212320533,-0.07984811968019127,-1.0092678875620908,-0.19408328202354747,-0.7787780079280512,-0.32866376442061745,-0.7646806666843362,-0.5588124587637331,-0.629598230411231,-0.6223908115998,-0.600375666993013,-0.6438865970857856,-0.5672558555830675,-0.6927637070060095,-0.5608155970509833,-0.6612654216328275,-0.5835618185959546,-0.7108182291882462,-0.5564879440001147,-0.6271770443734571,-0.591477786923118,-0.674051776005332,-0.5665873251868709,0.2502482167829451,-0.03865752142649136,0.1128505151673005,-0.07971196069961259,-0.28989073146442423,-0.18490602176619908,-0.3966900069203995,-0.26734335757548966,-0.6289532839141094,0.6089781487752143,-0.7237051720528955,0.4834340718776395,-0.6128754368182979,0.8536407492355345,-0.731406988221721,0.6607280858027909,-0.9053511829268917,0.5783513008057252,-0.9673266692622072,0.46779836928415536,2,0,1
0.07007915143489003,-1.4509510297722643,0.11261696203443332,-1.5097530974681113,0.12805247622831695,-1.5095959742890421,0.14540189038084977,-1.508430989019145,0.08101586385355529,-1.5119130932278741,0.07554207042843104,-1.5137445081515026,0.07090264248114767,-1.5163560399681422,0.2053738862700406,-1.4493410578190578,0.11451380890719061,-1.4806350150942527,0.09481971901760913,-1.3609781453815941,0.065133015087725,-1.367813714216346,0.33025363425634885,-1.0979958348961099,0.05377738990693288,-1.0110358477059695,0.08969662601104418,-0.85481537003135,-0.19165383514938406,-0.7881846383937209,-0.2763604671131577,-0.7020043973773329,-0.4881931586236944,-0.6281389558366127,-0.3554165961385795,-0.6424073222315912,-0.5681686714102442,-0.5868644328970172,-0.37165385251555433,-0.6521788640207302,-0.5626545931590275,-0.5896500174055315,-0.33718363441990895,-0.6652937992293689,-0.5308780211957836,-0.5962040867499812,0.3382525201243345,-0.06837907296667632,0.16808620180964826,-0.10916758295835301,-0.22304214047587198,-0.07101216828685303,-0.3173036906087231,-0.16952932836133386,-0.618997988945831,0.6390044315459021,-0.6919800064934997,0.4913778441491919,-0.6253091136028643,0.8492586004536635,-0.7125349065013631,0.6746560083453625,-0.8807670588712677,0.5775891020102094,-0.9399816753153035,0.46350395739346734,2,0,1
0.2058395096587409,-1.3868009660530174,0.24006060441266128,-1.4526315001711325,0.256060106171839,-1.456682782014775,0.2750710840410555,-1.462494794976755,0.2108911774214978,-1.4443983815183057,0.20566477731489213,-1.4428434613749894,0.2016395076058891,-1.441845917636857,0.3465259853897968,-1.4372291035643432,0.2430663961607361,-1.4259908728154156,0.24051757768532947,-1.3062020270467243,0.20754111105534467,-1.301155178634328,0.47254112289186356,-1.083626014997383,0.17639797473182423,-1.0064940424967628,0.2419040677121918,-0.8145341275584139,-0.012350028550713111,-0.7738181549683208,-0.09840978580808234,-0.7217215954340288,-0.29511787300954695,-0.6879199077345799,-0.19426320443701553,-0.6831260134295801,-0.36971054216239596,-0.6420662605137535,-0.21006498925831626,-0.6999671714786829,-0.3640115985742643,-0.6460388880880468,-0.1661970379592056,-0.7055719523751507,-0.33343763988565717,-0.6523508777566832,0.37444954852616297,-0.060906608445788143,0.1967442833702274,-0.10760710202615893,-0.1865564453447431,0.03338089203515935,-0.2859556701083276,-0.07347868708686839,-0.6171992591034953,0.6783493607449046,-0.6992861416403988,0.49751893223965094,-0.6253041706794175,0.8873383883964255,-0.7416714630516045,0.6670735637777803,-0.8748378986235955,0.5954399757464327,-0.9486743004890651,0.4152452071964536,2,0,1
0.2852626507500969,-1.3197241355743032,0.3163289246140177,-1.391207953025209,0.3328439732887096,-1.395265228163531,0.3514066280012901,-1.4017320549091423,0.2874545901526356,-1.3875822568903469,0.2827788317180173,-1.3870207407867763,0.2789544918471318,-1.3869786023643913,0.4216641061450139,-1.3983192134152134,0.330033921309133,-1.382153691214762,0.3247571033833687,-1.2480662036449797,0.2873737733542784,-1.248059283552154,0.5550753400007139,-1.065586692304746,0.26618939204544917,-1.0053221989205832,0.44826074148205314,-0.5794801995596566,0.08884718461669021,-0.627704472865628,0.1155888947568967,-0.7178086536603571,-0.10282010925360077,-0.6571038693701597,0.025866184079184035,-0.644909800799683,-0.16596743916509596,-0.6443192450208617,0.016765767721051247,-0.66606551315252,-0.16185517400342708,-0.6523561913993887,0.06267564069608646,-0.6697217936262102,-0.13693641403044635,-0.6476654806213434,0.3729587628145705,-0.05883329920597564,0.19936032560451222,-0.12650711126399197,-0.14300434685389093,0.12538229042190424,-0.22423091356485733,-0.0042478541430708144,-0.5936318944009037,0.7119612401839914,-0.6700991672709988,0.48170231864800944,-0.6267376184790255,0.9061212503485665,-0.7368886903243603,0.6597785502086366,-0.8639110720518242,0.6267939277549645,-0.9404657110938436,0.3819521463196933,2,0,1
0.2992983290238115,-1.3675103422897912,0.33334024280278085,-1.4442635014947478,0.3506582693914257,-1.4493872123667435,0.3667865343063958,-1.453694846577652,0.3054977436109443,-1.4277980674141542,0.3011183134369691,-1.4224015689544314,0.29676508075726266,-1.4181003605440037,0.4444764392910877,-1.4289851722664764,0.3397865564160875,-1.393030285327004,0.3319129736574814,-1.2975165691119608,0.2979002231268489,-1.293225987986944,0.5910432639007773,-1.0597167235653506,0.2900857083034335,-0.9673559746440143,0.6399762288559516,-0.45563290470832474,0.17166290121584285,-0.44879387582715996,0.3315768548630905,-0.6528328127927584,0.04402574338466778,-0.5678409741460971,0.24836842299607972,-0.6384156644020273,-0.005162770712712472,-0.5669311055126045,0.2523212788765853,-0.6535783292216407,0.003201891490345595,-0.6074996554108931,0.262697958068714,-0.6575418123875572,0.0212826111668509,-0.6029594566518067,0.3733821242077996,-0.05251228870204853,0.1941732217393096,-0.12239039747122087,-0.1201129269326663,0.14908434978842447,-0.21161113571251428,0.042192888810164086,-0.5901777794961928,0.7187253837749353,-0.6742808805070969,0.49039420238325393,-0.6276945684583501,0.9220451253790063,-0.7361858066102076,0.6632304407977965,-0.8853670670040619,0.6261367660826959,-0.9455886805273224,0.36646374284492755,2,0,1
0.29149197002408356,-1.4382451832654017,0.3274660725784557,-1.4990809550269426,0.3451585256182051,-1.501360569534121,0.3626495545274923,-1.5031403926942724,0.2950827567621019,-1.4887617991064275,0.2869022184574418,-1.484752593898627,0.2799912700401242,-1.481749520758448,0.4266342156708965,-1.4708988152077591,0.32078694727079893,-1.4318078904873857,0.3229675179494097,-1.3606180534084857,0.2875630873222956,-1.3545984376617348,0.5838747891718751,-1.0624862435726625,0.25832495369521985,-0.9674387686117503,0.6577017994827954,-0.46089650031386853,0.16438716504814227,-0.4340628517975492,0.39184641474378623,-0.6467743950969491,0.06278191355019533,-0.5477735699631867,0.30707700765223667,-0.6349074244855727,0.012493351839702014,-0.5458250695404091,0.29848768957851585,-0.6818350453983296,0.01969667417890516,-0.6036552967000475,0.32005613603917116,-0.6799658788968751,0.047830558707937953,-0.5980539758499926,0.38945527552633646,-0.06573436177639935,0.2018565019452091,-0.132449740978057,-0.08938178327844701,0.1519003332761374,-0.20898100614640572,0.021417534416567862,-0.5751050758833134,0.742856736042821,-0.6791533672949028,0.5122068292621873,-0.6235652502107893,0.9337163562218845,-0.7352733429419054,0.7256585753477641,-0.8763495681867512,0.6489950684168261,-0.9512971392430895,0.37406126332902295,0,0,1
0.25985775425611113,-1.4359285586189143,0.29763330526071496,-1.4965489424912555,0.31454032776474805,-1.4973648337927135,0.33186947593114846,-1.498637327647581,0.2657615820211178,-1.4940368870089853,0.25886027230452174,-1.4920731253100652,0.253019219667291,-1.4906413457471206,0.3965997770765212,-1.4673079048966546,0.29563858850370855,-1.4425302653880836,0.29173516185767223,-1.3547351094950422,0.25708749281028226,-1.3536030564526103,0.5476906123710086,-1.0214035060628075,0.254449701712831,-0.9711795730763828,0.5919705563394204,-0.425497506902546,0.12428794573113922,-0.4654323740149388,0.26283734850991725,-0.6214416652852884,-0.08531252155076637,-0.5497226882513953,0.20764342957069604,-0.6047525021321786,-0.15726146809802774,-0.5465057100990506,0.16985626269599194,-0.6722792622176489,-0.162767390525557,-0.6012155932597317,0.19098775472393906,-0.6734162581835278,-0.13673375416912245,-0.5963947600219462,0.3857616759806221,-0.05523089659785703,0.18947670302621422,-0.126781937807641,-0.10499820847048807,0.1351509900300612,-0.21194552448369872,0.016122921966394633,-0.5694095923415946,0.7430448142799765,-0.6839826035025481,0.5108317079592528,-0.6127713882797402,0.9362755548365297,-0.7390615994716283,0.7107425624081523,-0.822612575933511,0.642099443062194,-0.9505846168282153,0.35963212834893316,0,0,1
0.1763075192327455,-1.4349099456695893,0.22249839740573837,-1.4974454034448983,0.24339905490871414,-1.4963504841148614,0.2639752094873993,-1.496502170078139,0.18913193411579124,-1.4999859425235313,0.1820467476469696,-1.5000623724773294,0.17544547338360186,-1.5001538165610975,0.31525952312627553,-1.4524473144861914,0.2096732410841756,-1.4498470278203937,0.20447031986394282,-1.3484900964391116,0.16713444189994292,-1.3523852436883743,0.41860369509285056,-1.0099872064967044,0.11401877512398112,-0.9779733742080082,0.22261579183760283,-0.4996498851493602,-0.13441453448782545,-0.6123660871174765,-0.11414953694012418,-0.3378637992465898,-0.38580568949027166,-0.48046479280172577,-0.19447500870671625,-0.27993075927925537,-0.44865273680236617,-0.433141861586301,-0.19483485353365235,-0.31332218433260944,-0.44749609271578583,-0.44508050458765785,-0.18819527161357094,-0.3495961987671238,-0.42248020429707306,-0.4561975101390497,0.347853160335296,-0.0423958544294004,0.14644237576642738,-0.1228562680060935,-0.1112075089045147,0.0011621755695881031,-0.21772627345487697,-0.08215648349028912,-0.5605479191859483,0.6922545458396203,-0.6714458667641133,0.49100613630598317,-0.5914313048823329,0.9050755748933696,-0.7119281626482531,0.6442834737872176,-0.7859763687834233,0.5920367729532251,-0.9351233994324076,0.3405299535421209,0,0,1
0.03067960293179916,-1.4440755468306783,0.078198891781153,-1.5001223054241233,0.09522652161729102,-1.497507251774528,0.11515861327084193,-1.495706297616641,0.04748504835899793,-1.5052869807741855,0.0418530813835721,-1.5059028072491294,0.036912382252198665,-1.5066622874367492,0.16747451503309133,-1.435386628849502,0.0701340178851509,-1.4528323064361637,0.047501607152545124,-1.354397260677445,0.01938329283237014,-1.3645922874328993,0.22349538506498304,-1.0046642958097975,-0.022436558136507342,-1.0081493039860516,-0.026681787938898492,-0.5173462925278671,-0.28805690686561525,-0.6723105262084508,-0.33228272582228324,-0.2413989409872721,-0.5758707347252421,-0.4499473070134998,-0.42828739790869236,-0.18117559744080514,-0.6389599852862359,-0.3879242450400076,-0.43733171208570254,-0.19294296814472606,-0.6383821575352904,-0.3750145647275024,-0.4030110174243266,-0.2173758387428741,-0.6102739762081816,-0.3853692479102923,0.2621357005266263,-0.011718094348407884,0.08493090636969189,-0.12124709927794722,-0.19423008684992113,-0.05473190847589,-0.3184620647185099,-0.18851831022121154,-0.5798698069399764,0.6820582833533044,-0.6693352384522766,0.4644846334053372,-0.5950581749615137,0.8838563459742396,-0.6956459256679113,0.627806485623067,-0.7984018897443023,0.5817349790513173,-0.914604088473362,0.3716142690766229,0,0,1
-0.15500106920574916,-1.4224935691170872,-0.10853042156566035,-1.4787548505881287,-0.09268143182544149,-1.4717731565789771,-0.07419885247270121,-1.465059554380278,-0.1331429674311041,-1.4927711278873141,-0.1362849367201417,-1.4963498044628876,-0.1389281650333846,-1.499856499715765,-0.013234811847712606,-1.389577406153155,-0.09412674264132222,-1.4342884966192246,-0.1426776196140492,-1.3325108606660663,-0.16448975220063786,-1.3501991122208858,0.04758934404372804,-0.9735090493238322,-0.16156996732053952,-1.017252315378994,-0.24475912178610731,-0.4346034840495566,-0.4203537586302061,-0.6535305064372917,-0.566536023795725,-0.15509871050420998,-0.7149831364846247,-0.38391516340529325,-0.644080359684905,-0.10718868355637676,-0.7900073228543902,-0.3536250520956258,-0.6681462182171188,-0.13770752864855065,-0.7965319818043307,-0.34514262474144475,-0.6455078759763768,-0.1521124433037505,-0.7641039325307821,-0.33484688592075945,0.19678827538890503,0.014450483818127711,0.03466458781470973,-0.11473455049045178,-0.25469439791442566,-0.15563724201375242,-0.3737170287623006,-0.3259019245050324,-0.5953485717140206,0.6347804563143328,-0.6622080371341561,0.4153336855261535,-0.6024648986005579,0.8624364343631644,-0.6567258407391721,0.550998151035134,-0.8390366748167796,0.524882709295653,-0.8684329819941569,0.3355054718583221,0,0,1
-0.3189449883392744,-1.374656450290096,-0.27492207639010263,-1.4421225359902554,-0.2605243289739008,-1.43722823855274,-0.2452170836434649,-1.4320146282605533,-0.30030275255919847,-1.4481822512034694,-0.3038362013852325,-1.4496439354532682,-0.3065029085848483,-1.45113570974955,-0.18622131513504164,-1.3510581923159612,-0.252343296376896,-1.3873051442446036,-0.30015520629430775,-1.2731178046855964,-0.3241619968913309,-1.2825561934344127,-0.09354224194372339,-0.9498339288900977,-0.2764781086911945,-0.9742896605091877,-0.3690966310702879,-0.37957058084161893,-0.555003441955533,-0.5982030049919174,-0.7189139963557916,-0.17142617523409115,-0.8416166337099018,-0.30984582627238744,-0.8242966299518782,-0.09925949290899275,-0.9136227945960613,-0.27567514933762566,-0.8429963272170247,-0.15617008916133088,-0.9147223479168297,-0.26994432389326134,-0.8127387156290207,-0.1626621248165216,-0.8861974781431452,-0.279066736260733,0.14265980359866837,0.016978294868884927,0.00796489252380209,-0.0929211821730014,-0.3338847273114315,-0.241761504422104,-0.4474681651983107,-0.4130849611157153,-0.6308521079562455,0.6071497613921969,-0.6632425910115974,0.41440515735664873,-0.617564541146223,0.8316328768804476,-0.6639044484611406,0.5614932132438166,-0.8897240068763536,0.5332290826819573,-0.8960829543177358,0.3371784042989337,0,0,1
-0.48483543072619856,-1.3010519951073736,-0.44358154449199394,-1.3642454177800112,-0.42968006658986335,-1.3636294059454384,-0.4154728688725404,-1.3630120348069175,-0.4667539696111762,-1.3630407037629095,-0.4693055066944787,-1.3617522071933825,-0.47139661045870007,-1.3606414087217724,-0.3483323982544473,-1.2937246053896525,-0.4091684171621605,-1.3160395568638796,-0.46200233730164764,-1.205565959263633,-0.48448151740739875,-1.2119840982132921,-0.22258763866492726,-0.8782287626685699,-0.4076986388752175,-0.8985215641606601,-0.47662029195740996,-0.3357970393803445,-0.6812533683213288,-0.46665574756805267,-0.8546556950436303,-0.13420868028664512,-0.9902473760048548,-0.21029757236687815,-0.9720396231957635,-0.036549117430205696,-1.056286439705887,-0.16863713067916397,-0.9769564727215055,-0.06716657384514574,-1.0721728720912165,-0.16198519145046528,-0.9483076591423895,-0.09483705930102936,-1.0425054455627751,-0.1664451912766253,0.07378140109663653,0.03355364720962936,-0.0517260981674311,-0.04436882232324033,-0.41035422449707776,-0.3224394066304618,-0.5458288817456963,-0.4423719061118294,-0.6573570520633444,0.5829699684745314,-0.7011718669354006,0.41700340506652467,-0.6384790388348501,0.8303578497773134,-0.6786056913769836,0.5865521050965177,-0.9278560662345667,0.5256033875342145,-0.9004123373918108,0.4573789338042108,0,0,1
-0.6293403148200036,-1.235488069922677,-0.5966008613692989,-1.3172316664261916,-0.5846604883447356,-1.3191932655961036,-0.571584231512069,-1.3213648154394237,-0.6122242066541657,-1.3151305532419901,-0.6122872289281139,-1.3157833898562428,-0.6117605604348442,-1.3163430523635207,-0.501378654064538,-1.2762393844154154,-0.5546596616297994,-1.2839542993313753,-0.6004244598016674,-1.155173349014582,-0.6209534094614344,-1.1540835579676212,-0.34753238609456255,-0.8675576088120907,-0.527759530793119,-0.8259102658715108,-0.6522604036972204,-0.3112891599188894,-0.8107935516795697,-0.4123585985151897,-1.052607916076686,-0.1123481070502766,-1.1051899942665522,-0.1660112025979853,-1.1473132171619846,-0.014515294727022487,-1.1900591248386434,-0.12938364556392973,-1.1570989698560334,-0.05232272758785897,-1.1913428020578096,-0.1274823500600702,-1.132345179953094,-0.07676400115586679,-1.1679878594903497,-0.12153032879145599,0.0032228989149950243,0.03374073686209545,-0.10785497107663812,0.03655276601105083,-0.4828592499321181,-0.3833566130557908,-0.6326374919052746,-0.4217628810922222,-0.6803643835393993,0.5371137262188954,-0.7355909257733703,0.4211781982097971,-0.6393672821782624,0.7993363093705873,-0.7018216142224988,0.5804601990943555,-0.9554233681634958,0.5273477452186341,-0.9526889429126572,0.4777353754356802,0,0,1
-0.7390269990074999,-1.1904066309173462,-0.7080657622668263,-1.2784859431220428,-0.6934693093280581,-1.2817046512975938,-0.6777367254350143,-1.2840808381716167,-0.7295642663607075,-1.274026066868969,-0.7314860749968718,-1.275650064367456,-0.733162961776241,-1.277843733793201,-0.6002919894532898,-1.2489035348768887,-0.6669623880515805,-1.2593165445563523,-0.7053451772016389,-1.1129478076037982,-0.7315439072012008,-1.1163893180537192,-0.5030172331871935,-0.8494153497386712,-0.5982901054572853,-0.8037940199198501,-0.8662442554918587,-0.3605446506289755,-0.8975120770593278,-0.43588703769563675,-1.2160897954410097,-0.12455663367183555,-1.2089607405265967,-0.19247017751702772,-1.3044826125653275,-0.018101879980110938,-1.2985058766794786,-0.1481415457526637,-1.3205992616101971,-0.07401227567296388,-1.3049914865341883,-0.139969904710208,-1.2896234432453553,-0.09806898979680097,-1.2738700990738343,-0.1401864047571833,-0.11229272774728698,0.058592273076198007,-0.19502960471746117,0.06043697210659025,-0.5960588698133437,-0.39785025318686296,-0.7086201111313988,-0.4206653049408326,-0.6856646803515365,0.5472543808164334,-0.7284093522973336,0.45483184535201054,-0.6387877244041106,0.8004487142923177,-0.6779954874774607,0.587799451828349,-0.9467765886047046,0.5390792797275649,-0.9504505400297174,0.5437656654475941,0,0,1
-0.7918542462003336,-1.2046918032520444,-0.7621880554027542,-1.29417675931196,-0.7463385713701907,-1.296711614028629,-0.7281953237120817,-1.2982661634526869,-0.7916968140885491,-1.2878039716849263,-0.7979866841747606,-1.2882038541917826,-0.804032373842694,-1.2892885787422101,-0.6577638546630262,-1.257200479028724,-0.7486271449261167,-1.2690623831435672,-0.7534808486048243,-1.11744067787088,-0.7891057336176712,-1.1212053319411441,-0.5837065041194792,-0.852572518517308,-0.6496826691196492,-0.8155203643591615,-0.9701779946525656,-0.4226715139948531,-0.9896843770242502,-0.4402324852709143,-1.3359503753862247,-0.1743753705086987,-1.3197673675940798,-0.20251914088462533,-1.4288705396686667,-0.08050875995925683,-1.399312598894575,-0.16032955924191788,-1.4429786317708786,-0.10587707881973533,-1.4180545581551924,-0.15284399597389536,-1.4123364607387041,-0.1358467651169559,-1.3885937458268327,-0.15268483383890438,-0.20313501058572805,0.07586309474592472,-0.25992623523682296,0.06758443941084315,-0.7114504290971078,-0.4470167712749044,-0.7770066927504616,-0.4535364873013979,-0.6988909549108172,0.5465238167309779,-0.7254270394356317,0.4447396314042524,-0.6346640905185137,0.8017726763375764,-0.6603045173147455,0.5765083317985393,-0.9498597371047237,0.5547312939684238,-0.9121902118080565,0.5460371859176283,0,0,1
-0.819775090728804,-1.2058540081275024,-0.7860472997348866,-1.296814426836325,-0.7689326744460828,-1.305371739480727,-0.7508949582035657,-1.3130729377841217,-0.8274103010041821,-1.2910381264962492,-0.837872739918115,-1.2928970364315513,-0.8474655950246477,-1.2952419593147722,-0.6847739655464007,-1.2876785450024606,-0.8058857229891183,-1.2720189928033452,-0.7740406915361346,-1.1222760927328341,-0.8209360598734003,-1.1288630325182059,-0.6220658143831648,-0.8541998524891218,-0.7264054911319504,-0.8389288140729345,-1.0126513001011266,-0.42217067227659344,-1.0553554400746588,-0.5201442343449988,-1.4111027070463515,-0.18958474595488553,-1.3974661698409763,-0.2650683770590426,-1.5063352944903512,-0.08676452387368452,-1.491587588094107,-0.1946166420238547,-1.5164675461180295,-0.11381096524439392,-1.5022833329947347,-0.1890402829372068,-1.4906114842864255,-0.14256049088874118,-1.4759873509763546,-0.19431092220866242,-0.2685288992038504,0.09156948114469982,-0.3435728572674036,0.07056378651847692,-0.7896929529231659,-0.4450881661190006,-0.8504926413435442,-0.4752825082868839,-0.6804274058133476,0.5305725084754077,-0.7128969756438502,0.40957789831838226,-0.596046265358554,0.6768667308569996,-0.6121782374661092,0.5334020850025997,-0.8916728780183897,0.5550992946190474,-0.8521930070092862,0.5370657798614602,0,0,1
-0.8221800701319051,-1.2184473413394046,-0.7849450278062226,-1.2977086016878738,-0.7664723343003761,-1.3075122724794177,-0.7465283796305525,-1.3155296943103294,-0.8362874207956001,-1.2955612721694436,-0.8521904119744766,-1.295408165115675,-0.8665236542396961,-1.2971264488789123,-0.6927399809734643,-1.2955801788516281,-0.8481003899683189,-1.2739553830636778,-0.7728684772406964,-1.1290949792009526,-0.837953433143386,-1.130881228161585,-0.6531516127947009,-0.8683697311344203,-0.7877446996465606,-0.8630916774777943,-1.0550325436004884,-0.4302250424602708,-1.0998081392175407,-0.524171851942639,-1.4643559106672241,-0.19159404433606034,-1.4464926796223836,-0.2624726008108902,-1.5682743267652455,-0.08871005854239403,-1.5450806470752416,-0.19496981390413748,-1.5740068822328164,-0.11498960534031309,-1.5515257249576864,-0.18901309685824869,-1.5374019390735305,-0.14759831846584667,-1.5273582893486382,-0.1931083089340257,-0.30958284418462695,0.09113598675840454,-0.4029430522269314,0.07286941316029487,-0.8315797805047492,-0.4591205079193885,-0.8916544656285499,-0.47970518904101966,-0.6799195204291761,0.5040524884517958,-0.7061031745122248,0.37767898899982705,-0.5829438110316187,0.6626736204715004,-0.6212793952627591,0.5022527700247706,-0.8900756958796022,0.5791641645665718,-0.8512842505335692,0.5047506763886739,0,0,1
-0.8046104487398118,-1.2176179187850107,-0.7740080682413849,-1.3028588807733967,-0.7542225342680353,-1.311328703672788,-0.733381438992595,-1.3172085582590773,-0.8243526085599147,-1.2963319975079053,-0.8405343806211977,-1.2944777833498777,-0.8548148571786213,-1.2937668673851237,-0.6938585645495033,-1.299618300161593,-0.8598105463333418,-1.2627199944957321,-0.7602202775785336,-1.131812722085158,-0.8255985959877982,-1.1201592857666887,-0.6526508946495274,-0.9095609658139352,-0.7935306386873581,-0.8631586540905001,-1.0357707123663404,-0.4488877913726515,-1.0694931897175524,-0.49724354644231117,-1.4502565922541304,-0.19152780916187157,-1.4152593349459566,-0.20360386543505293,-1.5458117054530416,-0.08978366151506605,-1.5027445077523327,-0.1432010937674626,-1.5631282491646525,-0.10153941634888669,-1.5155398829601279,-0.12921929335931948,-1.5282273788636938,-0.1285013337286537,-1.4850095455709398,-0.12739659033826606,-0.3178958528376647,0.07795666997186962,-0.4067871637916046,0.08222735583001242,-0.877234598629923,-0.41974159612168854,-0.9269752372763248,-0.3920142670461653,-0.6779591569901259,0.5224730341152772,-0.6759859419501135,0.3812776844153604,-0.5689936453335359,0.666096100666151,-0.5853495318732369,0.4943735029042005,-0.8720593577809931,0.7303731357314407,-0.7729977346888335,0.604174615769493,0,0,1
-0.7692952378809147,-1.2215261647814077,-0.7426578234254383,-1.3101646452010374,-0.7193665209973574,-1.3172626832708212,-0.7013700781656222,-1.321878879477904,-0.8085474872652872,-1.2994490050335359,-0.832831699440769,-1.298123560111243,-0.8509109362402403,-1.29691501532847,-0.6784494949960608,-1.3066435536836207,-0.8331266683974642,-1.2648458222971681,-0.7349742960733664,-1.1366947240005991,-0.8093314349239694,-1.1223470236842974,-0.6284107980658095,-0.9402895144333449,-0.7920591303772087,-0.859998519557795,-0.9979105137977081,-0.46231487219696354,-1.0670040570427675,-0.46096792555767657,-1.435023985067743,-0.19544161594714643,-1.3962212945708683,-0.1899685639605392,-1.5102582456840028,-0.09414678004166634,-1.4949712663396992,-0.11647569527463095,-1.5326923216133006,-0.10428965895475552,-1.5049536238138495,-0.10819580420868764,-1.4939386896316367,-0.1294765725247319,-1.4637751171622104,-0.12026296321966454,-0.2982099187717706,0.050289644562398844,-0.4024480184437219,0.08217496084147502,-0.8410260779310805,-0.4224761449456134,-0.9079548678525592,-0.3959259730889752,-0.6776924862701643,0.5308735325133255,-0.6692724633245006,0.38195733638931256,-0.5714077691450139,0.6727552071338477,-0.5825931106130594,0.4900882354218893,-0.8706921451555738,0.7744973776112745,-0.7680365224251553,0.6606784094221493,0,0,1
-0.6692788891249817,-1.2441622827065986,-0.6444303186649473,-1.3346166696275423,-0.6263659106358168,-1.34209012273312,-0.6117506745879503,-1.3456953675222205,-0.7068834149783219,-1.3213819920984018,-0.7298121539715707,-1.320991748292267,-0.7500578741178291,-1.321048839058079,-0.5933793110127659,-1.3311088004303462,-0.7584761670402862,-1.284865650841902,-0.6307201319002126,-1.173638628135258,-0.703581294969604,-1.149028924450796,-0.5364430115585037,-0.9870477166449585,-0.7637752281215617,-0.8766902777457146,-0.8911353350935366,-0.4868226280853325,-1.0580519283880423,-0.46184368801938547,-1.3113403009825044,-0.23012759265125005,-1.3259926089562228,-0.22794652768029458,-1.396291731229987,-0.12214399273739168,-1.415188774713752,-0.15035399828750712,-1.4107102389246657,-0.133823132257785,-1.4147989016268756,-0.14225921970465114,-1.3826163920755532,-0.15977891756993048,-1.3779798063092517,-0.1538632267886512,-0.2650616855520052,0.043712590623921035,-0.3927069992068677,0.08902090981546552,-0.7845790043249777,-0.4343227259977713,-0.8965070571494819,-0.35621415539712487,-0.7001358301809252,0.5800113816453747,-0.6658895265174255,0.42977048203758605,-0.6130753780717261,0.7559767377479929,-0.5779806215985618,0.5129512335332941,-0.9392343052901285,0.7865709624227324,-0.7773986665798028,0.6848164346366883,0,0,1
-0.5377726579657264,-1.273143137168262,-0.5095619109770939,-1.3517796119930399,-0.49045429895449005,-1.357583839850591,-0.4730663299990712,-1.3628930339249328,-0.5654888654634941,-1.3467833049728886,-0.585337421710792,-1.3460903071056298,-0.6054271926222997,-1.3475521767150578,-0.4518097820079169,-1.3430133372599191,-0.6244641208396126,-1.314540862474772,-0.5007859975432517,-1.1938030371908144,-0.5793147166368867,-1.1790806632772357,-0.4200977151956554,-1.003659523046124,-0.6519690183600242,-0.8800624636942926,-0.7434795844484895,-0.523003344839786,-0.9132539289338346,-0.46998715439819366,-1.1612417575699872,-0.31350210674607754,-1.1954863312102804,-0.32060805349337623,-1.2445413863745938,-0.20389104928731924,-1.2799407505051748,-0.2571866384767491,-1.267584677618725,-0.2309864256001532,-1.2841964840198905,-0.2634060719038419,-1.2344099997585185,-0.2595337856755212,-1.2526404900154657,-0.26387441390043803,-0.17918728792389566,0.05008377180083443,-0.32892252646306397,0.11089754755303653,-0.6700316963659483,-0.43517377384224554,-0.772112951391834,-0.24437087370973548,-0.7245148229135018,0.6507164415072175,-0.7121454041337454,0.5261132500877648,-0.6687299774762007,0.8490678036086122,-0.6623931496172434,0.6514682601634948,-0.9856207996585334,0.8068806934276282,-0.9040005290950195,0.6312845737064954,0,0,1
-0.3703402706095341,-1.330607711565914,-0.34034611684125127,-1.4033116896696933,-0.3210027273702291,-1.4053545999303072,-0.30410806217481334,-1.409660998410354,-0.3994738614057074,-1.3981725321619258,-0.42030655371128794,-1.3965484110903525,-0.44129297093606784,-1.3984612606777693,-0.2925641116106934,-1.3810039054344643,-0.46623397406455974,-1.3644741515625176,-0.34314751870479576,-1.2359001861650643,-0.416953027298722,-1.2386372064507125,-0.26043362632864975,-1.0161034563968427,-0.5353486483073546,-0.9265653639098727,-0.5997359105655108,-0.5559623876646205,-0.7639843137833666,-0.533165995446663,-0.949417345456224,-0.38569931162346066,-1.0226959384107082,-0.38666330526869713,-1.0431668087199737,-0.29649573148076125,-1.094669599575204,-0.33200643496198423,-1.0658799126778506,-0.3272634527684878,-1.1001456173158795,-0.33639822244457673,-1.0378288221165537,-0.3490205953317294,-1.0767395154907438,-0.3460089956486045,-0.06758843380095667,0.05209826025162853,-0.23842056390394364,0.09296091409500908,-0.5632398352951434,-0.4261220452800649,-0.7063164616589597,-0.2772544133789181,-0.7148190314261869,0.6310571992279369,-0.7454238833863372,0.5328722036090894,-0.6671316831796377,0.8598263236370158,-0.7207114904672657,0.6840787033122347,-0.9810284530570821,0.8038709473407959,-0.9664539961276527,0.5569017316539684,0,0,1
-0.1843039551299796,-1.3484221312417164,-0.15406982242834857,-1.4204365097381064,-0.13570958043091969,-1.4179929755321192,-0.12003581732689428,-1.4164298995651157,-0.21403440393236903,-1.4211369837770786,-0.23652643563908216,-1.4239258429723767,-0.25713867355892983,-1.42894080952854,-0.1112658354011884,-1.3882063627620642,-0.2810641530652511,-1.400141545717008,-0.16238851544335023,-1.251287259709168,-0.23297914662739674,-1.2694458304299623,-0.08015309805686652,-1.0247150176260746,-0.3737343289943649,-0.969670004255692,-0.40251301788704896,-0.5594819963050031,-0.6120069651686734,-0.5674129169755935,-0.7510778463711019,-0.40145092577177516,-0.8472466235159489,-0.40449082369163375,-0.8357150302604462,-0.32410912617083293,-0.9351172207780989,-0.350220242852298,-0.8468002775286916,-0.35301138814969013,-0.9348722989213039,-0.35104719394496847,-0.8239336957977877,-0.3647104229369573,-0.8981198094971272,-0.36318565462666724,0.04491398672808013,0.05298600930269618,-0.1323372709092554,0.050018772357507374,-0.4331025467845139,-0.371761379660909,-0.6080538621419954,-0.3928334330344069,-0.6799291591298976,0.6241983986529844,-0.737411651625045,0.5440978299032274,-0.6661198667500522,0.8587873211284723,-0.6995997701331063,0.7020640245662144,-0.9789523016362875,0.7088303924727095,-0.9487771132967611,0.5397623917479298,0,0,1
-0.014855843592131511,-1.3721473605618941,0.013245911934496276,-1.4384541453541204,0.030737435136128175,-1.4345759894042065,0.0444668993023058,-1.430304871040262,-0.041274780831253834,-1.4404413241528702,-0.06264946469278966,-1.4442022710305489,-0.08296339718261547,-1.450327603552521,0.04743314766280522,-1.396722093062969,-0.11288563141474557,-1.4217030720848378,-5.2282160937181433e-05,-1.2748393013490742,-0.06399220984714671,-1.2984421315273973,0.0879431239182477,-1.0430785960968303,-0.22740303468692116,-0.9864766854137526,-0.23183436555708903,-0.610556235697385,-0.45961935390788533,-0.5916321297077483,-0.5703571507663701,-0.4631797602270891,-0.6723160684369445,-0.48347219099992084,-0.6579502028769753,-0.3907440592933919,-0.733873259875564,-0.44155397585444955,-0.6692843263407733,-0.4232970409570614,-0.7395353786840161,-0.4379274764945272,-0.6461217870684848,-0.4383180910199204,-0.7097456148002635,-0.44515291841615534,0.1726655732370515,0.0009466641073021928,-0.004589391592869224,-0.012146645811256242,-0.35578261961982427,-0.29929960480602924,-0.47938684621065364,-0.3720114915873234,-0.6364297027737552,0.6203646672275497,-0.7350202652614228,0.5392458562477263,-0.6319857674487976,0.8625128025304194,-0.6977926373209106,0.7161503678052601,-0.8840969828243747,0.691915214144989,-0.9604109014945289,0.5086382856796801,0,0,1
0.12886187994275083,-1.3759508165812164,0.15462192548639814,-1.4451509416130999,0.17319199458414897,-1.4429676523265933,0.19103718395840832,-1.4410181633191264,0.09980095012124734,-1.4449925209166259,0.08113325828541976,-1.4451636696409758,0.06119671800076663,-1.4470839336135628,0.2044643883558065,-1.4100172596177911,0.031685487853248304,-1.418316119152462,0.15476625885104833,-1.284447973810637,0.09189202545999572,-1.2941637841379119,0.26828939307187505,-1.0764302306164366,-0.061914699122404326,-0.9956540878045712,-0.02461836454597984,-0.7285032864032093,-0.3040690130795826,-0.6639956639591205,-0.3537963058326777,-0.604781294661257,-0.5397085539337144,-0.559619038857569,-0.45037954710854927,-0.5172663407411131,-0.6275828583884496,-0.5242227640541424,-0.4682054590813656,-0.5396422137468235,-0.6155782273590763,-0.5352503026911448,-0.4371070562150398,-0.553324472994083,-0.5815417507958985,-0.5395408838161615,0.2797950359792813,-0.01812659459734556,0.09832103884123813,-0.05031861927630341,-0.27142594663609293,-0.18851262585924758,-0.38384310173567027,-0.2457220218339523,-0.6082609706344215,0.6184848734406843,-0.7005043251238934,0.5233392814493507,-0.6039890490454171,0.8573704321224114,-0.6944662969873027,0.7086875419850933,-0.8308175817092335,0.6834969212225318,-0.9540328002247898,0.4930139518101239,0,0,1
