nose_x_norm,nose_y_norm,left_eye_inner_x_norm,left_eye_inner_y_norm,left_eye_x_norm,left_eye_y_norm,left_eye_outer_x_norm,left_eye_outer_y_norm,right_eye_inner_x_norm,right_eye_inner_y_norm,right_eye_x_norm,right_eye_y_norm,right_eye_outer_x_norm,right_eye_outer_y_norm,left_ear_x_norm,left_ear_y_norm,right_ear_x_norm,right_ear_y_norm,mouth_left_x_norm,mouth_left_y_norm,mouth_right_x_norm,mouth_right_y_norm,left_shoulder_x_norm,left_shoulder_y_norm,right_shoulder_x_norm,right_shoulder_y_norm,left_elbow_x_norm,left_elbow_y_norm,right_elbow_x_norm,right_elbow_y_norm,left_wrist_x_norm,left_wrist_y_norm,right_wrist_x_norm,right_wrist_y_norm,left_pinky_x_norm,left_pinky_y_norm,right_pinky_x_norm,right_pinky_y_norm,left_index_x_norm,left_index_y_norm,right_index_x_norm,right_index_y_norm,left_thumb_x_norm,left_thumb_y_norm,right_thumb_x_norm,right_thumb_y_norm,left_hip_x_norm,left_hip_y_norm,right_hip_x_norm,right_hip_y_norm,left_knee_x_norm,left_knee_y_norm,right_knee_x_norm,right_knee_y_norm,left_ankle_x_norm,left_ankle_y_norm,right_ankle_x_norm,right_ankle_y_norm,left_heel_x_norm,left_heel_y_norm,right_heel_x_norm,right_heel_y_norm,left_foot_index_x_norm,left_foot_index_y_norm,right_foot_index_x_norm,right_foot_index_y_norm,phase,GOOD,BAD
-0.5255965707130805,-1.4021992184612277,-0.49275276347406377,-1.4910809404741707,-0.4750360781890208,-1.4972303405909428,-0.4550549473796971,-1.5025395143757965,-0.5226304803220246,-1.4813102359863495,-0.5277742504226747,-1.481053596117616,-0.5323714162106618,-1.4821106353869364,-0.3832825499489906,-1.4604828844855444,-0.4784207577563167,-1.4573728278656701,-0.4904129312583339,-1.2998847462642513,-0.5184143119638676,-1.297146035139318,-0.21355317332610305,-1.0453893342644174,-0.5105716576696158,-0.9546570823349609,-0.563843429503661,-0.5518453652618366,-0.8217732031356406,-0.5896783084446496,-0.9702644622287091,-0.23941995445188285,-1.1264027969353831,-0.2527619764479594,-1.083752319051169,-0.11744144290651597,-1.222185042798094,-0.16589639123436264,-1.1188215576776521,-0.14059633310598163,-1.2038336665946114,-0.145215444345927,-1.0807552408691539,-0.17781399083944777,-1.1731854205445622,-0.15730759157353164,-0.12648967264762387,0.0796455811644643,-0.30024299172540486,0.07269537524984652,-0.5648445891499398,-0.3302577680692308,-0.7459049309352888,-0.5265529270820521,-0.7419328041308523,0.6911247137884258,-0.7989588738387858,0.3836181321965504,-0.7191012029505117,0.9186602396569097,-0.7379627093127081,0.5670276533345744,-1.005041501226341,0.8260284869412924,-1.0310484873858574,0.4531464039659004,0,1,0
-0.6181769141754994,-1.3926863222342583,-0.5876670463919644,-1.4821936928266395,-0.5721408423301579,-1.4877698188106607,-0.5556713902314068,-1.492396296000916,-0.6093979205976972,-1.4751750597736242,-0.6114555099174088,-1.4761167330211922,-0.6128835898837266,-1.4774751666573371,-0.47449252185579655,-1.4601349576326237,-0.5406521667495608,-1.455078562942548,-0.5773191561977792,-1.2975110814767525,-0.6011569969901297,-1.2950493808831345,-0.29419356533422003,-1.045850899950742,-0.5574264167921761,-0.9542549522476896,-0.6737261362460969,-0.5564791068030874,-0.9033001507631436,-0.6004353390788151,-1.1236599202385504,-0.27496996103515403,-1.2547976099970326,-0.2765573487267981,-1.2402896342663612,-0.1369802102999783,-1.3411056181719874,-0.17465851932593768,-1.2639625793710811,-0.1545483573870448,-1.3410196651518176,-0.15640660885146943,-1.2153096139790376,-0.2117963199981114,-1.312098709049646,-0.17275373537541647,-0.1768506241177672,0.08304509423169489,-0.3486406380398051,0.07706780335389123,-0.6173112880149254,-0.41019631201194345,-0.7882478676941439,-0.515139260077489,-0.7590874420074099,0.659275360640923,-0.795984452303931,0.42586414320925675,-0.7377908032723688,0.904749667896212,-0.7396669362161667,0.5667344377125771,-1.027349154741179,0.7038104042120484,-1.0311734545428417,0.49398120049851607,0,1,0
-0.7300040286011588,-1.3739816852138371,-0.7003427182933414,-1.4664548921989877,-0.685701444261887,-1.4723989601009102,-0.6705255546368949,-1.4780746534132605,-0.7191385914982924,-1.462872398766124,-0.720004827254754,-1.46575329813187,-0.7200800107475739,-1.468652840971849,-0.5886911674833477,-1.4579901961009667,-0.6469563424324033,-1.4541474560237004,-0.6874166438913246,-1.2858138507850811,-0.7093171889524751,-1.2864734843352603,-0.4256527153241642,-1.0459897862138297,-0.6335765254912876,-0.9564775388543465,-0.8283039054801868,-0.5704285911012851,-1.025263524010632,-0.6033031829326321,-1.3053962022640753,-0.30700859370579653,-1.4248313781665256,-0.28902632781233334,-1.4129023994382028,-0.1822821254978658,-1.5150792045638675,-0.20266477679857312,-1.434787196605587,-0.19422512493160626,-1.5167465509161184,-0.1857830346810885,-1.3931707965455893,-0.23209891103889713,-1.4819944037505688,-0.19400343522710248,-0.26387084348821765,0.10876861830341769,-0.4090347250274366,0.10911324317861333,-0.6908003074654743,-0.530064808991254,-0.8541442687637242,-0.5450462375280608,-0.7794362607363482,0.539882958049928,-0.7681887086111909,0.42211736368465036,-0.7552878308392004,0.7721694710687358,-0.7080402887663139,0.5611889439219142,-1.047600742926025,0.5839538959518632,-0.9221985376765476,0.5441413917229676,0,1,0
-0.7905570169168581,-1.345597122693209,-0.7660561389972886,-1.4409413739105874,-0.7536236340657025,-1.4475740819670133,-0.7409151853956047,-1.45423681262091,-0.7798849233097161,-1.4399258379612896,-0.7788450543245665,-1.4440970486227267,-0.7772806280780269,-1.4487072699226426,-0.6578036948572671,-1.4483191097411319,-0.7067217328611579,-1.4478737999451463,-0.7476542679344393,-1.2653442812707152,-0.7686871548487233,-1.269142114450919,-0.5153517022239213,-1.0429685273949343,-0.6444301770736579,-0.9778865464313587,-0.9360861479921408,-0.6011965211439583,-1.041016294544044,-0.616286356149466,-1.4239491913176685,-0.33925580976935665,-1.4616200835936604,-0.31804685124283383,-1.5427258004627433,-0.20911206610581518,-1.5675260915625018,-0.21914154404797703,-1.5620219486928897,-0.22625430886598896,-1.5708005358734334,-0.21405223117996403,-1.524096854931715,-0.2591785827621858,-1.5488760133740325,-0.22727091160809026,-0.3286838910659905,0.1255507930925734,-0.4380096303656721,0.12119136970080022,-0.775417906243759,-0.5751037851629014,-0.8749477444255932,-0.5672699700090217,-0.7874620985948623,0.5465342587809298,-0.7676969679284236,0.41554876479575037,-0.7534238898131569,0.7977507560999887,-0.698729117978525,0.5473870834278615,-1.0829663467532584,0.5355326785964708,-0.9321801623415228,0.5368898422411829,0,1,0
-0.8067840530509227,-1.3332454400164042,-0.7808327433158188,-1.4373928654484645,-0.7675736263604732,-1.4449159390985749,-0.7531859442183136,-1.452618030741048,-0.7986743957578459,-1.434183190700604,-0.7994334442373822,-1.4379743691256999,-0.7997276758525256,-1.4419200293086776,-0.6669474299745599,-1.4473345107831361,-0.7310220537336647,-1.4457409763329576,-0.7605291362818869,-1.252784878795167,-0.7867262147590598,-1.2540126557127087,-0.5419985608669231,-1.0531553826754445,-0.6518471302396461,-0.9753458523706224,-0.992630128952196,-0.635564114903666,-1.0737388938007175,-0.6149584531073649,-1.4666070859518496,-0.37602155375138696,-1.4997803797681835,-0.3272834481336906,-1.5857657085199008,-0.25173521377439595,-1.5917757143770126,-0.23586682322094477,-1.607168823336665,-0.26596318179397077,-1.6117075695187448,-0.2370482200513619,-1.5726369434852145,-0.30170957985240504,-1.5835180268825326,-0.25878539341460116,-0.3486859513341262,0.133774241618026,-0.4436341684231104,0.15371737428368135,-0.8068096560782072,-0.6078038293717289,-0.9146750068295215,-0.5646269654384618,-0.7898124971393128,0.5514601999510317,-0.7807490254805708,0.4144234507870042,-0.7515705151158342,0.781163651994906,-0.711396723724145,0.5953141217169355,-1.0747093704539807,0.5450947996913744,-0.9499722343180147,0.5579030188884303,0,1,0
-0.776544845841539,-1.346466304829795,-0.7485904040193605,-1.4554677899168624,-0.7343984021571617,-1.4621543456100377,-0.7192068662377179,-1.4692801659399786,-0.7690673394840364,-1.4516411533309637,-0.7706146970457197,-1.4547124498123098,-0.7718761541360585,-1.457508869347948,-0.636061644726926,-1.4484159338879659,-0.7013650105970615,-1.4551211330553744,-0.7342155233908432,-1.2560863993234452,-0.7595204582863261,-1.2604912884085115,-0.5064765956944873,-1.058022193044437,-0.6482444185431728,-0.987227384219017,-0.9279983345517077,-0.6947216366330411,-1.0491903658025907,-0.6206257644762587,-1.3989987364308996,-0.45628318351459557,-1.4524774660688284,-0.3817628294213252,-1.5271100874047554,-0.313810769419011,-1.5503273595833986,-0.2786972334913531,-1.5509777983956043,-0.3255370575146641,-1.5620899186343715,-0.27158711025552135,-1.5110298622803187,-0.3658183409812226,-1.5320930257903598,-0.30054098453563016,-0.32468331645345994,0.11428607068324509,-0.4394415711059455,0.15200766101723315,-0.7815503392749894,-0.5834797342596006,-0.9092793720279251,-0.4498959394022947,-0.789459337921689,0.6041579356574661,-0.7800269591515568,0.4641144563765343,-0.7516123740334582,0.8699779120629404,-0.7164819726195731,0.6311748190043188,-1.0911622618644485,0.5524800538712008,-1.0101736890051243,0.5619149726241984,0,1,0
-0.6607937626865736,-1.3615682809533998,-0.6296990892480782,-1.4652451999594487,-0.6136319704352275,-1.471293254759886,-0.59670003825632,-1.4774667339142236,-0.6553675464912762,-1.4608568207630084,-0.6589255544893161,-1.463104096003118,-0.6615281225326568,-1.4653750438835347,-0.5172193008252911,-1.4568334879040026,-0.5965362601611504,-1.4569551022836045,-0.6111954156719782,-1.2738710037503127,-0.6463928726335133,-1.2740231995236153,-0.37672980055317157,-1.0768727266806541,-0.6010988821821662,-1.007411815256898,-0.7651189869192213,-0.6945455650208022,-0.9411290299733719,-0.677636899084943,-1.2334781114162017,-0.4684091633139691,-1.3176803721963142,-0.4354808254451874,-1.3595290282895365,-0.35034964213149183,-1.4021450640060937,-0.3636750018399705,-1.3731566459590137,-0.3638875476061583,-1.4104394288531519,-0.3490798538973541,-1.3424997639672216,-0.3924890754631603,-1.3789075735638407,-0.3706934824940138,-0.23987024059384382,0.10703513079734811,-0.37914136188502406,0.11780018777736857,-0.6882540254424339,-0.5584997139722769,-0.8479450849827875,-0.36964782234793075,-0.772009655635471,0.6043072866499596,-0.8374536349570424,0.5259039083511756,-0.7413642543662311,0.9142859827652018,-0.7725377688728727,0.693043721642994,-1.0880969089430077,0.6447724648759827,-1.0728827163764034,0.5807872485137447,0,1,0
-0.5005403509397908,-1.400524404559352,-0.47032715315495016,-1.4959061967234828,-0.45446201377956685,-1.5015193048580262,-0.4377349058189359,-1.506403539509476,-0.4946890432121176,-1.490012928478871,-0.49807717715611055,-1.4907622234242035,-0.5005161703029108,-1.4915278250595327,-0.3539049049275961,-1.4816804130891723,-0.44569704090718243,-1.4733159447150252,-0.4556818151509109,-1.3169309776721079,-0.48963813488503144,-1.3083131714069525,-0.20806802952832523,-1.123537088687614,-0.5062479972365893,-1.0159652583562409,-0.5479144857586954,-0.7139448365552895,-0.8144137551817281,-0.7047814927702747,-0.9542343255663807,-0.5320997416638051,-1.1211711434275855,-0.5312563657531333,-1.0586791321923377,-0.43000746716790567,-1.2181401708843886,-0.4515985407167194,-1.0844238905208163,-0.44324260668500054,-1.2199204956744987,-0.448682233989828,-1.0493147233636873,-0.47951335880619567,-1.1830864769530427,-0.4644244381945195,-0.13165660739200757,0.08630846421733286,-0.31178040669517687,0.08763088089644444,-0.5754887429455608,-0.43449602328856257,-0.7545142536576733,-0.3945074474474282,-0.7735330357589035,0.6246905475465546,-0.8650695478629026,0.5677392549341823,-0.7455093032041532,0.9062752832045663,-0.8188528324361644,0.7472233849524956,-1.0797039927607666,0.6256671201586951,-1.087699960420782,0.5934233584718321,0,1,0
-0.3427570217300823,-1.4316092736639865,-0.31180865130464164,-1.5228700960277604,-0.2968930591237095,-1.5278629403465405,-0.28073490732495815,-1.5336279902561,-0.3346693098889639,-1.5168261559995653,-0.33712313653569886,-1.517353608841422,-0.33871336900815235,-1.5182154250276976,-0.1963007969088797,-1.5059906906945122,-0.2883034466683615,-1.4966639752115862,-0.3020835649090854,-1.3494364083937782,-0.3323105802007144,-1.3453476963758138,-0.051631094435979026,-1.143984611150707,-0.3603958819401253,-1.0424396013630155,-0.3802561095650496,-0.7460694222461016,-0.6386721375168072,-0.7268199081013663,-0.7452000348904458,-0.5919371660066263,-0.9180217898524636,-0.559982454369861,-0.8593261386073573,-0.48629379226608116,-1.0099798375128266,-0.5105040961458335,-0.865416915919593,-0.5137651293472352,-1.0090163712122724,-0.5091019240047441,-0.8410738217356305,-0.5370261908304801,-0.9599511158014952,-0.5156296799691663,-0.020269011601400166,0.06228774465866399,-0.2075417450785866,0.04752089387433752,-0.47859571177609467,-0.4233843094470541,-0.6809782953237693,-0.4033860083535593,-0.7567108308397871,0.6264947481756007,-0.8561247442036384,0.5798464388603509,-0.7375782575061809,0.9034506190594633,-0.8104217149116257,0.7664159018817284,-1.049548503386631,0.609438052038338,-1.080555293417979,0.5928637494468977,0,1,0
-0.18165017574048006,-1.4445571411189895,-0.14847088756458363,-1.5338810741488218,-0.13358638477392562,-1.5373513511386863,-0.11535540375826939,-1.5409452236947876,-0.17476946375706331,-1.5279870947090077,-0.17838050659733556,-1.5286313359630217,-0.18113913118793465,-1.5293120513709848,-0.037104424431417454,-1.5083828973569293,-0.1390404391814293,-1.5054951908371037,-0.14433416987046047,-1.3671844878670392,-0.17505841220784646,-1.3638364856523215,0.10154836343097724,-1.1506055844862944,-0.21620654102675438,-1.071760858764795,-0.1660508201721462,-0.7403300769631412,-0.49425379174827966,-0.7333431936959451,-0.5162793039664143,-0.5997616340235609,-0.7643051764091042,-0.589837616169976,-0.6437100411316217,-0.5139513608909361,-0.8339355554896487,-0.5322475686665793,-0.6543462701807023,-0.5552254728599745,-0.8331003075241464,-0.5362462128921319,-0.624518336996906,-0.5785319492368552,-0.801025708696128,-0.5492420860232936,0.07032181408210327,0.04676702695984706,-0.1064303103660417,0.0027820420780815987,-0.4384011941242228,-0.4085990691867811,-0.5861674405081532,-0.40730134114112254,-0.7345379996154514,0.6267418377087598,-0.8528143337353307,0.587138424869355,-0.7224106990249878,0.8991568288249355,-0.8276295908290449,0.8094745042127763,-1.020908875786646,0.5923464057368457,-1.091791669618528,0.5626535996414957,0,1,0
-0.02095338458468962,-1.4419277000569315,0.01068951875550267,-1.5259813718394102,0.028064830343417845,-1.5279534653358682,0.04691312879471345,-1.5294951333359326,-0.01788955565296799,-1.5218993653762107,-0.022795176960145578,-1.5218602496400815,-0.026507412717780707,-1.5218156475409628,0.11781502329774418,-1.4985192294962295,0.0074525645916662464,-1.4977875112323265,0.015850357541009105,-1.3639404725508366,-0.014727784981951372,-1.3609816973104334,0.24222297765433692,-1.148162171769308,-0.07929882299229613,-1.0678792569496862,0.05641205511592257,-0.7226618545511727,-0.31952450965424595,-0.7311631772021147,-0.30258343353702244,-0.6046527266287476,-0.6204950041379002,-0.5999932804608975,-0.4055076032210416,-0.5251292158862632,-0.6801301442453102,-0.5662250210581411,-0.42824715542233516,-0.5699478231444968,-0.6616437425526959,-0.5742817451083,-0.39249212142215806,-0.5889525845403093,-0.6366970468405679,-0.576772350706928,0.16912186438701232,0.037660477191705614,-0.00482368059403228,-0.021087294501801454,-0.3452329970274048,-0.26275244025330663,-0.47434886042492197,-0.34031193464484566,-0.7095610273075663,0.6263663266419193,-0.8439813909214645,0.5569140511599061,-0.7121705041043013,0.8872130165966781,-0.8258170590562,0.7586224216557533,-1.0172551612342327,0.5766480924360706,-1.0912949505693441,0.5561473827317733,0,1,0
0.11618658948299307,-1.4149638007526537,0.1517276553265776,-1.4839141248207801,0.17163441543759847,-1.486242323914986,0.1925984180165692,-1.4875276060446034,0.11595291105936395,-1.4803514432542677,0.1088937906794721,-1.4794463457599634,0.10291040384279115,-1.4783449583898105,0.26344422969792897,-1.4557409904738792,0.14021746897312407,-1.4603794055836026,0.15355014383225546,-1.3276878051076442,0.11842868315805717,-1.32659210729911,0.3857858571937526,-1.1026202281906277,0.04953235912565202,-1.0576315436797177,0.2532414233250231,-0.7021737431618884,-0.18297340521410863,-0.6969991884689081,-0.09327990467734101,-0.6242469672479931,-0.38454258464892466,-0.6194671258923168,-0.20093799282682767,-0.5643424873575219,-0.45942026353171833,-0.5845521150254291,-0.22337924944039292,-0.5968703207280662,-0.43777595194204294,-0.600024573049801,-0.18322029154863853,-0.6153719623178738,-0.3945354868378228,-0.5991913570705911,0.24659601535426937,0.03617529841057063,0.06827011752263959,-0.04648102719826334,-0.2751514153906269,-0.1461393885130936,-0.3935225416710479,-0.21394473910509462,-0.7041965834955587,0.6436711283054872,-0.7984405141355876,0.578237308915378,-0.713056856525058,0.8868714397009211,-0.8239892873861617,0.7936839387343251,-0.994975041133657,0.5765133717448827,-1.0902987692894817,0.4905999753079173,0,1,0
0.24018225382085237,-1.3272257314247462,0.27632681959328775,-1.401403137031512,0.2915016932251336,-1.4038115487846115,0.3113934166375905,-1.4068686213619106,0.24514700592913957,-1.3984737747926919,0.2388679650869105,-1.396658499838352,0.23406516228612972,-1.3955900814457938,0.38208947092919837,-1.3779604667733814,0.2779394039149579,-1.3744667203418395,0.2739585395694639,-1.2381051494231283,0.23931418927672748,-1.233513012801215,0.5116814287150312,-1.0239123567459234,0.18568234947166423,-0.9818289046366112,0.44025345296089113,-0.5806138207927615,-0.05126066333486956,-0.6161570202219531,0.11966616281014529,-0.6196911523810569,-0.25985441938260617,-0.6126365023710084,0.026881401526708284,-0.5837050815394309,-0.3148428132364938,-0.5948894388908936,0.015466921727628103,-0.6278293590815422,-0.3076058940560146,-0.6169458373006732,0.04662722832336895,-0.6392346949423064,-0.282683785378025,-0.6057341497335773,0.3047628421667715,0.022127770773763364,0.12211389349800301,-0.07312016429335381,-0.21496215262127202,0.0932580605360629,-0.31378638356306093,-0.06033104576744668,-0.6871043275981786,0.7042864986003641,-0.773994703044543,0.5837639052335212,-0.7184570632958123,0.9258809029470495,-0.8304139200462431,0.7777810044139025,-0.9873087632495878,0.5716530637320263,-1.0308735333660795,0.42338532313112487,0,1,0
0.3223569986783811,-1.2291010117641252,0.360990138063152,-1.3016552667205004,0.379937597445518,-1.2999656701183473,0.40060696201208684,-1.3004764098729489,0.32674669866591144,-1.3022599858411268,0.32096712005436095,-1.301688083299123,0.3147482260063877,-1.300073873388419,0.46334108441407745,-1.2687925112093068,0.34880533226061267,-1.2683570565468396,0.35759997213286654,-1.14442524737822,0.3177734471985532,-1.149625913095058,0.6023868584254275,-0.9285360001451248,0.26642881116424594,-0.9061484895689943,0.5846313622021992,-0.41431951699722197,0.07149427017283373,-0.5228095003348283,0.238079757604078,-0.5837081295188695,-0.09875184056421804,-0.5968615831870088,0.14282613297534202,-0.5679324991396676,-0.14399096738566952,-0.589340389124219,0.13951419851731506,-0.6187346964332114,-0.14182121242261583,-0.6182042464115733,0.16246182611495316,-0.614531532787326,-0.11947464637027767,-0.6088762101375573,0.3405034490642724,-0.022882554391160825,0.15326566575131567,-0.14027121529919329,-0.12558706433652775,0.15902736086305194,-0.28576041582338896,-0.018464203396907266,-0.6772392373470741,0.7123490138114564,-0.7738823342025718,0.5813123137717079,-0.7111177320061948,0.9486293958880297,-0.840516651094247,0.7735396394257195,-0.9119529579921861,0.678019418195417,-1.0373588208169897,0.4246616137213983,0,1,0
0.3684658156329914,-1.155526090093064,0.4050746902732464,-1.2186436483084355,0.42503184364431945,-1.2177822893190757,0.4472522233478979,-1.2208936159303827,0.3768971363561593,-1.2213726058991652,0.37049414435009215,-1.2222937052855225,0.36266774594617984,-1.222591391277363,0.5109432080949925,-1.186131156434399,0.3880889104575895,-1.1884090638678673,0.3997382878720742,-1.0805998975375386,0.3599483386910246,-1.0801189263821211,0.6406702929692717,-0.8711325905826875,0.30986434695253906,-0.8425308595270563,0.7346488461995097,-0.3355084206488625,0.17600034118550742,-0.4351591620150962,0.4742563051811083,-0.56403443823559,0.04789762615339439,-0.533058229597943,0.3884829125996911,-0.5644204140318365,-0.0019526871614619838,-0.5546156737736171,0.3738558624722836,-0.623592566062517,-0.0006359600439692013,-0.6043572758218286,0.3938969368772339,-0.6168890432837999,0.027294504339958718,-0.5869844026174644,0.35141602824912305,-0.03773393580525226,0.15757794706110453,-0.14589189258267599,-0.055988485841459774,0.10420132271392923,-0.24655263071511968,-0.008417859968518276,-0.6600272974570701,0.7101851516086508,-0.7786851370033525,0.5819588918099582,-0.715878269492093,0.9351955281115355,-0.8519085758454813,0.7970491112332136,-0.9203366286367965,0.5548719049360168,-1.0646225904983724,0.4215325580296898,0,1,0
0.37235524059532615,-1.1524251774115055,0.41193833357180676,-1.222134854757112,0.4313702184862874,-1.223092377497761,0.453599945326811,-1.2219204294036035,0.37377620860962046,-1.2209231813309376,0.365492613289912,-1.2206917380922302,0.358584875888806,-1.2197710959027888,0.5196071912486433,-1.1782363308920893,0.386923159921624,-1.1870975691150774,0.40707944794935497,-1.074359870832124,0.365709426227314,-1.0764604366619206,0.6464291453206394,-0.8399242275111308,0.3154423525238808,-0.8357924881834241,0.8018218426573074,-0.3472188592514347,0.18025145970789422,-0.41769850700289907,0.579228717047894,-0.5199362717173364,0.11657388607032969,-0.520712084083785,0.5113498085521071,-0.5409922216760394,0.10200129317555925,-0.5323581087208873,0.49028481625440273,-0.6057815966135055,0.11408775084154509,-0.577338258889369,0.503279165395845,-0.5792367436823836,0.12422634644761027,-0.5696049254576497,0.3448183719562414,-0.055083847564512095,0.15356416453767321,-0.1496644783331962,-0.10058245701506564,0.12491173340360506,-0.2521946438546729,0.006490213863131874,-0.6820696751614319,0.7090068027576722,-0.7798394068167658,0.5778910584511483,-0.7462715012624427,0.9267991575525973,-0.8437814434702897,0.7964777166877831,-0.933307305137932,0.5564408015523998,-1.053752886224292,0.41178674537395077,1,1,0
0.3636010372502916,-1.1672266227624606,0.40165221576091137,-1.2343364244465638,0.4212535683321804,-1.2354624496505122,0.4414439937296242,-1.2359013586896765,0.3648517248132805,-1.233498788897168,0.35648258287066087,-1.2338421945805882,0.3480065584490596,-1.2338803451232285,0.5050142784909486,-1.1947551602577464,0.37689347878083296,-1.19995836595745,0.4001213172881967,-1.0900632640986303,0.357874087083715,-1.0906663576302227,0.629822127749891,-0.838437931137535,0.3141603723719885,-0.8480927108073733,0.8018311897942525,-0.36931528779117506,0.20982905218046358,-0.430273555772899,0.5793719720815101,-0.5075697047409394,0.1292640468637956,-0.5172148324758887,0.509283481691338,-0.5245664572825754,0.10641171942327235,-0.5251607116737957,0.483939939056299,-0.5767667627446238,0.11885926105342248,-0.5673411911285713,0.5009184037213031,-0.5633182646668241,0.13096725777410803,-0.5434467595179767,0.33411346177047674,-0.05269016771203293,0.14433813397553708,-0.14764793513659152,-0.11168075974704417,0.1485992072103159,-0.2541524626474264,0.025720322538774536,-0.69342299217311,0.7291234670527009,-0.7766407555945416,0.5834503697485998,-0.757897104437306,0.9380271010100327,-0.8204983349357718,0.8055659785792927,-0.9630151479318461,0.5448887562813223,-1.0482514865361747,0.4141304383636362,1,1,0
0.35149507251589845,-1.1732857518881916,0.3897151090874189,-1.2376933166013107,0.40872312166129926,-1.2386228487307815,0.4283535316365501,-1.239429039292302,0.35128659072229546,-1.2398609887784147,0.3428493772388795,-1.240360247810464,0.33411264897595977,-1.240249707756156,0.4937288298214375,-1.1963878104440542,0.36387941937235413,-1.2070402953834742,0.38968341010125707,-1.0943839781515328,0.34726488345232365,-1.0958949631585815,0.6320286616648376,-0.8476749344256502,0.29633883659425636,-0.8537569741968285,0.7972415423555473,-0.3778322567365688,0.1684285506640362,-0.42997881616118244,0.5289549377896958,-0.46481640835032867,0.08409035000096028,-0.4822628394584788,0.44070089634248355,-0.448306316525729,0.06157126831239506,-0.48359175849372615,0.4161254445259821,-0.5142739387148589,0.0695027204076259,-0.5209048179836218,0.43815522391533085,-0.5156555877943947,0.08803585778496605,-0.5086416791095094,0.3311611888862094,-0.07818306133956526,0.14154415282344976,-0.16952897312933463,-0.11650286641760299,0.16964631802864688,-0.2575966794130904,0.024731151611621007,-0.7008395389418398,0.7285482117333147,-0.760499062884759,0.5672462950596395,-0.7636124722820158,0.927101923510169,-0.8055697380425683,0.8023184580867356,-0.9908270459156108,0.5273933543035246,-1.0503480899927011,0.4056086942504553,1,1,0
0.3367326921014153,-1.2287872730805744,0.36966428114826494,-1.2981531891451596,0.38890658174166215,-1.2988966929295587,0.40764149535784033,-1.2999908159487161,0.33229849161408087,-1.2945803476471849,0.3246291657505731,-1.292395352786938,0.31699865082525075,-1.2894656349505167,0.4670581969388144,-1.2598018862591482,0.3465648641745825,-1.2473823352401763,0.3738487505202601,-1.141849145956338,0.331785415075243,-1.1406885769854183,0.6241829593911472,-0.8558528664581525,0.2734143736403519,-0.8563156513362528,0.7206057889325458,-0.34980456180854824,0.15428064290438304,-0.4338885609864415,0.4208410751148177,-0.45340639892109186,0.054211820358482474,-0.4688924712536229,0.3215062060177419,-0.41579412944963634,-0.003807484249189471,-0.46576910512353314,0.3040262471357667,-0.4869644493418967,0.0029086368445406905,-0.5072111607596407,0.323357345530143,-0.4963138214719832,0.023363423658629187,-0.5020240077516473,0.3102967536355676,-0.07817554299028329,0.11732978497111257,-0.17100683675981687,-0.11865169192184469,0.16301879153726656,-0.26201543680460243,0.009661331671093659,-0.7020816921624006,0.7233148310371688,-0.7617920157626303,0.5667181818222378,-0.7626545939437657,0.922737623351294,-0.8066519739419149,0.8013087640980286,-1.0061296298859357,0.5298880238747374,-1.0617729329218726,0.413879081659263,1,1,0
0.3013375228736271,-1.2531598310657772,0.3339923553874481,-1.331912152210628,0.3524543732445533,-1.3330832367106111,0.3716255543177156,-1.334975879543035,0.29466407349203794,-1.3251460442541043,0.2860195974067944,-1.3221993085324837,0.2786731541651533,-1.318322481885162,0.43185992718276234,-1.3101196580205776,0.30613910648263243,-1.2862785660501592,0.34330291657934925,-1.1696415368716955,0.29822939664073056,-1.1607375761369092,0.6042249932255571,-0.8949424915635171,0.235019789446312,-0.8702611732611801,0.6086856095346932,-0.3514150125446114,0.07348439754763686,-0.43571074469417553,0.30573961797754123,-0.3694827234616711,-0.0613334225850601,-0.43685292418914884,0.21276811715383018,-0.3111516105574262,-0.13060952485551988,-0.41629064530019094,0.1802276854682728,-0.3786026843393425,-0.12117054212993736,-0.47042733209960774,0.20317571946316942,-0.4031399348135464,-0.0918973412039736,-0.4689882794073108,0.2988798354529365,-0.031606277941808994,0.10048238342196997,-0.14892585131589894,-0.11313241075435411,0.15660401401070334,-0.26990015321510746,-0.02146300876727123,-0.7063573977189257,0.707537270270989,-0.7610306304988579,0.5643653448942364,-0.7617141906876304,0.9174802652168973,-0.8066914960753027,0.8028760351253776,-1.0192746508109614,0.5146627569828395,-1.0615580503714483,0.41436980634888415,1,1,0
0.2406187244764657,-1.2773145601204317,0.2696978707115027,-1.3547425341991932,0.28846854728642757,-1.356631875053892,0.3078317510642242,-1.3581812646018676,0.23730150685407841,-1.3469147642045334,0.23023019455643198,-1.345164614410866,0.2235624347364616,-1.342836364517003,0.3725541720533548,-1.3417631709566575,0.2611147606122905,-1.3127085609561016,0.28297893311880645,-1.1935383560661836,0.2436000547647148,-1.1875765082842025,0.5491555231186016,-0.9359973522116026,0.19468851911695975,-0.8945199400140069,0.5224550200374799,-0.36623245978761926,-0.0013593471640732607,-0.4929685624387604,0.17053287566847372,-0.33766832047839795,-0.19158658871044876,-0.41476645238224136,0.08167553749103988,-0.25521153592348034,-0.24269571753346375,-0.36216432163086554,0.061250417676820816,-0.31685641207341536,-0.2354957805035067,-0.3958227521745163,0.08672725861264298,-0.343084173543604,-0.21204747148341455,-0.4026634340279722,0.2974938176028719,-0.023716075168314435,0.09861458162197095,-0.12948583845624856,-0.14534345746190902,0.1555634338303514,-0.28579780437116964,-0.03646333477659757,-0.7115956551821736,0.7066232828366553,-0.7645831521339083,0.5669404811226293,-0.7620226462068208,0.917265687464417,-0.8143989216817934,0.8080027365411713,-1.0154816435982024,0.5715169206504337,-1.06964759100023,0.41892043965077475,1,1,0
0.18751012114170243,-1.3126813323397832,0.22125450470552285,-1.3858477739664092,0.2424032148384752,-1.3898537333426149,0.2641133627840252,-1.3953523898492373,0.18662315912505797,-1.38285171177754,0.178584418153587,-1.3833367977051998,0.17115913384379977,-1.3829767805338389,0.32219769095305484,-1.3784371199579275,0.208026070743193,-1.3526066626075657,0.23283316899703116,-1.2337753422315674,0.18655386839248622,-1.2335361266452913,0.47290218951583485,-0.9902384831064501,0.14490709013741665,-0.9415729193993935,0.391635742531021,-0.45183699430813573,-0.06691528893035745,-0.5591684406611147,0.06027892503041141,-0.32332849161342503,-0.2978131425169205,-0.4181524527406273,-0.04165444813742029,-0.2160559728629264,-0.35527487008595043,-0.35972289010051434,-0.0678213516181507,-0.27659941084305134,-0.3539219736124524,-0.38963007074971534,-0.051196655766658106,-0.3050393957898054,-0.33076647381709906,-0.3965806830615916,0.2868374718894963,-0.014425224243449853,0.09647611924782064,-0.10834708505612908,-0.16413221871483652,0.08119436111655225,-0.2972815749028216,-0.10601070721709636,-0.7059489684741479,0.6883744203416257,-0.777926190123131,0.5657867193057892,-0.7589807627270574,0.9171362499375894,-0.8468957672613782,0.7761424106676893,-1.0028300905442926,0.5551452070923483,-1.0775370825785222,0.41830210622198916,1,1,0
0.12203363003945214,-1.3423006821306618,0.16122068888753865,-1.420766036011365,0.18176488309849395,-1.4251465412609219,0.20182769975677325,-1.429146201479621,0.1237374505456523,-1.4145810761344753,0.11671856349435049,-1.4132775569278833,0.1091987918219654,-1.411854150530038,0.25658993353631376,-1.406082649064,0.13929677598402534,-1.3804316161032595,0.16146899761247324,-1.2626280743939706,0.1197441910837745,-1.262805873194558,0.41453500885489936,-1.0196250688675315,0.07279778937942573,-0.9549070166489295,0.28510926754778704,-0.49619738865742713,-0.16885211647488627,-0.5633366541427706,-0.0609209293676974,-0.31495396490713046,-0.410228923371496,-0.4076484043998691,-0.16173772606784037,-0.19954831942187765,-0.4638065091425515,-0.33409090701126537,-0.18938350917219926,-0.25110204684567566,-0.4627549562362205,-0.3556499767759734,-0.1595023379475413,-0.2861654943112252,-0.4334709857829068,-0.3762967862946962,0.26832140319701253,0.027825257139099804,0.07569397944202212,-0.06247032093611397,-0.1968258621668429,-0.009950790427525304,-0.3260351969338117,-0.11621839035710407,-0.7059554708302836,0.6780082422708087,-0.7787271991196058,0.5575077975545533,-0.7449224655629003,0.8977801581118162,-0.839984575483575,0.7688244152341422,-0.9949389733769664,0.5069812392015771,-1.0767151441232354,0.4217475421794286,1,1,0
0.04291478936710458,-1.3597611339442297,0.07583438969482884,-1.441475024310636,0.09540587206759926,-1.443536779202247,0.11526569329526509,-1.44590734521065,0.03838305353773359,-1.4367453730163826,0.030781596016392923,-1.435314041871997,0.022461424943420783,-1.4338122516029213,0.1737167949900778,-1.424612992460188,0.05707814022258018,-1.4034701750874836,0.08639543525108963,-1.2705215283455331,0.044980913029244486,-1.2630213145412126,0.33533509192948396,-1.0468773578263617,0.0036960315328562047,-0.9723929698904673,0.17806748084079355,-0.5433094988439233,-0.2408248677540261,-0.5847379401718715,-0.17912522957351013,-0.2921949056374296,-0.4784987860299459,-0.40892357739768176,-0.2868623619897722,-0.17981326215256682,-0.5447254864713603,-0.330211032384505,-0.30603781023414856,-0.23189408682062046,-0.5484409734070633,-0.34197602981902886,-0.2951993985489715,-0.2642735851918176,-0.5203822906880832,-0.3668955985141529,0.23662241703514927,0.029054812044647462,0.05132639982323594,-0.042594040619479474,-0.225977956709778,-0.11251875291448199,-0.3723780987093096,-0.1304298992877102,-0.6897243707236341,0.625315383331476,-0.7794647085444422,0.563727097999785,-0.7149744419892214,0.8710113802912689,-0.8252329645964417,0.7934516827011007,-0.9747372704555997,0.5576963658824905,-1.0457663673005364,0.4435974907818976,1,1,0
-0.044829426719337685,-1.3561469415252043,-0.018321149541479516,-1.4369075763221757,-0.0015993247452089053,-1.4393093333201672,0.017068939720577655,-1.4412411426883776,-0.05046249911920418,-1.4310842084060234,-0.055856609931081255,-1.4296065479741702,-0.06090447027872874,-1.4281585545421867,0.08779100343672858,-1.421435829493006,-0.012400754279863818,-1.405882854011797,0.00033776778736188104,-1.2681300328783183,-0.03406884010916056,-1.2611272493183838,0.26453825111777174,-1.0650180170513195,-0.05939511086071386,-0.9985050097413022,0.08281568499972074,-0.5798744825802619,-0.3251726187526764,-0.5868787393302581,-0.2520483408416181,-0.2792243307356087,-0.5744176829708225,-0.40951752699095817,-0.3438075586432672,-0.16440775807653052,-0.6316636135955968,-0.32971431333532114,-0.3682767375766747,-0.21788354133433538,-0.6236785170622458,-0.33815040922627626,-0.3609680892800728,-0.25622752906969387,-0.5990435280473762,-0.3591172565860564,0.2018750450373868,0.029043839318668357,0.02484799284387645,-0.034708917811715985,-0.26870697086419426,-0.21941992617003955,-0.4318433647626727,-0.1852573598272376,-0.6978271192633166,0.62734818241842,-0.8121022691747776,0.5695542250905783,-0.7169712749187895,0.8638933323088966,-0.8525033382332747,0.7943140576836067,-0.9709764702255755,0.614249389181547,-1.0583854085737674,0.45087362729782066,1,1,0
-0.13407792225806375,-1.354255568684213,-0.11071068949103945,-1.433195594562827,-0.09269814700181912,-1.4355647381808252,-0.0739410847350535,-1.438310713656754,-0.14101207548097136,-1.4280891622103002,-0.14674796638723467,-1.4267208734406371,-0.15202462839140943,-1.4254437192561895,-0.0023637579884199927,-1.4258279678640875,-0.10174373718118775,-1.409813020299295,-0.08526534434274992,-1.266703680100349,-0.12113112159586427,-1.2604015762137009,0.18669549783706837,-1.0703602106134251,-0.14028401479239472,-1.0009140310902893,-0.03467660720922551,-0.5673038025807906,-0.4213544547197931,-0.5936787814578656,-0.3816522873465763,-0.2702120651314359,-0.6611200996851374,-0.4038526540056152,-0.4728890814724423,-0.1566695478777095,-0.7154489107885031,-0.3251813583141747,-0.50627197467484,-0.21430582306925894,-0.7136520253101098,-0.32819194920503475,-0.4905141241756968,-0.25686374397785283,-0.6893413413075117,-0.34587663070597197,0.15732598076084356,0.035136547017881874,-0.03406457293794646,-0.02882225352255458,-0.2980610448445966,-0.21856527273544468,-0.46842866836193553,-0.2930841028389957,-0.6988573363135772,0.6094185449699308,-0.8029350646158072,0.6059442548071389,-0.7183924461317132,0.860453585913076,-0.8166693615656369,0.8053442888747889,-0.983281976013885,0.6411008688441961,-1.048689074784249,0.5135555276520959,1,1,0
-0.22887353717648665,-1.3517328069025074,-0.20266721316168315,-1.4331756302975038,-0.18258570222951354,-1.4376840490841694,-0.1631649932396412,-1.442672067435505,-0.23410549548222803,-1.426460677595892,-0.24055258159084084,-1.4255756459662252,-0.24602390788183015,-1.4247556378979163,-0.09404596350958604,-1.435529229220365,-0.19607585602630803,-1.4131991730566529,-0.1759677260737076,-1.2647441849189043,-0.21477114590978386,-1.2582106885932058,0.094987892487247,-1.0754052261802631,-0.22371960714437447,-0.9995431515381032,-0.14812565309350026,-0.567649849846391,-0.5073442538413537,-0.5929234921529705,-0.4988458775705358,-0.27137923805780606,-0.7685975442532272,-0.37906993958728613,-0.5775845336075702,-0.1419876341204065,-0.8339744680271486,-0.27913268815382025,-0.6124808502005676,-0.1788925691634681,-0.8305805429222222,-0.27784583123482615,-0.5923810513917661,-0.21951746151207605,-0.8052284659447551,-0.3011001871633061,0.09398998401903604,0.04875776393053792,-0.08877011429992823,-0.006685388455594902,-0.3464578783644799,-0.283508062637989,-0.5239382666998307,-0.3925861028086237,-0.7128168789439223,0.6081170577496312,-0.8003308709834326,0.6095227858667323,-0.7192550243128485,0.8625607556983229,-0.7946929218164642,0.8323463387217068,-1.0023554185463814,0.6624635471337411,-1.0251045210832495,0.612032492136509,1,1,0
-0.32130859361899694,-1.3500956355466989,-0.2946814452430318,-1.434859181740437,-0.2756187722378851,-1.4432343688422766,-0.2570242688745137,-1.4511987391154448,-0.32629183680254525,-1.425576255562113,-0.33134884108850865,-1.4248419465156872,-0.33605756292395006,-1.4241392348561086,-0.19312500553244535,-1.4425090005355377,-0.28807078423787863,-1.4133521816244725,-0.27103643994983273,-1.2683900763240916,-0.30709444310621065,-1.2574223287114015,-0.008745210939787406,-1.0738757500979534,-0.31289027760810056,-0.9887896768799497,-0.2928741966345471,-0.5408305771664769,-0.5989088073561882,-0.5947648781311679,-0.6291569553052586,-0.2665965519213203,-0.8347079134794002,-0.33426321944886317,-0.7299928526765503,-0.11418254329072133,-0.8967116384085779,-0.22591354476474892,-0.7513134688498421,-0.13895306579129582,-0.9059455937172545,-0.21763441981488382,-0.7158774566975761,-0.18066060043650894,-0.8810047907653746,-0.240963044842352,0.020372136637547205,0.05974186903288203,-0.16093488828370242,0.008707314106799119,-0.3891738878066246,-0.3195803912977286,-0.6097222256099685,-0.4029941397970647,-0.7301119270732866,0.608783346054918,-0.8053473371428621,0.6075645606767203,-0.721200244790589,0.8758570580028199,-0.8024901612170803,0.8194637488263481,-1.0181987140691213,0.6577229231135086,-1.0628637031636474,0.5914395302545354,1,1,0
-0.4220187110387875,-1.342339797866791,-0.39949698776804216,-1.4340137738434728,-0.38198776828345604,-1.442912451413899,-0.3644702176550709,-1.4506899805474784,-0.42794560865653897,-1.4230225567891053,-0.43265819126593597,-1.4226769667204207,-0.4368983370623437,-1.4224344491564196,-0.29579111295732624,-1.4453834991444623,-0.3867838655294718,-1.4130012575917703,-0.3753332163743864,-1.2679947533909,-0.4080012567991082,-1.2570363021154978,-0.11109067092772332,-1.0729980336189395,-0.4043243776029613,-0.9770247810447404,-0.40171307201856316,-0.5401533161352109,-0.7011778646595289,-0.585984462162961,-0.7474088039903141,-0.2447364433873892,-0.9726757187626177,-0.28834032924000996,-0.8787724506245141,-0.07896984643199305,-1.0521130732863033,-0.18767562671385513,-0.8999753131921597,-0.10930130581905287,-1.05521175078294,-0.18011541851425075,-0.8609523372371867,-0.17206509522091293,-1.0089621171782646,-0.19618233412847208,-0.052053341187545385,0.06068897784378232,-0.23929193729501905,0.03857365183152237,-0.48626097366701754,-0.3583300650963701,-0.6839226434614962,-0.39662934913329523,-0.7424517734299381,0.6214015745336321,-0.8493848488702868,0.5437258505261663,-0.7214741565428081,0.8981280341650797,-0.8039778799810808,0.7915613258532557,-1.0418874070676076,0.6824804409018115,-1.0795279211485278,0.5779197094578715,1,1,0
-0.5328544193523718,-1.3411817180790795,-0.5078770406472282,-1.4336719937490865,-0.48794833508424906,-1.442650020384232,-0.4677579096868053,-1.4508413635262642,-0.5378618431728,-1.422567645857888,-0.542397846173385,-1.4222720426519972,-0.5465280615113723,-1.4220747875826598,-0.3930415705156304,-1.4465334001873469,-0.49035359725859506,-1.413284719679564,-0.48389106805415977,-1.264865646899534,-0.5171207494901084,-1.2551032227558545,-0.21826148876428594,-1.0726414200246184,-0.49568227811185595,-0.9768483030352431,-0.5573693179773589,-0.5463939524365131,-0.8167594801577059,-0.5885165202819544,-0.9503566861245419,-0.23605376595984806,-1.1229992198955676,-0.2904152920425219,-1.0739040942862919,-0.08272698908669082,-1.2263538658756374,-0.17214596827535153,-1.0969224350069064,-0.1179492362809935,-1.1986951796583216,-0.15394241907464304,-1.0643907408624065,-0.17528721588481463,-1.168319118172143,-0.1779182317362493,-0.14456581630779716,0.08140832927314483,-0.33668260190750066,0.058336953710297915,-0.5807739392921638,-0.4419562577625796,-0.737541478554288,-0.5404367782230045,-0.7616562790782962,0.6215917684506033,-0.842777032645943,0.5159628218127343,-0.728811252647504,0.8976389350644925,-0.8038157274749451,0.7344275608718235,-1.0807720047560663,0.7653251316399535,-1.0874908690312912,0.5734607187377695,1,1,0
-0.6432166748598204,-1.340922792225767,-0.6166911257984766,-1.4335223887583066,-0.5994858914632376,-1.4424432149793203,-0.5800212915694488,-1.450650509213748,-0.6410570798282289,-1.4223137999703066,-0.6436992716042719,-1.4220340462574967,-0.6457751488006154,-1.421847865513453,-0.5019141768721007,-1.4461038382851277,-0.5783113751043714,-1.4169746543876398,-0.5974638619036433,-1.2609502125126562,-0.6243248919018669,-1.250857895394401,-0.321474403700459,-1.0725679637201473,-0.5916619314428762,-0.9765736800878215,-0.6966028475221292,-0.571540290801872,-0.9162890135415963,-0.5932293060899807,-1.1028212912138224,-0.244999992009517,-1.2458280161050006,-0.2843468665795029,-1.2298883028326852,-0.10775598024366204,-1.3397325034348797,-0.17221038224082147,-1.2517118356133528,-0.1321320942048764,-1.3332141962067172,-0.15006660842046754,-1.2163665516490436,-0.17822343607737184,-1.298938448227427,-0.17490215448239968,-0.22399108051304273,0.09969193873377494,-0.40812805274375563,0.083056066957674,-0.6225245520467765,-0.49297506479489617,-0.7942697606710664,-0.590153691637763,-0.7726101075848831,0.6090974911357273,-0.7981297218321609,0.4278812960017491,-0.7474423317641391,0.8974198869421689,-0.7484038676777157,0.6443177063437375,-1.0745825745093331,0.6419179305323811,-1.044186802756118,0.5258478255295046,1,1,0
-0.7352754074409732,-1.316375229421129,-0.7171299730482281,-1.4160533518026532,-0.7035902387858984,-1.424468467435139,-0.6893362613417806,-1.4325637484251967,-0.733698789276679,-1.409747641140336,-0.7337250018998513,-1.4123673794678477,-0.7329357784238726,-1.4150592533087405,-0.6043886679896058,-1.4377073661268749,-0.6551440279991092,-1.4171039903151528,-0.6894435502180207,-1.2390027285681506,-0.7090954992479712,-1.232576419519378,-0.431271767018613,-1.0593022428093513,-0.6314262775966412,-0.9851515070226735,-0.83245271349275,-0.571959387974685,-0.974107151506318,-0.6108836093958461,-1.2600780311758484,-0.29018577919079225,-1.3361950184983933,-0.30153025706209835,-1.38409045940062,-0.15610831326374114,-1.437802054667661,-0.20785406339217355,-1.4028264906092591,-0.19230835226195975,-1.4395044527834566,-0.17337003681790963,-1.366903716140642,-0.22795731657767215,-1.3983155826393856,-0.2098756865545093,-0.2974979814429651,0.11980718063839886,-0.4409265466884512,0.10999106125694186,-0.7547798342660935,-0.5206582364470357,-0.8952370259561635,-0.5666767316109477,-0.7712427840087089,0.5268451244018278,-0.7396388948053312,0.38388655758578005,-0.7471499289366589,0.7824759087425555,-0.653135409549045,0.5567059757635615,-1.0490427419984458,0.6164673022197312,-0.88475990143378,0.6414091211647573,1,1,0
-0.778261061464123,-1.3137402511964242,-0.7576359941987291,-1.4141005621759735,-0.7449137280218429,-1.4224159580811584,-0.7310505015417587,-1.4307820012446821,-0.7733491409994389,-1.4087968747541093,-0.7726773663311625,-1.4118865099117448,-0.7713025244057062,-1.4149626323605358,-0.6492886562988511,-1.437646711336046,-0.6971474198484997,-1.4209142694113974,-0.7302301886755059,-1.2342352823288583,-0.7497374602814356,-1.2295661842261192,-0.5147246312540783,-1.051803197397149,-0.6438016837134102,-0.992369833528577,-0.9397913733970671,-0.5780873506360722,-1.006998405625263,-0.6306678407334336,-1.3810583294550602,-0.3191757212275917,-1.4054435873545907,-0.33869183197389346,-1.4973463649877996,-0.18950949434277062,-1.5194222704659865,-0.2376220529803433,-1.521256138094902,-0.20923743966005792,-1.5255188389391556,-0.22228075967114772,-1.48309960109502,-0.24977576939260848,-1.4952389920039235,-0.21184488447050043,-0.3425404119913096,0.14423917422265498,-0.4440027707365567,0.13384150036430534,-0.7906780217005721,-0.5272081410620453,-0.9242819332221731,-0.5565013570529895,-0.7802189818561912,0.5256842506329642,-0.7509206858995159,0.3995767429413854,-0.7589984410078014,0.780084464074998,-0.684360333308885,0.5640869627721738,-1.0872591209946398,0.5663922512209324,-0.909326615709224,0.6298326920581707,1,1,0
-0.802449724689861,-1.311675194327088,-0.7797431922658193,-1.4129407551999134,-0.7687259657869087,-1.4210021020188877,-0.7549295916558454,-1.4297468566276623,-0.7960937731664636,-1.4080530153721091,-0.7956569977129063,-1.411447499273266,-0.7945937608853938,-1.4147936727003203,-0.6715834067007325,-1.436941002496686,-0.721011066866764,-1.4212820589303268,-0.7546951004376993,-1.2332571857269985,-0.7766759089574006,-1.2294849555740794,-0.5515655587289285,-1.0593072211757677,-0.6348343250063,-0.9883155128786117,-0.9936233638519344,-0.62389096324956,-1.037527272480632,-0.6298048561550399,-1.4574800131221548,-0.3541671347790747,-1.460808508268465,-0.3407050223931157,-1.5726924167109977,-0.22609784592147208,-1.5766693186832215,-0.23669993760083988,-1.591028045020714,-0.2332748215063247,-1.5839074570554763,-0.2294774455230369,-1.5574177725521938,-0.27369224805447584,-1.5590704886031395,-0.2430771233809932,-0.357196722721328,0.14284319963975753,-0.4416403834729809,0.15171546138838213,-0.8274733310831572,-0.5653034136752108,-0.9181409658485145,-0.5530982880097471,-0.8159816358049649,0.5292560761377926,-0.7786127982913421,0.39423505737585296,-0.7858387447458423,0.8099918479228283,-0.7085119127847862,0.5762813189102876,-1.0853946719720233,0.5474346319071043,-1.004742596042725,0.6056888341301807,2,1,0
-0.773924396318825,-1.3153465363605878,-0.7520789180861994,-1.417455422344428,-0.7398150680168847,-1.4249220067756088,-0.7258201688250513,-1.43300362265785,-0.7683002646586452,-1.4150990802400722,-0.7686215216914779,-1.4189259708242574,-0.7686723213487886,-1.4230770140217424,-0.6385398552091701,-1.438429635654518,-0.6936700817062692,-1.4302130450828026,-0.7313435139651268,-1.2343741685919456,-0.7531654211567602,-1.2317646917952108,-0.5236196512491781,-1.0624120962305965,-0.6230036944145307,-1.007442701448543,-0.9505566335757167,-0.6492242443538221,-1.022363168376136,-0.6453036284018986,-1.4197022383671811,-0.39880489525728235,-1.4430155218981415,-0.3704734183785439,-1.5442908363051706,-0.2659485514926653,-1.5429133527975343,-0.278128683726732,-1.5643995758536589,-0.28870771236168075,-1.560082417776768,-0.27324663346054656,-1.5404784236233189,-0.32869720259664675,-1.5292302619022737,-0.3012042248614784,-0.3295365125142929,0.12074555190824171,-0.4232645218346746,0.1422392933136482,-0.7957599178186178,-0.5614952681645731,-0.877843832888875,-0.542582149350549,-0.8105781778561426,0.5411533558799535,-0.7775159320906899,0.40513971181416314,-0.7588212518031019,0.8186227096999125,-0.7086978395305433,0.5845925492435731,-1.0647577175868188,0.5743580438845053,-1.0013015288558142,0.6079929033871638,2,1,0
-0.6739996416010575,-1.349978897934199,-0.6434633579957211,-1.4531337996617233,-0.6278916374409642,-1.4600189820149834,-0.6116209136016124,-1.4668088134114712,-0.671058951038657,-1.4487494844378679,-0.6755427319915267,-1.4516246434423377,-0.6793683525842793,-1.4553053326127827,-0.5391824310642483,-1.455650363885237,-0.6177197172597032,-1.4520682260499744,-0.6280820345565646,-1.2642920171691818,-0.6634016138942745,-1.2629204264217935,-0.4291089208089535,-1.0693023585495876,-0.5855365087643546,-1.028522527246182,-0.7926027191167591,-0.6753749935435277,-0.9725337845200916,-0.6757292703536124,-1.2533057256611324,-0.4492597244941358,-1.3605144400420488,-0.4233101419473805,-1.3933309170654324,-0.3153895211689122,-1.4542496629137687,-0.32510607322204027,-1.41273547176428,-0.3250928653111395,-1.4589355249034204,-0.312000371231773,-1.3759852724773867,-0.361187749018725,-1.425212578794985,-0.341689418152482,-0.24952054989383876,0.09803078993971576,-0.37521515797079635,0.11281206782671845,-0.7062757118699702,-0.557636526195254,-0.8593539768195635,-0.4266004357513931,-0.8221544037641,0.548364468834519,-0.7769195441138627,0.4386103868243936,-0.7586970974406345,0.8440406230332542,-0.7122310572958156,0.6280311330113049,-1.092633115142222,0.5846939453595651,-1.0090648340853468,0.6068265432553107,2,1,0
-0.5267466749545943,-1.3962116660526473,-0.49530879903130787,-1.4932389099167283,-0.47700669849541666,-1.497926549894386,-0.45780056725802465,-1.502266009020836,-0.5244970629302481,-1.4891782901092565,-0.5295953165379479,-1.4904103341980124,-0.5334142315759354,-1.4921586044043595,-0.37318845484272956,-1.4714319886240015,-0.4878036576602282,-1.4728181080733806,-0.4795048224433266,-1.3110502061431946,-0.5197393702251593,-1.3062941390271396,-0.24378933255604804,-1.1000445839656616,-0.5315053836528294,-1.0306908598188311,-0.5925218680418313,-0.6958144388611084,-0.8360003583606985,-0.7043873890288584,-0.9988101104626693,-0.4965119401354948,-1.1442551173054456,-0.44485854378405326,-1.1005231147170873,-0.3843293297079753,-1.2551745434542778,-0.42041009111082844,-1.1324058940391006,-0.39779195009050744,-1.2402921742492268,-0.40979560431507683,-1.086965498975384,-0.44091384879456447,-1.2049630445759425,-0.4336984686687849,-0.15263219229284516,0.09006032370767032,-0.3330420952659882,0.08280044308208666,-0.5889612184616112,-0.42768968200344865,-0.7815098011484555,-0.32973168681812143,-0.7971619883603924,0.6215980676081098,-0.8312026355256488,0.6034384093113178,-0.7559043354803227,0.8908961949503316,-0.8065178628466148,0.7327412154477382,-1.087100219666572,0.6117587835829191,-1.0810481516932071,0.6089824807115759,2,1,0
-0.3730779147884215,-1.4358778672684882,-0.3425109481900694,-1.5292549525561676,-0.3277938810699074,-1.5353942435411352,-0.3101495344968749,-1.541877499005753,-0.36461103430513614,-1.5229998891521892,-0.36625714640063134,-1.524292892829718,-0.3679922594957349,-1.5255234129287545,-0.23037070467674697,-1.5143764949247296,-0.32084042397722173,-1.5063282544173415,-0.3327683867123983,-1.358639325111838,-0.36132612526479846,-1.3548361579676167,-0.09192863379287697,-1.1414046489548697,-0.3806547852756238,-1.0888894872168098,-0.41904693108611285,-0.7326112722334128,-0.6768031730887193,-0.762152695349977,-0.7827809101736833,-0.5491879335886004,-0.9473932373156662,-0.5714433650557232,-0.887310857025293,-0.4462165202232823,-1.051911601845409,-0.5023068602435532,-0.9019840332415385,-0.4757034861072094,-1.053620603916655,-0.5041669404956409,-0.8768759978177919,-0.5066327558615012,-1.0003736223153774,-0.5076891855349341,-0.03757320366908039,0.06482427314750078,-0.21900214776787563,0.02570406664843512,-0.5145854401930471,-0.3815673523399937,-0.6816701866563407,-0.34498306473387713,-0.7660795068396515,0.6291926163760562,-0.8247344167595947,0.574603914225889,-0.7424255608067658,0.9015045857872058,-0.8138507933794111,0.7463815330315431,-1.0614289176425646,0.6308462468208333,-1.0811314631311966,0.58811377828972,2,1,0
-0.20778558343367787,-1.4538288913727053,-0.17410297225314722,-1.5404708564948204,-0.15819089399440883,-1.5438357241957652,-0.13831197209559418,-1.5468933047696376,-0.20059661912969992,-1.5376197765279158,-0.20399023943668246,-1.5397861279139298,-0.2071150279571769,-1.5419877850617745,-0.06314473516612965,-1.5169282125111023,-0.1663556181160103,-1.5213548438494975,-0.1685316722365705,-1.3738418845569182,-0.20130415675672303,-1.3760382585404027,0.07107994816780783,-1.152889943476241,-0.24450784290905025,-1.1159803348647068,-0.21250629398824458,-0.7314836214404304,-0.5217520526478083,-0.7782282469059412,-0.5753788124871405,-0.555512186125836,-0.7753331724153647,-0.6217073907797177,-0.6769155419306905,-0.4755292432826338,-0.8655632189326478,-0.5538107024038721,-0.6935910374394938,-0.5108456730415905,-0.8533469173425758,-0.553980068461346,-0.6663219845937509,-0.5442864778533223,-0.8185192818862624,-0.5652451972679327,0.049494767379242126,0.03811889329927718,-0.12195753042099439,-0.010843238807159303,-0.45762601963550514,-0.39044885962624887,-0.6041797797987443,-0.3598659419355012,-0.7344542817802034,0.6353950513350608,-0.8388963452246656,0.602433998486971,-0.7211890688659806,0.9014182263697778,-0.8197574727335529,0.8270893869845687,-1.0292655210135673,0.6302988297136535,-1.085316643698394,0.5879207395919395,2,1,0
-0.04815599147867015,-1.4591656493714786,-0.013391347597422045,-1.5384585296697726,0.003657220594670846,-1.5412274665908057,0.02425566883963394,-1.5438560948583466,-0.042492845681675724,-1.5358654103626916,-0.04679801503944109,-1.5374327829893553,-0.05047123666026162,-1.5391928387161984,0.09365612867119026,-1.5148733155732281,-0.014733271344940926,-1.5195104098918615,-0.013130846954732888,-1.3789549716645526,-0.044564252508175944,-1.3798633203369248,0.21980021211603276,-1.1539284408706432,-0.10458628280566407,-1.1091710471994687,-0.004932595059306375,-0.725395993706948,-0.3573808206794219,-0.771559877490083,-0.3574015469396047,-0.5946499693063312,-0.6484238429327942,-0.6246168903525295,-0.4676636255228367,-0.5235597096739925,-0.7135746066323684,-0.5825836283046403,-0.4823930877593825,-0.5654598766197276,-0.6959662262167118,-0.588817965448436,-0.444036501709011,-0.5860700087858722,-0.6708817618339573,-0.5942632823148822,0.1365544072837657,0.037413387658546474,-0.03062218495994565,-0.019178649777324645,-0.36630855565382975,-0.28836186829470967,-0.5002168587220364,-0.340570504900557,-0.7067174656899438,0.6337231330136517,-0.8425652996742721,0.5640581085668214,-0.7081012483550867,0.8987819273539828,-0.8321064630285203,0.7719557061107725,-1.0113853624312985,0.6128320787425791,-1.0941134171562552,0.525796213077677,2,1,0
0.10208826218887514,-1.4428284287807072,0.1388769676160099,-1.5094561417169319,0.15832917239341485,-1.510191466756504,0.1794368364032602,-1.5100952014059004,0.10372990391452701,-1.5092522826921442,0.09697822306067938,-1.509822762843743,0.09159020820767959,-1.510070106375189,0.24956495052613464,-1.473842584762365,0.1247369846028972,-1.4875174461131413,0.1372343098972118,-1.3566629644441661,0.10122162003515496,-1.3607650875716606,0.35650473152124834,-1.1015610553356998,0.027835215892373578,-1.0955157945164147,0.18843304931572283,-0.6832302461527925,-0.20497290800770024,-0.7562304713006981,-0.16094342262613062,-0.6035728275136372,-0.482658058771915,-0.6370953181743245,-0.2675822664513358,-0.5424836996146809,-0.5471833770906801,-0.6004090248563281,-0.29391640240393296,-0.5774016568616926,-0.5315563865087692,-0.6116208140227387,-0.2625124606517301,-0.5918731584384148,-0.5067208404468371,-0.6134403561482925,0.21877690381916645,0.027378829750653564,0.05284957674803932,-0.04469552084310762,-0.2866494098263258,-0.17525023373429247,-0.40902883226718856,-0.21140577223270693,-0.7038249332026738,0.6500777778868807,-0.8373636179642878,0.5752027405862672,-0.7102636881674876,0.8972343665936703,-0.8532044751034766,0.7749104173785908,-0.9612396999088378,0.5891978429767298,-1.0959168049907841,0.4720387965197417,2,1,0
0.2354408170061029,-1.3504867929079911,0.2709077153500138,-1.4221817716609562,0.29051496068153093,-1.4225877117225258,0.311546222006781,-1.4236520661424992,0.2366482232610631,-1.4206853153558983,0.23037080800786794,-1.420019128649926,0.22468368477262288,-1.4190417432432685,0.3805622300318101,-1.3908851695846507,0.2634539832321326,-1.3975005041582766,0.26822061667690816,-1.2593330054221707,0.2343423252164168,-1.2578336535366461,0.4950504337060321,-1.0481386117180713,0.17029025650515792,-1.0285025121812017,0.3918551970506032,-0.6115421761532217,-0.058982008047463425,-0.6750894994694417,0.0675642054846504,-0.6029456549444795,-0.2867953064421221,-0.628959854655334,-0.027871078718628556,-0.5610287241118318,-0.3537791249760948,-0.5996505859726797,-0.03972263876920981,-0.6199632353456129,-0.3506445829213967,-0.6182429557504441,-0.01585391178521449,-0.6282179764599689,-0.32033649137669984,-0.6176522573352355,0.2962382532727812,0.006049272837675187,0.12123262104297737,-0.08960180830985953,-0.21325772251918412,0.014197741068937234,-0.32470038513831634,-0.11494657013667393,-0.6693685416419869,0.6950917606271313,-0.7871491727058285,0.5629445800785713,-0.6934774494057471,0.9001329950398176,-0.8480212844687536,0.739697314122604,-0.9498771373595292,0.5866859015220315,-1.079119796701694,0.41999434440632244,2,1,0
0.3195156722456802,-1.2521793468800237,0.3587994536412863,-1.3248737580909191,0.37564055603292235,-1.3253046915838855,0.39554711294531403,-1.3268304592912117,0.3243841082037064,-1.3253226746625735,0.31934254701356546,-1.3243197370282889,0.3146665401574321,-1.3231818755041869,0.4604513967076168,-1.2946188537874264,0.3537077023897224,-1.2949339132620672,0.3534904830550619,-1.1704068845087383,0.3169580110994022,-1.1747748422429396,0.6078520887575396,-0.9421482763180942,0.2639528358669235,-0.927708981724107,0.5423583257718037,-0.42995839469894354,0.05946674010932828,-0.5408878791799233,0.21512562765030413,-0.5866306338039529,-0.1398215347122383,-0.6235528407305001,0.11864000973246959,-0.5543682794425141,-0.19690958000209088,-0.5941985635514685,0.12395019951046941,-0.6084728608585106,-0.19531812833786194,-0.6153664759548843,0.14139866260491196,-0.6172875157957448,-0.169075431768424,-0.6143532259901655,0.34104375421942873,-0.03749131664193646,0.15323701474459245,-0.15823112934343975,-0.13865740976530677,0.1329250745464207,-0.2901533669889872,-0.029780538258063215,-0.674685640173381,0.71570748075558,-0.7839511310794921,0.5649475089670167,-0.7026630434406639,0.9414428699676027,-0.851196263050671,0.7337387175186907,-0.9177925817986778,0.6615979209731672,-1.0627224801163238,0.41892348763021336,2,1,0
0.3773431573473471,-1.1906042694592336,0.4145004650879281,-1.2493896328991505,0.4359862817467941,-1.2502942223968818,0.4590578605082703,-1.2506436224398647,0.38225406181888494,-1.2471116238663678,0.37574520332698236,-1.2471806098009957,0.3673902852884097,-1.2477043542678687,0.520281810697729,-1.207351748082446,0.39154552233963724,-1.2154808616442727,0.4105252903040529,-1.1085359498837706,0.3652524325101471,-1.1105552362618702,0.6477806194037328,-0.8677686372755744,0.30473398796141904,-0.8620317303761649,0.7114199916989996,-0.2884080959828624,0.17364628506573057,-0.43021320578001393,0.4352521250993402,-0.5508166722012954,0.043059873188383876,-0.5328574693522512,0.3379246552605531,-0.5508074266636648,-0.010385023877776102,-0.5500931834818766,0.32148954373014393,-0.6046656297417045,-0.012220720294354774,-0.5931161244534925,0.35017631341211325,-0.6138157656158185,0.017125835336765614,-0.5780526036704717,0.34909895427986837,-0.0442287735917371,0.1540331469739654,-0.15670063726798364,-0.08344915499457854,0.10232234498932186,-0.2526985764551948,-0.009060780431442221,-0.6678087889639198,0.7097368954325414,-0.7799318621930712,0.5770144595645953,-0.7180122614964,0.9405487959989347,-0.8546135559979603,0.7797483735422305,-0.9196430101158766,0.5332507579900752,-1.066145157827288,0.41419099155515055,2,1,0
0.3850283327039357,-1.1616759982064093,0.42193042296618793,-1.2272651121489173,0.4421885135071695,-1.2258910322183207,0.4643198922111396,-1.2261845018386046,0.3880086469990386,-1.2280464108783555,0.37964702340570095,-1.2283514628205061,0.37164912535870775,-1.2274385929786333,0.5313215922244857,-1.1852755378063153,0.4012181834888489,-1.1906383052296317,0.4221521126706917,-1.0843953431338487,0.37957143351562267,-1.0893386577867508,0.6511583902176343,-0.84889991736204,0.3282367542141483,-0.8584874382855988,0.7908129473221956,-0.34311069096472013,0.20578275787635342,-0.4401818257327176,0.5742013797618,-0.4850535694324982,0.1249548135334454,-0.5208359336483085,0.4987801445457821,-0.5075951045695948,0.09846929460206241,-0.5282366309239573,0.4797402297871106,-0.5620043823301407,0.11237641198606295,-0.5699749501615007,0.495318249499374,-0.560241939019404,0.12998296361405634,-0.5594606402899658,0.34765827599853755,-0.06094165764832103,0.16370154095196293,-0.16301909864428582,-0.1040860077804685,0.14856059947075975,-0.2328456639809232,0.003926659956605803,-0.6740236190393082,0.7083740422262105,-0.7337796623311176,0.5768090257504309,-0.7384538403995877,0.9385198576859463,-0.8087716404428603,0.7841506718447739,-0.9296066517021638,0.5577337544302712,-1.0090726572325726,0.40976085504040094,1,1,0
0.37384224816412437,-1.1712979612976249,0.4093087401107768,-1.2328133999207322,0.42823587963021853,-1.233445500056649,0.44910681723699614,-1.2349768557262795,0.3755556190058989,-1.2314958600087225,0.36906728357554985,-1.2311702342053612,0.3626472228846263,-1.2303034904523262,0.5168782336579136,-1.1973504131504342,0.39475524788715516,-1.1994002301225775,0.41038609924302166,-1.0989385738266935,0.3709224870605358,-1.0994389504512037,0.6453767796197915,-0.8486131024968638,0.32191097768719334,-0.8718248883125175,0.7941165506364236,-0.36686938589098056,0.20798482142145672,-0.4504219190540895,0.58651481029665,-0.47676702773266577,0.13239208656235796,-0.510838256291623,0.5238763944490327,-0.4752315572907932,0.10332310025878311,-0.5025961134922802,0.4954694292795306,-0.5407386297867445,0.11663301687143932,-0.542736986706032,0.5149183828788676,-0.5348966691960165,0.13517712697475856,-0.5343172483047309,0.336624387232029,-0.06504383157547293,0.1512781799586927,-0.1749616916807678,-0.11157184528177007,0.18040060548131748,-0.24264004110905124,0.023212851453919454,-0.6900637124344695,0.7283878880148423,-0.7413599871950171,0.5766862937783683,-0.7542177868576082,0.9421341517042864,-0.8085730137827756,0.7915735177710103,-0.9524738126426218,0.5306593658713428,-1.0186252279919017,0.4078327032475168,1,1,0
0.3592909911254244,-1.1771763452426447,0.3951049527280819,-1.2365991935821532,0.41443645751971664,-1.238082187978024,0.43442307469202995,-1.2409977327100556,0.3588484245109338,-1.2362027022568434,0.3510498643192277,-1.2399489737848768,0.3440271164939703,-1.2410970968397554,0.497758665036579,-1.199589814443661,0.3753847289587058,-1.2015108034848643,0.39538353804877363,-1.1032248457119394,0.35336287431589747,-1.105341159435502,0.6338763468005416,-0.8565752375851103,0.3029956236882476,-0.8770437403066726,0.7854306220308146,-0.3740851724140185,0.17319802888962116,-0.45149165823773774,0.5188565755122206,-0.4699310194476824,0.09478408426211656,-0.477732932416771,0.43250752121415886,-0.4628060627119159,0.06520628859091795,-0.4822956560371015,0.410389756818348,-0.5184700920080355,0.07196040782831652,-0.5212540148279754,0.42596391575665576,-0.5209217850691635,0.09505230645271694,-0.5093781725411995,0.33176367282191405,-0.093053949822064,0.14672206029381257,-0.19295858787553644,-0.11160069948712253,0.1695573170290386,-0.2499379198783033,0.01677734766717348,-0.6903939102069889,0.7219794096457856,-0.7457444040181871,0.5906157630115855,-0.752731592083327,0.9247629040889561,-0.8064538552784033,0.8149090515518727,-0.9894111578670476,0.49517275726039534,-1.0303756967244346,0.4100461459158577,1,1,0
0.33614036809717285,-1.2158274677061034,0.37291464642163136,-1.2881303659581054,0.3909828653352642,-1.2909694572058845,0.4117353381411933,-1.2946983044514604,0.33327790900703075,-1.288566227017831,0.3248094029347114,-1.2892443008436139,0.3178843936501197,-1.2876442640372996,0.47525279125891456,-1.2615377613491114,0.3515210819404415,-1.2434126468192908,0.3718076202895171,-1.1337242487660681,0.3302254591985467,-1.1325016026139147,0.6286791354604007,-0.8634735262499565,0.2870049075599923,-0.8779859723504712,0.7516870512615111,-0.31940482768206285,0.16337053038492658,-0.4365188656426738,0.41602282921821454,-0.4064424205353136,0.03442311865105159,-0.4774374816098521,0.31981884460051035,-0.39488356811015646,-0.016297087995592846,-0.47204611397946983,0.3000073846466043,-0.46329973378166106,-0.008485116694356733,-0.516926290422364,0.3199241014904581,-0.47118912376063865,0.011347882314249061,-0.5093588686714215,0.32503881418712643,-0.085266362356337,0.12815295675909646,-0.1868738049228634,-0.11429511331088091,0.16472098645443276,-0.25294200841302755,-0.007475831123349056,-0.7006875463671662,0.7015152756947519,-0.756308091156628,0.5856987625811704,-0.7551768843876338,0.9095772609297604,-0.8071084596625087,0.8133586460107508,-0.9990820918279106,0.4898186765784791,-1.0451981223338591,0.4131292787173574,1,1,0
0.29431355585659424,-1.255999836707388,0.32439670651871944,-1.336474418634043,0.3428589275744539,-1.338917475753428,0.3641769021655654,-1.3452292315749652,0.28869165938133606,-1.3307899877806353,0.28019368950777657,-1.3283518582280092,0.2726974888763836,-1.3253775890921264,0.4253837836701678,-1.3292781899790695,0.310263632259001,-1.2906795943612699,0.33972174393757565,-1.172984611519654,0.2949365628538524,-1.1594072855109143,0.607555215560216,-0.9205348509200637,0.24126103534350193,-0.8811558709666575,0.6278378931353359,-0.3310821449080685,0.07516119263614773,-0.449251088552393,0.3260373322512251,-0.37416045750615295,-0.08021504561155152,-0.4630795680668766,0.2286165942416156,-0.3064529470541323,-0.14012897423828252,-0.4315521831474088,0.1967648027105618,-0.37599666191930475,-0.13597132708534737,-0.4779600068849497,0.21578256881864583,-0.39543525238855043,-0.11247933035996803,-0.4820130067438249,0.3007882769787841,-0.06617219356365772,0.1059734199799958,-0.17291324629937202,-0.11557282629155909,0.15937848809438335,-0.27502218106242854,-0.019651289788943198,-0.7081746030602433,0.705708889005063,-0.7606516650553202,0.5726229307894017,-0.759988424729472,0.9085866676122022,-0.8081252656032392,0.8085062627444348,-1.006602574695498,0.5029093418701824,-1.049438471328896,0.41008637924444774,1,1,0
0.23916118070890774,-1.3103739611050749,0.2702174496064763,-1.3850407706103718,0.2876338073174985,-1.3891936425955198,0.3062441601739509,-1.3959826103978334,0.23556293938227776,-1.3808336445912162,0.22939301620395203,-1.379828674970639,0.22458553983469867,-1.3760105727271683,0.3685775748790749,-1.3740155685852633,0.2564631375916663,-1.33821456089522,0.2815091974334939,-1.2274018140267404,0.24072316857189646,-1.2193800909404684,0.5465887180340077,-0.9632799177661902,0.18452635246990243,-0.9384122663208376,0.5387995049792468,-0.39824498143440407,-0.0011732172196869354,-0.5235137867837836,0.2165193670482799,-0.3293716188471033,-0.1910412035895613,-0.43815888177929174,0.10937882580747445,-0.24201419135142457,-0.24469702083287523,-0.3812851094439756,0.09316134000898425,-0.3097115418719831,-0.23874004981799585,-0.4110744348882159,0.11759394318912811,-0.34487425186791765,-0.2148075184644183,-0.4177095813281928,0.29323314874491074,-0.03653059352287691,0.09218923776668711,-0.1543431267715097,-0.13905811746217342,0.15684277240006353,-0.27984144295217794,-0.025040727032347682,-0.711843760708479,0.7015189332700783,-0.7668955525346903,0.5725416513377046,-0.7702377635884745,0.9103642492208174,-0.8299766365961129,0.8090156817079462,-1.004471529071315,0.5035721757987721,-1.049798539299914,0.41289966426631314,1,1,0
0.1757567060290454,-1.3589373159016225,0.2082355685299422,-1.4360324506256845,0.2273187645966424,-1.439901403326123,0.25003738733912395,-1.4456147391845404,0.1701402959167768,-1.4264249146371453,0.16334492735764197,-1.4227989874972808,0.15835193063989003,-1.4176522202168496,0.31060094198354393,-1.4234013190340136,0.19019823580795428,-1.3873926423448844,0.22203560023633184,-1.2757657801683435,0.17657478371037658,-1.2773413823394917,0.46960021179064076,-1.0149551579702754,0.13310673614140456,-0.9661096618770242,0.4039650225589519,-0.4891341027056358,-0.06906574002363308,-0.5892633768437361,0.08169788934025658,-0.2938512792637016,-0.28068085648957963,-0.4249383725635023,-0.013873537944615004,-0.17373559115191728,-0.3447390211597158,-0.3525364657794019,-0.04441591750882876,-0.2471601966369963,-0.3401908262413761,-0.37172481713673516,-0.028903327755181542,-0.2778594455429854,-0.315457489089953,-0.3831200946653519,0.28380513874530733,-0.035529230677968815,0.08502912766806162,-0.15073513191067606,-0.14861739377626762,0.15571766158994663,-0.31005728231919866,-0.02813788053926512,-0.7093667694180102,0.7013888861473629,-0.7870982714492032,0.5747811034305886,-0.7627448141351494,0.9193647293044942,-0.8471217241370961,0.8051014665128439,-0.9856870349896018,0.5867013446178538,-1.0717033515322787,0.42558311950501404,1,1,0
0.0987232928886158,-1.3953935375716588,0.13405465774682182,-1.4747581977857327,0.1519840919966819,-1.4771182482650722,0.1734632031007829,-1.4795206656586088,0.09959399901492083,-1.4659223593914,0.09341310311061597,-1.4627164438181803,0.08903071827373837,-1.4587770827927091,0.2359370280587136,-1.4589059615233064,0.12543029832587335,-1.4252746071970022,0.14085327748402454,-1.3137783509394072,0.10300042083554567,-1.3119527636546333,0.40509318134850747,-1.0549245315409463,0.06652301570841074,-0.9804305932694775,0.2983448134621404,-0.5086532614313762,-0.16546438892815174,-0.5792280061413262,-0.03565013184192735,-0.2854496255404031,-0.39704275472404865,-0.3821220845978263,-0.11778322098046133,-0.15730677877901467,-0.45388492967251753,-0.2886449239852448,-0.14958461925146294,-0.22368831657591198,-0.4504998437079632,-0.31278065396806504,-0.13165457540571515,-0.26166674997726286,-0.42230481470876124,-0.33660477885294154,0.2707244301864369,-0.025317483565376258,0.06486267970886854,-0.10534502850769724,-0.15700258841059744,0.04158830669496726,-0.32419604614053593,-0.053277614949173616,-0.7049510600059369,0.6888980632091841,-0.8010774227472703,0.5739557105986047,-0.7413437313046776,0.9133346067830874,-0.8567642102898652,0.7776464869213439,-0.9761615912472764,0.5683244669864014,-1.0711387641409278,0.4265820439663712,1,1,0
0.028609199471159075,-1.4130829942403833,0.05837901784699204,-1.4960261347143933,0.0785101092446969,-1.4974415655660407,0.099484474953759,-1.4994708594766304,0.026688159630298462,-1.492905613365113,0.019705645133631104,-1.4917763369830965,0.013828531180044106,-1.489371125608408,0.16143933061260382,-1.4787303753898267,0.055629943591967365,-1.4528404316407542,0.07333972012361605,-1.321368226138881,0.03368652362004675,-1.3121957384155503,0.33400109292850555,-1.0746087891529463,-0.0029721346843726766,-0.9878756894456159,0.18218875543909424,-0.5422303109240153,-0.23982513049815193,-0.5860226635052587,-0.13137903806446202,-0.2642991882191022,-0.4792873999100369,-0.37408659480442324,-0.23356783190925182,-0.1267843126804667,-0.5581317192342775,-0.2800287941087806,-0.2684352942968967,-0.18517689317005748,-0.5506296258426365,-0.2873146841589074,-0.24931938325088848,-0.22355197029569013,-0.520609873152835,-0.31240463490465137,0.26030623326653374,-0.023847341482805227,0.0554883141473852,-0.08178272505659993,-0.19067422686514898,0.030563358668145368,-0.3333290117304789,-0.0687633824837608,-0.7047679780409892,0.6699166696557346,-0.7896301263695674,0.5720740912918172,-0.7420971918219096,0.9110878395395507,-0.843019855007888,0.7762102790098564,-0.9815571244495582,0.5655152459371209,-1.0312072871146105,0.4252679584310586,1,1,0
-0.05253370274707516,-1.4103798428755674,-0.02312049796556316,-1.4906410662415175,-0.0042488316719046446,-1.4928634496495452,0.015440099508568065,-1.4961290548201047,-0.05479225551110792,-1.4873820650264082,-0.060255047459669024,-1.4867965481762455,-0.06539698877265589,-1.4856138813543955,0.08203743424972115,-1.4780384840572551,-0.016695154110279324,-1.459588404119618,-0.006703471113156622,-1.3183970049824367,-0.04261009129074877,-1.3093927149244617,0.26720096595536824,-1.097121063687432,-0.06550976401188559,-0.9914134791800462,0.09083166772471654,-0.5728704290288947,-0.316009173368347,-0.5848095676886796,-0.26228243980342736,-0.24690883993262305,-0.5606375647300986,-0.3620205586006763,-0.3528023491653251,-0.12723582003464398,-0.6227480705389434,-0.2679344116962543,-0.3790657719949458,-0.1734616793996981,-0.6178910137041548,-0.26764424405369575,-0.3620245189535056,-0.20893406410659857,-0.5956950178360855,-0.2894537561289454,0.24024788697809776,-0.009185544389797247,0.047529023839948115,-0.040796748743827674,-0.22168965283823977,-0.028470110298076955,-0.3845094632723581,-0.08151795724269667,-0.7047311990890963,0.6601180253563924,-0.7886574145313826,0.5951777754367137,-0.7392127872798092,0.898195292911359,-0.8454759168395447,0.7847746948351783,-0.9820821897075214,0.5881930257551247,-1.0312885665663076,0.4402233775433223,1,1,0
-0.14667603407248275,-1.4116757421335628,-0.11456272590559356,-1.493990846444241,-0.09686595408621641,-1.4976825591403227,-0.0788125686725183,-1.5026518324181104,-0.14304385857476923,-1.4887426322481603,-0.14761887571216892,-1.4884651645199292,-0.15139918301060037,-1.488024121895158,-0.006915204084827529,-1.487748584553905,-0.09773808260292614,-1.4639417823521712,-0.10329068834561253,-1.3244147323874598,-0.13458307405036113,-1.3116010776270715,0.19121240016650468,-1.095426082321604,-0.14102426739872592,-0.9946316374706776,0.004441160906289234,-0.5760873681277507,-0.40213450597561257,-0.5853971165251349,-0.35515660848373115,-0.2214805634691899,-0.6617876071821998,-0.34055323301707136,-0.43720963736234353,-0.10362312332349449,-0.7325830256035073,-0.24654023761917676,-0.4802456846455455,-0.14087756000885354,-0.7190967325806684,-0.2413982963061899,-0.46138803905730474,-0.17809135696836406,-0.6940872484921045,-0.25980707612243353,0.19097059379770584,0.019874501174090918,0.001447232303027096,-0.02675308188097603,-0.2556219951341097,-0.17963668254375492,-0.4355639316641068,-0.2390639504534496,-0.6724366377449226,0.6438505526951085,-0.7925219476616351,0.5668726127804622,-0.6893939697524855,0.8907744789714152,-0.8288517289846252,0.759408190755035,-0.9060764536344869,0.6539928058765001,-1.0414378301004081,0.45567703969448914,1,1,0
-0.22482683647511803,-1.415964858799618,-0.19131105136919563,-1.505072537688279,-0.1745311117649616,-1.5095479366976923,-0.15605629239421412,-1.5149883767970367,-0.22258372680690772,-1.4976576673082405,-0.22761939523680064,-1.4977051141881685,-0.23171262842426585,-1.4976644236626626,-0.0867533679046943,-1.4937453825001157,-0.1788045821365651,-1.4695776487331897,-0.1806455617175041,-1.337381294116353,-0.21566217189901316,-1.32483860472806,0.10448112924683732,-1.093038803225946,-0.2154559252903318,-0.9936222482799144,-0.12962929466805304,-0.5721337323985753,-0.4911899628165581,-0.584375840214561,-0.49088130409873837,-0.22621102755796027,-0.7665306077965705,-0.3143261827420851,-0.5602774967590806,-0.0764920423470074,-0.8345190403535191,-0.20495990531586958,-0.5958014939178087,-0.10072774605541507,-0.8344524928024422,-0.2016969417274901,-0.5760918364771532,-0.15335639422790706,-0.8084890927488982,-0.22559635170450107,0.1430766768851983,0.031974776346865255,-0.043192458562158385,-0.01842701804775585,-0.3125694269725263,-0.2992105415106635,-0.48237906705396477,-0.3444403211951698,-0.6953680094522213,0.6146628983920559,-0.7983294660847065,0.553450530524464,-0.6958052929023516,0.8653713991380081,-0.8184952028486973,0.7603402628673712,-0.9514325212670675,0.6430842906642342,-1.0417993204618308,0.4801811687921264,1,1,0
-0.31820534415320223,-1.4061496030123353,-0.28710193317364935,-1.5039840026314257,-0.2699722887284886,-1.5088783972143376,-0.25221272853267546,-1.51374180400629,-0.31754657419719734,-1.4966620956242658,-0.322283947039362,-1.4971287412763217,-0.3262971199669056,-1.4963786335364722,-0.18075650816907063,-1.4923120193694377,-0.27454791546177604,-1.468447000760426,-0.2758615945998302,-1.3326273605859051,-0.3067772500459628,-1.3206002369196583,0.00775614334375486,-1.0916607101224218,-0.3061497726788613,-0.9940258007575905,-0.25867485133985224,-0.5660451902712613,-0.5814166565564586,-0.5842896839957622,-0.6049513249939789,-0.24556813537687963,-0.8738512846221995,-0.2709923478677279,-0.6833337738339508,-0.07862339276913423,-0.9398150460373739,-0.1686344927634082,-0.7125321976643533,-0.11200100280717155,-0.9444718506230437,-0.16200696627202785,-0.6801210003069943,-0.16064980262731576,-0.9151187926357875,-0.18244062042867512,0.07243121905227187,0.03100145491279266,-0.11450420470037166,-0.011235615360226981,-0.3660017257236733,-0.30547129447626076,-0.5648460115403445,-0.3670226992567442,-0.7244814962556003,0.6122035853823314,-0.8138223455713172,0.5505984345644133,-0.7115107181551501,0.8732705426511893,-0.8152094810138425,0.7062276551055197,-0.9834601812117308,0.6327402612440047,-1.0548330901373462,0.5047293919923094,1,1,0
-0.42452862050719353,-1.4047391505271043,-0.3919505970752262,-1.5034495902365173,-0.3742389917559144,-1.508102280049945,-0.3553596039143446,-1.5128832897977396,-0.42313061393800366,-1.495737643460526,-0.428007584238458,-1.4960176511716223,-0.4321160573231164,-1.4953874306230261,-0.2770950102793334,-1.491841665342398,-0.37495587651988266,-1.4681166505889347,-0.3793242406513425,-1.326292033723376,-0.4120300760211035,-1.3157543052098206,-0.09476488025984676,-1.086228194769618,-0.39992858165655365,-0.9982660481533128,-0.39773098848129373,-0.5484683056431373,-0.6898466962984383,-0.5846997388295739,-0.7909454310966555,-0.23335671055390952,-0.9507083213524464,-0.25653943896558146,-0.891711631338117,-0.07838930794824661,-1.0384325223739084,-0.14947591000525898,-0.9188010565956094,-0.1021017751863543,-1.027769674304397,-0.1400609047179271,-0.8965708217585127,-0.13768002637909021,-0.989752328365546,-0.15863122744441865,-0.003482976038288858,0.03448102823994488,-0.19696078605666004,0.008715442051968829,-0.4629471821394841,-0.35712062685511753,-0.6445945647647152,-0.4090507797395877,-0.7425645486691678,0.6132134825696677,-0.8128679216097642,0.5554930831456117,-0.7159672704917014,0.8734127816916593,-0.7945719170327502,0.7186282578523148,-1.041489645750865,0.6429392068429549,-1.0621115634375056,0.5517755642236163,1,1,0
-0.5351572694175794,-1.4037839137710344,-0.4998108678608094,-1.5011658408424584,-0.4822197593286385,-1.5065046816271817,-0.4636305391296273,-1.511754318213667,-0.5299986658169946,-1.4921652083598098,-0.5345606782421228,-1.4921378273445194,-0.5383548030473427,-1.4918881978284948,-0.38602308986158707,-1.4910893732172843,-0.4744545237121282,-1.4703407103856536,-0.49166219643091813,-1.3197596549901385,-0.5217191344698711,-1.3090969085199418,-0.20638595127545406,-1.072913909386433,-0.49296815402106103,-1.012450430066915,-0.566009323692759,-0.5638276836303355,-0.8027504586611401,-0.6303054359781793,-0.9655894713657219,-0.24029106697544636,-1.1149542813659048,-0.2618392656134899,-1.0709157536453338,-0.10387630881553091,-1.2050415808461448,-0.1460355540135506,-1.0981968968095166,-0.11999727526513082,-1.1947921403878277,-0.12737988786277707,-1.061761858596579,-0.16642694285531537,-1.151207050408412,-0.15531705780147,-0.09116013657708102,0.05314604152766356,-0.2702785090627574,0.012392321248115725,-0.5152730643544045,-0.3823731365042557,-0.6757221563811481,-0.39606913051247306,-0.7553731742634823,0.6138470558956465,-0.8123228412868205,0.5545091953828185,-0.7237873697381072,0.8743405866327815,-0.790284933952302,0.7337480646556358,-1.0579513763017048,0.65046974804269,-1.0694380932134808,0.5781822420868531,1,1,0
-0.6336539441690291,-1.397699740414249,-0.6019273229935888,-1.4912336442440466,-0.5864897135341322,-1.4956309641801735,-0.5685716584075097,-1.500690914846261,-0.6294158303589138,-1.4843601966116253,-0.632238259319095,-1.485064737058867,-0.6343474610906344,-1.4855275727366246,-0.48773396053039797,-1.48189031727318,-0.5701234863390363,-1.4679690775844472,-0.5869070835185967,-1.3068751347078018,-0.6165379140320276,-1.3014042656137284,-0.31410845339041066,-1.070958325778601,-0.580423218458091,-0.9958953297459381,-0.6906676187605788,-0.5915212184125664,-0.8959590922851774,-0.6378214484759234,-1.1021236087203174,-0.3172927811297141,-1.2305244161415296,-0.2952528418089032,-1.22078012747551,-0.1744289048748934,-1.3235171512219965,-0.17852477964453878,-1.2495281615441958,-0.18818707766365905,-1.3194353987570835,-0.1553156354110653,-1.2145490415097822,-0.24213103056323912,-1.2846576485642491,-0.19017720503846217,-0.1682727971829153,0.07524409565643787,-0.34958429247400824,0.07311599641237894,-0.5773408984511083,-0.4307877499041977,-0.7546514127324121,-0.3919095529725601,-0.7581484611416792,0.6166522129723421,-0.8236278986240535,0.531608100271277,-0.7283422702112118,0.8806838382418513,-0.791482485073744,0.6560609615249324,-1.0528286372591815,0.6736073663586699,-1.0704728822328993,0.5517721098469192,1,1,0
-0.7190556864575613,-1.3652520181032837,-0.6923720488626667,-1.466896595219304,-0.6775109139143717,-1.4724711464139488,-0.6602057058535452,-1.4790814518215007,-0.71576102388302,-1.4603267263389714,-0.7174303006222489,-1.4626989179364083,-0.7184422297958776,-1.464885538385689,-0.5781807183857683,-1.4713702162407116,-0.6516349908707167,-1.4605479588465595,-0.6725284835253403,-1.2817390070735624,-0.7002614388416443,-1.2785697180532638,-0.3998135712324023,-1.070972244884704,-0.6495467185579894,-0.9928607614168274,-0.8264539851595611,-0.5950705904688636,-1.0038794082657019,-0.6404343796493555,-1.2927165062000152,-0.3282678438930569,-1.375637701222067,-0.326704027242405,-1.395253074498754,-0.18138378435798375,-1.464708296360891,-0.20835616720503228,-1.4217191879610442,-0.19261701097977943,-1.4590866030842622,-0.19270397999309533,-1.3896719193486589,-0.24468544053144928,-1.4292777705716146,-0.21909663715091438,-0.24165391816133636,0.09977321818547202,-0.4013284170134067,0.11357284349460317,-0.6381493074437656,-0.45575689906485695,-0.8211475545562024,-0.4003689151065635,-0.7843807945810258,0.6131025361181012,-0.8182395789731098,0.4832437785320726,-0.7552947395925945,0.8324481412349575,-0.7576209575001651,0.6077423594773076,-1.062682957982936,0.620342503278019,-1.0416824812500163,0.5340558309591348,1,1,0
-0.7832937835138919,-1.3552824837567483,-0.756891677619813,-1.4556406103510333,-0.7444290992910989,-1.4618037263752794,-0.7306855568036388,-1.4685314805905336,-0.7727332459542042,-1.4518847884874255,-0.7720600488955232,-1.4551806702537424,-0.7708274460105368,-1.4583238990498406,-0.6474129297523117,-1.4644008080556306,-0.7027664715429485,-1.4586015699767008,-0.7397805242499134,-1.273492038306775,-0.7613524971275784,-1.2733279046140042,-0.4923622157086593,-1.0558424813485503,-0.6721722763282778,-1.0030142921221419,-0.9330812466628996,-0.6065894127640599,-1.0578937694903146,-0.6635665116023459,-1.4061608785158175,-0.34874427136115976,-1.4695869938496942,-0.35583783390870827,-1.5267992951013285,-0.20048079793147244,-1.5620321086243518,-0.24196237570096768,-1.543862798392671,-0.2037835884511835,-1.5610979029264085,-0.21856608552996165,-1.5133630905405981,-0.25348333158177105,-1.5343087036436223,-0.25687959347093375,-0.29946413137951755,0.11267734713553053,-0.426452911526122,0.1184002333295223,-0.7295955993563809,-0.5335719157326686,-0.8841607702754578,-0.516673003331013,-0.7829021181560266,0.5964209446504206,-0.8047713706282736,0.43131758802087267,-0.7552955523871115,0.8357850691243813,-0.7374138698151235,0.5674051963877074,-1.1080621902592505,0.5838492486578032,-1.033655119401783,0.5267567329981072,1,1,0
-0.7944726545023651,-1.3550341750318138,-0.769565988920198,-1.455999814727877,-0.7568620106199436,-1.4623880240336669,-0.743981249512248,-1.4687599774491171,-0.787299031694895,-1.452244754859129,-0.7877605973812198,-1.4556363939794765,-0.7876002736627473,-1.4587829755529573,-0.65637541169232,-1.4638962150595636,-0.7132281529695096,-1.4586632407606759,-0.7524670274680529,-1.2730280850365565,-0.7740327011882113,-1.2712940387342566,-0.5138441715935697,-1.0539789467197653,-0.6665381879352651,-0.9859926477484237,-0.9724283244315147,-0.6442396803791838,-1.1212222478828402,-0.5944781648653065,-1.4430596160006872,-0.3831680495418532,-1.4976936314451754,-0.34198171938064764,-1.5623792734824131,-0.23772019791826754,-1.5885777743499907,-0.24097543995873583,-1.5858014714786475,-0.24450174897061386,-1.5942365513764565,-0.21680577580483204,-1.5652012960453359,-0.2850194540422963,-1.5786878938661186,-0.2531590265694997,-0.3046261893567994,0.12955665086946425,-0.4404226140879293,0.16175367687160142,-0.7322115785092516,-0.5347353294843978,-0.9022893391819757,-0.49105686973484497,-0.798844777808466,0.5558712357946325,-0.8207129126882522,0.4370232023313788,-0.7508737470161608,0.8165011128119893,-0.759352209821313,0.5897389609264032,-1.0845929517803463,0.5832292896399837,-1.0550098729447874,0.526517974608747,2,1,0
-0.7614069543602154,-1.3574809405261827,-0.7320417044552047,-1.4623750701210525,-0.7175394182861522,-1.4682154051227467,-0.7024687855511079,-1.474195439182045,-0.7546426751913548,-1.4592571903539524,-0.7566179690662231,-1.4627058266898023,-0.7582041375660917,-1.4658648033796668,-0.6175616287261524,-1.4618429437107232,-0.6839488560846685,-1.4619841667580469,-0.7189642470744021,-1.2727200867142818,-0.7452134459999759,-1.2725281656089622,-0.47621076946467294,-1.0632731504220123,-0.6558542072083124,-0.9926467932602349,-0.9079279995441464,-0.6998725186857147,-1.080284531244513,-0.619288107899954,-1.3737517131447508,-0.457306187013518,-1.439952404161622,-0.3845728632651227,-1.5005059004738945,-0.30395766788703177,-1.5411519254799437,-0.2737851098280398,-1.527894738911576,-0.30477605036630684,-1.54735659562387,-0.2558664451055296,-1.4895008659127384,-0.3503722987786524,-1.5219106408796927,-0.2847099825299596,-0.28404216821451256,0.10163715921151542,-0.42270552240562786,0.15265301986370802,-0.7166089717628499,-0.541897369970001,-0.8752591463249076,-0.47176194069647387,-0.7745821502816836,0.5804210845838493,-0.8214033816304189,0.45026342181420476,-0.7320782802084683,0.8588653854269149,-0.7589263054944203,0.6377298035850595,-1.0543756900229209,0.6468182686751983,-1.063715207019489,0.529020365727871,2,1,0
-0.6584346266010657,-1.3735561364845457,-0.627707336284241,-1.4737504341840035,-0.6116619597247195,-1.4800227694714676,-0.5952874013858246,-1.4861308694668462,-0.6544738789198667,-1.46897790797898,-0.6587319061956478,-1.4711239903017268,-0.6619778010991709,-1.4732062682548916,-0.5145070055221594,-1.469121163012596,-0.5965846214349101,-1.4635329467101348,-0.6071885419019412,-1.2885283304734774,-0.6433916288795983,-1.2876088058764967,-0.37085065461329214,-1.0835721854867864,-0.5912760572459442,-1.0153407273692634,-0.7674947852923271,-0.6948541221393073,-0.9328159708524232,-0.6813277989865076,-1.206516498096503,-0.4946334704074606,-1.3158004800778753,-0.37933023703134605,-1.3540030415672808,-0.350602624424899,-1.3991064317043982,-0.3564398098478398,-1.3676801381029786,-0.36385706781177196,-1.406626812972671,-0.34299608693782724,-1.3404503025926795,-0.39532308674520844,-1.3764306838726867,-0.36625156045876806,-0.22677083776108306,0.0948740992344302,-0.3727952654951449,0.11952554733826845,-0.6843540341513785,-0.5372335550316223,-0.8600700487890148,-0.3770452684455118,-0.7736368702584466,0.5977240574597541,-0.8535338600814791,0.513596573775203,-0.7362290186080093,0.8736698279576512,-0.7873738087904564,0.6837453523688474,-1.0800902733549569,0.6772537657604305,-1.082315501543794,0.5739473794548058,2,1,0
-0.5007295288636158,-1.398883423229245,-0.46826001349966406,-1.4941436518134315,-0.4512616353689941,-1.4996376855512388,-0.433745710329643,-1.5052237174684355,-0.4935052079981495,-1.4900377187116387,-0.49713636750271684,-1.4916860151923983,-0.4997070333612664,-1.493612998593164,-0.3508443271739423,-1.4817153632534021,-0.44334135919837164,-1.4760005542049228,-0.4535240489069825,-1.3168074329055284,-0.48952596924168945,-1.3110241459189942,-0.20366654402029882,-1.1154561840005752,-0.48542989127341485,-1.0182386446202083,-0.5613796461240931,-0.7166513406974878,-0.7649113179201352,-0.6888178020597087,-0.9808847401853941,-0.5525944570085398,-1.0942328979502498,-0.5069522857059855,-1.092417927793854,-0.4452307020735113,-1.1679427943107856,-0.443613850580627,-1.117227972427816,-0.45838344454644825,-1.1697604060493616,-0.43882710047155643,-1.0774633214761071,-0.48703942963608726,-1.147622728187885,-0.45631772728156683,-0.11906032436525178,0.08488932499070174,-0.29263178066986056,0.10511246536745356,-0.5682607645047683,-0.4407758769253086,-0.7491514354346996,-0.3127647028756695,-0.776262602945521,0.6270628915429632,-0.8744917667015726,0.5635515343841193,-0.740386259363686,0.8869230521527488,-0.8270110542016301,0.7443784009444684,-1.081344415294643,0.6312430937437444,-1.0861878578212723,0.5624436954574881,2,1,0
-0.3328346294655314,-1.4270284145659962,-0.30104034314655326,-1.5176728338879621,-0.28548955205060844,-1.5223067786278424,-0.26856066785113947,-1.5277975611875816,-0.32545404885417756,-1.5132133859709445,-0.3284014449713431,-1.5142483781889922,-0.33058034387271273,-1.5157923829732929,-0.18637779504844104,-1.5009351595986107,-0.29116001299825556,-1.4919773512270749,-0.2928160818265837,-1.3471183184313773,-0.32396439970319924,-1.3435672191867316,-0.04752912370745637,-1.138380037358592,-0.3554967629890835,-1.033812295561943,-0.3756187104484724,-0.7497907003427381,-0.6334944332450736,-0.7189628267044383,-0.7674667438814916,-0.5877252648196833,-0.9212377129581734,-0.5825106799967422,-0.8651301010544169,-0.4908672854137615,-1.0123495399270552,-0.5247161130730127,-0.8884287542840718,-0.5199655323199472,-1.0133488707856708,-0.5150022026020648,-0.8514423365906839,-0.5448315581762658,-0.9814873257204133,-0.5247517744324448,-0.01714137830009632,0.058907129063952963,-0.20366593442441108,0.05729007437243945,-0.4853392646847726,-0.4147321118138993,-0.6848675170874748,-0.36573624873500854,-0.7585347417358697,0.628646621659281,-0.8698453252459941,0.573405042313357,-0.7355763446108816,0.9022291920990854,-0.8256286939268919,0.7610961617681541,-1.041402168740976,0.6192037781597428,-1.085748440785535,0.5892027197438316,2,1,0
-0.17227926455569387,-1.4418861967369085,-0.13865903535434074,-1.530439956162254,-0.12326551999742974,-1.5344315900350978,-0.10556285541780455,-1.537896787059231,-0.16445632052847864,-1.524994690095465,-0.1679631224719494,-1.526125896864459,-0.17063030767938925,-1.5274204753313645,-0.027519748288667906,-1.5055445173043525,-0.12947283172353613,-1.5035510371521668,-0.13497219942536093,-1.3663805832900977,-0.16534186015471838,-1.3638941432633693,0.11024424876941916,-1.1445350254376683,-0.2035161770346592,-1.083916505564038,-0.16326313817756544,-0.7437766305130414,-0.47560564394678817,-0.7546508051569653,-0.5103603310952034,-0.6042221487333822,-0.7479523603235384,-0.6157987810385981,-0.6382324156831259,-0.5230753857411924,-0.8251546315248687,-0.5461960369716307,-0.6472219230408235,-0.5595346045910101,-0.82390922712624,-0.547630416095455,-0.6150521256550049,-0.5845659325322177,-0.7802095331199314,-0.5634627388922157,0.07372925189587433,0.03949983118361066,-0.09952033778001398,-0.008417859968518276,-0.43189253883094947,-0.3892001024502378,-0.5858719897012343,-0.38538901055947605,-0.7251829379237461,0.6284143656260566,-0.8691284404820258,0.5405726141975778,-0.7129871593952277,0.8951101281235669,-0.8293305665544357,0.7367086686837022,-1.0257586174707818,0.6263575891008618,-1.0899270173972821,0.5530301125605608,2,1,0
-0.014172239929601793,-1.4421797679565072,0.019069836622730655,-1.5280521182703655,0.036855812640345355,-1.530013239040844,0.055623034838573115,-1.5308914127167739,-0.00949074671047892,-1.524414405610005,-0.014396164819027264,-1.524882880049724,-0.01813806757653183,-1.525318436311506,0.12549796346941117,-1.4957294139160418,0.017672033252170028,-1.5002859399781803,0.023363220459999945,-1.3639031856023704,-0.007946233929605057,-1.3619377976606777,0.2560860009357918,-1.1429857882886645,-0.06863516212826777,-1.0800233214270625,0.039315125650069914,-0.7284521010907584,-0.3334858810722543,-0.748834142795578,-0.32133541583805697,-0.6339208475889803,-0.6366970468405679,-0.608940420904398,-0.4297701291485093,-0.5594752705912712,-0.6994569754684724,-0.5727736048820606,-0.4487592442498701,-0.6035525076507129,-0.6957427077245448,-0.574774400184899,-0.41535867276672833,-0.6183781844382051,-0.6603093371544589,-0.579786700772429,0.16197232061710745,0.0364130408067846,-0.012744972757800975,-0.029340003629865014,-0.34775936558477943,-0.25517374097844114,-0.47553858839913804,-0.3300241912449163,-0.7112892316492756,0.6289065127060824,-0.8619105203733807,0.5231146007675609,-0.7018646760263693,0.8707833914292585,-0.846191176014479,0.809935561902528,-1.0097116153222263,0.5811513804573477,-1.0897304227234899,0.5107519961644341,2,1,0
0.13240163689793236,-1.4043656206468988,0.16714494492310997,-1.4756714740248642,0.18852631748654525,-1.477510320020196,0.21176553511714663,-1.4788247103534526,0.12903057163879575,-1.4729092426585961,0.12083069415433528,-1.471683548527004,0.11378843926067057,-1.4701416265286529,0.2787473216648269,-1.4526652236226896,0.1485750285938769,-1.454344558694066,0.17014578227976634,-1.316263825772647,0.13245324934976,-1.3110585372869936,0.3983380461179627,-1.1158596348789365,0.06476473796957355,-1.070306058178732,0.2627976516596786,-0.7192322680868142,-0.16068576676425086,-0.7066521393510832,-0.05867436532278996,-0.6564376940926239,-0.43889435719739484,-0.6109903902755132,-0.16317413717795712,-0.6011406415209165,-0.5039164961646584,-0.5854413122269952,-0.18027858499309177,-0.6406092320698188,-0.5031656772296066,-0.5968289698070154,-0.144472751335604,-0.672492824186349,-0.4751961987088641,-0.5954658118027406,0.25633634164701885,0.010196556860518966,0.07919346623484014,-0.05713351213768334,-0.25091286690140985,-0.1367623813694301,-0.37818653152621257,-0.20642598342585575,-0.6912753858606437,0.6363279362419141,-0.8180879927956948,0.6016071832645824,-0.7026839728994759,0.8772097512776886,-0.8477424959494325,0.8060404473785745,-0.9640804167456509,0.5427915432289082,-1.0962928240541978,0.4457174620807868,2,1,0
0.244193801159362,-1.3239886248619377,0.28025200751436924,-1.3995968536165162,0.29575972050091465,-1.4017210412869623,0.3141164814680721,-1.4049398599731389,0.24726779002254579,-1.3927073532923848,0.24145244845224856,-1.3907991149651664,0.23692904376667653,-1.3891280094382743,0.3826876876936889,-1.384420608393923,0.2793109946623462,-1.373478209810231,0.2821252956773578,-1.2426092502389223,0.24525978116836927,-1.2365696281815985,0.5225761264205085,-1.033566526819874,0.19092751568830638,-0.9824918401645156,0.4486534810951556,-0.5704763427791572,-0.0451663300466221,-0.6171492391285451,0.13081546839806374,-0.6403324755367902,-0.2510886337157048,-0.6080699179767223,0.03957278151194967,-0.587353716126113,-0.3212683602904069,-0.5960066249544701,0.026769845479254033,-0.6304568189569651,-0.3096734401085592,-0.6070038363684004,0.05688327273713642,-0.651952084352091,-0.2848488667726061,-0.6044270745509736,0.31058062212061965,-0.012244090157158568,0.13121373771137945,-0.10984750373445729,-0.2055032564300237,0.0874508469109354,-0.3110458436504645,-0.04476765635648878,-0.6903488001112971,0.7139902491398499,-0.7747215445413442,0.5953854444357998,-0.7117953994347191,0.9193783436126535,-0.8507156982925119,0.7940692033353692,-0.9504214048879558,0.5355273954321105,-1.0459710899194983,0.43232687561232125,2,1,0
0.3248675177426748,-1.2501723032193361,0.3607796242832565,-1.3230254633593272,0.38180641523866327,-1.3231394069906752,0.40298946593995766,-1.3244054868498292,0.32759850731969686,-1.315907567775927,0.3204999664057319,-1.313139291250439,0.31447573664457323,-1.3089545170805,0.46318604385996526,-1.2968479935498762,0.3440017166653149,-1.2754004290329652,0.3631334772044041,-1.1702022634890907,0.3206653700899355,-1.170715390827586,0.6084580270699413,-0.9470923021661987,0.26745272905699996,-0.9132797454622673,0.6078104330385448,-0.4093839238922311,0.08616703999182082,-0.5070513450377413,0.2645081777206438,-0.5870455654048664,-0.07271193622676432,-0.5931223220116845,0.15873130248068618,-0.5690935761071605,-0.12755931023195752,-0.5899719304639054,0.16049283139759127,-0.6251278333057604,-0.12645289369573093,-0.6088397359836083,0.18046766304940848,-0.625575479885982,-0.1027995572587329,-0.6049041849324355,0.34907314805395456,-0.07150961195797607,0.16236815154687226,-0.172181528035469,-0.11375826253242166,0.1443576390235035,-0.2696008416342329,-0.022055129572884496,-0.673291697576776,0.7136986591068866,-0.7699114265899106,0.5902934899856066,-0.7117559789006461,0.9235459474984214,-0.844783822308344,0.7926837950811925,-0.915587978270709,0.6733523520789704,-1.0454258063979256,0.431231635000703,2,1,0
0.3557915043326064,-1.1850850898910577,0.39253266128049835,-1.253982429916609,0.41039727516762997,-1.252494507953979,0.4329500878286495,-1.251120834420641,0.3586586369912211,-1.258227401680461,0.351723264576538,-1.2583408881148932,0.34614708779285946,-1.2560981848439414,0.5040692016663407,-1.2144408910598086,0.3764974446524389,-1.2212243724991327,0.3872742871529554,-1.1072016460848484,0.35066663170447593,-1.1110734943657536,0.6320069194115087,-0.8874673219902508,0.2970508445911228,-0.8747808187721112,0.7569364846493675,-0.3390063834519612,0.1812698912376587,-0.4398477671862426,0.4969371329785507,-0.5581217645218856,0.06117868856069814,-0.5416781186490482,0.3998136745635233,-0.5624769207424446,0.021926402952624716,-0.5529136820550802,0.3847769759995625,-0.6203401688028581,0.025305189759672556,-0.5956536689354756,0.4112035673284651,-0.6168106086129123,0.04569982977950521,-0.5873944574512762,0.340884040096844,-0.0610737367573288,0.14918990764596532,-0.15633447333808828,-0.09529177430547311,0.10677991331901926,-0.24211009908398626,-0.006947108290059517,-0.6765455172268395,0.711596772486,-0.767774386606165,0.5720801872506944,-0.7379387318744575,0.920505689607692,-0.8449150886228348,0.7749585754537213,-0.9395489574323805,0.5695755609466487,-1.048068709369171,0.4089405421741481,2,1,0
0.360340512045463,-1.166319544081521,0.3969758025075195,-1.2366659443318595,0.41380877695398594,-1.235696077274484,0.4352281476610896,-1.234688821669328,0.36065364113312604,-1.2387886588122434,0.35367173623234643,-1.238320590769783,0.3479102422987985,-1.236801427017907,0.5048169726219539,-1.1955240130711435,0.37840588617828647,-1.2031063699213354,0.39643244937292454,-1.092919627229895,0.35780459315251395,-1.0942203016556777,0.6374183021068713,-0.8509123965860598,0.31138366310338683,-0.8657626604076903,0.8043858029610919,-0.3793541128702821,0.18767593122316448,-0.4489410074441686,0.580038260386797,-0.5180758866673046,0.11405625505401246,-0.5223892855695543,0.5149909247895073,-0.5361810877314597,0.09274904999025078,-0.5199807722171405,0.49060018052698745,-0.5850854098278766,0.11219536200740769,-0.5698518117921796,0.5049541316966927,-0.5766775585463862,0.12823667459434446,-0.5655457280405827,0.33215706536812795,-0.0573440259175788,0.1449054645483827,-0.15827014348025437,-0.11007142660344187,0.13990718264582958,-0.2455689461509557,-0.008396117715189305,-0.6896672719088169,0.7091868367431814,-0.7702786065129522,0.57171646170435,-0.7568057245996433,0.927671286069307,-0.8306169154768567,0.7900698479146141,-0.9444002231062356,0.5726905959329396,-1.0459128735122203,0.4056156030038496,1,1,0
0.3407619177206691,-1.1825724880408142,0.37540931599284416,-1.2536697072262044,0.3917302298936189,-1.253128894074475,0.41115825403414397,-1.2524146000930294,0.341322745937379,-1.254035413959184,0.33349553473894966,-1.2534632066192366,0.3271242417190444,-1.251934289333157,0.47933850609709777,-1.2154155332849712,0.36136625872588024,-1.2164074981932769,0.37752684890818244,-1.1079103013043323,0.33806851989005693,-1.1084192122712708,0.6284109132698004,-0.8601828260486855,0.29856325198857636,-0.8743109219419875,0.7889400655564656,-0.39065053426577223,0.1937511638402631,-0.4487233817122496,0.5756158454199586,-0.48618000103370523,0.11431431731315071,-0.5104645740124457,0.49990403616412354,-0.4758462331442524,0.08585167571923612,-0.49729913162518113,0.47102585337340763,-0.5393788245598523,0.09737893075754601,-0.537761973066968,0.4892499256356696,-0.5365479628565574,0.11576129475198807,-0.5314254270126633,0.32616250260683866,-0.06498957754146513,0.13839335487841223,-0.16015420117059279,-0.11890975418098293,0.16906354435997878,-0.25203086575950323,0.016401633401703704,-0.683142970321092,0.7173255514402398,-0.7627043776079301,0.5734974976896624,-0.7540818469746449,0.9380634735646671,-0.8128819423151818,0.8090327503928026,-0.9369998306285306,0.5517393948676111,-1.03890302879992,0.40743565312597657,1,1,0
0.32833815033014035,-1.1890908968682912,0.3630964950538819,-1.2590756035585775,0.3797685361859881,-1.2574591076632944,0.3995411852017088,-1.2569996247629194,0.3297306705363407,-1.2602468912571898,0.3227054843275324,-1.2596264242427972,0.3168718548806033,-1.2580741391143548,0.46862120079494934,-1.2217835751268087,0.3540679735593697,-1.2231822928912008,0.3650819488602125,-1.1139814699488462,0.3257865851427396,-1.1107169823707475,0.6168708567178481,-0.8634079946920258,0.28469860311808753,-0.872876847616107,0.7721125774729887,-0.40087691167967027,0.18919585696989996,-0.4523437716894671,0.5014922366502846,-0.4619649219861657,0.06497362616043506,-0.49712224721842535,0.4159643080129926,-0.4277248353663077,0.03977658973708011,-0.48679620087688374,0.3922508247817387,-0.49361534367564,0.05255818991370527,-0.5259849869133189,0.41258816278812493,-0.5004732974125815,0.0674361903482275,-0.523735578087602,0.32565694441728277,-0.06684986099218217,0.13508995476281346,-0.16691848033945347,-0.1195299163974317,0.17286173313778358,-0.2568393581219028,0.0081682281434182,-0.6897101468195872,0.7174769344190256,-0.7516369610675965,0.573702321907939,-0.7529532817878308,0.9380762750783094,-0.8076158466397277,0.8135453855510248,-0.9571416915535854,0.5987589480784873,-1.0394311420373217,0.4083055464577646,1,1,0
0.3037960230888347,-1.2242876426346239,0.33358880290977205,-1.3004420185049494,0.34998571309788357,-1.2978863385453066,0.3692916148622338,-1.3017686007559606,0.2993018790058736,-1.300212200855276,0.29182803022369735,-1.2964220892229836,0.28501904735640327,-1.2924225814032566,0.43632704584803417,-1.2846047681414297,0.31647724314261394,-1.262974934454088,0.3444022211635523,-1.1436090492842093,0.3032266605296966,-1.1324324134806576,0.6156376442369741,-0.8928768758979503,0.25307134607234694,-0.8745862560846113,0.7023861870401271,-0.35734719332672316,0.1859101351350453,-0.452095056567274,0.38387355489394936,-0.4053825364851836,0.001934909013209608,-0.4749213745832542,0.28324004335738334,-0.34469157630022845,-0.05656536674987984,-0.4617509538295731,0.2603775559853979,-0.42597641276098874,-0.05652493022266054,-0.5072195935027543,0.275468102186108,-0.4388100317867,-0.02936987180792281,-0.5036601631143096,0.31345649232029177,-0.04162275117169931,0.11316218108534452,-0.1539897643552566,-0.1135087346157116,0.16778766016696378,-0.26642972382627117,0.0033199088496870606,-0.692271059143933,0.7188942448579935,-0.7641613117796003,0.5804190525975569,-0.7531965105470343,0.9375501938272001,-0.8084078132972012,0.8178070704021323,-0.97619684620945,0.5982040126220254,-1.0486199872503064,0.4090004857697747,1,1,0
0.2579962712493026,-1.2658100125289395,0.28892838578440383,-1.337620662101601,0.30715733481376767,-1.3371495460797018,0.3279723927975035,-1.3411159833225195,0.2519484704471517,-1.3341243248875363,0.24249851499559005,-1.3323371421436894,0.23513622226086806,-1.3283851320035478,0.38819884091600976,-1.328122396175937,0.26371285828578783,-1.2977766620851727,0.30030100666586,-1.1811236310146562,0.2546300827572678,-1.1763041659262776,0.5677496200847146,-0.9475716477325822,0.1995049362258998,-0.9061912628804498,0.5885309470959962,-0.36232911571918136,0.03516906081900159,-0.4822983992185963,0.27740682030771274,-0.35846854496219904,-0.13371379031446082,-0.4472726450987713,0.1687554972584877,-0.28586689392555303,-0.19000001381332166,-0.3979662945143977,0.14535046954642425,-0.34133006137666627,-0.18029809206149905,-0.43777798594877626,0.1694291007144273,-0.3728895516795544,-0.15682174163057142,-0.4424131498804318,0.30614886001683606,-0.035979925237629155,0.09587769928470084,-0.13577829040800765,-0.11260490711284002,0.16512067815815318,-0.2715588636256157,0.00044220986235175434,-0.697028751849022,0.6948985187307215,-0.7734247308895171,0.5743208585353539,-0.7578621542730762,0.9169915725135686,-0.8225699449609013,0.828326257040769,-0.986969015141494,0.5316814549764336,-1.0490112462109131,0.41668423873595867,1,1,0
0.20248260893882253,-1.3141477152477132,0.2315298529890684,-1.3880090961863494,0.25279926310779094,-1.3930372970666176,0.2738067501934196,-1.3991097865022215,0.19508455324535381,-1.37957554027826,0.1859406149294317,-1.3788341700794677,0.17781957851311742,-1.3770595348509767,0.3325900816470441,-1.3854080013330707,0.2057161087259618,-1.3434229989596267,0.24885761609774076,-1.2330833492996813,0.2031885209768117,-1.2348947634800653,0.5039651639681684,-1.0021869689031802,0.15112171701417582,-0.9351465595509634,0.48983188650982074,-0.416833185640269,-0.030252973050611642,-0.535998005766512,0.13972125792051338,-0.31424175371163476,-0.24120037882086662,-0.4209639089748295,0.046506121940340296,-0.20743080064746097,-0.29746933043624185,-0.35808328036115483,0.014088422226845535,-0.2722619329032364,-0.2951103975493632,-0.38826244237559726,0.034312781795372796,-0.30086711833556473,-0.2718451704942187,-0.3943376749926959,0.2925589356930834,-0.03323979172229117,0.08758678881433965,-0.13179295569267033,-0.14185982016217194,0.16299684608530834,-0.3067211672242918,-0.0004786863253762225,-0.6982733434531336,0.704108090203889,-0.7777949238086402,0.5956595593866482,-0.7530837353078046,0.9213262056725741,-0.8332235474927822,0.8410928205188303,-0.9936823930537294,0.5357984624035202,-1.0708681035667764,0.46191909838619605,1,1,0
0.13373624549479848,-1.356203329144819,0.1694861995292445,-1.4326883091849225,0.18923995107244565,-1.4349397499969319,0.21083122781988864,-1.4396268311783589,0.13685818923448353,-1.4312001840236637,0.12981146397097548,-1.43122461865883,0.12328452080107029,-1.4303405522226522,0.27006891140849987,-1.4221356455721181,0.15809041400405466,-1.3950439343300467,0.17414615369366765,-1.2740453989738603,0.13397500388415867,-1.2787238950132018,0.44138587892166076,-1.0303314014437006,0.09614653107118895,-0.9713940454291102,0.3501643246929879,-0.47501494755202045,-0.11288491482393648,-0.5739403714111723,0.02680256045856211,-0.2908790929137684,-0.34138949495527887,-0.4001040456933456,-0.06568959479876539,-0.17897750619049155,-0.38782607129885766,-0.3160788725186181,-0.08666538289823221,-0.24562787577387699,-0.38651544014024214,-0.34018960907004153,-0.07045500905176551,-0.27590020435982715,-0.36659344013202805,-0.35927930749287745,0.28012744675464346,-0.028892560248272556,0.07375302613549573,-0.12327405636029881,-0.15081051658168423,0.13007846494935954,-0.31794220192833295,-0.05291043502613203,-0.6963588059684087,0.6854099555396037,-0.792816585674037,0.5888137975674611,-0.7530032686506245,0.8992996774612932,-0.8585445350799752,0.7685080349684114,-0.9881491927801357,0.5373966196225142,-1.0701377060939634,0.43518750591480015,1,1,0
0.06700419006245749,-1.385605053203779,0.10110457762471116,-1.4625219319303377,0.11909781624415343,-1.465030571407311,0.13993055250863337,-1.4696898651761892,0.06891893074581158,-1.4603462334073787,0.06218330258367411,-1.4595279525274183,0.05641429030084424,-1.4589403528913056,0.199938765299333,-1.4482768952259066,0.09291120249638647,-1.4204171947646125,0.10670249666171867,-1.2956118854885355,0.06811406097538118,-1.294208544955328,0.3773963953882086,-1.04569718018772,0.029481734385127287,-0.976210259339421,0.2553536730760011,-0.5018658176187818,-0.20859126599862524,-0.581946194204706,-0.06906817840718399,-0.26540560475532876,-0.437789363051573,-0.3775834400150611,-0.14438171834970326,-0.13096065410729216,-0.5083681717341078,-0.28648888492966496,-0.17768455129217928,-0.18882695014714435,-0.501774579413811,-0.29837925591843156,-0.16156236565080392,-0.23011853719829764,-0.46995814444424544,-0.3210591693220424,0.26491132380106136,-0.006853636920607868,0.06034374539313983,-0.06596716614675183,-0.16364088442932764,0.02422864140150378,-0.32621462132343304,-0.05109668406151157,-0.7007883328872706,0.6529201203127278,-0.7892789991382361,0.5884393024937669,-0.751538612931043,0.8982115488016985,-0.8518058589383991,0.7698306548461522,-0.9730090661138904,0.4709860244216352,-1.0436283113236444,0.4330179541503757,1,1,0
-0.003886122118706401,-1.3925693306234717,0.026885262300663893,-1.465147817016384,0.0449276749883829,-1.4683021709374333,0.06419415621866001,-1.4726270505622352,-0.005303026160415842,-1.4637196354507516,-0.010905618765895934,-1.4640213854151771,-0.016448470974378668,-1.4642424655237931,0.1287221161196053,-1.4522360681177289,0.026907614149880594,-1.4398447617082217,0.03831071482572318,-1.3000477623645612,0.0009845490242414376,-1.2963347646120664,0.30410508820391285,-1.080429921884177,-0.026183514102767824,-0.9970679890352978,0.1512054348494238,-0.5482393007879808,-0.26674224331804647,-0.5952506244543726,-0.1775823423816702,-0.23403864515364806,-0.5161988373092342,-0.37360227087162323,-0.27470925517339473,-0.10556996939026893,-0.5773965748755207,-0.2779943694328026,-0.30167777724648764,-0.15902075921667694,-0.5774022644371395,-0.2928864921720572,-0.2932879090436853,-0.19466220518310734,-0.5545334779076476,-0.31014892692142804,0.25193505933762167,0.002508333524491664,0.05845420133981184,-0.046545237965104035,-0.21882333297414205,-0.0326714451562993,-0.3583409342025937,-0.09625168665045658,-0.699683541940078,0.6548277490440584,-0.77339445429376,0.5764599305053919,-0.7350014956887541,0.8981670483018943,-0.8371378642871992,0.7696372097511132,-0.97374840432639,0.5860403394769274,-1.0432231332569346,0.43765128929436803,1,1,0
-0.08818449585045073,-1.406945684442051,-0.05688337260464468,-1.4844403076712043,-0.040139399157786616,-1.487642819667384,-0.023064211945262928,-1.4909118284149834,-0.08441191009993051,-1.480543973955475,-0.08883229308047651,-1.4807373174511995,-0.09245105746865999,-1.4806222054277336,0.050227298437662105,-1.47023499629879,-0.03823766318670406,-1.456219878843347,-0.04556236417501615,-1.3173966073310177,-0.07779921710848489,-1.3093689406848403,0.23973887441184477,-1.0900352226877947,-0.09120341788510973,-1.011682745645636,0.06666566114613913,-0.5825244975035307,-0.34695632460201226,-0.6013357122049895,-0.27258420390877447,-0.2111235293366888,-0.6043252700172821,-0.3630771914727384,-0.35180789507381127,-0.08418819042957516,-0.6651157975305662,-0.26779501743659384,-0.3881180677290794,-0.13060769808829759,-0.662686964315228,-0.2692194398275852,-0.3766444571288896,-0.16792898712267748,-0.6329287282612618,-0.28738448288805224,0.22178972989494816,0.007629142180037283,0.036063541184928015,-0.036247131435083325,-0.227866687968589,-0.06525190697181747,-0.4208206519207725,-0.14632186088215357,-0.6763339874537978,0.6462454517393632,-0.7942060579007987,0.5788324777004298,-0.7034943290328959,0.8834298645174373,-0.8369534615311615,0.7901362938663765,-0.924561839333955,0.6680053833490776,-1.0529099167108786,0.46149685163462967,1,1,0
-0.16613799238409133,-1.4110451151877081,-0.1325758779907016,-1.493184401884434,-0.11596804762543617,-1.496608349586831,-0.0965375851013602,-1.5010604823531961,-0.16251049045485041,-1.4881251116138916,-0.16711842577018743,-1.488445657451522,-0.1709403887876136,-1.4883174391164697,-0.021980756854140783,-1.4818341328521945,-0.11697225525115366,-1.4648553125895891,-0.12330941090134616,-1.3228659016357145,-0.1551837574802459,-1.3121148653611117,0.1697615336718684,-1.0868014181027115,-0.16553388285935275,-1.0102839262819292,-0.04385915326470373,-0.5752397250458648,-0.44034478901292934,-0.6000284338237565,-0.3865646142085189,-0.1973226848357822,-0.7102222356471221,-0.33540306215960014,-0.46547924025847753,-0.06578510017495035,-0.7796969645776667,-0.23910154219985952,-0.5120840650670693,-0.11179414660260248,-0.7675311578469616,-0.23619580180168873,-0.4979089286910976,-0.15346774707673208,-0.7380216369151885,-0.2561409664536365,0.1769322100992145,0.039279563869511556,-0.013989361163283351,-0.025312403599645192,-0.26805754804513454,-0.16211445834689725,-0.46504886556174146,-0.2678858472238653,-0.676021061564764,0.6194850050626147,-0.8025266353710293,0.5724483831668823,-0.6893049687528772,0.8782706513209648,-0.8254808669241178,0.7904839667210108,-0.9296615153320593,0.687088782614407,-1.0529334877518708,0.4824811740765247,1,1,0
-0.24262195643104864,-1.4247620386547375,-0.20770410078335153,-1.5125185990579062,-0.19095321858309922,-1.5173448205007072,-0.17297521986085015,-1.5225486357962985,-0.23919196356943165,-1.505005482140629,-0.2442930619579407,-1.505529734604075,-0.2487325456096355,-1.5058049671473843,-0.10136883571023494,-1.4962898865351504,-0.19969218203094058,-1.4741237100659224,-0.1989114928973901,-1.3448287270767278,-0.23416035911212357,-1.3353061281152119,0.0807113599952832,-1.085057465867236,-0.2412430505330076,-1.0047348765152546,-0.17105478961587728,-0.5543110790283823,-0.5203861514620388,-0.5927308598524483,-0.5317847817680381,-0.20739930485992836,-0.7970023758371223,-0.3080633977901954,-0.6065159544391477,-0.05624756611418511,-0.8593053107478599,-0.20319878279622297,-0.6337216093125669,-0.0837805739793143,-0.8595566674522331,-0.19254142108970115,-0.6102861018061171,-0.12876407692517844,-0.8347051702979055,-0.2169669123178215,0.12192512197143654,0.04005273465378008,-0.0660378772492874,-0.015438779006112508,-0.3203405553492847,-0.2739860732723608,-0.5036427876110685,-0.33265805187716035,-0.7174428989372619,0.6018390329005483,-0.8035359229624779,0.5760860450275853,-0.7085062232231674,0.8647544880996272,-0.8129149620924339,0.7702734246592721,-0.9849560279209011,0.5800581718320219,-1.046028087135001,0.5067806821545146,1,1,0
-0.3321858162423594,-1.4163830923782568,-0.30127503756332863,-1.5104976362911156,-0.2850126448677758,-1.5164068048284656,-0.2669718577690907,-1.5203145684670896,-0.3300518242380524,-1.5024076892650753,-0.3343088355206873,-1.503330007843208,-0.3379901850866775,-1.5042274345892586,-0.19403980576129604,-1.494196686655664,-0.2855590459818094,-1.4721250991483483,-0.2882449254631396,-1.3439781376147177,-0.32129315052317453,-1.3334814044246124,-0.010072707584630051,-1.0844318172877976,-0.325573326449543,-1.00362256721878,-0.2887132983035441,-0.5509140043447026,-0.6021217840817741,-0.5916894668775794,-0.6335297898065618,-0.23483924775286436,-0.8940240317388991,-0.26155905470376417,-0.7198111789610857,-0.07355236777775306,-0.9587477735191198,-0.15891021916236892,-0.7622268608292098,-0.09256911789269089,-0.9645482815894822,-0.14654456657980358,-0.723205408863956,-0.1635175448818182,-0.9348825009118216,-0.16783368696556267,0.05637426017088343,0.0392769222873314,-0.13547775761491682,-0.01269437831956042,-0.37292449982334325,-0.2943561262580551,-0.589541960143987,-0.3524981628377896,-0.7462595125433173,0.6024356240760049,-0.8190952484008509,0.5721287517230834,-0.7284623606010943,0.8628988782173828,-0.8131775963207301,0.7758302975731726,-1.0227311610936947,0.6029462622312919,-1.061615860381468,0.5214843381651466,1,1,0
-0.42809008288193057,-1.416041363083528,-0.39578414241451926,-1.5082776404669815,-0.37898124136518085,-1.5137748745831994,-0.3611946557516784,-1.5180066384361508,-0.4264935512519705,-1.5004596240065255,-0.43164138532520546,-1.5012526574568024,-0.43641248913982433,-1.5019823945340705,-0.28479237755367665,-1.493084326559532,-0.38382387109729316,-1.4713379584583195,-0.3834459216469017,-1.3397900106673961,-0.41854076330066925,-1.3304193534808966,-0.10886280115670621,-1.0837675609688033,-0.4159219393669891,-1.0031535847824877,-0.4108606679098116,-0.5459309643597836,-0.7049494344169029,-0.5914641195977492,-0.78309038168602,-0.2403512137697022,-0.9691121228022737,-0.25626979438457637,-0.9053855782950616,-0.07497272619615963,-1.058582206446189,-0.15170276378312986,-0.9372836991135828,-0.10868805235599836,-1.0609221402612334,-0.14275003537732517,-0.9006906739664087,-0.1643628511794679,-1.0085562279163522,-0.16061485246308602,-0.018835648470722065,0.038585030954759965,-0.21844599311963833,0.001452716645575768,-0.4740497520426767,-0.3487787135288164,-0.660720407981417,-0.40003455176214464,-0.7520561598397242,0.6130047975774354,-0.8232374524579636,0.572247216523932,-0.7270269654841237,0.8906159840406058,-0.8160250187123081,0.7049245422961862,-1.0373059891733867,0.667490071625318,-1.0803914137234947,0.5530016647524668,1,1,0
-0.5311583203940828,-1.415547082417895,-0.4960025191515425,-1.5070854233095572,-0.4781519259698286,-1.5125647251467442,-0.45986994209823245,-1.5174798967894962,-0.5280339382708469,-1.4999466998666595,-0.5334245947060268,-1.5007752422773968,-0.5382647860545882,-1.5014715531801541,-0.3800447829906372,-1.4901035550675132,-0.47632781187511675,-1.4716200489553657,-0.48898058412080203,-1.3322127845825928,-0.5225947173632779,-1.3239164385488993,-0.21496316861441822,-1.0739979740734429,-0.5007910980482763,-1.0077723912244894,-0.585900234310699,-0.5662229890718486,-0.8114354728729176,-0.6276449563255044,-0.9889086476569303,-0.254390816659969,-1.114382988419789,-0.2580229921576825,-1.0979117075333746,-0.11253053843497807,-1.2197358897198316,-0.15224753930812956,-1.1235665504684134,-0.1306416322593811,-1.1970841193263708,-0.1337237490677346,-1.0957329102313196,-0.17540202311033676,-1.1631810376331118,-0.16009750875303408,-0.10465577673686507,0.0672734262257632,-0.2915420264212319,0.0240774616213472,-0.5386431419022382,-0.40185246829866456,-0.7241884838322323,-0.5270436517716733,-0.7613033230593016,0.6175609172423155,-0.8259631588706254,0.5477768183987489,-0.7317308105524634,0.9065997914154669,-0.8075850620473974,0.714563878870202,-1.056368458979904,0.7104850727854131,-1.1147071918327456,0.582312863822099,1,1,0
-0.629941708411394,-1.4127226722710786,-0.5961418516217902,-1.5053407598788793,-0.5798934796316552,-1.5103001272234915,-0.5626031050707635,-1.5144251609964332,-0.6216739625847665,-1.4986024393349044,-0.624976346707219,-1.4992390606403219,-0.6272704592313693,-1.499756150352087,-0.4758527334799473,-1.4841258577924512,-0.5632267216639093,-1.4713946508758782,-0.5828325446050218,-1.321398147137037,-0.6155367543857487,-1.3176222594087916,-0.3115467282715478,-1.0734952606646964,-0.5830920292545647,-0.9828795431491106,-0.701372122549085,-0.6071268731384069,-0.9011081455501878,-0.6334614154882625,-1.1200017353162937,-0.33351778527748627,-1.2380560749337253,-0.28583803972020055,-1.2429803905147934,-0.20228662414955245,-1.3352082859547907,-0.1775510518132077,-1.2752897853589016,-0.21425969698042083,-1.3342027575379831,-0.16008003367091922,-1.2125343271008406,-0.30241213911301174,-1.2952573018600662,-0.19216448763245592,-0.18154735723408327,0.08682458873560936,-0.3560319881785088,0.0929189220238568,-0.5859768401939235,-0.42987000329522296,-0.7639280397532298,-0.484749889081095,-0.7600485715237278,0.6084255132688217,-0.8036295975305587,0.5261782265006533,-0.732631386877267,0.8566545843407541,-0.7732260026301178,0.6488537093443226,-1.0620934787595029,0.6724454765966601,-1.035358127113466,0.5794991724029752,1,1,0
-0.71743538058798,-1.4041515508909916,-0.685659585344263,-1.495486845552383,-0.6711310865520381,-1.5006376260057421,-0.6543206671534177,-1.5059158627992935,-0.7088404849682717,-1.4913723273085047,-0.7106678502410514,-1.4931914122371428,-0.7119402800573692,-1.495007245987713,-0.5738373476857054,-1.4823173899921909,-0.6453592012065555,-1.4718005909374479,-0.6758479363326493,-1.314741715640647,-0.7029139937477786,-1.3152244647840703,-0.4088408735351391,-1.0733608447714522,-0.6571313105931029,-0.9859678575156561,-0.8426503383006101,-0.6271538252386248,-1.006315759830322,-0.6505507250055186,-1.3029516211549708,-0.3640619936293632,-1.403808549584389,-0.3149174907531814,-1.4103992971238766,-0.21498247450463717,-1.4863140002110105,-0.22637704083805157,-1.4374085605221327,-0.21899910180887788,-1.4777331252967199,-0.19137180977978008,-1.3992855512960756,-0.2850475970524464,-1.4480951828312654,-0.2244310075657941,-0.2605270068453996,0.10537926516764924,-0.416483580378216,0.11783737312652,-0.6647136674432947,-0.4920137320799489,-0.8409337162807677,-0.47354734545231497,-0.773582006628551,0.6019540433246997,-0.8036508317873147,0.42959995000788403,-0.7473405292508886,0.838744250762043,-0.7441228789568302,0.5757889686316324,-1.0584849759020962,0.6406841084556193,-1.029850225069213,0.5575799330679344,1,1,0
-0.7801625942365763,-1.3888751287441818,-0.7476973460438388,-1.4904667726172847,-0.7336400648728278,-1.4964943043561685,-0.7176024098612175,-1.5031486022669516,-0.7701123900342317,-1.484493444112751,-0.7718714805675859,-1.4865787192456972,-0.7730085800968282,-1.4887044309058626,-0.6325154222493822,-1.481939034144541,-0.7094704007189241,-1.4718157292353264,-0.733664448708337,-1.3032418416176275,-0.7620860441791445,-1.3061244173720647,-0.5001197297772584,-1.0679521036582698,-0.6749034691039292,-0.9869913690111516,-0.9558877528125286,-0.6516487087986316,-1.048019027304321,-0.6485989005723276,-1.423722015250175,-0.3978243602718716,-1.473952106803086,-0.3354235852211537,-1.5410619084871893,-0.25771433343986283,-1.5702549475539167,-0.23368650192917045,-1.5626413997141362,-0.2562163531450855,-1.570997130547226,-0.22083967499255838,-1.5373404271919235,-0.2979632067250571,-1.5437250297220442,-0.2506237172724383,-0.32003494461090365,0.1175148969019118,-0.4534832059825047,0.14766876068701348,-0.751142578802649,-0.5567497673772387,-0.916086526107556,-0.4698858077526759,-0.7879613576269117,0.5639225750811164,-0.8038174546632937,0.41622968340234273,-0.7482823548974286,0.7907103299939872,-0.7474638708188389,0.5984884907029652,-1.0722508702387732,0.5530597795604303,-1.0342570953409145,0.5572109243572296,1,1,0
-0.79561574839117,-1.384526220881472,-0.7708642249624298,-1.487538324772296,-0.7579298194166141,-1.4941078380550274,-0.7449761100010204,-1.4999786020514507,-0.7889993978243981,-1.4824984399708463,-0.7896160040648351,-1.4850922704731295,-0.7896650765337971,-1.4876862533743846,-0.6602059090521745,-1.4816917414127526,-0.7183900077481622,-1.4722487963139,-0.7521545079762777,-1.300401226380129,-0.7748507788695426,-1.3009463067030727,-0.5455675415909421,-1.0666161742703135,-0.6723579998754057,-0.9927508309584071,-0.9860884538816708,-0.6605283872972235,-1.0511913643040582,-0.6460131980152142,-1.4711481689181658,-0.4029501472938337,-1.4955676657867236,-0.34188469203518423,-1.589358260284912,-0.2628879737390115,-1.5975197332284456,-0.23679889533328108,-1.6082159058731527,-0.2733835893366562,-1.605313619851679,-0.23455172169248592,-1.5884375672958133,-0.30646168459518974,-1.5786000104589712,-0.26225948037876384,-0.3352791089753212,0.12211592346385457,-0.45510838861918795,0.15145821192376085,-0.7728059910634731,-0.5767931785664253,-0.9247997849287981,-0.48469553344777255,-0.7858329535849089,0.5546386329096461,-0.8045865614749773,0.4124337298094596,-0.7479594722755618,0.7917311999073026,-0.7357023277610122,0.5902506150748363,-1.0500429872508932,0.550250761709779,-1.0306369085623261,0.5561803009097106,2,1,0
-0.7688812095396501,-1.3842889356821737,-0.7408670273204742,-1.487344219281712,-0.7261743440358214,-1.4938734992358533,-0.7099212984772136,-1.4998944270192869,-0.7622670941577998,-1.4824630326097006,-0.7636965965145223,-1.4851855894436092,-0.7647131992566236,-1.48800009365725,-0.6239469424514754,-1.4815171429905758,-0.6889812733364935,-1.4781655340001891,-0.7291321032830782,-1.2991778690327733,-0.7532503581837836,-1.3006555802642836,-0.5075565964089124,-1.0712400606780461,-0.6557389935855319,-1.0051287770580415,-0.9280882499451476,-0.6999599956956036,-1.0283209521855323,-0.6452505935596662,-1.4198741444075205,-0.43113897873484375,-1.465835845554559,-0.35711280370789167,-1.545344421197794,-0.2875899167022166,-1.5582450957711556,-0.25275039412609257,-1.5703988121834207,-0.2977097164350768,-1.5680818398134806,-0.2454766959937204,-1.544855017299263,-0.33564669731606217,-1.5428078927089572,-0.27381396403339225,-0.3135425452079697,0.10219473625015743,-0.4395563783314676,0.1480507741099898,-0.7585678631124362,-0.5786002239762807,-0.8981953947993082,-0.45961411704445676,-0.8077675344164574,0.5520925540852349,-0.8039087924471383,0.43404654561160233,-0.7404480317469757,0.830334672292204,-0.7370930191795493,0.5995904368693484,-1.0262229263386013,0.5652732363696928,-1.036467388430502,0.5617359546318357,2,1,0
-0.6683438109547158,-1.3986768210229625,-0.6363026383012078,-1.4983956339299926,-0.6214163067228866,-1.5044550170540103,-0.6048470840971774,-1.5101051581387333,-0.660818349720712,-1.4926087401677894,-0.663934400700149,-1.4946462636228635,-0.6664532509082417,-1.4975428600827183,-0.5256215641444774,-1.4871908043166335,-0.5994361077990731,-1.4838023147750394,-0.6217808450637481,-1.3116229214797153,-0.6536789658822693,-1.3099580643106723,-0.38688648083723937,-1.0829721399346326,-0.6045331422149973,-1.0133448088335268,-0.7773773506255465,-0.6955141112870876,-0.9441745710284616,-0.6961095848700835,-1.2165776750248267,-0.48539606072208685,-1.3128343896868193,-0.4438724208363384,-1.3647098821400232,-0.35001344999940975,-1.4075700610096156,-0.3524898316939907,-1.383156964897879,-0.3710227658727016,-1.4210580812208031,-0.3471009024471593,-1.3463207109915014,-0.40353271776387256,-1.3857614633281976,-0.374702997846231,-0.25078789974442556,0.10078535055772997,-0.39417176129147835,0.11910512937436528,-0.7057593841530644,-0.5750313448515764,-0.8742915144524539,-0.3672708047830495,-0.779805269447053,0.5920507517312975,-0.8139042346189019,0.5234450017387094,-0.7385942506523945,0.8900590165978516,-0.7925702073360803,0.6711515077256426,-1.0686075188164512,0.6303221975560164,-1.0765479116513688,0.5801859837698156,2,1,0
-0.5150464978827988,-1.4186941211882915,-0.48074961724606746,-1.514135044153532,-0.46350841675345245,-1.5195855933846811,-0.4453233586280051,-1.5237945481915,-0.5054971783015375,-1.5083464740026375,-0.5090596566694208,-1.5088421262590177,-0.5117272482741191,-1.5097862378901368,-0.36209055850800953,-1.4966961821943212,-0.4633487026308677,-1.4868060477121625,-0.4705356349485532,-1.3316573411295578,-0.5053976109732086,-1.3242694453675512,-0.2204733058435929,-1.1164778667084074,-0.5087160477873713,-1.0158195649390738,-0.572530170903787,-0.7045332856446548,-0.814857845785938,-0.7037745419630624,-0.9919939140440371,-0.5314134382935379,-1.1189979340878347,-0.52457864920033,-1.1085443806064434,-0.43299763659652685,-1.2125724268438236,-0.45492144790072553,-1.1356061708503586,-0.4481865309337904,-1.2136616730958791,-0.45146260083375606,-1.0917710449576596,-0.4780387463537813,-1.1804402212044147,-0.4702119415526104,-0.15187019743318497,0.08641453390179756,-0.3307985792005194,0.09426938011380388,-0.5944416886909165,-0.4803950376584798,-0.7646660571746393,-0.3761239658605253,-0.7748639867804433,0.6130866866250202,-0.8203365888268946,0.5995239909175861,-0.7416038255501083,0.8900171576802276,-0.8007225363412979,0.7310701099208461,-1.0680539041510795,0.6511102301220629,-1.0907147168835414,0.6113729093859872,2,1,0
-0.35482823949887493,-1.4471567627822062,-0.3234291745137739,-1.537904153009541,-0.30905713866606604,-1.5426486378037292,-0.2932243078727323,-1.5469727554336714,-0.34516390949346226,-1.5312054053986113,-0.3472078845050147,-1.53128759924414,-0.3485140452937869,-1.5315241224485783,-0.2098622734245384,-1.5162403343514583,-0.2983363789872205,-1.5055741843042219,-0.31733484122552647,-1.3617066084202567,-0.34564772542968913,-1.3548480958870848,-0.06321341630281369,-1.1385701296762485,-0.37212714840219485,-1.0446786470586409,-0.3862173477511431,-0.73867350013824,-0.6589188489345511,-0.7341282516000244,-0.7530140381779743,-0.5926803649930815,-0.9428564215205641,-0.5877981115282669,-0.8693470822070909,-0.5012296027106229,-1.0305152941827245,-0.5313287044651437,-0.8710557794803929,-0.5284762021078345,-1.0327783173166005,-0.5329491119340397,-0.8487535107292297,-0.5505784218085082,-1.0011509586715452,-0.5394067643713731,-0.04392092564799351,0.07827967997869477,-0.22654183290592653,0.058482240730206456,-0.5098190099469008,-0.4238896644379807,-0.6872301075496798,-0.411164553480285,-0.7585274265852169,0.6269291868449216,-0.8201822594679848,0.5848221636946173,-0.7358569619178659,0.9040083992967346,-0.79935622875827,0.7512520009758616,-1.0316237427052435,0.649476106745693,-1.0895853389022105,0.6083816223649052,2,1,0
-0.1900154569091441,-1.4499605990678117,-0.15750469222345617,-1.539738935032288,-0.14228125411922132,-1.544649991902798,-0.12342868849671164,-1.5497388983735525,-0.18278849446149775,-1.533551130374589,-0.18579177020170506,-1.5338453111900752,-0.18836548403969328,-1.534138425212758,-0.04715909900360539,-1.5181225124544764,-0.14565943133038145,-1.509097546935976,-0.15321313717385007,-1.3697254867257194,-0.18427326684537426,-1.3646324146830653,0.0890370174312449,-1.1400041024028142,-0.2224410813691793,-1.0662926820525591,-0.18513300024570017,-0.735547797223914,-0.5000305255790208,-0.7498690334143111,-0.5252842544199344,-0.5980367824592341,-0.7768179447992413,-0.6255013123863085,-0.651727243048393,-0.5182119281495827,-0.8580787022224362,-0.5691731283705089,-0.6459858657791401,-0.5512607628055053,-0.8574309049924105,-0.5730981130929612,-0.6302556502935739,-0.5699068786207044,-0.8188161550835861,-0.5821212498237985,0.052043690984462716,0.0588140640917598,-0.1180043010890774,0.012019045366196862,-0.451042180849412,-0.42037818892603734,-0.5983628126394132,-0.41562618578256727,-0.7329491895334026,0.6262208364233814,-0.8396638264473154,0.5660998483934522,-0.719978005035694,0.8998948462463451,-0.8209348055913852,0.8057811659276607,-1.0232331633072387,0.6489189361043095,-1.0885959647764276,0.5667488648152533,2,1,0
-0.026993870236187763,-1.4513227918785976,0.006963871888337521,-1.538163129662511,0.02443306124296283,-1.5422249178621008,0.04434327573068086,-1.545804058517582,-0.02220610413397095,-1.5320189619104416,-0.027104207091866558,-1.532102578146375,-0.030896503109423316,-1.5321786252333691,0.1127876860116502,-1.5117338459517708,-1.1733854935585897e-05,-1.5052243270643233,0.008495583155569093,-1.373885013465975,-0.023299109560667507,-1.3714248876617334,0.23470787955042444,-1.1395257220299195,-0.0811593096416424,-1.0695178506958996,0.03879371796743311,-0.7024666539859418,-0.3400841469610237,-0.7460321352976356,-0.3208217297033314,-0.6162041623039374,-0.6319204566629595,-0.6222523695033467,-0.41535013842430013,-0.549434616724501,-0.694882161529702,-0.5856823058012771,-0.43584536176560795,-0.5982453658521517,-0.6765906273225314,-0.5970811393059056,-0.3998773756019845,-0.6148069685292644,-0.6500441488023756,-0.6006728782763998,0.1467188091157447,0.03922266825332359,-0.022494036591607876,-0.016700439295080513,-0.3590133184667579,-0.3000278063974777,-0.4952238620042844,-0.3587249816323033,-0.7155293774456833,0.6293740727519699,-0.844330079769245,0.5301966825925571,-0.7055356624622682,0.8893272983339485,-0.8335309870188264,0.7299752757064863,-1.016027739914292,0.6016553413397129,-1.088895581155246,0.5351262813379853,2,1,0
0.11511187193292836,-1.4147946886934666,0.14959447611678758,-1.4818293576844073,0.16960954109719484,-1.484058141849256,0.1906007722924841,-1.4855953394794772,0.11486884637235407,-1.4785205728051336,0.10800134229983809,-1.4781482621167037,0.10197325176472376,-1.4774586567687111,0.2632050649113103,-1.4527190204597815,0.140400754136701,-1.4565803532116235,0.15255081297363982,-1.327684045933003,0.11666857663155679,-1.3271540531082808,0.3860920775280213,-1.0987995859642914,0.055095734395688274,-1.058857745807883,0.2338818771225528,-0.675363106423717,-0.17552658184962167,-0.7102040513902458,-0.09752350485044584,-0.6403268875744861,-0.43569093080738347,-0.6429533314567627,-0.18789426641847942,-0.5966707796741499,-0.5090639238406348,-0.6074066776508741,-0.22381003053438747,-0.6313591224701174,-0.503542813885481,-0.6197893989182958,-0.1829923026866282,-0.6473441490367539,-0.4619657327602418,-0.62157531167071,0.2484172846681718,0.013342681237083896,0.07312453277524801,-0.06665479030810917,-0.2605648017904387,-0.14054736223633416,-0.3947699780559689,-0.20908768227030605,-0.6959426551757196,0.6371167533206342,-0.813378559765051,0.5621134976849687,-0.703855209798431,0.8824232185081688,-0.8371639753110569,0.7850587665188596,-0.9670217169039392,0.5612405563737419,-1.088443464205181,0.46342703541380625,2,1,0
0.2370074784375642,-1.3160154154483976,0.27417291412331496,-1.3876212916024397,0.2893349862415185,-1.38861467890115,0.30809753487127367,-1.3911451114311095,0.24160037705433726,-1.3859073619644346,0.23596608546269532,-1.3858947128497643,0.2315769950710527,-1.3861304740593432,0.38060246336040016,-1.3706006124222103,0.2763703040999457,-1.3704483658492503,0.27268610975314606,-1.2314512579096037,0.23712086327268164,-1.230094957859066,0.5237323266208995,-1.026290085506007,0.19130566833732707,-0.9927138488078849,0.43174511995724024,-0.5487014760701934,-0.0482742530808894,-0.623482026008209,0.11438665602516111,-0.6121581727977711,-0.24846533941218135,-0.6289998847852949,0.020704772793617526,-0.5808643647026177,-0.31710217879504354,-0.6022998897007462,0.01209219889316512,-0.6176189327600398,-0.30681728017592363,-0.6135799536065824,0.044021205903331154,-0.6317852299956394,-0.27433516649695894,-0.6127418608602707,0.31333660512903855,-0.014407545962705737,0.13824359748866036,-0.1120849238410488,-0.21143523401350625,0.04428475250501807,-0.329031767119254,-0.07912976375320706,-0.6829818338081024,0.7112598691587155,-0.7851047912970176,0.5622110330270051,-0.7042859908924255,0.9088089669125937,-0.8318577479063273,0.6999803132494525,-0.9593535086328924,0.5770274642768668,-1.0575852123718095,0.4343442316034429,2,1,0
0.3317183595275929,-1.2448073514107554,0.369180465212038,-1.3153609126636068,0.39115152019753563,-1.3170162194970751,0.4126850885342737,-1.3179609915237394,0.3325998351812478,-1.3059812639377633,0.3245281760318395,-1.3033529404681659,0.31780880376004145,-1.3005378774582947,0.46952929546903505,-1.2848887382257963,0.34463407079951824,-1.2678385444446696,0.37230118975994764,-1.1635328780800864,0.3255177533562515,-1.1628775625007788,0.6103871948559717,-0.9317981509389873,0.2772139848085614,-0.8991654670757537,0.5880032402558528,-0.392089891756013,0.09853472456067856,-0.491739210731842,0.24328489369075937,-0.5700516576440399,-0.07845453268779265,-0.5823335923913572,0.14370903101940163,-0.5633469156735473,-0.1355352628269925,-0.5898943085875347,0.14985457036221825,-0.614226430045518,-0.1374971455923309,-0.6076807926017225,0.17138346513048372,-0.6193442923209396,-0.11308851985043768,-0.6086067687551815,0.34545336767262486,-0.0444575752482644,0.15634392178571355,-0.15564400439592152,-0.10020918113314678,0.1351086470162629,-0.27510407011001337,-0.02999714799683595,-0.6516599843021136,0.7092079694006226,-0.7783004819981961,0.5620035672265483,-0.707857003602737,0.9162787517221851,-0.8389713255188562,0.7083825765686387,-0.9115303048433613,0.6795399535380402,-1.0536431589645008,0.4231045026255114,2,1,0
0.3656671609124315,-1.165675963223052,0.4021386732793184,-1.235102483278809,0.42157746694719334,-1.232969202469704,0.4429519307572343,-1.2304967323487361,0.371697893029726,-1.2367140008076754,0.3637142188867798,-1.2375331452818101,0.35671179092444666,-1.236194472712359,0.5121997884182293,-1.1969724129003856,0.3888283502694037,-1.2006332902044796,0.3960898564840213,-1.0862553217866218,0.3587086238540148,-1.091239682562631,0.6444833152470112,-0.871278690397113,0.3101335851362857,-0.8522313588884742,0.7387561000923927,-0.30167462968817527,0.19436218211839595,-0.4413532658303018,0.48738253023292905,-0.5476490087700308,0.0672659098969221,-0.5170464824115611,0.3977552724492946,-0.560177525053934,0.021416983989113236,-0.5335730333251295,0.3829553002884016,-0.6091080597735233,0.021928638137546388,-0.5710569828622182,0.3992934860726619,-0.6168620178661106,0.045907092381332774,-0.5449795883776691,0.36788649634102044,-0.06884831951078425,0.16988507843844797,-0.1605309314292088,-0.05619778042957977,0.08339093829866598,-0.24913955246400868,-0.006943044317474662,-0.6724837798269069,0.7070046866637438,-0.781145567605538,0.5934804572866493,-0.735420084864994,0.9163588119821067,-0.840155770328712,0.7977714823601715,-0.9655512700234243,0.5322924732545665,-1.0737632776362267,0.4138833488304771,2,1,0
0.3731877453793336,-1.151469178660576,0.40954546651384455,-1.2223091991810022,0.42854697673158915,-1.2236622988531294,0.451362118822961,-1.2250859592492611,0.3730560726675843,-1.2202079729556605,0.36485903996393326,-1.2194083355499332,0.35763228071491615,-1.216897410088381,0.5195198158380688,-1.1909598670604082,0.3898158956075233,-1.185986275811749,0.40863412066169097,-1.0777363208549355,0.36816731684663384,-1.0795585045626697,0.6421067040793884,-0.8404773341799294,0.3207714397744002,-0.850316110208547,0.804739165377345,-0.3446209647765666,0.18223731991148326,-0.4362467826781178,0.5814427693121226,-0.5248980774454995,0.1262306977264604,-0.5144231881080377,0.503982435851654,-0.5567399122437204,0.11212058491184637,-0.5273334130169735,0.4667722964674699,-0.6037180129342311,0.12722433902345726,-0.5681111107347719,0.4953566540403009,-0.5954281184570162,0.1370420839939482,-0.5469272472389606,0.34003792100467733,-0.06328189626130937,0.15128996547918877,-0.1546914092220317,-0.10851533150070117,0.17698605571552292,-0.2587849849969018,0.024781748070302444,-0.700485566929699,0.7128901317611298,-0.7754185158396467,0.5928871172892606,-0.7640247623007492,0.9358786819030495,-0.8406622429120995,0.7954765570415042,-0.9673486634983908,0.5077657891090832,-1.0520704015741622,0.40595717989960656,1,1,0
0.35904999755114253,-1.1706538216429254,0.3965484757902221,-1.2414889145965926,0.4164950628325746,-1.242317965003903,0.43611754806128494,-1.2428947951126657,0.35974229528097246,-1.2393418162806995,0.35087470710082047,-1.238857390748585,0.34236535810402335,-1.2366960177289874,0.5008999126460421,-1.2047787454396601,0.372535071382206,-1.2046667829949476,0.39526466685066663,-1.0950641855629226,0.3530158110571509,-1.0963462673141295,0.6289843398015232,-0.8382863449601199,0.30577294255273707,-0.8583177674301812,0.7943171076834862,-0.36412508680374306,0.1903843657523406,-0.4371522357700233,0.5691793256400663,-0.5187956162120824,0.11993296261034098,-0.5054619253598047,0.48596135902000553,-0.5482472255345212,0.09551112895754699,-0.5167589563511826,0.46651362461244394,-0.6017977858878875,0.10854916580427644,-0.55597395501079,0.4824846304736627,-0.5938826912823106,0.12652777412241323,-0.5404787387399431,0.33045263526604,-0.06070615043702873,0.14522590878669847,-0.15253953573835136,-0.11739978516708033,0.1730844388354336,-0.2537027840809123,0.011349912280100606,-0.6976430213052227,0.7119369269913522,-0.7509284074474272,0.5848124101604136,-0.7620868569736615,0.934769826983272,-0.8044545839652842,0.8050484316706115,-0.9898635796150564,0.5116436317495512,-1.03382763503801,0.3960983888060086,1,1,0
0.34447415347830423,-1.1726615256991582,0.38113667255667927,-1.2427740951268955,0.4011661646397628,-1.244532068067789,0.4202713061584212,-1.2455543095718515,0.3448421461958628,-1.2404443212433132,0.33593452788574996,-1.2420283053579175,0.3276901499014854,-1.2429697754068563,0.48557264004226425,-1.208216561448503,0.35869277436093383,-1.2061000953259682,0.3798065343296565,-1.0962663086535225,0.3383637674983466,-1.1025199496670963,0.6240994447545284,-0.8478440972844947,0.29111155185698756,-0.862477141771465,0.7781181129602571,-0.3701374294450911,0.15877702217226577,-0.43792154578033626,0.4972746459017228,-0.47459117681073476,0.07827744681421399,-0.478384692020067,0.4054182991552958,-0.450735454539011,0.05608714050776347,-0.4850113041176157,0.38513419918977115,-0.5139155979321893,0.06677640439907641,-0.5207162496556845,0.4072355044966134,-0.5126638943760543,0.08808015508614096,-0.5078247190206391,0.3263978066195017,-0.06683726267716912,0.13508182681764375,-0.1653782347297937,-0.12250128995284788,0.171106503378385,-0.25617022503580655,0.0032930866306270226,-0.7027278638033924,0.7095499526936381,-0.7523245852289538,0.5827631519845009,-0.7680936116527054,0.9164197715708795,-0.7988194795791252,0.8037569011831448,-0.9925130865417522,0.4974766233187492,-1.0358157304265208,0.3976168921623394,1,1,0
0.3248858056193067,-1.2150702480142306,0.3584223169854118,-1.2958431763282712,0.37420089374473775,-1.297359088902079,0.39465527416156776,-1.2980275107929728,0.3177500793561903,-1.2887046052843454,0.3079229872487542,-1.2857494368196112,0.30062835965757,-1.2821813704894238,0.4577256902949551,-1.2731061133101857,0.3285533376785084,-1.2473283860041124,0.3666614118053161,-1.1389941544158206,0.3222249195693733,-1.1310389788806257,0.6182873543622991,-0.8775052043936828,0.27349341790712733,-0.8642893687463661,0.7025058710327511,-0.31994574243310697,0.14846916210804142,-0.4376355437096771,0.3701487066803795,-0.38714952348323495,0.03506522631945856,-0.4554612450593088,0.2648794216162702,-0.3437936415576049,-0.022825250357273497,-0.4487777373455721,0.24161074018442863,-0.40995013687261594,-0.01889965603893352,-0.4942401794605613,0.26307359539819025,-0.422702781244574,0.0025412537228698645,-0.48961883303569426,0.3186392765577564,-0.06469189154962456,0.11677119193932435,-0.1646989417122353,-0.1285968424328708,0.13811497073590884,-0.2622521632076702,0.0023986062647005984,-0.7025949718998676,0.7046843615164213,-0.7537510396062377,0.580474322624711,-0.7678081175786193,0.9035818853739541,-0.806465742398214,0.8030765921724402,-0.9986033558574148,0.5005829207639826,-1.0570636014905435,0.3984626048572476,1,1,0
0.27223094482364235,-1.2633472959421752,0.3014488757224521,-1.344246156606689,0.32004053430501417,-1.3470346513957867,0.34197562313313584,-1.3514544755801023,0.26872333008565463,-1.3391574533345636,0.2603745080059593,-1.3367953200692744,0.2535565843989785,-1.3323852494191626,0.40516633285503484,-1.3277570450405585,0.2908410944814655,-1.295184863569182,0.31574369609104774,-1.1761353586650343,0.27444377789609553,-1.1660412635587731,0.5814813770516787,-0.9102159165305457,0.2232385361214487,-0.8749341321378749,0.5736259212437846,-0.3228912081632947,0.06685036870012076,-0.44525427311450344,0.2646666726514531,-0.3443121028601177,-0.09080189739372613,-0.44304418322354505,0.1526174621240314,-0.29651876926908527,-0.15459123027737415,-0.4101316948478443,0.1417951031305645,-0.360973374464874,-0.15082006691725863,-0.4658488605855109,0.16411261177892095,-0.38767154076175947,-0.12712934193247993,-0.4700052885466706,0.30039874520652576,-0.03510190396067139,0.10078311739324919,-0.14715436566616097,-0.12807949872281885,0.1395780008664564,-0.2721020135615815,-0.014160862826805082,-0.7045956656033914,0.7042584571895286,-0.7588494964125666,0.5799915226816302,-0.7672999178068833,0.9043969150758466,-0.8069317784543821,0.8166338015168848,-1.0058616108939646,0.5048376968616958,-1.0560107277931223,0.4131335458885715,1,1,0
0.21927270847451868,-1.2927764518160827,0.24862901763984271,-1.3677187478629755,0.26691791026483314,-1.3706538504630719,0.28876095011390784,-1.3760719387131997,0.21417364207230202,-1.366364632197702,0.20616050412811562,-1.3663301392303882,0.20016350298327543,-1.3633877722792964,0.3512042952774521,-1.3582133191856307,0.22984045958554447,-1.3258712601618716,0.2623453315109843,-1.2083060704446844,0.21764955782412787,-1.2062923720288892,0.5169223277604593,-0.963389441827352,0.1673363580318566,-0.9143149408789443,0.4810350114526452,-0.3872794690066356,-0.008824052007933578,-0.5059160742961623,0.13138930132704515,-0.32509174771867866,-0.208576838895949,-0.43406575019114113,0.032842842911431004,-0.23270363015952344,-0.2593340276931156,-0.39213205547158086,0.00666049633487815,-0.30326272857502173,-0.2603240114147861,-0.43101025240321844,0.031583214608755426,-0.3322760384541841,-0.2361594272266134,-0.44143332609022345,0.2902105691349254,-0.034071686910410834,0.09148617050950732,-0.14209817417471454,-0.1530505782704559,0.13846304998780162,-0.296348486797339,-0.01589272474384073,-0.714855164393856,0.7029785090239287,-0.7879408345653581,0.5807346200687709,-0.7729839930626897,0.9058579132201018,-0.8292831196745075,0.8180444064010878,-1.0113425891198429,0.5226821940845323,-1.0761011794649786,0.43120806395971084,1,1,0
0.15610983696482594,-1.330901645427404,0.18972579899496497,-1.4060401297508307,0.21073105089567198,-1.4101337185358973,0.23294411544859767,-1.4135339427983302,0.15350828491463148,-1.398165928869389,0.1455280651483824,-1.3975883367657667,0.13910272129309856,-1.3959755492454673,0.2906484621809434,-1.3941888744981934,0.17313381812278045,-1.3638664066504775,0.20206280057080708,-1.249236979928932,0.15594727806143177,-1.2519495800300076,0.45152752250716455,-1.0044156514687144,0.11162193547568476,-0.9402024462444659,0.36129493600701607,-0.4432429114829444,-0.09622303362329247,-0.5436652996437273,0.012026565735919724,-0.3244477096632939,-0.31466887520986203,-0.43551780759570957,-0.09842509716839576,-0.2326853422828916,-0.3682090724331369,-0.38687744051867895,-0.11305194409717399,-0.29822401216569017,-0.36715345555422096,-0.4225602374061602,-0.08655077887133932,-0.33018898533323215,-0.34615064203706486,-0.4353955836202201,0.27172660582586194,-0.019796373610222497,0.08015825332648453,-0.10794393897571154,-0.16337814860171682,0.04357965326154586,-0.31438236514262985,-0.08635550700907794,-0.6970005072395572,0.6941479029942988,-0.8009127302582691,0.5820856877546057,-0.7570932506600219,0.9106599032263656,-0.8615120478614358,0.8095309934317058,-0.9959918470743875,0.5639672787795499,-1.0877010780132428,0.4315453736842538,1,1,0
0.07758474268712558,-1.3743218905188468,0.11560666059513437,-1.4534375816124412,0.1353118476659465,-1.45456548640371,0.15715793549445986,-1.4558280610865098,0.08275005184247534,-1.4490460020375902,0.07600731172831439,-1.4474745146386845,0.07039354319822595,-1.4450603117246517,0.21626232078228788,-1.4287328954677412,0.10535244496903008,-1.401979814741303,0.11537907813038253,-1.2861926638296468,0.07691723519006326,-1.285927794416429,0.3807201153667317,-1.0235477168057474,0.03841536211978318,-0.9556254254026172,0.27184466422945197,-0.47578689914451355,-0.21109467311089544,-0.5630905806027576,-0.08809122767962832,-0.3019529102109232,-0.4272522949335628,-0.4334679398239091,-0.18860363283316572,-0.19668179635915067,-0.4860994307567696,-0.3669828723254126,-0.21342759657323104,-0.24826884835814453,-0.48764882030474527,-0.3995811140209895,-0.1894798253224603,-0.2866374231276414,-0.45728972590410844,-0.41273050371654396,0.24650315358070546,0.04117357829268289,0.055745970009264956,-0.04692826738122655,-0.19791805479902247,-0.02732610201544048,-0.3384386444614162,-0.11955511504789867,-0.7025189756125308,0.673004679224336,-0.7978566228744587,0.5768590126132246,-0.7605531137201375,0.9047181721086793,-0.8498839047037069,0.7990132291834737,-0.981062132588723,0.5087080211528817,-1.0577709359189373,0.4359194273773324,1,1,0
-0.0022501699546733163,-1.3872807814994863,0.0315269285884552,-1.4599940901829012,0.05139020419281815,-1.4614077938462,0.07068960360103257,-1.4625218811306804,-0.0002840200181208218,-1.4591522890616058,-0.006110740711655627,-1.4598562707126173,-0.01200472015146977,-1.4602025719765042,0.13429077455400185,-1.4348459738295363,0.032819881466326584,-1.4276589399125361,0.03998913550326799,-1.2905898313668018,0.002354107785337326,-1.2914477867791219,0.30200624956246486,-1.0534859868452224,-0.021002965050224847,-0.9989816121261911,0.16252847526534475,-0.5481739724286793,-0.2724645199161505,-0.5908919122578018,-0.20653001910358715,-0.26558035557647747,-0.5205304224888012,-0.422776034350416,-0.30019971041737614,-0.155407481191483,-0.5723564360757845,-0.3522424373628877,-0.3224613394426909,-0.21805280579249456,-0.5663856475541166,-0.36336908630364556,-0.31149186464165224,-0.25217940597792055,-0.543458543018032,-0.384170834777166,0.2248222662377664,0.024186376086621296,0.04947952748204892,-0.05524173289943368,-0.23715916448248753,-0.10186037521481395,-0.37638253409579575,-0.16078675850342536,-0.6680040628466221,0.6308923729096715,-0.7796961517831497,0.5477806791727046,-0.6973294858203012,0.8717229818908768,-0.8229280825449417,0.7544739184411341,-0.9202180622366335,0.5575010919997883,-1.0316016956539706,0.4350930185522023,1,1,0
-0.08803392566618189,-1.3967294161599577,-0.0561270673066033,-1.4710355988980062,-0.03749294021052952,-1.473807279000534,-0.019371889653293586,-1.475441707174848,-0.08447713685991742,-1.4687322916358827,-0.08878271261494128,-1.4695077992043877,-0.09238562751004382,-1.470162047990892,0.05081555846931976,-1.4468942301532246,-0.03730051110863667,-1.4407199890040274,-0.045268945354389675,-1.2989007061024862,-0.07779373074549534,-1.2976891850752839,0.2297134604422678,-1.0534418927426767,-0.08980927208987546,-1.0083084292084317,0.020664336266398225,-0.5405800332566205,-0.3514039361988767,-0.6085748665703904,-0.3159587801082948,-0.24164538583934905,-0.6100292587387542,-0.41692594581451825,-0.3987778678191522,-0.12355304807824906,-0.6663762386277586,-0.33741483018841767,-0.43252712815007444,-0.19387054332357773,-0.6577825621998258,-0.3387604115112629,-0.41809880628206636,-0.23620941610984797,-0.6337872424698123,-0.3563188050641258,0.1935398372658507,0.02772833139295103,0.019009283431216325,-0.055307772453937566,-0.28193215364845625,-0.17395565526738713,-0.443053629939364,-0.182980519186573,-0.6808972190707014,0.6328058944012501,-0.7962784807204452,0.5534432153738112,-0.7075113627343951,0.8628803871421217,-0.8231798456465733,0.795379224898097,-0.9317667547303284,0.6206151958384627,-1.0426234941020394,0.4881071345243677,1,1,0
-0.17942596354478935,-1.4040777897885766,-0.14306397523906428,-1.4822185338590643,-0.12492240162027482,-1.4858176895795259,-0.1062305661134961,-1.4897751860826571,-0.1729169018542575,-1.4795565302166702,-0.1773840205195293,-1.481047246160452,-0.18088371051097657,-1.4824867052500075,-0.0362036449079845,-1.4647385749770891,-0.12445870234834294,-1.4555244315347637,-0.13696781316315362,-1.3104223223788345,-0.16852699866809792,-1.3043905742683939,0.14832428148539137,-1.0641701707708044,-0.1743374634712933,-1.0086658555972694,-0.0897137687341314,-0.5413082971438264,-0.4520675211325707,-0.6120376760106301,-0.445207738607966,-0.23579550050208056,-0.7025191788111601,-0.4099940277765324,-0.5283686064132096,-0.13570839007954816,-0.7679749436532276,-0.3178235359492961,-0.5621383898056853,-0.19277936668454437,-0.7680285880913477,-0.31998363897746074,-0.5373790432297192,-0.23406810895488825,-0.7387946045008278,-0.3423664759851187,0.1497724781160042,0.061319299991693214,-0.030186527098849274,-0.02798283998515293,-0.31389346924067185,-0.22186765685789728,-0.4892136529485434,-0.3402719045148848,-0.7001133070409263,0.6293952054094112,-0.797427772167442,0.5635218673842498,-0.710781438274798,0.8621537488439497,-0.8019434553051028,0.803723576607949,-0.984103304873284,0.6267824774346084,-1.0515395451552656,0.5110029464715489,1,1,0
-0.2604510105580628,-1.4027534427224873,-0.22536307765768954,-1.4877577284922208,-0.20813467867871685,-1.491161102333407,-0.18906245533799576,-1.4953490260820992,-0.256449419952386,-1.485469915125577,-0.2609187738025795,-1.487056134425103,-0.2647506935528386,-1.4888435203675792,-0.11834181401224955,-1.4698362697885585,-0.21213931726383223,-1.4580982977717238,-0.21747104609653178,-1.3151738683253889,-0.2511843402700781,-1.3086425563849549,0.061877285448034586,-1.0633884656441077,-0.2639053872551889,-0.9967447000161727,-0.21075451860554315,-0.5391476861190887,-0.545856286843096,-0.610336801884554,-0.568609656551178,-0.26241025376166194,-0.8267633550725833,-0.3675385189770768,-0.6492425302100131,-0.12800858442165403,-0.8812997335757204,-0.2679264869497139,-0.6820755679216799,-0.1683975631617112,-0.8838544483418744,-0.2774668657912885,-0.6516607970966306,-0.22544964229418782,-0.8623905771349666,-0.2940793697250265,0.07574315351029887,0.06591687217693885,-0.12202458596864449,-0.00640964791571254,-0.33884727690482325,-0.32023865325716033,-0.5521284189319308,-0.3965088523461543,-0.7162716620383069,0.6190296369344819,-0.8127004859392681,0.5639152599304638,-0.7122784025764292,0.8612568300944724,-0.8134560800421071,0.8044416805636928,-1.0068584017697146,0.5545457711360823,-1.066945862025819,0.5076444795274253,1,1,0
-0.3595066847385592,-1.4018816190037213,-0.3261567097140989,-1.4872610602426943,-0.30732405755725495,-1.491044009123306,-0.2887829954333743,-1.495720828773956,-0.3562784681157802,-1.484628977598456,-0.36084474771212244,-1.4861401150044768,-0.36448037758653307,-1.4879095686679225,-0.21503936810038424,-1.4718610933293048,-0.3107134106930234,-1.4575782616798345,-0.31672951250901243,-1.314799779648953,-0.34909763175697195,-1.3081707799675106,-0.037012578650999745,-1.0646588634741332,-0.3531904585471787,-0.9917969149934271,-0.3271802212095944,-0.5422554059547268,-0.6454475926102762,-0.6089812638288759,-0.6884761215441961,-0.2640431579462564,-0.9322341115775867,-0.3263097203023595,-0.817001489725134,-0.127005595987712,-0.9942150782602892,-0.2276289475928159,-0.8331490751951647,-0.15685425543169113,-0.9955483660660652,-0.22395694516377085,-0.8004556349417876,-0.22044973682304161,-0.9656751195879477,-0.2431909146133691,-0.002367212365117119,0.06479480934626058,-0.192737099349221,0.009092375509214061,-0.4403382866567936,-0.3817589686473696,-0.6323687128390689,-0.39970343959579363,-0.7299077124508977,0.6215119113893108,-0.8190264656648523,0.5642247314428004,-0.7134138765166375,0.8817217768400231,-0.8218711448749356,0.7706599084520916,-1.0109807939604762,0.5708910688723661,-1.081449570585276,0.5219181672385798,1,1,0
-0.46812813758928556,-1.4015788530461497,-0.4362828484143675,-1.4875990303627822,-0.4169844649992993,-1.492028709680616,-0.3977600458852754,-1.4967189404407963,-0.46504784956859524,-1.4839978426560283,-0.4692371957076923,-1.4854591963978845,-0.4729563402187217,-1.4872637018248744,-0.31809358490711875,-1.474017843580087,-0.4122107196025002,-1.457229877629998,-0.42565373131731044,-1.3132891502395054,-0.45458820012832657,-1.3055649099464448,-0.14087898037881738,-1.066137946296391,-0.4363525455441978,-0.9914676316147394,-0.45434497136912305,-0.5707604144628384,-0.7479245221113321,-0.607280592901429,-0.8463186831543289,-0.2589341348112068,-1.0543914379166872,-0.3066697599915343,-0.9675045168470199,-0.1162389134186576,-1.1446642577454258,-0.2090194075308805,-0.9894665294935162,-0.1423160031052627,-1.1395937407506176,-0.19823585947559894,-0.9601795110607639,-0.1849271620547182,-1.1013269684943714,-0.21417760473420677,-0.06606551226286442,0.07049514049240642,-0.2589672541673325,0.04820831483706562,-0.4865643492204769,-0.41806761731291847,-0.6996719596182112,-0.4292976943559609,-0.749043740161201,0.62526600606457,-0.8726988435964494,0.5301995273733665,-0.7243366156329503,0.8944861051331625,-0.8401021258905919,0.7287203209722833,-1.045900884793095,0.6421268187232426,-1.0965392023921545,0.5263166047671676,1,1,0
-0.5715387647917117,-1.4002944853103638,-0.5370183656628134,-1.486250350260841,-0.5187961221882146,-1.4908650419306004,-0.5005114967344383,-1.495846862723744,-0.5653036148533991,-1.4819983173446225,-0.5688717827829012,-1.48303879592566,-0.5716558072021556,-1.4846464018809136,-0.4208978673998847,-1.473878855717685,-0.5016579434006256,-1.459048962558636,-0.5268885075978057,-1.307079400129848,-0.5549902684261852,-1.297357768110989,-0.24193514506420827,-1.0687259856377407,-0.5323903136831813,-0.9917284370553724,-0.592524103226753,-0.5886906615072155,-0.8526745330784117,-0.6274509016345776,-0.9991744456049014,-0.26567281095278295,-1.1775217808919163,-0.31075943720298776,-1.1237298205670099,-0.13106062783287958,-1.266565960208939,-0.19524315006411228,-1.145046271168402,-0.14371990243470062,-1.2654168719605714,-0.17551195356875707,-1.1076831232163982,-0.18750798784472988,-1.2291819843974376,-0.2016018447690045,-0.14858894596817365,0.08259419647340531,-0.34470183581056435,0.05738984489939763,-0.5454500927832397,-0.43431172213183944,-0.715063646187459,-0.47411274563818284,-0.7579495296836506,0.6221032194004071,-0.8198397681783962,0.5060339271920477,-0.734889330045412,0.881151601486368,-0.798818768383923,0.644124667645957,-1.0543803635913935,0.6432104770129939,-1.075125216448726,0.5397752627764294,1,1,0
-0.6614033585743018,-1.3815649056582033,-0.6304446250187696,-1.4755302509775405,-0.614971862196454,-1.4817694140887807,-0.5980687842228989,-1.4885425323980135,-0.6554713809908193,-1.4683373243002922,-0.6581021936436247,-1.4693976147476808,-0.6602270417096157,-1.471238289530676,-0.5184258942857344,-1.4707694086936984,-0.5898554956289084,-1.4586565860055682,-0.6142966331514805,-1.2933178745637,-0.6414600227100171,-1.2819210730453638,-0.35118123050122674,-1.0687703845382301,-0.6037788689032484,-0.9846548895728042,-0.740270842542276,-0.6032053427926517,-0.958951378545621,-0.6264479132006356,-1.1581575611209736,-0.3133244134999185,-1.2924604759271694,-0.2938263874316193,-1.2950859038162998,-0.1816928494730619,-1.411413461482427,-0.18265438538663845,-1.305299378117241,-0.20270765170934335,-1.3965651280477742,-0.16843718689441353,-1.2683559369339379,-0.23591213651526588,-1.3562602735402234,-0.1867886646972107,-0.22146654074333127,0.09796332799480717,-0.39331507587059106,0.09079204197157333,-0.6071481053747219,-0.4784180165952628,-0.805980605670897,-0.4789847375722207,-0.7656241387115187,0.6008075966585122,-0.7764698655473485,0.4674639825809712,-0.7409170141832679,0.8705690168754074,-0.7237207205877155,0.5969348339837754,-1.0569056145563072,0.6789667302049466,-0.9862727550383938,0.5877106322093024,1,1,0
-0.7497071836856785,-1.3658313373952546,-0.7200830587270125,-1.46392197048582,-0.7052914177099184,-1.4693055657686338,-0.6899411836610362,-1.4749064819854227,-0.740642492835161,-1.4595603627087825,-0.7416798218374451,-1.461843096109695,-0.7421418955203429,-1.4642624805887736,-0.608534732820674,-1.4625419977949754,-0.6700301563788011,-1.4564636663987809,-0.7075989413435987,-1.2784748750930648,-0.7312309419245262,-1.272877718050917,-0.4462097110487618,-1.0686906290762523,-0.6667552040712963,-0.9791951456036818,-0.8798261371164523,-0.6020643824894539,-1.0341593568002487,-0.6378342499895657,-1.3424355532003809,-0.3167440432314442,-1.4201896102794198,-0.29496470615263704,-1.4532382417367131,-0.1889870706669876,-1.5156098577841348,-0.19760980449890214,-1.4728596093729627,-0.20057833327350894,-1.51397299122627,-0.1712362480122319,-1.4356127926362001,-0.23548318420893452,-1.494293508782057,-0.190578928728475,-0.28192240011425257,0.11367444280922452,-0.4339379362329066,0.12915411438493443,-0.6884143491609064,-0.5465423890351749,-0.8867747174420361,-0.5231929361482093,-0.7720285531079905,0.57847017454449,-0.7782500887381439,0.4527267987965142,-0.750136339190639,0.8426554179777067,-0.7353485589475006,0.5750070603063065,-1.0553952391451462,0.6454771577221965,-0.9986116870012138,0.5850034168719018,1,1,0
-0.7998775348415921,-1.342243176918586,-0.7720714280187607,-1.4481118979389616,-0.7593997583005558,-1.455008764213403,-0.7448361061454721,-1.4628365342080627,-0.7906458147178371,-1.4426540335571596,-0.7910364640825562,-1.4457229424546123,-0.7907971976966229,-1.4488804459544147,-0.6585882447647732,-1.4561200575167315,-0.7211573698798187,-1.4510711303762804,-0.7527297632956638,-1.2595249265274906,-0.7776772718023087,-1.2591950843525723,-0.5290609041430395,-1.0644574936325535,-0.6610623912744324,-0.980527315816997,-0.967445995641798,-0.6048429205457188,-1.0689753083353806,-0.6362302000103237,-1.456366078236646,-0.3318342846342104,-1.4904019502341153,-0.30501033838582364,-1.5682541522510784,-0.19619676123114832,-1.5876589101485552,-0.1994349345867602,-1.581137554940954,-0.2049101216517051,-1.5914171703957138,-0.185044204465162,-1.5584935060954046,-0.24077142853497613,-1.5659877763398198,-0.2136192149010478,-0.32514478054047014,0.11804422933108907,-0.4424015655381241,0.14316852064517513,-0.770583201258187,-0.5733020229174063,-0.9136468217655533,-0.5188830932219713,-0.8334380236459479,0.5546955285258341,-0.7835769408037416,0.4314596238627133,-0.758314880819029,0.8152443292901231,-0.707101917496471,0.5861362492299299,-1.0997091010083409,0.5794252081019308,-0.9842594630198571,0.6084427851523072,1,1,0
-0.8082420032157391,-1.333886379292693,-0.7827781669921885,-1.4432387376128055,-0.7704314118821428,-1.4497901154178772,-0.7575238285553871,-1.4567010023977365,-0.8020390602601615,-1.4383709620503242,-0.8032828390697561,-1.4413040834637856,-0.8041127022715834,-1.4442214569834806,-0.6689261782261254,-1.4465897370073044,-0.7376146300608153,-1.4429658418537326,-0.7661455463941554,-1.2495554429806126,-0.78890094808853,-1.2471513491983848,-0.5500062124481199,-1.0572134625000509,-0.6802671001214198,-0.9799696371790404,-1.006706713992985,-0.6245234189830778,-1.082393326618794,-0.635249665024913,-1.480961037121555,-0.3500706504135416,-1.5032055974620133,-0.3178374550553992,-1.598327549379,-0.21707745237212955,-1.6038612576491669,-0.21291350606168785,-1.6194523836730164,-0.22959387833759295,-1.6168828354069276,-0.20643654975457637,-1.58419356072545,-0.27113560290134403,-1.5849812602117093,-0.2404030294201591,-0.32098794618205195,0.12736271526953066,-0.4342961754162615,0.15243681652219376,-0.7639869673557101,-0.5600675945955137,-0.9024351341984574,-0.5093599862638823,-0.8233646547998696,0.5303041746674265,-0.7928698237148987,0.4236033552603023,-0.7492325116877675,0.8045851387959382,-0.7334088248327496,0.590241064739262,-1.090316345970911,0.5355682383565883,-1.0235241437443143,0.5554719504881706,2,1,0
-0.7775963987478701,-1.3343978810421542,-0.7485849176563709,-1.443816329716428,-0.7345658378276576,-1.4504093632404942,-0.7199290341660465,-1.4575056181698802,-0.7710428365575341,-1.4394606146996383,-0.7731317184661491,-1.442750400507078,-0.7749905795264616,-1.4461211609682707,-0.6346587613906343,-1.4455112094829414,-0.7058766297621374,-1.4456188031571253,-0.7348169913334016,-1.2499578270661704,-0.7612515074088447,-1.2474771274007181,-0.5167901453203305,-1.0577368005696655,-0.6628984940882696,-1.0026366474696944,-0.9473406088706924,-0.6590048039751616,-1.05064354079962,-0.6376394841034365,-1.4094324780459397,-0.4276978099486184,-1.4540986863322414,-0.3661902960720514,-1.542142518797502,-0.2943869108503854,-1.5634833532344035,-0.2653997119950807,-1.5606263805072509,-0.3051455670735847,-1.5751095660051544,-0.25072470699117194,-1.5285621448093238,-0.33900099868828626,-1.541615523152561,-0.2765738078157668,-0.30634728174648523,0.1263875650477949,-0.42585510115888997,0.14897146709908854,-0.7483071451301961,-0.5572033067177085,-0.8897205895694823,-0.5053184671275595,-0.8201110383484352,0.5325287932603757,-0.7963237940147663,0.40416273280476417,-0.7454627707180567,0.8061142084809896,-0.7346178566767438,0.5924681217157621,-1.0866552146685307,0.5432294362749263,-1.032931732281679,0.5353778412409879,2,1,0
-0.6737344673898958,-1.3677716811058933,-0.6428986690050555,-1.466480952423188,-0.6270008146503642,-1.4719924612431101,-0.6107349675781142,-1.4775166699773599,-0.6709077712585004,-1.4621833522143621,-0.6756449409020358,-1.4640733026649486,-0.6793293384474647,-1.46614506508905,-0.5335117669179719,-1.4565888367543944,-0.6283579782950762,-1.4534565806842752,-0.6224511973416198,-1.2765900554078666,-0.661529138525803,-1.276634251109727,-0.40290117440374534,-1.0727578528391746,-0.6205955874593754,-1.0208596021394956,-0.8054086015295787,-0.6793291372692764,-0.9679835576154596,-0.6998108479017394,-1.2569795568778408,-0.46319366409719637,-1.3497055937574267,-0.4578632560555869,-1.39530377255675,-0.33699847619709933,-1.4444575209705623,-0.3653212155347803,-1.4104599519147054,-0.3511387640081559,-1.452159358614749,-0.345952017397421,-1.3728872045766378,-0.39000100984739794,-1.4196883192610779,-0.37246446014717866,-0.24493151205102132,0.10966960102547989,-0.3911319097980074,0.12597446223454445,-0.6928652119358388,-0.5421661001571746,-0.8589332540577165,-0.38314021132964693,-0.7752466097993074,0.5906503067785568,-0.8514279094880076,0.5056691856525569,-0.739009995047825,0.8702095585002771,-0.7853827670218216,0.677155417623877,-1.083659254078976,0.6596689563857661,-1.0777936208479413,0.5585162723514848,2,1,0
-0.49044320785409107,-1.3903880949378657,-0.46021883414464215,-1.485949514690247,-0.44045553226586664,-1.4935598621516173,-0.4170698084235812,-1.501752627684054,-0.49554125826316153,-1.478764614358854,-0.5016807016471009,-1.4791501329581849,-0.5077213904972282,-1.4793351961097676,-0.34843926819822557,-1.4813574796676483,-0.48037187099430523,-1.46411653317332,-0.4443329685090761,-1.310011657949135,-0.48503223155598685,-1.2991407852829364,-0.23044629456682525,-1.1025642469682713,-0.5140682996816244,-1.0233994834057147,-0.5820030878004531,-0.7011513492588537,-0.8111057830969713,-0.7269957765149758,-0.9965784815170112,-0.5139070635897611,-1.1282665347627974,-0.535314851974998,-1.1090559331555618,-0.4058064088257839,-1.2272995522961332,-0.4554341180423049,-1.1292765335494481,-0.41762271391419153,-1.2270301109137574,-0.4431203827095111,-1.09275970788824,-0.4556897419178922,-1.1935477519823452,-0.4595569166303249,-0.14399259297470346,0.0957289558676543,-0.31724665302043514,0.09523497999996526,-0.588293710964549,-0.44070851657971466,-0.7600310964416129,-0.39638866035695725,-0.7779367564518517,0.6208092505293895,-0.8527421982219495,0.5810705074029091,-0.746290195536333,0.8947791175565305,-0.8414924109118705,0.7338401136346828,-1.0827527849939242,0.6536130276384454,-1.0938639908388597,0.564645555803962,2,1,0
-0.3077139957267717,-1.4236708112160468,-0.2774524366681714,-1.521995224329556,-0.25412279564755696,-1.5311825455528214,-0.23015043736264787,-1.5398112737442986,-0.32044804742415406,-1.5067966780574034,-0.3291973740020868,-1.5044865636412001,-0.3381718446612205,-1.5016279145253564,-0.1765043736535376,-1.5109754578677796,-0.31979842140646514,-1.481349402522136,-0.25962358573978644,-1.3518447693472202,-0.31191350179733085,-1.333672665134387,-0.07076163578329277,-1.1284612010700528,-0.36752348025807197,-1.0511836447765879,-0.4138365118350712,-0.744759908679947,-0.6595985483493679,-0.7575398832675382,-0.7858755236977352,-0.5663219468042898,-0.9515200998762711,-0.595721943674901,-0.8810038763715431,-0.46855861590577713,-1.0433442396399633,-0.5284139217279716,-0.9017548251877527,-0.4884014700479012,-1.0427256014132338,-0.5153368707444276,-0.8697390523629002,-0.5196646967493534,-1.0088468019561692,-0.5256401588394939,-0.03975393135811319,0.07825407695141019,-0.2303341289234833,0.05306090130201086,-0.4969030954763462,-0.3956381462198493,-0.6744566353182244,-0.4019458380688016,-0.7731760157673241,0.6303918946858467,-0.8486920431438837,0.5765731121418801,-0.7412012890655785,0.9003258305389689,-0.8387469942321722,0.7464471661887885,-1.0558671679615623,0.6473539002618821,-1.0890329434286141,0.5609989532035723,2,1,0
-0.12425530052047098,-1.463147580509776,-0.09507841574476827,-1.552975852537389,-0.07209929235959754,-1.559432209583461,-0.051197671759804324,-1.5642431657292402,-0.1472362526933049,-1.5361270285978417,-0.15794278846810347,-1.5314090612247697,-0.17047465752938934,-1.5244410754300932,-0.010192594775883253,-1.5245290604365553,-0.16976935508728788,-1.4890608921012116,-0.07402967933740331,-1.389745530072543,-0.14124514430871274,-1.368568575330126,0.09076034500585235,-1.1399991240363978,-0.23337966997857307,-1.0757942499559485,-0.19337189186697523,-0.7423459089645436,-0.5126944737493144,-0.7583314435277532,-0.5527359828333666,-0.5760124894328749,-0.7620045615288182,-0.6178571831528268,-0.6631835817650972,-0.4953689478460046,-0.8461219868812219,-0.5524047710881418,-0.6800880821290569,-0.5292137115326709,-0.831920333084134,-0.5522176251506092,-0.6519192657530274,-0.552175563034356,-0.7986053082239034,-0.5654539838594796,0.054582861055479666,0.05897235582393988,-0.12419698251387833,0.008948104482451735,-0.44883402134543143,-0.4080799982883806,-0.5999441043721799,-0.42405171534480174,-0.7329760117524626,0.6295833673400899,-0.8535092730473407,0.5653935299582045,-0.7214455055360849,0.8959692519280051,-0.8332960894034218,0.7382763461083097,-1.0292450995513283,0.6234479879287355,-1.0882402655759384,0.5644935632292885,2,1,0
0.045800616299609596,-1.462277534779016,0.07531298201219204,-1.5485648674934454,0.09723323734037899,-1.5547579553155049,0.1141501328207226,-1.5596702313777902,0.02027683648043237,-1.5324826103827163,0.007173776072345243,-1.52830306857748,-0.008231321606432583,-1.5223313148623234,0.1458296119141786,-1.5230573435646075,-0.0178810213105398,-1.4860932777204363,0.0874471913560499,-1.3906275645224284,0.020970759799296235,-1.370492307552824,0.23180559352895075,-1.1379477322748779,-0.08827065206924964,-1.091555758030418,-0.006847742139918948,-0.7402333544156217,-0.33449659105410756,-0.7657235048616592,-0.35793677212902997,-0.6248253721461325,-0.6242397516762141,-0.6367425653539592,-0.4666480387738816,-0.5551982442436559,-0.6979648879339432,-0.5917256362335847,-0.48494262096049084,-0.5964596562983667,-0.677108580628471,-0.5995456338806758,-0.45928777802545206,-0.6119941915039722,-0.6489210699785511,-0.6065291643704894,0.13912608913546146,0.05080316133249507,-0.034885901797345506,-0.01836483926720758,-0.35228256707172223,-0.27292618922223083,-0.500811011513942,-0.37176433927012287,-0.7165329754755131,0.6347011280161969,-0.8470681812982906,0.539321113840072,-0.7121483554537138,0.8886382517821865,-0.8307629136919675,0.7267903403917361,-1.023391963035992,0.6012375649579899,-1.087324246155312,0.5411753013319117,2,1,0
0.1875271898265588,-1.4338695028167106,0.21606481171466396,-1.5022461463548273,0.23688535606138933,-1.5040345482904498,0.25707293667802367,-1.5049704811767417,0.1656827275870794,-1.493483815064623,0.14894261491417696,-1.4885080902303567,0.13408960791105157,-1.4824758849230002,0.286720835876311,-1.474693326623347,0.12143175569963523,-1.4467272516796443,0.22444858395858908,-1.358085151650236,0.1632160994267021,-1.3438294978174268,0.3678887315259421,-1.0989911006723527,0.041709008701178316,-1.0642860955887874,0.2011742129651287,-0.7128998876044088,-0.17750370451215328,-0.7352089635096517,-0.16859263182534331,-0.6335507212858147,-0.4290589339461598,-0.6514970210219019,-0.2860885816096159,-0.571980622231441,-0.5038329815280397,-0.6059425299278657,-0.3122991727956335,-0.6037328464341658,-0.4810373465050751,-0.6202969890941441,-0.27883012337443697,-0.6132986251043958,-0.4463791787055502,-0.6195971730150321,0.2273378652677912,0.040949653403257416,0.055673428098625306,-0.0371932242528374,-0.28017651749179917,-0.1689409162963062,-0.41461334019466606,-0.2555758710657125,-0.6985409560478463,0.6412016553643005,-0.8409688696436267,0.5858972876419405,-0.7003311359714746,0.8877010997041191,-0.8652356627423085,0.766608127784992,-1.001658447248079,0.5781401799705999,-1.0903876686897753,0.4800027603956513,2,1,0
0.305983049935374,-1.3468570557938286,0.3311483873725671,-1.4080754180209831,0.3500214760566303,-1.4087937759750135,0.36721675365903644,-1.4105231487088408,0.28509199566430143,-1.407582559745755,0.27074556284387813,-1.4064063952800407,0.2565017453312224,-1.403366594586227,0.4056442560310137,-1.3874874853050834,0.2516763874825957,-1.375756574440615,0.3359495645843139,-1.2620701417577274,0.28435621342781353,-1.2525522671643414,0.5004786818876219,-1.0217702367964467,0.16786081369393205,-1.005537612700078,0.39095157274636083,-0.6165200345730951,-0.04503242214995116,-0.6624987028056755,0.04569800099184202,-0.6288490098030821,-0.2834608169362492,-0.6289782441312805,-0.060783160697070834,-0.5839674109697832,-0.3531221838077531,-0.5947245432032632,-0.08606086697623513,-0.6155454939472471,-0.34750821207903543,-0.6079559235457171,-0.04944914755517077,-0.6247515094444028,-0.31644808240751127,-0.6081501814352731,0.28970277576044784,0.018016859305554033,0.11271737928593223,-0.09660647145711436,-0.2140172789952934,0.05254172880429573,-0.3263853081719969,-0.09318054256808221,-0.6937180365827704,0.7237870646515288,-0.7795180481846185,0.5746569490681213,-0.7201883156169602,0.9316978701063806,-0.8506216173271726,0.6918700463604881,-0.9895246443014797,0.604455012053419,-1.053956796048737,0.4335480993740699,2,1,0
0.389906928593424,-1.2454793292776611,0.4152545352010478,-1.3145328274497854,0.4339006510162469,-1.320684716749766,0.45287513581630223,-1.3240516672366602,0.36562164441948114,-1.2992634664553417,0.35289226629057135,-1.2972463644625067,0.3399292097380325,-1.2937505860446723,0.48958743855884174,-1.2993821852544767,0.33443024843346614,-1.260606806829236,0.42593079438008924,-1.172297698553499,0.3738064852053776,-1.1593312384239203,0.6005446596527131,-0.9516704688823516,0.26370798151868596,-0.9111221824169682,0.5526462723703622,-0.4566673305231789,0.06698610538445489,-0.5380860748806101,0.22416695065845868,-0.5915975194978471,-0.10586907575207331,-0.6222027890378115,0.12459840313775368,-0.5800213951892044,-0.153605716925547,-0.6001775816176207,0.12615490463775286,-0.6072486907166379,-0.15127198066869443,-0.6307989038492953,0.1437236613207071,-0.6182744515379767,-0.12747091882823694,-0.6254159689620264,0.3465646609759533,-0.06904867335921756,0.15337010984674643,-0.17892853532084405,-0.09937748914365635,0.16127575369562255,-0.2693588320668049,-0.012804511976609971,-0.6541849304690835,0.7122008820107385,-0.7752179587925841,0.5785569403591767,-0.7057459730435344,0.9319616219271377,-0.8489798740022061,0.7266287974814881,-0.893407730296406,0.7038567334995157,-1.050321267773641,0.43470511236897796,2,1,0
0.41677608653681725,-1.1750963532740588,0.45039916051897977,-1.2323931851554584,0.4707446264705357,-1.2309498652919473,0.49233935759467584,-1.231406351012541,0.401870451088718,-1.2385837329946523,0.3888383070022366,-1.2397454703576902,0.37872775280700693,-1.2369002323513765,0.5291839426448524,-1.2071083161246132,0.3786196511362498,-1.2032015684791355,0.45860838514038543,-1.1013121370148775,0.39698718163075714,-1.0975121194494095,0.6509281661707024,-0.8826664495764478,0.30069277362304,-0.8571607544352732,0.7244974490798022,-0.31898532411199126,0.16805629077526354,-0.4432553065993282,0.4619449066325508,-0.5664473203585326,0.05280527944686441,-0.5404481573462421,0.37334055074852407,-0.578649804441816,0.013159601292577093,-0.5418238120662152,0.3552536375610009,-0.6094554278302137,0.01664303539368493,-0.5963091877134125,0.37750530985348274,-0.6144609212636641,0.03542590388636438,-0.5860487745291163,0.3691290559588396,-0.08987856484288811,0.16729084153890622,-0.18486376408239447,-0.09448995251448138,0.11504400157032041,-0.2469452104668166,-0.010456551815710419,-0.6634048650723424,0.7067964080687701,-0.7703615115536833,0.5780343134847644,-0.737985264360554,0.9288289086601028,-0.8494147190687854,0.7588077388056227,-0.9118640585918925,0.5688588793813097,-1.0583141874542177,0.4146831386351764,2,1,0
0.4343161922130483,-1.1508950917333078,0.47091368773006564,-1.2122473618571334,0.4920404524110598,-1.2110216677255414,0.5119195775085037,-1.210324696427239,0.4234210881103125,-1.2155659002706107,0.409622885191586,-1.2172542268813311,0.39834089089877206,-1.2156996557683097,0.5481198197053515,-1.1798002491420558,0.39313189403813514,-1.188165733509349,0.4658723297385539,-1.073729548684213,0.4091660946730484,-1.0814526205851556,0.6443380282271027,-0.852681647050876,0.3226766301221799,-0.8493004218602773,0.8074118369477744,-0.3392240091838801,0.17404963434477735,-0.43221420428148155,0.5682257144730303,-0.550010989636348,0.11850833702072032,-0.531342318773303,0.48452413511537185,-0.5722935481204747,0.10498871942268562,-0.5381526224316872,0.45926268472654697,-0.6086121535188564,0.12262006128344662,-0.5868837176966746,0.4823184139949422,-0.6129130557054078,0.1285741875175166,-0.5654061305822929,0.35577748362718864,-0.09797928139627812,0.1668206399108386,-0.18758642251561758,-0.11231819384697855,0.1534011972165797,-0.24578271110891906,0.02312263126253569,-0.6831094425472669,0.7213220620801855,-0.7724083313460451,0.589402260797748,-0.7545451398493181,0.93457983626493,-0.834355668655608,0.80606848878941,-0.9264925311097045,0.5972715341124306,-1.044332800971229,0.4161851829025386,1,1,0
0.421676831076893,-1.1593326100146677,0.4580384129853596,-1.220217523291235,0.47651343555473635,-1.220819905627625,0.4965784873979373,-1.2208147748622367,0.40973423804041104,-1.2182962802517452,0.3941820245540615,-1.217396923118717,0.37950417476934334,-1.2160094320785904,0.5371288058496132,-1.1871268805173456,0.38054617734009993,-1.1842817949100037,0.4550897976764186,-1.0841941764908982,0.4006091971970085,-1.0901669969988586,0.6419630426485139,-0.8271729039302628,0.31003767538328314,-0.8572401034999925,0.8101182394906581,-0.3517996675497678,0.17533628806514223,-0.44262173327334947,0.5976515175695554,-0.5266922197423981,0.12115012239950483,-0.5188495654481463,0.5178206689003413,-0.5593840344067412,0.10108303857001143,-0.5195043730308809,0.4895695570794684,-0.6011579134044022,0.11571090149193587,-0.5562190125576567,0.5176018239766469,-0.5887955119999047,0.12693925134662973,-0.5483439480820408,0.3473061327740599,-0.09374421556560149,0.15652984853147062,-0.18080487146327126,-0.11861206818914236,0.149272404268997,-0.2403164647836608,0.01523832124928917,-0.6922103027537895,0.7183098456002914,-0.7650155588169367,0.5885305386782967,-0.7663788184205261,0.9335201554134293,-0.8188245878266996,0.817409207486075,-0.9514460339759121,0.5137304816718739,-1.0378805332975705,0.414792459497709,1,1,0
0.41238760574106237,-1.1682241756330702,0.4439815382116072,-1.2271080396085128,0.46251691077386897,-1.2294366958996341,0.48197907228410686,-1.2307690185119213,0.3939085191991008,-1.227412075557517,0.37853573010237257,-1.2269827676535845,0.3646408046361266,-1.2254812313827956,0.5242057794270351,-1.1984014580601923,0.363994836193764,-1.1922220353459494,0.45033657534117305,-1.0929799772227802,0.39154531914100804,-1.0952786617160883,0.6378100690640512,-0.8413354419912215,0.29458868680058886,-0.8575776164231647,0.7922205042269599,-0.36082209308540275,0.16286537859262917,-0.4417502143525275,0.5315790448877362,-0.4781801725997342,0.09682623048600583,-0.4789493810107325,0.44426174912133287,-0.4656076638125998,0.07184011423980483,-0.48629551945442967,0.4221677589651434,-0.51566757651352,0.07928693760429179,-0.5208960804425643,0.4484500792672837,-0.5178797999900855,0.0974307464080029,-0.5095501801808535,0.3423009441385534,-0.11042966780723766,0.15368201974263399,-0.19616038867651386,-0.11371843560109009,0.16161387621468243,-0.24289972895722342,0.016193761203988407,-0.7043953117549581,0.7167275378743785,-0.7525151855431835,0.5817144438589792,-0.7639105646711148,0.9329928549705445,-0.7995139108945623,0.81410479137733,-0.9953608137312743,0.5142118592245498,-1.0384920595722764,0.41572473480867456,1,1,0
0.4074903155776837,-1.1998037318005963,0.4358225036516245,-1.2678165481930541,0.45611920193216215,-1.273190694739608,0.47498456906831416,-1.2770971883867992,0.3825342727286107,-1.2600442514241776,0.3667861757636711,-1.2561597032289447,0.3517059926930524,-1.2519377945095114,0.5125547764235164,-1.2482621853047973,0.3599237516568862,-1.2098624195457117,0.446098664729687,-1.1245707601145716,0.39037123746124364,-1.1112914248956165,0.6307730973347468,-0.8632444197954854,0.28165834522735805,-0.8566962423688244,0.7692385360609798,-0.3449301314909594,0.15147304744413645,-0.4390020544913344,0.45833975655252657,-0.4526559863832985,0.07010764272688146,-0.48445941664059256,0.3738956894036152,-0.42284034671657134,0.030223612580492432,-0.4837639693320094,0.3561954632075409,-0.49495350824851786,0.05156434541807916,-0.5217036933944895,0.377539853620454,-0.5014194918296502,0.06881448665038083,-0.512923175826968,0.3148534828963354,-0.09871242205058584,0.13081567159669297,-0.18975231670471568,-0.1238633303646618,0.16400166330691354,-0.24987492830323804,0.012738368513716068,-0.7065211758140953,0.7157985137414807,-0.7545164888425949,0.5812879299361987,-0.767134717321309,0.9253481161411751,-0.8054416213068307,0.810599411824264,-1.0045500653415174,0.4991597175647666,-1.0432799272738078,0.4095946385616804,1,1,0
0.3587110622375657,-1.238124707291193,0.38229246635981184,-1.3065631232125996,0.402958782946942,-1.3094396538078168,0.4212984752292431,-1.3160962885028362,0.33299546291238336,-1.308748372071133,0.31697528298288785,-1.305377560810283,0.30301899153061057,-1.2984378196250712,0.46269755435526577,-1.2912596756481005,0.3108462027290399,-1.2596816942699514,0.4027137254000753,-1.1570115228724855,0.34770013491616153,-1.1322621330293523,0.6142321193185023,-0.8923256996161294,0.23866598564944325,-0.8618053671031886,0.6444449107060843,-0.3419635331033304,0.08766766186877825,-0.4478993096713558,0.3356939407087266,-0.4029995245607397,-0.050822770288851515,-0.4742235904904347,0.23482167078280033,-0.34822428606892764,-0.11164601278144366,-0.44574865537945096,0.21027507317165134,-0.4142824332473852,-0.11481652099351772,-0.48951926570736537,0.23239324396472066,-0.4308837612565149,-0.07781770818374598,-0.5054500382399941,0.3018134140633135,-0.06655339419211705,0.10300915837660311,-0.1696454059438907,-0.14112424112431332,0.13900315194432875,-0.26391371839898786,0.01056312718767282,-0.7169290096039072,0.7062416758109374,-0.7641753324850181,0.581009344615507,-0.7733849039581856,0.8869811669607122,-0.8066159061852243,0.8093050365559878,-1.0030926231732742,0.49897379081900955,-1.0444329778954455,0.41318658073080383,1,1,0
0.3315287752065095,-1.2905812462247164,0.35120815605140776,-1.3551822052332172,0.36885798898742983,-1.3583492590685942,0.3856389445848101,-1.3663287676396407,0.30070699752708696,-1.3498385384810496,0.28158661611123537,-1.3431548275686835,0.2667992422653554,-1.3372497230039184,0.4202333080147528,-1.338742826531594,0.26755940833735237,-1.3026962024984534,0.37657486333018036,-1.2075355920422535,0.3173089351321044,-1.1864014614109493,0.5605783340614808,-0.9145770671106673,0.19780436689776754,-0.8829280678115978,0.5436701761221946,-0.37449451605262796,-0.010573185808454854,-0.4966416824602663,0.20791268590807555,-0.3689067569470826,-0.18460387101515216,-0.446088606686174,0.1091335650619785,-0.29421165203266353,-0.2342493601117319,-0.39497622668509114,0.09210836471224851,-0.3489315188980069,-0.22810056959084737,-0.41996721969839396,0.11288725333997914,-0.3734798436975045,-0.20650441607630257,-0.42820987049431003,0.30021444404980263,-0.04332657167789946,0.09857190990982997,-0.1534854253574762,-0.12652563880499984,0.13873289776743594,-0.2640776996927867,-0.044473831138603814,-0.7179248860858256,0.6842492849693693,-0.7693445024143235,0.5810922496562381,-0.7820445183413077,0.8879652579221347,-0.8079830265627693,0.8178196687171453,-0.9972173380073502,0.49996011696535364,-1.044613215079584,0.4224487806489452,1,1,0
0.2889852814005918,-1.342367432880368,0.31074805779111564,-1.4106644225558218,0.3267641737480263,-1.413684665381571,0.3432972270177304,-1.4174874261285337,0.25680694967234496,-1.3907287574397913,0.23838191396576192,-1.3855621782930085,0.2223355214130941,-1.3815225387440062,0.3756887141080529,-1.3857155424584295,0.21322937804221115,-1.337148580886213,0.3306861104910399,-1.261377437630639,0.2708390342133298,-1.2484733594802377,0.4994415560839671,-0.9890216281152302,0.15182783225079424,-0.9321656356599728,0.43457588006122044,-0.45135277197465035,-0.061211706606143716,-0.5814408392137793,0.09483061674821314,-0.34789998105665626,-0.27862733114245275,-0.4433660498522655,-0.009607992319551966,-0.24686474583007736,-0.3396029726069769,-0.37346216541676036,-0.03549427849329819,-0.3086354019315137,-0.33494891120280185,-0.391953850273735,-0.013149338029993974,-0.34174529777552376,-0.3108584945143027,-0.40548007182722007,0.2900933235258523,-0.041314092453879625,0.0849919423189102,-0.15205856458293385,-0.1405284627433737,0.13214621420053338,-0.30372866101143436,-0.06439745673585186,-0.7130338950799535,0.6843742521263536,-0.7756166345031583,0.5864798581119793,-0.7707433217780303,0.9100568096947732,-0.8383107267751881,0.824005441388552,-1.0010744543876355,0.5107032284934159,-1.0685180098202698,0.4465133911115305,1,1,0
0.2297896599282338,-1.377152295025226,0.25083047158905825,-1.4463296427618737,0.26794650172605977,-1.4510290682600273,0.2849507726169777,-1.4565746636500048,0.20335961422263407,-1.4356454080366345,0.18568539745110285,-1.4293483841157175,0.16777099989980676,-1.4212588942865931,0.31167525313635014,-1.4263791441459084,0.1570612129469403,-1.382607416225533,0.26648509718454616,-1.3004845378181185,0.2102535341169516,-1.2859308423958677,0.43033288948400333,-1.0161185717220045,0.08958260575076159,-0.9598210706992207,0.31634069366376283,-0.5045576914596747,-0.14231031152320303,-0.6011040657676529,-0.02464753566432215,-0.33748066654429226,-0.3893969999015331,-0.42407498158785,-0.13526866622542605,-0.22498025346063716,-0.43477552098264505,-0.33350061499331524,-0.15254888085485563,-0.28090661218710916,-0.43099927765679846,-0.3494128964506829,-0.1348354467478806,-0.3089724068581127,-0.4106720995818744,-0.37067356902834797,0.27012580702468786,-0.01423543672373716,0.06849201042577263,-0.09826233708681323,-0.16730740049538315,0.04553726885567016,-0.3226710404280694,-0.10167912203752945,-0.704347560077086,0.670170667942288,-0.7809559832844545,0.5734003687448843,-0.7566254874155051,0.904241468124476,-0.8497077314921534,0.7811130555362246,-1.0008927948130926,0.5110326134714184,-1.068872693027613,0.44443040196316347,1,1,0
0.14823629647892927,-1.4220642212539392,0.17051885496305597,-1.4952746045841392,0.1894837894275369,-1.498718821349803,0.20634053811362468,-1.503555304323381,0.11944995946863105,-1.4825427880716784,0.1014378233766692,-1.474242835262316,0.08132867743092256,-1.4652908180517137,0.24181576760133452,-1.4746421713684352,0.08093000172034837,-1.4166933766851104,0.18907007701839873,-1.3458125640398637,0.13062811926190196,-1.3117802480184064,0.372360117362428,-1.0461463507576612,0.022616668696162214,-0.9732832846844943,0.20166636004515454,-0.5438469592182703,-0.22461205552400848,-0.6116840087964331,-0.11500021255435312,-0.31800854830122155,-0.4577627723129855,-0.4191424364622978,-0.23867644864704288,-0.18666857430732825,-0.5292515044572692,-0.328509853460485,-0.2547533209940971,-0.22595682607277762,-0.5305143839380126,-0.33755097327001027,-0.24210827029632306,-0.26875594375428263,-0.49379456284619117,-0.3643769515046894,0.23779121555055335,0.024221529449480285,0.03602046307552856,-0.061959276383568546,-0.198467707091124,0.008584988531995007,-0.35676492563418727,-0.10042660568687736,-0.7043544688304803,0.6689581817215967,-0.7861897703778591,0.5743157785696228,-0.7448999105150543,0.9118994148647461,-0.8485507184972454,0.7632084115191321,-0.9989458471470034,0.558882233082751,-1.0598848112589494,0.43556200098849446,1,1,0
0.0795163488567068,-1.4262962391051772,0.10214495460643384,-1.504605231640678,0.12115052879676332,-1.5094311990851925,0.13684173014551487,-1.5126318314940517,0.047554017271344964,-1.4817528026008402,0.030491834771092814,-1.4738964831987718,0.013588756797537703,-1.467305684859627,0.17333925193694483,-1.4896513365181336,0.013164478059678918,-1.4348650745006852,0.1199268666514637,-1.3525791799929607,0.06521319734431222,-1.3180812343125936,0.30225496468465796,-1.0745061738451789,-0.037344198813923854,-0.9961278905771064,0.11277264931308624,-0.5949525320652735,-0.2939954466707084,-0.6180108013165343,-0.25298366413202233,-0.2843949230553188,-0.5451625667228613,-0.41983829016813945,-0.346823026301229,-0.17386279349382322,-0.606036405674135,-0.3254442973404148,-0.3636442152271993,-0.21157747507441702,-0.6070097271082076,-0.33658232540441024,-0.35047450566872057,-0.2478510719764215,-0.5837623815324364,-0.3576477240993731,0.22301034406080913,0.019612374942367818,0.023422351261109572,-0.048900919673914814,-0.22621285432518257,-0.09965627968341824,-0.3906635369576029,-0.11491060397929798,-0.6775753278798415,0.6264618299976633,-0.7869651763470492,0.5845586150724895,-0.7044318875082217,0.856868755695976,-0.8292686925718312,0.7768857112534592,-0.9637111032370023,0.5666312128089218,-1.049443856092571,0.44158521475650697,1,1,0
-0.0011772811922717897,-1.4396780880325855,0.023227686974295055,-1.5175755525442123,0.04256325573851469,-1.5215927894443408,0.059548019561025366,-1.5237610712173324,-0.02977728505955445,-1.502904408314259,-0.04681589651881445,-1.4955683790023668,-0.06377465091678207,-1.486853545391748,0.09871150736811972,-1.5030676276131985,-0.06697706131364722,-1.4531525955349283,0.038198142785122714,-1.3650438411076244,-0.017465886510996936,-1.3395428195349224,0.22526097207830145,-1.0992396125959165,-0.10874535234900393,-1.0068923379612391,0.04757982349725879,-0.6278498821430957,-0.37213710513502773,-0.6269397554827176,-0.3122888096655422,-0.2692048095262798,-0.6232798413516716,-0.4202783167997646,-0.401614114286122,-0.16693737781197304,-0.6877297729789876,-0.3270304658402834,-0.43597540888832326,-0.20529884062944642,-0.6777974239816038,-0.33336843428499285,-0.4158821124356576,-0.2438031520832774,-0.6561075958989782,-0.35411613192313474,0.1884771434182685,0.018680912425919217,-0.003071702012701606,-0.033381217968244094,-0.263311031264654,-0.1854800655248876,-0.4359810984499421,-0.19498488460634478,-0.6742402287780809,0.6297869723665911,-0.8018642078396981,0.5839652750751008,-0.6934987852618175,0.860584242631679,-0.8399545020864471,0.7704435019119482,-0.9258393491160039,0.6754430627752487,-1.0513542280053962,0.4643564659439624,1,1,0
-0.08614803918818026,-1.4353816562158774,-0.06231324637526847,-1.514541035014759,-0.04408978370889421,-1.5191179825391363,-0.02303434174676425,-1.5235634097507367,-0.1142579279617295,-1.4991980145172148,-0.13199838748639384,-1.49227513881823,-0.1474516432403022,-1.4842301494889099,0.019604249017638988,-1.5062121264007293,-0.14922211289689394,-1.452433577185353,-0.043830502257980505,-1.3618590581918462,-0.09790084470494956,-1.3359286779155541,0.15684175842735817,-1.0961062897329938,-0.18393372193590968,-1.0068495646497835,-0.07980092680515487,-0.6143780162229331,-0.4562983197920333,-0.6282807648364049,-0.4251109877786031,-0.24811685578347098,-0.7076273891516927,-0.41195773932953395,-0.5140242055790787,-0.13373025142387035,-0.77043750784102,-0.3207878991520034,-0.5494659072929635,-0.16439455016562973,-0.7669351762673926,-0.31946893684958894,-0.5243710797801177,-0.21723797928923128,-0.7398077528662319,-0.33949660014500926,0.1381572380712322,0.02146981361227546,-0.05539717783036348,-0.03437750084742112,-0.31312558162076365,-0.25876405755853066,-0.4911684237618583,-0.31380060948754884,-0.6891003477332298,0.6275901919858481,-0.8015606290876095,0.5848382163863275,-0.6976194502642306,0.8582549767446698,-0.8237421978530025,0.8026017169759,-0.9491450126983676,0.6868967599097726,-1.0511740924205726,0.5061111426711599,1,1,0
-0.17199885044733892,-1.4453911698927162,-0.15076459369147538,-1.5289461414393761,-0.13128698908541508,-1.5358070415564415,-0.11296233350167796,-1.5407192160194123,-0.19859877020698555,-1.5077344905310157,-0.213589139483479,-1.4997520863795024,-0.22860287660233536,-1.4905043643636946,-0.06392461150516318,-1.515045628010826,-0.22943436539319653,-1.4558561532970025,-0.12829590526296233,-1.3726134472438314,-0.18313515132298583,-1.3486029892159392,0.07058495630697259,-1.1023474340308692,-0.25994992273835027,-1.0060151294787982,-0.1850665542939378,-0.6130014471091283,-0.5419207357919231,-0.6163555452827232,-0.555880075223639,-0.2976309769662453,-0.8224033220849223,-0.38989494016293325,-0.6444387114160861,-0.14514777920238917,-0.8906534744763356,-0.29165145090351996,-0.6714872937491007,-0.17041695113912528,-0.8829664703320838,-0.29237707320854567,-0.6429350415596901,-0.2183683732637085,-0.8601413715078791,-0.3130022420732542,0.0709679857230951,0.029444953412793472,-0.11907597065970348,-0.02370286725741366,-0.3427677912574322,-0.2964898134644182,-0.5369043712318082,-0.4017785039976202,-0.7096725833550206,0.6109238404153607,-0.8030472302591491,0.5722722099553288,-0.7021294438402725,0.8435488823504869,-0.8113178208665861,0.8004872320400004,-0.9699309116788072,0.6267828838318669,-1.0475280994160707,0.5452471986633064,1,1,0
-0.2636989374478783,-1.4463531122035511,-0.24270242308822876,-1.531912231830432,-0.22480550061904753,-1.5407152028464848,-0.20579179848354837,-1.5483838175147902,-0.291070808800018,-1.5088912495276372,-0.30639462702709874,-1.5011135679950858,-0.3210604880926916,-1.4922533457652438,-0.1542207991762647,-1.5214187498183944,-0.32079795546371004,-1.4553623298282854,-0.219250253294181,-1.3737125486294053,-0.27276220590799105,-1.3501775753939411,-0.025639957769543562,-1.1020804310320442,-0.34607281696206493,-1.0056018234669186,-0.3084520131481812,-0.6101362448374914,-0.627137160930586,-0.613858538927274,-0.6707815849097407,-0.3067588625904572,-0.9162166748295859,-0.36472249077371666,-0.7904798014377459,-0.14867693299507662,-0.987531976943811,-0.26246471099429897,-0.8079341572924365,-0.17662568525563638,-0.9889670672628377,-0.25790371456231703,-0.7623684902737919,-0.220368863768603,-0.956916141075126,-0.2762403588651795,0.0019353154104680933,0.03125260841853665,-0.18038607706796114,-0.014808253659572368,-0.4120060985828528,-0.3285526267719406,-0.6241052341836555,-0.41061043081834014,-0.725152661327989,0.6139476392171216,-0.8504412785437196,0.5279375202326366,-0.7070423802981028,0.8554183238804415,-0.8234176896421019,0.7941911225129149,-0.9855840132845757,0.6815079322622559,-1.0672256665382862,0.5395718609485575,1,1,0
-0.36588996647758976,-1.446849831252735,-0.3456912099363471,-1.5367586715368426,-0.32632678696677503,-1.547220556162033,-0.30789585849994394,-1.5554307967765848,-0.39294667675577405,-1.5095626685983126,-0.40858016969382066,-1.5010480872368124,-0.42292497692521,-1.4920662506273685,-0.2537267615191629,-1.5266779875401115,-0.41697369547194946,-1.454837061371693,-0.3207810899774829,-1.373235082650342,-0.37390737159299026,-1.3495108806913958,-0.12961405477085983,-1.0992469277465693,-0.42561390438597885,-1.0053034262798757,-0.4471574294555498,-0.6016602204158901,-0.7339481139947598,-0.6153291890064182,-0.841657306599501,-0.2792090908384155,-1.013732509797681,-0.34360111085639744,-0.9502409645051882,-0.13119148775011188,-1.1129451549192675,-0.24543768185690581,-0.9844739391730227,-0.14848267510552057,-1.093381190895779,-0.222300266739555,-0.9543930236958192,-0.19369640209831673,-1.0575905971354844,-0.24034085063961083,-0.06249775073062085,0.05511015947792362,-0.25060095700552226,0.02551834310130728,-0.5057869395468376,-0.4181722646069785,-0.7126886606088702,-0.4484343316621519,-0.7463611118579386,0.6153253259233872,-0.8437321678026983,0.5623526624715873,-0.7198857528580178,0.8715811492476654,-0.8234881995664491,0.7867221504978404,-1.0343879552581468,0.6852870203689119,-1.088134907086676,0.5450377008765572,1,1,0
-0.4696598488565171,-1.4450604133239664,-0.44560397593498924,-1.5346424594125943,-0.4265169190943335,-1.5451454917602063,-0.4046996854711726,-1.5548217088854297,-0.49437814930937624,-1.5084889162417368,-0.509737120899316,-1.499865674413249,-0.5250993436673236,-1.4911842161774833,-0.35344811440905843,-1.5261494171057939,-0.5190334581871701,-1.4527692105212044,-0.42557956381763684,-1.3677241834263079,-0.4809105505604277,-1.3403753751185872,-0.23025792943751727,-1.0987509198925878,-0.5208407067956548,-1.0040053934362732,-0.5749734312218013,-0.6064757231309985,-0.8435246004029269,-0.6176002384861494,-0.9867344223240333,-0.2810152218544394,-1.1641978435738425,-0.3356860162508206,-1.107551958501222,-0.13592947018816423,-1.2627562907085819,-0.20809444737056768,-1.1294156230111647,-0.15227801910251598,-1.258957898732148,-0.1872862981402261,-1.0899016175686267,-0.195369336412872,-1.2106710972699994,-0.21391730729014685,-0.1417606592311015,0.0685060291107495,-0.3417284302688557,0.047138270855473494,-0.5539645217457679,-0.44941852422288897,-0.7543760785897883,-0.549285164132693,-0.7603409743512081,0.6280918894014483,-0.841271737200513,0.5118811709471359,-0.7310062042405838,0.8889158211097321,-0.8185171483006555,0.6727748615746626,-1.0568257574950148,0.7870564122429448,-1.0957583100599748,0.5458248923662434,1,1,0
-0.5727004513550924,-1.4203538983916033,-0.5476426059927687,-1.5196320242714632,-0.5265591226198032,-1.5317100491943354,-0.5040178922806505,-1.5439034401389602,-0.5939178426247288,-1.493594151920302,-0.6070477252518759,-1.486326549746807,-0.6197844185314384,-1.4775825571328918,-0.4467524545874691,-1.518447173064349,-0.6039654052448932,-1.4440404070048252,-0.5266544227769181,-1.3392331956236139,-0.5767182978511085,-1.3184952007200184,-0.3301349324774127,-1.090245533269061,-0.6006819185949602,-1.00086018345354,-0.7245310767211355,-0.6155171477384677,-0.9218766710478271,-0.6237394786714595,-1.1486523356422578,-0.3156302099452502,-1.265289263221407,-0.3134688877253101,-1.2794129903441802,-0.16900593985766388,-1.3655086559515763,-0.2000290873786659,-1.2992366422158408,-0.1893922487336976,-1.3656124904511193,-0.18412859144179433,-1.2559551309885135,-0.22625369927010122,-1.3238775239909584,-0.208921872188844,-0.21382383390025433,0.08844286261889832,-0.4024687677207168,0.07122442037275852,-0.6154621804888167,-0.4449933660745558,-0.7898929637964929,-0.5173136886090153,-0.7821512992209747,0.5945344485765313,-0.807045569686758,0.4644422157655028,-0.742224800561074,0.8595875533552435,-0.778405942086773,0.6531649746609652,-1.0618225133874077,0.6497447353335519,-1.0509299492675375,0.5450980508694423,1,1,0
-0.6580408276575933,-1.4002100562799136,-0.6326109256051262,-1.5043564149191704,-0.6098530855272009,-1.5201270669319558,-0.5861491526315213,-1.5362307106984128,-0.6796489698912634,-1.4748683314427824,-0.6925630555741549,-1.4666666251706586,-0.7060119600492131,-1.4564968385750048,-0.5285258821522435,-1.5167516837019477,-0.6881599444770945,-1.427569126118411,-0.6087755231963267,-1.3141115458917079,-0.6579351643703871,-1.2892474504223672,-0.4176336846197298,-1.0882388452059746,-0.6596363432944071,-0.9983757754131038,-0.8394222232771458,-0.613688156876654,-0.99865293632295,-0.6230728855682288,-1.2921757946476005,-0.3244374481325171,-1.3547591436666928,-0.3147981115585013,-1.4075576658932318,-0.18588991716007017,-1.456077434583807,-0.2017893971037955,-1.4318591043581994,-0.20089654232690304,-1.455195958930152,-0.1877044809192076,-1.3931919292030306,-0.24047130415958465,-1.4179008825189445,-0.21133262072617956,-0.2841943639878154,0.10630422532796206,-0.4580937828800219,0.12423691075589001,-0.6968068589458889,-0.4796109957475468,-0.9350802131780748,-0.38748876359475565,-0.7822377602377175,0.5832741965370463,-0.7844407381766524,0.47076088034043423,-0.752054331052061,0.8559866704464334,-0.7071063878663143,0.6017618174214361,-1.0891831072156246,0.6569192725348536,-0.9521681003049262,0.6545383941960168,1,1,0
-0.7134264748316504,-1.3914262367346668,-0.6880166894434784,-1.4931561572749692,-0.667043746124821,-1.5070580930939241,-0.6437496648643241,-1.5218260106710542,-0.7306575153928033,-1.4705742364103107,-0.7424312503683846,-1.4642616677942566,-0.7529358067057159,-1.45618619867055,-0.5842614373658566,-1.5058628279570612,-0.7294862784938483,-1.4311104210291956,-0.6647124482515193,-1.3055917321655048,-0.7102508866538453,-1.2834207297288325,-0.48506067936408087,-1.0822534263830013,-0.684276615473637,-1.01108198889828,-0.929106681474912,-0.6222496263218519,-1.064520991183751,-0.6517286674592385,-1.3943767804101448,-0.3706692002578193,-1.4734423830416308,-0.3454173002045688,-1.5078972506125983,-0.21972777209334227,-1.5667691766685727,-0.2296916168782587,-1.5345738778547842,-0.22872804897838975,-1.5638179197774515,-0.22497923746749093,-1.502485258321348,-0.27243201015591256,-1.5359557301329492,-0.25103539769528405,-0.3329872316360927,0.1303414039755996,-0.47208238291434873,0.14012988834347959,-0.7765905655331187,-0.549845687551459,-0.9357897827913904,-0.5511003374877181,-0.7771436722019173,0.5458830071742069,-0.7876439613680345,0.3794111077767093,-0.746671192966163,0.7959453362791672,-0.7269840905733536,0.5428701810984252,-1.0404135058103956,0.5964819042391935,-0.9704078188616397,0.560324740151745,1,1,0
-0.7300777897035738,-1.3921180264679236,-0.7019234004302205,-1.4934119335495284,-0.6774753541542542,-1.50748450541739,-0.653265253473131,-1.522201115340636,-0.748645267649256,-1.4707809910155651,-0.7582927321684415,-1.4643890225351344,-0.7689515162653681,-1.4566676270228833,-0.6025791841961994,-1.50580882792134,-0.7472364915527163,-1.4342713789056953,-0.6728324686746874,-1.3068628411907326,-0.7271214528467216,-1.2831953824490023,-0.5236224960299876,-1.082118502493184,-0.6825471919401522,-1.0146234362080366,-0.9659285082786134,-0.6353817441339208,-1.0722839916153397,-0.6523872342166142,-1.445333205463284,-0.3886827587401858,-1.5032624930782013,-0.35166962042705247,-1.5646194367704993,-0.23924642282250957,-1.6035165311746566,-0.2380449093277974,-1.5921784540601716,-0.2426152528967245,-1.609455011114275,-0.23453526260351726,-1.5612602586311735,-0.2856641016935688,-1.578617485541086,-0.26282579495846325,-0.33052344825652474,0.12665842882057543,-0.4558902969445139,0.13718838498656208,-0.7671507700130191,-0.5642120338375481,-0.9113659171523039,-0.555161465291763,-0.779404663349501,0.5496271451166331,-0.8038826814232806,0.39535305623394634,-0.7397606107842476,0.8015696711379763,-0.7462816611939048,0.5624881959572922,-1.037782997955534,0.5642202610729571,-1.0314594566135007,0.5432343130420281,2,1,0
-0.7041904875366815,-1.3874159085879325,-0.6750985397880022,-1.4911076102942589,-0.6534936487323999,-1.5043596660972383,-0.6329624592337161,-1.5171940471178091,-0.7241945797911096,-1.4671353536086644,-0.7360963299031138,-1.4613665445244637,-0.7478525897965802,-1.4547744761938861,-0.5804226088622032,-1.5037483430211616,-0.7243652666396735,-1.4340820485828984,-0.650060404692715,-1.3073125197572468,-0.7068190650045652,-1.2820651916731542,-0.4892929004139481,-1.0898146505757518,-0.6645185967592218,-1.014069821542665,-0.9127226743997575,-0.7003796008649898,-1.0407123093946968,-0.6549151267637081,-1.3894312305723209,-0.4438188779975329,-1.4445172613675596,-0.38528294087501136,-1.5268895152927124,-0.29351823671037275,-1.5539599414783705,-0.27005865016635766,-1.5513719021370207,-0.3011198974303427,-1.564840923276374,-0.260776943179809,-1.5124687117739863,-0.34723704552875195,-1.532214538570647,-0.2940597610573046,-0.30980104884772364,0.10842968298984085,-0.45124558267728393,0.13726397487664035,-0.7466963895961891,-0.560578943946003,-0.902664139053614,-0.43794186564326054,-0.8171082706048011,0.5586585113919548,-0.8037791517216815,0.43584078950781546,-0.7401696496249132,0.829381061125168,-0.7472980607373768,0.6093185712443433,-1.0428348206764517,0.6059375492523739,-1.0442604622592186,0.5529049422049473,2,1,0
-0.5995608717574281,-1.4067418254172632,-0.5759337479436024,-1.5047866372169345,-0.5578941800366928,-1.5160009663662106,-0.5371260609363121,-1.5289727096601495,-0.6194298369234099,-1.4840054118049675,-0.6320986618608053,-1.4786798805304597,-0.6448879835853417,-1.4724229375391609,-0.4804919613841877,-1.5095632781942,-0.6291642704559113,-1.444626228652932,-0.5540622602864337,-1.3274155697441161,-0.6019665403290326,-1.3103449545007504,-0.3930850550222883,-1.105818269816964,-0.600360255164869,-1.0077398794438104,-0.7812141471429074,-0.7108771468496122,-0.9395879715691952,-0.6797406144934928,-1.2230837903352345,-0.5047737932018743,-1.3277581098129212,-0.44487276768810025,-1.3726945722761157,-0.35820682512773444,-1.42326989830011,-0.34376438095499395,-1.3874610166631836,-0.36345808730325385,-1.4420591675496106,-0.3259596090641743,-1.3536592294866021,-0.40109971897663493,-1.4100528434610178,-0.355792825412331,-0.2539265057717085,0.10001705654056327,-0.4082463143459749,0.12708189476391724,-0.6878224315539223,-0.557598934448844,-0.8699347326428608,-0.3536472510861572,-0.7918482426063809,0.6280368225729236,-0.8565047256403222,0.535003752564552,-0.7414231819687115,0.923440893807103,-0.7866688111462987,0.7060224244899845,-1.0762607919882488,0.6868041013348379,-1.0845837062427157,0.6227938915412031,2,1,0
-0.4352751864119529,-1.4499875736858436,-0.4100267407353995,-1.539406654473819,-0.3872087538632183,-1.548990416222737,-0.3669565560824848,-1.5572977349824095,-0.4614067333311951,-1.516050902429347,-0.47298194324600623,-1.5076498075022788,-0.4847355615572925,-1.4975087735126629,-0.32248369129190757,-1.5233456316198457,-0.47816167950403227,-1.463328579688774,-0.380531037310415,-1.3759213685289309,-0.44543511787408857,-1.3471804972119257,-0.22167136496160791,-1.1265741969995902,-0.508592706219421,-0.9990625867799442,-0.5855684109491457,-0.7210698948903707,-0.7821028363479003,-0.6845863938043584,-1.016406603758515,-0.5292269194435717,-1.1248995334762455,-0.5194910635206655,-1.1193290462541858,-0.41055384000009604,-1.214212544579756,-0.4371330334995599,-1.1464440745389626,-0.426143238835597,-1.2137528076810944,-0.42854941540377456,-1.1049183010676071,-0.46488326069934954,-1.183612863002096,-0.45129963553310337,-0.14718829781680362,0.09102470440205623,-0.3348739309086113,0.11078942867123648,-0.5792723014220602,-0.4860047422159834,-0.7774687900087056,-0.3444576946779701,-0.7725444744276377,0.6364774904330367,-0.849913368504947,0.5865473200568879,-0.7393399896217152,0.9201836197803422,-0.8025979580898935,0.7187251835984636,-1.062120605776507,0.6831280349332081,-1.093559091295681,0.6215505191288669,2,1,0
-0.26983838083181766,-1.4612421361637098,-0.24294544864880305,-1.5504664510655561,-0.22111724229966304,-1.5578330617711493,-0.20041922672637102,-1.5629452598847808,-0.297946644016333,-1.5279671304436846,-0.31252817765079005,-1.520547992892432,-0.324263101688186,-1.512541966900269,-0.16321132252710854,-1.5271840029265833,-0.3231408356588785,-1.4784813554696896,-0.21991044564059056,-1.3861245812990952,-0.288136417395124,-1.3601016440471831,-0.06627318126195046,-1.142486986453531,-0.38795693121609,-1.025603172539852,-0.40621006088233363,-0.7497541245894744,-0.6489753240125589,-0.7149198851777107,-0.7790087308204215,-0.5882318390023854,-0.9179754605649962,-0.5885238354326072,-0.8768071134824786,-0.4923172092327229,-1.0129730549208864,-0.5139547136683186,-0.8962018130478079,-0.522632209530814,-1.015545041570526,-0.5167636299196553,-0.8619654856025909,-0.5500514261635673,-0.9701420350545903,-0.5319433803186029,-0.03781643242828392,0.07483241523359214,-0.2300331917535748,0.07500188289038057,-0.5067496946521896,-0.42114973412127193,-0.7012156596045681,-0.37715601169844903,-0.7606199660691584,0.6428290731859054,-0.8453122403436897,0.5901160975822777,-0.737939138271716,0.9202646960334101,-0.8120206849251367,0.7459344960472091,-1.0268060048052134,0.6817871271788354,-1.0892695682323672,0.618516560395644,2,1,0
-0.11086898122321952,-1.4636366796103633,-0.0849241738442514,-1.5520400720500689,-0.0644636974685441,-1.5581764674545697,-0.04450430891254934,-1.5628347452303015,-0.1407345061534258,-1.5327674440612573,-0.1555196448143841,-1.5262083955079317,-0.16667626555295528,-1.5202601620341096,-0.012461917067265875,-1.5275493032623044,-0.17235424484988443,-1.482940396989449,-0.06470265905653354,-1.3893785025484733,-0.13375056926635373,-1.364645622593966,0.08748844067778618,-1.1520152241770083,-0.23891561343366155,-1.0533279999109864,-0.20837160828041384,-0.7571174333173426,-0.5166777764783593,-0.7434515127062531,-0.575519832335835,-0.6019243786339057,-0.775639799146892,-0.6199079653184589,-0.6712007836818684,-0.5182814220807836,-0.8555232762610799,-0.559711184199822,-0.6863370495741581,-0.5414614073109608,-0.8564618507295519,-0.5643058100049436,-0.6601073577169917,-0.5644054789325872,-0.82091072655382,-0.5729077159773608,0.05928243895260514,0.04466574993484816,-0.12676073961903364,0.004877019945573973,-0.4397384443032691,-0.40428384149686825,-0.6138662584547444,-0.41884210888827705,-0.7472564050183821,0.6411522780973945,-0.8618656134763181,0.5663564882621857,-0.7260670551595811,0.8980656521859022,-0.8386765859071397,0.8147664061141443,-1.0249333262381126,0.6096144284485208,-1.1017505360370279,0.5827844878405714,2,1,0
0.04801954533094002,-1.462506895231774,0.07466741996708794,-1.5458959042979996,0.09461644539299131,-1.5494901832513595,0.11067706184970615,-1.551901744583212,0.01861263970693455,-1.5311809707634447,0.0036600653754802442,-1.5248615949933109,-0.012549089279211,-1.5177346570709094,0.13888346997214568,-1.5232646569660926,-0.02405439886556267,-1.4803552024289086,0.08637145781283899,-1.3880377471930727,0.022885094085391838,-1.3633287430775014,0.23112589411413387,-1.1511507156088951,-0.09866162037283427,-1.0630469903476654,-0.001532878793446538,-0.7288136930514958,-0.3550958520935876,-0.7401248463476061,-0.3647811115578123,-0.6372784001392723,-0.6408567259797955,-0.6207277701881386,-0.4747347346218539,-0.5662219730787025,-0.715134765707694,-0.5819954698722973,-0.5001922716878979,-0.6008172509024767,-0.6955069973146233,-0.5927537196982381,-0.4685331124573663,-0.6165068266621944,-0.6654108419402265,-0.5966025049347243,0.14730605315425613,0.03200586573713939,-0.03123889279969729,-0.016966426300759226,-0.3451649254866085,-0.28413716559412444,-0.5059610807720986,-0.3876841390767725,-0.7040779154960809,0.6342861964152833,-0.8595299468324877,0.5243256645978475,-0.7088376401874622,0.8809173134668511,-0.8350266305293674,0.7288018036226097,-1.0261034455446068,0.5921011449913498,-1.101441674120579,0.5478331044190492,2,1,0
0.17869495820789502,-1.4393059805427846,0.20850744829586898,-1.5132357886198184,0.22866211073456597,-1.5131370848856638,0.2494970821839676,-1.5119880474369536,0.1576578041223969,-1.5057201317196753,0.14153988565223566,-1.49994121350367,0.12698253265465842,-1.4933374104522537,0.279894377926902,-1.4798145924758084,0.11626441455799302,-1.4581050541261462,0.2142971868388816,-1.3577591702492733,0.15675113183871595,-1.3452972523161042,0.360096064094484,-1.1062042456132106,0.037360761234013495,-1.061289830201289,0.20265146699972322,-0.722545828133875,-0.18375368795040065,-0.7350299455172888,-0.16826101166241922,-0.6464601334002334,-0.41252384869016323,-0.6471375976301287,-0.2654687975085824,-0.5800353142953074,-0.49120499951512203,-0.6027286388084483,-0.29445142439472904,-0.609010219633543,-0.4695980764732273,-0.616781144811672,-0.27161088247470183,-0.6196382191381392,-0.4321485691037953,-0.616826762903937,0.2337967368969001,0.033118175033614,0.062024604454235556,-0.04495906946523542,-0.25555737797001055,-0.15763027099676905,-0.4264232445262526,-0.26419962089077326,-0.6908003074654743,0.6419618214362975,-0.8155138725604482,0.5401940551512986,-0.6987841848070497,0.8764534459796472,-0.8373288709986874,0.7681861683396909,-0.9701163304279912,0.5777740160407046,-1.08320469874536,0.488885994870255,2,1,0
0.28977267608890733,-1.3727027530413836,0.31832228669613777,-1.4335756267991682,0.33812297712269396,-1.4331262022309406,0.3573943351200729,-1.4330320196662867,0.27178614302423004,-1.4326914079640185,0.2574815691214308,-1.4308860389428544,0.2431942671021171,-1.4274920630382706,0.3971601036642427,-1.4059802369548615,0.23947634178286317,-1.3940938791390225,0.32061050646003997,-1.2827895439867472,0.26922624669303036,-1.2750655576919732,0.4850687074417423,-1.026100602784238,0.16329575328936524,-1.00210253987273,0.3926541740607855,-0.5916955628364567,-0.05733792793826063,-0.6496958683722944,0.05024274153348455,-0.6402476401090814,-0.2861206869930363,-0.6302819665365017,-0.05638228478493215,-0.5930849334639038,-0.362522152396521,-0.593551477516645,-0.06575929192859564,-0.6303373381629704,-0.35606328076741217,-0.6082040290720224,-0.042286395874365126,-0.6375676533879993,-0.32322902386396984,-0.6065115876890599,0.2938610325092707,0.015048940126834961,0.11993377540485795,-0.07932077046469521,-0.20636685060430524,0.021848372658554636,-0.33367485579745,-0.1323704461969781,-0.6954671703832918,0.6920716194006968,-0.7603982763646545,0.5437051242659835,-0.7167128062623929,0.9173597684297563,-0.8214567212705951,0.7553700243960945,-0.9725376452940473,0.5799923354761473,-1.0370742411367353,0.448841234608135,2,1,0
0.37490700898135615,-1.2934039799828416,0.4008485651822564,-1.3607264798321046,0.4187654011171034,-1.3624708384648387,0.43758057819183244,-1.3647419387442272,0.35022955145297485,-1.343059578211226,0.33620600125441824,-1.33588758099279,0.3233545007493336,-1.330675637752029,0.47560473128476294,-1.3388747532416296,0.3204361620361497,-1.295952243192517,0.41310347451188445,-1.2170616453804664,0.3577357088172007,-1.2050470692295752,0.5867958340008926,-0.9780422981806732,0.25317131979793434,-0.9234440456949317,0.5517757694426865,-0.4782673448116793,0.054878921458286295,-0.5524085302627828,0.22138820940356457,-0.595798955955384,-0.1291615314235363,-0.6272126512417906,0.12755311440557196,-0.5793406797812413,-0.1897025310201103,-0.5984559812313618,0.12537198031928068,-0.6204817982474403,-0.18450430368682322,-0.62562028518373,0.1458092920512543,-0.6335402565564087,-0.15929670093474765,-0.622157577342805,0.34287904423874893,-0.06631849657671247,0.15500199803819467,-0.18380367683363524,-0.12226862752236499,0.1584886812969295,-0.27951124517965853,-0.013459014761400752,-0.6754764892383935,0.7105513155385461,-0.7717182688011369,0.5611198563879718,-0.7108562153703594,0.934915520400439,-0.836667561059817,0.7522198360469446,-0.9065800814370649,0.6935344463326152,-1.0421377477788345,0.4367499001750474,2,1,0
0.4058645233451128,-1.2081630186096977,0.44036074183713125,-1.263205818896565,0.46030773527674224,-1.261068423315218,0.48179741270956383,-1.2596684863590504,0.39350273153650306,-1.2705449469875532,0.3790571377850093,-1.2718708688430194,0.36764753475303097,-1.2702339514854972,0.518470904513918,-1.230500135925776,0.36768980006791346,-1.2349070569971345,0.4429177933875216,-1.1296194332567362,0.38421127101575075,-1.1297455180061813,0.6354249235540003,-0.9144269033236571,0.2866911688764416,-0.8720399740615709,0.7211465004849607,-0.344227775428982,0.14472664975464913,-0.4422192983881343,0.4418184888033185,-0.5724922763798741,0.03475961558107752,-0.5488544846380131,0.3537265998622419,-0.5770169002572215,-0.006541115408391694,-0.5537861153697338,0.3340683516747849,-0.6187682242070365,-0.0031848836491897973,-0.5973348327945152,0.35561187674435585,-0.627759661951712,0.01794045864139965,-0.5896767844549303,0.3643299107333852,-0.0887819018408652,0.1630986506189998,-0.1854591360660756,-0.07053710129797956,0.1260027068440092,-0.2555238501961855,0.015351299687148118,-0.6716953691454451,0.7018696541041513,-0.7749836707730673,0.5735980810111375,-0.7166900480159176,0.9322954772749835,-0.8416153460825624,0.7935748210704217,-0.9100955193222785,0.566591995473478,-1.060613075146155,0.43570119204952573,2,1,0
0.43446838798635107,-1.163098845808024,0.4732084098501036,-1.2235556703724342,0.4940828018335783,-1.2222341680871542,0.5127258696693388,-1.219056903520658,0.4253012850266953,-1.2234832808607665,0.41293807082768086,-1.224236487379712,0.39890761187573004,-1.224918167981164,0.5490065785233668,-1.183647053191907,0.3980330449754694,-1.1931476559018073,0.46974001244755975,-1.0876925456912554,0.4107640486934131,-1.0956676854917735,0.640307177018815,-0.8641912238084418,0.3196579112861501,-0.8635977822117384,0.7938223190212802,-0.38158177944266997,0.18649778557081523,-0.471506723218145,0.5635625091305393,-0.5705838348540265,0.11281593062111495,-0.536583217818731,0.48292963547170425,-0.5817366964179567,0.09489584350820005,-0.5369894118785872,0.4663207891132926,-0.6313605448605221,0.11356105999454798,-0.5807749573057509,0.48071985037868975,-0.6330569486167549,0.13024874742110581,-0.5724015481919172,0.3607404069478127,-0.09444403164471339,0.16872440786821358,-0.18885153718128272,-0.09531758053138695,0.14051820092396242,-0.2308136776884961,0.013859821748506602,-0.6817447605532728,0.7018637613439032,-0.7614642563736619,0.572358569372757,-0.7473876713328729,0.9329444936967847,-0.816952417256172,0.8016031989118013,-0.9601327753760381,0.5192048559423018,-1.046501133543878,0.4261951537762931,1,1,0
0.4327292109186627,-1.1515346594188494,0.46918629618287333,-1.2119703513258182,0.4897936851675231,-1.2114492992407826,0.5095712109503456,-1.2101298289417952,0.4200859890085518,-1.2117527255938993,0.40623576724073923,-1.2097008258358064,0.39094669597925896,-1.2078395771916004,0.545841353475653,-1.1775064414158494,0.38623899013696383,-1.1782857081589952,0.4638500969803304,-1.0735240132707342,0.4075120578310127,-1.0817391306523878,0.6397304993090241,-0.8389180894984355,0.3136369327030593,-0.8482142235876604,0.8084644058472517,-0.3568218232708161,0.17875551139940937,-0.4363271477359833,0.5854016882056584,-0.5444741317874279,0.12803530475276492,-0.5320409156606394,0.5011187575697365,-0.5738866253737376,0.11347876454970467,-0.5355414184466036,0.4771797238600232,-0.6194360365020427,0.12493550966366733,-0.5610132810160093,0.49390378384121547,-0.617502398346169,0.13557051952097246,-0.5568699593664358,0.34679305623522205,-0.08546752899928729,0.15934496234099918,-0.18259322259923638,-0.11229238762106473,0.13923195360085605,-0.2473280366843099,0.02032417974060504,-0.6824705860569278,0.7181428163270539,-0.7659362518060354,0.576372148697559,-0.7481884771307183,0.9369533994531142,-0.8173236611517983,0.8026323999689157,-0.9620457888710436,0.5215912206441282,-1.0472114143523958,0.41712497656278613,1,1,0
0.4185707368302889,-1.1647724913177817,0.45085940541421454,-1.2262932639049067,0.47048839299906065,-1.2249076016524434,0.49041140900042096,-1.2231658338022322,0.40188101741743865,-1.2252798107415588,0.38766991488409097,-1.2230748008163315,0.3740875089096203,-1.2207445697358332,0.5343577861426303,-1.1870601805672967,0.37164384219434743,-1.1860151300171016,0.4558391942210657,-1.0865648948982731,0.39736167670445144,-1.0877115447630896,0.6410569799607206,-0.843921652544908,0.2933040650665164,-0.843616041806527,0.7803386675806215,-0.3681109295156535,0.15165247183375777,-0.4380167443381365,0.5281441752590174,-0.5061521911033423,0.08730170113751212,-0.48589765653837247,0.44248091633464975,-0.4884572480716283,0.05319928158896603,-0.49187931618670483,0.4203442544663193,-0.5548006861255426,0.06116222947172948,-0.5259887460879598,0.43813144967570944,-0.558988305076291,0.08230464044717532,-0.5163321376304584,0.34302168967647734,-0.11776249674071945,0.15445295534198084,-0.19833766198884956,-0.11686781115572291,0.16110466044980018,-0.2489304610745179,0.03462347047904402,-0.6922521616714135,0.711678864732214,-0.7464846566245182,0.591467571665371,-0.7582417293125017,0.9200521502672223,-0.7911713879723734,0.8147273919773297,-0.9781532426117989,0.5076855256505324,-1.0325356981532847,0.41807188217505714,1,1,0
0.4047961049525546,-1.2013038456809806,0.4354914930845881,-1.2601325412285835,0.45636994904064765,-1.2630314236730174,0.47573477840747824,-1.2663847598517526,0.3851709781416641,-1.2571964734349983,0.3707536289996351,-1.25455702484045,0.3575831066466394,-1.2515784377336958,0.5181522890632654,-1.2340232953589008,0.367962289429728,-1.2097541654759827,0.4515080154387573,-1.1293013258026567,0.3886523802564795,-1.1153729741619003,0.6324228670055685,-0.8558043019857634,0.2892027039338815,-0.8448011978115851,0.7514237058380127,-0.36080908837313125,0.15034834303127803,-0.4441119920202155,0.47115143012627964,-0.4773723564491798,0.06698935656252276,-0.489949742003416,0.3907412621650946,-0.42929617036624157,0.02823958116456658,-0.48704938636892015,0.35612800126263233,-0.5023583710960662,0.048597442232506304,-0.5267596816873067,0.38119194258383327,-0.5156580261779456,0.06091757832212125,-0.5190869014471018,0.3006116973699721,-0.0942014124813976,0.12719812640028494,-0.1946762258885251,-0.12368654755722064,0.15833018636612017,-0.25731199813352135,0.01778602566273431,-0.6984090801374677,0.711405968973141,-0.7558588189873724,0.5809601705472303,-0.7572212657964448,0.9214891709732267,-0.801836877624065,0.8069609371690439,-0.9958504208284346,0.5109627131429588,-1.0539411497542852,0.4182714232289735,1,1,0
0.3589717660788841,-1.2267158154544169,0.3834602488820697,-1.2909275982882606,0.40371935541619747,-1.2917066618327773,0.42293158261246677,-1.298208509971971,0.3369564137922116,-1.2955447283415709,0.3220367576386946,-1.2934298370084127,0.3091354734694455,-1.2886264754114014,0.4672150662805898,-1.276683628376633,0.31827128384019787,-1.2520436101956895,0.4063912141921099,-1.1506430238337324,0.34864785332294956,-1.1277386267444656,0.6156858023121047,-0.898036292293052,0.2422894236060993,-0.8596948445405591,0.6468895934145035,-0.3605483845318128,0.1051955756272547,-0.46053237165000455,0.33012345348666683,-0.4098635742565585,-0.037146689746299935,-0.4812204304904637,0.22909451741759446,-0.33908339573244417,-0.10593674089561114,-0.45757613639246697,0.19691374730579672,-0.4086808566350513,-0.08847100591768296,-0.5183916573371479,0.21704626109390626,-0.42820499372720816,-0.0688741237162572,-0.5134267020302314,0.2946287169305497,-0.05956803491464029,0.0987037858202085,-0.1747204949078567,-0.11334150214384486,0.15562358062460724,-0.26194045651041187,-0.010774354471846022,-0.6982932569187994,0.7004058111790867,-0.7520726189286928,0.5590376800341217,-0.7568311244282987,0.898832320614035,-0.8026721255895671,0.7870336539964695,-0.9998365683382888,0.5123158128150861,-1.0557162929793495,0.41850632084437805,1,1,0
0.3094380362283879,-1.2656512635998436,0.33619421573392216,-1.3346605152704505,0.3561139805572146,-1.335223731071054,0.37293252790100473,-1.3380133434526125,0.2846358147416515,-1.327911780796727,0.27028572434590187,-1.3274561586703073,0.2611814097626821,-1.3264793828595376,0.41597162316364533,-1.3236612718702279,0.26806456012964974,-1.300725988589316,0.35610768139970805,-1.1829973763745607,0.2995753843608343,-1.1658768250680585,0.5683917277531216,-0.9374441264518107,0.19694483669607085,-0.8966692735148216,0.5559829970611568,-0.3835144016053974,0.006050494049891524,-0.5070830440239031,0.2299294605851528,-0.3744037878646711,-0.16721738350262863,-0.4585444794601231,0.12367852294317191,-0.30018528533514083,-0.2142113336862202,-0.4154648460709485,0.10318878596485367,-0.35516382405551017,-0.20806579434340355,-0.4454377614767096,0.12390955978462087,-0.38206224260151433,-0.1855298471686112,-0.4509489146990305,0.2938923250981741,-0.04122163707757419,0.09407654663509343,-0.15851174665042395,-0.1140543229352283,0.14623986792617874,-0.2788469888606641,-0.051350479149435725,-0.7087634726877887,0.6791408714302075,-0.7650114948443518,0.5660197881335305,-0.7573765095491861,0.8989625709353796,-0.8072582170522605,0.8260376308796084,-1.0137694919482032,0.5226681733791146,-1.0578565841411631,0.42583183462720714,1,1,0
0.24401762794780857,-1.302539637954622,0.2721675468513186,-1.3744294333933735,0.2929779312665819,-1.3787669113331884,0.31338110562884275,-1.3867159909095061,0.22602073175303994,-1.3723269371765991,0.21465156524828088,-1.3699184238241853,0.20509818169443472,-1.3656142704595662,0.3562050135431153,-1.3699671914952034,0.21217396436192448,-1.3350687921162563,0.2907051545985021,-1.2271732155688424,0.2371210664713109,-1.2159610708048305,0.5043670908568105,-0.9929847125806655,0.14890542956502553,-0.932082121023354,0.4521901532371251,-0.4493639653909373,-0.057557585656472,-0.5611422105462638,0.10990978382568566,-0.35215658594203264,-0.2542180958046718,-0.4490629266217142,0.008931037818036228,-0.2578023184463249,-0.3157409511777466,-0.3872398452739333,-0.019135772846113553,-0.32335013226743936,-0.3149980569892353,-0.4198827906679436,0.005743054523847299,-0.3473955404595612,-0.29005339326339974,-0.42568634671774475,0.2907425431462828,-0.039486727181099905,0.09367909011629469,-0.15296320488032242,-0.1351745852600867,0.11791336941385677,-0.30321091090412394,-0.08824647345281064,-0.7085828291063919,0.6792757953200247,-0.7742170023449345,0.5661104147221728,-0.7573037644399173,0.9058796554734307,-0.8322625195757788,0.8189590034313092,-1.0138697704717345,0.5341377200067196,-1.090176342115363,0.43756858745226623,1,1,0
0.1887073674652005,-1.3468678761208357,0.22094990996028804,-1.4207453605508393,0.23967933721347665,-1.4247872860844208,0.25614289655197975,-1.4286589311666968,0.17490672616292313,-1.4068265592456575,0.15932850325203052,-1.4047316829774796,0.1471327247235121,-1.4020486990766161,0.2982635340104433,-1.4027335800564789,0.1544285715064717,-1.3732276151007174,0.22971467963404324,-1.2690871492217086,0.17659632276507628,-1.266252883941374,0.42677345909555875,-1.031978326333713,0.0837174805162999,-0.9591808934177916,0.3463159458537602,-0.5167316261355496,-0.13494375161726696,-0.5867120148549645,0.010386346400672541,-0.3557476137173245,-0.3574039853231556,-0.43706089798617875,-0.09769845887022381,-0.24480553092133173,-0.40523470746196866,-0.35089126807773824,-0.11850742089508236,-0.2925160610709477,-0.4001464105871019,-0.37799176766052434,-0.09717644159169929,-0.33168005687461516,-0.3796367601431178,-0.39665312337291664,0.26978321413578465,-0.024775146423927457,0.08002332943666737,-0.10658149216663915,-0.17174444576352704,0.008566903853992405,-0.3249456458838123,-0.12610339407387436,-0.6843148168159346,0.658382099466772,-0.7749155992322709,0.5601227607142777,-0.7314520220331423,0.892514875230879,-0.8314597833909554,0.7882959238813253,-0.9645635214866755,0.4969560284306294,-1.0747161776080603,0.43755233156192685,1,1,0
0.09908275126374616,-1.3762365804025436,0.13380797461092117,-1.4518306360527324,0.15304235045777792,-1.457411384805569,0.1726910483096606,-1.463496320157214,0.0898680998248476,-1.4432526567189086,0.07597236156408464,-1.4415303959371046,0.06466882821657098,-1.4399292923379867,0.22322207703248007,-1.4396133692691715,0.08064024047504825,-1.4074886311793875,0.13475325463415827,-1.294546515075416,0.0867069387497187,-1.2869123425747673,0.3670576491323394,-1.043189404304921,0.013248805490814645,-0.9845453655116424,0.20145279828582044,-0.5275884272966731,-0.228633559595351,-0.6028617339106023,-0.12775925768313234,-0.33046919624295784,-0.46865299964861945,-0.427090144447868,-0.25842593301902994,-0.21708537711867001,-0.5513924334968137,-0.3316509994706335,-0.2827412905901007,-0.2517128619251793,-0.5415807844852001,-0.34453684054406014,-0.2555045463264074,-0.2894191107626595,-0.507145119184696,-0.3743220004164009,0.2429701390140624,0.008431370368287516,0.04364427244608592,-0.06790527467246882,-0.2167013296889604,-0.06421721955171357,-0.36306916310644244,-0.1376080940643383,-0.6855831826596677,0.6592745478464059,-0.7768583813264606,0.560359893514604,-0.7245302639266186,0.8933790790010483,-0.8307679936576986,0.7540240366759907,-0.9879425397741959,0.5633493517480228,-1.0543030465129666,0.43648858673784124,1,1,0
0.02848159073199465,-1.3827000240008105,0.06043762315984996,-1.4592541423745138,0.08003206697772482,-1.4639825236773343,0.10155506898574225,-1.469061625814228,0.013240880744274179,-1.454143442850773,-0.0009722537753658919,-1.4529238446780581,-0.013571991178818818,-1.4520536465483262,0.15168417081991964,-1.4470593798391416,0.002344557449762918,-1.4304788796895092,0.06842840925481966,-1.3042450332501987,0.01927100326568094,-1.2881872107746362,0.286699093622982,-1.0646028822517768,-0.04229797819623196,-1.0044456232665275,0.10931461504063375,-0.5759583369981817,-0.3026632905983148,-0.6140273969881748,-0.25314906781622587,-0.28465024213296225,-0.5485765068927682,-0.42588466857988566,-0.3390313748629172,-0.17301708079891504,-0.607059510772372,-0.3318861002846673,-0.35890806157681016,-0.21351131642891993,-0.6070765794572284,-0.3368526811806177,-0.3500851770950915,-0.24835886535089904,-0.5831974893431416,-0.36134075758654477,0.21229527394358239,0.008449251847660873,0.0298424119520331,-0.05727534478089476,-0.24561629143156927,-0.1280260595037689,-0.3996359756304442,-0.1692885891509405,-0.6866266076208289,0.6565130784749975,-0.7798330060599447,0.5716305086841803,-0.7119406864546277,0.8820001589620855,-0.8189058672783968,0.7846887418150086,-0.9580110768888004,0.6273731758498169,-1.0351726067649674,0.4478925002082008,1,1,0
-0.06547339145725115,-1.3889954223326935,-0.03596407372410734,-1.4695019064441397,-0.016189189523464965,-1.4747686625151388,0.002035695533313994,-1.4788674836649083,-0.08079172332134234,-1.4609982978086187,-0.09292816785012188,-1.458795370669341,-0.10268414043732303,-1.4559878768084091,0.05657359802617053,-1.461121639376569,-0.08322116613256822,-1.4330646838459373,-0.021935849957078143,-1.3099467867867494,-0.07132429278766583,-1.29181125832718,0.2127406853388824,-1.083328143933066,-0.1262618869842428,-1.003088358022501,0.003243304986903439,-0.6015723370087427,-0.38460008986100036,-0.6219091670185557,-0.3541044459815124,-0.27328686678913666,-0.6379385904652409,-0.4148157280498327,-0.4467451394368163,-0.16106879820081424,-0.6969875025272857,-0.32619714826175905,-0.483354623672959,-0.20955016235046248,-0.6954358777943883,-0.3233135565141757,-0.46724280116167505,-0.24574369899254533,-0.6708598163819991,-0.34080530091664696,0.1671455545189977,0.025635385511751083,-0.020185293766152166,-0.04202284927267821,-0.2664246438605401,-0.14436180690447836,-0.4601111388711435,-0.2131711619235676,-0.6834630081621492,0.6158369800718203,-0.7991365710400585,0.5789279810561739,-0.7062942029452313,0.86571704000635,-0.836306375496338,0.7855060067018228,-0.9421772301023204,0.6845674940227634,-1.0535718362456368,0.4856553398639251,1,1,0
-0.14649762567600763,-1.3902732369126862,-0.1155518968327471,-1.472935404482111,-0.09726361380364441,-1.4785566913614814,-0.07578653468583582,-1.484577619144915,-0.16617334894557956,-1.4609534417112133,-0.18139759984433138,-1.4574596952796715,-0.19383213676220998,-1.4538926449426302,-0.025815521385209268,-1.4679084227936183,-0.18371894098480013,-1.4293976089836515,-0.10067999235710215,-1.3132896582360785,-0.1554834754583789,-1.2927088882718596,0.12337108341712769,-1.0844735746061072,-0.20793574722068822,-1.001660074857554,-0.11813759938986063,-0.5927584948660254,-0.4790691645822302,-0.6202117472691767,-0.4787964720217865,-0.26871855520650195,-0.7254137715665658,-0.40199196415763966,-0.5611886394126049,-0.150520757356825,-0.7940291734940429,-0.3019949723271764,-0.6010249178811219,-0.18956049719871054,-0.7959771371532782,-0.3013649549772094,-0.5703598063448455,-0.23178496915671715,-0.7671973024991158,-0.3222649499879687,0.11581168801204027,0.04130504780580292,-0.07392543844060182,-0.015417443150042022,-0.3380580534288446,-0.3020210833510341,-0.5177829738228105,-0.36767009008951146,-0.7103723994341324,0.61901134905785,-0.7981944405955747,0.5897911829741186,-0.7204983967251846,0.865746300608961,-0.813795015355684,0.820978188210094,-0.964720898825024,0.6037074442964351,-1.0473143344581073,0.518040527796741,1,1,0
-0.24643741709233907,-1.3914320786952574,-0.22004923030436335,-1.480841355149372,-0.20166666311129203,-1.4891528902806013,-0.18383740578564864,-1.496500451114703,-0.2660979004647178,-1.461386864387388,-0.2797428916169952,-1.4569933544255593,-0.2904002533235171,-1.4527201888518997,-0.12675017329031302,-1.4746795091165585,-0.2768511719242422,-1.4275840104180029,-0.19826755644131994,-1.3217649714624775,-0.25051947435519595,-1.2959951689029445,0.02359730528088755,-1.0861873518451401,-0.2891243691305021,-1.00083600281666,-0.25033679878750675,-0.5916654894393287,-0.5752465301795036,-0.6190554454694711,-0.6065407446719153,-0.2746724782419427,-0.8414034099122623,-0.37506235462204673,-0.6907379254862968,-0.14621985517027372,-0.9058401336286775,-0.2720256128974271,-0.7109791505410512,-0.17433055673833994,-0.8999896386955214,-0.2630296031835937,-0.6777964079884576,-0.21870446379647596,-0.8730706970879637,-0.28314118751289125,0.04857001041755853,0.04488398526265483,-0.13448696109872935,-0.005078493695543525,-0.37730525907118695,-0.30515064703931577,-0.5698365698745456,-0.410753482653327,-0.7233344399935252,0.606778181981551,-0.8040664745834306,0.58920048455891,-0.7204488162596494,0.8661459923126813,-0.8126479590936089,0.7989878293548184,-1.0080623536479778,0.624121591384675,-1.0581882043040873,0.5157710023067292,1,1,0
-0.35573267659763425,-1.3825827275920801,-0.3317822637646834,-1.4782903487582015,-0.31330256762683406,-1.4879615875170085,-0.2954607119861776,-1.496043406597879,-0.37445722708372103,-1.4586469848703365,-0.38529320038534726,-1.4548038383958117,-0.3948333760282926,-1.4507868554939698,-0.23392668068849445,-1.474144080728504,-0.37034733160865796,-1.4267997145087834,-0.3068010242855842,-1.3181438702900576,-0.35577534830977525,-1.29414296259774,-0.0707327815779403,-1.0873253657682138,-0.38670766604350576,-0.9948732406408473,-0.35587532203536265,-0.5878428152267002,-0.6883661910857759,-0.6182760771270106,-0.7144406391902008,-0.27633098545382173,-0.9545659457293048,-0.33876721866534254,-0.844418369573651,-0.1324037707721739,-1.030471911275381,-0.23433694074137637,-0.8600955502169848,-0.15190393042608014,-1.01812261618247,-0.21547116720796589,-0.8233676011799936,-0.21635853562186882,-0.9880869124002728,-0.2352423938332819,-0.023887572790954405,0.05826685018320918,-0.221920080083801,0.030700314544254956,-0.4302809705024255,-0.32967702638685514,-0.6394062941642611,-0.4053272664580296,-0.7386753269054623,0.6120345241228015,-0.814665721481989,0.5879849503587801,-0.7250049359245295,0.8664026321814149,-0.8200256949241533,0.7179731454716363,-1.024431730421827,0.5987087580170644,-1.070984942778591,0.5224218966404724,1,1,0
-0.49591006377523705,-1.3570342591394498,-0.47070225782453223,-1.4570220054322827,-0.4501911849901435,-1.4675378900931941,-0.42953279314955384,-1.4786315192567,-0.503928688082413,-1.4415902379334167,-0.5102908371640024,-1.43916836427113,-0.5163867960412838,-1.436781237574444,-0.3592864174244601,-1.4683787768206578,-0.46851319899170046,-1.4237838912532204,-0.4465293424925606,-1.283389437139929,-0.4828661341682595,-1.2682335117802601,-0.1835147263624112,-1.0869642818040497,-0.4793093453619951,-0.9959809779681639,-0.4952429626754332,-0.5882328549955316,-0.7780706643485226,-0.6280125426458045,-0.8906611960242469,-0.27176186107667005,-1.0697632110202693,-0.3299243191186435,-1.0030377595433786,-0.13037889643177028,-1.1655312329789331,-0.21347799185372413,-1.025932961894672,-0.15583663669644363,-1.1601869058312204,-0.1997616779825825,-0.9918625461302317,-0.21069742181116682,-1.1165913511223986,-0.21948190175195856,-0.10658941489273874,0.07850076008731084,-0.3014400348502737,0.04520158472016119,-0.5233723585173897,-0.42707205976986545,-0.7375947165951495,-0.5016697309415626,-0.7439857198820914,0.6044151851220875,-0.8215663469310716,0.5572027964120599,-0.7263718531034452,0.8624615947672525,-0.7982140492632966,0.7114856228358042,-1.0566639097868231,0.6946329381223012,-1.0877817478690521,0.5530652659234199,1,1,0
-0.6209865416220384,-1.3308289003181353,-0.5969873611180692,-1.434941375585966,-0.5788561506293711,-1.4450552317589207,-0.5582461200625412,-1.455951250255488,-0.6231617829480816,-1.4204289802851084,-0.626691749535286,-1.4198211623853862,-0.6298770912472947,-1.4192802476343422,-0.478962688500507,-1.4530261043882247,-0.5653956638324461,-1.4143543064642403,-0.5721276344192572,-1.250819287654845,-0.6017117292479622,-1.241608801787846,-0.29584231901189545,-1.0890394478051908,-0.5628085388849279,-0.9621200599904728,-0.639422956451859,-0.5995927759626601,-0.8930056002091347,-0.6304025649229573,-1.0610948590960896,-0.2819038094601178,-1.2144590245170275,-0.3180216546128077,-1.1776626991412962,-0.14198214775741694,-1.3107853347095357,-0.20872009595000598,-1.202340563066936,-0.15780949218776114,-1.307923078818023,-0.18360393258108965,-1.1648667734613094,-0.2093095751734391,-1.2700313096320441,-0.20889504996978397,-0.18054924556724306,0.08905306810251419,-0.35970825777876797,0.08811490003130058,-0.5817415711646177,-0.41089551849516764,-0.7464663687478864,-0.4712582112945812,-0.7508452992080669,0.6166644048900967,-0.7962844750800078,0.5545797053071657,-0.7276292462211992,0.8976665700780695,-0.7614693363393928,0.6753390250770763,-1.0527636136978238,0.6515202849558748,-1.0457226795952492,0.5911983334816244,1,1,0
-0.7179464251405254,-1.2628792786993719,-0.7011288937898814,-1.3725107303367492,-0.6874546420349931,-1.3837638704242106,-0.6704314736715555,-1.3969446035083257,-0.7196006651811903,-1.3610775054641213,-0.7207286207721166,-1.3621727460757396,-0.7215899797614764,-1.3635722766346488,-0.5847653699663785,-1.4186418483409189,-0.6493187296959791,-1.3869316354547898,-0.6681109453256037,-1.1937637541456712,-0.6915775422223277,-1.1822254247820676,-0.41592112657247216,-1.0875586377945845,-0.6152878360649264,-0.9392735237108829,-0.793293391257555,-0.6026977526168034,-0.9805455000738734,-0.6329041432475644,-1.2350191698203783,-0.3139413245382994,-1.3436734392497274,-0.3197104384204439,-1.347142751046103,-0.17970841165987758,-1.4273335660870203,-0.22467667470854855,-1.3688310551390093,-0.19093533912416674,-1.4230079752670162,-0.1880584529313484,-1.335693829079366,-0.23229174653804846,-1.397890694305639,-0.21331340096403753,-0.24999522189174975,0.10624001456112137,-0.3937852774986587,0.13007887134661802,-0.6635529968730604,-0.4648389633981746,-0.8051335721848988,-0.45638793240797015,-0.792320476220741,0.5911058781053189,-0.8077367498241271,0.4597788072243826,-0.7629736157916767,0.8557599007761986,-0.7577816876158961,0.6170474343062192,-1.1126720559615653,0.6253298104341521,-1.0450957102247207,0.5728588443979525,1,1,0
-0.7957937503903867,-1.2320358603659352,-0.7809743727604009,-1.3417720100970296,-0.7675132763675881,-1.3528245931374285,-0.7531572932115904,-1.365645309050183,-0.7998017417528845,-1.3339723323128627,-0.8014381003141762,-1.337727747779212,-0.802560264744169,-1.3419292858360634,-0.6757241883674404,-1.3978893247353326,-0.7277716884602983,-1.3786647532223366,-0.7441039814843106,-1.1684110675723163,-0.7683992223910864,-1.1579744303768094,-0.5184224399090372,-1.0870324549441606,-0.6603572920309603,-0.9403021151721095,-0.9361921160772909,-0.6469083895763429,-1.039344376222635,-0.6399573708672082,-1.3779735710645267,-0.35773357552022816,-1.439747478344031,-0.32071810042285853,-1.4837809260988708,-0.21914073125346006,-1.5205443332966648,-0.22273023503903258,-1.501701724406988,-0.20908951105796925,-1.5249900145065516,-0.19170790031254753,-1.4697090146265543,-0.2469437900968528,-1.4976929202499731,-0.2152362695925613,-0.3168406621592082,0.12076587177116598,-0.4463688155754588,0.15607468158152607,-0.7345422667866655,-0.5410536892613853,-0.9117476257773364,-0.4848632739162124,-0.8517089331922503,0.5908205872298622,-0.8231253884139363,0.44207939382282524,-0.7732347401711752,0.8582948036760014,-0.7608004064519259,0.5860929679219012,-1.1248880527536933,0.6276363180746862,-1.049681801687414,0.5532662293677408,1,1,0
-0.8396768311595869,-1.2237313355874146,-0.8250923511450058,-1.331868464505341,-0.8132675117141699,-1.3421791693503746,-0.7993543999706068,-1.3541497021983775,-0.8423633202368048,-1.3237266510291865,-0.8428187899642523,-1.3274959348019817,-0.8430094918777966,-1.33152526202055,-0.7160357484297561,-1.3909916964660312,-0.7660067617303827,-1.3737410980368139,-0.7852504847141846,-1.163665719183954,-0.8069128809818625,-1.1543134006737434,-0.5899461222175507,-1.0819039247407036,-0.6445472194841017,-0.9724532182840379,-1.0255666963654622,-0.6536929886081279,-1.0431919422673457,-0.6378345547875095,-1.4760004505851672,-0.37795488710931674,-1.4765616851991357,-0.3341369315007888,-1.5777762432160212,-0.23782586120547375,-1.574792271345592,-0.22322380450946314,-1.6037376112832726,-0.23798191775273217,-1.5860169636249595,-0.2063924556520307,-1.578456755425355,-0.2787868440868492,-1.5616359728966431,-0.23512413223106265,-0.3676411322644035,0.14732901257891967,-0.43367377801489104,0.1597489191954928,-0.8292805796916419,-0.5826243696298035,-0.9040320722256758,-0.5525808427003805,-0.8549648864279209,0.5462006066317132,-0.7960299687968813,0.38782373422598687,-0.7779660170544626,0.7727790669564639,-0.7269849033678705,0.57617870360252,-1.102650502765944,0.576344513683982,-1.0002947812472311,0.5826333080604148,2,1,0
-0.8408641207502521,-1.2293568896379992,-0.8265892138473222,-1.3367842457439807,-0.8158957843841098,-1.3469274133192037,-0.8039000549060809,-1.3585638876207318,-0.8435402466973786,-1.3279307290689037,-0.8435914527519478,-1.3304590280132562,-0.843097680082888,-1.3322310724592246,-0.7150451551121979,-1.3919166566263441,-0.7646806874759448,-1.3792540292471405,-0.7882136287251165,-1.1678309354858283,-0.8088179697303276,-1.158119717396718,-0.5751370061183417,-1.0830182660234708,-0.6542511732222167,-0.9802618368078915,-1.002374925614789,-0.6678943376072719,-1.058157419711757,-0.6271784122727632,-1.4755903957513554,-0.3889136939823202,-1.4741000354051748,-0.3415881236358045,-1.585691845818171,-0.2451812451868015,-1.5833893005509072,-0.2235381527889016,-1.6113685326058536,-0.2534463494312489,-1.5970279925456783,-0.20969971654158512,-1.5813926708199684,-0.2961036344695424,-1.572820025450162,-0.23993668856604708,-0.34529984937642566,0.14188430530836119,-0.42520567833983025,0.15479737499810636,-0.7977816425802681,-0.5669753319966198,-0.8871012576392291,-0.5442286678433027,-0.8482076176117691,0.5506352135163062,-0.8020560273457032,0.4012736546941913,-0.7527216353504941,0.8218854700896627,-0.7318023364699567,0.5807872485137447,-1.1038033501889524,0.5513976147732249,-1.034847793756123,0.5268441084086816,2,1,0
-0.825286304236618,-1.2421891878726203,-0.8047716754262174,-1.3467012532448568,-0.7887874616540979,-1.35680210470554,-0.7715386412128863,-1.3675902247299796,-0.824277118244484,-1.3401035461523176,-0.8265300830462126,-1.3433138304960661,-0.8294342994546641,-1.3458930306970438,-0.6776939958793193,-1.3922601639090788,-0.7583803107776451,-1.3799568425060338,-0.7663416330713747,-1.1711343864010846,-0.7905647384647693,-1.1667541859494712,-0.5524797493618915,-1.0830640873143649,-0.6467102688923904,-0.9828242731219566,-0.9938476951386184,-0.7061979904147256,-1.0394513603009312,-0.6273663710048126,-1.4147254975397685,-0.45012819543551913,-1.4619691788386995,-0.38023162615066675,-1.5196007804617762,-0.30747584895374014,-1.547928701364503,-0.2735410682743193,-1.5441744034906146,-0.31740088280047124,-1.5539578078927634,-0.253442285458664,-1.5149388959103753,-0.3581586670526039,-1.5322336392417957,-0.2803712853983692,-0.313695147378531,0.09677725759591745,-0.4084401658382724,0.13825395859831086,-0.7921960170603298,-0.5658749098199559,-0.8804891742436712,-0.46543281139213644,-0.8294177387663808,0.5527915573698299,-0.8165411432305847,0.42660825658954354,-0.7405748276916232,0.8408020432803839,-0.7576711475615882,0.6508101057466714,-1.0885371387732619,0.6056947268904288,-1.0581538637357453,0.547893251213305,2,1,0
-0.6400465730450048,-1.3018172668276642,-0.6161006305818972,-1.403017804139132,-0.603002446940912,-1.4107791281820294,-0.5876995581726432,-1.4206021563168807,-0.6404344792282292,-1.3945268954179386,-0.6433912224823399,-1.3966286296398533,-0.6452962096314904,-1.399193758335756,-0.504221700505781,-1.4196964492266886,-0.5854298294840021,-1.400643275757459,-0.5887196152914417,-1.2371527066482104,-0.6213724158189703,-1.2288437114998467,-0.35169613582772774,-1.0898070306271552,-0.5921890286871317,-0.9783167179294655,-0.7258317511469181,-0.7059707127479177,-0.9033212834205848,-0.6966737658641758,-1.1673811532995588,-0.4927088745905882,-1.2727249106612855,-0.4510899345477249,-1.2951018549086954,-0.3595521016526358,-1.3529601246026925,-0.36114172452920157,-1.3128116314403442,-0.38148322810748725,-1.359899459390646,-0.35323211628661433,-1.2768377525164727,-0.41617878445479284,-1.3322812097005494,-0.38170491781199106,-0.20589502338720367,0.08412651733652461,-0.3621801691035056,0.13627866472344244,-0.6648394473947961,-0.5069851022846081,-0.8204390009360331,-0.32077337045001253,-0.7658537531625629,0.6235008195723385,-0.8618509831750126,0.542086443985436,-0.7290843516052062,0.8973627881273516,-0.8008956615734127,0.7170081551813626,-1.0759496948868783,0.752168223595117,-1.0749689567028382,0.573348959491686,2,1,0
-0.46104991653824484,-1.3481068797626432,-0.43623164235979833,-1.4465902450038775,-0.42190329421737766,-1.4542908126566312,-0.40499777786027163,-1.463076257790912,-0.45925770462832416,-1.4368666825980405,-0.4618245097129181,-1.4384772857330757,-0.463604326506455,-1.4404554243887533,-0.3248330738432118,-1.4529740855391384,-0.4127591527028263,-1.432074903322896,-0.41913268090765327,-1.2836161560105066,-0.44718953483897017,-1.2725353791603002,-0.1892209502688051,-1.1108927491850422,-0.44180619355444295,-1.0122122812734426,-0.5333863933637292,-0.7119475972284629,-0.7246946516176759,-0.7384809694370326,-0.9284469971250756,-0.5167828321901187,-1.0430629111377767,-0.5442690027712074,-1.0281157215699972,-0.408375855492558,-1.1316133177857395,-0.4637127349955969,-1.052637427349064,-0.4254648602118702,-1.1363815768195489,-0.45362371985506694,-1.018816437902019,-0.46377054500561643,-1.1035901948268767,-0.47801730889839616,-0.08251423810143281,0.07359310679384083,-0.24485449977053833,0.0788088092092428,-0.5483724954690085,-0.4045849818654059,-0.6899316333254617,-0.3424998758852166,-0.7682391018712431,0.6350488008708312,-0.8574817046497212,0.6240045489742312,-0.730736762858208,0.8959747382909947,-0.8146551551532685,0.7527887922088243,-1.0737995485915464,0.6604490359234289,-1.0739949240735633,0.5836460500285604,2,1,0
-0.3063011556576471,-1.4087835144442367,-0.27756643109917656,-1.503127571208825,-0.26250250391889723,-1.508691556074749,-0.24664772767360527,-1.5145324498726733,-0.30114438084472556,-1.4965738058198597,-0.30375202885379726,-1.497806408704846,-0.30564807526326104,-1.4995078416271526,-0.16596344476157185,-1.4893304858825593,-0.26633686205270724,-1.475485191681506,-0.2658581260822114,-1.3378745587888399,-0.2969416235960985,-1.3316376816621787,-0.02919532418540332,-1.136573753943596,-0.32138194832415357,-1.0503640431055374,-0.3503505545048825,-0.7375448333521113,-0.6010608840384979,-0.7431959904299804,-0.6989859610458878,-0.5660985299114375,-0.8595642874008297,-0.5816959550927935,-0.8087047880938394,-0.46543890735101373,-0.9336602611569267,-0.5064616626156789,-0.8215596413763065,-0.4928758022645111,-0.9365908933871797,-0.5156254127979522,-0.7949842070514836,-0.5194181152127675,-0.9031333246885354,-0.5285336057205956,0.012790592581872326,0.051602544739935904,-0.1641921623104631,0.018870293548373426,-0.4860748437226312,-0.3886382582403817,-0.6428907442585151,-0.34488735817950383,-0.7561396394929858,0.6318431392958981,-0.8558723715061188,0.6148608138569384,-0.7295582108086002,0.898608802121868,-0.8152273624932159,0.8040527583873223,-1.0684747285122411,0.648054529135511,-1.0780897828500624,0.5758808144120502,2,1,0
-0.12775702249821067,-1.4327046666745766,-0.09598204004901062,-1.515320860554135,-0.07550713657062709,-1.5204088018314008,-0.05365759436541661,-1.5243345485487128,-0.12851434378939827,-1.5104617717330542,-0.1344963082356745,-1.5121691990149233,-0.13945374519330897,-1.5136882611674847,0.01178374337397468,-1.49792345111529,-0.10604748414854842,-1.4935212036124037,-0.08782950784516372,-1.3549864233539417,-0.12634194724416442,-1.3529930448010707,0.13268956935556928,-1.149044155419536,-0.1731627721956412,-1.0925438113651107,-0.13427949529827252,-0.7369453973958453,-0.4486785743940607,-0.7410196315114763,-0.47861115487191713,-0.5646549052499826,-0.6970161535340089,-0.617501585551652,-0.5864137172467954,-0.48812197033337784,-0.7852134009643478,-0.5533381639915682,-0.5993190653886293,-0.5180528236228856,-0.7671442676568834,-0.5495284944912112,-0.577668861038706,-0.5382550345408255,-0.7317720598741996,-0.5625683601256039,0.1062469253349565,0.03802379634079159,-0.0642558252708288,-0.013972091300238602,-0.4190908219900293,-0.37341725851969776,-0.5447071985947285,-0.35743893750782624,-0.7131726797437263,0.6291322663831711,-0.8521003953514864,0.6047228278467609,-0.7052357412855059,0.8704410017389845,-0.823226886129243,0.788749463221795,-1.0323484506164375,0.6050408337015257,-1.0895474423578568,0.5480793811576914,2,1,0
0.02524849734211384,-1.440559512886583,0.06202724603641571,-1.516321359804869,0.08165907840207122,-1.5185579163172862,0.10451607941106707,-1.520798486002631,0.025668508908758526,-1.5128265973801809,0.01804124516150404,-1.5130073425608923,0.011606350970645793,-1.5126625652867247,0.16867198262186894,-1.4951633025349715,0.038496844770109506,-1.4903675100868996,0.062021556474796916,-1.3595876531145137,0.0241118042101301,-1.356659052870553,0.2789251204654143,-1.1479660342924314,-0.03999268974747338,-1.0906292738803858,0.08657526603796943,-0.7242177464552841,-0.26458346108097186,-0.7391963302112815,-0.26752760602006953,-0.5968049923687647,-0.5314580383722158,-0.6294359490436497,-0.36589403045017466,-0.5189655918654439,-0.6053075321910413,-0.5820982883786942,-0.39116909514715875,-0.5671330141329122,-0.5837550663817836,-0.6003132167026402,-0.3559773277472425,-0.587400147012895,-0.554884605138979,-0.607174320018335,0.18548504360266954,0.025500461621933923,0.02379054717729737,-0.04167659880844862,-0.3268380347179497,-0.221149959299412,-0.46076421926552963,-0.2805294755312347,-0.704215277769449,0.6288331580009258,-0.8530245427172822,0.5734763650322211,-0.7000635233767619,0.8678496096202523,-0.83228497302431,0.7957297425335407,-0.987306324866037,0.6347568044406093,-1.092579978700675,0.5356682120821756,2,1,0
0.1659576553324448,-1.395011422549368,0.20107281684913658,-1.4654681596553851,0.22192485698339456,-1.4650480464894258,0.24463128780812157,-1.465535824798923,0.16332054352213285,-1.465565237800506,0.15536267560510048,-1.4641510261406339,0.14832245269772817,-1.4622889139022537,0.3103065071697712,-1.4326371539300107,0.18260693821807575,-1.4395888330346904,0.2018378596882354,-1.3034104456802416,0.16397606230006986,-1.3025003698195208,0.41468090547069564,-1.0741384859255643,0.09403753249827883,-1.070463537116395,0.26982934022462274,-0.6940156229957373,-0.13585814544885916,-0.7000602742191349,-0.05559062292540254,-0.6196942003604956,-0.38149257322399155,-0.6232816721597757,-0.15590328382639435,-0.5607457700206113,-0.4447787863016346,-0.58041966450252,-0.17581674949218026,-0.5920476044616197,-0.43070220126084563,-0.5898558024472932,-0.1444170749111915,-0.610634894273653,-0.4006613159136029,-0.594294473304471,0.28546750673114196,0.004934525157649661,0.10950806013567281,-0.07042331208604452,-0.22601006209319835,-0.07893286428147088,-0.34805095561774274,-0.15053213648006258,-0.6977421822362931,0.6617576350957519,-0.7894986568564474,0.5842696666217063,-0.704083808256329,0.8934294722611005,-0.8315507147775415,0.7931464783599781,-0.9706665923159804,0.5580915872163675,-1.0608362888403784,0.48204978338664245,2,1,0
0.2717133979149612,-1.2834715801858003,0.30482400495417356,-1.3541900371262823,0.3204577010908495,-1.3591902981950297,0.3407257483646639,-1.3651316229154573,0.2710172394111756,-1.34825333517467,0.264955417903607,-1.3464072756279999,0.2603241147459071,-1.34473291892304,0.4098650979576433,-1.339954144360167,0.2967763232430159,-1.3286885075570072,0.3106155722848494,-1.2038929010154766,0.27386466180275376,-1.199913255861758,0.5424515939426261,-1.0142627586411308,0.21580735905141343,-0.9662322922497721,0.4605336921524601,-0.5423114887763977,-0.014053978327382534,-0.6029470773348842,0.1389964484100046,-0.6136225237194086,-0.2013425612976499,-0.6198531016885633,0.049317374975913236,-0.5526964627204197,-0.2451521857623789,-0.5894286789286249,0.0388260265494827,-0.594632291025587,-0.24041948648868688,-0.6124534204060607,0.07304487891258488,-0.6096529368978376,-0.21619252032133665,-0.5977729290391623,0.3476641687587856,-0.055832837711900736,0.15846816025581686,-0.13641369252164962,-0.16664050259420857,0.11597200971007188,-0.2829609483083121,0.0009985677092183036,-0.6751739264794512,0.7002928327412278,-0.7555950671666153,0.594114843407145,-0.7088136627492116,0.9191993256202906,-0.8151428318634509,0.7907920158429428,-0.9393972696556508,0.6415141748560759,-1.0377662340686216,0.47167568056928494,2,1,0
0.3314247375083372,-1.2144448026334214,0.36408647877555245,-1.2764350656534118,0.3849259205947974,-1.2786607510391645,0.40818830286913244,-1.2815788865537192,0.327679786771394,-1.2715431602537082,0.3213101193405226,-1.2696891251608402,0.3170896838111515,-1.267361789660809,0.4694793086062413,-1.2531579514784565,0.34677761313939964,-1.2431547369591245,0.3725025596015271,-1.1249186361678352,0.3276899467028561,-1.1183491228851037,0.6094118414356067,-0.9368856350193372,0.26830941447788725,-0.8683272303073626,0.6364354303372243,-0.4136630838254534,0.12415746211229699,-0.4750665600038481,0.29877356256984255,-0.5979097833159573,-0.05160020824433414,-0.5828430113548686,0.19171653596565583,-0.5520803644765558,-0.1050717243309249,-0.5860298770565967,0.19240111214757455,-0.6015465307828288,-0.10076005261702378,-0.6114520575611526,0.20744268747863714,-0.6062337135635705,-0.076213658204504,-0.6003336381648791,0.36036875665492774,-0.07919885128714958,0.16612366861253608,-0.14470196140983066,-0.10572135034861387,0.13853315351489034,-0.26347968612692546,0.06128292743705877,-0.6721978793555624,0.7025221249026495,-0.765397572239913,0.597627741309493,-0.7094766998764306,0.9313156534847751,-0.8397210268614472,0.7895618513415074,-0.9262855733058208,0.5848262276672022,-1.0394904760370605,0.45871506240029697,2,1,0
0.3617992750047965,-1.1643205267666885,0.39948855675673495,-1.236207833022232,0.41875544438427054,-1.2349858980652808,0.4408029020543634,-1.2312621815850935,0.3638593027080591,-1.2358015881627182,0.3550069544251003,-1.235685460146106,0.3481764325031065,-1.2340326424958459,0.5034730168881426,-1.1924610477335962,0.3733409571457826,-1.2010336931034025,0.3923404353772348,-1.0841036515015707,0.35331634182980093,-1.0880960981689316,0.6284873159543956,-0.8787718430490673,0.28942703522056545,-0.8562034856929107,0.7581058927606592,-0.3571106701222846,0.1567100857156089,-0.4408118430826846,0.5077450648693413,-0.5474346342161797,0.06310338597688513,-0.5078411781096077,0.4134562273322498,-0.5423505029132123,0.02488477179576938,-0.5084009903331713,0.3949001285098052,-0.6003977473324051,0.02877887032657674,-0.5514441495683968,0.4196885324897531,-0.596252698494483,0.05223266570965844,-0.5437726901192821,0.3574849617087152,-0.10034309105025861,0.16097888251873982,-0.1773726434167326,-0.07348124623707723,0.1108446986983905,-0.2425118227739991,0.025777014956333253,-0.6683515325026271,0.7015329539754961,-0.7691463837508119,0.600305899242912,-0.712016276344706,0.9300218878123867,-0.84522628732352,0.8136543000162989,-0.9342932248870177,0.5190839527579024,-1.0526141611060158,0.4265509545760971,2,1,0
0.34933913505963327,-1.149164195009761,0.384497781082983,-1.2225321588769387,0.4030286832754015,-1.225098354365645,0.42401320891592575,-1.2263672790056084,0.3478572074565662,-1.2211526941826674,0.3393726486925367,-1.2209195745552686,0.3322964596277884,-1.2197522492299264,0.4937060715749623,-1.196444198063669,0.36110088131608925,-1.1921323231511387,0.38505271653944484,-1.0780437603809798,0.34679772980369467,-1.0851513436339462,0.6269679998035478,-0.8592070662310619,0.2969522932559401,-0.8642717920649365,0.8030306713026722,-0.3990002707392992,0.16281661092161093,-0.4515608473709949,0.5825617841633622,-0.5405151112945775,0.10668705356589622,-0.508157456776024,0.5167524537064124,-0.5407338546189573,0.08965352207236729,-0.5063768271879701,0.4764776725959896,-0.5980314992948738,0.1029254405413551,-0.5465300955181057,0.5070810117489762,-0.5948326448740203,0.11413956649200198,-0.542822838126887,0.3417626709696895,-0.07249329652214005,0.14781425292599215,-0.16792350075968795,-0.10806829451636721,0.156410365717035,-0.25604322589252987,0.03806646805293256,-0.6918981896592727,0.709014117908325,-0.7707221891205891,0.5824481941091747,-0.7526513286247761,0.9360345352516787,-0.8447638072433636,0.8030369684397379,-0.9480237626622063,0.582481112287112,-1.0484396484668534,0.4137748407624615,1,1,0
0.3457575560206012,-1.138085907342763,0.3759760369698021,-1.2137591596586992,0.3951488436319983,-1.2183069989794377,0.41554978280933746,-1.2223598464393408,0.33672090658091924,-1.2092372789628465,0.3274257884848406,-1.208577747011982,0.3186240366605632,-1.2076539552437873,0.47611435344690367,-1.1983560431665565,0.3456998476098963,-1.184688954163349,0.3885666304349391,-1.0728308011470726,0.34399785589135934,-1.0663591280043214,0.6225978068844248,-0.8546589729120369,0.2814295435708307,-0.8534591866056733,0.7984725196514997,-0.4125199899366485,0.1449101381168553,-0.4377487253461653,0.51837377556914,-0.49607485988399375,0.09310627318045947,-0.5035498262586309,0.4400508639275361,-0.5016461599005705,0.07134105840638472,-0.5056290562323569,0.4131002233338166,-0.5662650511881019,0.08582505669880533,-0.5440795200494386,0.4409236020401336,-0.5602428534132355,0.09930017379703586,-0.5278424255832265,0.33744632568731575,-0.07130072376711456,0.14442957335869627,-0.17011906194865545,-0.11307795352171705,0.1648120194403335,-0.2538665621760819,0.02854315789621431,-0.6967635776378602,0.7118889721148509,-0.7629482159630213,0.5810896080740579,-0.7663599209480065,0.9351520436048776,-0.8299482903873335,0.8065470215612766,-0.9820055838242969,0.5412118770851754,-1.0486394943187136,0.41360191872897595,1,1,0
0.31831680033314824,-1.143757485882871,0.3450989892632256,-1.220876648844841,0.361589574019418,-1.2251844597847865,0.37914796757228086,-1.2290424905589032,0.31531271179842396,-1.215849616356691,0.3090527716273437,-1.2151662085668904,0.30387527055423935,-1.2140419613509477,0.44740482551845917,-1.1994729752318465,0.3403142711404474,-1.1915945579788478,0.36384690759167526,-1.0724777435287636,0.32955835809874284,-1.0691215117695616,0.6126492019967016,-0.862556795634128,0.276005562560455,-0.8476267763505198,0.7496577065512642,-0.3842586165849988,0.13467542955915832,-0.4235758241551153,0.47148650466590086,-0.483154170245652,0.05279024274830045,-0.487883110344703,0.4137258719132549,-0.4620637781192923,0.034825655135581404,-0.48567779562153185,0.3750774926312908,-0.5348641574153377,0.07420087591434667,-0.5229980686627655,0.425198872917557,-0.5391805026977113,0.08916665815670174,-0.5167154718445247,0.31245350388634974,-0.054064603240230644,0.12326460733540451,-0.1619890847926545,-0.11744022169429963,0.1656065260806725,-0.2546643199944888,0.01914745647866049,-0.6968442474936696,0.7030941290439678,-0.7514502215273224,0.5753394932637476,-0.7642734774229424,0.9082113597439909,-0.807072391905818,0.8069812570319682,-0.9856155090721084,0.5015863155951831,-1.0488857710573558,0.40454210464556034,1,1,0
0.291733136463841,-1.146935664843199,0.31032987501213416,-1.223084198752934,0.3273843359644751,-1.2268452021815872,0.3448098376138132,-1.23085385393963,0.27801479060640694,-1.2187637894979753,0.269550754903931,-1.2179325039057434,0.26268589241359513,-1.2166731804010116,0.4029732100496182,-1.2241601862944314,0.29043632281201404,-1.1945336229522145,0.3460034263619849,-1.0743471709177965,0.30362879061696796,-1.0679739475109133,0.6046070066485334,-0.9159806616421614,0.2384522206914799,-0.8572253715993724,0.6398709095618309,-0.3672378866051122,0.09417225318946675,-0.45449534037520356,0.3346769315693668,-0.4440414820958683,-0.05904906359511352,-0.4882655301649378,0.22438010602053426,-0.39591530915013634,-0.11490186441779965,-0.46893615895891005,0.20640759366127476,-0.4667444585438982,-0.10819488726238541,-0.5128439283615633,0.22797794094990576,-0.48199360127473223,-0.0841625853818497,-0.5130484477818961,0.3064424820360918,-0.042722055755902384,0.11426961361471731,-0.15961653759761657,-0.10873437962302482,0.1607640995471894,-0.2567464963483389,-0.02218720868189226,-0.696797715007573,0.7039621935880926,-0.7600223589005556,0.5743456487681214,-0.7639020303286866,0.9076653650272157,-0.8068751876361381,0.8019809451635636,-0.9870943886957367,0.5026555467822582,-1.049132047795998,0.4102145975794999,1,1,0
0.24332919099193426,-1.1500681241119473,0.2606031064638573,-1.2324794937732293,0.27695063938506287,-1.2393626441401968,0.29519564110613683,-1.2462153147127781,0.22407144730271458,-1.2244309484678972,0.21568178229854146,-1.222538407234788,0.20846416698784026,-1.2206043118819985,0.3542431307777769,-1.2550634974238375,0.23398794680701748,-1.207051674506712,0.2967925791333553,-1.084046959084012,0.2530349735177125,-1.0684719873511872,0.5431262133917119,-0.94413230773402,0.1864677121736873,-0.8826086395664282,0.5409824678532013,-0.3897755609682531,0.01499631370230198,-0.4854705330197043,0.20334660951036254,-0.37307944079858174,-0.17086581489068156,-0.47384127226951456,0.10602848680852059,-0.29323589221504004,-0.21893224743941614,-0.43950558069459783,0.09032021677491263,-0.35505247120668515,-0.2158273723845875,-0.4731112811939601,0.1112777169977476,-0.382640037903766,-0.19369518088610038,-0.47525848110916785,0.28781343490574907,-0.014413845120212262,0.09967385607621321,-0.148157354100103,-0.13072941204677307,0.15047046338701203,-0.2882938963327871,-0.03678255982313788,-0.6996294911046994,0.708140973398469,-0.7728238725428465,0.5691793236196255,-0.7622124337265335,0.9089875785076981,-0.8364874254749932,0.7900915901679432,-0.9870086388741963,0.6105619436566795,-1.0643561970954352,0.41860852975488716,1,1,0
0.18514488909731724,-1.182207695701666,0.1988270655987461,-1.261248914497643,0.2140889082439078,-1.2704105818939666,0.23098446786818094,-1.281259661507179,0.16732375971684355,-1.251068510773611,0.1602162780631919,-1.2493143986066735,0.15327724807318252,-1.2472042316416452,0.29128569308224855,-1.3055818770319867,0.18292961764131319,-1.2381931852292478,0.23524594952065914,-1.1276692344125792,0.19491833676663328,-1.107004238616539,0.4915858970774438,-1.0060553628073883,0.14143036159107383,-0.9383641082457072,0.4286142354778685,-0.46690234387881974,-0.06451978029021509,-0.5675785271275268,0.0958931423805233,-0.3156906615374499,-0.26576018434291643,-0.45585230082128636,-0.0039440337280405744,-0.19835086989975032,-0.3245337622623373,-0.3975950506187712,-0.032591789273195275,-0.27041180938398146,-0.3204324011297024,-0.4165217837409545,-0.014160048011847231,-0.30460576991500143,-0.2960258073741016,-0.42792783079692115,0.28758503964648024,-0.026921533544618237,0.09195352735676557,-0.1478586521151162,-0.14442418686321498,0.14905437213981956,-0.3123312781790539,-0.034663401318765615,-0.701336969186226,0.7066919639733393,-0.7751149370875581,0.594777880534364,-0.7617245538177218,0.9147576067836741,-0.8368629365418339,0.8127931442255683,-0.9753162849496267,0.5789655728025838,-1.0690297655680177,0.4544218817616569,1,1,0
0.12418733231079566,-1.2021163354000075,0.13534984580961487,-1.2849092612873498,0.1500065629368918,-1.2955087113845376,0.1660665697977189,-1.3088905603119456,0.10866539542020327,-1.2717216194498404,0.10311644725284326,-1.269669465693461,0.09819680524024793,-1.2668731985567947,0.22385971433104368,-1.3401069497293576,0.13533602830282637,-1.2709388475303403,0.17800387966984058,-1.1541143676164003,0.14134684695445507,-1.128593076980431,0.42656700928824814,-1.0423182917813576,0.08548612138522849,-0.9574568546479817,0.34684446548842046,-0.5194431086441643,-0.13864399865577676,-0.5874404819407997,0.00826170153331073,-0.31520847119025697,-0.3517140173071011,-0.43132287349430837,-0.09109755139927427,-0.19444132827312052,-0.3983135589513326,-0.34391129356393646,-0.11089072347654849,-0.2587587743941704,-0.39312874272757553,-0.37370468298076154,-0.0935562548131111,-0.2966326621007758,-0.372576826968709,-0.39502214957529996,0.2757292124246849,-0.015161616075825446,0.08337773240820609,-0.09161835150646423,-0.15548266266386193,0.04880795399196087,-0.3188854499652776,-0.07227871876965974,-0.6917289252011135,0.6738125969742051,-0.7856902065478658,0.5906509163744446,-0.7465303763160979,0.9067017971273468,-0.8399115255763623,0.7883696849837404,-0.9754474496648029,0.5629153194759604,-1.0711412025244786,0.4539754543732107,1,1,0
0.057785881048232554,-1.2244059042368431,0.06995463415906168,-1.3104113496528556,0.08656998287360912,-1.3250181815166533,0.10339747095708593,-1.341747372263234,0.04042479336436437,-1.2890954070480363,0.03455519776005935,-1.287119300378651,0.029006452791328578,-1.2847698670276895,0.1592238559579705,-1.379684657942163,0.05851434813406768,-1.292825219487101,0.11025217351595963,-1.1731276633546408,0.07271955790716729,-1.1592587981125952,0.36244666583756374,-1.0671723289185508,0.01999764156385288,-0.9847369818190184,0.2237688845437722,-0.5347075928715062,-0.2209219684169608,-0.6109003732827587,-0.08568047914229278,-0.2867197185724847,-0.4569068996866152,-0.406894435886064,-0.18379595326528314,-0.14766175264338002,-0.5229919706834474,-0.2985919032839341,-0.2215161212088665,-0.19174772724387912,-0.5194703352400419,-0.3083985739291313,-0.19356188258531717,-0.241631974729819,-0.4853254471779841,-0.3417185771557783,0.26140614744662455,0.005715214291200165,0.06610483292942924,-0.06582411431176495,-0.17644321086613554,-0.015812867682548342,-0.34207163275364666,-0.07727029309700699,-0.6765469396172442,0.6761121958613449,-0.7931071597138541,0.5734920113266728,-0.712609819540724,0.9169464624178766,-0.8556199988085994,0.7374229118654902,-0.9251641200710303,0.5704277759976927,-1.0625315750041502,0.3924393910892351,1,1,0
-0.027000169393694286,-1.225844144134623,-0.01869381582751065,-1.3151779322979738,-0.003983860659372146,-1.3300072666607923,0.01207126943435312,-1.3463815710014007,-0.04414911770863308,-1.294164247654153,-0.04937050968565384,-1.292566700031047,-0.05377240159093874,-1.2904916356292204,0.07314282065187985,-1.3863948862756452,-0.0126703988608689,-1.306709832622913,0.024857136782192372,-1.181031226438008,-0.006922519235480267,-1.1642012999709803,0.2842485181543149,-1.1075906698605336,-0.043295073869925954,-0.9893210412954193,0.14489002145256027,-0.5928426190985319,-0.2870684053998243,-0.6047533099502227,-0.20140352088642272,-0.2579217992403196,-0.5312802395716284,-0.3912795356225931,-0.3075650511315368,-0.1282357604891474,-0.5871194260861553,-0.2978540890611538,-0.32773759504960714,-0.17694389430903049,-0.5875823125635702,-0.30427079697469483,-0.31403997545235585,-0.2186028644818546,-0.5612875971450462,-0.3268299087932208,0.231380501996575,-0.011295355757224339,0.047093365978851734,-0.06303013315967765,-0.20704817560815605,-0.02877734662549194,-0.3724878259691007,-0.07915638277363786,-0.6772252166416564,0.648328237689101,-0.786920980645189,0.5877967884281013,-0.7150786828860229,0.8943245622229146,-0.8415241098980324,0.7639655296116905,-0.9610259349508745,0.5899931624115858,-1.0439527179352306,0.4297383282743983,1,1,0
-0.10839767949436964,-1.229343630927441,-0.0989832838029255,-1.3251509718208634,-0.08322380771474837,-1.3406625963810217,-0.06667470175333406,-1.3571571943101417,-0.1256315648363319,-1.302541111144684,-0.13078508847118558,-1.3005541841482915,-0.13510346573985174,-1.2981263669260996,-0.004233794973340684,-1.3949747451967895,-0.0930962131165056,-1.3136930075151252,-0.05474938060033771,-1.183235525168033,-0.08831027580195197,-1.1659548025420303,0.21967036819194666,-1.1289069172632966,-0.1220046725029787,-0.9866880950570068,0.04695823889040533,-0.6301209316228269,-0.380684249076864,-0.6017694396791081,-0.30407064430444986,-0.2461807792440464,-0.6326042200503612,-0.3754583887504408,-0.3884655373850845,-0.12589084830768646,-0.6869031609552283,-0.27970123791844137,-0.4198408281305641,-0.1700075059012012,-0.6767745220819961,-0.2821052809010119,-0.40269716297998565,-0.21004251262911755,-0.6551434184032214,-0.3016509570478685,0.20032199791408475,-0.005982930794302841,0.008748768647605515,-0.03932071390100861,-0.2510162950036944,-0.10067166323374407,-0.4603379085413784,-0.17192143379003832,-0.6864786790187403,0.6464911188821176,-0.8206251308804193,0.5854498442603481,-0.7175483590258389,0.8949632155146244,-0.8460972982477689,0.7891146111585442,-0.9575845629660199,0.6496587823133823,-1.0581413670200468,0.4467141513572223,1,1,0
-0.1786851013425704,-1.2290275046599968,-0.17145183973741754,-1.328143986030294,-0.15500839706320943,-1.3441906325812483,-0.13783770649494168,-1.3616920289186085,-0.2030057420780015,-1.3030640428170401,-0.2102109622723189,-1.3006203761017672,-0.21669035696298128,-1.2979899698462203,-0.08150312172232108,-1.4001915652046524,-0.18018145604831373,-1.3148586056521188,-0.1225665167128348,-1.1834823607029057,-0.15708366466366527,-1.1656723056477256,0.1380040263047832,-1.1207557058505397,-0.1902066668192615,-0.9892970638571686,-0.0981146096629129,-0.6268126547401263,-0.46793591168602194,-0.6029893426497667,-0.45505332179066316,-0.2489751667933922,-0.7092430214528015,-0.3561136760479052,-0.5340748303196035,-0.12213492484476415,-0.7702367475953282,-0.25629681980226565,-0.5583625528770972,-0.1535425241722934,-0.7680574422967001,-0.255352758970804,-0.5431311900263219,-0.19881233398676051,-0.739609431004091,-0.27938709283763213,0.1550745399488343,0.016355100915607122,-0.03074999689773932,-0.036851647357080394,-0.304574780103601,-0.19286308451979237,-0.49031031595056634,-0.31087932439424093,-0.6860726881575133,0.6274766039521015,-0.818181870562405,0.5814250890109376,-0.7009283367428188,0.8938350567250689,-0.8226289741626963,0.7953633754050161,-0.9659789015386656,0.6657685728383738,-1.0581923698759867,0.48067453506392777,1,1,0
-0.27060850363664757,-1.2428776756281519,-0.26167812708005955,-1.3429493937545192,-0.24449382220363253,-1.3598341330517851,-0.22628783461937313,-1.3797755893287493,-0.29266327645739315,-1.3186053851767252,-0.30010705184244146,-1.3150063310555782,-0.3061702957404148,-1.311548144384154,-0.17002965253134777,-1.4130800986599166,-0.269084310718698,-1.3296444555082794,-0.21214541322270952,-1.194830800947482,-0.24862566313065385,-1.1694892394990781,0.043572746528592485,-1.1173024467458745,-0.27202296929480607,-0.9903892564893483,-0.22260993943008,-0.5927982201980423,-0.550470114918681,-0.6005326712222223,-0.5801174045210806,-0.2705107671164227,-0.8270585010815583,-0.31722491278754705,-0.6635753487222771,-0.12514571893425344,-0.8944045211721561,-0.227549496928782,-0.6875674172742228,-0.1560335361681798,-0.890118046088281,-0.22758546308615799,-0.6556522277708452,-0.20166544593995747,-0.8643522567016758,-0.24396164701408674,0.07799093674698175,0.022576230148502033,-0.10830766250161512,-0.02892263364540048,-0.34300736244130936,-0.2525400835448264,-0.5466820860723384,-0.3636718522612172,-0.7050483921493441,0.6084096637757407,-0.8170724060467397,0.574977393306437,-0.7028522213644889,0.8593746011917971,-0.8208676484444205,0.7603242101756611,-0.9706104078949948,0.661237853002149,-1.0627021602533995,0.48874233343938045,1,1,0
-0.3716187454318296,-1.2467653226024809,-0.36267881853966716,-1.3452201892359639,-0.34698883638269107,-1.3624801348021265,-0.33028367387401836,-1.3820453180173904,-0.38828936417353105,-1.3237999041350286,-0.3932656986036851,-1.321814297929726,-0.3973802676472208,-1.3198736494211436,-0.266413671134561,-1.4132391523869563,-0.3501022457799479,-1.342416962546246,-0.3164074426816627,-1.1970844261447555,-0.3480609123505756,-1.1735016504317621,-0.06006119596737148,-1.1077211233805073,-0.3513395222334068,-0.9899334819639568,-0.34159980553654506,-0.5567778087880743,-0.6516006503023748,-0.5999482719645203,-0.6968210828499359,-0.27042765887706244,-0.9320617991399889,-0.2924399631842963,-0.8038104443105848,-0.12469075720337901,-1.0109802859639032,-0.1929959764233171,-0.8366042646868078,-0.14222090614677713,-1.0022517872454677,-0.18579847777691094,-0.8005149689415265,-0.18929735497384123,-0.9702722853759349,-0.20428569226404225,0.011152811630176056,0.026703397507050784,-0.17023650873591686,-0.00730087710357108,-0.4221776123668553,-0.30619356400390396,-0.6142230752476946,-0.3987730946718059,-0.7302580268877121,0.6150209343767816,-0.8160854703045078,0.5444616327626541,-0.7041380622903368,0.8609721488149034,-0.8140188386457948,0.7618392591552947,-0.9953930207140091,0.6115659480837677,-1.0762306169918063,0.5018701840802352,1,1,0
-0.48466484843431606,-1.253977400750535,-0.4669091490124585,-1.3587943656659502,-0.4479062164043092,-1.376531980409805,-0.4276479226646984,-1.3947513283039372,-0.4978359803831995,-1.3377720450803867,-0.5035732936798675,-1.3365058128222609,-0.508130632536523,-1.335220479892986,-0.3617416664615998,-1.412840781474326,-0.4594645608328932,-1.3507112257939897,-0.42700926937298855,-1.1981665604447878,-0.46374798793732963,-1.174493158143152,-0.17303130268252115,-1.1072250139272113,-0.44502160866357965,-0.9884022786932984,-0.5035844696044759,-0.5680094098208359,-0.7475106065035647,-0.6001248515733322,-0.8989496681110571,-0.26267908554815,-1.0445135461519404,-0.2804981829423313,-1.0075632978145577,-0.13066357771133932,-1.1369153796185696,-0.16938714048612322,-1.0423612662710016,-0.14369165782523588,-1.1363239700081587,-0.15543145862973365,-1.0049707881033645,-0.18614879221372538,-1.1010547839305007,-0.17721557087632797,-0.06698295407389526,0.05406592172224532,-0.2584115059163537,0.028386898150326665,-0.5217876124079258,-0.3684143050691129,-0.7017565743556122,-0.4843874843258406,-0.7511590378916176,0.6264677227579114,-0.8207042767465094,0.5577426951699579,-0.7104933026185319,0.8847768682306872,-0.7962172163337284,0.7789780475387714,-1.0493194985314744,0.6406457039146924,-1.0940366080744013,0.6170659253814803,1,1,0
-0.591673513764743,-1.253804224718763,-0.5752816835423625,-1.3592151900271119,-0.5577740896468104,-1.3759414343935685,-0.5376001233383353,-1.3941200917621948,-0.6018474659322964,-1.340884692482784,-0.6065381030897352,-1.3407482954029049,-0.6103328374908429,-1.3404847975804344,-0.46571149629170194,-1.4125422318883112,-0.5515302021674403,-1.3566744451667183,-0.5387047110868987,-1.1948071283071753,-0.5699688521821825,-1.1743006782416017,-0.2785499124647113,-1.1022997839523119,-0.5380670737883351,-0.9636128587202043,-0.6307410918188348,-0.5995391315245401,-0.8697987927598975,-0.5999169793756168,-1.0508692944767086,-0.2890341509595592,-1.1967057634787208,-0.2514885306384953,-1.1673323856285405,-0.15868202710172935,-1.2882474571477656,-0.15285266482601437,-1.1921194688173982,-0.16460160956882805,-1.292177521835949,-0.14039415046988513,-1.1616447543967223,-0.19850469126208706,-1.2589372740712796,-0.16135246348723709,-0.15900328211412118,0.08673477494148407,-0.34169713767995236,0.08417731699383528,-0.5807119637102448,-0.4233183714918648,-0.7602950514609993,-0.4685747701968019,-0.7577235728079327,0.6256411107341521,-0.8269376994964734,0.5037650112979235,-0.7254160067514875,0.9071124615570463,-0.7975727543894067,0.6302693659124133,-1.052004768416917,0.6590609860870719,-1.0974107213129767,0.5989184590024428,1,1,0
-0.6982077102958882,-1.2509450676063463,-0.6850382039360386,-1.3586502470381598,-0.6722990722729253,-1.3731842829930314,-0.6567058126634687,-1.3884849873760359,-0.701901251779633,-1.3416599460530023,-0.7026197621326352,-1.3423533613752932,-0.702831291905677,-1.3435627996165456,-0.571066734375981,-1.4100095641734298,-0.6278375866055856,-1.370197821939394,-0.6475185930395179,-1.1889109136824394,-0.6699742767557594,-1.1728680771057833,-0.39043351610930016,-1.0992847226916085,-0.599487110655013,-0.9563326582316964,-0.7750208561222187,-0.5977940616966037,-0.9409429000289855,-0.6050181793634406,-1.217584321034095,-0.29664830839522754,-1.3085277979386494,-0.2704823193083287,-1.3363118577102078,-0.17101638709539127,-1.4049504242814186,-0.18006441565831083,-1.3566744939459348,-0.17802877179055732,-1.4033980883533188,-0.1507875571570207,-1.3216815564047324,-0.209759050541324,-1.3764701044067598,-0.16512240765557715,-0.2330911279250484,0.10872493059813051,-0.3833101849625676,0.12065898929218431,-0.63564468113972,-0.4670905058094985,-0.7962430225596423,-0.45435787650252085,-0.7697998705424565,0.5709835242486715,-0.7861130628953199,0.4890052724656205,-0.7442364669905769,0.8360423185890026,-0.7272496711817737,0.6150296719178391,-1.0637493443892019,0.5913743034945486,-1.0230354510409856,0.5949634008828626,1,1,0
-0.7712025506801189,-1.2477139046034431,-0.7553674847018634,-1.356445135513618,-0.7404880618769365,-1.3700282018836336,-0.7253993444638897,-1.3834773603569783,-0.7761955473978708,-1.341300995674445,-0.7787083016470863,-1.3422574008226331,-0.7808171986206817,-1.343410959440844,-0.6508000477031585,-1.4084642893976964,-0.7072329806123325,-1.3739866127805964,-0.7190331314097154,-1.181382099671053,-0.7443675301064384,-1.1685853611965493,-0.4986286582358753,-1.0955397719546651,-0.6364617428279049,-0.9613651770828361,-0.9316881168608115,-0.6303245366493281,-1.0382810377958078,-0.6260491358907468,-1.3872294718251614,-0.3289277314415226,-1.4325829994748767,-0.30876047068781254,-1.4884015613285355,-0.19133990759498898,-1.532871378139674,-0.20690959616345342,-1.506874450312305,-0.18814948591724914,-1.5332653802817755,-0.18012273366490347,-1.4778454941386912,-0.2258686378676863,-1.5114560714051553,-0.1912086412804982,-0.30702921634622377,0.11749640582665072,-0.415918484990292,0.11886616778637585,-0.7323582879195648,-0.5666207503885913,-0.8744158720135504,-0.5489832109696383,-0.7928665725368308,0.5652169503493926,-0.7827480935950606,0.43217142866095054,-0.7615174944145234,0.840150791673661,-0.7262956536174792,0.5960710366108647,-1.1028434398644098,0.544366942201427,-1.0184449908077635,0.5391036913067823,1,1,0
-0.8173255915387762,-1.2484996737027247,-0.7994633144358808,-1.356557961552505,-0.7867606569267165,-1.3697147171983695,-0.7727716504951311,-1.3830612095642894,-0.8173776103878623,-1.3441342957612907,-0.8181753682062692,-1.346723046297843,-0.8183590597671045,-1.3496556089150737,-0.6908051842325762,-1.408346484992393,-0.744085896806308,-1.3832763969126574,-0.7645961568461798,-1.1816212644576716,-0.7882114951395094,-1.1711351991956014,-0.5683083129840111,-1.077573863550856,-0.6417577087018578,-0.9656217819682125,-1.0208375530677818,-0.6580218306062,-1.059025179457938,-0.6199926991468531,-1.492196803726216,-0.3610952936424196,-1.5009709205369166,-0.3091406553231257,-1.6006770335296188,-0.23690476181911654,-1.6052889312182261,-0.20672854618479816,-1.6187824377924032,-0.2395829197525355,-1.6102974726311152,-0.18587975722860803,-1.5897950357384691,-0.27144385522190523,-1.5910844326403288,-0.2042131503534026,-0.3461274773933312,0.1314835834705729,-0.42585957152873327,0.14472441254928659,-0.7973575670410386,-0.598794814945624,-0.8928550300248658,-0.5764922413965169,-0.8321522843194146,0.5068422513391752,-0.7840488696201579,0.3877593202605169,-0.7599636344967043,0.7534676788291242,-0.7097715410874618,0.5705830197504341,-1.074095405795724,0.5484648489573648,-0.9682202840185273,0.5896623550431788,2,1,0
-0.8188983489291147,-1.2484521760231393,-0.8027343043701154,-1.3566174479512156,-0.7915158096489399,-1.3695739513479614,-0.7787223223525039,-1.3824348497896486,-0.8171090833993181,-1.346894444341609,-0.8167550097878626,-1.3504817637419173,-0.8159364241099584,-1.354684927387803,-0.6965514382689308,-1.4064892495211145,-0.7429475780852903,-1.386081553989353,-0.7717489517941525,-1.1812176611803384,-0.7901503148604287,-1.1712580327669786,-0.5571189772661318,-1.0775187967223314,-0.6542349173318773,-0.9685618629347252,-0.9857420002188119,-0.6751471062808321,-1.060753180601018,-0.6179081860087667,-1.4764305204839594,-0.41370717792799905,-1.5097298990497383,-0.3360725000436403,-1.587544102923033,-0.2629349126223666,-1.6092693891664616,-0.21578246750796573,-1.6135411323497166,-0.2736168613630268,-1.6186162213136825,-0.2096273778295747,-1.5870666877436272,-0.31280646019397884,-1.5927035193181347,-0.24084254805521108,-0.3255765776276109,0.13006302185353708,-0.4279072041156121,0.14731214709269252,-0.7774192095431705,-0.5751175010703753,-0.9027753903031244,-0.5541226122997597,-0.8139543230810103,0.5408550602922252,-0.813909314584633,0.4127738843148119,-0.743047755009507,0.815420908898935,-0.764540277223138,0.5883714341515998,-1.0877378569651357,0.5507632286527291,-1.0544572742725618,0.5589362839181296,2,1,0
-0.8084915311324492,-1.2615549316332826,-0.7874924767899341,-1.370143720304358,-0.773827267374047,-1.381176491478406,-0.7553439136608713,-1.3932709754902468,-0.8117787769570232,-1.3630130232073154,-0.8135861271648225,-1.3673071182397871,-0.8100478294338191,-1.371755745829798,-0.6626166575895099,-1.4083479073827976,-0.7233836140618018,-1.3961933273763583,-0.7466911064318288,-1.186318048373645,-0.765166535398464,-1.1804978808359032,-0.5299594484815507,-1.0834688589838164,-0.630093294588809,-0.9686937388451038,-0.9773195186360161,-0.7163179933462152,-0.995167165437606,-0.6144383662158182,-1.423146759930789,-0.45719940613385096,-1.40792037544643,-0.3742296466394101,-1.5222508969843598,-0.3076544605488445,-1.556018445191914,-0.2631275449228887,-1.546801761766723,-0.33045558193479857,-1.5897638447488804,-0.25870147238072394,-1.5182968548579256,-0.36203457930609406,-1.54628197967312,-0.2932205507185322,-0.3086915843320584,0.08957345979200478,-0.40346891137384944,0.14504729517115325,-0.7723040904492436,-0.5661878357089897,-0.8567111754476328,-0.4075665153522843,-0.828765369567197,0.5734696594774561,-0.8029542668862706,0.4507330138463847,-0.7430926619065696,0.868294817816923,-0.7451760574521952,0.6495866468000011,-1.0993162164587003,0.6059893649028307,-1.0527051940919165,0.5621047601439112,2,1,0
-0.6333026137390684,-1.285673034135016,-0.6125393714057895,-1.3883550926522925,-0.5969255887347794,-1.3979836088993012,-0.5807946655523466,-1.4077900255462117,-0.639338425822094,-1.3839667642555096,-0.6439034862266608,-1.3886577062108922,-0.6469400865420639,-1.393596398094979,-0.5049022127151148,-1.4140147615547758,-0.5866388613279963,-1.4022404169833067,-0.5775676681213431,-1.2179132508356225,-0.6141523621247181,-1.2127018155914349,-0.34687545154757365,-1.0981865356998661,-0.5877121564876563,-0.9826144705372636,-0.7153328843712056,-0.7103222113931504,-0.908106306341307,-0.6741996926719879,-1.155417021208377,-0.4912882113742378,-1.2776907803620337,-0.44961765887954686,-1.2851081399252804,-0.34347035253847974,-1.3640355674888813,-0.3624094807770468,-1.3065954805738658,-0.374013138499952,-1.3743072581971005,-0.3580912051076953,-1.2692117079609937,-0.40901014001373914,-1.341007473234063,-0.3764155558934886,-0.216189472341898,0.08918006724579089,-0.37219501674436195,0.12248960574303192,-0.6545409344675168,-0.5041053713109804,-0.8263787000674268,-0.3571538498309987,-0.7803328746878817,0.6275987263282763,-0.8209281000366202,0.554909699881056,-0.7396669362161667,0.9104977507202299,-0.7685367878630837,0.7013874637569583,-1.097410924511606,0.7273603125467619,-1.0745427475780016,0.5677510404546784,2,1,0
-0.47336294067583634,-1.2930391876436935,-0.45478184842199487,-1.3916768822438377,-0.4427214001805521,-1.402243414163088,-0.426579301073511,-1.4148396463901864,-0.4745179216844519,-1.38628089184464,-0.4763304534572969,-1.3908263943811423,-0.4769441133176099,-1.3956507362366228,-0.3436775115205518,-1.4265935186997594,-0.4186380954440765,-1.407591094088183,-0.4216115009857851,-1.2275184500399257,-0.4490607910156663,-1.2217129636031467,-0.18262959313342994,-1.1191234112618331,-0.4463480893152761,-0.9935838437389876,-0.5322328347455183,-0.7198863644743464,-0.7294785569459371,-0.7232572265348538,-0.9431875336869151,-0.5378230342550554,-1.053095741857321,-0.5219487509413562,-1.0461146497510583,-0.4364739587456112,-1.1316956132305827,-0.44447703835765007,-1.0733217270148823,-0.45412247089054314,-1.134353248102448,-0.4442775989030483,-1.0368854696101688,-0.48675251317159657,-1.1060432086790948,-0.46539796282722135,-0.10514954940592487,0.08172369354572952,-0.26815752177072194,0.11110418334793344,-0.5624718387562726,-0.4307217103496938,-0.7312055420958709,-0.299447064715102,-0.7794365655342921,0.6405367894494184,-0.8600475953404836,0.5753634707019982,-0.7422567027458651,0.9158603657445743,-0.8141166787857752,0.7444115223210349,-1.0874276742575968,0.6595279365370716,-1.0957336214265219,0.5675169556337908,2,1,0
-0.322926054707769,-1.3121009462550086,-0.3025669744480538,-1.4045332087163669,-0.29021188819420907,-1.4138229928484278,-0.27636430800857664,-1.4254086674926452,-0.32320240484353907,-1.3976496011524835,-0.32443033416005274,-1.401698943436032,-0.32439761918074467,-1.4061690592810854,-0.19551888858355373,-1.4355182564943858,-0.2705140162740497,-1.41656398995794,-0.2710088049362557,-1.243980586988024,-0.3005331593679635,-1.2367260403264582,-0.02068109842150439,-1.1410436665900199,-0.3058752513307544,-1.058273041752237,-0.34571559377185623,-0.7301329601518541,-0.5969820779537088,-0.754062443525993,-0.7283048816634312,-0.5474566812674525,-0.8734243643021606,-0.5596341719193391,-0.8209782900980431,-0.4604701928694563,-0.9600208129313254,-0.5035094913307262,-0.8388369096256122,-0.4856276055601089,-0.963769421243595,-0.5029992595726978,-0.8046158220775883,-0.5097007503651224,-0.924248710246292,-0.5125745885785021,0.011146106075411047,0.06431038381414596,-0.16224003307932836,0.04239358286265614,-0.46445755755064516,-0.40161076352918035,-0.6559767359817459,-0.374566143569436,-0.7423534252933847,0.6390969239626045,-0.8572224231988075,0.6016055576755485,-0.7252223584578192,0.913752789562069,-0.8097911895650856,0.8347812678959223,-1.0312253717926132,0.6565031217421645,-1.0901353975915704,0.5910402449480735,2,1,0
-0.1420075455656314,-1.3112188102058087,-0.12393099550819962,-1.4040058066741674,-0.10901276174508734,-1.4134771487814568,-0.0900953757598492,-1.4246707516705501,-0.15078735193795056,-1.3974032228145266,-0.1555738988483919,-1.4003679416148351,-0.1593873275233899,-1.4032916142920366,-0.01810291421367284,-1.4354393646265824,-0.11769970634384257,-1.4143376949762998,-0.09251831621493932,-1.2471549559740538,-0.12597212573894268,-1.2391521811599588,0.13941300559995218,-1.1410918754648078,-0.16254625341359713,-1.0706151232938101,-0.12089398879553803,-0.713343673410675,-0.4431603092197164,-0.7566144151106523,-0.4736006830720503,-0.5395271595591995,-0.6860901632396282,-0.6090655912600116,-0.5728810949364891,-0.4614587542007221,-0.760442167268571,-0.5393745573886382,-0.587259023544445,-0.4911070597962679,-0.7608402333832575,-0.5400582191767253,-0.561058998687148,-0.5132244177948203,-0.7268030405946982,-0.5521609327330506,0.10027816879958104,0.025427919711294274,-0.0636045736641059,-0.0038792153857530303,-0.4144459045241701,-0.3731890664590582,-0.5430826255539329,-0.3831614455864028,-0.7149868371056053,0.6322434405955063,-0.8486612585515535,0.5929005283987906,-0.7084661930932066,0.8773964908179627,-0.8142059845833274,0.8135207985168864,-1.0255805138722505,0.6472478305774174,-1.090420180470454,0.5684374454242603,2,1,0
0.015189961995970285,-1.31693036807622,0.04112887661469037,-1.4067008300938135,0.05800249078700529,-1.4149792946481337,0.07801105341127679,-1.4248694291302921,0.00793292615119602,-1.400106780576601,0.00022316376046899072,-1.4018219802060385,-0.006670756133848545,-1.4038210483205285,0.14635000360366918,-1.430964626012714,0.024411115791004617,-1.4135575138393224,0.056309643006784246,-1.2490712206471273,0.0192874623546496,-1.2434090400436217,0.2794950926204401,-1.1246900377099371,-0.04239246555882982,-1.0707703670465516,0.08589556662315255,-0.7023642418768034,-0.29713161431444046,-0.7513609177502112,-0.26760278951288935,-0.5885997301206294,-0.5778712468734317,-0.625287039431772,-0.36569205101270735,-0.5011459864746896,-0.6376201782132176,-0.5744092522481499,-0.39339676171954663,-0.5494554445839984,-0.6202466954129656,-0.5842307563932818,-0.35975926063470787,-0.568347227541952,-0.5969666348578865,-0.5907336205256217,0.177301828405807,0.028419003533747014,0.009701973417383082,-0.018013305638617687,-0.32606344154327643,-0.22685333842499647,-0.45601241932068876,-0.29928633459937104,-0.7030001499665776,0.6367394134661305,-0.8464219080579841,0.5359774803958831,-0.7055519183526076,0.8722053754366991,-0.8351005948304118,0.808469686991171,-1.0015695478477853,0.6294870511898288,-1.091661012899925,0.5243892657688004,2,1,0
0.14175283781568201,-1.2785207471836164,0.17011347369771676,-1.3713071340560872,0.18733333833426127,-1.3800820128616473,0.2089053112119262,-1.3897158122730162,0.13465612568938026,-1.3615366835665526,0.12705913853788292,-1.3609894188583447,0.12137323449441333,-1.3608029333163572,0.28057793811567455,-1.3924260247901983,0.15918220023897575,-1.3721928768809561,0.18400596078041184,-1.2082416056795573,0.1476488492417886,-1.2029731224202094,0.4177173025874695,-1.0754363155705373,0.09533393975284735,-1.0586064907028243,0.28586516644856996,-0.6488066711707283,-0.15840283016470896,-0.7424931263714298,-0.08267395222401759,-0.6033173052373645,-0.39572887238736526,-0.6280930093029846,-0.17681425156313274,-0.5482608398426805,-0.45862656968589627,-0.5879306986338477,-0.2001028464606401,-0.5784953734835916,-0.4551518731258459,-0.5954528070904691,-0.16820736722429913,-0.5941606670071147,-0.42655451084074336,-0.5977085150736925,0.27841245032383494,0.018152392791258923,0.10612663174644482,-0.061460017351519194,-0.23098151975625056,-0.08294034764739566,-0.3633997672762203,-0.16745980148775608,-0.702555144968536,0.6747570642029252,-0.8028424060408725,0.5877965852294721,-0.715190848529365,0.9074745615143568,-0.8514303478715586,0.8050114495200893,-0.9749362019136283,0.5804655850836535,-1.0847455539509074,0.479580513644085,2,1,0
0.24070549029115235,-1.2445041282562679,0.2681127182047803,-1.3270682016874258,0.28388905977918455,-1.333409878507119,0.3027259791072426,-1.3411317820159432,0.2360849566608023,-1.314880195506476,0.23064715814363804,-1.3127184668892773,0.2265266963398543,-1.3095226604478625,0.37107691801876025,-1.3418761493945166,0.27310347973761057,-1.3092603310175102,0.2878892279944566,-1.171659654857677,0.25111779445080745,-1.1657380404042856,0.5454967286004574,-1.037520264148364,0.216955634505264,-0.9947012330011933,0.47995074356700607,-0.5397755698834487,-0.011779169673010358,-0.6769064000128154,0.140846978326518,-0.5991697164165768,-0.23205481491591057,-0.6360870465760222,0.05286481664523252,-0.5538197447428734,-0.2866542865934277,-0.6100334263310946,0.04259434512878882,-0.601919705065433,-0.2845211073836377,-0.6158177801104323,0.07146561916611051,-0.6139572934610861,-0.2565751999038873,-0.6164523694295573,0.33607798611799533,-0.031273844984367916,0.1551174148596045,-0.1328067136539622,-0.17758599995699656,0.12481805883552416,-0.2915909972908794,-0.03184869390649555,-0.6877013251708937,0.7096633375287555,-0.7642387304573418,0.5785004511402472,-0.7153623481724458,0.9289012473721132,-0.8358631992859596,0.7946771736340634,-0.9447210737418099,0.6043052546636671,-1.031818406992058,0.4333961067993964,2,1,0
0.2977591950126629,-1.1868598775185208,0.323000731935822,-1.2678550543332956,0.34178928999012026,-1.2739798166162721,0.36267648348723724,-1.2834573562817535,0.2942245548569859,-1.261724094492127,0.2859915559959589,-1.2621347589218266,0.2786373912064066,-1.2608154918214682,0.43447346795208214,-1.2887077548630985,0.3133301027729028,-1.2520068312437966,0.33930986031610066,-1.118356031638498,0.29633964938877333,-1.1064895364886673,0.602833489012503,-0.9893302868330499,0.2469534417431073,-0.9543436484493542,0.6634846222661266,-0.4165159925800211,0.09629771085134553,-0.5375080763797292,0.32170798225657987,-0.5974542119891952,-0.04858331819596757,-0.6280485088031804,0.21066419854665114,-0.5713637111930601,-0.09248539803700201,-0.6050136073942827,0.20105757695194337,-0.6180745040868019,-0.08721787997114315,-0.6511729192082597,0.22233227023502622,-0.6202708780702864,-0.07526309501690659,-0.6305141209704116,0.33229605323052996,-0.07103514315869433,0.13909621893696278,-0.16013022373234215,-0.10935616742850753,0.12996487691561284,-0.2824980618308972,-0.016817481705524318,-0.6570305240729986,0.7146945355888051,-0.7671747474512698,0.5836442212408973,-0.7100044067165739,0.9297638255532485,-0.8365640313582178,0.7939779671508392,-0.9323015735224953,0.6920547539144697,-1.05504136873232,0.434242225891563,2,1,0
0.31738107064548554,-1.1808587616014383,0.34289001696472804,-1.2671784536975745,0.36362379549676677,-1.273751218158374,0.38338587818376685,-1.2809554731592026,0.30994461041108995,-1.2557430444396824,0.30182865396050673,-1.2553711909481682,0.29420037422010603,-1.2544692430326172,0.45925374398686025,-1.274172753714738,0.3269730619388878,-1.2373948686146106,0.361274819342721,-1.1127878812006744,0.319598374087782,-1.1008188723423908,0.6177905337138007,-0.9605138764256237,0.2672263657840236,-0.920717526487753,0.7760448773460937,-0.41937448929689297,0.1524894469876085,-0.4428935114399616,0.521196001330692,-0.5728406604297107,0.04736138497082287,-0.5823645801823167,0.4261589864407288,-0.5668284193876773,0.006980127778676937,-0.5968125107180468,0.4051224419511184,-0.6111138334427781,0.012047495194731724,-0.641430764127847,0.41992444609830387,-0.615866141384192,0.03683833755823048,-0.6260229232675745,0.3262047679217211,-0.06736496951731244,0.13516554465289174,-0.16381645006543422,-0.11634233950050125,0.10979253619617173,-0.28742725417906695,-0.019597035754935394,-0.67658026419244,0.7125042575641979,-0.7693538495512686,0.5866056380634805,-0.7431137945640108,0.9306351412754412,-0.8377144403976754,0.8173600334177983,-0.9905971266666227,0.5907037480180476,-1.0768153210474523,0.4361159204518101,2,1,0
0.31166346761585406,-1.1768551898091266,0.3350376091362726,-1.2627630998831023,0.35318751389886105,-1.2692059696201583,0.37195981606281986,-1.2772491301618154,0.29910152515744026,-1.2527002465660875,0.2912694371919091,-1.2524468070757644,0.28409002322350557,-1.2517029476937642,0.4400449711672881,-1.2749086375505405,0.3188865692895448,-1.2386822335301777,0.35938812007020243,-1.1143399123308304,0.3172300940639582,-1.1002095812526067,0.6219747998871666,-0.9505015687676329,0.2720261206053657,-0.9235024653008389,0.8081457903965991,-0.4413702329158436,0.15482216725131487,-0.4679556239734994,0.55763236033472,-0.5732118027260226,0.08903173426688459,-0.5667973299974032,0.481703738141483,-0.5856931769279415,0.06910201271075926,-0.5744445072103235,0.45651584565644393,-0.6373358037520334,0.08200512566767156,-0.622058010014476,0.4769826211896578,-0.6327900472172445,0.09451179809893133,-0.6155317780397732,0.3153854569076929,-0.03277101248462823,0.12556217423625185,-0.16052585146347773,-0.11080294166871564,0.10353544080590085,-0.2850339807238463,-0.03096640545832369,-0.6779343798577134,0.6949070530731497,-0.7702418275610593,0.5856544652799954,-0.7497216107883546,0.9244062904946351,-0.834942506296861,0.8258065940381594,-0.9715053962574943,0.5659823995857499,-1.0554667650626397,0.426175849906515,1,1,0
0.29577313161044466,-1.1793416806355124,0.31749933224770477,-1.265590304011071,0.33452575178921024,-1.2718210343791976,0.35325944621361294,-1.2792645557659592,0.28247276533336285,-1.2551499584405803,0.274443371498837,-1.254501754813296,0.2674549642419216,-1.253463765415467,0.4207908850533948,-1.2783186661468344,0.3002556933715389,-1.2406133825028431,0.34516177763966155,-1.116472888341991,0.30201986387062413,-1.102605089892749,0.6059405992522534,-0.9558155177202737,0.2534143453585086,-0.9269627347582131,0.7903776958583577,-0.44783194932576187,0.12698923820942343,-0.47604760298583193,0.5238828968051684,-0.5571906068033808,0.0637521992000571,-0.5624589376637567,0.43689600200991374,-0.5563701923378134,0.04387591888342261,-0.5647547773762555,0.41159635027879127,-0.6297034600390478,0.054409329426106386,-0.6156933209500212,0.4298777245544997,-0.6261285865547807,0.06660470155736631,-0.6132960851215302,0.3096883769396149,-0.03287626937457595,0.1164397749750295,-0.1556295772932453,-0.12341913816113723,0.11433524475152183,-0.2929111787850693,-0.03616097521628441,-0.6963872537765027,0.6991671123352231,-0.7723172983601444,0.5871841445609346,-0.7550962145318244,0.9241321755437867,-0.8348081920029314,0.8283778694925967,-0.9937479246116602,0.5612901368392771,-1.0562727524255309,0.42161810465260097,1,1,0
0.29220130610561623,-1.1887507931625962,0.3124843900779946,-1.2740086708216245,0.3298999349944999,-1.279713370738299,0.34871389287745347,-1.286132821833335,0.26907120613891816,-1.2610744176747808,0.2583585744052423,-1.2595759801830877,0.2504224487415389,-1.2578117080846878,0.4029299287415895,-1.286651791132421,0.2729175529918535,-1.242993448047163,0.34069364298124355,-1.1260389718101649,0.29829137222264956,-1.106871448312329,0.6017238212982086,-0.9792886169731334,0.23236256097170502,-0.9282700131394461,0.7657506315900287,-0.4543349150574164,0.09776683694077035,-0.48213705950697755,0.4732090194459913,-0.542837062030934,0.026608302569006075,-0.562816770449853,0.38259421632423724,-0.5097206638307882,4.353617221843213e-05,-0.561845988998646,0.358479415800229,-0.5802133162945241,0.011643739518426451,-0.6136249621029596,0.37840344779473556,-0.5892941614360663,0.02700332070425391,-0.6123202237045922,0.3065585084533894,-0.04913947486464576,0.1157438196698732,-0.16685975593560234,-0.12124978959534202,0.11709224375308697,-0.2922841078152263,-0.040208285513540776,-0.7036898061142274,0.6987160113783043,-0.7734515531085773,0.5869163287675927,-0.7603228896732055,0.9183968942334111,-0.8255101275267288,0.8376636404517301,-1.0101570267175262,0.5485321077036441,-1.056739601276216,0.4244978356262287,1,1,0
0.2604653377932308,-1.209630468310431,0.28138829424909445,-1.2942646277769991,0.30130013432584646,-1.3034689668854635,0.32067512362413914,-1.3120354146970779,0.23459998107829655,-1.2771143586709701,0.22332001877177504,-1.2725573754119157,0.21386640574488705,-1.2686758243964642,0.3711984307990474,-1.310022732274429,0.23415517927888424,-1.250845297079388,0.31471185345175323,-1.1538929827098403,0.26532991297730135,-1.1210090945412055,0.5665231131586056,-1.0068492598518397,0.20215180157041537,-0.9225642972296253,0.7183728391957975,-0.45775992955261696,0.09272751093555105,-0.48530015096908424,0.36281425215786384,-0.5245723500428234,-0.015022626192982549,-0.5610092170434244,0.2647103603567403,-0.464730455330159,-0.06835170004047418,-0.5577946147288048,0.24114277374128268,-0.5418844668570442,-0.062112079732318186,-0.611034179580115,0.262327450031611,-0.5550143494841914,-0.037583160401913285,-0.6091810080814214,0.3052096759524762,-0.047670348775220944,0.10581655063822044,-0.14108644819971505,-0.12180167707236522,0.1286650152843472,-0.3066435453479211,-0.03848638032933802,-0.7030281913774131,0.7029876529622446,-0.7741082910782897,0.5906257197444185,-0.7562820817320849,0.9248651129994652,-0.8259966866444505,0.8372474896590412,-1.0080981166067244,0.5232537918285921,-1.0705094579861631,0.4337059847089915,1,1,0
0.2125037557371854,-1.218123409017917,0.23088977730695384,-1.302471617213483,0.24853676546216652,-1.3112266841526918,0.2680407858900284,-1.322160903991557,0.19090577343497742,-1.2839772907743283,0.18063326993224127,-1.2785984198596443,0.17232102360580961,-1.2733724559134656,0.31905339536415306,-1.3290967336031558,0.19732542772864245,-1.2615115995255965,0.2697984540329778,-1.1674158514859427,0.22125836547947847,-1.1314096131803644,0.516969876239702,-1.0167275580138448,0.16729531190874958,-0.9298193010881072,0.5782582403946308,-0.44681626097749216,0.0033849344314856103,-0.4862789587661464,0.2546668617091607,-0.4883507719899051,-0.13209897080786898,-0.5315493781765013,0.14363974028682985,-0.4088335604049272,-0.1863946605346682,-0.4943657562134333,0.13259284680804975,-0.47325138664882294,-0.17748948060810626,-0.5370514890598208,0.1526164461308852,-0.4968918199728641,-0.15242777447182698,-0.5435798546201307,0.2931803171013076,-0.04305408231608498,0.09430230031218209,-0.1278114817512886,-0.13903962638691233,0.13346436370843087,-0.31688699144667554,-0.03908114271713145,-0.7071053718731681,0.7178544774721585,-0.791406285587778,0.6047998401272439,-0.7565025522448132,0.941100683475958,-0.8532385108738748,0.8422224016987905,-1.0169479249068178,0.6261838542728593,-1.090601636846368,0.4473717021214517,1,1,0
0.1743318772407955,-1.2301573906379009,0.19048596506696197,-1.3127139457197765,0.20798888539404156,-1.3245412235341634,0.22545035320075565,-1.3374726319001977,0.15214360292063742,-1.2950067599706507,0.1422108475259951,-1.2918890326025225,0.1344236664575266,-1.2878237900262355,0.27268610975314606,-1.3509328646988361,0.15890747569223962,-1.2791942490402413,0.22769407246485368,-1.184210218192853,0.18424939273824462,-1.1492328761464452,0.4749106047672698,-1.044233743659914,0.1264985135198023,-0.9428901545134594,0.4864559444835823,-0.4867283325347167,-0.09520480529215723,-0.5330795654540136,0.1109318729307765,-0.4004553761233063,-0.25236350191557355,-0.5081261641871206,0.002479278140950837,-0.2810871541691913,-0.30563568014687725,-0.4394595562050744,-0.019898580500290697,-0.34254021081312125,-0.2996466037485775,-0.47280709284598377,0.003491613711838035,-0.3715817653017483,-0.278417426958445,-0.4852523992912122,0.28998278347154427,-0.042735263666803164,0.09351815680193445,-0.12521805764626384,-0.1369302214167437,0.09813584363103424,-0.318880776396805,-0.05539250628233178,-0.6972894556903404,0.7135988885799284,-0.7918736424350362,0.600620653919609,-0.742293481697758,0.9349384818455434,-0.8534905787734504,0.7991375867445702,-1.012486191005221,0.6249100020661368,-1.091706326194246,0.43663936012073934,1,1,0
0.12698111026425374,-1.2374411979020778,0.14169573900086482,-1.320382712787054,0.15843422608473334,-1.3341056306136458,0.17443367975404608,-1.3483587444635896,0.1058829965899828,-1.3004929197615749,0.09652122934351251,-1.2981833133419447,0.0885099201869893,-1.2953652531522921,0.2220985918113971,-1.3702644202901282,0.11416049595081397,-1.2925654808392715,0.17811137174470995,-1.1925799697313604,0.13748790178650672,-1.1661095382981987,0.41329102684667546,-1.0582206165058923,0.08362644753039918,-0.9532088857043481,0.3364104190754364,-0.4984839828322954,-0.14048071106550164,-0.5826539350303583,-0.025601146831358206,-0.36423430606696106,-0.3569630442976989,-0.4892538882975744,-0.13254235021687658,-0.26018502557282497,-0.4071268930974768,-0.40490705169275565,-0.14618368379382765,-0.3111921486839601,-0.40523917783181196,-0.4384316759390501,-0.11933708089828035,-0.3450809048738575,-0.3837255229607397,-0.4546906142579058,0.2785463582205059,-0.04050231393005498,0.09050533072615274,-0.08584893282637586,-0.16766279489792865,0.08925382834820599,-0.3171399737400827,-0.04277305861184231,-0.6866131965112989,0.6939615698512833,-0.7752000773132107,0.6004209096670634,-0.7342955836507649,0.9366000370368611,-0.8243714024084526,0.790813148500384,-0.9506881030888368,0.5256267454208885,-1.0469329306310187,0.43575361729587037,1,1,0
0.060864543479888907,-1.2512155249818682,0.07502647194495982,-1.338846153034564,0.09145284593431152,-1.3542195009275224,0.10974356734696511,-1.371469642159824,0.03739611779550173,-1.316605758266005,0.029373023118482434,-1.3138298617919202,0.022913135496227335,-1.3102782545507015,0.16237038673179394,-1.3991161364593854,0.044746218612469156,-1.3086891396707088,0.1115940972634785,-1.1994146064255964,0.06932451520978003,-1.1856215342722582,0.364237658555709,-1.07375322132452,0.017129289713462743,-0.9784760256547919,0.2404521016004867,-0.5449027792958154,-0.20611000753694245,-0.5997612276263024,-0.11659247701309902,-0.3492237185268579,-0.4324230904519022,-0.46686800331047773,-0.23984321517615453,-0.23939049065064266,-0.49440862910376265,-0.3788439827115683,-0.25302328786472467,-0.2894280515023462,-0.49713839948900923,-0.39541980929272796,-0.23712075994156065,-0.31890292706783335,-0.4662184768716625,-0.41396838976589057,0.2659395088650295,-0.009718940791559369,0.07137357018706356,-0.06986614144466101,-0.17990043234407108,-0.0333184295918081,-0.33580620621957685,-0.06027618213755115,-0.6651060439963624,0.6839985378608838,-0.7741672186807701,0.5984080240457851,-0.6975186637441262,0.9164640688720544,-0.8175951345204666,0.7986974585136305,-0.9127876979611151,0.6038805695285498,-1.0361988614419577,0.4356810753852307,1,1,0
-0.01246293306041209,-1.2433733278845323,-0.0037631869480145596,-1.3313401988689673,0.011498249299888668,-1.3480697960128063,0.02867178464896583,-1.3681493765579982,-0.03473817639388605,-1.3095174280831594,-0.04047142571796921,-1.3077450788392473,-0.04509175614969003,-1.3048965388552083,0.08666589262661167,-1.3986452236361153,-0.015643601203948282,-1.3085927727207904,0.04142615620927246,-1.194637051054499,0.004914613712424756,-1.1819266719974235,0.2955831408921027,-1.0875221636406356,-0.04087274301072357,-1.0046965735736424,0.12681225220335304,-0.5774060256322213,-0.2852863534213657,-0.6236087203535418,-0.2384320006960639,-0.28405497174859573,-0.5253326156936942,-0.4492094328333982,-0.3325373498709493,-0.17105215005413799,-0.5771868738901422,-0.36638282677325884,-0.35712418081068836,-0.22061981407571776,-0.5740440006916452,-0.3724645617464933,-0.34819929061708993,-0.2518124292535082,-0.5483920025374158,-0.3854873586960295,0.23665980558292993,-0.01014139074175497,0.05300868127473637,-0.07108614601463425,-0.2325662658657145,-0.07324005148460702,-0.3846464191484677,-0.14274190743215545,-0.6786843859982483,0.6575922663949055,-0.7743744812825977,0.5725203154816342,-0.7011675015294375,0.8919493734456965,-0.8183290879692913,0.7980224326672862,-0.9241882586540923,0.5563014072927392,-1.0326389230569402,0.4368295540377105,1,1,0
-0.08975826923393555,-1.2400577358511788,-0.07897756595946338,-1.331091280548145,-0.06387218625881856,-1.3476128530952969,-0.04691566704577262,-1.3670469223950419,-0.11144383014534716,-1.309419079946606,-0.11727989797582712,-1.307618486093229,-0.12232714872758689,-1.304898621641158,0.014020350686049227,-1.3996240822328347,-0.08736194779927622,-1.3138964093429972,-0.036555991331091366,-1.1914664920427678,-0.0731047191770905,-1.1795427456791479,0.2307487574582594,-1.091699521060607,-0.1140486333736095,-1.005895851883433,0.02184431070641066,-0.5794498990444592,-0.3627936257651893,-0.6209271080434258,-0.3351553610101124,-0.2575586832898629,-0.6244305551890731,-0.41391057975587103,-0.4262478841092161,-0.16167311092418207,-0.6782708767877393,-0.32761486509798543,-0.45476884370972337,-0.20315387589916034,-0.6747486317484462,-0.3251884702661982,-0.43945477901684626,-0.23462934356885665,-0.6540666688668644,-0.34148560992735155,0.19816646685507805,0.024515354667365246,0.00506619988983982,-0.04210961508736485,-0.261937205332344,-0.18812896285569564,-0.46240321940900136,-0.22090327616351135,-0.6512934139749598,0.62153629522482,-0.7885509384496594,0.5749964939775859,-0.6669807545497557,0.8552202052169299,-0.8189369566686708,0.8092402161932595,-0.8986233311124934,0.6832247574807276,-1.0549029904658056,0.48505143353781577,1,1,0
-0.17312700923689447,-1.2528581827006664,-0.16405744161927518,-1.3550324478434652,-0.14650900479924522,-1.3709991357338127,-0.12917372334129087,-1.3877620066531902,-0.19907770937611063,-1.329741330454771,-0.20741637152434386,-1.3255773841443292,-0.21456368010932705,-1.3215001020492596,-0.06988239531455955,-1.4174620262998783,-0.1781998630159388,-1.3336943057884014,-0.11727441161283758,-1.1995676149934162,-0.15483039506399282,-1.1791287792717233,0.13900335716339887,-1.0918413537038185,-0.1820484450537958,-1.0051156707464555,-0.09776002805488436,-0.5781312415399886,-0.46175399978857085,-0.6212789464699595,-0.45484321440802616,-0.2644599183348332,-0.6992511352570495,-0.4032983281450411,-0.5376940011050454,-0.14598495755486915,-0.7647422566606052,-0.296447751348165,-0.5588457592174364,-0.17841037881627514,-0.7663387882905652,-0.299471753348555,-0.5356766451139238,-0.22658735141931777,-0.7374453656026562,-0.32516195284508204,0.15398194091939624,0.03441580147995797,-0.02708652881112244,-0.028670464146510272,-0.3203045891919087,-0.23977900642975472,-0.4824501865741997,-0.3296783471779452,-0.6909732294989599,0.6205402155442722,-0.788423837707068,0.5973420440367778,-0.6951505869189316,0.8593116096167319,-0.8018483583466172,0.809713668999395,-0.9800324235350355,0.6652534643132435,-1.047322462403277,0.5208373537296378,1,1,0
-0.27299933870831733,-1.2665883648782539,-0.25769116677568826,-1.3630274503099917,-0.2388306764066381,-1.3789498408991643,-0.22107131940945418,-1.3954674510730458,-0.29115879380648013,-1.343115153036324,-0.29855664630131956,-1.3408679285958716,-0.30497386221143374,-1.3386634266672173,-0.16060794168925088,-1.4201202707676315,-0.265108526338935,-1.3539855685056068,-0.21718169124849018,-1.2054152143461057,-0.2568139582932475,-1.1861040802170524,0.04410248535502824,-1.0875324251714122,-0.28052215836014105,-1.0020263403867637,-0.23013052389698208,-0.5677291989111103,-0.5654615001883206,-0.6205710024456779,-0.5864610625274089,-0.27400293875858794,-0.8498993477995294,-0.33634976457324195,-0.6757658440864353,-0.15314222287268525,-0.9055183685992717,-0.24704356062381097,-0.7182016426188542,-0.1782837860702569,-0.9092717520793285,-0.24598875653941205,-0.6762384840980538,-0.22616490146912216,-0.8794504228509825,-0.2626675032262832,0.07698185235416244,0.043739570582759874,-0.11587640504364771,-0.016667317918513953,-0.35090345797505196,-0.28222405049980426,-0.552546398512283,-0.4023621920601199,-0.7151717478582161,0.6152521744168599,-0.7973032114077162,0.5892913143461815,-0.706451478684265,0.8576845981923855,-0.8069049562353221,0.7847190184107657,-0.9993338549295424,0.5642231058537664,-1.059111335676737,0.5168461262540524,1,1,0
-0.38540597562457696,-1.2860216721831392,-0.36567010556074914,-1.3820064054798904,-0.3476663006125863,-1.395674002479671,-0.3294592970351807,-1.4104393292742783,-0.3966381862532264,-1.3633943254350895,-0.4028912176709124,-1.3623208270768001,-0.40821928892828563,-1.3612297012374242,-0.26564801869957444,-1.4254291905541987,-0.36306591192837456,-1.3732216207411547,-0.33253633387780307,-1.222039199002396,-0.36766084253144005,-1.201345095002717,-0.06303094393375373,-1.0847817253273537,-0.3688946646082018,-1.0007059556939446,-0.3424233695808658,-0.5565695301931004,-0.6743719014898302,-0.6178448896357576,-0.7067900076005834,-0.276148716283391,-0.9595623968237539,-0.32006847440516956,-0.8249053068067879,-0.1562180405235322,-1.021942750412233,-0.23005534242460315,-0.8461704497542963,-0.18335907823285216,-1.022212090195294,-0.2202660452622062,-0.8195869890836183,-0.2259566228741484,-0.9923762322649573,-0.23307893802773474,0.005360837902241755,0.046723136055930634,-0.1812844182078432,0.013084009382057922,-0.4348147383180889,-0.35155074922894547,-0.6223122094792178,-0.41291592246572795,-0.732123187105531,0.6262606633547131,-0.8027548274316689,0.576953906373081,-0.710774732720033,0.8847419180664575,-0.7944852528173783,0.7762635170507179,-1.0116737012861938,0.5751236963194918,-1.0663993593124708,0.5434482811986207,1,1,0
-0.4945293290895328,-1.2849281587598695,-0.47258997309019707,-1.3849474008402347,-0.45358765007793544,-1.3983664859164517,-0.4346015829560133,-1.411935429981735,-0.5018643932079363,-1.3669947511469838,-0.5074525587107401,-1.366976971266925,-0.5122771037648499,-1.3671204802988277,-0.36616855179828156,-1.4247193161429392,-0.4572066176647482,-1.3787790524512857,-0.4428953382071839,-1.2215460867288812,-0.4769770314955472,-1.2012916029635687,-0.17300448046346112,-1.0759758079311768,-0.45769632636122315,-1.0021938776565744,-0.5057694644647227,-0.5573556040903259,-0.7709637922907587,-0.6395690582867254,-0.9020235553749263,-0.276051587338613,-1.0730182498621081,-0.3198912852004699,-1.0040496887170072,-0.1570686299855422,-1.1801210977571892,-0.21269120676129633,-1.0393148108220802,-0.18372178778605042,-1.1569217070579194,-0.19228356202919214,-1.0020970514892995,-0.22460738397597677,-1.1234167930786614,-0.2172014035359676,-0.06926223309811078,0.0638615180421488,-0.25717219747660236,0.01817779261991426,-0.534548283125739,-0.3654534978424173,-0.7036365680733657,-0.5059379181488058,-0.7493869426459919,0.6298625622566694,-0.8185687607524831,0.5595257631415627,-0.7210480490172861,0.8990529943253925,-0.789170592669535,0.7627969342949157,-1.0324900800610197,0.6130243046458427,-1.090516293422086,0.5447341221244686,1,1,0
-0.6062304603650617,-1.2841798798076831,-0.5853261981830884,-1.384285024108561,-0.5670901372017011,-1.3978654996960538,-0.5476170029654841,-1.4116873244554298,-0.6115936849852939,-1.3673691446213634,-0.6150102667373809,-1.3671784935074764,-0.6178769929987371,-1.3669725008970817,-0.46974234749998967,-1.4236620736749894,-0.5529794147911993,-1.3780305703004703,-0.5523188160475312,-1.2152586131435386,-0.5833159541439902,-1.1979476139217786,-0.282915635013991,-1.0759762143284353,-0.5482213156888519,-0.9603161641593706,-0.6276957539623742,-0.5934073080891973,-0.8821027745584876,-0.6382609671109754,-1.0559809591939382,-0.3190222046631988,-1.2024203185289137,-0.3193833902266778,-1.1766341076800695,-0.1844823602553059,-1.3006814860690712,-0.21773053276651563,-1.2054471653101133,-0.20955321032990112,-1.3003427539541235,-0.2024786468541868,-1.1483460137086745,-0.28574893712127764,-1.260197816767787,-0.22029307067989548,-0.15727975134088448,0.08622494958071411,-0.3485388355265545,0.07506710965036748,-0.5633685543071207,-0.37727986126297247,-0.7532253647523868,-0.4818084873234921,-0.7593963039238587,0.6136950633209729,-0.8222039842296353,0.48945982779923647,-0.7331210955737419,0.8921340809996782,-0.7888490308387585,0.6341004728681554,-1.0780832804939267,0.6989704160621162,-1.0867832298049536,0.5463087083024704,1,1,0
-0.7109143301783228,-1.2604351547871833,-0.6938614948150158,-1.3666907659976366,-0.680402836805754,-1.377651198459674,-0.6645102656154228,-1.3896877200625235,-0.7131391519699013,-1.3545945547974472,-0.7142593860129164,-1.356150497501216,-0.7149155143867411,-1.3580867772392697,-0.5815377629394872,-1.4093537913972063,-0.6456105579109288,-1.3767406654020373,-0.660356276037814,-1.1923584832254859,-0.6852521720926312,-1.1815892098739087,-0.39146393635818993,-1.0748228589088535,-0.6164070541147953,-0.9554399050541186,-0.7984857258305941,-0.5936747174852808,-0.9848910043595435,-0.6532495075998056,-1.2293922949787037,-0.32571485631525143,-1.3525625664845793,-0.34489894050137065,-1.353065686290584,-0.1841564296540006,-1.4474584599265334,-0.2509380655518768,-1.3720190384331983,-0.2049824603637155,-1.435386937359797,-0.20344180835679726,-1.343661755328546,-0.26259882208959917,-1.4045630260947672,-0.22913627502453837,-0.23256524987256827,0.10607257889062538,-0.3900840144670027,0.11430496815576466,-0.6221992310413589,-0.4166215542679127,-0.7951094790064118,-0.46115314346234104,-0.7859696046630745,0.601163194259687,-0.8091940903930559,0.49870414623800446,-0.7586434530025145,0.8670199496170542,-0.7477871598379641,0.6327916704972031,-1.0684345967829656,0.6251891969827162,-1.0347450768490407,0.5437668966492732,1,1,0
-0.7803848935369678,-1.2423045538943729,-0.7638888224177859,-1.3537968477786977,-0.7514357944246463,-1.3643004897221973,-0.7381242522229561,-1.3755856843934218,-0.7826895723898387,-1.345838268666463,-0.7837006887689505,-1.3497887548168852,-0.784005893110073,-1.354178048407157,-0.6552281522316157,-1.402643512264067,-0.705162996176237,-1.379826896982633,-0.7302996826067069,-1.1758614977124724,-0.751541864109111,-1.1687031148021954,-0.4973145727005627,-1.0694926540658733,-0.6429484526692201,-0.9563768539335566,-0.9219651640508623,-0.6292736949381994,-1.0416416383255385,-0.6522752717719015,-1.402316970046433,-0.3432367757141653,-1.452286256158711,-0.34420633797359684,-1.516592119957894,-0.2088338871823819,-1.5552613270993554,-0.24963718792746495,-1.5333796795107246,-0.21348998057284943,-1.5563175535741591,-0.20871420318975795,-1.4998593224356442,-0.26207030245493884,-1.5356392482679035,-0.23138466785710898,-0.29669555005608556,0.11340520462547793,-0.41267563806620755,0.1273994942214236,-0.714589786984065,-0.5411524437951973,-0.8924355264547942,-0.490704015315165,-0.8233813170874675,0.5763743838824807,-0.7968455064953469,0.4514913511307185,-0.7625184508621731,0.8332847099915497,-0.7064803328896175,0.5801833421876353,-1.1017814222286728,0.6108171611350084,-1.0200172402015288,0.5487850899970513,1,1,0
-0.8274667271277069,-1.262069430562525,-0.8085167277624753,-1.365186486545353,-0.7963985711103276,-1.374036294845446,-0.7838628412750861,-1.3836209709881957,-0.8225575498445176,-1.3616506271979005,-0.8216404128314305,-1.3666982843469186,-0.8201466997078674,-1.3725888094100356,-0.6968265692129255,-1.4091185381842006,-0.7422233781706693,-1.400620415911669,-0.7768136776280271,-1.1873268787681779,-0.7968118771222072,-1.1866447917694674,-0.5711746328481089,-1.067536664060783,-0.6254274476641378,-0.9739353490857342,-1.026183302605899,-0.6482915626455981,-1.0708634299983038,-0.6254991788007014,-1.5007876353733396,-0.3836226048754692,-1.5067460287786236,-0.33641722651815054,-1.6124743395461922,-0.25400819364110494,-1.6098717715028517,-0.24353492989267703,-1.633946541896899,-0.2637316544476273,-1.625413012263222,-0.21170894458753706,-1.6008584899055327,-0.2984320875620347,-1.5952167815639233,-0.23590908853582723,-0.3449867202887626,0.12697602827808177,-0.41725817355288924,0.14538236971077448,-0.8175720714760476,-0.5932205685489232,-0.8986448701671931,-0.558363672489999,-0.8403662841086075,0.5538924875430669,-0.8152639382464796,0.417685804779496,-0.7676798992435672,0.8007085153472456,-0.7210013133325603,0.5784906976060435,-1.0960076347780556,0.5666243040555276,-1.0232768510125259,0.5633948682409732,1,1,0
-0.8274413272990515,-1.2914483963750096,-0.803256829645213,-1.3964345241492693,-0.7892183443474071,-1.405482095515273,-0.7748765850954563,-1.4149083275268706,-0.8224677360503923,-1.3914219695634527,-0.8233101975672326,-1.3947645870144953,-0.8236864198292755,-1.3991024713515687,-0.6883450584283346,-1.4227575857765726,-0.7519433846004945,-1.4142413788260386,-0.7785010390452587,-1.2093807879947491,-0.8024075609742931,-1.2053883413273883,-0.5719679202966724,-1.069548025692342,-0.651432605035991,-0.9897835213755758,-1.022467815670196,-0.6670663031931078,-1.072189707451371,-0.6255895005913997,-1.4977360999586873,-0.42160174947202234,-1.5190018525020834,-0.3408688004882853,-1.614506224239305,-0.2807922113588455,-1.6180479763470053,-0.2437578387889563,-1.6341405457881686,-0.29916350102799383,-1.6408994401933543,-0.2202646228718015,-1.6049559902642119,-0.3394218230494479,-1.6107743798139478,-0.2600015372106188,-0.34362102230162234,0.1280166084584337,-0.4312146682037957,0.1459757097081632,-0.802725262031114,-0.5774470717553284,-0.8979219910436621,-0.547782815067387,-0.7976827864471415,0.5554936927414995,-0.797474711050797,0.41836652018745907,-0.7600609666401117,0.7820967401003885,-0.718193921070943,0.5687562640735422,-1.0621957892693266,0.5652921338422123,-1.0203052742584804,0.5532048633817096,2,1,0
-0.8047916904911979,-1.3258864492594074,-0.790447289657067,-1.4296471877000188,-0.7690295445389973,-1.437388852275537,-0.7445585368179266,-1.4456567505011364,-0.8103490714016715,-1.4250866484649527,-0.8069620550501393,-1.42805837761797,-0.8025205394121521,-1.4312664267767967,-0.6692084211221436,-1.4315484156745282,-0.7268971215600376,-1.4322987774126643,-0.7487442253816973,-1.2334768434452097,-0.7726131555643218,-1.232008225352358,-0.531739468473717,-1.0783667446021612,-0.6442936275948068,-0.9889654436942446,-0.9638268248563561,-0.7071703974549667,-1.0498887594912978,-0.6280149810293554,-1.4299678331165229,-0.4581939618246794,-1.4832090235568671,-0.3785606222230893,-1.559116208294719,-0.29825855593266143,-1.5720327323611614,-0.26554845339168637,-1.5759922608505847,-0.32279854958836,-1.5877476063502196,-0.24339512923575804,-1.549400977032681,-0.35584545385730487,-1.5571445719951769,-0.27889575855212323,-0.32844574227251805,0.09675043537685742,-0.42158467876672506,0.14384070171071,-0.7753234188811611,-0.5699639774355216,-0.892803722370982,-0.4487990732016426,-0.7960872708103277,0.5639735779370564,-0.7997980841775582,0.4210582924290373,-0.7603765341113256,0.80870072383262,-0.7348547862784408,0.6210648744049769,-1.0740735619430803,0.5747514364307191,-1.0349601625980942,0.5542854736920223,2,1,0
-0.6759251518117615,-1.362664486758507,-0.6499793284396471,-1.461252651692773,-0.6349269835812347,-1.4678249081569994,-0.6194849037519347,-1.4747975675201486,-0.6720070758427035,-1.457434803447589,-0.673737921766593,-1.4604879136516182,-0.674126437545705,-1.4637511820379416,-0.5408135064611795,-1.454166963092108,-0.6086119482997864,-1.4522989072938222,-0.6246211555033028,-1.2774630475187507,-0.6575287671119017,-1.2767840592991362,-0.3988969422158884,-1.0935485269874012,-0.6068473714034426,-0.9980566519658782,-0.7902974306680005,-0.7015172083908051,-0.9475348667602483,-0.6782968882327233,-1.2343298184706726,-0.47916091078377415,-1.3336385765438907,-0.44150434401114375,-1.3728190314365267,-0.3355689738403768,-1.4224068121224016,-0.3474775311064607,-1.387641253847322,-0.35148206809226146,-1.42966943592948,-0.3286556484769666,-1.3544927502637558,-0.38918689453933697,-1.396109048724439,-0.3548004033071096,-0.2470193779664902,0.09333568241243362,-0.38826660592705586,0.1218692403279539,-0.6924437779787894,-0.5430113048555096,-0.8477619014185253,-0.38047119733454393,-0.7790547553099451,0.5644903120512206,-0.8185861342352834,0.4792497062756778,-0.7452193387602238,0.8461583591472218,-0.7800284831412762,0.6622314942991459,-1.0749450808639023,0.5743909620624426,-1.0685486928132855,0.5572586760351017,2,1,0
-0.513842749203165,-1.377238654442654,-0.4841145865463268,-1.4756626856841495,-0.46700444916957334,-1.4827683893497952,-0.4488525124206925,-1.4901825993342888,-0.5098724511863916,-1.4698486649049423,-0.5138092214293399,-1.471599170296211,-0.5166497350675239,-1.4738292244524924,-0.3660011161277855,-1.4681269121197114,-0.4710184348916339,-1.4597069705197812,-0.46654359467845086,-1.2993776132853188,-0.5024179062739934,-1.2939667893861866,-0.23179919104032323,-1.1163031158872587,-0.5105013509438978,-1.0069813389608473,-0.5811823685369417,-0.704948318844883,-0.8022755834645999,-0.7140318055686053,-1.025329461965821,-0.516471227092175,-1.1382965207015323,-0.502207089716595,-1.1326236213703342,-0.40449232329047125,-1.2204391601756406,-0.4249973001659827,-1.1591448016611492,-0.4167752740309348,-1.218492923704754,-0.41203099243537594,-1.1145080571760877,-0.45535009540911303,-1.1892279523232745,-0.43469139877057944,-0.14266611232300702,0.08874928615179634,-0.32071911439556383,0.09532499699271978,-0.5855576414217958,-0.45887010526348454,-0.7760589979190197,-0.33129367468111015,-0.7796568328483912,0.6225205893848716,-0.8796010946345659,0.538455487679498,-0.7466551402744529,0.8933213705903433,-0.8331882925306086,0.717955263992263,-1.083148920721633,0.7050226872341104,-1.0929327315210404,0.557724407293326,2,1,0
-0.35883145569358565,-1.400636113005778,-0.3324024259811321,-1.4990604998448747,-0.3189041442391679,-1.5060692777643718,-0.3048720596981831,-1.5129869210986533,-0.3516349730403257,-1.4916224140214451,-0.3525266086254427,-1.4934370793798972,-0.3525926481799466,-1.4957107196421513,-0.2252486768294259,-1.4921489524694704,-0.3013636321656784,-1.4804147396272769,-0.31822058405039544,-1.330782571030668,-0.3440028325259694,-1.3247581888705373,-0.07733958180913787,-1.1266773203039309,-0.357755112554487,-1.0576694402240714,-0.40326388395694357,-0.7220369171669367,-0.6471709201848836,-0.7588129226797438,-0.7829413354914704,-0.5614783010790313,-0.9184228023472741,-0.5623665838867659,-0.8806972496400158,-0.4649381243292451,-0.9966547826022918,-0.49267250203595375,-0.8996909367105346,-0.4838622158692482,-0.9958221762189698,-0.48451590585952203,-0.8648141271859445,-0.5148763210512489,-0.9654600338388943,-0.4998395208879735,-0.036321296914316036,0.07811996585611,-0.2200699565645461,0.052561235872703026,-0.4924213465097689,-0.3828028000057894,-0.6815106757323852,-0.3445557380165797,-0.7639290557463759,0.6375558655584278,-0.8689311346130311,0.574928016039531,-0.7413536880375104,0.9081843343263016,-0.8221492221990543,0.762443978275921,-1.0328652863299164,0.6198379610816094,-1.087867396091278,0.5599776768929985,2,1,0
-0.20864938080658865,-1.3997146580218198,-0.18039420501313086,-1.495102546144828,-0.16376646118219962,-1.5025115237646183,-0.14591200722653014,-1.5100247422812103,-0.20704594042323438,-1.487702001268151,-0.21066592400319334,-1.4896429545746774,-0.21299579948609026,-1.4921208094593204,-0.07106419854223515,-1.4902560556387598,-0.1700891897297159,-1.4785620761251563,-0.16087372549630036,-1.3264899999879156,-0.19360170951664873,-1.3219888455522457,0.08259785606917255,-1.1302946623017096,-0.23803088660193877,-1.0862589793619482,-0.19272511063009568,-0.6772155667272082,-0.4957028011734095,-0.7535548533501447,-0.5569084634862363,-0.5498271964761979,-0.7691461805521826,-0.5830841065284651,-0.6600805354979317,-0.4726596722404682,-0.8453057379875539,-0.52315249962099,-0.6682607027153555,-0.49620612619848453,-0.8489088560812857,-0.5266972997081292,-0.6386861582222249,-0.5181346110711559,-0.8121388449280412,-0.5379077680834496,0.056921474079434056,0.05423681176943844,-0.12204429623568103,-0.005875032322174961,-0.4340791592802303,-0.39174293009658107,-0.5889140763796269,-0.374915238814475,-0.7274014605578181,0.6362322296875407,-0.8548706022639523,0.5813913580384833,-0.7177523704495986,0.906769868668143,-0.8280460464196778,0.8066209858623209,-1.0213012523397136,0.6387372623888449,-1.0857471199944448,0.5535578194007041,2,1,0
-0.05852074715908247,-1.3976949144468045,-0.027558762425482507,-1.4864912422358083,-0.009562069429343113,-1.4913354975569546,0.011227588725737375,-1.4960696700207086,-0.05997178857050468,-1.4809648999159515,-0.06542889095744699,-1.4818679146243061,-0.0703032196757212,-1.482555132388405,0.07983333871832544,-1.476448607182403,-0.03392477228102747,-1.4680618377586965,-0.012964630476012349,-1.3253736775185134,-0.04932600918584969,-1.3208554035983298,0.2241671538570879,-1.1338364144094102,-0.10583249999880963,-1.081392676989529,0.019753600010132384,-0.6761350580162101,-0.3450155744941151,-0.751186268528377,-0.33686243269438043,-0.5828239106837199,-0.6352033337170048,-0.6028192653970905,-0.43737239946436696,-0.5145354553506942,-0.6997652277890336,-0.5662150643253082,-0.4587822198358962,-0.5519371094429397,-0.6867503555860378,-0.5733841151636203,-0.42955859937546764,-0.5674221657823245,-0.6607049648855945,-0.5768190863916538,0.14264305101039434,0.041520031955541714,-0.027692873520782698,-0.014104780005134094,-0.3583825899215885,-0.2906426713086445,-0.501013600547297,-0.34763856602013554,-0.7004130250190593,0.6335014433091479,-0.8482422629780549,0.5693593576051346,-0.7040917330028694,0.8934599520554869,-0.8303145559165435,0.8352120489899169,-1.0082230837637087,0.6329093225035346,-1.086323696104921,0.5433424147127852,2,1,0
0.07913372583784278,-1.3518841390816358,0.11002357505806157,-1.4329552613840901,0.12659259448514165,-1.437415522095625,0.1489285942087592,-1.4433265194206384,0.07444816864613504,-1.4327054794690937,0.06658824246839766,-1.43520858178342,0.06047663729666457,-1.4369380561165621,0.21910283442047176,-1.4423160634370715,0.09476884436492336,-1.4352247360744448,0.11851890334944093,-1.27671126339021,0.08250885506956425,-1.2743736155597445,0.35413137153169344,-1.0870174182455965,0.030419496059082406,-1.079647505562278,0.2018384692841231,-0.6249311370326533,-0.1985766215563981,-0.7490994186060543,-0.15900307891549195,-0.5913926952795704,-0.45960781586650934,-0.6422390882749746,-0.260585121653363,-0.5327400205445489,-0.5221761281870378,-0.6059854048386359,-0.29099989247841235,-0.5720689120358469,-0.5185382631277056,-0.6150317062132069,-0.2606936297213786,-0.5818505892496473,-0.4909601451668845,-0.6146870813380112,0.2364303943305149,0.026054787482508043,0.0652692801659832,-0.053650484433833995,-0.2707302196155639,-0.17393228742502423,-0.4198796390687495,-0.24052413580318774,-0.6981134261319196,0.6530519962231063,-0.8223488648522853,0.5664595099672117,-0.7063076140547613,0.8932917035904739,-0.8425232375580188,0.7819091877655976,-0.9711595521905232,0.5973099386533575,-1.085075954922056,0.4698639615909569,2,1,0
0.19745994522120114,-1.3097273830668246,0.229825829284239,-1.3948839662091754,0.24794789583462115,-1.4006824422932456,0.2674494778789321,-1.4076816190775108,0.1928016166458119,-1.3846640403517558,0.1850847423030614,-1.383307079905673,0.17836252525045396,-1.3826356100353405,0.33133472051558266,-1.409233243810408,0.21157351241251227,-1.385400025786873,0.2404045531212439,-1.2356982616597485,0.20039616541375835,-1.2278976186820927,0.48315701473782685,-1.0527946035092242,0.15210763676326144,-1.0359979000180777,0.4123197373988953,-0.5568676225821995,-0.07900296578811873,-0.6672356692505816,0.07119373940018375,-0.5884490583370459,-0.27197095044571995,-0.6414205025970703,-0.029310944205442422,-0.5458740687435956,-0.32846443654640833,-0.6071530857615791,-0.041794858390227,-0.5992669469606694,-0.3234714398286564,-0.6243771159700231,-0.015026080569679676,-0.6083197506913762,-0.2935410945357217,-0.6246118103867985,0.3170815558659818,-0.013102401167079789,0.13664564346829566,-0.11164764039091848,-0.20660865697310407,0.005804215290808474,-0.31769612838832,-0.1033800977629202,-0.7013932552065262,0.6703068110238806,-0.7585489656399166,0.5712172026723007,-0.7212579532012938,0.9042894230009773,-0.8298246440214393,0.7799072748702983,-0.9724422435376179,0.5758728896655096,-1.0391320336550764,0.4520550241282378,2,1,0
0.28374824312911934,-1.2380531813736995,0.3131675438695086,-1.3159864596437305,0.3323033683811827,-1.3237310705993726,0.3534642704318896,-1.3352541092661256,0.2802570874801003,-1.3070291084691106,0.27512571249583406,-1.305992033465113,0.26983482658761226,-1.3045469864132535,0.4159366729994156,-1.3348069706824772,0.30690191413680956,-1.2947640900076776,0.33055829855324625,-1.168333496495603,0.28993807977311087,-1.1575535044163332,0.5876460170656441,-1.0121553856572547,0.24932761452717916,-0.9719350617794689,0.5720111017371928,-0.44967140491698154,0.059348478507109025,-0.5882659763720982,0.21368271418405163,-0.586290072901342,-0.12304078231348729,-0.6386757971125744,0.11359011739852969,-0.5398461814071105,-0.18363481675229365,-0.6141300122959423,0.11564364274565654,-0.596251885699966,-0.1693985175889199,-0.6413410519330365,0.13858903515837298,-0.6047879553165086,-0.1517899339746341,-0.6435144644714165,0.34808641551035197,-0.07263411317220525,0.16043471658962785,-0.1709812337325323,-0.12910057183476348,0.1640071496699031,-0.2971742860265814,-0.018063698898669878,-0.671845126535197,0.7232756137017249,-0.7631599489346923,0.5671959017995873,-0.7144286504710755,0.9470560289018034,-0.8345389538191849,0.7591174135165886,-0.9114652812820035,0.7363664821920575,-1.0419188012558256,0.42789125273458206,2,1,0
0.3282987297960673,-1.1704714508731802,0.3567252020339767,-1.2546582685574703,0.37576999355975,-1.2609298418500747,0.39742019790967337,-1.2666242802359724,0.32410186530768825,-1.2465276310059241,0.315185509456518,-1.2472825139135608,0.30826964411024227,-1.246897604910118,0.46829100302242993,-1.2540300799951662,0.3371839962569634,-1.229620285861155,0.367187086659167,-1.0998548980452634,0.32252504394476483,-1.0957033468512056,0.6232004940187587,-0.9538434750234732,0.26664643689616485,-0.9002215919512427,0.7326016200098894,-0.38571910673268084,0.13487862818840102,-0.4766859514795979,0.44766166858582196,-0.5767442076967778,0.023010670838263837,-0.5403071374975476,0.3574670802293418,-0.5530979832118033,-0.024682079431293413,-0.5602522005501808,0.33510771266336137,-0.6163558500806671,-0.021369738576007942,-0.613812412838436,0.35683513249239696,-0.6145544942324304,0.0029574045155589413,-0.5905384482422341,0.34611599840258533,-0.07454722826652539,0.14802436030862912,-0.15859160371171632,-0.0957997708785799,0.1320216534408076,-0.25937995058332447,0.0032004280556923452,-0.6728737179964237,0.7225377994789446,-0.7668183370555781,0.5901963610408285,-0.7337888062694335,0.9525875019870486,-0.8509192017196985,0.8107814777960655,-0.9258408731057232,0.6179230171996261,-1.0572202676336895,0.43059521689391483,2,1,0
0.334134594427918,-1.1271045454219137,0.36142762471191153,-1.2142858505056964,0.3791995800241085,-1.2169643132370591,0.3988490906705081,-1.2213631571629053,0.33132374778960355,-1.2091919656685253,0.32432721258751845,-1.2100296012179212,0.3177610520821694,-1.210424619353169,0.4745332649127661,-1.2068756028944732,0.3499434477830011,-1.1917099748002578,0.37181940581001316,-1.0576896584876812,0.33484700882204294,-1.057439317776454,0.6298920280783504,-0.8926804844227872,0.284412702646743,-0.8793336872589235,0.8174248558009676,-0.3626955844470206,0.13962798974969096,-0.4721064639723549,0.5573775492536496,-0.5679190880301376,0.09506023119925741,-0.5194587549386159,0.4780699370547355,-0.554778842272899,0.07849852692283006,-0.5212480204684127,0.46042538728307375,-0.6176979770268152,0.09086600829305856,-0.5534705478985198,0.4715255188027154,-0.6160825479243356,0.10764797988358502,-0.5441545003436291,0.33860374507948227,-0.07152769663597867,0.14295760248846207,-0.15088407650591096,-0.0884588139999284,0.12823525018349888,-0.25660120932843034,0.028110954411815058,-0.6767972803284712,0.7159500999188958,-0.7748912153967619,0.5935714902725501,-0.7449679820558507,0.9411242545169501,-0.839784932830344,0.8234230741171423,-0.9781466386563485,0.5334007185784563,-1.064748268850559,0.4356308853238077,1,1,0
0.3312377947694339,-1.1430999859182989,0.3591690719478788,-1.2265682932495867,0.37718283362887456,-1.2306514173052472,0.39578668412919116,-1.236385936620763,0.3245088721620614,-1.2189078573261083,0.3167245358744023,-1.2187163934177045,0.3089363388127876,-1.2182996330291276,0.46447676155291495,-1.2190171273889836,0.3410963826644026,-1.1981753995851598,0.37416289560106936,-1.0749223246378679,0.3347319983978916,-1.0697534595065064,0.6230145672730016,-0.8793617286697589,0.28245000708688767,-0.8732555082617007,0.8148444364082144,-0.378544874329323,0.1605192472193928,-0.43570464873529824,0.5432367534460198,-0.5611108163580458,0.10761506170564769,-0.5232981930381571,0.45981193062139,-0.5537764634348448,0.09561801143652865,-0.5240505359629282,0.439852338866766,-0.615836372785008,0.11175909455042358,-0.5541829622926447,0.45891846624860977,-0.6106326590887313,0.12731415281758254,-0.5462515101974139,0.33065014433366396,-0.04843904918964612,0.13823689193389535,-0.14537068809866843,-0.08948720226252577,0.12792334028761132,-0.24935534940826443,0.009934227430166623,-0.6789328979218121,0.7083516903769937,-0.7594097150333887,0.5903203122046666,-0.7491335539553262,0.923746504545484,-0.8125305102859066,0.8207662520397939,-0.9814626370869604,0.5074762310624124,-1.0587465941372463,0.42793494043986924,1,1,0
0.324352815614803,-1.1494946975802245,0.34973151161270094,-1.2321499055965974,0.36894414520622876,-1.2373146051560595,0.38763740310341216,-1.2434549629338305,0.3126873855086081,-1.2221695001233979,0.3045633011128552,-1.22102381545207,0.2966365225860969,-1.2195525557770381,0.4553919540381025,-1.2277489280851441,0.3288983689509625,-1.1994203975865299,0.37382904025322355,-1.081814212545893,0.3293049694080772,-1.0712461566369234,0.6181481633012679,-0.890436257162116,0.27432246831443763,-0.8702278486859844,0.7944892169224548,-0.3911208374931545,0.14899341457148763,-0.43044088984408035,0.502812011747216,-0.5160237837105826,0.076889396977857,-0.5099712077406444,0.4138372247620799,-0.49310297833200445,0.052678483502216954,-0.49270034024816,0.39439782149831726,-0.558293365764281,0.06392634042531811,-0.5281809544995448,0.41142789861514906,-0.565642247389473,0.07878361459965758,-0.5276817970668101,0.32714781276003657,-0.04651049099950353,0.13659748539316513,-0.1483709158594371,-0.09475512672564311,0.13950749094210915,-0.25475454018587257,0.00421703079779364,-0.6886707858310107,0.7064877493509504,-0.7614335733806462,0.589402260797748,-0.7510637377345027,0.925123581655862,-0.8121480904656718,0.8226700199971688,-0.9878463252232494,0.5127581762309474,-1.0562553789427305,0.42938557545403294,1,1,0
0.3216386915240081,-1.1639331285800374,0.3474371958899215,-1.2522424400544037,0.3663145517451988,-1.258491763097106,0.38389387475687364,-1.263144351311219,0.30336524199484016,-1.2366026479588503,0.29185932281260074,-1.232619396029463,0.28306183815953745,-1.2282318804271968,0.4395784271145468,-1.2508237580246884,0.3051409948157922,-1.2035506129245173,0.36790986418338334,-1.0944194363123356,0.3269007232268774,-1.0731995050598335,0.6120479372527724,-0.8950829018163238,0.2633422239860491,-0.8696714908391178,0.7661407729581746,-0.39620141282011007,0.14306387537155602,-0.43824788277890003,0.4900956383305778,-0.495726780632101,0.03794190931364765,-0.512088131060095,0.3978710956679629,-0.460705598481434,0.021578120502102706,-0.49430317103562654,0.3797268804669933,-0.5281136957532655,0.040004375400461194,-0.5418672965728731,0.3983484092480541,-0.5375808214889981,0.03209933912703192,-0.5300610498166131,0.3161311958770136,-0.04203524438906201,0.12307786779513046,-0.14691967124938562,-0.09576624310475486,0.13838685050183558,-0.2588105880241864,-0.011802945933072637,-0.6909638823620147,0.6991465892736697,-0.759932341907801,0.5881668131319523,-0.7564125352520588,0.9233837949922858,-0.7998558941875777,0.8249190224256272,-0.996451075976476,0.5163868973519639,-1.0409672220750819,0.43028818376512906,1,1,0
0.2835690219381273,-1.1848367303664658,0.30623440663974727,-1.2754125701510624,0.32421199896473785,-1.2806510816125969,0.3435087567907721,-1.288286778102965,0.26420053499597035,-1.2591895471899255,0.2530550901820075,-1.2547276100896994,0.24460243360276912,-1.2496135069889187,0.39746144723140964,-1.2913696061065207,0.26959647459551056,-1.234109857974958,0.33876569438698867,-1.1187981918557302,0.29185790042219606,-1.0901832528891982,0.5955352038459925,-0.9368767958789651,0.22640376116916247,-0.8931195966605807,0.6630674554802913,-0.3820838832555287,0.06940985863406197,-0.48164917959816583,0.35456540380375584,-0.44590420393013624,-0.06297242272853183,-0.5127846959611391,0.24486354384134598,-0.3820627505980875,-0.11238220141519001,-0.4812062065864167,0.2227264755757571,-0.4537710388612679,-0.10384928137740075,-0.5363810351826345,0.2382152910897829,-0.47341313275770014,-0.08385575545169321,-0.5305455769480423,0.3082816328293676,-0.03773942216824181,0.11340764502946972,-0.14580797154879874,-0.09950550428007926,0.14057204856071173,-0.2761367255438248,-0.022104506839790476,-0.697238859231659,0.7002895815631599,-0.7761642548089674,0.5879908431190282,-0.7557976561999703,0.9228739696315158,-0.8061607412557207,0.8329530898286256,-1.0150130675591686,0.5214560935556818,-1.0612628027631588,0.44439281021675353,1,1,0
0.24042182500472953,-1.2055465314602538,0.2581494830157516,-1.2919617777117913,0.2756759743838233,-1.2979112811770461,0.2949034414772858,-1.3074434304741365,0.22282157253424267,-1.2798467198387395,0.21411654325748483,-1.2759466777480268,0.20659860037276292,-1.271695508425983,0.351626948426277,-1.319369615221307,0.23203744316491667,-1.2626117169043165,0.296132589985575,-1.1409610155475756,0.24935077917091283,-1.1110116203831493,0.5464623284866187,-0.9836806537449001,0.18392935489718734,-0.9173172006260054,0.5594270106281916,-0.40426067685313455,-0.0035693354557170113,-0.5452666064414745,0.2344014560175264,-0.3825410801713248,-0.18283177576952644,-0.5025681736807592,0.1324337422813527,-0.2973428413099791,-0.2416169360108142,-0.4453194998744903,0.10779245410897659,-0.35112606409382824,-0.23849417947661217,-0.4750860670722554,0.12566946311249202,-0.3809763491268413,-0.21443078820580233,-0.48343712433687247,0.2976258967118797,-0.03738626295061798,0.09751243225695846,-0.14494823814847282,-0.1272780833290856,0.14127552221515,-0.30641169571195515,-0.023256236670338173,-0.7058256269061975,0.6994387889025206,-0.794384669495903,0.5912196693376949,-0.7586351218587155,0.9209254979757074,-0.822856861425392,0.833291618744944,-1.0187213409435336,0.5232649677532004,-1.0848118983033552,0.44608708038737926,1,1,0
0.2139775553950828,-1.2689534953233244,0.23526626938358342,-1.3455193484178665,0.25401012373944826,-1.3534400817854046,0.27339710175686627,-1.3655911058158325,0.1943266223582785,-1.3392497055122399,0.18398076415038575,-1.3354424235957765,0.1752505382436018,-1.3292716368232764,0.3198038079019464,-1.3708578110871743,0.18876304388961299,-1.309344506049674,0.26565970435256225,-1.2027897356573178,0.21586689624978156,-1.1852684258542918,0.49304648882444047,-1.0084445722900242,0.14355805443787428,-0.9485785985397944,0.45722033530402845,-0.4529304061320908,-0.07960646571696958,-0.5822171595768011,0.10937354264311414,-0.3595908109915065,-0.28666200814133885,-0.47585456428805134,0.008891617283963142,-0.24860676767857515,-0.35071163846904685,-0.403113214193801,-0.018469484540826694,-0.31517321622808336,-0.3384097902560637,-0.42468295188654426,0.001093463489515532,-0.3420372942057455,-0.3137617965289226,-0.443157161661404,0.2929452162872738,-0.03818808474160972,0.0886950341382294,-0.14002128098522476,-0.1461487336295979,0.1210328747699909,-0.3123507852474612,-0.05287264008109289,-0.7039139342022821,0.7012578230315014,-0.793270328213136,0.5920952522311017,-0.7555434547147877,0.925998554953381,-0.8505029493276948,0.8319151512304538,-0.9997508185167484,0.6366237934460914,-1.0826517952751906,0.4555949474482751,1,1,0
0.18725896763595842,-1.3091054428623699,0.2089504213076181,-1.3909452655792494,0.22491126723737473,-1.398038066131938,0.24292909289095538,-1.4078219785306603,0.16609583040032982,-1.369380912650181,0.15410568888460505,-1.364601325292791,0.14176238815125644,-1.360842455449745,0.2847008383030092,-1.4048910923021205,0.14484328576783445,-1.3429543213212785,0.2304699689389384,-1.2373423925686085,0.1828759732031931,-1.2247994999816862,0.43475774283439267,-1.0214241895308465,0.09405460118313522,-0.9708700977636079,0.3409287437952774,-0.47330706307323545,-0.13976667108234275,-0.6095458512202268,-0.02923738630165656,-0.35167510679004205,-0.3576632667740693,-0.4694386691690273,-0.1296933022362645,-0.2510668934828167,-0.40901156038370295,-0.38482228958251813,-0.1481382514085133,-0.2995088370983918,-0.40180288581268847,-0.4098450831812974,-0.1271624633090465,-0.33137739251635817,-0.37861385824351,-0.429496219416731,0.27456325869009024,-0.025078521977386827,0.08496999686695199,-0.11923284202191972,-0.16919267737749705,0.02439729626377523,-0.32170300215835707,-0.09422234194020959,-0.6855333989955031,0.684759719926027,-0.7803845887390239,0.5774456470558483,-0.7273959741948285,0.9041203617414473,-0.8065031309459946,0.7948842330372617,-0.9842497094856534,0.5664985241040263,-1.0636722305094042,0.45840863886739897,1,1,0
0.13380167545341465,-1.3432665360151097,0.15757266389674424,-1.4269858444531698,0.17670706601801356,-1.4369054935362258,0.1953371291415025,-1.4485663008736056,0.10681892947627475,-1.4008234113422826,0.09105234143607413,-1.3924883051700612,0.07696640925834,-1.3866799231528155,0.23257774832007305,-1.4434156728192185,0.07982541397178497,-1.3580561958455688,0.1782471084290441,-1.2745962704577372,0.12275823635133166,-1.2553584910338407,0.38339481892345356,-1.0392945945789114,0.0353180054142365,-0.9742130200125944,0.2288478342816938,-0.51130866111832,-0.20908442907179728,-0.618710414197017,-0.10764299978536221,-0.3162482385760919,-0.4438404150317917,-0.4627798500887436,-0.23030222673869216,-0.18974256317051202,-0.5133014280548623,-0.3777837938634944,-0.25738372724964403,-0.24183537655769097,-0.5145854401930471,-0.3886337878705383,-0.23141758401460544,-0.2814277150718021,-0.4821075936852965,-0.4077555916767946,0.2664068657122877,0.027389192880744942,0.07986767928666745,-0.04670739047123972,-0.21012074208093512,-0.07746841176051864,-0.3401914358372638,-0.13869581632667455,-0.6847911144028795,0.6688673519343252,-0.7842485122733888,0.5734714882651193,-0.72032791307525,0.9044353196167735,-0.8188692915251331,0.7631746805466778,-0.969877267240687,0.5802656376324786,-1.047376716437285,0.44179674452954865,1,1,0
0.06056421590586818,-1.3549889633368073,0.0858868290820951,-1.438364358094874,0.10570418179624921,-1.4486992435767876,0.1260931322544631,-1.4585299424598928,0.03305051191051706,-1.4210318706180716,0.01613260043702723,-1.4166238827539095,0.0020495130401024983,-1.4131963790755007,0.165665658902223,-1.4451915780391424,0.00534702039545325,-1.3891597084244363,0.10320727704011476,-1.2857936833211288,0.048118706262010466,-1.257758571643141,0.3034239663986913,-1.0507666811893819,-0.02765487537711431,-0.997457012810983,0.14714572943578363,-0.5674027603132319,-0.2860109597332452,-0.6324744797460307,-0.23769357687739587,-0.28305940006462105,-0.533572929705374,-0.46019699231243943,-0.31615466358688477,-0.17557778992463172,-0.5874638477627216,-0.3730309779255073,-0.34513403929496356,-0.22764317149686292,-0.5777111263535885,-0.37414379521855506,-0.3339768089605047,-0.2618910812639468,-0.5555454070812763,-0.39112632385614404,0.2251209682227532,0.03823573251109174,0.043930579314688904,-0.04027635705433709,-0.22941932869463258,-0.09716161011220545,-0.40259861164480293,-0.20983464043140226,-0.6776612809000112,0.6452475432711522,-0.7919514675100362,0.5658460533055281,-0.7028810755698414,0.8904123790141046,-0.8332131843626908,0.7629221046505291,-0.9386827216759188,0.6519220086458876,-1.0505569781835626,0.44209036654880435,1,1,0
-0.026319250787101955,-1.3662357026674476,-0.0015597010125065762,-1.449974060976999,0.018642103508174742,-1.46042101050294,0.03902516120614056,-1.4699334495329939,-0.05113061621215423,-1.4317070630043096,-0.0658300050515721,-1.4279268573051926,-0.08060051341122494,-1.4238305253386316,0.08467007569018975,-1.4546928411445879,-0.0729830031981741,-1.4052812844699238,0.01406099041189777,-1.2942640181811114,-0.03749314340915876,-1.2671969447728357,0.22859160081021876,-1.073168009272301,-0.10838589397387356,-0.996327330031708,0.04675077308994852,-0.6021412931706223,-0.37186908614305664,-0.6312720518574869,-0.3312945870545009,-0.25386697059378127,-0.6229329812915543,-0.4312911745081465,-0.41073305917064723,-0.15433743720989088,-0.6734471445281466,-0.3452992418009788,-0.4457321942700414,-0.20710730842970657,-0.6684118824955122,-0.34732574173041636,-0.428356679483497,-0.2438273327201573,-0.6469396801448054,-0.37108118547860885,0.17993772102434347,0.035467354386289014,-0.007749334457868867,-0.03777274674343762,-0.25651037954115885,-0.138076670103372,-0.4673734578802781,-0.24023884492773098,-0.677924016727622,0.631796200412543,-0.7963706312988067,0.5701658529645989,-0.6890078923569244,0.8658155913415326,-0.8255953693516961,0.7958780775328879,-0.9214434515702816,0.7124508163247071,-1.049491607770443,0.5000680154374816,1,1,0
-0.12849910389220506,-1.3636205363090939,-0.10284222897087386,-1.4483055970322871,-0.08460982556481292,-1.4591979579535281,-0.06303663349537253,-1.4697731766141786,-0.15087350815674946,-1.4312024192085853,-0.16490579589636353,-1.4274848494869325,-0.17781703679844554,-1.4237721057327242,-0.010198487536131291,-1.4598237589319385,-0.1627039355498895,-1.4100866780532275,-0.08353327922708502,-1.291809480339174,-0.1313983419342401,-1.2647723279290544,0.1486445225250779,-1.075720590452848,-0.18651089015059502,-0.9969339795393122,-0.0679369716381898,-0.5916513671345964,-0.466100824865331,-0.6324903292391115,-0.41891708716202675,-0.2607107004266759,-0.7035658549503893,-0.420590531493596,-0.5077827564832595,-0.1568812808493804,-0.7629967804354104,-0.329920966341261,-0.5338210352316793,-0.20277958402409527,-0.7620500780217686,-0.3284613905874106,-0.5170221981549257,-0.24488274640044394,-0.7343561368422792,-0.35151112549624314,0.1372952694859846,0.037880541307175476,-0.047744311055824405,-0.0226183961731453,-0.32950847110345743,-0.2509594014079473,-0.5111180587836495,-0.338238495832053,-0.7050227891220595,0.6265392486754048,-0.7961933404947924,0.5860135172578673,-0.6935640120218045,0.860411726995452,-0.808684773028859,0.8255538149433814,-0.9932514087611056,0.701744686947167,-1.049271848452917,0.5322707310012376,1,1,0
-0.25818209466393865,-1.3557059497000903,-0.23267253874880842,-1.4422851264457694,-0.21427148048047603,-1.4511885283843253,-0.19482232368250973,-1.4619538901622897,-0.26760482149918174,-1.4277062343934925,-0.27484925902894297,-1.4254769422320706,-0.2816647442523728,-1.4228936272588506,-0.1325011008951403,-1.4584985482716748,-0.2416906971132293,-1.4082604303729087,-0.20720179377186354,-1.2854249286087107,-0.2481824869202755,-1.261973774807809,0.053236263739488206,-1.074447957437901,-0.2707560258414778,-0.996644523091956,-0.21527711049659823,-0.5725388088659706,-0.5454293665230571,-0.6304454398337275,-0.5654430091130596,-0.2933065037387019,-0.8144046112434121,-0.3923804657958301,-0.6595140177196029,-0.15071460884912255,-0.8757163432407038,-0.2904070624980376,-0.6823189998795127,-0.18696382191561792,-0.8741399282750388,-0.291636414204956,-0.6508453609974796,-0.23709515893471697,-0.851583966035266,-0.3129984828986132,0.0700574526654585,0.0387679097210784,-0.11667233407439141,-0.010411848117277021,-0.3456215128065169,-0.2975496975145482,-0.5569499160066019,-0.3593561165747312,-0.7128439043616116,0.5916242378085171,-0.8083999901499753,0.5887245933692236,-0.6973878038268938,0.8525430632766571,-0.8112417229799347,0.7955551949110212,-0.9910912041336264,0.6827496790855582,-1.0653998252552257,0.5235744392655372,1,1,0
-0.3632672817699541,-1.3365642324281681,-0.33782864217642955,-1.429391005028201,-0.3202460679866868,-1.4416622718474832,-0.3024678135169833,-1.4542002368676463,-0.36891640686153077,-1.4139445564283724,-0.3743531893855488,-1.4135146897282094,-0.3789649854748414,-1.412785054250256,-0.2378321583425394,-1.452963722409047,-0.3305500672769556,-1.4077918035342176,-0.3124769715962209,-1.2729634170728001,-0.349779159959452,-1.2517483625874,-0.04663769132096859,-1.0702732416001093,-0.3535415857785101,-0.9947480702852337,-0.32815598102721794,-0.5631460538285409,-0.6427385484852123,-0.6235043778574256,-0.6882560574287263,-0.2863829168445149,-0.9378626120082952,-0.35644875058752645,-0.794692718617835,-0.1423544076461896,-0.9934398754897282,-0.25045303042387446,-0.8307325354968957,-0.16627373108886634,-0.9939287713916862,-0.24573394545834168,-0.7968407313275597,-0.2251580522612245,-0.9683178193605638,-0.26580102928783506,0.004652893877960142,0.04179231811872695,-0.1782059589748161,0.0039727860454438985,-0.4123940047660772,-0.31492968267093596,-0.6172137526728889,-0.40197804505153656,-0.7325029653435856,0.6154994671486482,-0.8275879351100501,0.5173023071767022,-0.7189014586979662,0.8864943030450466,-0.8124447604643662,0.7712406501344674,-1.0080940526341395,0.5783750775860045,-1.065022790198666,0.5237164751073777,1,1,0
-0.47593929609600466,-1.317196050283955,-0.4515501774225188,-1.420798750990673,-0.43217417213107984,-1.4329324523379576,-0.41154138331777473,-1.445323758747465,-0.4809040482042919,-1.4074570337925403,-0.48603298480500723,-1.407760307746685,-0.4904810027991302,-1.407905340768307,-0.34076709755390844,-1.4437204199634253,-0.43700908031528096,-1.406742435013151,-0.4273183344880667,-1.2528171365775593,-0.4598423070846554,-1.2379068783606448,-0.1546599114140582,-1.0698213278486735,-0.44392697764784916,-0.998851768202105,-0.4835700142199563,-0.5626297261116351,-0.7477843150571546,-0.6294754711770374,-0.8773362427130267,-0.26086675697393424,-1.0325282814033174,-0.3201333963672126,-0.992483622740512,-0.14001071465650414,-1.1427423035107336,-0.22277392274431976,-1.0130180634172636,-0.1672173855230695,-1.1174067872215496,-0.19528358659133158,-0.9778866460102325,-0.20842505154034557,-1.080801874954565,-0.21518465714073368,-0.07276944143884001,0.05360323844345966,-0.2643367779450712,0.017910586422460094,-0.5159080600707879,-0.39941804712102225,-0.7050581456835477,-0.5020029766935207,-0.737206607213296,0.6215054090331751,-0.826204762040795,0.5197347979673668,-0.7187504821164388,0.8980083501724557,-0.8034075014287965,0.7414397423683603,-1.022114453253943,0.5803599217964472,-1.0808448514646498,0.5398358159679437,1,1,0
-0.5837839205871361,-1.3023947065323147,-0.5582272225900217,-1.410827133858188,-0.5391226906672509,-1.4219469248452088,-0.5185719941001599,-1.4336789533021381,-0.5870306282851763,-1.398782027113253,-0.5913668870332157,-1.3994966766922996,-0.5950311679143496,-1.399723497162192,-0.4444727691659951,-1.4318408693016658,-0.5327875670033508,-1.4018078579013062,-0.532183254279983,-1.2341433349491258,-0.5648474339307492,-1.221042763724247,-0.26015474695662694,-1.070488225749848,-0.5352588687322007,-0.9868422212172875,-0.6104598366341195,-0.5891437944504267,-0.8613957166461943,-0.6388587774782074,-1.0200871405299885,-0.2762791698033648,-1.183447256119263,-0.32782690286760025,-1.1335784517291456,-0.1458595840006264,-1.279831376321791,-0.22788883863961734,-1.157248653652371,-0.16837886888782086,-1.2720662423045952,-0.2016532540222029,-1.1221771798409663,-0.20893955046958812,-1.236053654041853,-0.22715569798530963,-0.15779729824956568,0.0748807765073519,-0.34885298060736375,0.05320090515755909,-0.5784085040491495,-0.4461488550797445,-0.7664806209337767,-0.5691488461343145,-0.7543669346514723,0.6217388842581749,-0.8060439020439061,0.4995988298025601,-0.7316023890187819,0.9033914882583537,-0.7573563928848911,0.7113194063570836,-1.0464701457529184,0.6581301331665109,-1.0790523347567853,0.58172765176988,1,1,0
-0.6874591124048364,-1.2703891444385813,-0.6694603874224045,-1.3780777631821117,-0.6550655933282216,-1.3884914897321716,-0.6375228460698104,-1.4005821637697142,-0.6895782709092086,-1.3682431527253938,-0.6912644131346647,-1.3688605209606903,-0.6925240414373403,-1.3697095864329811,-0.5554155631571902,-1.412590288364127,-0.6253016677126366,-1.385289180934621,-0.6384386622918072,-1.1986956388756784,-0.6639518757822639,-1.187543894904209,-0.3724508438185785,-1.0711422205380656,-0.6103155656073572,-0.9712860453576677,-0.7494984986934462,-0.5979638341513359,-0.9673725393373268,-0.6399663116068949,-1.1846398288742885,-0.3065819781837014,-1.3037583197130642,-0.35058088217157,-1.3050856131592776,-0.16553693285923227,-1.4110072674225707,-0.26071964116636254,-1.3324089200390283,-0.1895478988836975,-1.403794630478286,-0.21667389989445351,-1.291785754878769,-0.23187925332068576,-1.3676763789283375,-0.2421094915085394,-0.2313645491723731,0.10430536041210149,-0.4010843754596862,0.10333163258077041,-0.6282238671997761,-0.4371044840921513,-0.7999525151357827,-0.5621535301240048,-0.7778961167260031,0.6072264381576604,-0.7939852825901265,0.47816421919826324,-0.7506225935104168,0.8877598241079703,-0.7412622486543513,0.6565484350364857,-1.1016776893284443,0.6935263183874454,-1.0099426521636752,0.5862276886130892,1,1,0
-0.7692487958599502,-1.2292538171333158,-0.7552120377504928,-1.34136002487624,-0.740746327334704,-1.3531933986495042,-0.7262842744942416,-1.3657529535240243,-0.774055053037428,-1.3330802903304872,-0.7753614170248295,-1.3364619219183445,-0.7763150281918655,-1.3404149988512895,-0.6458960519850149,-1.3969451623045561,-0.701482662603393,-1.3778427131677353,-0.7183869597687236,-1.1642459020700993,-0.7417814211520664,-1.1555396536015659,-0.49835332409325145,-1.0686457221791898,-0.615612344275827,-0.9662499705305163,-0.926510412589078,-0.6259113672201202,-1.0216978960639955,-0.6399768779356154,-1.3858511755230083,-0.33479062149106265,-1.4281738940182536,-0.3497500029765966,-1.4884383402804284,-0.19059051105034186,-1.5268889056968247,-0.25471085450102626,-1.5064769937935063,-0.19925591659439737,-1.5263762355552453,-0.21906757974693267,-1.479381370977822,-0.23713031229757595,-1.4971347336154435,-0.2434524312492045,-0.3017478807735764,0.1198392860218192,-0.41009989224192694,0.13307706712109424,-0.7388386986033735,-0.5407773391256152,-0.8620701328966509,-0.5311603544008161,-0.7976315803925724,0.6033099877776363,-0.770807532544871,0.436752948154486,-0.7684067407403684,0.8665314601123547,-0.6993114852499346,0.6202858108604603,-1.119344590949323,0.5804202717893324,-0.9649843458478371,0.5911314811326035,1,1,0
-0.8280904453201674,-1.2341198655074483,-0.8126392215525514,-1.3441693983244924,-0.8020715720408403,-1.3547374034338049,-0.7910299617264205,-1.3657510231370464,-0.8267474039801876,-1.3368054800007365,-0.8256439338240851,-1.339613685056871,-0.8240904803035246,-1.341701449373025,-0.7094057835548249,-1.395905191720092,-0.74479912399495,-1.3821062268065059,-0.7788759405162115,-1.1687294798243397,-0.796444087603278,-1.1600825653555453,-0.5634152899918465,-1.0704303141405138,-0.6493118209425849,-0.9693408248799272,-1.0059144425375677,-0.6504699535503946,-1.0670863738779404,-0.6304003297380356,-1.4963045656156722,-0.3731835800960686,-1.5360657621906841,-0.33555576592947606,-1.615983579873214,-0.22791464486553117,-1.6282233509049635,-0.23039976410116955,-1.6310914995567243,-0.2343180432688568,-1.636546366758745,-0.21301490217768,-1.6081364552091189,-0.26942934401159296,-1.614000666049749,-0.24295276581989667,-0.3382102492021474,0.13961071584576445,-0.42318588396515766,0.1502506024701714,-0.7936300913862102,-0.5745285298435153,-0.8975650726513973,-0.5222236786867216,-0.8073760722572213,0.5721504939764124,-0.7718062538075989,0.41635221217577606,-0.7755349486542028,0.808585103812581,-0.7111622325059989,0.5814317945657026,-1.1105666133646668,0.5603357128777241,-0.9511963028605729,0.5883563974530358,1,1,0
-0.8445419143402305,-1.2350540204057343,-0.8303782586868111,-1.3447251465754713,-0.8208611460882848,-1.3559309413823193,-0.8110456363027155,-1.367299244292904,-0.8420260105122619,-1.3398617905831762,-0.8396724623890581,-1.3449905747849196,-0.8369642310585113,-1.3501159554096231,-0.7283682796357549,-1.3984897766847446,-0.7624066916160895,-1.3913149346854992,-0.7944810872454787,-1.1695733637315846,-0.8087792603914569,-1.1643816387544332,-0.6009279921349732,-1.0717624843538291,-0.6339030656884806,-0.9936083291738114,-1.029447485386054,-0.662560271990336,-1.0616385170286284,-0.6285673765029517,-1.5253554672412446,-0.3946340401934464,-1.5226432735374273,-0.21632521104667302,-1.6381724129896025,-0.25633359875415856,-1.6280085699538538,-0.23504813594372587,-1.6595511947705148,-0.2656896764390101,-1.6481010536120027,-0.22150494730469902,-1.6229971837601556,-0.30944088129783176,-1.6257775506040835,-0.2508086280250492,-0.35675395290820816,0.14356028760235506,-0.4112867754353336,0.14854657876534202,-0.8213379516718028,-0.5793428133668483,-0.8712211831645965,-0.5319139165173628,-0.8096178611343415,0.5283945139498035,-0.77381304347,0.4145514659234271,-0.7884510663233866,0.7701994603582277,-0.7149628596673546,0.5820846717614594,-1.106291111006771,0.5387474841097197,-0.9596139076762669,0.5926918434065583,2,1,0
-0.8073635755415229,-1.2610783292483938,-0.7911464961402912,-1.365392682354377,-0.7797825112005778,-1.3749585118242642,-0.7675041324292723,-1.385259564734409,-0.8059089781540889,-1.3621308871581155,-0.8053429683723333,-1.3664794902228816,-0.8045570976737372,-1.37130708325643,-0.6862667428484401,-1.404482713857,-0.7308712803507667,-1.3990542116771236,-0.761383180120594,-1.1883801080632002,-0.7805528372040369,-1.1837889366347756,-0.5467550343802365,-1.079541537477128,-0.635473994291156,-0.991325798971528,-0.9622221652812263,-0.7029105413915224,-1.0393869463354612,-0.6356815637113684,-1.4386892198829349,-0.4417553959175731,-1.4730125163414678,-0.37602907210066894,-1.5640091296875689,-0.3016939335579533,-1.577014553154305,-0.28023260233391106,-1.58551770459291,-0.30741590535811353,-1.5910123987262623,-0.26414414766499,-1.554026082632189,-0.348900632706362,-1.5654594599037888,-0.29023180368031576,-0.3412679821749917,0.11292484306594816,-0.40532431805746466,0.14573166815444272,-0.7865030010648367,-0.5684341965552678,-0.8657455897023931,-0.5162176352028801,-0.800080428672891,0.5391961466830877,-0.7875009095330476,0.4340825117689783,-0.7491762256674672,0.7716537529477178,-0.7245136016390207,0.6075564327315506,-1.105263129141432,0.56275174457942,-1.016283770187138,0.5856386157869145,2,1,0
-0.6826459464739643,-1.298581531855603,-0.660538748406874,-1.3994192580145581,-0.6474614942247007,-1.4075332332785062,-0.6331055110687029,-1.4167759769278976,-0.6802542986077775,-1.3965704640322327,-0.6811603612955708,-1.4010375318978472,-0.6810447412755316,-1.4062170141575865,-0.5537844877602589,-1.4175517892943463,-0.6147070943825508,-1.4125995339017576,-0.63165467285591,-1.2259035289340192,-0.6593311389532845,-1.2237621709794022,-0.4079703706074633,-1.085923600024383,-0.5778948179144239,-0.9941955732123228,-0.7889882218997897,-0.6975230345350958,-0.938363903026637,-0.6652088645232002,-1.2510283770238948,-0.4503959096295464,-1.3207059997857382,-0.42657595031656936,-1.3819772952558105,-0.31419522122553817,-1.4101033383203845,-0.33446987245480303,-1.399337468545847,-0.33321705130620705,-1.416072399653704,-0.31641831582876806,-1.3691378850691658,-0.36737281049492937,-1.3845173797206591,-0.3381334421407345,-0.24033292387262947,0.10977648350446155,-0.35448483381545476,0.13271618635555918,-0.6946364943869475,-0.5386976011553161,-0.8227180767616192,-0.3705008501934917,-0.7846118314224748,0.5983462516624953,-0.8047903697001078,0.538991322464811,-0.7441446212101591,0.8755589656137208,-0.781370406888795,0.7099719962465751,-1.1179953520511512,0.6702237027845203,-1.0756954934016956,0.5942900006255523,2,1,0
-0.5110538480168088,-1.3487383703026723,-0.4851303764939111,-1.4444418258968943,-0.4701613430734881,-1.4512814409575467,-0.45475685499059804,-1.4586605991784958,-0.5061077901824118,-1.4392124075740185,-0.5080932439887424,-1.4415387778805608,-0.5091441872991858,-1.4447368195068973,-0.37274832661178986,-1.4390845956362248,-0.45131467021122645,-1.4337791302263547,-0.46548696180638877,-1.2760406571140517,-0.49567171178313535,-1.2704786534347627,-0.23003055017139468,-1.0941608660566242,-0.47718998365899357,-0.996371627332883,-0.5912008737531245,-0.7016626986093429,-0.7864431590685247,-0.7097590463922042,-1.0324627498453867,-0.5051700305288976,-1.1357798040790466,-0.5072438757389487,-1.1444679678695773,-0.390465725112476,-1.2260945844247237,-0.4266140500595524,-1.168253688213527,-0.4043317963733695,-1.225656386580762,-0.41801376967616916,-1.1289483677632213,-0.4391995635589583,-1.1946349662481084,-0.43790325790370443,-0.12804983172294943,0.09873527958730025,-0.28950170898500577,0.11459879337364963,-0.5805782590122031,-0.4705065795650124,-0.745356701033592,-0.3027051515363797,-0.782168672703775,0.6314172349690054,-0.8378547490511675,0.6033963471950644,-0.7439958798135535,0.9126654736969911,-0.8314218868466017,0.7524789142992292,-1.0715388622419066,0.6592956805038471,-1.1005906782613104,0.5931094165896521,2,1,0
-0.35123690692563925,-1.3890277309147432,-0.3216328986312683,-1.483685018366309,-0.30680935542938315,-1.4890569805275986,-0.2916054243935556,-1.4942480959088622,-0.343289198940069,-1.478755775218482,-0.34510945226082523,-1.4806532948180078,-0.34615551880416673,-1.4830291947904282,-0.21002097155397695,-1.462559269678461,-0.2945467245518439,-1.4572068653852361,-0.31140713081325805,-1.315914425729664,-0.3402881583847834,-1.3107668964543728,-0.07495057552513129,-1.1058025219231977,-0.3544502900484835,-1.0353905393152711,-0.41495329150138915,-0.7157973984580953,-0.6289901292306503,-0.7395798676239771,-0.7870727700212332,-0.5134290388144677,-0.9264326891133926,-0.5447906136524735,-0.8831917160125994,-0.4086746590768594,-1.0102227614740862,-0.47315181932049405,-0.9135180954339281,-0.44051822106342886,-1.0134831850796002,-0.4685058858614886,-0.8790334592637764,-0.4714586667423291,-0.9809291390858836,-0.48316707335860887,-0.021060673460929775,0.08021291173730995,-0.19976147276351236,0.04945534482472815,-0.47584866950736243,-0.38751060744739924,-0.6546405017958458,-0.3526075852996368,-0.7688476817658251,0.6341616356555575,-0.8348575692698375,0.5969681585589712,-0.7399544622765452,0.9215226987470517,-0.8250172692515005,0.7672388563301613,-1.0727998113356723,0.6679084576029288,-1.0907346303492074,0.5627641396958037,2,1,0
-0.18740638650966765,-1.3974530572783483,-0.15679674819917455,-1.4853841653040367,-0.14122421484990075,-1.4901397244235184,-0.1216003072307857,-1.4943578231686534,-0.18356451002657567,-1.4809390428903804,-0.18705282089478534,-1.4829472041435288,-0.1900306968063373,-1.4851861482398396,-0.04712374244211716,-1.4643333969103793,-0.14789664823834373,-1.4648125900777909,-0.1464978288746369,-1.3232252584115303,-0.1788535530062126,-1.3209754939882121,0.08162351864195375,-1.1131946848564183,-0.21722375336474342,-1.079989387255979,-0.20529314904738674,-0.7129484520767978,-0.4951972429838536,-0.7412164293838979,-0.5637926298463503,-0.5092455854356187,-0.7747048822537462,-0.5795880741123443,-0.662070866071364,-0.42838990447981906,-0.8615762586282765,-0.5196302545816969,-0.6832766750191336,-0.46446741470460434,-0.8452113522242707,-0.5164886005749753,-0.6630567858204497,-0.4947045899276955,-0.8148051157416495,-0.5291693126321814,0.07444105669411155,0.051806352965066346,-0.09668632649796585,-0.008987425726285601,-0.4348043751879975,-0.3856438216405464,-0.57688695271338,-0.39145956960810213,-0.7352453340438453,0.6318262738096709,-0.8508968498704818,0.5599486194890168,-0.7152107619950308,0.8821281740985084,-0.8259479189734322,0.7824041796264328,-1.0357017359955154,0.6531708674212133,-1.0922252954933318,0.570412942497758,2,1,0
-0.03403856351340339,-1.4128791860152528,-0.00043072942843406083,-1.4923000306503125,0.01924174266306999,-1.4949696542413031,0.03966564328551359,-1.4969078643663347,-0.034017837253220634,-1.4872343904226062,-0.040280419006481064,-1.4871276603425965,-0.04498609286248382,-1.4871211071868033,0.10744071728175744,-1.4645736792894588,-0.010528482110021458,-1.4660845118975356,0.0058273819549830245,-1.3341586654558784,-0.02937515497228312,-1.3278050507167172,0.2253288404204685,-1.1171664052635963,-0.08006975859164298,-1.0784490400470044,-0.013985297190698498,-0.7019940139743231,-0.3224891776548971,-0.7405699529449622,-0.35418084866610766,-0.5579310626083412,-0.5944173048554073,-0.608172228486546,-0.46434803348948334,-0.47937680932734456,-0.6630734481080476,-0.5606270004218189,-0.48871825469044966,-0.5217825344626357,-0.6626064976580478,-0.5679865499750462,-0.45970839918798445,-0.5404276342846885,-0.6302034282458585,-0.5774704395976913,0.16216068574641546,0.043054384804953445,0.0008045150387323936,-0.027462041898403854,-0.3302405957646189,-0.27674307227392597,-0.46655578659620545,-0.34928437331768686,-0.6895524646832948,0.6216960093474048,-0.8328041455220252,0.5588958473909102,-0.6918933128921709,0.8490569875933691,-0.8257262292689284,0.799427957585758,-0.9776660738981895,0.6315535812492272,-1.0898828216954217,0.5703251606899251,2,1,0
0.11184118679663764,-1.3923588168435763,0.14658104044511813,-1.4596050156075586,0.16835702474654274,-1.4604699813725874,0.191405235665656,-1.461422017750247,0.10821592005231839,-1.4585757129511296,0.09986730117125228,-1.4585674834066453,0.09282118550363194,-1.4581170428452714,0.2590250659091584,-1.4339782140833552,0.12532504143592563,-1.4430343197917872,0.1491555670776233,-1.3063357439464771,0.11096113353338745,-1.3070143765684905,0.3642908965965706,-1.1053454266067162,0.04415389460822665,-1.0754542986492253,0.2032137176068378,-0.7015873119178939,-0.1814727833371512,-0.72179318041116,-0.1539168140269176,-0.5944477866702347,-0.4450360357662559,-0.6229447688324913,-0.2506692317449478,-0.5253849413611651,-0.5067013333784298,-0.5780046487939704,-0.28233428373572755,-0.5654565238423451,-0.5014504776001688,-0.5929059154715409,-0.24906822974514448,-0.5784331947030433,-0.46351369991781277,-0.5992195000807413,0.2495875055739806,0.03411892828263437,0.08537090776244786,-0.03895495636837172,-0.27370646993808195,-0.16043949204604957,-0.3919812800682419,-0.2188611299396221,-0.6814763351640432,0.617681007632198,-0.8056578246483449,0.5835194572825423,-0.6961369130652757,0.8553754489696713,-0.8248015739065594,0.7948385133456821,-0.9730732768807311,0.6285015378380017,-1.0725579033675587,0.5045912169244243,2,1,0
0.23178324167973405,-1.330089765304265,0.26735620970810964,-1.4030124701751143,0.28679622256776005,-1.405027692580629,0.30806929026180896,-1.4080415854492143,0.23142947286622248,-1.4010598329474064,0.2228231981232766,-1.3995670850173323,0.21583397807184423,-1.3986662546942419,0.37591873495635564,-1.3787847928125618,0.2508544490273089,-1.380241066588687,0.26650033708173937,-1.2380220411837681,0.22696316699546765,-1.2362267304947514,0.48855457992640106,-1.0230540457360022,0.16697019410196123,-1.0155688178305884,0.3825893395571354,-0.6046691857177162,-0.06053911914335034,-0.6543829495537214,0.05299709895286953,-0.6188291837958093,-0.27875006311451533,-0.6144418205925153,-0.049047830262416416,-0.5784775936035328,-0.34620266088615104,-0.5789739062554582,-0.06476300904941862,-0.6133997164224441,-0.3303568253805457,-0.5996141118187306,-0.04007823637038456,-0.621796391779326,-0.3121563241592759,-0.5989850088625952,0.3115675578628515,0.012543907425530791,0.13462361390870142,-0.07985010289387248,-0.21444927928106342,0.07424720318137312,-0.328474190080612,-0.0822059878013125,-0.6904847399942604,0.6751602102833428,-0.7769339712165388,0.5693278618176019,-0.7368955101119253,0.9044529978975177,-0.8223173690647526,0.7232813032633437,-0.9835985594782451,0.5822616577675298,-1.0599154942519649,0.4533424906431196,2,1,0
0.3080999732548246,-1.241534278690571,0.34175941979162155,-1.3154044987695794,0.3586053989503595,-1.3193079952369893,0.37816509580263385,-1.3239320340436938,0.3076878864347204,-1.306080831266092,0.30300273564027114,-1.303423094794912,0.2983015321541117,-1.300395486018853,0.4431344031262943,-1.3063738944891174,0.33339251303392364,-1.2807768615640982,0.3455352567202097,-1.1655299650079411,0.30875102166291823,-1.1654988248180098,0.6007618789873735,-0.9633483957042449,0.26760776961111216,-0.9493333798481165,0.5542680006303483,-0.4505118344475294,0.06636066000364582,-0.5763868829072546,0.2207826774884213,-0.6056458599291713,-0.11188151999273596,-0.6101574790942473,0.12200944940257226,-0.5616483783317074,-0.16315015973970648,-0.5893310419872738,0.12352510797809366,-0.6063898717101435,-0.16009710033533472,-0.6164471878645116,0.14405731346992362,-0.6129502410545591,-0.13559073605277575,-0.6130929880916022,0.3547659608508184,-0.05025767692136841,0.1674548228327051,-0.16171923701302018,-0.12800919199710087,0.15815685793537615,-0.28113480222730786,-0.009952416016559247,-0.6728294206952488,0.7084315474382862,-0.7668939269456564,0.5699183570341813,-0.7226626653252487,0.9528327627325445,-0.8384879159798878,0.7232428987224168,-0.9195130645924758,0.6633572147051505,-1.0426166869479596,0.42501233455547127,2,1,0
0.35063960628678664,-1.1693883005800019,0.3826210385432973,-1.2470327827982215,0.40191840596521927,-1.2451294720377624,0.42297384792734927,-1.242520909634859,0.3532431903232735,-1.246184225322504,0.3443180969310458,-1.2464553430935712,0.33665527342367385,-1.244794854695057,0.4935181128429128,-1.2137316262444369,0.3663480795190238,-1.2145123661776447,0.3819104529368355,-1.0856731577138414,0.3428020319582659,-1.0915431597154048,0.6414091231851983,-0.9027141279368486,0.2862093849265071,-0.884311240880853,0.7288735347591733,-0.36187618597459936,0.1593331768205031,-0.4714008567323096,0.4413464583875877,-0.5786476708562089,0.041807763234990275,-0.5446078364854696,0.34764974165610935,-0.5565845668916644,-0.013485428562761423,-0.5609085321226347,0.3295660796466541,-0.6131132063552118,-0.014550595777251726,-0.6131861546631099,0.35802628285701776,-0.6097145060824982,0.016811690255956382,-0.5951572546842355,0.35684610521837606,-0.07652597651809094,0.16209322380150687,-0.17089060714389004,-0.0608091701216139,0.12010974339734126,-0.2519040698148558,0.0213139602636463,-0.6774523927091497,0.7084228098972287,-0.770230651636451,0.6015622763675197,-0.7261721088508997,0.9480407294591136,-0.837225646095032,0.8268278703487333,-0.9375041696263111,0.5777441458422058,-1.060538806047167,0.43432370854188934,2,1,0
0.3674892430208509,-1.134306311239534,0.40397944966162813,-1.208929788637145,0.42310836541990793,-1.2085274553512444,0.4449373845635649,-1.2098226434140373,0.36764265798592916,-1.2082924053368678,0.35960513620623363,-1.2085974572790186,0.35133271681113354,-1.2091245037236167,0.5083727454350722,-1.1858841177008972,0.37441059473011623,-1.1857355795029207,0.4023138304977256,-1.0614622442382013,0.35989794543097237,-1.068964134431213,0.6405296795178358,-0.8641499744867056,0.3045502964005836,-0.8767907580132656,0.8025891206813278,-0.39563438704520826,0.17387752510580878,-0.49183085331363047,0.5690066068052101,-0.5443428654729371,0.10727450080303691,-0.5306722712933751,0.48641042799063194,-0.5463477247483604,0.09068028474593072,-0.5311023411921673,0.4646653298808522,-0.6035133919145836,0.10798163203280155,-0.5779227597463856,0.4849853960037528,-0.5961184857998683,0.12169936829434788,-0.5495849837101406,0.34915767868371955,-0.06806092482246874,0.15640731975803726,-0.16995670624389053,-0.09480551998569531,0.15165084422428296,-0.24307549577151838,0.011538480608037844,-0.6965498126798969,0.7098275220211836,-0.7693319040993104,0.5959137608718308,-0.7670373851779018,0.9467552949305242,-0.8357802942452286,0.8191201399442987,-0.9915926983505974,0.5283701301142943,-1.0606851090602216,0.4197118983116751,1,1,0
0.36256005067268116,-1.132588978024489,0.3947820701062152,-1.2142627366616199,0.4140038476380589,-1.2165307381619126,0.4361012921709455,-1.2191650051914151,0.356680295136914,-1.2115789399662396,0.347806814196514,-1.2112692652552737,0.3400430009704084,-1.209805727128153,0.5034974007236517,-1.1902427282981534,0.3681514673535529,-1.1839080618311693,0.4019161707802976,-1.0607409907037044,0.35878868411393644,-1.0626585761678677,0.6431860951979257,-0.8518062673560984,0.29665277847643634,-0.8728008513287702,0.8104305557838042,-0.3984194274576089,0.16457346627004343,-0.48804495805289483,0.5870831568626418,-0.5261948910973265,0.12187411911549662,-0.5154655970760528,0.5161950798663996,-0.5411732716546946,0.10160139827320959,-0.4987943687384636,0.49761622279747986,-0.5931907999497392,0.1236118737927803,-0.5325412922851496,0.5129502009560227,-0.5836692169813695,0.1333328962157517,-0.5280226627673648,0.3401362691412308,-0.06774474775536708,0.14952681097324974,-0.17047791072789809,-0.09533200763406317,0.14991308954699925,-0.2388944807762203,0.004101207579125294,-0.6975481275453663,0.7123162988321484,-0.7588261285702037,0.59146513328182,-0.7639987528762062,0.9452030606017391,-0.8060582275472677,0.8180964252501739,-0.9902752600379022,0.5897283945976826,-1.04550109149006,0.4271759935596477,1,1,0
0.3436018217629653,-1.1380664002743557,0.3762731133657549,-1.2194360721628248,0.3951488436319983,-1.221517791319759,0.416502987579115,-1.2225281457040111,0.33946632326061754,-1.2181624231547314,0.3309949724074888,-1.2179759884124013,0.32347662312550846,-1.2160235035836653,0.483646926632931,-1.1931921564016115,0.3525512989907021,-1.1921222648189913,0.3824741259343548,-1.066912844269008,0.3408165781519354,-1.0680851987604236,0.6332135128719518,-0.8612559180097162,0.2821360652047077,-0.8754094137316736,0.7867353604291821,-0.4158852640348517,0.15595093563675813,-0.46666592227369585,0.5275707487272945,-0.4911825480870316,0.0928589804486711,-0.4986643216157483,0.44395491919117636,-0.4786674429126582,0.07276588719463463,-0.4867317869114138,0.4224174900804827,-0.5483475040580525,0.08307964001910703,-0.5202353800995816,0.44171546709829246,-0.5404922514487878,0.10277751193926642,-0.5138343184804923,0.332908087501809,-0.0689517476130688,0.141921086280695,-0.17402799397939753,-0.10306351227811918,0.16022968715228106,-0.24548786989788787,0.007550910707778838,-0.6985338440958228,0.7139195360168734,-0.7505002679356128,0.5904605192588441,-0.7631707184620421,0.9438647944295466,-0.8056313072272288,0.8208780112858773,-0.9896875080028177,0.5507843613101704,-1.0456582656297793,0.4216829250153294,1,1,0
0.3408190165354863,-1.1499234466879265,0.36977157002450506,-1.2294014409374605,0.3900581083735806,-1.2342246144008229,0.41159167671031865,-1.2407971756629932,0.3263825667223085,-1.2213133226990835,0.3165489722587366,-1.2193014022712942,0.3079390399404644,-1.2177103062046664,0.4702516665959929,-1.2180937928177047,0.33181528527374166,-1.1943008589224169,0.3780043656869028,-1.0843991023084896,0.33990970266962517,-1.0700192433135558,0.6270066075431039,-0.869681345972636,0.26955644446554977,-0.8741883931685541,0.7659331039590885,-0.4031171765670712,0.14560873500419175,-0.46320118244647834,0.5105939096513242,-0.47766648646500864,0.0753223291491372,-0.5004579559160737,0.3953396471448572,-0.4430167514085973,0.03723437168662453,-0.4885161756741087,0.3718801622001567,-0.5196288321912921,0.04075417834236681,-0.5206699203682171,0.4000617800898286,-0.5238991529841424,0.06635700242831945,-0.5153044605630633,0.3189893877959416,-0.06846264851248159,0.12339262247182742,-0.17312335368200898,-0.10692591182276467,0.16250632459431644,-0.24681211536466263,0.005058679520116959,-0.698633614622781,0.7078827079407016,-0.7496626831858743,0.579566024751996,-0.7624824847047971,0.9262889257945689,-0.7939631339395391,0.8218980684046758,-0.9916989712336913,0.5284123954291768,-1.0489904183514158,0.4226800206890234,1,1,0
0.29703519829667113,-1.1916771074219779,0.32234013319215393,-1.2750561597553707,0.33966850589671405,-1.2807103140130212,0.3589522590104768,-1.2858540333140138,0.2823469853818616,-1.263434264955491,0.2720927697557573,-1.260088142328094,0.26395141347651874,-1.2559722524934682,0.4176165160673651,-1.276341086287387,0.286218528864823,-1.2322577024694108,0.33982882961518657,-1.1210733053080462,0.29687873535215425,-1.1002820215639317,0.5997991238820216,-0.9256037423258379,0.2306508157189644,-0.8750329882710014,0.6678251481853802,-0.3729579280182946,0.11485970243403815,-0.46573141177780863,0.3395768633149256,-0.46317872899794704,-0.02719971044761063,-0.4784837513518228,0.23441202234624703,-0.40310041268015867,-0.08154518383857431,-0.4644574579717714,0.21627369990552547,-0.4781208385999953,-0.08529257295906843,-0.5099000882204094,0.23255966364207045,-0.49075247818823936,-0.0599742269540556,-0.506655920505235,0.2987371900152081,-0.06037412387684614,0.09962610439834117,-0.16041084103932635,-0.10373853812446347,0.15449867301311956,-0.2699600968107341,-0.0006503891670863153,-0.6941943341697153,0.7013004947436424,-0.7700518368427174,0.5907628788191572,-0.7619001174333875,0.922206868531712,-0.8200694842287551,0.8420982473363232,-0.9917113663500751,0.5549773650245937,-1.0459614379846094,0.42190441152120395,1,1,0
0.24266595066608604,-1.2036982875283193,0.26589013159812347,-1.2906730920051341,0.283568818739498,-1.295475590007971,0.3019759729667077,-1.2997001403095843,0.22910935091752918,-1.279557364990698,0.2208550162004317,-1.276665645297945,0.21318711272732865,-1.2729785553706787,0.3639926010088423,-1.2989828491483575,0.24092535120799297,-1.2600396794550197,0.29182863981958507,-1.1295433353700848,0.24820575489513014,-1.110817667291537,0.5520480556058717,-0.9461911162455072,0.18710108230103684,-0.9025283027904061,0.5666322308225089,-0.3770435412571632,0.010743163193622746,-0.5082541793235436,0.24807347258749313,-0.3922847592414568,-0.15608534979819583,-0.462800677948241,0.13430520165667809,-0.3237221889575828,-0.20753524272245083,-0.415765783240857,0.11933576183899665,-0.3834654307357499,-0.1983335959958238,-0.4536245326495839,0.14318152737788753,-0.41487821162832483,-0.17651595597540443,-0.4582486222559457,0.2933453143882527,-0.048573363483575556,0.09518397916446622,-0.15830102967189924,-0.13158304948822172,0.13319329673702107,-0.28816283321692554,-0.04061285398436302,-0.7076755472268231,0.7014949558318276,-0.7844747739470506,0.5900348181305806,-0.7627714331555802,0.9199247447266871,-0.8257634146180798,0.8270133906972319,-1.0104159017711816,0.6098688331323326,-1.0759072263733664,0.4441461270808529,1,1,0
0.1878202022499268,-1.2263995367880007,0.2081855816671485,-1.3085120520653237,0.22589942217138204,-1.3128138178460493,0.2455300353452621,-1.3209309934884081,0.17742476357649883,-1.302869632528512,0.16976051767872216,-1.3017560024409476,0.16241773201240747,-1.3005946714751682,0.3097678276036488,-1.33167146343429,0.1954669730655886,-1.2918194370720069,0.23708855469063206,-1.1534174979174123,0.19668392965612322,-1.132756718492929,0.4935382295072078,-0.9804196205434984,0.14322135430921912,-0.9296429246779245,0.45750217180278807,-0.4072287992304829,-0.062131180403467,-0.5505403220655253,0.12534719008651307,-0.34888793279203434,-0.25723112507908275,-0.44935421185673363,0.023898648848054493,-0.24340183479052305,-0.32176761932245623,-0.3873271190851931,-0.005894334171512137,-0.3119366684615054,-0.31972872427663485,-0.41860131851262444,0.018701234309284373,-0.34464809179357053,-0.2920002393301742,-0.4236181910693124,0.28355703321900194,-0.04148193452163411,0.08101006198027,-0.14431994798685435,-0.13779726996772237,0.10668827073723079,-0.30881025233153614,-0.048430311648588686,-0.7075048603782593,0.6974704037810465,-0.787042493425476,0.5990753283442182,-0.7604943893162863,0.921111018324206,-0.8423564114834106,0.8291874128314997,-1.0080637760383824,0.5573757184455455,-1.084254626062657,0.45113229915284664,1,1,0
0.13306711240870223,-1.2779687581072785,0.1605172152331004,-1.3590653818377028,0.17835358451076727,-1.3643686628623082,0.1988794908450907,-1.3750461920327823,0.12606021407652576,-1.3531772443584793,0.1196547836869077,-1.3520794637639955,0.11289030131941777,-1.3501485179899593,0.2529638539974775,-1.3799770607696433,0.14296044726927146,-1.3348622915092885,0.18254455623889823,-1.2082187966334248,0.13950647696940383,-1.192452360992196,0.4326109493164434,-1.0217445321698475,0.082223157796849,-0.9549666554466123,0.34926049719011637,-0.4727150438669368,-0.1442110315011394,-0.5777812319011181,-0.0004636476063713804,-0.33409893335712043,-0.3608597844106864,-0.4355917718967539,-0.10305680672335417,-0.2107667125437386,-0.4102632639398381,-0.34572910850114175,-0.12366460210526242,-0.27176917622732283,-0.4032577879980663,-0.37675571039884087,-0.10654532079019306,-0.30925393855892847,-0.3811794441363285,-0.39911314757784355,0.2746721731553643,0.0012712602696620249,0.08214817750265843,-0.08571766651188507,-0.18278564968068836,0.03166083446468526,-0.326027881783159,-0.11838103336813427,-0.6921093130350559,0.6825044183400621,-0.782230648285694,0.5685528622456701,-0.7351207732841195,0.9144211098536482,-0.8325039195473192,0.7762870880917101,-0.9904971529410352,0.5457584464144811,-1.0727131471203002,0.45149439911015715,1,1,0
0.05342788004686408,-1.30183850108442,0.08494500343555514,-1.3877205033331674,0.10566476126217612,-1.394649119393428,0.12590740870733524,-1.403081557709057,0.05005153162336716,-1.3741344905830277,0.043453875330485496,-1.3710818375759144,0.036754822921611724,-1.3677691411230277,0.18417685082760496,-1.4020444319054022,0.07092592360684186,-1.3573303703419137,0.09922011353711424,-1.23132817033994,0.055432434524343446,-1.22212601561674,0.3629426736915452,-1.0289657034565605,0.01606656088252335,-0.9763683478729718,0.2301383487760143,-0.5082371106386872,-0.22670703339150083,-0.5993868341519226,-0.11177097993842793,-0.2973779946728381,-0.4618805925345891,-0.42416062981007585,-0.24142308451851663,-0.17548533454832627,-0.5246669369842951,-0.3342577330858736,-0.26614748093025303,-0.22855431415038724,-0.5253580155223495,-0.34771954067388877,-0.24351115363261475,-0.25705007712086836,-0.49688765238052374,-0.3688436637727027,0.24758742146634458,0.021721576713907183,0.062496228472707895,-0.06054765550621941,-0.21590336867192425,-0.09184796595750849,-0.3660789412027855,-0.15148330926354772,-0.6859143964253333,0.6721719712416995,-0.7841250691061239,0.564345837825829,-0.7160259948955525,0.9098078913739509,-0.8272933986969628,0.7724277365265033,-0.967510917603841,0.593507889101597,-1.0635876998796392,0.44649693202256185,1,1,0
-0.020555928065890877,-1.3129842506963267,0.009565830335790466,-1.4018718654695177,0.02867930299824781,-1.4083280447167892,0.04875431157428167,-1.4148383255990964,-0.029539339464711233,-1.3897663579320403,-0.0367250525906213,-1.3872178407240783,-0.04422491079734061,-1.3848413311557701,0.10926645696550323,-1.410335799572679,-0.006561638469945208,-1.3756493871636895,0.02592047520901949,-1.2377022573409975,-0.01601890907215957,-1.2222075998663808,0.287014661094196,-1.0486921247841283,-0.04700487124401017,-0.9920821042695693,0.12662917023840536,-0.5457213649737197,-0.301870612745639,-0.6021869112628873,-0.24218142180285043,-0.25770457990565915,-0.5454027475026263,-0.41837272005472637,-0.3353463677216006,-0.14906077520571612,-0.5949716307159815,-0.3292755058954715,-0.35997444798307593,-0.1976195580331058,-0.5929280621016875,-0.3418404963333239,-0.3467439820344536,-0.23189124203981107,-0.5702326040029396,-0.3592718907429101,0.21777879215232626,0.03556732811187643,0.0371110301186742,-0.038745661780251725,-0.22700045221212733,-0.08733167322395995,-0.4161962575164668,-0.061939972513790485,-0.6833813223131936,0.642023390620958,-0.7858210664650982,0.5666175985007625,-0.7081309153549561,0.8877258899368867,-0.8394848084549525,0.7705081190760473,-0.9426418437680838,0.6209437680219482,-1.0628274322083275,0.44646706182406315,1,1,0
-0.10817355140631493,-1.3115826373514679,-0.08291006903119762,-1.3993228402649824,-0.0647705273987006,-1.4047019143782957,-0.04593543685830577,-1.4110602534855867,-0.11666278373881701,-1.3906510847637632,-0.12299729780682936,-1.3898017144935286,-0.1290235595542805,-1.3892619681346026,0.022100950575144208,-1.4084469159148962,-0.07844620154399369,-1.3861453583589352,-0.05718207458963147,-1.2347172186777646,-0.0959044181726399,-1.2196372896054324,0.21181978915115443,-1.060274446650963,-0.11998243974475521,-1.0074986826708994,-0.000485186661071108,-0.5576505469006717,-0.38640449368867563,-0.6083563264446399,-0.34060027147930017,-0.23734529644731475,-0.625714770525887,-0.40121930136994427,-0.42728094594028604,-0.12217353258432027,-0.6790706665924386,-0.3216961970247183,-0.4657429920792346,-0.1824952808599414,-0.6738395210812143,-0.3191554013646674,-0.4443350004953685,-0.22387119534223043,-0.6507482320527016,-0.3401829035152765,0.17471226507473786,0.049538453064088425,-0.014209222080123967,-0.03505841945401345,-0.279317393687361,-0.13716065068274583,-0.4556903494933391,-0.2369868540653306,-0.7059304773988868,0.6092929682170588,-0.7947761316551392,0.5738904838386177,-0.7190975453751853,0.8721062145056286,-0.8239388941261095,0.8168965373444956,-0.9771428374278895,0.6211418866854599,-1.0558294746158379,0.5060826948630659,1,1,0
-0.19334994641501702,-1.3101896091486944,-0.1698770503607865,-1.3974890742353816,-0.15037628111099255,-1.402690959143995,-0.13058717300630318,-1.4092335994080094,-0.20612748261905733,-1.389053079943741,-0.21482682233419637,-1.3881034819496327,-0.2222149212948322,-1.3874593422949333,-0.06754439188649287,-1.4102438521929468,-0.17846971079557314,-1.385999614142111,-0.13942875176191213,-1.232002180193138,-0.18165850688427904,-1.2157760584529052,0.12616404857606878,-1.0620084421536058,-0.19740294627389218,-1.0056102562100322,-0.1259918360059792,-0.5544725203393156,-0.47673542832537763,-0.6096824006990779,-0.4653067246222505,-0.211354769376767,-0.7145692639225115,-0.38876800056515315,-0.545089415216334,-0.09610253885659242,-0.7790222435292662,-0.2915297349246036,-0.5750622290227804,-0.1382209411301343,-0.7767295533955206,-0.2864885801317211,-0.5621534265042493,-0.18123585575589507,-0.7469174697048052,-0.30742027412864226,0.12270926548168416,0.051406051665458204,-0.06295616683819241,-0.022064070312571175,-0.3495794157069064,-0.27649618593939607,-0.5007906916510177,-0.34872506909069634,-0.7194884995378483,0.6070327898639921,-0.7946148935428351,0.6041359902055079,-0.7208123386073646,0.8700935320829796,-0.7947926923434224,0.8475118652166075,-1.0134262894634123,0.6537619722336804,-1.048476224220117,0.5590419472053357,1,1,0
-0.29934282179785965,-1.3097288054572291,-0.2772543180046597,-1.3964324413633196,-0.25919077265949947,-1.402155124358682,-0.23974771182041046,-1.410602446973903,-0.3070479106201141,-1.385193677578877,-0.31247046924008515,-1.3845094569945595,-0.31662364602317694,-1.3840406269572392,-0.17537377648043115,-1.4143376949762998,-0.2684176160161526,-1.3847570037246344,-0.2458857328139451,-1.2308245933370192,-0.2813463320003495,-1.214726131135608,0.025920678407648733,-1.0628840250470126,-0.2923473025889208,-0.999845104701158,-0.24739204425252134,-0.5394822526621368,-0.5705260228235661,-0.60936520763883,-0.5947657905045586,-0.21645708695705154,-0.8391384563914084,-0.34879324223080727,-0.6734245894803007,-0.07592897894537584,-0.8945074412778675,-0.24378161302857768,-0.7091123647341984,-0.10727765067042469,-0.8919806663232345,-0.23416076752982293,-0.6779987938231834,-0.1609025817220937,-0.8676639879610736,-0.2563537154184536,0.05005153162336716,0.0547956079998559,-0.13112199179847,-0.013837573807679925,-0.36617972772288987,-0.30155758727773146,-0.5738761586238907,-0.4014282911601204,-0.7376999734850973,0.6069966205079869,-0.8024944283882943,0.6032085916616442,-0.7226238543870633,0.8703135961984494,-0.79751149000269,0.8087974463801396,-1.019150801246438,0.5670014407114021,-1.0571340098155761,0.5478217252958116,1,1,0
-0.3967212944925867,-1.3045630391049636,-0.3765867487181847,-1.3958798934907513,-0.3590173824393427,-1.4019713819981894,-0.3408254155605011,-1.4120363689008113,-0.4063504711351404,-1.3837537104927484,-0.41175941544695216,-1.3835153585006468,-0.41607474473617967,-1.3831265379235909,-0.27517661202065297,-1.4168073203164584,-0.3659968489565715,-1.3842823317267234,-0.34384230560886764,-1.230368056816768,-0.38016345099011495,-1.2144184376112772,-0.07518872431860375,-1.06218573295762,-0.38025956394174676,-0.9877950195898065,-0.3674988932239336,-0.5329491119340397,-0.6720729121985781,-0.6067484156914423,-0.7121081221251238,-0.21880159274125396,-0.9492990372593336,-0.3040894421980957,-0.8355481398113188,-0.07230249300928114,-1.0062826384537555,-0.19410361215131913,-0.8547092625523336,-0.10335977789999592,-1.0058269655276786,-0.18305509308350507,-0.8204178682785918,-0.149412308834306,-0.9736079940735832,-0.2024148424846046,-0.014653414283648539,0.06323668225722746,-0.21193530584007256,0.025534395793017455,-0.43834775288473193,-0.32379147969015454,-0.6524616028944762,-0.3968918817622768,-0.7420650864384892,0.637994774597592,-0.8076768062285006,0.6056433176372303,-0.7201045977817122,0.9075296283428815,-0.7884152017653252,0.8296112851720999,-1.0227363426587404,0.7057375400117862,-1.0611285900685439,0.5631116093518088,1,1,0
-0.49666657227190764,-1.2918028255840663,-0.4796352759633004,-1.3916283177714486,-0.4623725364159857,-1.400389988666108,-0.44474525852780955,-1.4114636535642908,-0.5065288177422027,-1.3753623690998842,-0.5113216638101507,-1.3752861188142607,-0.5154153033948743,-1.3754484237193685,-0.372561790270145,-1.4174248409507268,-0.46079591825169147,-1.3838078629274417,-0.4454294283124698,-1.2278087192817988,-0.47626542989593923,-1.2105961189962497,-0.18304858870692842,-1.061347538611994,-0.45578829123263404,-0.9876259583302766,-0.4959399339737357,-0.5545235231952556,-0.7736437790118408,-0.6093123759952268,-0.8823027220096624,-0.22085572768426856,-1.0508630969185166,-0.29316995425985076,-1.0005852536877335,-0.08466123683845221,-1.149716994860175,-0.1831926585555024,-1.0274730043057025,-0.10866854528759105,-1.142980452304206,-0.16197282890231507,-0.9874049778005343,-0.15438153131243657,-1.104310838765486,-0.18072074723076478,-0.09830317799085013,0.08899353090414608,-0.28575797743983805,0.06048171524195475,-0.5463640802175735,-0.37536684776796697,-0.7266120338832102,-0.47618811483795326,-0.7543275141173993,0.6381949252473961,-0.8099155471261821,0.5899035518160898,-0.7248700120347124,0.9070699930435345,-0.7889115144172506,0.7628601290686101,-1.0833052820668352,0.7279977466466963,-1.0918313949505447,0.576158586938225,1,1,0
-0.5975561140813196,-1.2811965175331417,-0.580232414945232,-1.386525187396647,-0.5623501227773563,-1.3961277958184275,-0.5434148553127448,-1.4079528384478925,-0.6082858144998518,-1.3731161098529205,-0.6131416521428649,-1.3733283000215073,-0.617321041549129,-1.3736659653436514,-0.46954829280906285,-1.4168501952272285,-0.5608432017428923,-1.3833097722875105,-0.5456732048781483,-1.2150409874116195,-0.5771897186709516,-1.2017631253827263,-0.2860235580482583,-1.060930270226844,-0.5489896097060186,-0.9873854727525678,-0.6260876400105474,-0.566202770808239,-0.8855720863548631,-0.6207778586502469,-1.0289501567409824,-0.24094089619176456,-1.2089900350102745,-0.2959437171483284,-1.1484282075542032,-0.10703198352767025,-1.30557064828728,-0.18911000583767945,-1.1729459509599998,-0.11585974477649069,-1.3017291782014466,-0.1662239474247019,-1.137792689700325,-0.161487184178425,-1.2630052090294042,-0.1881864680677713,-0.18514031539635292,0.1084351693528304,-0.373293508534048,0.08476842180630234,-0.5738649826992823,-0.3840163022196269,-0.7449070224670779,-0.49657950367971804,-0.7528935413908334,0.6272699509461616,-0.788922385543915,0.531379501813379,-0.7257553484623228,0.9164039220777986,-0.7554219419345005,0.66134493867976,-1.0815041294172278,0.6225130710355897,-1.0403842452077845,0.5779936737589159,1,1,0
-0.6937576603154728,-1.260691845455574,-0.6788562920385877,-1.3717044889755714,-0.6629263323004759,-1.3835081449493087,-0.6435665828993764,-1.3977983933487463,-0.7035038793684703,-1.3581050143162443,-0.7072754491258443,-1.3583669881489955,-0.7103847945505163,-1.3586684841151344,-0.5662582420135813,-1.414403328133545,-0.649502014859556,-1.3804578287264317,-0.6419019797286201,-1.1994440194271794,-0.6714883097422468,-1.1839688182213128,-0.3828245402386775,-1.0662752069704442,-0.6324636065989253,-0.9842030774206831,-0.7427718112709953,-0.5814083274331004,-0.9773741790672823,-0.6207308181675772,-1.1835045581327095,-0.3093644786132365,-1.3146447878740573,-0.3010419707560281,-1.3194541946302885,-0.17360716961823588,-1.4306070960041206,-0.20826472782187305,-1.341290325725969,-0.1967376759821924,-1.4147748748066744,-0.17708593015087112,-1.301469083956016,-0.23247645409203008,-1.3778572398492852,-0.2022935329029467,-0.26393078708384426,0.13846894274804966,-0.43999975774047523,0.12857906226417753,-0.6653279368994955,-0.4830124392017552,-0.8650587783355527,-0.5705721509328451,-0.772182984066215,0.5960757101793372,-0.7887355444043264,0.4243129248736178,-0.7373228368292228,0.8621336321796547,-0.7491081541266709,0.6360052568186766,-1.0874179207233932,0.6673086152494043,-1.0370812514894443,0.5640111696834663,1,1,0
-0.7667744461516617,-1.215350408124299,-0.755651759584174,-1.3251072333159188,-0.7418119009464528,-1.3371437549187684,-0.7269263821626486,-1.3506014477345414,-0.7742497173242426,-1.3151228146697918,-0.7761900610348813,-1.3186337313855045,-0.7776593903229353,-1.3223620706345072,-0.6466994993650406,-1.3877789229390747,-0.7115009646209465,-1.359557427318414,-0.7151302953378506,-1.155896927591432,-0.7400765846527201,-1.1463820501778272,-0.4920116980732156,-1.0660535172659404,-0.6474365007933038,-0.9650209236215417,-0.9113667299468209,-0.6074643860615789,-1.0500332337166896,-0.6143497716134684,-1.3438649539577887,-0.3290137860610069,-1.4114865113896398,-0.3070248495961359,-1.4643505651741093,-0.20330241409713676,-1.5075376906381532,-0.21495565228557714,-1.4809751594262874,-0.2195162423203006,-1.5107184603810042,-0.18794262971268005,-1.4479640181160893,-0.2559440669819003,-1.477923624011635,-0.21773581593087593,-0.3039718897706379,0.14437450450973063,-0.42651407431352406,0.15480733173093925,-0.7367969587767427,-0.5199269245803911,-0.8956542943413134,-0.49503590529267577,-0.7823222908674825,0.558470349461276,-0.7863355653943407,0.43331462414907007,-0.7561810920133513,0.8234214485281084,-0.714839314900775,0.598822346050811,-1.0819177402270512,0.6005596943308362,-0.9694432349686246,0.6260347064789952,1,1,0
-0.8148359003339798,-1.2155736726181794,-0.8016814306726943,-1.3223981383911978,-0.7884220089194048,-1.333126213220696,-0.7735405541081856,-1.34576125638598,-0.8221993106611626,-1.3145035668471745,-0.8241483919128587,-1.3182198665773945,-0.8256146732214742,-1.3222999426536162,-0.6882936491751362,-1.385868652625564,-0.7564287911423981,-1.3597153634529928,-0.7590610261856082,-1.1519383134958399,-0.7837819682206475,-1.14529529310898,-0.5557057307997488,-1.06336367541134,-0.6428614836559041,-0.9951013311021721,-0.9876970758300707,-0.6132423390840955,-1.057664764635158,-0.6286674518278538,-1.4696495790275008,-0.32738118667435634,-1.488575804153111,-0.3122889132852977,-1.5786690979929137,-0.19719548249387625,-1.5959346823210379,-0.21550774296122957,-1.601395848680565,-0.21642071440241709,-1.6058517914212285,-0.19440861329381245,-1.574495194949639,-0.2517360265689129,-1.5854420131035172,-0.22033371040574404,-0.34566723249809644,0.1528560152943215,-0.42230481470876124,0.15079497159791264,-0.8199719488867186,-0.5424539310154969,-0.8855873262520563,-0.5724780524758271,-0.8407803013156895,0.5360709517653347,-0.7933307798053357,0.3689079738297827,-0.7709619635030955,0.7535952875682886,-0.722061806978578,0.5709361789680579,-1.0678482671382858,0.5961212266722876,-0.9837212914503077,0.6049792645168652,1,1,0
-0.8297585028676208,-1.2246180436057725,-0.815017255110579,-1.336732938090097,-0.8033990686856829,-1.3467555580785218,-0.7894054902849397,-1.3583773512790869,-0.8301788192322094,-1.3316872621277138,-0.830389841008678,-1.3360730505416312,-0.8301099348968961,-1.340672959511113,-0.7035550854230395,-1.3900857353775526,-0.7604173770358034,-1.3719739303579472,-0.7805814882107601,-1.1570310299408928,-0.8004844891471401,-1.1539684202009466,-0.5858612201738844,-1.0593644215898996,-0.6498122991664096,-1.003915579642148,-1.0340124441913061,-0.6311991035495887,-1.0715131576153074,-0.6253689284793568,-1.490943474581047,-0.3799548696176382,-1.496035733829184,-0.3127914234954149,-1.6124763715324848,-0.22650485277584523,-1.6146128019203427,-0.2146087922254598,-1.6308081390682454,-0.23703806011989975,-1.6294402058961834,-0.19540530257024796,-1.6028162070989715,-0.27678066402033585,-1.6041800762984486,-0.22075676995182736,-0.3489086570317762,0.15231022377617556,-0.4145582733661413,0.15074681352278213,-0.8166517848842073,-0.5728533603440383,-0.8890993097605727,-0.5426130355421939,-0.8230839358935708,0.5285022092233022,-0.7913425828175104,0.38403184460568857,-0.7571828612555178,0.7361655187477364,-0.7023033818669043,0.5794168769581318,-1.053779403645408,0.5820828429737963,-0.9694893610574628,0.6216009123889191,2,1,0
-0.7985012705257312,-1.2378505415406873,-0.783598581457756,-1.3467080603989363,-0.7706717958605369,-1.3552151234111545,-0.7555095205437041,-1.365361135767187,-0.8015930392689737,-1.343627772378246,-0.8029297814514469,-1.3480334742578293,-0.8039738160084959,-1.3525381338698537,-0.6711044675316074,-1.3921870632022089,-0.7348966451960648,-1.3788468699937955,-0.7507217544414873,-1.1647504442665089,-0.7734458635469584,-1.1614927638424897,-0.5428625614384631,-1.0695699711443003,-0.6400211732163495,-1.005925823681246,-0.9666348267138611,-0.690616821123709,-1.0481184930333354,-0.6250696168984823,-1.4276087986303296,-0.43025272791340163,-1.4584410410391582,-0.35293209351053745,-1.5583830676404113,-0.2753180402870468,-1.5788269833278352,-0.23948660360227444,-1.5788163153998,-0.28351080581948374,-1.591461670895518,-0.22363101456246554,-1.5390574556090246,-0.3357604885484381,-1.5593082309993533,-0.25511034300611746,-0.3307581426733001,0.13522467343356048,-0.4110126604844852,0.1508085859060719,-0.79083824381973,-0.5721035574021328,-0.8830226547530694,-0.4890249850417324,-0.8288642257003236,0.5308729276306768,-0.8005938100096727,0.4028577912077675,-0.7607207525892627,0.7374765563036104,-0.714340259067355,0.6134829239520435,-1.0850551270625588,0.5821375034050625,-1.025758312672838,0.6098103119271107,2,1,0
-0.7061174201377901,-1.2612525720729693,-0.684945545361104,-1.3741221970659585,-0.6682479012017133,-1.3837875430645175,-0.6511249623113176,-1.394363777718314,-0.7092147768433368,-1.3716774635578821,-0.712492573931651,-1.3764675664443353,-0.7155287678497956,-1.381909225735455,-0.5741202001776112,-1.408143895959038,-0.6483462210564235,-1.4024504735662864,-0.6548729610276994,-1.1893964060073576,-0.6887494237005276,-1.185796589891351,-0.4336597573094733,-1.0842325810318252,-0.6002621102269448,-1.0057800286647645,-0.8330111033259089,-0.7096561262864928,-0.9564069253102437,-0.6810571384123564,-1.284105761087226,-0.4782284322741794,-1.3309166293058698,-0.43777859554466403,-1.4111069363502142,-0.3496928025624647,-1.441288943145466,-0.336522280209469,-1.431221162261692,-0.3606196056513624,-1.4534892936431425,-0.3312847339414235,-1.390809628473789,-0.40344513915466895,-1.4238946324857167,-0.34973130870270625,-0.2665406702778377,0.12060290647051332,-0.38544112898743593,0.14575645838721032,-0.7157008770887642,-0.5668465040656799,-0.8516289745316433,-0.38870053862024456,-0.8256948350807104,0.6007159540767238,-0.8035770706848996,0.4832476393060282,-0.7506055248255604,0.8571481538111847,-0.748708056025692,0.6810895462846451,-1.073444662185574,0.6040880353290067,-1.072552518603884,0.5955000484626927,2,1,0
-0.5448545176009294,-1.3024114704192271,-0.523106371511711,-1.4049918788222249,-0.5103865437183757,-1.4126550071275408,-0.49456996881538134,-1.4219037451364949,-0.5467024059352626,-1.4007844988047826,-0.5495372300118277,-1.4054626900461804,-0.5511051106350645,-1.4106565486089386,-0.41323646628291744,-1.424209643181141,-0.4918523903478893,-1.4154426383224643,-0.49332659640304516,-1.2364859611460077,-0.5231626575320113,-1.2334998556899714,-0.26173034912777493,-1.1033546896360253,-0.5035755288647892,-1.0053781017761223,-0.6181769141754994,-0.7062064231578392,-0.7955903485625146,-0.713678239953723,-1.0423598438805968,-0.5318561065073432,-1.134435645146606,-0.5191616785426632,-1.1490358730549535,-0.4323082852468209,-1.2305531687475675,-0.4384089176925749,-1.17537153299727,-0.44227202843242275,-1.2350296345497844,-0.43389252335971173,-1.134168946945725,-0.47695874563935625,-1.2002683434459187,-0.45068821085771205,-0.16936051944525152,0.10055085933958388,-0.33144922121135456,0.11324894487959028,-0.6066061746305315,-0.47444975056478184,-0.7712783437688264,-0.3547338557560326,-0.7662757967155001,0.6217636744909426,-0.8734294442678917,0.523519169238383,-0.7384585139680603,0.8830508990738997,-0.8211095564125339,0.7109028491671361,-1.0621535239544442,0.7120366975183104,-1.1030228642540312,0.5680649823368584,2,1,0
-0.39717463063442715,-1.338492841417968,-0.37209707500506695,-1.434292765561423,-0.35816069701845543,-1.442650020384232,-0.34081484923178046,-1.4518156501538257,-0.3971821489837091,-1.4283636835584073,-0.400406098435274,-1.4324044406998706,-0.4023954130155602,-1.4367401406516795,-0.25960814264396403,-1.444739562688392,-0.347157084847704,-1.4356582603499342,-0.3476616270441137,-1.273462422106563,-0.3792801465487969,-1.269056771026637,-0.1106296132379716,-1.121213918759482,-0.39141293350225004,-1.054995955859125,-0.4402517240407362,-0.7124196276441936,-0.6609483968434273,-0.7540226165946614,-0.8106868891227875,-0.5674002203303663,-0.955632738532829,-0.5572764582242359,-0.9163934576370271,-0.469928174666873,-1.0399185139495604,-0.48867619459463735,-0.9406492780097298,-0.4935335562273698,-1.0427935713547154,-0.48520027884281147,-0.9025543101945083,-0.5243300356774515,-1.0122861419547313,-0.5008234086507667,-0.06817288524674059,0.08853186361850664,-0.24860757845265125,0.05556634040057352,-0.5180235609998338,-0.3941714585139754,-0.6998771902337463,-0.37778023788748266,-0.7662121955445471,0.6368641774244855,-0.8719791140516718,0.58823183669331,-0.7388069996172115,0.9083989120787819,-0.8197903909114903,0.7587709598537298,-1.0423677686271373,0.637836482865412,-1.0923240500271438,0.5674482744971068,2,1,0
-0.2518136464248428,-1.3606580018940497,-0.2248205373176115,-1.4476989983243402,-0.21084595798870237,-1.4556040853974268,-0.19311545519687093,-1.4649970944331432,-0.25078972853208875,-1.441634281236305,-0.2539825885933795,-1.4443465257397794,-0.25613344608391364,-1.4472204147528165,-0.1145548011590531,-1.455719553018494,-0.20700530069738585,-1.4439035527280304,-0.1999876328378595,-1.2901831801100299,-0.23404616148248916,-1.2870227810297608,0.047611522483420654,-1.1297790457800063,-0.2648352241826036,-1.0737513925368567,-0.24089517447974407,-0.7016911464174369,-0.5273875634312257,-0.7442495753226039,-0.6026543676890193,-0.5538345782428081,-0.7833626678492052,-0.5670150573286368,-0.7010782973312,-0.47597780425668706,-0.8654375405804611,-0.5062388553187143,-0.7175629893271444,-0.5077764593461939,-0.8514666188268784,-0.5128284852657409,-0.6822667778317973,-0.527169838120433,-0.8179646512277445,-0.524456018827582,0.032215162345700266,0.0719892600132281,-0.14041081073704215,0.006590187588719289,-0.45266533149980276,-0.4126510530525101,-0.6111655454734795,-0.40574788762056196,-0.7300304444229603,0.6359426716408698,-0.8621291620984459,0.5849611515570193,-0.7135258389613501,0.9015456319103129,-0.815181439603007,0.7477695828679001,-1.015721316381394,0.6445202953770925,-1.090345403374893,0.5657586778949536,2,1,0
-0.09525926252479429,-1.38113315937072,-0.0655973426210892,-1.4611888473231909,-0.04739115183820057,-1.466602414403818,-0.02753417539134414,-1.472384380599262,-0.097630793726686,-1.455454480406647,-0.10371964065194389,-1.4562981611152628,-0.10883902691708482,-1.4567106543326254,0.041554577742953853,-1.458217524567432,-0.07040664777800575,-1.4479235328096536,-0.04654015597893209,-1.3027184019486984,-0.08461571832506096,-1.2992336978561576,0.1864563330504497,-1.1339874417905949,-0.13669166622601278,-1.0785772583820565,-0.03365594049453936,-0.6759711783217258,-0.3880436970307766,-0.7402403647683305,-0.38726849426021565,-0.5727879303854222,-0.6568194006972153,-0.604282600325582,-0.500917284397036,-0.5051659665563127,-0.7320098022704136,-0.56166514221862,-0.5146545277269896,-0.5475684405135359,-0.7275766177762253,-0.5688434385945627,-0.4766057875999208,-0.5631103924691088,-0.6884840462907367,-0.5781996178787288,0.12147950737750726,0.052482598003186096,-0.047116427291464424,-0.005208134421000376,-0.37789798947268793,-0.30647204772528114,-0.5157822801192867,-0.36456216705524414,-0.7002919186360307,0.6126317248941457,-0.8320390010836118,0.5409406069151363,-0.7006300411550905,0.8585150709901005,-0.8130846329478515,0.7842937236797608,-1.007277702141157,0.6035070904480018,-1.087252110641931,0.5505523084755752,2,1,0
0.04280221732650412,-1.37274059878608,0.07410049579150077,-1.447028696846126,0.0927362484766085,-1.4509382384727558,0.11447626662065716,-1.4559292540038726,0.03786713221808634,-1.443268404612675,0.029987902170570884,-1.442724899079108,0.023599337267179978,-1.4419852052690072,0.18659105374163762,-1.4479102740990955,0.06173342081853075,-1.437399317004943,0.08535790305017633,-1.2955214620985225,0.048956494210378176,-1.290830215345196,0.32845133196662857,-1.1112330052897093,-0.010123710440569972,-1.070964218538849,0.17030752838864355,-0.6391696713809488,-0.23463157673333743,-0.7304402980785837,-0.1756637409243605,-0.5902879043323778,-0.4942810203645982,-0.6306928341648306,-0.2744906134483296,-0.5340516676963106,-0.5636698978742877,-0.5896424438865884,-0.3127685616291842,-0.5723052320416562,-0.5489542531445304,-0.602801993513605,-0.2796213788367081,-0.5878245273500684,-0.5232471881617763,-0.6080086535900056,0.21755263207797912,0.05365749247746747,0.046339702262990515,-0.022759619220468985,-0.2877505431981921,-0.18616159372736768,-0.4304376366455716,-0.27595892876367834,-0.6944893785793758,0.6475711195965426,-0.840286427047315,0.5280693961430152,-0.6986325986296347,0.8823301535359758,-0.8424463268768505,0.7815271743426212,-0.98830098215618,0.6053413644741757,-1.091847142844311,0.49207113338363456,2,1,0
0.17501950140215283,-1.3309218128913565,0.20868565349371482,-1.4088031231119587,0.22521261080454166,-1.4131910959111404,0.24532135035302982,-1.4185258219236212,0.17170086138936083,-1.4046477619436024,0.16411017339537004,-1.4038572176765336,0.15742209371247537,-1.4032994882389198,0.3113220939187263,-1.4080403662574388,0.1976704590010966,-1.3999714502895253,0.21553954325807154,-1.2486525298715725,0.17651748169693013,-1.2406564606122426,0.4482816276036415,-1.0588178172772367,0.12522466131307972,-1.0422146604804439,0.3681331794769211,-0.5860818959056829,-0.10385354854861484,-0.6592875548677529,0.027728739810650396,-0.5972224639525439,-0.31073677853538634,-0.6272120416459028,-0.05990940659132717,-0.5663257059789308,-0.36611287537386905,-0.5943952598245754,-0.08188757352884829,-0.6150199206927108,-0.36616530062021363,-0.6087874123365783,-0.040908302770841044,-0.6266459302648326,-0.33410035372708424,-0.609519740196369,0.29008641477245806,0.018163771914496512,0.11280556749102356,-0.07451674847213899,-0.21552318403661114,-0.0389529243820793,-0.32726129746266225,-0.16137176735701514,-0.6920030401519619,0.6628851842894197,-0.792345977648711,0.5492873970085393,-0.7021158295321133,0.8950696915963476,-0.8390211091830206,0.7721020091238272,-0.9870137188399274,0.5353333407411837,-1.0570801621788268,0.4607647269734682,2,1,0
0.26576333565347604,-1.267898132442695,0.2974275748497388,-1.3439146380430795,0.31413375335155774,-1.3479306557514323,0.33297758143301,-1.3537480801076793,0.2662751930005384,-1.3373752489571331,0.26170586542475754,-1.334941996171609,0.25766688627130013,-1.3324733360249392,0.4009792219008595,-1.343355537014718,0.3020426221170993,-1.3189124691051684,0.3048016531049569,-1.1937813308271006,0.26918194939185547,-1.185519934957637,0.5692703586259671,-1.0182509381372775,0.2350673379255548,-0.9656775599919395,0.5243537080291238,-0.48947649239590973,0.02400918890236253,-0.6099824234751547,0.18979285454261507,-0.5885134723025158,-0.15876960369049206,-0.6290985377197922,0.08545035842648177,-0.5562134245953526,-0.20816515847310327,-0.6087180200046919,0.08722712724058004,-0.6029164959411832,-0.20291735067428093,-0.6349012809750764,0.10675085793547844,-0.6152433375855632,-0.17829435037853666,-0.6326907846868595,0.3347962091647323,-0.04118871889963687,0.15108087408969803,-0.14893946562405821,-0.17021557927710487,0.14076183608042442,-0.2956177845265822,-0.013514691185813254,-0.6876728773627997,0.7168295435862583,-0.7779790217667342,0.5586566826042916,-0.7150398719478376,0.9574776801984037,-0.817342253826374,0.6911472688362718,-0.9355233893884531,0.6633795665543673,-1.0499953371723356,0.42299985533145146,2,1,0
0.3268787777749192,-1.2009950853638462,0.3566786695478801,-1.2741432391138405,0.3771850688137962,-1.2797627480052052,0.3992938924699204,-1.2875160457022474,0.3303364056501132,-1.2661335555463513,0.3246626935243982,-1.26467022061786,0.31805995726578545,-1.2625272878738663,0.4711032720511491,-1.2697033490648872,0.3509708200524523,-1.240420242205748,0.3643264563566881,-1.1224640983258978,0.32503332782413685,-1.1107150519837696,0.6325659188405554,-0.940673867064309,0.27616527668303975,-0.8984699181678559,0.7073966588399939,-0.37164424888024045,0.13213747867991682,-0.4804959257778988,0.40857234827840117,-0.5714786200178968,0.019214514046751466,-0.5725084306708988,0.31029695683419684,-0.553755737174662,-0.03895739273148175,-0.5923894861553206,0.2914671494581623,-0.6039684552447727,-0.03584886010132673,-0.6258353709327834,0.32068365796656734,-0.6103214603880461,-0.005531218221055408,-0.6289249044911043,0.347763329689856,-0.0627426070992992,0.15534702931064878,-0.1540149609852827,-0.10141008503197121,0.14292712067363478,-0.26604263043756377,0.02105569480587881,-0.6893964081360364,0.7293900636542674,-0.7809286530688213,0.599240935227051,-0.7233771117056661,0.9636827567395885,-0.8422040125114785,0.7982455447621947,-0.9398136236469692,0.7087930377997089,-1.0602975076749412,0.4304470850931969,2,1,0
0.35409012220995717,-1.1684799519076297,0.3888137199680982,-1.2402218695439498,0.40952209867148165,-1.2423963996747907,0.4316589637384413,-1.2456882682681798,0.35473243307699337,-1.2387090049495804,0.3477594689159004,-1.2394681550284312,0.3400493001279149,-1.2401271789827226,0.5003575755045933,-1.2176952695061025,0.36861252504330466,-1.2139148606083565,0.3895419838553041,-1.0920890528328655,0.34898597584200947,-1.0909582524611297,0.637845832022798,-0.8901293256326449,0.3010725518610946,-0.890229400957547,0.7983089447549593,-0.3878753489868899,0.18910299519633605,-0.4795696448264959,0.5656111577105644,-0.5281654098044077,0.10092535643371908,-0.5307640154744782,0.4782965035263411,-0.5309693476893279,0.0822032443311832,-0.5290600933689634,0.45634901958183566,-0.5884700893951725,0.0980819980147258,-0.5732254170341818,0.4776350919881561,-0.5887392259796045,0.11310386307875187,-0.5732681903456374,0.3464305498806531,-0.056208755175999756,0.15586477941795923,-0.14897949575401903,-0.11211235363555569,0.1369549097615622,-0.26146801969742256,0.033977502036681435,-0.6958922619156674,0.7242322728481996,-0.7822753519841275,0.5956315179758127,-0.7509625448171399,0.9563359071006888,-0.8378254884485565,0.8164387308328118,-0.9947926703639116,0.5559602367942408,-1.0640753765898219,0.43426274895311656,2,1,0
0.34798664498339377,-1.17282601498953,0.3826047826529579,-1.2472201319343834,0.40051389703989365,-1.2505175376904194,0.4216262346182116,-1.2522144494432255,0.3462759157237994,-1.2440887394584386,0.3397081296294164,-1.243707183232378,0.3339167654973698,-1.2431312675174468,0.4946346893106015,-1.2181359565332726,0.367354522329663,-1.2136280457431803,0.3864744973482561,-1.0954612356844629,0.3473872090271278,-1.0936297048397836,0.6430040292261243,-0.8724269658509636,0.3003142145767608,-0.8828519699249464,0.8043620287214706,-0.3880312023355191,0.18246612156801056,-0.47429318602095033,0.5990692344057817,-0.4936284499872261,0.11723468801262699,-0.5224419140145282,0.5372052085342084,-0.48735865468262757,0.09625321035154137,-0.5162851987471033,0.50965858636092,-0.5541605088441135,0.11324874370140192,-0.5587830744607559,0.5276032605079732,-0.5488878092132089,0.13019571257887347,-0.5578942836564483,0.34033235581845,-0.05743952927332287,0.14830213283480392,-0.15092288744409632,-0.10965690139978673,0.13172945381195658,-0.2597207146845645,0.020600936273633616,-0.6951753771516992,0.7113927610622403,-0.7797497962212697,0.5939595996544036,-0.7536409059491881,0.949109351050301,-0.8448752616915033,0.8186735093572232,-0.984789709842866,0.5150236377483745,-1.057023469761268,0.4220876966847809,1,1,0
0.34337159771603326,-1.1778902836264888,0.37610486490074196,-1.2532193682641453,0.39621177566156696,-1.2567090507231022,0.41540591817983363,-1.2589147210438747,0.33894288359168834,-1.2496950912385596,0.33091999211329826,-1.2493054578669867,0.322967204161997,-1.2487736362546011,0.4837790057419388,-1.2278681040811952,0.35472796270715,-1.2210197514794852,0.38423443565948445,-1.0982468856927512,0.3428128014856158,-1.0987373055844285,0.6376493389483203,-0.8725732688640184,0.29264305992558987,-0.8876176889758903,0.7944936872922982,-0.388694239462738,0.16298364019484843,-0.4589173489447835,0.5416869575007858,-0.4736289297019559,0.09129394460624371,-0.5003211016392788,0.45514974127204516,-0.46669630046876764,0.06971201499574589,-0.4952764924696991,0.4369366417357623,-0.5326202349526103,0.08042952349652356,-0.5297034202291458,0.4543586890084033,-0.5336380568864871,0.09442686107190787,-0.5289610340372076,0.33639233439743377,-0.06766082672148983,0.1438878458131352,-0.16268768167999095,-0.0982188505597144,0.13719001057559602,-0.25349227030101684,0.026289278700654135,-0.6877795566431522,0.7126747412141325,-0.7647950883042084,0.5925800841604748,-0.7560941230000354,0.9476412409540225,-0.8286141897870405,0.8181957893798736,-0.9663121472906236,0.593146195541545,-1.0363578643693403,0.40684983147786985,1,1,0
0.3362039692681258,-1.2010057532918814,0.3696504636414764,-1.2800043003757173,0.39480035798284707,-1.2834565942868938,0.41377748436508255,-1.2850679086171313,0.33755625614573603,-1.2747157004520746,0.32778971722981426,-1.2728702505012923,0.3213731109155879,-1.2703009562334902,0.47710433716857414,-1.2558242222920648,0.34988330098874526,-1.2323001709829224,0.37889681406653686,-1.1192859701652271,0.34014764826446836,-1.1127481558686576,0.6272356123982604,-0.8779679892717832,0.28111031852429047,-0.8791518244857512,0.7687791039602621,-0.3688530109096479,0.14960504244550818,-0.4448726660887856,0.5191016330590874,-0.4701264965290139,0.08451401914293134,-0.4912590523709415,0.40259566699648525,-0.44420424419789173,0.038960340843412135,-0.48154178912261103,0.37976264342574007,-0.5192476315628328,0.05485067684882156,-0.5283663732487288,0.40797474110979837,-0.5233202400894299,0.0658215740402649,-0.5262931376345654,0.3292724576273984,-0.06569711516848825,0.13458256778559438,-0.16026189644409145,-0.10226169048712742,0.13720586006867694,-0.25665871454050604,0.017493013239366317,-0.6944078959290495,0.7161807303630863,-0.7655613503350827,0.5919363509030339,-0.7553664687087173,0.9466240286160335,-0.8272678972689929,0.8171619147542867,-0.9932806693637166,0.551931823969504,-1.0492220647887525,0.41203058372904205,1,1,0
0.3122383165379817,-1.2303851763012819,0.33851433768261546,-1.3098507754344322,0.35793077950127367,-1.313927447933614,0.37800213050198117,-1.3208531176137508,0.3033142391389002,-1.3083191657665152,0.29379986972186867,-1.3043384030203358,0.2864786231102537,-1.2977614221879796,0.4373810371379161,-1.3094937046431954,0.31338923357401244,-1.26366870537398,0.36338788188821597,-1.1550477097201692,0.31580363968667435,-1.1360180056926172,0.6224147249194771,-0.9169649558022132,0.25262085471131585,-0.8804582900724672,0.6867051456228377,-0.35379853246562837,0.12192288678651486,-0.4486831483836596,0.37538554175322275,-0.46221211311863947,-0.002805308609764409,-0.4857913836552785,0.2588864844440149,-0.41274076524732073,-0.061856049459472366,-0.4653188169611313,0.23858470619774616,-0.4840752696320092,-0.05620672116926645,-0.525330484128528,0.25752485042945944,-0.4971107664958731,-0.03848454952123396,-0.523009752583947,0.3232913059756391,-0.06028146530191146,0.11920835629846147,-0.15094828727275167,-0.09619539860971546,0.1297129106153519,-0.25936714906968217,-0.038095629365304286,-0.6917791152625364,0.7031890228038242,-0.765621903526597,0.5917091748355405,-0.7485410267524545,0.9360069002381016,-0.8053295572628033,0.826387335720535,-0.9939767262681874,0.5319543507355066,-1.052805980612021,0.4208540778066484,1,1,0
0.2643234701666622,-1.2687190041051783,0.29136290856136077,-1.342335530695577,0.31178599638928745,-1.3466364836817857,0.33215828455990337,-1.3512439618002068,0.25423567421790766,-1.337201768127417,0.2454091321608627,-1.3365470621439972,0.236253001927186,-1.3356388658705969,0.3898910791003431,-1.3426021272971433,0.263080097754326,-1.3056836795452371,0.3119213266763631,-1.1867163176869608,0.26430904306398595,-1.170997278126003,0.5736746889148029,-0.9499992617561449,0.20510793522863838,-0.9202310689693459,0.5822892948015478,-0.36248913463971,0.031644580594786725,-0.5014780130348722,0.2639453175176415,-0.38694490246358754,-0.11746297994077481,-0.4617341899426606,0.1514693898688101,-0.31222460091914234,-0.1706262437068044,-0.4123324376018575,0.1388013777259316,-0.3850358513418522,-0.16471560197939233,-0.44837936643294174,0.155744892226706,-0.40763783807114845,-0.1422881628726156,-0.4548842625515741,0.31149542234947036,-0.05598056311536019,0.10079063574253116,-0.15023099611152488,-0.09791831978706443,0.13048831658454207,-0.2769210722527017,-0.03618820383260294,-0.6968363227471291,0.6993050842044789,-0.7781184160263946,0.5915289376514022,-0.7555497538722942,0.9249287141704181,-0.8429388803541348,0.8256584622374414,-0.9948688698498777,0.6260408024378724,-1.0861133855236549,0.43328170597113275,1,1,0
0.20968437475644275,-1.312324667945805,0.24056406404519942,-1.3849320085440697,0.2606514677376171,-1.38586570624544,0.28255180960013826,-1.3914485885838834,0.2031356893332086,-1.3821519972977427,0.1939265242572996,-1.381112890307453,0.18482180327682132,-1.379101884273495,0.34075561856316255,-1.375639989227087,0.21381926366290274,-1.3420922003370588,0.256881523569277,-1.2285383039600948,0.21018607217204302,-1.222635383780594,0.5119500573028901,-0.9806001625255806,0.15894811541808815,-0.9362834558815764,0.48385114125531997,-0.415051235261125,-0.046858365032326176,-0.5487498373439531,0.14103087308598267,-0.36195126786810455,-0.24327381763365927,-0.44160939770246227,0.04598938782617607,-0.25877320149684657,-0.29974901585771585,-0.3719195830228643,0.014860170620709361,-0.32599354323525787,-0.29655574939916657,-0.40075113172816906,0.04052944065842437,-0.3559093598262017,-0.27248443338181627,-0.4072725885350847,0.29521128740058855,-0.027433594090309876,0.09045249908254964,-0.13088486101858463,-0.13049715601354867,0.1262672714592832,-0.2900767611057627,-0.056736665214772324,-0.6966682774807454,0.696124619259572,-0.7798762873679733,0.592333197825945,-0.754913335765506,0.92435935161128,-0.8415774495382086,0.8258094388189687,-0.9980298277263773,0.5531424814025321,-1.0840576249916063,0.4458686418609434,1,1,0
0.15864372387148257,-1.337200447336327,0.1955254942708105,-1.4117490460390623,0.21463510615931222,-1.4138039429769365,0.23497772733005876,-1.4193614254867246,0.15866932689876714,-1.4110569515078615,0.1519436554694626,-1.4098529488299412,0.14559593349054945,-1.4077860123732842,0.29238946803629495,-1.4037376352832243,0.1754836070713432,-1.3721359812647682,0.20036873359881058,-1.2562352423193657,0.15855716125542518,-1.258285922885683,0.4516281058286397,-1.0123982080191996,0.10890516980270969,-0.9590674069833595,0.3562255366046688,-0.45980593655046187,-0.1246830336350269,-0.5809892302602874,0.0065962855680374525,-0.34399409700535283,-0.34525230089718284,-0.41747204213060807,-0.10156878316140977,-0.22696591046559694,-0.3906281803961147,-0.3298196718245835,-0.12222026624860521,-0.2809476583102162,-0.38576035403397624,-0.35849709436960764,-0.1002601839890867,-0.32118200289341964,-0.3651848672341176,-0.37821792773487145,0.2851019523971343,-0.0027768628221113106,0.09018326089880305,-0.09500099908746767,-0.16809703036862034,0.04245718403360911,-0.3163529854490257,-0.0996965130120083,-0.6901004913863624,0.6879651783023308,-0.783699469577175,0.5836086614807798,-0.7372092487954761,0.9104764148641594,-0.8417779049859565,0.7850939198817186,-0.988001264178047,0.5430557014469237,-1.083566189106783,0.4459582524564394,1,1,0
0.08600793546512377,-1.3699321905313164,0.1211913717212411,-1.446957932923492,0.1407508653748862,-1.4490533679879003,0.1602128236864948,-1.4522268225800983,0.08831403670839932,-1.4442242509646326,0.08237108639893768,-1.4429086414396006,0.07591201157119956,-1.4420518544193988,0.2194145411177301,-1.4259225568259999,0.11461627047620539,-1.40727796500052,0.12346191320439918,-1.2768320141756375,0.08416431430200463,-1.2727538684863935,0.3888614716459703,-1.015782176391293,0.040838302574873295,-0.9653841411713131,0.24107795337855425,-0.47889614296987093,-0.20464535181736096,-0.5844403557793456,-0.10029269576976553,-0.3033433984308311,-0.4431412085485676,-0.40111800685326676,-0.2361110659528536,-0.18228801825811383,-0.5085589752469667,-0.316583617913657,-0.25930720547405556,-0.22748528616194133,-0.5096999355501646,-0.3306156008553272,-0.23136597156277777,-0.2665042997436441,-0.4767514810170878,-0.35889810686441814,0.26053483172443176,0.06069568339854733,0.06732239911585158,-0.03449271447020174,-0.1932989435590771,-0.04661940546477763,-0.35683441956538825,-0.12526601252276512,-0.685275336736365,0.6771692351306655,-0.7821946821283181,0.5814748726751021,-0.7165031052770143,0.9101951879612875,-0.8430935145109885,0.7763238670436031,-0.9477758603345302,0.5430808980769498,-1.0478034335586945,0.4332410662452842,1,1,0
0.00016220417169617672,-1.3823067330539112,0.03543484462605106,-1.4563859429230956,0.05579392488576624,-1.458413865242938,0.07525060003301452,-1.4600082632872908,0.0006153371149074275,-1.452596288487719,-0.006023771698339746,-1.4522632967340474,-0.01254461890936766,-1.4517983274706827,0.13721947639727708,-1.4322908018664666,0.03188719975810252,-1.4210552384604345,0.04362029500783528,-1.2862345735469283,0.003780765361250416,-1.2818136317701518,0.3046423453796306,-1.036199879455545,-0.028965303337100567,-0.9751496640940887,0.1313909269160791,-0.5339898953130209,-0.2911498530667934,-0.5827581759271598,-0.24080190630892165,-0.25217879638203283,-0.5404603472435557,-0.3980696210173676,-0.32517221235541793,-0.13935133510461153,-0.5982557269618022,-0.3064981587491388,-0.34632600245410133,-0.19405098370634527,-0.5878649618568468,-0.31347437408829965,-0.33797900916206913,-0.23178334356768318,-0.5635384283611676,-0.33706045177901833,0.22194131607236323,0.036641639264682654,0.04349553104948026,-0.03885010587568248,-0.22589728685396862,-0.08716383115620546,-0.39115995120884284,-0.1407692551394672,-0.6858707087200461,0.662033172437005,-0.7883864491592875,0.581329179257935,-0.7098887866965348,0.8998007652810057,-0.847232568989348,0.7581455144729207,-0.9484165456125325,0.622203599523253,-1.0501713071852599,0.43940855104005905,1,1,0
-0.08686065678093445,-1.3799456157817682,-0.05472113599087297,-1.4524759948992072,-0.03931522551757817,-1.4550295920729004,-0.02271613269337016,-1.4574644196478013,-0.08199912957630254,-1.4487623875508246,-0.085632117868533,-1.448513723228289,-0.08854293823243488,-1.448241335465789,0.05006067556168308,-1.430320079960756,-0.032977663470127185,-1.4210055055959274,-0.04374454923781084,-1.2850783733465372,-0.07519116270215467,-1.2800910153907468,0.22645740560728253,-1.0338816878938293,-0.09802906304000171,-0.9750444072041409,-0.015371924636650772,-0.5233373087742863,-0.3662120363049395,-0.5843231101702726,-0.3591732357879719,-0.2307106580039109,-0.6135736524286349,-0.3942450164177612,-0.442417415031205,-0.12268823471219206,-0.678854869648183,-0.2960197134356652,-0.4817257834609494,-0.18249202968187353,-0.6703674661033441,-0.3009655680714328,-0.4586025922476456,-0.22241222918426773,-0.6457761647937617,-0.32045658378702313,0.17903836389131522,0.044920967413177006,0.002445343969867304,-0.025445498701799168,-0.2872425466250853,-0.17883018718429058,-0.45015339004510435,-0.17093205966425556,-0.6913528045383852,0.669653324232236,-0.8194499316081941,0.5808612128147891,-0.7110269022189233,0.9133163189064556,-0.8465996052592569,0.7712061063674961,-0.9497321551375645,0.6795618989899984,-1.0679667319391344,0.5091400214386517,1,1,0
-0.17680510762481683,-1.4075572615164142,-0.14015925083403968,-1.49276418711916,-0.1227111941368556,-1.4963540465023337,-0.1050621739953505,-1.4991044923481058,-0.1686172188594817,-1.4893486213602192,-0.1723593248156155,-1.4902308590087339,-0.17530143776842075,-1.491032274402467,-0.03383170730883431,-1.4656962501167101,-0.11961363423267969,-1.455192709772525,-0.1377245248584535,-1.3234549236622317,-0.16808524484812426,-1.317595335590417,0.14263146868852752,-1.047098437934978,-0.1676711260417276,-0.9869952297851072,-0.10418212073210031,-0.5387708542611581,-0.4571515508362234,-0.5948991924250974,-0.4524162099803512,-0.25608711881688717,-0.7268920415943065,-0.38312121225781276,-0.5329068445987164,-0.1592670359553191,-0.7878671750622577,-0.2884416237566874,-0.5549597886317987,-0.20107657631241208,-0.78557773610658,-0.2899376736644869,-0.5397652047329164,-0.23853258603797992,-0.755037286929344,-0.3097216002041306,0.1407675276624841,0.04352946320012291,-0.035890109423063,-0.028125485422881315,-0.3369709407623961,-0.2603321413803967,-0.49771263881524913,-0.34744979449356905,-0.7108850695757118,0.6229190618968167,-0.8021072334002723,0.5713704144387497,-0.7167946953099776,0.8753240679983162,-0.8074433310035006,0.76357660743532,-1.00493177396655,0.6383686600753986,-1.0478812586336945,0.5160648275246141,1,1,0
-0.2626370214114559,-1.404727161807979,-0.22791870681767515,-1.4917106022265365,-0.21104854702205736,-1.495548465536701,-0.19413795069922027,-1.4993034746057918,-0.25500467769847035,-1.488362752410791,-0.2583993139985991,-1.4894121209318576,-0.26116037697274913,-1.4905863042109366,-0.1241197670347661,-1.4687231476975668,-0.20651315361736,-1.4554772894527794,-0.22501357601539207,-1.3221363169574185,-0.2520820718140724,-1.3157316993623174,0.051221955727805184,-1.0458861549129157,-0.260654615584564,-0.9837013800050829,-0.22873800369078176,-0.5297635670234017,-0.5560485268872812,-0.5881537091294415,-0.5789335693071126,-0.25496139841088256,-0.8295317331973859,-0.3454991892521536,-0.6658410134383334,-0.12309828954600387,-0.8802070329469678,-0.255798983160621,-0.7032882856228437,-0.15907989001778658,-0.8807824914649831,-0.2569037741078136,-0.6699746831530179,-0.19570969411685354,-0.8609243974256658,-0.2761387595505581,0.07036123461617635,0.06932288760030521,-0.11448733921414452,0.003139874864178017,-0.33801903929203,-0.2845069870993462,-0.5530649614141104,-0.36968104532381196,-0.7266414976844503,0.6099568181387947,-0.8045486649306236,0.5863920763041465,-0.7190154531289713,0.8656369797464283,-0.8101433327895632,0.7671390858032032,-1.0239443585095882,0.5584500295983518,-1.0524540405861724,0.5192483404489597,1,1,0
-0.3638764712604237,-1.4036305496056134,-0.32994961532754336,-1.48939073427613,-0.3128380555603852,-1.4932132560897864,-0.2939363158695988,-1.4971432699783125,-0.35897430432994326,-1.4858828655398555,-0.36302080183268265,-1.486816766439855,-0.36657007228966515,-1.4878556702315158,-0.21589625671990076,-1.4703768797416588,-0.31127931887546434,-1.453649466983084,-0.3244795082283295,-1.3200799976291395,-0.35353670901140827,-1.3119488520810205,-0.03808973458461537,-1.046050847401917,-0.34937032431741566,-0.9818535932700643,-0.32515880124588786,-0.5279752158874366,-0.6477778744904316,-0.5879675791850553,-0.6866107581277481,-0.24367534014548375,-0.9234602995648302,-0.3167881373339898,-0.8157064032616556,-0.10256080088981358,-0.9918504558117918,-0.22575078266272552,-0.8397389083408205,-0.15320521444775048,-0.9849115274210969,-0.22011750706422978,-0.7987995661134595,-0.18751814777619202,-0.9577885743897796,-0.2367956441552132,0.0075911460568097765,0.07273642137295355,-0.1908855534395614,0.03664793842218918,-0.42515609787429504,-0.36820023531320567,-0.618502235180917,-0.4133434523816546,-0.7394604864088561,0.612319611799629,-0.8139996363753315,0.5785569403591767,-0.7229379994678726,0.8681590811325889,-0.8117285868956002,0.7787405083411867,-1.0184192861811643,0.6249951422917894,-1.0660825726494814,0.5310291873765646,1,1,0
-0.4700258095877832,-1.395000145025445,-0.43692272089785283,-1.486388372929754,-0.4193051965438803,-1.4907706053676597,-0.40064790480407286,-1.4953267758321973,-0.4657511200244043,-1.4809829845939542,-0.4695889325349114,-1.4816803114898578,-0.47284925454111076,-1.4825993788899225,-0.31943896303133473,-1.4694948960914307,-0.40765297434858616,-1.4530401758932996,-0.42734515670712675,-1.3043796015424147,-0.4556228875484305,-1.2973891622992069,-0.1422448815645869,-1.0434926782590659,-0.4272216119405472,-0.9882707075808638,-0.49079514787993944,-0.5425725990149746,-0.7388078124117285,-0.590469259108977,-0.8944087883433702,-0.2446204169700916,-1.0370392909725057,-0.2961671340411808,-1.0152199237637378,-0.1097101414610892,-1.1335655486161886,-0.1944831871907445,-1.0365239792487462,-0.15435267710708409,-1.1176397544499765,-0.18029951647234463,-1.0005657466193263,-0.18414789531157238,-1.0812761405552174,-0.1987471072267736,-0.06204908815725294,0.08108260187046876,-0.2516011006586549,0.046397611851883805,-0.5136202467041442,-0.3939574903573828,-0.6894508653686735,-0.47525360434206604,-0.7581462259567575,0.618181689054652,-0.8299839517467656,0.5727659826243886,-0.7310350584459363,0.8866660058867567,-0.7993335721111093,0.7804739958472563,-1.0488703279615335,0.6378279485229837,-1.0934111626935923,0.6157463534831781,1,1,0
-0.5768387946382495,-1.3621324619474922,-0.5460682230133961,-1.457361347143118,-0.5283803919337057,-1.4638584709141818,-0.5100313525144594,-1.4700622266642764,-0.5724090645207583,-1.4487331269482138,-0.5758106095742813,-1.4486307148390756,-0.5788126661227132,-1.449018824220929,-0.4319169226664586,-1.4534559710883876,-0.5153663325252268,-1.4394816965574222,-0.532686374085988,-1.272120041162128,-0.5598509828363001,-1.2634299469846197,-0.2514535784538247,-1.0430365989357306,-0.5230378935736563,-0.989939069926261,-0.6230268590582644,-0.5532625741014899,-0.8554933044632665,-0.6088257152781905,-1.0211556605218612,-0.25105307597602816,-1.184928167729184,-0.3000172400687571,-1.145583426744805,-0.11258946603745845,-1.2947245150541917,-0.19693762343336726,-1.1653495734043902,-0.15049881190486677,-1.2842033980285772,-0.18546035525785107,-1.1299542009779726,-0.18635605481555295,-1.2460416794636493,-0.20155978265275126,-0.15041671763821185,0.09354761858273376,-0.33761162604039835,0.052026213881906966,-0.5829339407210139,-0.425864450316276,-0.7454310717318948,-0.5387509407954922,-0.765328891103229,0.6186923272099389,-0.8180615769738933,0.5431751822409184,-0.7446507889956028,0.8888753845825128,-0.7751598439846207,0.7587085778745523,-1.0494101251201167,0.6286041531457692,-1.085046491120816,0.6015561804086424,1,1,0
-0.6794372369195926,-1.3204193901396322,-0.6526505776196718,-1.4254415856705824,-0.6361152891650461,-1.4338440013887406,-0.6188767302546112,-1.441693462837072,-0.6747403006046472,-1.4169378246360895,-0.6763740175837587,-1.4187294777497799,-0.6773499806000114,-1.420781733105474,-0.5347848063301776,-1.4360250338757172,-0.6020470069862127,-1.4231846076959263,-0.6338744146817574,-1.237165050964937,-0.65719917893527,-1.2296950629567163,-0.3685595900685805,-1.0430690091170949,-0.5921963438377845,-0.9723789491850496,-0.7530024558561075,-0.5753598154357472,-0.9330162231015419,-0.6224823903516494,-1.1841036892910317,-0.30922813233301466,-1.3159076673548007,-0.34028013405936913,-1.3034829855704404,-0.1641492894201338,-1.4244349376408731,-0.2471392671781843,-1.3271945384147166,-0.19257901283611106,-1.4030452339336388,-0.21038388632624533,-1.286246153848354,-0.2336476909909851,-1.3786207586986647,-0.2272444957862887,-0.23653046792361057,0.11781095730471844,-0.3921381494100173,0.09287868869526675,-0.641332617169482,-0.5114689848367925,-0.8115401201669776,-0.5902134320347604,-0.8064210386997805,0.6065674650030263,-0.7799047351760673,0.41972388703080044,-0.7446103524683835,0.8669073775764538,-0.709840425422775,0.5652285326712594,-1.0556083945072217,0.6324966260875426,-1.0009279481759514,0.5919552483755535,1,1,0
-0.7620838089942229,-1.3017169883041328,-0.7377042406563113,-1.4099111652372192,-0.723778835395679,-1.4179588469483768,-0.709416756280804,-1.4261755899190645,-0.7568022702229462,-1.4038828715034755,-0.7576341654110659,-1.4071138313077494,-0.7577215408216403,-1.4107998544422122,-0.6319832450393955,-1.427867066108538,-0.681635236492111,-1.4202528578732123,-0.7176534127171573,-1.2200183378349199,-0.7393412088134906,-1.2129015598439803,-0.4699571284510992,-1.0429429243676498,-0.655832058557725,-0.96708481209876,-0.8792861367592397,-0.5826852276192617,-1.0492199312031454,-0.6285081441025275,-1.36342678439567,-0.33136022223218714,-1.4493911836885753,-0.3458916674045359,-1.4662653058574635,-0.19958347278473662,-1.5519255168023924,-0.26282457576668783,-1.4863692702381643,-0.21661415949745616,-1.5473956097606847,-0.23022338769098688,-1.4541209365821435,-0.2482406037486798,-1.515528476733123,-0.24761637755964616,-0.3045440971105854,0.14482479267213247,-0.4353995439730494,0.13318455919596364,-0.7271490878602986,-0.5365587323839073,-0.8931186802463082,-0.5641498550569999,-0.798129417034217,0.5345829282033904,-0.7768949570797242,0.39616808593583885,-0.7576524532876978,0.7815879307327648,-0.7067294544090691,0.5539886004946987,-1.0584768479569264,0.5755626053586561,-0.9663638613417659,0.5816884344344362,1,1,0
-0.8204485512716074,-1.2882425824011048,-0.7971841370109799,-1.392553836727992,-0.783937211973389,-1.4005895297200244,-0.770321887820981,-1.4092629108102777,-0.8150774019048348,-1.388422402198229,-0.8155371388034964,-1.3923449485371304,-0.815556036276016,-1.3967894105552416,-0.6893283365952401,-1.42063918926706,-0.745190078157613,-1.4103525126599343,-0.7728246853373635,-1.2089272486542795,-0.7966853859755036,-1.2046738441473137,-0.5632342400131913,-1.0437460669497316,-0.6570939220453222,-0.9636024955901129,-0.9882699943652206,-0.6117518771386002,-1.0808732992727437,-0.6204068179532497,-1.4870891013822567,-0.35538693615041866,-1.514841258969024,-0.3410001684020907,-1.6007268171937834,-0.23102439668746166,-1.6248437513033986,-0.26035997959260293,-1.6193294485023244,-0.2481755801873221,-1.6288199420804201,-0.23049668984731833,-1.589522241578711,-0.2722229187664218,-1.6132741293508917,-0.24810425746845793,-0.3416823041800176,0.1476787174198464,-0.42955108102618567,0.1573973014592669,-0.7787519893523734,-0.5529795184109548,-0.9011766234882427,-0.535185516047485,-0.8796852188670724,0.5378633668738847,-0.7821564807860204,0.40564201882565115,-0.8253781500170356,0.7906843205694442,-0.7150859980366757,0.5727137605766732,-1.0698030379516008,0.5618712849189113,-0.9800404498808906,0.5784852112430541,1,1,0
-0.8513488652212322,-1.2819017691755858,-0.8272061248857031,-1.387461272681911,-0.815610493508653,-1.395180991805471,-0.8018158465659383,-1.40439356045842,-0.844560303816177,-1.3841134228661653,-0.8444045520668625,-1.3883638301933499,-0.8437369429704855,-1.3932013799597311,-0.7164094307089335,-1.415123565674896,-0.7685341462809036,-1.4091461731977777,-0.7995909231750452,-1.2040431156021443,-0.8232255653381529,-1.2020202224483758,-0.5999302868653914,-1.0423612682914425,-0.6633099713124861,-0.9714535826274783,-1.0394074693970148,-0.6352275163743255,-1.1205953801116264,-0.624799464320904,-1.5416417357757333,-0.40912169606119336,-1.5731798902225511,-0.3448567767858028,-1.6574420945982902,-0.2590645883311806,-1.666560480686585,-0.2565739827325527,-1.6791055068591143,-0.26190530516799376,-1.68631717860991,-0.22776509067440853,-1.6413562815115492,-0.2988995460086075,-1.6589077663110179,-0.24650305227002534,-0.3609987722730884,0.15842914409856138,-0.4371186043764428,0.16063913239020514,-0.8329943394389964,-0.54331843958361,-0.906552954420061,-0.5321598884580611,-0.8712579621164894,0.5401741416856328,-0.7985575565460314,0.4086383858124642,-0.8117916800699801,0.7962653741202245,-0.7367770453110769,0.5816626282085223,-1.0959742086035453,0.5522977847007701,-0.9823637214083372,0.576792363462833,2,1,0
-0.8234097648955615,-1.2802211641127768,-0.8001215763953126,-1.3860757120287623,-0.7877622229702538,-1.3931869020573977,-0.7731426911921283,-1.401793583197602,-0.8173374786585869,-1.3833180526316522,-0.8178839813719352,-1.3874370920450312,-0.818420120955192,-1.3919234129807665,-0.6851406160451771,-1.409557955219938,-0.7406552943488033,-1.405430076666187,-0.7786607531678434,-1.2015314789453897,-0.8017748004428313,-1.1980033919455058,-0.5740206328492823,-1.0457920739475763,-0.6470993942673902,-0.9734134334065243,-0.9982980499169777,-0.6668950067486562,-1.0775294626299257,-0.6225987215668909,-1.4854382141189744,-0.43938061353761354,-1.511427725196376,-0.23889224761173952,-1.6118784595659381,-0.28697219286931874,-1.6295296132930501,-0.2598578757797442,-1.6322235699198928,-0.30250398489342945,-1.643960322744952,-0.245488075116958,-1.5988678545341564,-0.34631137417323676,-1.624115182618249,-0.26464706427236573,-0.34458052622890645,0.1482734798076398,-0.4273638509810171,0.16655302529568505,-0.8088412359733759,-0.5578872733037394,-0.8920246588264654,-0.43981820178568776,-0.8205504553841726,0.5479367357199629,-0.7813989562962036,0.43526309580487843,-0.7810023125719219,0.7975093561284484,-0.7060582893366805,0.5844257231689648,-1.0683349278553222,0.5536970104617355,-0.9832577953770051,0.5709396333447551,2,1,0
-0.7396539315038952,-1.291837775748296,-0.7124907451439878,-1.4031054335479929,-0.697501798257899,-1.411065841447891,-0.6815744801019674,-1.418545582990315,-0.7345268236908431,-1.3988644749570682,-0.7370720897207372,-1.402881762656854,-0.7393974948337909,-1.4075269341209997,-0.606333685268717,-1.415407434159948,-0.6734231670898959,-1.417661770552424,-0.6964177335708891,-1.2102932006397062,-0.7236778456769454,-1.2072175861874885,-0.48957351772093227,-1.056293582305469,-0.6207463608422734,-0.9746696073325027,-0.884827769775947,-0.7110578920303237,-0.9955748834871815,-0.6364235435060481,-1.3444738386503146,-0.4853360155271456,-1.3821444261283626,-0.42087531437247966,-1.4678073802547864,-0.3516582413038149,-1.493826659931372,-0.3327551808219384,-1.492807009209832,-0.368054440296724,-1.5108680145721267,-0.3140674092877445,-1.4505490094780005,-0.41041800171644727,-1.4726662658772383,-0.34573611885385064,-0.2952865707609166,0.12817652577964772,-0.40712953467965696,0.15249391533701095,-0.7453741761157068,-0.5506914002463672,-0.8839505612935062,-0.40558156954252683,-0.8476497357751832,0.5903556687661549,-0.8318128410092647,0.4856537142748912,-0.7760077918644506,0.8862157177243549,-0.7747930704588376,0.6923075330092476,-1.1185360636035662,0.6141152780862469,-1.0891472426575632,0.5581377133052057,2,1,0
-0.5813873959538476,-1.3414512102611127,-0.5519355834327795,-1.442479638333612,-0.5361600546528922,-1.449415010748295,-0.5187892134348203,-1.4562564545966106,-0.5766268584679493,-1.4360155343398,-0.5797364070912505,-1.4377075693255041,-0.5817655486028683,-1.4398595952081565,-0.4372427587389101,-1.4349591046663672,-0.529137510026264,-1.4280131151233062,-0.5324299374158837,-1.2619827155474956,-0.5658506255633204,-1.2568778071846884,-0.3023810477022967,-1.081085745460058,-0.54470679219747,-0.9746363843566216,-0.6508480025796598,-0.7023094798462225,-0.860172765696097,-0.6686167087342297,-1.1052260453915952,-0.51148036396003,-1.2059913312392252,-0.46261302401413534,-1.2359106022068662,-0.38722145579798684,-1.2984593058596727,-0.38275758831078294,-1.2559191648311376,-0.40032695458962486,-1.302851241032125,-0.3725884113110167,-1.2036155328661193,-0.4413415819091204,-1.2716274348647456,-0.39638632357272097,-0.1951832044480448,0.11564689190328355,-0.34783658106389165,0.1292134483846733,-0.645466693281425,-0.47364660798270003,-0.8128881398733738,-0.3388777587196506,-0.7979404423090213,0.636393163001901,-0.8937108010519215,0.5272830174478459,-0.7641231104373027,0.9208507208801461,-0.841200617680278,0.7085390395131556,-1.1148373405547756,0.7293811229145807,-1.1116271070106847,0.567834351892668,2,1,0
-0.4191607223184888,-1.3708687838131535,-0.3867889454952029,-1.465531710026681,-0.36919804016166113,-1.4712985379242463,-0.3508227881192426,-1.4770089782021971,-0.41255493808043736,-1.4589403020916485,-0.41582663920987434,-1.4597519790161584,-0.41827010272651793,-1.4611465820083085,-0.2714712850164121,-1.4524629901869357,-0.3760911472614617,-1.4437293099034547,-0.375602454558133,-1.2927233153745357,-0.4085982543718233,-1.287912841825501,-0.152169102616801,-1.0997060550493432,-0.41279410286705603,-1.0224190500196186,-0.49440822270650414,-0.7007800037639126,-0.706951144113573,-0.7119343893175621,-0.8777419287763097,-0.5243106302083589,-1.02816062846706,-0.5203448025614288,-0.9881795709752075,-0.41570543324797193,-1.1133117252464213,-0.44693381138450905,-1.0141348430835817,-0.43886591140974174,-1.1194701677021948,-0.4488987421292861,-0.9807237052717193,-0.4695062327132505,-1.086918052095456,-0.45955508784266175,-0.08840516956180831,0.10038606525126804,-0.2596599582944209,0.07150422488522573,-0.5572490243888472,-0.3955163286416183,-0.722256877662651,-0.29118023328230613,-0.7859787486013905,0.6416033790543134,-0.8657046451786007,0.5961319961996374,-0.7593641985404384,0.9253330794426111,-0.8358222547621672,0.7492167635053666,-1.0912792026755778,0.6555743008078961,-1.1027649035942075,0.5688743224771322,2,1,0
-0.2723612950124952,-1.3919111702633546,-0.24137736482693703,-1.4853294032734556,-0.22637866440664461,-1.490650311779148,-0.21147648333524252,-1.4947473549409116,-0.262864807074837,-1.4804980510652663,-0.26475089675146785,-1.482032200716049,-0.2658768203561017,-1.4838741454904767,-0.13217699908149816,-1.4624736722558926,-0.2259460545249869,-1.4583039347845175,-0.23246710493464404,-1.3195544243746034,-0.262593536904798,-1.316149882141299,0.005233838758965059,-1.1091837471137964,-0.28635070784133904,-1.057290677979163,-0.3164627127088167,-0.7085205507469698,-0.5694299694174308,-0.7433189256006723,-0.6712495513528867,-0.5708492122638175,-0.8420464319745008,-0.5657127573138202,-0.7657149684987902,-0.49870364055050675,-0.9268443695362384,-0.5105061281321259,-0.782312232535335,-0.5278619326516337,-0.9171930442430972,-0.5175971506968089,-0.7520872492299984,-0.5478640945190841,-0.8846547461431469,-0.5274022973522867,0.009601999691795668,0.07894657787986936,-0.17228210933650326,0.02400187173126891,-0.4781941912847111,-0.390932878761105,-0.6432382139145202,-0.3719374645022377,-0.7710920106258108,0.640678825291259,-0.8761834968893327,0.5800069657774527,-0.7561609753490562,0.9208755111129138,-0.8607732176455093,0.828697907333654,-1.0687250692234682,0.6544162718198419,-1.112455344623478,0.5604649472059224,2,1,0
-0.11279063065996786,-1.4084158773242792,-0.07966234534001133,-1.487744012584747,-0.061451684187279365,-1.4919590125507858,-0.041807659903869296,-1.494864194152726,-0.10850679715827298,-1.4826000392854677,-0.11313322354887108,-1.4835993701440833,-0.11661767364312513,-1.484875355936413,0.028633786505297444,-1.4643955248912701,-0.07541224281077075,-1.4629305135740875,-0.07217122467434946,-1.3332476244016687,-0.10426969934130392,-1.3299196880515887,0.15366190307833896,-1.1146757996649685,-0.15309711075655247,-1.0783580070611036,-0.09768118698673818,-0.6811815975727675,-0.41585854139466544,-0.7532924223204778,-0.44057643545026604,-0.5613005022784439,-0.6610873847058293,-0.6117827633302452,-0.5508474547731848,-0.49157350224969454,-0.7377011926768727,-0.5485381043722822,-0.565085785922851,-0.5300384947687671,-0.737497181253113,-0.5560833774726373,-0.5358046602503467,-0.5478460098410816,-0.7019118181083536,-0.5678203334963257,0.09638996302902172,0.060459566591367295,-0.0722455953726523,-0.007557516972304628,-0.4021694561398423,-0.3403913853088795,-0.5383529742596795,-0.38208794722811357,-0.7330954925464573,0.6173014325927726,-0.8658005549316032,0.5192296461750694,-0.7329532535059875,0.8692274995251471,-0.8548666398906821,0.804240107523484,-1.031998440977567,0.6070291322886657,-1.1092175776651245,0.5360843628748647,2,1,0
0.032416532187279794,-1.4064452570178834,0.0699989314602366,-1.486594568738778,0.08988577810559172,-1.48833349180818,0.11037063831680813,-1.4880932094291004,0.0335863466958301,-1.4814302755765747,0.02644228928891478,-1.4830046077562897,0.020161826056280995,-1.4834120718075787,0.17491546370398056,-1.4500012895933176,0.05499860545091026,-1.4566398904099915,0.069764846639349,-1.3292820507530252,0.03259595657690111,-1.3258144153453408,0.28291858312592133,-1.1103116011054082,-0.04091805630504469,-1.077332361980001,0.1194611353932394,-0.6812561714696996,-0.26385621318691216,-0.7312589853558026,-0.23684380020990284,-0.5918601537261433,-0.5382629572669251,-0.6155431571630108,-0.3378631859434008,-0.5203883886674013,-0.5974323661161107,-0.5706915301275252,-0.36439889493620675,-0.564020214331543,-0.5945522287452245,-0.5807694709427614,-0.34221874856121837,-0.5792678330726577,-0.568423729805421,-0.5873208995474903,0.1687987785665164,0.02963941450097875,-0.005241456975755299,-0.03473269205133738,-0.3202503351579009,-0.20283424445536155,-0.46211061338289183,-0.2855756086905336,-0.7176800317375882,0.6233896699221427,-0.8468648810697332,0.5503216780313847,-0.7326801545482853,0.8726806570304978,-0.8604624253420825,0.803195260171918,-1.0039878147344028,0.6037371112963045,-1.107633237952919,0.5029190954043861,2,1,0
0.14975358064348462,-1.355333588212003,0.18666359565227728,-1.4291824216352835,0.2046424071690433,-1.429034848630796,0.2256470494738626,-1.4290630424406034,0.15163337116260897,-1.4289890781395589,0.14451166560491033,-1.428859742212046,0.13895845026633621,-1.4276869813233717,0.2920777613390367,-1.3982467003245131,0.17671356837414934,-1.4055990871260595,0.18509490223452355,-1.2658417115151015,0.15016607386084732,-1.2618661811336251,0.40742183763962897,-1.0415743815997,0.09021800786440355,-1.0476052153163091,0.3013318333120083,-0.620879559564183,-0.13570330809337622,-0.6894129708447606,-0.04026274072573694,-0.6168819313317764,-0.3435765218018182,-0.6157949202646426,-0.13588659325695315,-0.5686774253144714,-0.41549562864283796,-0.5882961513685407,-0.1694241206162045,-0.5981018060205917,-0.39290441144089155,-0.6016040359949045,-0.12972459482516788,-0.6155547394848776,-0.35866686480389903,-0.5975290906840711,0.2424068724138016,0.020349173172001897,0.06376296872740697,-0.07267800407612167,-0.24800468811968812,-0.07552095609785647,-0.38111259178730766,-0.2018302400282733,-0.7143333503139607,0.665469870853387,-0.8198631360207591,0.5477026508990753,-0.7328435262461964,0.8978673303237613,-0.8613567025093797,0.7345769118643168,-0.9996087826749078,0.5689263413262183,-1.0954589984791003,0.4446008856130981,2,1,0
0.22914673946530983,-1.265591320004217,0.26172923326712044,-1.3391875267316915,0.2788649736711585,-1.3422195550779368,0.2974580546441252,-1.3463130930633458,0.23024482485773748,-1.3341239184902778,0.22559401463163026,-1.332247328349564,0.22185922382614917,-1.330590954723292,0.36268136025433906,-1.3332639310916654,0.266649891272862,-1.3188339836346232,0.2667835959709037,-1.1911904975045988,0.23169383428286724,-1.1836505075686041,0.5108596934583737,-0.9901213390966918,0.18921556723693653,-0.9669707160684402,0.4511331139678045,-0.47661279997307054,-0.023509623340562957,-0.6223325313625829,0.12632193391099036,-0.6156163086695382,-0.2071121831763675,-0.6178722198513907,0.03673877022990155,-0.5634023888993306,-0.25978086147882035,-0.5960137369064936,0.031221521048703398,-0.6155129821665682,-0.25642076894566285,-0.6119380070829865,0.06259864058184622,-0.6228923435861466,-0.22676880577479064,-0.6095623103091954,0.280040884138586,-0.04204723310818734,0.09933492076263636,-0.15583866868273605,-0.20904947890756753,0.11487046994094713,-0.3540426735982226,-0.052711097170844934,-0.7165226123454217,0.7255717582121676,-0.8217394721631863,0.5488667758460068,-0.7469904180127034,0.952002696332088,-0.8696179459798715,0.7344856756797868,-0.9729916926310901,0.6904305872709326,-1.1129266638440063,0.4393585641772653,2,1,0
0.2948254132036566,-1.217566847972421,0.3297611503307271,-1.2884516737905956,0.348844955993315,-1.2905956225277353,0.37266593129943826,-1.2915622892067002,0.29336360226488456,-1.2799516211310862,0.2888076857986337,-1.276547586894355,0.2844163602220694,-1.2731679872927901,0.434504354143727,-1.2685926653574466,0.3111638021865462,-1.2458891301131862,0.33586178277648104,-1.1398399179103862,0.2941686752339442,-1.1319374216198224,0.5821858666992632,-0.9238803131519158,0.22879906661067556,-0.8736591623386915,0.6247984480391233,-0.36649021724881364,0.08652873355187285,-0.4536211798722014,0.30256321700521915,-0.6105064727399716,-0.04150651953533159,-0.5687322889443669,0.20199737061219092,-0.5803399090405423,-0.10995661937791974,-0.5921126280229774,0.19136073516585184,-0.6269169972362424,-0.1118668896914305,-0.6245121414591549,0.21695807288881494,-0.6226754290494301,-0.08163377844092413,-0.6117265789092595,0.30804978319340165,-0.07326870249133025,0.11038343983045042,-0.15714117189618185,-0.14426731752143962,0.1133251443655563,-0.3259752533381851,0.036222237293925694,-0.7230101349812538,0.7200599953939589,-0.8225616138171024,0.5926761971121066,-0.7659427541621713,0.9488963988868546,-0.8843136772439629,0.7982518439197013,-0.9748835734686544,0.6935216448189728,-1.115548027760552,0.4373548224943029,2,1,0
0.3263841923113424,-1.166698052328143,0.3647013578276409,-1.235622824168642,0.3823418436267178,-1.2356101750539716,0.4036077993687432,-1.2329149484356963,0.32688284174750404,-1.2356256689494514,0.31975463383366964,-1.2348931886906889,0.3133827312178767,-1.2335731595954709,0.46970871985865636,-1.1915452315115993,0.33727238766068396,-1.2010671192779128,0.3556913274083897,-1.0888155229157654,0.319047502603905,-1.091461575465764,0.599884060909045,-0.8700563490429035,0.2609074980104629,-0.8324854304924989,0.7473581076641244,-0.3117743127567405,0.13867153380184552,-0.40791357861103084,0.4901057982620399,-0.5509704935636321,0.055942259885113414,-0.5297242480886433,0.39873489304087373,-0.5562799721464295,0.037251846768739404,-0.541191965928585,0.3752823168495675,-0.6064469705249608,0.04840440353472572,-0.5898324346049303,0.39367260559055,-0.6034672658257456,0.059148734254563434,-0.5851085744716102,0.2992043436638371,-0.06227606304655793,0.10166886021811818,-0.14632511206022145,-0.16110923270759267,0.17768119822616227,-0.31304348937454957,0.08579701326752895,-0.7452378298354849,0.7241776124169332,-0.8259270911139348,0.6163130744601361,-0.8142304700181512,0.9548497123264077,-0.8953599611268553,0.8389758971993796,-1.0316348170305372,0.5496627048767506,-1.1150321064409048,0.43172662686153823,2,1,0
0.33275528213261846,-1.157915350375357,0.3703693803917371,-1.22572689852555,0.3879082668761927,-1.2257944620697732,0.40772582278897607,-1.223534537714993,0.33337320916414553,-1.225433581304238,0.32624337566127726,-1.2252243375157754,0.3201321768868026,-1.2244197725432888,0.47436420365323617,-1.1813487242962,0.349750815482479,-1.1917694103993113,0.3673096154326004,-1.0838150078487314,0.32992696041218916,-1.0863240029233059,0.5947098110140085,-0.8292898272497133,0.28143055956397695,-0.8432312852020559,0.7938997376990217,-0.3526873407616146,0.1566359182159353,-0.4295555534164699,0.5855425048557236,-0.5228085859409968,0.09756668629096628,-0.5325722800761091,0.5141234698412701,-0.5281226364929522,0.08399870741917181,-0.5421335883764957,0.4998995657942802,-0.5936952405468342,0.09463818764632029,-0.5817243013015729,0.5139452646434243,-0.5834182666742548,0.10884156863175672,-0.5715269812916566,0.28791401822722423,-0.04825129365622586,0.09809906669958218,-0.14360164083248136,-0.14910750887000104,0.17324212097172595,-0.2848267181220187,0.051907139485170735,-0.7443848019899241,0.7271688994380152,-0.7811521715609884,0.5797671913949463,-0.8057347353295133,0.9539883533370478,-0.8487435539963968,0.8189474211094424,-1.0341309089921547,0.5423713284636343,-1.074622401440665,0.4248008047824296,0,1,0
0.3323001172031148,-1.1676754377348004,0.37175702383083564,-1.2350772866487827,0.389057151925931,-1.2342374667141225,0.41058604669419646,-1.232651603012198,0.33230987073731844,-1.2355986943314194,0.32447737637452884,-1.234975484135532,0.3166859281348462,-1.2340762794014757,0.4750105784928572,-1.1896582274411367,0.34149952874482015,-1.1995732537553776,0.3704890643843611,-1.0910487774504574,0.32845945991179826,-1.0911927436792759,0.6037720634809751,-0.819315212937447,0.27118040791045755,-0.8477678977985288,0.7834374466765729,-0.36438568904574686,0.15006833532018157,-0.4220615879699986,0.5495066503499331,-0.4688423827915146,0.08597887806114206,-0.5054671069248504,0.4748758578016693,-0.46662548574647655,0.06249785406174183,-0.5162302335178931,0.4534796517382993,-0.5138810541652181,0.07151580922753345,-0.5567393026478328,0.46907880410800395,-0.5119033219067988,0.08888035128809876,-0.5433525769533227,0.29714858313178855,-0.05805644031170375,0.10276288163796093,-0.14523474821570506,-0.13077736692327435,0.1715649194859566,-0.2787669286007425,0.040381916433153274,-0.7353965138240018,0.7268080186724802,-0.7757275809547248,0.575724961063421,-0.8041788434254018,0.9387533329109461,-0.8335454141215026,0.8091217513924109,-1.0246666280372314,0.5328187577043051,-1.0741967003124013,0.41923295914255004,0,1,0
0.32134161512805526,-1.1802830998847937,0.35812320860316654,-1.2481866970140336,0.3766835745968252,-1.2496658306359487,0.3969758025075195,-1.250866378937172,0.3197757664911109,-1.2436046695239251,0.31154581560952255,-1.2435489930995125,0.3038258932873334,-1.2424161099418272,0.46041685294064555,-1.2138592857832586,0.3298479161454137,-1.2020298743832647,0.3586972447307772,-1.1074355277071068,0.31630005393791427,-1.0983264379560997,0.5979979712324142,-0.8285995615061759,0.2586507740340933,-0.8509489723393234,0.776266973447856,-0.3901419280967777,0.1338047234328533,-0.4290310977543944,0.48675871044115393,-0.46154267523459935,0.05346140782068913,-0.49524255829861563,0.40747223089968115,-0.43948038406457174,0.029798317849487433,-0.4971731484750506,0.38790887647208044,-0.49681633168210043,0.04532817948662029,-0.5563239646496606,0.4049283872601916,-0.5010448951566413,0.05954903555417158,-0.5247477104598599,0.2965217153605748,-0.06492983714446778,0.10067786050330146,-0.15484726257066087,-0.13611011174912013,0.16531615523948467,-0.2799225192052458,0.038632376235373515,-0.7295484572743965,0.7218922374338405,-0.7784998198534832,0.5774145576655741,-0.8009590595457364,0.9345954825593817,-0.8346613809933037,0.8137605728993929,-1.02858053843439,0.5136238023915214,-1.075565243080351,0.41751105395834726,0,1,0
0.2984903036806782,-1.2144488666060063,0.3345602955561815,-1.2948635557366919,0.35106449462053313,-1.2972302609711392,0.37116876379917796,-1.2975661483052774,0.29186541877147804,-1.2866750065758117,0.2824162761144334,-1.2844105102518737,0.27520313117357553,-1.281385593857652,0.4320182189149424,-1.2701713155080332,0.302440891430415,-1.2455896153336825,0.33759039351544884,-1.1365995093698527,0.29441739035613723,-1.1238550945423789,0.5926270250642708,-0.8778633419777232,0.24610061709617564,-0.8562587557200648,0.6923412660021429,-0.33437955066410463,0.11923030175041967,-0.43294490655223833,0.37211973338403387,-0.4384032281309561,-0.007772295902973294,-0.48926039065371013,0.26668545103297947,-0.383445009273511,-0.05770470146404373,-0.4711616919456909,0.2436014771551195,-0.461892380075526,-0.057904852113847806,-0.5176876756861365,0.2661931007543244,-0.474749976539488,-0.03253448725974883,-0.5097069479233143,0.2769211755838227,-0.033733157994092475,0.08377295374208317,-0.15424416903906848,-0.1420802906749003,0.1844204839636261,-0.3052225773336268,0.014198350664824963,-0.7303588134078165,0.7220974680493756,-0.7782068074301152,0.5748623828822856,-0.7986694173914295,0.9277718693907822,-0.8358488737825981,0.8128595901773307,-1.0287371029782215,0.5147730938385182,-1.0770919759811661,0.41761082448530545,0,1,0
0.25518928538494373,-1.230802647885061,0.2847443228096671,-1.3054186069333902,0.3041845388679468,-1.307634538784939,0.32403074578745333,-1.3123100884441568,0.25163737334578107,-1.3036865926173824,0.24431531393964914,-1.303209533035578,0.23701946715668953,-1.302396738518607,0.38684675723702877,-1.2992377110290851,0.27030421542116295,-1.2692352302227694,0.2969116535300916,-1.1473066547405388,0.25462297080524426,-1.133427121570458,0.5633560593232286,-0.9238996170216938,0.2040710126236128,-0.8654301258509346,0.5806324131787026,-0.3384694310741873,0.02956016905601497,-0.4545740798440351,0.2624729402501488,-0.39256913572308194,-0.12782936121022107,-0.4546693800011499,0.15483456236769866,-0.328544194028827,-0.1845445370154133,-0.41297098929425274,0.1328328243891854,-0.3900488631245846,-0.17926868780575547,-0.4551292184991262,0.15457223293734632,-0.4143810861818825,-0.1565994423301799,-0.46013085115862096,0.2716355728399612,-0.02292705489096498,0.07458207654280599,-0.1410256918095715,-0.14213373191439113,0.18278351580644678,-0.3132850925447192,-0.013285076734768989,-0.7335004674145381,0.718406568147811,-0.7892913942546198,0.574958089436659,-0.7969333899024944,0.9242177221666978,-0.8395782798244041,0.8169806615770021,-1.0289799253401666,0.5313313437382484,-1.0773162056685355,0.4262937051114758,0,1,0
0.20862205232276185,-1.2903065724776375,0.23921116757170144,-1.3594620763616418,0.2599215782613773,-1.3608639945044445,0.2817936755144337,-1.366807554409794,0.20559114156897754,-1.361608717480619,0.19687066919639726,-1.362833548018037,0.18917045714124464,-1.3625595346665031,0.3388904583453437,-1.34724973714484,0.21837436733463664,-1.320603640496698,0.2535870641933649,-1.2080086892507877,0.20738091509534737,-1.20798125743584,0.5059250147472144,-0.9644323587919402,0.14728532689407337,-0.9047077096883488,0.4875207053008141,-0.39146058560124836,-0.04427753924231447,-0.5087481551912325,0.1277201436788095,-0.34903575979480844,-0.24114592158822956,-0.43622890119874447,0.029999281293808477,-0.2471888476437195,-0.2903500632620941,-0.38113697764325766,0.0005285713002207889,-0.3135342160846116,-0.29113176838879085,-0.414525052410701,0.0270774882039275,-0.34870556202228903,-0.2685663574127583,-0.4209831112452929,0.269945976237808,-0.02309408416420249,0.06769567499777045,-0.13702308521074852,-0.17627414960660562,0.16057593761651065,-0.32127730103009355,-0.02025052254657996,-0.7444601886813731,0.71163700581459,-0.8010393230042873,0.5869055592402428,-0.8027632601747825,0.9216145445274695,-0.8643518503044173,0.8182827583931894,-1.0300679524004466,0.5317588736541751,-1.0938965026195384,0.4302652223200247,0,1,0
0.15389639429648505,-1.3481769324900745,0.18970852711147934,-1.4216010807782378,0.20975813585885786,-1.4206973040750235,0.2304199820761447,-1.422518776587555,0.15493981925764638,-1.4180813249221529,0.1476027231529505,-1.4157276751996344,0.13980091178317652,-1.4124042600190554,0.2857574711750713,-1.3941914652807164,0.1699476636162547,-1.3696753474639536,0.19614646928177623,-1.2637288521682357,0.15135986580764826,-1.2725404591260314,0.43362816165443246,-0.9995913096132338,0.091704405837314,-0.9321220495540002,0.36329542651191055,-0.4654899102069537,-0.11699562309351658,-0.5525606244367709,0.0293405113378036,-0.3320756846057507,-0.3327939897396828,-0.4295123737077558,-0.07791382113537779,-0.213962620584468,-0.38974670474245976,-0.36062610800749817,-0.10409718370507685,-0.276365529220793,-0.38880284710962737,-0.39374850056720667,-0.0826221365735607,-0.31486486230820754,-0.36619435802419537,-0.40447942017751437,0.24221200492835782,-0.020624611223015794,0.04946570997526042,-0.11364345732734041,-0.18196167923910916,0.05156088902094115,-0.33207243140724196,-0.13428925085291707,-0.7296598101232216,0.6803578280207422,-0.8022432748825504,0.5611655760795513,-0.7781637293207158,0.9202588032731621,-0.8636493926431252,0.805538546764345,-1.0065885539900803,0.5332131662436652,-1.0917026686189195,0.42815622374711454,0,1,0
0.0834453975517439,-1.3720709577034107,0.12241239228436056,-1.4486190817175513,0.13991917338539578,-1.4476000405918992,0.15771530933447261,-1.4484101935266898,0.08931458675879045,-1.4476452014872483,0.08375751064626072,-1.4461513359647131,0.07815308925311744,-1.4445552107320117,0.21876572789455812,-1.4213468792930553,0.11605776155205319,-1.401482740094518,0.11769472970923249,-1.2887415366352102,0.08075972126904297,-1.2920167429410014,0.37585940095661674,-1.023856375523567,0.03425324459700468,-0.952338484375987,0.24591794152848642,-0.48393242099565154,-0.2119170179634407,-0.5684683339249806,-0.10008197879124084,-0.3163752377193686,-0.44684836434047165,-0.41649750150476,-0.20403514633374512,-0.1958584355134592,-0.5011495404302604,-0.3335252020274536,-0.22964975594019382,-0.24786041911336668,-0.49132508990500445,-0.3547656563415091,-0.20252680290887645,-0.28357115581236886,-0.4663184505972499,-0.3798405703886891,0.22728239204200795,0.010168312251054228,0.02820097342501046,-0.0814614680237672,-0.228201559309581,-0.02092534519429501,-0.3718766044923386,-0.1401019508410341,-0.7335126593322927,0.6646292381242099,-0.8317392831054787,0.5573253251854933,-0.7778898175684965,0.9036046436204294,-0.8747950406557173,0.774759034399805,-1.0040702117785607,0.4987210117242316,-1.104701488130205,0.42289805281820086,0,1,0
0.010347535462487184,-1.3985731897220488,0.04708930200626688,-1.4744741769017087,0.06432501613589231,-1.4745255353552498,0.08370447580402837,-1.4758559275805592,0.013228688826519616,-1.4752573044188102,0.008101581013467472,-1.4747499174415912,0.0035306278486526357,-1.4742902313425867,0.14821191264342015,-1.4465521960605519,0.051162621728066314,-1.4390628533828957,0.049009732251239765,-1.3032024718832118,0.015207030680826673,-1.299036899983736,0.3103126031286485,-1.037012064376628,-0.02793488308821077,-0.9672307087145562,0.14058647768382884,-0.5299146452042437,-0.28812849264858353,-0.5851743092281703,-0.22367287145964865,-0.2825522162860313,-0.5418538834429023,-0.40591898086638434,-0.33677729246872773,-0.17654115462587142,-0.6019350445415,-0.31791619452423076,-0.3544624819662381,-0.22237097986253146,-0.5959445457527955,-0.32814541671893815,-0.33486438057303686,-0.2576974679536357,-0.5732289709897527,-0.35193967140531607,0.20422971075305135,0.014921737784929022,0.02066332027325201,-0.054546590388794364,-0.27298389561249486,-0.10709802308217413,-0.42177812386176416,-0.15346226071374253,-0.7322717253035074,0.6469399846541147,-0.8290867281993444,0.5572141755352975,-0.7597846165043416,0.8795150397264472,-0.878900465760937,0.7756008863207575,-1.0147233063138685,0.550194678888108,-1.1017602895712315,0.42433141594887896,0,1,0
-0.0728911574177564,-1.4249301855204357,-0.03589701817645725,-1.496947640498009,-0.016096124551271802,-1.4977466175081913,0.003353845041211475,-1.4982996225776755,-0.06715323452520065,-1.4962943569049938,-0.07173577001188233,-1.4967828972093504,-0.07588813400045717,-1.4972324233768928,0.06962138840710363,-1.463268229695889,-0.023907892653878677,-1.4642247364433918,-0.03187571730374395,-1.3238870255473165,-0.06640627636410444,-1.3214049542911166,0.22882080886400452,-1.0641819562913004,-0.08744688482629968,-0.9956794312023677,0.04737540567624062,-0.5743893387824841,-0.356897817537712,-0.6054045615569456,-0.32373803643022286,-0.262143250762837,-0.6111064146723699,-0.40713024789530017,-0.4085021414201915,-0.1494899307106767,-0.673016363434152,-0.32157884981633067,-0.4408121458601876,-0.19954852262050687,-0.6712383754282784,-0.3254588260424056,-0.4213552675143101,-0.23591437170018756,-0.6444122955942846,-0.3490309846270212,0.16294706444158474,0.012526025946157432,-0.007783675026210886,-0.0567303660572658,-0.29364858661059107,-0.12162022271689236,-0.46659480073302,-0.22443385234660349,-0.7282867969854285,0.6455056055302905,-0.8343134033407255,0.557063808549658,-0.7458793279080042,0.8801666977304285,-0.8785162171530392,0.7623864730638453,-0.9857420002188119,0.6273345681102608,-1.0874204607062585,0.43234536668758233,0,1,0
-0.1594419879546562,-1.4337156814543737,-0.12239339148072001,-1.5101962927239485,-0.10536250156937123,-1.511452822247528,-0.08558660137558265,-1.51336344815864,-0.15299591783918962,-1.5086722014053136,-0.15779790784545342,-1.5095197936875422,-0.16190597453285335,-1.5097739443730676,-0.012560874799707076,-1.4810044220493392,-0.10749202320383487,-1.4763461442736072,-0.11916273647439012,-1.3359002809071177,-0.15117688371020885,-1.3298630464336874,0.1549826941684166,-1.0690884919923096,-0.16676607934708057,-1.0096414122162638,-0.07479228379295122,-0.561530421527432,-0.4507306773507829,-0.6137180270751528,-0.43201852198107993,-0.2625098210899908,-0.7012317122962782,-0.4073041859219319,-0.5220135692836437,-0.15638141222144333,-0.7667514847065572,-0.32168664668914393,-0.5558024533472683,-0.20834072410920984,-0.7582744442918097,-0.3196023367496868,-0.5382418246094838,-0.24411932915037907,-0.730782888947046,-0.337909517251309,0.117289958039781,0.033927108776629245,-0.06420847999021526,-0.037104832849116816,-0.357337336172764,-0.2500092446176084,-0.5278362260045937,-0.2823089875268277,-0.7425098882379015,0.645476751324938,-0.8387321607322376,0.5659171728257629,-0.7515658415473615,0.8878073725872131,-0.8683768087524569,0.798026496639871,-0.9919430127874118,0.7007520616433163,-1.0877173339035822,0.5128169006347986,0,1,0
-0.24539155374762683,-1.44679816800125,-0.20747855030489212,-1.5325162397558558,-0.19107046419217227,-1.5341614374575196,-0.17288398367632019,-1.5368042896291076,-0.2374629464332054,-1.5325709001871222,-0.241747389530788,-1.534538421714422,-0.24541735997354064,-1.5365273806971071,-0.10270974346460761,-1.501386971750732,-0.19372444148871135,-1.496698112581299,-0.20792111691938275,-1.358788777703646,-0.23923687046649428,-1.354611674281961,0.06347422347525307,-1.0710937576649913,-0.24895809608809494,-1.0118396149874114,-0.19990635338616242,-0.5594885801014866,-0.5463090133890487,-0.6133931124669937,-0.5668174446412573,-0.28371583323638966,-0.8141437042034645,-0.40267206996971505,-0.6509390355655605,-0.1556238877316265,-0.8761756737421069,-0.30477178319509274,-0.6787187265665903,-0.18830899684120467,-0.8697708529483766,-0.30108393127296673,-0.6552448145192136,-0.22967678337832398,-0.8456370533525341,-0.3236318671668844,0.059122521631391124,0.03775008778720165,-0.1251012164140084,-0.025956949651603077,-0.38456839087483846,-0.32233291992945035,-0.5727223968070506,-0.40057353612621094,-0.7462009913380954,0.619292575960722,-0.855672424054944,0.5571186721795535,-0.7513215967950118,0.8808333924329739,-0.8819992448568885,0.7856084188109611,-1.0113688017430151,0.687968632679028,-1.0891213348323348,0.5044804736714871,0,1,0
