nose_x,nose_y,nose_z,left_eye_inner_x,left_eye_inner_y,left_eye_inner_z,left_eye_x,left_eye_y,left_eye_z,left_eye_outer_x,left_eye_outer_y,left_eye_outer_z,right_eye_inner_x,right_eye_inner_y,right_eye_inner_z,right_eye_x,right_eye_y,right_eye_z,right_eye_outer_x,right_eye_outer_y,right_eye_outer_z,left_ear_x,left_ear_y,left_ear_z,right_ear_x,right_ear_y,right_ear_z,mouth_left_x,mouth_left_y,mouth_left_z,mouth_right_x,mouth_right_y,mouth_right_z,left_shoulder_x,left_shoulder_y,left_shoulder_z,right_shoulder_x,right_shoulder_y,right_shoulder_z,left_elbow_x,left_elbow_y,left_elbow_z,right_elbow_x,right_elbow_y,right_elbow_z,left_wrist_x,left_wrist_y,left_wrist_z,right_wrist_x,right_wrist_y,right_wrist_z,left_pinky_x,left_pinky_y,left_pinky_z,right_pinky_x,right_pinky_y,right_pinky_z,left_index_x,left_index_y,left_index_z,right_index_x,right_index_y,right_index_z,left_thumb_x,left_thumb_y,left_thumb_z,right_thumb_x,right_thumb_y,right_thumb_z,left_hip_x,left_hip_y,left_hip_z,right_hip_x,right_hip_y,right_hip_z,left_knee_x,left_knee_y,left_knee_z,right_knee_x,right_knee_y,right_knee_z,left_ankle_x,left_ankle_y,left_ankle_z,right_ankle_x,right_ankle_y,right_ankle_z,left_heel_x,left_heel_y,left_heel_z,right_heel_x,right_heel_y,right_heel_z,left_foot_index_x,left_foot_index_y,left_foot_index_z,right_foot_index_x,right_foot_index_y,right_foot_index_z
0.5742483735084534,0.1709165871143341,-0.1506970077753067,0.5838825106620789,0.14484474062919617,-0.1552712619304657,0.5890793800354004,0.14304092526435852,-0.15527063608169556,0.5949404835700989,0.14148357510566711,-0.15523217618465424,0.5751184225082397,0.14771080017089844,-0.12238724529743195,0.5736095905303955,0.14778608083724976,-0.12240393459796906,0.5722610950469971,0.14747601747512817,-0.12252086400985718,0.6159936189651489,0.15382012724876404,-0.12534254789352417,0.5880865454673767,0.15473240613937378,0.0268591046333313,0.5845688581466675,0.2009286880493164,-0.13880454003810883,0.5763551592826843,0.20173203945159912,-0.09446796029806137,0.6657806634902954,0.2755803167819977,-0.21753445267677307,0.5786556601524353,0.3021949827671051,0.14766114950180054,0.5630293488502502,0.4203525185585022,-0.3607274889945984,0.4873703122138977,0.40925490856170654,0.07801639288663864,0.4438130855560303,0.511996865272522,-0.4064813554286957,0.3980127274990082,0.5080832242965698,-0.12337938696146011,0.4105234742164612,0.5477770566940308,-0.45810967683792114,0.36991673707962036,0.5335636734962463,-0.1582275629043579,0.4002365469932556,0.5409849882125854,-0.45060673356056213,0.3752997815608978,0.5396300554275513,-0.19164836406707764,0.4114026129245758,0.5300678610801697,-0.40568476915359497,0.3842898905277252,0.5360830426216125,-0.1473127007484436,0.6913191676139832,0.605588972568512,-0.12029816955327988,0.6403517723083496,0.6035502552986145,0.11965028196573257,0.5627356767654419,0.48535123467445374,-0.33656325936317444,0.5096248984336853,0.42777159810066223,0.004030503798276186,0.5107900500297546,0.7849553227424622,-0.44202810525894165,0.49406248331069946,0.6947538256645203,-0.16966822743415833,0.5174872875213623,0.8516987562179565,-0.45261678099632263,0.5119546055793762,0.7485536932945251,-0.1935538500547409,0.4336118698120117,0.8245269060134888,-0.5574981570243835,0.425983190536499,0.7151486873626709,-0.29589906334877014
0.5450900793075562,0.17370955646038055,-0.026261458173394203,0.5544272065162659,0.14748822152614594,-0.034147851169109344,0.558972954750061,0.14560453593730927,-0.03416011855006218,0.5642604827880859,0.1435575783252716,-0.03405608981847763,0.5471199750900269,0.14998751878738403,-0.0022566206753253937,0.5465024709701538,0.1499887853860855,-0.0023357279133051634,0.5460802316665649,0.14982588589191437,-0.002493822481483221,0.5895009636878967,0.15280622243881226,-0.027682771906256676,0.5653301477432251,0.1548459827899933,0.11642132699489594,0.5593568086624146,0.20025329291820526,-0.023376327008008957,0.5500333905220032,0.2017051726579666,0.018479611724615097,0.6395131349563599,0.2692898213863373,-0.13563545048236847,0.5576445460319519,0.3015751540660858,0.22306886315345764,0.5330402255058289,0.40686559677124023,-0.24062709510326385,0.458574116230011,0.4072344899177551,0.2463180273771286,0.40038347244262695,0.494900643825531,-0.2365484982728958,0.3614317774772644,0.49561449885368347,0.1551741063594818,0.3670034408569336,0.5357192158699036,-0.26545578241348267,0.3320496082305908,0.5265408158302307,0.14180263876914978,0.360200434923172,0.532823920249939,-0.25740164518356323,0.333472341299057,0.5304667949676514,0.10376312583684921,0.3731420934200287,0.5117007493972778,-0.2324250489473343,0.3451201915740967,0.5260167717933655,0.13189591467380524,0.6704438924789429,0.6121743321418762,-0.10812578350305557,0.618829607963562,0.6163796186447144,0.10784219205379486,0.5552205443382263,0.4419483244419098,-0.35814470052719116,0.5018967390060425,0.4433833956718445,-0.03295289725065231,0.5051586031913757,0.7591094970703125,-0.46714672446250916,0.48967576026916504,0.7195616960525513,-0.22073213756084442,0.5124012231826782,0.8393353819847107,-0.4764100909233093,0.5050185322761536,0.77165687084198,-0.24189159274101257,0.4167286455631256,0.7728014588356018,-0.5746238827705383,0.42130765318870544,0.7488963603973389,-0.31927669048309326
0.5150575637817383,0.183381587266922,-0.11856962740421295,0.5236177444458008,0.15336444973945618,-0.14342567324638367,0.5274320244789124,0.15159286558628082,-0.1434854120016098,0.5318546295166016,0.1494099348783493,-0.14343461394309998,0.5178893804550171,0.1551424115896225,-0.10315719991922379,0.5176116228103638,0.1546376496553421,-0.10326723754405975,0.5175202488899231,0.15411265194416046,-0.10337205976247787,0.5577128529548645,0.1538906842470169,-0.1773860901594162,0.536676287651062,0.15604831278324127,-0.00052109663374722,0.5285256505012512,0.20785628259181976,-0.12952759861946106,0.5212474465370178,0.20874087512493134,-0.07727773487567902,0.6052948236465454,0.27027809619903564,-0.2755427360534668,0.5432154536247253,0.2968099117279053,0.14189952611923218,0.48837965726852417,0.41034966707229614,-0.3508778512477875,0.44317546486854553,0.40298762917518616,0.1986946314573288,0.3535797894001007,0.486181378364563,-0.33624324202537537,0.32811859250068665,0.4933839440345764,0.09092483669519424,0.31762582063674927,0.5217286348342896,-0.37991219758987427,0.299064576625824,0.512925386428833,0.08465730398893356,0.31010594964027405,0.5163165926933289,-0.3623957633972168,0.29864397644996643,0.5211316347122192,0.041179291903972626,0.32160621881484985,0.507112443447113,-0.33098798990249634,0.3092091381549835,0.5146040320396423,0.0663701519370079,0.6495845913887024,0.6186631321907043,-0.12089619785547256,0.6118196249008179,0.6186842322349548,0.1205153688788414,0.5259026288986206,0.43993887305259705,-0.20909766852855682,0.48553305864334106,0.4492352306842804,0.21552331745624542,0.502159833908081,0.7517790794372559,-0.12927089631557465,0.5050256848335266,0.719607949256897,0.21707937121391296,0.507182776927948,0.8294006586074829,-0.12034119665622711,0.5188471674919128,0.7729976177215576,0.2161901891231537,0.40685099363327026,0.7503114342689514,-0.17192155122756958,0.44603094458580017,0.7598662376403809,0.18583360314369202
0.49635496735572815,0.19490449130535126,-0.15596115589141846,0.5038980841636658,0.16253210604190826,-0.17151477932929993,0.507749080657959,0.16028735041618347,-0.17156079411506653,0.5121621489524841,0.15757261216640472,-0.17151696979999542,0.49826115369796753,0.16403627395629883,-0.13402710855007172,0.4979742169380188,0.1629852056503296,-0.13409622013568878,0.49786868691444397,0.1619000881910324,-0.13420316576957703,0.5372263789176941,0.15819606184959412,-0.19544683396816254,0.5174230933189392,0.1600950062274933,-0.016786448657512665,0.5104768872261047,0.217844620347023,-0.15571840107440948,0.5026067495346069,0.2178647220134735,-0.10732235014438629,0.5786912441253662,0.27172401547431946,-0.2980002164840698,0.5335327386856079,0.29743683338165283,0.11914269626140594,0.45795297622680664,0.4041474759578705,-0.38380783796310425,0.4218626022338867,0.39867258071899414,0.16694092750549316,0.3183217942714691,0.4744619131088257,-0.38903382420539856,0.30068549513816833,0.48493054509162903,0.08562704175710678,0.2800750434398651,0.5147799849510193,-0.4357793927192688,0.27090469002723694,0.5115956664085388,0.08183620870113373,0.2740328907966614,0.5130452513694763,-0.41644206643104553,0.2685531973838806,0.515856146812439,0.03608214110136032,0.2859496772289276,0.500221848487854,-0.38172540068626404,0.27751991152763367,0.5083403587341309,0.05980768799781799,0.6369848847389221,0.6200703382492065,-0.13102442026138306,0.6026321053504944,0.6231770515441895,0.130536288022995,0.5080434083938599,0.4196375608444214,-0.21784332394599915,0.4618445038795471,0.44914957880973816,0.22492793202400208,0.4774184823036194,0.7430136799812317,-0.11714078485965729,0.48848968744277954,0.715941846370697,0.20665426552295685,0.49390000104904175,0.8159231543540955,-0.10492084175348282,0.512011706829071,0.7701038718223572,0.20392486453056335,0.39894792437553406,0.7444412112236023,-0.14259371161460876,0.42927178740501404,0.7566171288490295,0.17586931586265564
0.4908251166343689,0.1935027688741684,-0.2134978473186493,0.49832653999328613,0.1620609164237976,-0.2382282316684723,0.5019400715827942,0.1598462462425232,-0.23828351497650146,0.506162703037262,0.15748544037342072,-0.23827560245990753,0.49249061942100525,0.16359609365463257,-0.19664017856121063,0.49207502603530884,0.1625952422618866,-0.1967134028673172,0.4917365610599518,0.16147418320178986,-0.19676291942596436,0.5327895879745483,0.15892402827739716,-0.26281535625457764,0.5134928226470947,0.16016817092895508,-0.07599429041147232,0.502691388130188,0.2170870304107666,-0.2174042910337448,0.49556511640548706,0.21758009493350983,-0.16305741667747498,0.5675942897796631,0.27272045612335205,-0.3658984303474426,0.5333090424537659,0.29410529136657715,0.10453015565872192,0.4400811195373535,0.39573511481285095,-0.45350709557533264,0.41528719663619995,0.3998987376689911,0.13261690735816956,0.3004738688468933,0.46532803773880005,-0.45592403411865234,0.29131513833999634,0.4824124276638031,0.038693953305482864,0.2664307653903961,0.5089023113250732,-0.5122034549713135,0.2635289132595062,0.5110597610473633,0.035636402666568756,0.25920790433883667,0.5038168430328369,-0.48513880372047424,0.25741034746170044,0.5147956609725952,-0.015123367309570312,0.26959875226020813,0.49035605788230896,-0.4464278817176819,0.2664979100227356,0.5054316520690918,0.011349191889166832,0.6319396495819092,0.6217449307441711,-0.13853719830513,0.6010743379592896,0.6248006820678711,0.13811489939689636,0.49580836296081543,0.41357022523880005,-0.18182510137557983,0.4625573754310608,0.42073458433151245,0.22869563102722168,0.48431268334388733,0.7295866012573242,-0.013533705845475197,0.49069634079933167,0.6973976492881775,0.2848978638648987,0.5069512128829956,0.7978341579437256,0.005104482639580965,0.5170244574546814,0.752652645111084,0.28980740904808044,0.4224569797515869,0.7400566339492798,-0.007907310500741005,0.4313313961029053,0.7498865723609924,0.2804095149040222
0.49545884132385254,0.19277717173099518,-0.13779278099536896,0.5033965110778809,0.1617271602153778,-0.16221356391906738,0.5069095492362976,0.15969128906726837,-0.1622714251279831,0.5111038684844971,0.15744340419769287,-0.16224537789821625,0.49764686822891235,0.16317762434482574,-0.1212877407670021,0.497253954410553,0.1622193157672882,-0.12136948108673096,0.49699339270591736,0.1609855592250824,-0.12144223600625992,0.5371776819229126,0.15920040011405945,-0.19411250948905945,0.5187301635742188,0.15952326357364655,-0.011393053457140923,0.5075758099555969,0.21668237447738647,-0.1448279172182083,0.5004204511642456,0.21722888946533203,-0.09183598309755325,0.5751253366470337,0.27189040184020996,-0.30240312218666077,0.5378361940383911,0.2895055413246155,0.1512535661458969,0.45013427734375,0.38286611437797546,-0.38378816843032837,0.4227008819580078,0.394498735666275,0.18119364976882935,0.31388789415359497,0.44780388474464417,-0.3820295035839081,0.29623278975486755,0.4687749147415161,0.09188628941774368,0.2783765494823456,0.49272215366363525,-0.43116816878318787,0.26998433470726013,0.49583151936531067,0.08790035545825958,0.27123814821243286,0.4863519072532654,-0.4084164500236511,0.2656840682029724,0.49808692932128906,0.042760368436574936,0.28019753098487854,0.47537854313850403,-0.37329378724098206,0.27509793639183044,0.49229511618614197,0.06635426729917526,0.6345833539962769,0.6199430227279663,-0.13764426112174988,0.6035261154174805,0.6245710849761963,0.13722959160804749,0.4968121647834778,0.41653403639793396,-0.18357743322849274,0.4693058431148529,0.42146429419517517,0.2636297345161438,0.48778200149536133,0.7365650534629822,-0.08297382295131683,0.4935046136379242,0.6992684006690979,0.2855144143104553,0.5085275173187256,0.8210359215736389,-0.07500127702951431,0.5192792415618896,0.7540217041969299,0.2863977551460266,0.40975087881088257,0.7441083192825317,-0.13533568382263184,0.43307965993881226,0.7456877827644348,0.2591482996940613
0.5341601967811584,0.18684688210487366,-0.1033162921667099,0.542115330696106,0.15585193037986755,-0.12005770206451416,0.5472434759140015,0.15369147062301636,-0.1200694814324379,0.5530955791473389,0.15145163238048553,-0.11998274177312851,0.5345409512519836,0.15762931108474731,-0.08373121917247772,0.5336759090423584,0.15686383843421936,-0.08381377160549164,0.532937228679657,0.1559734046459198,-0.0839158147573471,0.5778139233589172,0.1553587019443512,-0.12420272827148438,0.5532957315444946,0.15671083331108093,0.03806891292333603,0.5459506511688232,0.21313631534576416,-0.10231944173574448,0.538029134273529,0.21328839659690857,-0.05466350167989731,0.6170452833175659,0.26566895842552185,-0.22909240424633026,0.5571223497390747,0.28778594732284546,0.18163132667541504,0.5032399296760559,0.3715965151786804,-0.3395625948905945,0.44938740134239197,0.3840833902359009,0.22852091491222382,0.36790958046913147,0.4384392499923706,-0.34643280506134033,0.3372575342655182,0.44920188188552856,0.09558968245983124,0.333059698343277,0.47393494844436646,-0.3878818452358246,0.31203311681747437,0.47346293926239014,0.07816988229751587,0.32713431119918823,0.4724825918674469,-0.37013694643974304,0.311309278011322,0.4761268198490143,0.035336531698703766,0.3371061682701111,0.4636618196964264,-0.33947688341140747,0.3205890953540802,0.4703247547149658,0.06938697397708893,0.6567944884300232,0.616539478302002,-0.13026566803455353,0.614812970161438,0.6225703358650208,0.12975353002548218,0.5302044153213501,0.42332249879837036,-0.3031969666481018,0.48357605934143066,0.4475654661655426,0.1193588525056839,0.4885929226875305,0.7566803097724915,-0.33523622155189514,0.4859694540500641,0.7324885129928589,0.008586740121245384,0.5073789954185486,0.8336681723594666,-0.3372352719306946,0.5054000020027161,0.7825479507446289,-0.005136129446327686,0.40023383498191833,0.7697547674179077,-0.4255802035331726,0.41700902581214905,0.7519208192825317,-0.07120823115110397
0.5809486508369446,0.1776171624660492,-0.012878711335361004,0.5907474756240845,0.1485518366098404,-0.014642384834587574,0.5964285135269165,0.14658589661121368,-0.01462567038834095,0.6034490466117859,0.14444783329963684,-0.01451378595083952,0.5821110606193542,0.15097622573375702,0.01572529226541519,0.5809997320175171,0.15077921748161316,0.01566474698483944,0.5800696611404419,0.15053798258304596,0.015546987764537334,0.6264796257019043,0.15083524584770203,0.019374465569853783,0.5965287089347839,0.15497861802577972,0.158715158700943,0.5924533605575562,0.20485803484916687,0.0002659456804394722,0.5834473371505737,0.20571959018707275,0.04046230390667915,0.6706172823905945,0.25464823842048645,-0.0942298173904419,0.5826025605201721,0.28959983587265015,0.2704152464866638,0.5679799318313599,0.3678571879863739,-0.269212007522583,0.49216485023498535,0.38184690475463867,0.2611972391605377,0.44707217812538147,0.42168232798576355,-0.30317774415016174,0.40137767791748047,0.4383355379104614,0.08842404186725616,0.41335922479629517,0.44843119382858276,-0.3622501790523529,0.3790302574634552,0.45840415358543396,0.06130162626504898,0.405048668384552,0.4458739757537842,-0.32113412022590637,0.3787282705307007,0.4590986371040344,0.03393717110157013,0.41725867986679077,0.4377281665802002,-0.29024407267570496,0.3869524300098419,0.457304984331131,0.07074522972106934,0.6824377775192261,0.6099663376808167,-0.11436152458190918,0.6271461844444275,0.6194062829017639,0.1139330118894577,0.5556780695915222,0.44575628638267517,-0.36212337017059326,0.5074574947357178,0.464279443025589,-0.048312462866306305,0.5002883672714233,0.7640883326530457,-0.5287081599235535,0.4846673607826233,0.7527468204498291,-0.2889363467693329,0.5079693794250488,0.8437425494194031,-0.5445807576179504,0.49875879287719727,0.8135917782783508,-0.3161822259426117,0.4167200028896332,0.7708523869514465,-0.6437773704528809,0.4131811559200287,0.7535089254379272,-0.40510445833206177
0.6307368874549866,0.16081780195236206,-0.056095562875270844,0.6412781476974487,0.13382326066493988,-0.060112737119197845,0.6471648812294006,0.13255789875984192,-0.06008218973875046,0.6531213521957397,0.131296768784523,-0.05998370796442032,0.6320552825927734,0.13506194949150085,-0.03216664865612984,0.6306613087654114,0.13477423787117004,-0.0322406068444252,0.6293326616287231,0.13447216153144836,-0.03234931081533432,0.6726865768432617,0.14173072576522827,-0.008938249200582504,0.6417229771614075,0.14260609447956085,0.10100823640823364,0.6435647010803223,0.18624043464660645,-0.043694280087947845,0.6320582628250122,0.1872241199016571,-0.006051777862012386,0.7144991755485535,0.24658940732479095,-0.11253021657466888,0.6237289309501648,0.2709358334541321,0.22633817791938782,0.6226233243942261,0.3583868741989136,-0.2593199908733368,0.5395783185958862,0.3650597929954529,0.23942546546459198,0.514009416103363,0.41271039843559265,-0.32953783869743347,0.45688527822494507,0.4238300323486328,0.06667079776525497,0.4837636351585388,0.4405018389225006,-0.36496978998184204,0.4323497712612152,0.44508853554725647,0.041044361889362335,0.4754520058631897,0.4316774606704712,-0.35780513286590576,0.4327355921268463,0.4430064857006073,0.014696618542075157,0.48498231172561646,0.4231700003147125,-0.32559773325920105,0.4452902674674988,0.43782562017440796,0.04842923581600189,0.7118805646896362,0.5975816249847412,-0.11378505080938339,0.6576896905899048,0.5913362503051758,0.11338429152965546,0.5758717060089111,0.45534786581993103,-0.3385690450668335,0.5275159478187561,0.4723123013973236,-0.014673369936645031,0.5070158839225769,0.7660669088363647,-0.4337015748023987,0.48457497358322144,0.7589709758758545,-0.1955600529909134,0.5115751028060913,0.8427222967147827,-0.44160810112953186,0.493567556142807,0.8184135556221008,-0.21537664532661438,0.4236142039299011,0.7549861669540405,-0.5207653641700745,0.41051381826400757,0.7573436498641968,-0.2814079225063324
0.6767823100090027,0.15406396985054016,-0.015634359791874886,0.6888164281845093,0.1279083639383316,-0.01019264105707407,0.6950059533119202,0.12707242369651794,-0.010130668058991432,0.7012393474578857,0.1264318823814392,-0.010047025978565216,0.6789979934692383,0.1286546140909195,0.005662946961820126,0.6773802042007446,0.12818323075771332,0.005539318080991507,0.6759322285652161,0.1277974247932434,0.005407978780567646,0.7192050218582153,0.13845407962799072,0.04283925145864487,0.687969446182251,0.13867594301700592,0.11397449672222137,0.6892470121383667,0.17863962054252625,0.003969352692365646,0.6770969033241272,0.17928561568260193,0.024544840678572655,0.7589774131774902,0.24364064633846283,-0.06199498847126961,0.6689587831497192,0.26004648208618164,0.2002355307340622,0.6831230521202087,0.35818442702293396,-0.1957949697971344,0.5907801389694214,0.359056681394577,0.14688900113105774,0.5766133666038513,0.40345385670661926,-0.26362478733062744,0.5098919868469238,0.4125577211380005,-0.04954224452376366,0.548204779624939,0.42458322644233704,-0.2904062867164612,0.4908434748649597,0.4264689087867737,-0.08061832934617996,0.5416399240493774,0.4160417914390564,-0.2912898361682892,0.4909505248069763,0.4242056906223297,-0.09926269203424454,0.5504955053329468,0.4110961854457855,-0.2627703547477722,0.5033495426177979,0.42116454243659973,-0.06480380892753601,0.7438050508499146,0.5890932083129883,-0.1011422723531723,0.6964091062545776,0.5712801814079285,0.10085318237543106,0.6033685803413391,0.47016197443008423,-0.2820056080818176,0.5558810830116272,0.4647744596004486,-0.04903681203722954,0.5157343745231628,0.771207332611084,-0.4235496520996094,0.47429266571998596,0.745459258556366,-0.2464778870344162,0.5159777402877808,0.8427994847297668,-0.43190068006515503,0.48018622398376465,0.8137747049331665,-0.26759058237075806,0.4300362467765808,0.7690126299858093,-0.5089035630226135,0.4059782922267914,0.7505691647529602,-0.3397870659828186
0.7211148142814636,0.1548464000225067,-0.02615170180797577,0.7318814992904663,0.12950080633163452,-0.02437344193458557,0.738249659538269,0.1284743845462799,-0.02435450255870819,0.744617223739624,0.12767788767814636,-0.02429588884115219,0.7224708795547485,0.130336195230484,-0.0027897257823497057,0.7207217216491699,0.12984579801559448,-0.002888356801122427,0.7193549275398254,0.12950383126735687,-0.0030016375239938498,0.7634349465370178,0.13914401829242706,0.019883397966623306,0.7307307124137878,0.13947169482707977,0.09268404543399811,0.7332967519760132,0.1798023283481598,-0.010209606029093266,0.721426784992218,0.1804201304912567,0.02002875693142414,0.8008216023445129,0.2436848133802414,-0.08449050784111023,0.7100409269332886,0.2621559798717499,0.17751923203468323,0.7489527463912964,0.3618154227733612,-0.22087517380714417,0.6350690126419067,0.3620310127735138,0.15096725523471832,0.6455599069595337,0.4023575782775879,-0.2954883873462677,0.5507956743240356,0.408125638961792,-0.015644775703549385,0.6136870980262756,0.42486298084259033,-0.3247489333152771,0.5302069187164307,0.4200650453567505,-0.045971471816301346,0.6064354181289673,0.4133950471878052,-0.3232223093509674,0.5299930572509766,0.41838374733924866,-0.07204905152320862,0.6146899461746216,0.4085489809513092,-0.2938878536224365,0.539272665977478,0.41640713810920715,-0.03420615941286087,0.7717428207397461,0.584734320640564,-0.09693488478660583,0.7227379083633423,0.5690063834190369,0.09695117175579071,0.6282837390899658,0.5134470462799072,-0.23788098990917206,0.5887414216995239,0.49239179491996765,-0.06759825348854065,0.5203491449356079,0.7733931541442871,-0.36701810359954834,0.48525795340538025,0.746268630027771,-0.2436850517988205,0.5206015706062317,0.838552713394165,-0.3767295181751251,0.4807656407356262,0.8160179257392883,-0.262155681848526,0.4408571720123291,0.7566871643066406,-0.4457530975341797,0.40722188353538513,0.7321199178695679,-0.32993966341018677
0.7629225254058838,0.1596250832080841,-0.037105921655893326,0.7747541666030884,0.1397983580827713,-0.034193478524684906,0.7813040018081665,0.1397712081670761,-0.03419589623808861,0.7878862023353577,0.13999463617801666,-0.034171950072050095,0.7644625306129456,0.14024102687835693,-0.01685631461441517,0.7625592947006226,0.1403989940881729,-0.016963833943009377,0.7612568736076355,0.14092329144477844,-0.017065104097127914,0.8051414489746094,0.1533537656068802,0.009593503549695015,0.7722538709640503,0.15046337246894836,0.07778452336788177,0.774597704410553,0.18902522325515747,-0.022001370787620544,0.7628248929977417,0.18772195279598236,-0.0012152749113738537,0.8398152589797974,0.26419419050216675,-0.09017886966466904,0.7487201690673828,0.27062880992889404,0.17156939208507538,0.7969592809677124,0.3875839114189148,-0.2194029986858368,0.6755698919296265,0.37671488523483276,0.13469354808330536,0.6950498819351196,0.40034985542297363,-0.29597076773643494,0.596009373664856,0.40385115146636963,-0.050747595727443695,0.664718508720398,0.4215323030948639,-0.32455867528915405,0.5773912668228149,0.41184985637664795,-0.08522874861955643,0.6554717421531677,0.41073179244995117,-0.32356810569763184,0.5808838605880737,0.406350314617157,-0.1068170815706253,0.6657875776290894,0.4064607322216034,-0.29437878727912903,0.5889730453491211,0.4058046042919159,-0.06804371625185013,0.7976873517036438,0.5864722728729248,-0.09542790055274963,0.7475458383560181,0.5654466152191162,0.09552155435085297,0.6534885168075562,0.5433593988418579,-0.21503129601478577,0.6206465363502502,0.5239967703819275,-0.05345352366566658,0.5287125110626221,0.77599036693573,-0.3281412422657013,0.4937863349914551,0.7464426755905151,-0.23921740055084229,0.5231434106826782,0.8413455486297607,-0.33688658475875854,0.47986745834350586,0.809149444103241,-0.26095229387283325,0.4492225646972656,0.7494128942489624,-0.4045979380607605,0.41052117943763733,0.7092629075050354,-0.30979153513908386
0.8018614649772644,0.1908065527677536,0.06092509627342224,0.8118459582328796,0.16985641419887543,0.06566797196865082,0.8171305656433105,0.16964681446552277,0.0656270831823349,0.8230212926864624,0.16924385726451874,0.06557634472846985,0.8040648698806763,0.17094923555850983,0.08622215688228607,0.8023508787155151,0.17148031294345856,0.08615652471780777,0.8005197644233704,0.1721152514219284,0.0860506221652031,0.8432666659355164,0.18051284551620483,0.10187878459692001,0.811834454536438,0.1787547618150711,0.19512030482292175,0.8097155690193176,0.21544058620929718,0.07301609218120575,0.8000327944755554,0.21627971529960632,0.1004420667886734,0.8788384199142456,0.28308308124542236,0.018853066489100456,0.7830505967140198,0.29429805278778076,0.25261664390563965,0.8527270555496216,0.4109676480293274,-0.08743348717689514,0.7143814563751221,0.3986015021800995,0.21197819709777832,0.7586444616317749,0.40112173557281494,-0.17595043778419495,0.643217921257019,0.40262168645858765,0.004904777277261019,0.72907555103302,0.41505712270736694,-0.2040085792541504,0.6257795095443726,0.41006848216056824,-0.037765227258205414,0.7258885502815247,0.4045640230178833,-0.2091459482908249,0.6265302300453186,0.40425369143486023,-0.05947750061750412,0.7326300740242004,0.4016997814178467,-0.17640501260757446,0.6355289220809937,0.4041258990764618,-0.013757752254605293,0.8139755129814148,0.5807260870933533,-0.08864893019199371,0.7611053586006165,0.5489395260810852,0.08883533626794815,0.6737428903579712,0.5961848497390747,-0.2316303253173828,0.6334360837936401,0.5428578853607178,-0.07859130203723907,0.525837779045105,0.7858741879463196,-0.4182540476322174,0.5017917156219482,0.7485060691833496,-0.2764396071434021,0.517430305480957,0.8493484258651733,-0.4343253970146179,0.4879344403743744,0.7841808795928955,-0.2983558177947998,0.4497576355934143,0.7385750412940979,-0.5262929201126099,0.42318740487098694,0.7088977098464966,-0.37007632851600647
0.8244320750236511,0.22228215634822845,0.07742475718259811,0.8349165916442871,0.2022119164466858,0.08166934549808502,0.8402805328369141,0.20194697380065918,0.08158448338508606,0.8458293676376343,0.20101375877857208,0.08143483102321625,0.8262082934379578,0.20287644863128662,0.10271666198968887,0.8245537877082825,0.203095480799675,0.10274682939052582,0.8228904604911804,0.20354889333248138,0.10269007831811905,0.8655937910079956,0.2108529657125473,0.1175655871629715,0.8335938453674316,0.21285578608512878,0.2165643721818924,0.8340061902999878,0.24525105953216553,0.0897408202290535,0.8235973119735718,0.24670620262622833,0.11886388063430786,0.9069374203681946,0.30912846326828003,0.05830726772546768,0.8097667694091797,0.318631649017334,0.25488483905792236,0.8985387086868286,0.46292033791542053,-0.024117909371852875,0.7574032545089722,0.43314501643180847,0.22699908912181854,0.8025995492935181,0.4085313677787781,-0.09117190539836884,0.703095018863678,0.4204658567905426,0.02775701880455017,0.7767324447631836,0.4151126742362976,-0.12014786899089813,0.6881413459777832,0.41465967893600464,-0.017418529838323593,0.7759547233581543,0.3998691141605377,-0.12233532965183258,0.687856912612915,0.4015021026134491,-0.043949127197265625,0.7830506563186646,0.4000290632247925,-0.09028023481369019,0.694475531578064,0.4057120084762573,0.007088086102157831,0.8210504651069641,0.5729734897613525,-0.07837202399969101,0.766994833946228,0.5351619124412537,0.07862796634435654,0.6909124255180359,0.6180914044380188,-0.2621174454689026,0.6443629860877991,0.5698383450508118,-0.08456338942050934,0.5289684534072876,0.7895933389663696,-0.4644014239311218,0.500027060508728,0.7472178339958191,-0.3054596781730652,0.5145359039306641,0.8522358536720276,-0.4820391535758972,0.48145246505737305,0.80060875415802,-0.3305712938308716,0.4525938034057617,0.7533135414123535,-0.5697229504585266,0.41765743494033813,0.7063962817192078,-0.4035468101501465
0.8376045227050781,0.24349237978458405,0.10548575967550278,0.8476659655570984,0.22275733947753906,0.11385593563318253,0.8532019853591919,0.22181285917758942,0.1138029545545578,0.8599861860275269,0.2213345617055893,0.11364118754863739,0.8363143801689148,0.22350747883319855,0.1360160857439041,0.8339517712593079,0.2238898128271103,0.1360764503479004,0.8317914009094238,0.22462695837020874,0.1360415667295456,0.8798602223396301,0.23349687457084656,0.16783934831619263,0.839926540851593,0.2337542623281479,0.27320396900177,0.8488383293151855,0.2657194435596466,0.12381181865930557,0.8360726237297058,0.2666177749633789,0.15467655658721924,0.9194990992546082,0.33927077054977417,0.13021819293498993,0.8194133043289185,0.3405202031135559,0.30987054109573364,0.9499356150627136,0.500265896320343,-0.0013041922356933355,0.7776595950126648,0.45994046330451965,0.25100916624069214,0.8711733818054199,0.420972615480423,-0.10160200297832489,0.7486295104026794,0.4312475025653839,0.03614017367362976,0.8436203002929688,0.4156772494316101,-0.129379004240036,0.7359005212783813,0.4231396019458771,-0.012253559194505215,0.8395795822143555,0.3997156023979187,-0.11503247171640396,0.7359493970870972,0.4091433584690094,-0.021814199164509773,0.8477885127067566,0.402043879032135,-0.09460441023111343,0.7440923452377319,0.41585201025009155,0.023048296570777893,0.8242100477218628,0.5642166137695312,-0.07499410212039948,0.7693223357200623,0.5327537655830383,0.07515374571084976,0.6949620842933655,0.6265477538108826,-0.26925039291381836,0.6567391157150269,0.5858656764030457,-0.11092065274715424,0.5283340215682983,0.7884015440940857,-0.47792020440101624,0.5089622735977173,0.7533811926841736,-0.337777316570282,0.5099322199821472,0.8494927883148193,-0.49602383375167847,0.4922421872615814,0.8179541826248169,-0.3631623387336731,0.4436954855918884,0.7302055954933167,-0.5824563503265381,0.42377299070358276,0.7041557431221008,-0.4402684271335602
0.8387216329574585,0.24665048718452454,0.10643430799245834,0.8499560356140137,0.22757169604301453,0.11739490926265717,0.8552666902542114,0.22777140140533447,0.11736550182104111,0.861160159111023,0.22805900871753693,0.11717399209737778,0.8387430310249329,0.22652123868465424,0.1373043954372406,0.8362771272659302,0.22623051702976227,0.13735951483249664,0.8338564038276672,0.22604882717132568,0.13732656836509705,0.8788297772407532,0.23678484559059143,0.18212294578552246,0.8418501615524292,0.23521572351455688,0.27588513493537903,0.8492919206619263,0.2679799497127533,0.12805132567882538,0.8368361592292786,0.26556554436683655,0.15588665008544922,0.9178441762924194,0.34181275963783264,0.1524713635444641,0.8223729133605957,0.33911648392677307,0.31216540932655334,0.9670241475105286,0.4889904856681824,0.03465072065591812,0.7796993851661682,0.46171993017196655,0.2905217111110687,0.902126669883728,0.4292002320289612,-0.040038444101810455,0.7665391564369202,0.43112045526504517,0.14141491055488586,0.8790497779846191,0.4224628806114197,-0.06249210983514786,0.7609145641326904,0.4243822693824768,0.10299070179462433,0.8734566569328308,0.4032488465309143,-0.050135064870119095,0.7638630867004395,0.41379013657569885,0.0950111597776413,0.8797793388366699,0.4109416902065277,-0.034120410680770874,0.7689157724380493,0.4193773865699768,0.13152335584163666,0.8224886059761047,0.5597214102745056,-0.07263345271348953,0.7688999772071838,0.5309284925460815,0.07271534204483032,0.6903788447380066,0.6288019418716431,-0.261150985956192,0.6535065174102783,0.5892729163169861,-0.10506274551153183,0.5233516097068787,0.7892245054244995,-0.46441903710365295,0.5103646516799927,0.7523210048675537,-0.3212898373603821,0.5068278312683105,0.85124671459198,-0.4824981093406677,0.49631595611572266,0.817905604839325,-0.3456513285636902,0.4393227994441986,0.7320432066917419,-0.5655831694602966,0.4250863194465637,0.7045283913612366,-0.4220976233482361
0.8334569931030273,0.24301156401634216,0.11428676545619965,0.8445461392402649,0.2234719842672348,0.12390856444835663,0.8500639796257019,0.22355158627033234,0.12387748807668686,0.8560519218444824,0.22364696860313416,0.12370586395263672,0.8339004516601562,0.2229086309671402,0.1452760547399521,0.8316872715950012,0.22280587255954742,0.14529453217983246,0.82960045337677,0.22290660440921783,0.14523187279701233,0.8754494786262512,0.23271533846855164,0.18267254531383514,0.8385283350944519,0.23212283849716187,0.28403976559638977,0.8441110849380493,0.26421841979026794,0.13401004672050476,0.8322871327400208,0.2628439962863922,0.1638038456439972,0.9157897233963013,0.3370794355869293,0.143607959151268,0.8211595416069031,0.3353126645088196,0.3166123032569885,0.965070903301239,0.4796016812324524,0.020717961713671684,0.7837632298469543,0.45836013555526733,0.3111860454082489,0.899580180644989,0.43468523025512695,-0.06677714735269547,0.7667495608329773,0.43047383427619934,0.18294192850589752,0.8780162930488586,0.4353845417499542,-0.09218669682741165,0.7598906755447388,0.4238700568675995,0.14634107053279877,0.869083046913147,0.41413450241088867,-0.08585874736309052,0.7647286653518677,0.4142288565635681,0.13696089386940002,0.8766587972640991,0.42046043276786804,-0.06391911208629608,0.7685147523880005,0.420391708612442,0.17254990339279175,0.821921706199646,0.5583147406578064,-0.07277242094278336,0.7683385610580444,0.5305794477462769,0.07281999289989471,0.6887504458427429,0.6322928667068481,-0.24322804808616638,0.6527849435806274,0.5889081954956055,-0.1089465469121933,0.5184601545333862,0.7928858995437622,-0.4541701674461365,0.5083965063095093,0.7537357807159424,-0.31833237409591675,0.5040944814682007,0.8523352742195129,-0.47262462973594666,0.4942498803138733,0.818471372127533,-0.34233447909355164,0.4367605745792389,0.7350063920021057,-0.556523859500885,0.42326974868774414,0.7046812176704407,-0.41918128728866577
0.831878662109375,0.24002480506896973,0.11570511013269424,0.8426054120063782,0.21878106892108917,0.13092884421348572,0.8482130169868469,0.21862265467643738,0.1308814287185669,0.8544170260429382,0.2181653380393982,0.1307138353586197,0.8315697908401489,0.21908214688301086,0.1504671275615692,0.8293331265449524,0.21925806999206543,0.15049642324447632,0.8272403478622437,0.21943679451942444,0.15042166411876678,0.873560905456543,0.22745218873023987,0.20471568405628204,0.836155116558075,0.22901438176631927,0.2980934977531433,0.8430353999137878,0.2619417607784271,0.13953083753585815,0.8307092785835266,0.2600192129611969,0.1670708954334259,0.9160083532333374,0.3351231813430786,0.16256621479988098,0.8165315389633179,0.332764595746994,0.32777276635169983,0.9617005586624146,0.4753419756889343,0.03432652726769447,0.781121015548706,0.4584575593471527,0.28218886256217957,0.88703453540802,0.44525858759880066,-0.06266272068023682,0.7562575340270996,0.4394383430480957,0.0656045600771904,0.8612784147262573,0.4526002109050751,-0.08455175906419754,0.7493577599525452,0.4388878345489502,0.014505639672279358,0.8535088300704956,0.4329725503921509,-0.07532693445682526,0.7526988387107849,0.4281279742717743,0.009107722900807858,0.861594021320343,0.4366953670978546,-0.05822733789682388,0.7578684687614441,0.4303431510925293,0.05525185540318489,0.8240601420402527,0.5546668767929077,-0.07370100915431976,0.7683061361312866,0.5266638994216919,0.07379589974880219,0.6985266208648682,0.629118800163269,-0.2424716055393219,0.6564527750015259,0.584905207157135,-0.09584201872348785,0.5211307406425476,0.7876877784729004,-0.455683171749115,0.5097694993019104,0.7528806328773499,-0.32158783078193665,0.5040706396102905,0.8503283858299255,-0.47428321838378906,0.4947306215763092,0.8231721520423889,-0.34645169973373413,0.4339333176612854,0.7317031025886536,-0.557793915271759,0.4220486581325531,0.7058436274528503,-0.4198731780052185
0.8247312307357788,0.22668634355068207,0.07615794241428375,0.8354917764663696,0.20468516647815704,0.08015821874141693,0.8412072062492371,0.20341897010803223,0.08008923381567001,0.8473717570304871,0.20210330188274384,0.07994376868009567,0.823867678642273,0.206421360373497,0.10455723851919174,0.8213216066360474,0.2068922072649002,0.10458558797836304,0.8190323710441589,0.20740914344787598,0.10453540086746216,0.8671575784683228,0.21052883565425873,0.1184009462594986,0.8296257853507996,0.21943314373493195,0.23463913798332214,0.8358340263366699,0.25041383504867554,0.0899597555398941,0.8236533999443054,0.2514664828777313,0.1239987388253212,0.9153876304626465,0.33080798387527466,0.07942523062229156,0.8094997406005859,0.3309469521045685,0.279501736164093,0.9469748735427856,0.48593881726264954,-0.01964467018842697,0.7743333578109741,0.4549962878227234,0.23563392460346222,0.8519051671028137,0.4534952938556671,-0.09628529101610184,0.7388006448745728,0.4435003399848938,0.018136726692318916,0.8229767680168152,0.4649970233440399,-0.12647083401679993,0.7263246178627014,0.4467848837375641,-0.02959289774298668,0.8172916173934937,0.44511526823043823,-0.12058387696743011,0.7297405004501343,0.43597009778022766,-0.04534358158707619,0.8235179781913757,0.44242608547210693,-0.09110972285270691,0.7364466190338135,0.4372245669364929,0.002910918788984418,0.8229299783706665,0.5594505667686462,-0.07777471840381622,0.7649498581886292,0.530698835849762,0.07799887657165527,0.6967248320579529,0.6248486042022705,-0.2874077558517456,0.6544225811958313,0.5833950638771057,-0.09788024425506592,0.5208286643028259,0.7873348593711853,-0.5045992136001587,0.5073660016059875,0.7522985935211182,-0.3467283248901367,0.5034945011138916,0.8500767946243286,-0.5242097973823547,0.49221986532211304,0.821149468421936,-0.3740583062171936,0.4292207658290863,0.7309293746948242,-0.6135851740837097,0.4173762798309326,0.7044331431388855,-0.44482165575027466
0.8148669004440308,0.2182801067829132,0.058251798152923584,0.8236247897148132,0.19626592099666595,0.06066477298736572,0.828931987285614,0.19476206600666046,0.06058664992451668,0.8352319002151489,0.19321708381175995,0.060464583337306976,0.8121333122253418,0.19759947061538696,0.08247777074575424,0.8097066879272461,0.19789515435695648,0.08249492943286896,0.8078746795654297,0.19847486913204193,0.08246153593063354,0.8541161417961121,0.19676730036735535,0.09507987648248672,0.8179418444633484,0.20860303938388824,0.19855733215808868,0.8279134035110474,0.2413664311170578,0.07071797549724579,0.814940333366394,0.24629154801368713,0.10143893957138062,0.9067570567131042,0.31647494435310364,0.056730639189481735,0.8000733256340027,0.3285704255104065,0.2418500930070877,0.9083997011184692,0.48359689116477966,-0.027641525492072105,0.7551985383033752,0.4525918662548065,0.21098533272743225,0.8167814016342163,0.4729895293712616,-0.12150226533412933,0.7096432447433472,0.4520503580570221,-0.00224969070404768,0.787147045135498,0.4925389587879181,-0.15510277450084686,0.688347339630127,0.4626658856868744,-0.0501268208026886,0.7806515693664551,0.47541314363479614,-0.157314270734787,0.6897342205047607,0.4457164406776428,-0.07285257428884506,0.7855299711227417,0.4683776795864105,-0.12104441225528717,0.6975163221359253,0.4460752606391907,-0.020148778334259987,0.8200908899307251,0.5700315237045288,-0.07966285198926926,0.7604619264602661,0.5428581833839417,0.0799483209848404,0.6974257230758667,0.6209942102432251,-0.2986685633659363,0.6504755020141602,0.5761593580245972,-0.10895054042339325,0.5209911465644836,0.783653199672699,-0.5084985494613647,0.501653790473938,0.7523373961448669,-0.35896623134613037,0.5018744468688965,0.849040150642395,-0.5271904468536377,0.48914629220962524,0.8228590488433838,-0.38654229044914246,0.43089327216148376,0.7291097044944763,-0.6166729927062988,0.4176814556121826,0.7056272029876709,-0.4608248770236969
0.8006467819213867,0.2080165445804596,0.0019662557169795036,0.8101459741592407,0.188105046749115,0.004286365583539009,0.8159555196762085,0.18621252477169037,0.004230736754834652,0.821259617805481,0.1836765706539154,0.004166740924119949,0.8001554608345032,0.18897747993469238,0.02378305047750473,0.7975884675979614,0.18851608037948608,0.023770945146679878,0.7949349880218506,0.1882200837135315,0.023721544072031975,0.841286301612854,0.18868522346019745,0.04141881316900253,0.8040254712104797,0.19717943668365479,0.1332208514213562,0.8127408027648926,0.23055745661258698,0.01636691577732563,0.8011627197265625,0.23130522668361664,0.04348931089043617,0.8885443806648254,0.30206412076950073,-0.012041949667036533,0.7869244813919067,0.31737861037254333,0.19643037021160126,0.8767930269241333,0.47394344210624695,-0.09038080275058746,0.7287887334823608,0.4357202351093292,0.18071383237838745,0.7756727337837219,0.4853740334510803,-0.16995498538017273,0.6682963371276855,0.4595598578453064,-0.003085091942921281,0.7488069534301758,0.5097208023071289,-0.2034532129764557,0.6514999866485596,0.47602927684783936,-0.04754012078046799,0.742228627204895,0.4928230345249176,-0.21105149388313293,0.6518479585647583,0.46536242961883545,-0.07342442870140076,0.7486749887466431,0.4850057065486908,-0.17163757979869843,0.6595397591590881,0.46325069665908813,-0.02211569808423519,0.8189640045166016,0.5755313634872437,-0.08060045540332794,0.7597488164901733,0.5483824014663696,0.0809239000082016,0.6899668574333191,0.624331533908844,-0.26717469096183777,0.6422842741012573,0.5746610164642334,-0.09582245349884033,0.5242115259170532,0.7851403951644897,-0.4288737177848816,0.497783362865448,0.7575106024742126,-0.30536431074142456,0.5080925226211548,0.8511571884155273,-0.4436168670654297,0.4794633984565735,0.8200497031211853,-0.3286474347114563,0.4343409538269043,0.7639108300209045,-0.5360646843910217,0.41300255060195923,0.7119622826576233,-0.40198126435279846
0.7832716703414917,0.19406268000602722,-0.05493204668164253,0.7935374975204468,0.1707143932580948,-0.04871450364589691,0.7987784743309021,0.1692194938659668,-0.04875727370381355,0.8040899038314819,0.16761872172355652,-0.048786766827106476,0.7833529114723206,0.17384891211986542,-0.032878387719392776,0.7810750007629395,0.17453600466251373,-0.03291068598628044,0.7789902687072754,0.17511704564094543,-0.03297042101621628,0.8243016004562378,0.17331387102603912,-0.0018397246021777391,0.7892932891845703,0.1826900690793991,0.07012113928794861,0.7943636775016785,0.2167707085609436,-0.03767671436071396,0.7838992476463318,0.21670034527778625,-0.016384122893214226,0.8695866465568542,0.291331022977829,-0.0765240415930748,0.7704460024833679,0.3054869472980499,0.15330864489078522,0.8398544192314148,0.4610973298549652,-0.1618039906024933,0.7067110538482666,0.42005592584609985,0.10743801295757294,0.7359505295753479,0.4912223815917969,-0.22604389488697052,0.6413193941116333,0.4613391160964966,-0.0955551415681839,0.7025847434997559,0.5231472253799438,-0.2587876617908478,0.625808596611023,0.4823901355266571,-0.13939018547534943,0.6977660655975342,0.5055779814720154,-0.26604798436164856,0.6270690560340881,0.47275814414024353,-0.16131898760795593,0.7040395140647888,0.4958321154117584,-0.22732655704021454,0.6333719491958618,0.4686262905597687,-0.11351528018712997,0.8168646693229675,0.578254759311676,-0.08549223840236664,0.7596160173416138,0.5508788228034973,0.0858454629778862,0.6863223314285278,0.5957090854644775,-0.2554297149181366,0.6388866901397705,0.5656646490097046,-0.10504642874002457,0.5215795040130615,0.7818869948387146,-0.40064898133277893,0.49957504868507385,0.7545692324638367,-0.2983381152153015,0.5097934603691101,0.8458832502365112,-0.4139729142189026,0.4810827374458313,0.8145397901535034,-0.32017967104911804,0.43447789549827576,0.7475016117095947,-0.5093709230422974,0.41640472412109375,0.7121620178222656,-0.39852654933929443
0.762609601020813,0.18825626373291016,-0.06740755587816238,0.7721749544143677,0.16533686220645905,-0.06311874091625214,0.776853084564209,0.16453857719898224,-0.06315605342388153,0.7829696536064148,0.1631992906332016,-0.06316676735877991,0.7619160413742065,0.1664637178182602,-0.045911192893981934,0.7601433992385864,0.16671356558799744,-0.04596751183271408,0.7582927942276001,0.16679443418979645,-0.04604749381542206,0.8035251498222351,0.16809934377670288,-0.01996011659502983,0.769422173500061,0.1741529405117035,0.05749021843075752,0.77359938621521,0.21174590289592743,-0.05123984068632126,0.76365065574646,0.21467415988445282,-0.02845148742198944,0.8515542149543762,0.2811986804008484,-0.10366394370794296,0.7505353093147278,0.3022812306880951,0.15272429585456848,0.8129720687866211,0.44308239221572876,-0.20050258934497833,0.6802682280540466,0.41930338740348816,0.11893749237060547,0.7110100984573364,0.49912554025650024,-0.2592233419418335,0.6154478788375854,0.4611246883869171,-0.06763830780982971,0.6817629933357239,0.5337917804718018,-0.28873518109321594,0.5982893705368042,0.48404261469841003,-0.10701296478509903,0.6760428547859192,0.5160056352615356,-0.2930481731891632,0.5990756750106812,0.478002667427063,-0.12842607498168945,0.6817626953125,0.5066534280776978,-0.2590949535369873,0.6077390313148499,0.4727064371109009,-0.08478062599897385,0.8138809204101562,0.590910017490387,-0.08968851715326309,0.7588615417480469,0.5705108046531677,0.08999378979206085,0.6722925305366516,0.5759572982788086,-0.23959124088287354,0.628469705581665,0.5607729554176331,-0.09230353683233261,0.5294579863548279,0.7794462442398071,-0.37062981724739075,0.5025321841239929,0.7542168498039246,-0.2674356698989868,0.5190637111663818,0.8489656448364258,-0.38251811265945435,0.4886249899864197,0.8073451519012451,-0.2867201566696167,0.44892969727516174,0.7539744973182678,-0.4741199016571045,0.4226547181606293,0.7097060084342957,-0.36162930727005005
0.7401685118675232,0.18532013893127441,-0.07522917538881302,0.749143660068512,0.16139674186706543,-0.07033661007881165,0.7548803687095642,0.16047035157680511,-0.07035251706838608,0.7609496116638184,0.15931901335716248,-0.07035131752490997,0.7389252781867981,0.16236267983913422,-0.05485595017671585,0.7365631461143494,0.16259856522083282,-0.05491245910525322,0.7345490455627441,0.16285206377506256,-0.054977577179670334,0.7809836268424988,0.1642497330904007,-0.020228344947099686,0.7464191317558289,0.16815528273582458,0.0493236780166626,0.7518245577812195,0.209178164601326,-0.056046146899461746,0.7416290044784546,0.2125793695449829,-0.035701118409633636,0.8276475667953491,0.27611419558525085,-0.1099347248673439,0.7296024560928345,0.29440635442733765,0.14727652072906494,0.781070351600647,0.4264652132987976,-0.22273120284080505,0.6563364267349243,0.40979424118995667,0.11192022264003754,0.6779388785362244,0.5038076043128967,-0.2783815562725067,0.5899282693862915,0.46045878529548645,-0.07171274721622467,0.6473489999771118,0.5364956855773926,-0.3080374598503113,0.5693686008453369,0.48281821608543396,-0.11319296061992645,0.6397983431816101,0.5222311615943909,-0.30991101264953613,0.570642352104187,0.4780324399471283,-0.13454259932041168,0.642079770565033,0.5137174725532532,-0.2775720953941345,0.5795644521713257,0.4734298586845398,-0.08928607404232025,0.8030937910079956,0.5911129713058472,-0.0911974087357521,0.7522388696670532,0.5707522630691528,0.09146983921527863,0.6640399694442749,0.5490150451660156,-0.22581395506858826,0.6206836700439453,0.5313864946365356,-0.0929860845208168,0.5348786115646362,0.7694230675697327,-0.34387698769569397,0.4969028830528259,0.7476041316986084,-0.2667235732078552,0.5261232256889343,0.8426276445388794,-0.3539103865623474,0.4879675805568695,0.8042933940887451,-0.28530174493789673,0.4606972336769104,0.7694694399833679,-0.4344760477542877,0.4215772747993469,0.7182892560958862,-0.35860469937324524
0.7158764004707336,0.18583020567893982,-0.05941145494580269,0.7247172594070435,0.1608899086713791,-0.05518515035510063,0.7307120561599731,0.15951040387153625,-0.055212922394275665,0.7366941571235657,0.15807054936885834,-0.05523480102419853,0.7141193747520447,0.16277429461479187,-0.03813007101416588,0.7117727994918823,0.1631724089384079,-0.03818188235163689,0.7096295356750488,0.16361665725708008,-0.03825322911143303,0.7570112943649292,0.16206714510917664,-0.01844617910683155,0.7222075462341309,0.1677924543619156,0.06868105381727219,0.7292636632919312,0.20927509665489197,-0.042686544358730316,0.7182698249816895,0.21313565969467163,-0.019084222614765167,0.8064002990722656,0.26801010966300964,-0.09365082532167435,0.7056359052658081,0.2930589020252228,0.1561090052127838,0.7604292035102844,0.41464778780937195,-0.22572128474712372,0.6294542551040649,0.4075056314468384,0.11139366775751114,0.6568827629089355,0.5064074397087097,-0.3003978133201599,0.5591915845870972,0.4614591896533966,-0.09043961018323898,0.6254833340644836,0.5404658913612366,-0.3314216732978821,0.5414896607398987,0.4843490719795227,-0.12919126451015472,0.6177409887313843,0.5246533751487732,-0.3331710696220398,0.5424841642379761,0.48178431391716003,-0.1511981040239334,0.6203854084014893,0.5142024159431458,-0.2999001145362854,0.5512911081314087,0.47652727365493774,-0.10792718082666397,0.7913733720779419,0.5914497375488281,-0.09374178946018219,0.7381705641746521,0.5757213830947876,0.09402753412723541,0.6526161432266235,0.5473146438598633,-0.23919256031513214,0.6001955270767212,0.5220307111740112,-0.12571267783641815,0.5278176069259644,0.7640393376350403,-0.3803465664386749,0.4937323033809662,0.7583795189857483,-0.3219297230243683,0.5236190557479858,0.8377769589424133,-0.3917493224143982,0.4862731993198395,0.821581244468689,-0.3416517376899719,0.448870986700058,0.7420977354049683,-0.47257858514785767,0.42043575644493103,0.7214193344116211,-0.42560696601867676
0.6897717714309692,0.1872013956308365,-0.012321938760578632,0.6974023580551147,0.1614999771118164,-0.010767584666609764,0.7025352716445923,0.1600392907857895,-0.010730070993304253,0.708446741104126,0.1585771143436432,-0.010691751725971699,0.6880583167076111,0.16386835277080536,0.008516944944858551,0.686166524887085,0.1642250120639801,0.008405525237321854,0.6846112608909607,0.16453231871128082,0.00829721987247467,0.730135440826416,0.16105259954929352,0.028509140014648438,0.6987096667289734,0.1681145578622818,0.11715947091579437,0.7038211822509766,0.20957991480827332,0.0034001260064542294,0.6947246789932251,0.21385663747787476,0.028879201039671898,0.7835381031036377,0.2656956911087036,-0.06923767179250717,0.6866204738616943,0.2917769253253937,0.20278652012348175,0.7229725122451782,0.41163626313209534,-0.19566026329994202,0.6056547164916992,0.40639716386795044,0.15575745701789856,0.6225981116294861,0.5054856538772583,-0.25883668661117554,0.5377722978591919,0.46338018774986267,-0.031066332012414932,0.5974999070167542,0.5386368036270142,-0.2879822552204132,0.5178393125534058,0.48874345421791077,-0.063764289021492,0.588151216506958,0.523116409778595,-0.29013189673423767,0.520744800567627,0.48721346259117126,-0.08480366319417953,0.5940936207771301,0.512748658657074,-0.2589243948459625,0.5285830497741699,0.48121780157089233,-0.047210656106472015,0.7762420773506165,0.5919963121414185,-0.09591355919837952,0.7214547395706177,0.5769309997558594,0.09602493792772293,0.6378098726272583,0.5102238059043884,-0.26712942123413086,0.5879939794540405,0.5016564130783081,-0.12036240100860596,0.5269324779510498,0.7584583759307861,-0.41464656591415405,0.4943923056125641,0.7644553184509277,-0.3237757682800293,0.5236563682556152,0.8368051052093506,-0.42553943395614624,0.4909992218017578,0.833555281162262,-0.3450683355331421,0.449057400226593,0.7411860227584839,-0.5032920241355896,0.42322033643722534,0.734525740146637,-0.43017810583114624
0.662238359451294,0.18725956976413727,0.012247765436768532,0.6699719429016113,0.16143834590911865,0.013394519686698914,0.6740645170211792,0.15931043028831482,0.013438942842185497,0.6794341802597046,0.1565987765789032,0.013515898957848549,0.6614001989364624,0.16419073939323425,0.03440546989440918,0.6600371599197388,0.16449952125549316,0.03429775685071945,0.6589393615722656,0.1647518426179886,0.03417382016777992,0.7007263898849487,0.15706057846546173,0.045495424419641495,0.6733337640762329,0.16596771776676178,0.1403079777956009,0.6773089170455933,0.20869657397270203,0.02426612749695778,0.6679500341415405,0.21330119669437408,0.05195585638284683,0.7568598389625549,0.26502493023872375,-0.05110694095492363,0.6614328622817993,0.2916475534439087,0.22298331558704376,0.6841474771499634,0.41094592213630676,-0.1645483672618866,0.5769018530845642,0.4076012074947357,0.19742384552955627,0.5888195633888245,0.4984583854675293,-0.21647751331329346,0.5039623975753784,0.47052252292633057,0.049449265003204346,0.5618655681610107,0.5389368534088135,-0.24325311183929443,0.4853869378566742,0.49924808740615845,0.0240030400454998,0.5535339117050171,0.5301334857940674,-0.2456502914428711,0.4857238233089447,0.5005393028259277,0.0005892551853321493,0.5598360896110535,0.514250636100769,-0.2162971943616867,0.4939258098602295,0.4930289387702942,0.03316333144903183,0.7521966695785522,0.5937686562538147,-0.0971255749464035,0.6982559561729431,0.5825061798095703,0.09712059795856476,0.6172947287559509,0.49142155051231384,-0.3047621250152588,0.5780202150344849,0.4815412163734436,-0.1267940253019333,0.5198025703430176,0.7582823634147644,-0.46585947275161743,0.4938480854034424,0.76084965467453,-0.34895408153533936,0.5211962461471558,0.8318774700164795,-0.47876277565956116,0.495000422000885,0.8314014673233032,-0.3718535006046295,0.4343883991241455,0.7351324558258057,-0.5702170729637146,0.4225444793701172,0.7350324988365173,-0.45802268385887146
0.635817289352417,0.18873263895511627,-0.039683662354946136,0.6424543857574463,0.1622656136751175,-0.038263894617557526,0.6466550230979919,0.1596003919839859,-0.03820855915546417,0.6523446440696716,0.1563325822353363,-0.03810908645391464,0.633872926235199,0.16590575873851776,-0.01833568885922432,0.6322422027587891,0.16601333022117615,-0.018394190818071365,0.6308664679527283,0.16609777510166168,-0.018520938232541084,0.6744815111160278,0.15668827295303345,0.001978365471586585,0.6436835527420044,0.1661507934331894,0.09386752545833588,0.650518000125885,0.20831646025180817,-0.02362997829914093,0.6404387354850769,0.21274326741695404,0.003176117315888405,0.7276715040206909,0.2649568021297455,-0.08750875294208527,0.6346625089645386,0.29459017515182495,0.19849111139774323,0.6495636701583862,0.412179172039032,-0.19142819941043854,0.5506229400634766,0.4105910062789917,0.2156132459640503,0.5498403906822205,0.49770212173461914,-0.24984347820281982,0.4709734320640564,0.479425311088562,0.1274179071187973,0.5250941514968872,0.5397341847419739,-0.2773881256580353,0.4507957994937897,0.5128846764564514,0.11440004408359528,0.5175632834434509,0.5345898270606995,-0.27787309885025024,0.4507284164428711,0.5138789415359497,0.08727192878723145,0.5277124643325806,0.5177056789398193,-0.24978414177894592,0.45797187089920044,0.5058185458183289,0.11155414581298828,0.7263394594192505,0.6008132696151733,-0.09949873387813568,0.6747206449508667,0.5910176038742065,0.09918555617332458,0.594535768032074,0.47534599900245667,-0.2905990481376648,0.5497618913650513,0.47363564372062683,-0.02055363543331623,0.5140336155891418,0.7657361626625061,-0.4004935622215271,0.4905165731906891,0.7512964606285095,-0.1962980479001999,0.5178621411323547,0.8414982557296753,-0.40938887000083923,0.49462008476257324,0.824665904045105,-0.214804008603096,0.42417454719543457,0.777512788772583,-0.4806801378726959,0.4206273555755615,0.7406134009361267,-0.2744424641132355
0.6037912368774414,0.19027188420295715,-0.04138736054301262,0.6103293895721436,0.163473978638649,-0.03890330716967583,0.6142171025276184,0.16057157516479492,-0.03885534033179283,0.6193642616271973,0.15701426565647125,-0.038765519857406616,0.6023207902908325,0.16742300987243652,-0.019850745797157288,0.6010683178901672,0.16734594106674194,-0.01992594636976719,0.6000375747680664,0.16730669140815735,-0.02003532275557518,0.6430420875549316,0.15674585103988647,0.0019623131956905127,0.6145989894866943,0.1666555255651474,0.10735547542572021,0.6185545921325684,0.208406001329422,-0.025547850877046585,0.6087557673454285,0.21274898946285248,0.001499483361840248,0.6969736218452454,0.2644771337509155,-0.09134988486766815,0.6048940420150757,0.2986360192298889,0.21415141224861145,0.6100543737411499,0.4142864942550659,-0.19002589583396912,0.5190593004226685,0.4122923016548157,0.2550009489059448,0.5066134929656982,0.5114081501960754,-0.21013566851615906,0.4326515197753906,0.4948108196258545,0.17312216758728027,0.4802705645561218,0.5565997958183289,-0.23538634181022644,0.41283726692199707,0.5254353284835815,0.16276969015598297,0.47293955087661743,0.5493286848068237,-0.23477435111999512,0.4126206040382385,0.527151882648468,0.13109149038791656,0.48112359642982483,0.5327774882316589,-0.20863458514213562,0.4212252199649811,0.5202144384384155,0.154892235994339,0.7031360864639282,0.6046950817108154,-0.10278062522411346,0.6500684022903442,0.5994596481323242,0.102352574467659,0.5799945592880249,0.46856510639190674,-0.32151511311531067,0.523521900177002,0.469788134098053,-0.03454058617353439,0.51032555103302,0.7679451704025269,-0.4417189657688141,0.4850449562072754,0.7442919611930847,-0.22266742587089539,0.5152273774147034,0.8457551002502441,-0.45170530676841736,0.49203920364379883,0.8108759522438049,-0.2424367219209671,0.42321640253067017,0.7903765439987183,-0.5373185276985168,0.41472572088241577,0.7502809166908264,-0.3101682960987091
0.572323739528656,0.19102175533771515,-0.03629070892930031,0.5794788599014282,0.16355712711811066,-0.03327908366918564,0.5841740369796753,0.1605973094701767,-0.03323749825358391,0.590374767780304,0.15683084726333618,-0.03310752287507057,0.5702707171440125,0.1676972359418869,-0.004165400750935078,0.568639874458313,0.16768142580986023,-0.00420954916626215,0.5673666000366211,0.16769637167453766,-0.0043731192126870155,0.6149464249610901,0.15624509751796722,0.011773308739066124,0.5825545191764832,0.16704688966274261,0.13628655672073364,0.5880430936813354,0.20924147963523865,-0.019858378916978836,0.5772239565849304,0.21314139664173126,0.018732022494077682,0.6646353006362915,0.26463159918785095,-0.0956287533044815,0.5793675780296326,0.2988961637020111,0.24724039435386658,0.5709130167961121,0.41354498267173767,-0.1929263174533844,0.49113836884498596,0.41257861256599426,0.2625727951526642,0.4530693590641022,0.5178070664405823,-0.18916650116443634,0.4003475606441498,0.49551674723625183,0.15821219980716705,0.4178707003593445,0.5602902770042419,-0.22505727410316467,0.3742198348045349,0.5295371413230896,0.14211051166057587,0.4102014899253845,0.5511484146118164,-0.22109027206897736,0.37593114376068115,0.5330227613449097,0.11351615190505981,0.41863003373146057,0.5374076962471008,-0.18567180633544922,0.38719692826271057,0.5272083878517151,0.1403501182794571,0.6807766556739807,0.6070419549942017,-0.10682384669780731,0.6255916953086853,0.6062212586402893,0.10629798471927643,0.5663934946060181,0.4476162791252136,-0.3505220115184784,0.5018788576126099,0.4405553638935089,-0.03740823268890381,0.5074692368507385,0.7607823610305786,-0.49212104082107544,0.49092769622802734,0.7458279728889465,-0.2440028190612793,0.5150915384292603,0.8419018387794495,-0.5046743154525757,0.503176212310791,0.8070924282073975,-0.2709352970123291,0.4183793067932129,0.7813012003898621,-0.6004705429077148,0.41488274931907654,0.7509832382202148,-0.35691893100738525
0.5421414375305176,0.19184419512748718,-0.06762563437223434,0.5496839284896851,0.16366086900234222,-0.07616002857685089,0.554532527923584,0.1607009321451187,-0.07613079249858856,0.5605217218399048,0.15707190334796906,-0.07600682228803635,0.5414885878562927,0.16778884828090668,-0.04275992885231972,0.5402730703353882,0.1677866131067276,-0.04283750057220459,0.5393213033676147,0.1677999347448349,-0.04300248250365257,0.5856816172599792,0.15692812204360962,-0.06007050350308418,0.5567730665206909,0.1670609712600708,0.0898786261677742,0.5577771067619324,0.2120410054922104,-0.06038849800825119,0.5476577877998352,0.21485091745853424,-0.016447292640805244,0.633428156375885,0.2681392431259155,-0.15622423589229584,0.5547968149185181,0.2988285720348358,0.2099563181400299,0.5309468507766724,0.41342946887016296,-0.25850963592529297,0.4604388177394867,0.4094952344894409,0.22745934128761292,0.40728822350502014,0.5139498114585876,-0.2501707673072815,0.3691789507865906,0.4975734353065491,0.12141994386911392,0.37068167328834534,0.5544636845588684,-0.2827679216861725,0.3350048363208771,0.5330935716629028,0.10654814541339874,0.36390388011932373,0.5479443669319153,-0.2755309045314789,0.3392734229564667,0.536952018737793,0.06686460226774216,0.3757162392139435,0.5354912281036377,-0.246056467294693,0.3503499925136566,0.5314401984214783,0.09779512137174606,0.6604455709457397,0.6163224577903748,-0.10826929658651352,0.6065795421600342,0.6167557835578918,0.10779827833175659,0.548927903175354,0.43802469968795776,-0.3862106204032898,0.4891466200351715,0.42406684160232544,-0.04579237475991249,0.5044288039207458,0.7464039325714111,-0.5384960174560547,0.49196290969848633,0.7297734022140503,-0.2476469725370407,0.5100445747375488,0.8327528834342957,-0.5548276305198669,0.5021687150001526,0.7744516134262085,-0.27008458971977234,0.41109728813171387,0.7903109192848206,-0.6499108076095581,0.41976603865623474,0.7515278458595276,-0.3530706763267517
0.5155274868011475,0.1959613412618637,-0.1504809856414795,0.5221893191337585,0.16654148697853088,-0.1727769672870636,0.5258551239967346,0.16433556377887726,-0.17281682789325714,0.5306164026260376,0.16126085817813873,-0.17279723286628723,0.515784740447998,0.16925054788589478,-0.13320741057395935,0.5152812600135803,0.16892777383327484,-0.13327473402023315,0.5150012373924255,0.16858671605587006,-0.13337913155555725,0.5562677979469299,0.15886110067367554,-0.19412051141262054,0.5356910824775696,0.16706712543964386,-0.016217103227972984,0.5305609703063965,0.21908146142959595,-0.1539326310157776,0.5230640172958374,0.22139693796634674,-0.10229839384555817,0.6023908257484436,0.27336999773979187,-0.3023068308830261,0.5465914011001587,0.2973306179046631,0.14190350472927094,0.4889574646949768,0.41646403074264526,-0.3885805010795593,0.4429306387901306,0.4025469124317169,0.16981127858161926,0.3604203760623932,0.49704259634017944,-0.3846370577812195,0.3354543447494507,0.4976261556148529,0.07152731716632843,0.3200702369213104,0.5346879959106445,-0.42949962615966797,0.3077083230018616,0.5258785486221313,0.06187750771641731,0.31275027990341187,0.5266804695129395,-0.4096943438053131,0.30633172392845154,0.5316804051399231,0.018373319879174232,0.3243632912635803,0.519568681716919,-0.3766223192214966,0.31754499673843384,0.5228832364082336,0.04609532654285431,0.6432964205741882,0.6224942803382874,-0.13072368502616882,0.6022114753723145,0.6221809983253479,0.1302276998758316,0.5040848255157471,0.4272894859313965,-0.17812462151050568,0.46774420142173767,0.42563655972480774,0.20610186457633972,0.4998472332954407,0.7348284125328064,-0.03417714685201645,0.497633159160614,0.6977390050888062,0.195705384016037,0.5082688331604004,0.807161808013916,-0.016712378710508347,0.5111587643623352,0.7559934258460999,0.19405494630336761,0.40718451142311096,0.7635853290557861,-0.038766734302043915,0.4335401654243469,0.7634289860725403,0.16788621246814728
0.49861010909080505,0.20058292150497437,-0.17862333357334137,0.5041302442550659,0.16908130049705505,-0.20739790797233582,0.5073640942573547,0.1667824238538742,-0.20747053623199463,0.5113877058029175,0.1636146903038025,-0.2074674367904663,0.499687522649765,0.1708555519580841,-0.16271916031837463,0.499835729598999,0.17004752159118652,-0.1627914160490036,0.5001958608627319,0.16912803053855896,-0.16286569833755493,0.5362930297851562,0.15984375774860382,-0.2528400719165802,0.5210117697715759,0.16589070856571198,-0.053560227155685425,0.5129759907722473,0.22322510182857513,-0.1908026784658432,0.507078230381012,0.22524873912334442,-0.132621169090271,0.5780798196792603,0.27351346611976624,-0.3626132309436798,0.5391870737075806,0.2951771020889282,0.11762205511331558,0.45631957054138184,0.4142740070819855,-0.4480867385864258,0.4262167811393738,0.39834415912628174,0.14690808951854706,0.32637733221054077,0.48775333166122437,-0.4496762752532959,0.3136720061302185,0.48285382986068726,0.05545792728662491,0.28799307346343994,0.5263674855232239,-0.504615306854248,0.2808392643928528,0.5142641067504883,0.05308658629655838,0.2812599837779999,0.5228062272071838,-0.47927626967430115,0.2777709364891052,0.5198324918746948,0.003914348315447569,0.2926197052001953,0.5116172432899475,-0.4405890107154846,0.28624874353408813,0.5092191696166992,0.028363388031721115,0.6356133222579956,0.6229992508888245,-0.14141616225242615,0.6039234399795532,0.6242921352386475,0.14108118414878845,0.502342164516449,0.4267961382865906,-0.19016899168491364,0.4661804735660553,0.4361443519592285,0.24511757493019104,0.48185473680496216,0.742251992225647,-0.03095875307917595,0.4917951226234436,0.7084227800369263,0.2988019585609436,0.49828895926475525,0.8191661238670349,-0.01437358371913433,0.5168368220329285,0.7602980136871338,0.30322280526161194,0.40296393632888794,0.7423579692840576,-0.04118567705154419,0.4378279745578766,0.7574454545974731,0.2862500250339508
0.49345868825912476,0.19991236925125122,-0.19711102545261383,0.4991167485713959,0.16823963820934296,-0.2242707908153534,0.5029119253158569,0.16594240069389343,-0.22432759404182434,0.5066243410110474,0.16341152787208557,-0.22432568669319153,0.494297593832016,0.16942475736141205,-0.18116627633571625,0.49424439668655396,0.16838619112968445,-0.181235671043396,0.4943982660770416,0.16723108291625977,-0.18130098283290863,0.5325932502746582,0.16061533987522125,-0.2582349181175232,0.516670823097229,0.16424602270126343,-0.06556618958711624,0.5063270926475525,0.222664013504982,-0.20441262423992157,0.5003277063369751,0.2239999622106552,-0.14826081693172455,0.5673063397407532,0.2744690179824829,-0.3616585433483124,0.537665605545044,0.2900339365005493,0.11587367206811905,0.4400375485420227,0.4037543833255768,-0.43781447410583496,0.42162132263183594,0.3973744213581085,0.14824210107326508,0.3042007088661194,0.47932666540145874,-0.43690910935401917,0.2987300753593445,0.4804912209510803,0.06139041855931282,0.2702457010746002,0.5219558477401733,-0.49109944701194763,0.2698241174221039,0.5126133561134338,0.0612979531288147,0.2630135416984558,0.5179643630981445,-0.4653629660606384,0.2627688944339752,0.5185325741767883,0.011566223576664925,0.27097970247268677,0.5052692294120789,-0.42743268609046936,0.2733525335788727,0.5059081315994263,0.034427739679813385,0.6301859617233276,0.6227351427078247,-0.1427868902683258,0.6028107404708862,0.6240887641906738,0.1423846185207367,0.49286627769470215,0.4191834032535553,-0.1839836984872818,0.4662501811981201,0.4196245074272156,0.26173239946365356,0.4787369668483734,0.739113450050354,-0.03500692918896675,0.4942401945590973,0.697206974029541,0.3151259124279022,0.49867552518844604,0.8055803179740906,-0.018460990861058235,0.5145216584205627,0.7572346329689026,0.31946510076522827,0.40443310141563416,0.744128406047821,-0.04036441817879677,0.4318684935569763,0.7606247663497925,0.30398914217948914
0.4997526705265045,0.19481498003005981,-0.2041591852903366,0.5061236619949341,0.1640482246875763,-0.2281397581100464,0.5096081495285034,0.16246245801448822,-0.2281884253025055,0.5135876536369324,0.16060246527194977,-0.22817032039165497,0.5008403658866882,0.16416312754154205,-0.1876862496137619,0.5006805658340454,0.1629672646522522,-0.1877639889717102,0.5006217360496521,0.1618684083223343,-0.1878095120191574,0.5397852063179016,0.16024741530418396,-0.2499047964811325,0.5227541923522949,0.16170771420001984,-0.06854264438152313,0.5123264789581299,0.21947254240512848,-0.20700335502624512,0.5056678056716919,0.21964628994464874,-0.15425832569599152,0.5732752084732056,0.27399346232414246,-0.3531140983104706,0.5419298410415649,0.2887336015701294,0.11621394008398056,0.44917768239974976,0.3947378396987915,-0.43144792318344116,0.4279429316520691,0.39667120575904846,0.15100133419036865,0.31316015124320984,0.46769532561302185,-0.4277588725090027,0.30591386556625366,0.47521382570266724,0.061616260558366776,0.27672675251960754,0.506712794303894,-0.4802526533603668,0.27383285760879517,0.5049136877059937,0.06090525910258293,0.26889851689338684,0.5018160939216614,-0.45367464423179626,0.2691941261291504,0.5097048282623291,0.01256569940596819,0.27791622281074524,0.48931241035461426,-0.41765540838241577,0.2784886658191681,0.4988689124584198,0.0353032685816288,0.6330824494361877,0.6234533786773682,-0.14067479968070984,0.6046828627586365,0.6250052452087402,0.14026252925395966,0.49761709570884705,0.41974779963493347,-0.17313304543495178,0.47333455085754395,0.42203834652900696,0.24303844571113586,0.49426865577697754,0.7406623959541321,-0.027046596631407738,0.49751248955726624,0.6991503834724426,0.2973307967185974,0.5068436861038208,0.80779629945755,-0.011214690282940865,0.5168007612228394,0.7533823847770691,0.30136269330978394,0.4105737805366516,0.7418110966682434,-0.032469507306814194,0.43378204107284546,0.7463963031768799,0.286197304725647
0.5267285704612732,0.1895105540752411,-0.07940588891506195,0.5352293252944946,0.1584368795156479,-0.0991339460015297,0.5401536226272583,0.15650612115859985,-0.09916707128286362,0.5457448959350586,0.15433698892593384,-0.0990806370973587,0.5277080535888672,0.1592729389667511,-0.06150691583752632,0.5267583131790161,0.15828001499176025,-0.061573754996061325,0.5257984399795532,0.1571681946516037,-0.06166787073016167,0.5693345665931702,0.15741604566574097,-0.11974769830703735,0.5491961240768433,0.15781204402446747,0.04891163110733032,0.5383948683738708,0.2168743759393692,-0.08360841870307922,0.5305154323577881,0.2166847437620163,-0.034584127366542816,0.6045942306518555,0.2697889804840088,-0.22690415382385254,0.5535178780555725,0.2855446934700012,0.19534778594970703,0.4928339421749115,0.37341800332069397,-0.31442445516586304,0.44224995374679565,0.3851246237754822,0.24689170718193054,0.35932913422584534,0.4443436563014984,-0.3160596787929535,0.3332466781139374,0.45517903566360474,0.1584295630455017,0.3202957212924957,0.4823097586631775,-0.3553719222545624,0.3024449348449707,0.4812968373298645,0.15622392296791077,0.3146955072879791,0.47848019003868103,-0.3367188572883606,0.3010275959968567,0.48428353667259216,0.11341343075037003,0.32539039850234985,0.46659883856773376,-0.3077510595321655,0.31105470657348633,0.47786444425582886,0.13454614579677582,0.6520770192146301,0.6191235780715942,-0.1319822371006012,0.6143046021461487,0.6218701601028442,0.1314186155796051,0.5266291499137878,0.4249570965766907,-0.2653534412384033,0.4834252893924713,0.4494776129722595,0.2025936394929886,0.48483937978744507,0.7578591108322144,-0.2668735682964325,0.49754461646080017,0.7183235883712769,0.1327492892742157,0.5037314295768738,0.8354642391204834,-0.26484376192092896,0.51118004322052,0.7677555680274963,0.12430789321660995,0.3960586190223694,0.7566372156143188,-0.33366161584854126,0.42727500200271606,0.7471789121627808,0.0811142846941948
0.5718324184417725,0.17892225086688995,-0.06913663446903229,0.5804423093795776,0.1489471197128296,-0.07698861509561539,0.5856717228889465,0.14695051312446594,-0.07696770131587982,0.5919826030731201,0.14486278593540192,-0.07685168087482452,0.5728133916854858,0.1512308120727539,-0.04551490396261215,0.5719842910766602,0.15079259872436523,-0.04558181017637253,0.5713069438934326,0.1502915471792221,-0.04570441693067551,0.6166892051696777,0.15095700323581696,-0.05956427380442619,0.5891192555427551,0.15323582291603088,0.0832100510597229,0.5834091901779175,0.20594294369220734,-0.061316587030887604,0.5748260617256165,0.20692594349384308,-0.019489504396915436,0.6581407785415649,0.2612873613834381,-0.16279028356075287,0.5787017941474915,0.28219419717788696,0.20971401035785675,0.5536136031150818,0.3761161267757416,-0.28507936000823975,0.4857042729854584,0.3767710030078888,0.26244276762008667,0.43121537566185,0.44096818566322327,-0.316889226436615,0.39089053869247437,0.4449825584888458,0.16769495606422424,0.39272457361221313,0.4722239077091217,-0.35100269317626953,0.36205583810806274,0.4639827609062195,0.1591523438692093,0.3869296908378601,0.4657568633556366,-0.3379954695701599,0.36364248394966125,0.4662861227989197,0.11984272301197052,0.39570945501327515,0.45802560448646545,-0.3109440207481384,0.37242162227630615,0.4631374776363373,0.1452505737543106,0.6772920489311218,0.6095618605613708,-0.11970184743404388,0.6278005838394165,0.6129079461097717,0.11918914318084717,0.5511072874069214,0.44132375717163086,-0.3383511006832123,0.5026205778121948,0.4713860750198364,0.04988733306527138,0.49828416109085083,0.7646828293800354,-0.4296954274177551,0.49353647232055664,0.7463120222091675,-0.10240187495946884,0.5080375671386719,0.8478965163230896,-0.4366527497768402,0.5041344165802002,0.802879273891449,-0.11918501555919647,0.4136817455291748,0.7714861631393433,-0.5252527594566345,0.4160839915275574,0.7471867203712463,-0.18522945046424866
0.6202688217163086,0.16126087307929993,-0.09080550074577332,0.631057858467102,0.1337437778711319,-0.09066519141197205,0.6367520093917847,0.13250716030597687,-0.09061885625123978,0.6425391435623169,0.13130046427249908,-0.09051227569580078,0.6218428015708923,0.134626567363739,-0.06568991392850876,0.6205740571022034,0.1341281682252884,-0.06577333807945251,0.6194623708724976,0.1335860937833786,-0.06589554995298386,0.6624407172203064,0.14127609133720398,-0.04427862539887428,0.6344504356384277,0.14139071106910706,0.0678648129105568,0.6321989893913269,0.18757322430610657,-0.07379068434238434,0.6217861771583557,0.18811441957950592,-0.0405181348323822,0.7029393315315247,0.2530083656311035,-0.1439572274684906,0.6143872141838074,0.2715257704257965,0.19283616542816162,0.604648232460022,0.3682970702648163,-0.2760923504829407,0.5268643498420715,0.35866639018058777,0.20619931817054749,0.49721065163612366,0.4300221800804138,-0.3238946199417114,0.44037705659866333,0.4164728820323944,0.04486403614282608,0.4676555097103119,0.45872294902801514,-0.3591765761375427,0.4148250222206116,0.43732020258903503,0.0239187553524971,0.45877760648727417,0.4501956105232239,-0.3517298996448517,0.4175351560115814,0.43542972207069397,-0.005848535802215338,0.46779829263687134,0.43932199478149414,-0.3208855390548706,0.42504072189331055,0.4311122000217438,0.025554422289133072,0.7042800188064575,0.5989977717399597,-0.11546926200389862,0.6505205035209656,0.5917828679084778,0.1150112897157669,0.5737369060516357,0.4554179012775421,-0.3271772563457489,0.5199807286262512,0.46202167868614197,-0.0012861972209066153,0.504113495349884,0.7654297947883606,-0.42538005113601685,0.47776055335998535,0.7482403516769409,-0.17203167080879211,0.5109946131706238,0.8448604941368103,-0.4327763617038727,0.48887553811073303,0.8101229071617126,-0.19089260697364807,0.42398732900619507,0.7638112306594849,-0.507079541683197,0.4081547260284424,0.7506717443466187,-0.25317877531051636
0.6697555780410767,0.15386690199375153,-0.07231832295656204,0.6812519431114197,0.1277276575565338,-0.06984778493642807,0.6870356798171997,0.12687049806118011,-0.06977640092372894,0.6927465200424194,0.12592776119709015,-0.06966562569141388,0.6715301275253296,0.1280442476272583,-0.05003252625465393,0.6700595021247864,0.12737955152988434,-0.0501326322555542,0.6687361598014832,0.12671329081058502,-0.05025026947259903,0.7104730010032654,0.1363329142332077,-0.02214803546667099,0.6822318434715271,0.1364211142063141,0.08109201490879059,0.6816033124923706,0.17856867611408234,-0.05334317684173584,0.670897364616394,0.17894607782363892,-0.026733551174402237,0.7492494583129883,0.24814344942569733,-0.11541541665792465,0.6618233919143677,0.2583671808242798,0.17143382132053375,0.6661407947540283,0.3652487099170685,-0.24577800929546356,0.5790314078330994,0.35420531034469604,0.13246047496795654,0.5606511831283569,0.4146248400211334,-0.31027108430862427,0.49133238196372986,0.40957799553871155,-0.04260654374957085,0.5332775712013245,0.4361158013343811,-0.3401309549808502,0.4723609387874603,0.42663857340812683,-0.06886069476604462,0.5244770646095276,0.4261035919189453,-0.33800238370895386,0.4763954281806946,0.42603421211242676,-0.09102369844913483,0.5342910885810852,0.41989096999168396,-0.3088444471359253,0.4847595691680908,0.4225884675979614,-0.05842263251543045,0.7357931733131409,0.5894312858581543,-0.10681655257940292,0.6872072219848633,0.5717188119888306,0.10647501796483994,0.5964521169662476,0.4712684154510498,-0.3041974902153015,0.5484663248062134,0.4631500244140625,-0.023709166795015335,0.5146263241767883,0.7677236199378967,-0.40453362464904785,0.47513437271118164,0.7436122298240662,-0.1980508267879486,0.5164000988006592,0.8396785259246826,-0.41237878799438477,0.48394209146499634,0.8022581934928894,-0.21718502044677734,0.4280316233634949,0.7719724774360657,-0.47896090149879456,0.4079228341579437,0.7482783198356628,-0.2773318588733673
0.7146791219711304,0.15220105648040771,-0.020664792507886887,0.7256383299827576,0.12631560862064362,-0.01667165942490101,0.7316993474960327,0.1254059076309204,-0.016641370952129364,0.737899899482727,0.1246696189045906,-0.016589976847171783,0.7164202928543091,0.12731708586215973,-0.0008801614167168736,0.7147489190101624,0.12676773965358734,-0.0009903444442898035,0.7133580446243286,0.12626607716083527,-0.0011145180324092507,0.7562928795814514,0.13608162105083466,0.0309338066726923,0.7248254418373108,0.13629014790058136,0.10179390013217926,0.7267379760742188,0.17685778439044952,-0.002914958633482456,0.7150692343711853,0.1774713695049286,0.01769610308110714,0.7932892441749573,0.2442329376935959,-0.07258699834346771,0.7008984684944153,0.2574254870414734,0.18888503313064575,0.7282552719116211,0.3667275607585907,-0.21057143807411194,0.62382572889328,0.355635404586792,0.15634851157665253,0.6278265714645386,0.40764307975769043,-0.28299379348754883,0.5399256348609924,0.3996596932411194,-0.017177673056721687,0.5965179800987244,0.4328911602497101,-0.31102725863456726,0.5189611911773682,0.41378259658813477,-0.04840748757123947,0.5906268954277039,0.41929739713668823,-0.3097328841686249,0.5193185210227966,0.41211315989494324,-0.0709189921617508,0.5965129733085632,0.41255682706832886,-0.2814151346683502,0.5291468501091003,0.4102778434753418,-0.03413625434041023,0.7672176361083984,0.584965705871582,-0.09845304489135742,0.7196117043495178,0.5668991804122925,0.09834405779838562,0.6242493391036987,0.5015738010406494,-0.23052552342414856,0.5846562385559082,0.4744194746017456,-0.05285850167274475,0.5208456516265869,0.769801676273346,-0.3560597598552704,0.48321017622947693,0.7527788877487183,-0.2205212414264679,0.519790530204773,0.8405972123146057,-0.364702433347702,0.4834915101528168,0.8133702874183655,-0.23850750923156738,0.44103169441223145,0.7643786072731018,-0.42756539583206177,0.40965667366981506,0.7342050075531006,-0.30541157722473145
0.7583606839179993,0.1544799953699112,-0.04297439008951187,0.770651638507843,0.13222233951091766,-0.039023421704769135,0.7772141098976135,0.13259615004062653,-0.03900755196809769,0.7840173840522766,0.13337919116020203,-0.03896966949105263,0.760280191898346,0.13246293365955353,-0.022667042911052704,0.7582985758781433,0.13247649371623993,-0.022765398025512695,0.7568322420120239,0.13282351195812225,-0.02287295274436474,0.8011860847473145,0.14690758287906647,0.008602188900113106,0.7683290243148804,0.14293992519378662,0.08631522953510284,0.7702549695968628,0.18141299486160278,-0.025651458650827408,0.7584197521209717,0.1808660924434662,-0.0038833417929708958,0.8346470594406128,0.2565280795097351,-0.09343745559453964,0.7435028553009033,0.2613615095615387,0.1754741072654724,0.786263644695282,0.3802349865436554,-0.22513535618782043,0.6664639115333557,0.36094382405281067,0.1483468860387802,0.6810219883918762,0.4021444022655487,-0.2986120581626892,0.5868631601333618,0.39690980315208435,-0.027331039309501648,0.6470207571983337,0.4264495074748993,-0.32699042558670044,0.567996621131897,0.4092574119567871,-0.060768671333789825,0.6418034434318542,0.4121440052986145,-0.32894665002822876,0.5690275430679321,0.404643177986145,-0.08220647275447845,0.6476112604141235,0.4083687663078308,-0.29811161756515503,0.5782795548439026,0.40252241492271423,-0.04412718862295151,0.7948585748672485,0.5861393213272095,-0.09807611256837845,0.7476373314857483,0.5642266273498535,0.09808440506458282,0.6499496698379517,0.5371917486190796,-0.19580402970314026,0.6158375144004822,0.5127890110015869,-0.039541251957416534,0.5234090685844421,0.7726733684539795,-0.28611141443252563,0.4922761023044586,0.7542356848716736,-0.22170808911323547,0.5208548903465271,0.841431200504303,-0.29156285524368286,0.4810171127319336,0.8119115233421326,-0.2318533957004547,0.4431978166103363,0.7490160465240479,-0.3520103693008423,0.4128371775150299,0.7215555906295776,-0.2947078049182892
0.7981666326522827,0.1835407018661499,0.005629580467939377,0.8085357546806335,0.16372720897197723,0.007514779921621084,0.8139678239822388,0.16358208656311035,0.007475118152797222,0.819827675819397,0.16361947357654572,0.007457174360752106,0.7998479604721069,0.16443516314029694,0.028012558817863464,0.7985811233520508,0.16485263407230377,0.027949225157499313,0.797221839427948,0.16515766084194183,0.027846455574035645,0.8391443490982056,0.1753976196050644,0.038948312401771545,0.8071829080581665,0.17202378809452057,0.13136544823646545,0.8070173263549805,0.21105393767356873,0.016734961420297623,0.7959623336791992,0.21092215180397034,0.04392503947019577,0.8737503886222839,0.28037506341934204,-0.04938722029328346,0.7808588743209839,0.28312137722969055,0.20435145497322083,0.839392364025116,0.40388819575309753,-0.17782729864120483,0.7081161141395569,0.3833717703819275,0.17391954362392426,0.7431838512420654,0.4022548794746399,-0.2743998169898987,0.6322602033615112,0.3958032429218292,-0.01199297420680523,0.7132405042648315,0.41491279006004333,-0.3056592345237732,0.6172705888748169,0.4053089916706085,-0.05304576829075813,0.7112271785736084,0.40469348430633545,-0.30865997076034546,0.6189923286437988,0.39976441860198975,-0.0765111893415451,0.7168449759483337,0.40159544348716736,-0.27497178316116333,0.6255485415458679,0.39917272329330444,-0.031090397387742996,0.8110526204109192,0.5853710770606995,-0.0915711373090744,0.7597684860229492,0.5544459223747253,0.0917736366391182,0.6661564111709595,0.5821095108985901,-0.2261456996202469,0.6334901452064514,0.5427584052085876,-0.0804203525185585,0.5274121165275574,0.7835807800292969,-0.4094306528568268,0.5002957582473755,0.746931791305542,-0.2741675078868866,0.517681360244751,0.8478618264198303,-0.42457571625709534,0.483410120010376,0.7975630760192871,-0.2955052852630615,0.4448068141937256,0.7330148220062256,-0.5173790454864502,0.4184248447418213,0.7039825320243835,-0.36713799834251404
0.8240978121757507,0.2148059606552124,0.08280106633901596,0.8346424102783203,0.1951572597026825,0.08917395770549774,0.8396276235580444,0.1943095475435257,0.08910182863473892,0.8450961112976074,0.19266802072525024,0.08896967023611069,0.8257250785827637,0.19561387598514557,0.11012204736471176,0.8243986368179321,0.19586889445781708,0.11014290153980255,0.8229972124099731,0.19630147516727448,0.11006374657154083,0.865638256072998,0.20300091803073883,0.1320333629846573,0.8331031799316406,0.20435002446174622,0.23053868114948273,0.8336842656135559,0.23648902773857117,0.09725108742713928,0.8236325979232788,0.23796680569648743,0.12613002955913544,0.9075403213500977,0.30563217401504517,0.06676334142684937,0.8090434074401855,0.3115832805633545,0.26732686161994934,0.8882589340209961,0.45920252799987793,-0.019662531092762947,0.7515692710876465,0.42190277576446533,0.22841624915599823,0.794082522392273,0.40575677156448364,-0.09557025134563446,0.689054548740387,0.4077237844467163,0.019054044038057327,0.7678561806678772,0.41431519389152527,-0.12510010600090027,0.6714409589767456,0.40953966975212097,-0.032992590218782425,0.7645941376686096,0.40011879801750183,-0.12912732362747192,0.6706662178039551,0.40021827816963196,-0.05979298800230026,0.7747136354446411,0.4000411927700043,-0.09560290724039078,0.6787782907485962,0.40065985918045044,-0.002502850256860256,0.8227361440658569,0.5737358331680298,-0.07829693704843521,0.7671368718147278,0.5357159376144409,0.0784996822476387,0.6894634962081909,0.6132363080978394,-0.25571465492248535,0.642519474029541,0.5704962611198425,-0.0859142392873764,0.5273927450180054,0.7878572344779968,-0.4598689675331116,0.4992600977420807,0.7499254941940308,-0.30566301941871643,0.513424277305603,0.8525250554084778,-0.477743536233902,0.4856341779232025,0.8070467710494995,-0.3307931125164032,0.4479926526546478,0.7372344136238098,-0.5717996954917908,0.4180986285209656,0.7068332433700562,-0.40925511717796326
0.8384748697280884,0.23732949793338776,0.12036825716495514,0.849082350730896,0.21785064041614532,0.12855440378189087,0.8552286028862,0.21895839273929596,0.1285170018672943,0.8615803718566895,0.22000107169151306,0.12835219502449036,0.838545024394989,0.21769659221172333,0.14987845718860626,0.8357583284378052,0.21741271018981934,0.14994525909423828,0.8334250450134277,0.21733099222183228,0.14989018440246582,0.8823410868644714,0.23448723554611206,0.18277941644191742,0.8422808647155762,0.22947515547275543,0.2845427095890045,0.8481310606002808,0.2631247937679291,0.13907769322395325,0.8358105421066284,0.26208338141441345,0.1689010113477707,0.9205187559127808,0.33158040046691895,0.1405709683895111,0.816423237323761,0.3307653069496155,0.31853026151657104,0.9371967315673828,0.4896177649497986,0.02436267025768757,0.7768170833587646,0.4525179862976074,0.25586217641830444,0.8574864268302917,0.418756902217865,-0.07258950173854828,0.7397862672805786,0.426696240901947,0.032758571207523346,0.8312705755233765,0.41681790351867676,-0.09821198880672455,0.7273944616317749,0.42067867517471313,-0.01644781604409218,0.8287181854248047,0.4011303782463074,-0.08901768177747726,0.7276003956794739,0.40761587023735046,-0.02735820785164833,0.8338834047317505,0.403675377368927,-0.0671905130147934,0.7337155342102051,0.41170263290405273,0.018517356365919113,0.8257519006729126,0.5642668604850769,-0.07655232399702072,0.7709192037582397,0.529064416885376,0.07669121772050858,0.7001890540122986,0.6158304810523987,-0.271353542804718,0.6567223072052002,0.5737709403038025,-0.10727193206548691,0.5270920991897583,0.788555383682251,-0.48946499824523926,0.5031462907791138,0.7493178248405457,-0.33712607622146606,0.5097030401229858,0.8514181971549988,-0.5085726976394653,0.48607349395751953,0.8126893639564514,-0.36282262206077576,0.446091890335083,0.7350138425827026,-0.5984264612197876,0.4203665852546692,0.7026852369308472,-0.4398733675479889
0.8444121479988098,0.2432558685541153,0.10818903148174286,0.8544769287109375,0.22466470301151276,0.12196856737136841,0.8600208163261414,0.22458720207214355,0.12192247062921524,0.8658154606819153,0.22462111711502075,0.12170995771884918,0.8432875871658325,0.22485432028770447,0.1398879587650299,0.8406623601913452,0.2248646467924118,0.1399582475423813,0.8381020426750183,0.22507816553115845,0.13991384208202362,0.8825823068618774,0.2338089793920517,0.1965562105178833,0.844139575958252,0.2342359721660614,0.2814469635486603,0.8549882173538208,0.2642577588558197,0.1329551637172699,0.8418930768966675,0.262325257062912,0.1582498997449875,0.9211243391036987,0.336531400680542,0.16423186659812927,0.8235505223274231,0.3313833177089691,0.31432896852493286,0.9634914398193359,0.47771725058555603,0.03754352405667305,0.783525288105011,0.44957399368286133,0.25091665983200073,0.8978621363639832,0.4352850317955017,-0.049629587680101395,0.7678470015525818,0.42951592803001404,0.0516250915825367,0.8741947412490845,0.4266905188560486,-0.07712886482477188,0.7592533826828003,0.4260631203651428,0.01051155012100935,0.869469940662384,0.407699316740036,-0.06520310044288635,0.7629077434539795,0.41348156332969666,-0.004584531299769878,0.8764890432357788,0.41755566000938416,-0.04467647895216942,0.7690263986587524,0.41753074526786804,0.03756041079759598,0.8278668522834778,0.5469790697097778,-0.070359006524086,0.7735133171081543,0.5217918157577515,0.07045505195856094,0.6920537352561951,0.6278105974197388,-0.24508969485759735,0.6561725735664368,0.5863373875617981,-0.09891101717948914,0.5251803994178772,0.789068877696991,-0.4524567723274231,0.5102445483207703,0.7522474527359009,-0.31218117475509644,0.5072180032730103,0.8510685563087463,-0.4692295491695404,0.49310994148254395,0.818817138671875,-0.3366033434867859,0.4351481795310974,0.7322899103164673,-0.5546185374259949,0.4234563410282135,0.7031503319740295,-0.41235122084617615
0.8379872441291809,0.24139589071273804,0.11037333309650421,0.8491608500480652,0.22135387361049652,0.1224946603178978,0.8547372817993164,0.2209477722644806,0.12247470766305923,0.8609691858291626,0.22078223526477814,0.12231062352657318,0.8377448916435242,0.22168424725532532,0.14150002598762512,0.8353887796401978,0.22191032767295837,0.14152494072914124,0.833334743976593,0.22227256000041962,0.14145047962665558,0.8806394338607788,0.2311878353357315,0.19188132882118225,0.841861367225647,0.2314305603504181,0.28296470642089844,0.8490473031997681,0.26286640763282776,0.13395103812217712,0.836945652961731,0.2609427869319916,0.16070446372032166,0.9179880023002625,0.34199339151382446,0.15818384289741516,0.8222249746322632,0.32847800850868225,0.3155829608440399,0.9641226530075073,0.4748152494430542,0.05141659453511238,0.7860668301582336,0.44792965054512024,0.2934707999229431,0.9094651937484741,0.45224371552467346,-0.03401632234454155,0.7662776112556458,0.4322338104248047,0.150340735912323,0.8899090886116028,0.45442792773246765,-0.05807499960064888,0.7622221112251282,0.4310913383960724,0.11226744949817657,0.8930395245552063,0.45699718594551086,-0.05650541931390762,0.7664265632629395,0.4183751940727234,0.10464932024478912,0.8943662643432617,0.45951831340789795,-0.03335132822394371,0.7709658145904541,0.4235127866268158,0.14101983606815338,0.824709415435791,0.5506864190101624,-0.07234981656074524,0.7704013586044312,0.5250082015991211,0.07241540402173996,0.6942530274391174,0.626322329044342,-0.24347004294395447,0.6580268740653992,0.5848389267921448,-0.10202888399362564,0.5247862935066223,0.7895056009292603,-0.4545730948448181,0.5094888210296631,0.7480290532112122,-0.3145679831504822,0.5071200728416443,0.8526421189308167,-0.47264474630355835,0.4947052001953125,0.8177958726882935,-0.3385648727416992,0.44019174575805664,0.757889986038208,-0.5561184883117676,0.4223410189151764,0.701650857925415,-0.41348281502723694
0.8350728154182434,0.23958136141300201,0.10795797407627106,0.8460073471069336,0.21905767917633057,0.12016855180263519,0.8516367673873901,0.21863816678524017,0.12013833224773407,0.8578376770019531,0.21838103234767914,0.11996181309223175,0.8346527218818665,0.21940097212791443,0.13938197493553162,0.8322740793228149,0.21923476457595825,0.13942967355251312,0.8301739692687988,0.21926933526992798,0.13936427235603333,0.8772902488708496,0.22802257537841797,0.18922123312950134,0.8391604423522949,0.22976243495941162,0.2812097668647766,0.8463020324707031,0.26108497381210327,0.13055092096328735,0.8338427543640137,0.25890588760375977,0.15782155096530914,0.9172136187553406,0.33911415934562683,0.15469813346862793,0.8181209564208984,0.32706913352012634,0.31164002418518066,0.9580001831054688,0.4683517515659332,0.04082736372947693,0.7810691595077515,0.4493437111377716,0.2741226255893707,0.8874861001968384,0.4558980166912079,-0.044245604425668716,0.7608904242515564,0.43873727321624756,0.08498401939868927,0.8602901697158813,0.46334215998649597,-0.073392353951931,0.7506802082061768,0.4371689260005951,0.03651822358369827,0.8552683591842651,0.44572538137435913,-0.06649266183376312,0.7551581263542175,0.42677515745162964,0.026885980740189552,0.8606932759284973,0.44457945227622986,-0.041390709578990936,0.7594596147537231,0.42848244309425354,0.07320506870746613,0.8238695859909058,0.5503624677658081,-0.07252471894025803,0.769572377204895,0.520863950252533,0.07260333001613617,0.6923887729644775,0.6286534070968628,-0.24101749062538147,0.655616819858551,0.5870785117149353,-0.09439809620380402,0.5212815999984741,0.7899415493011475,-0.4492976665496826,0.5092352628707886,0.7490822672843933,-0.30917879939079285,0.5056520104408264,0.8536322116851807,-0.4675664007663727,0.49431300163269043,0.8188266158103943,-0.3338504433631897,0.42962074279785156,0.7421557307243347,-0.5508862733840942,0.4198165833950043,0.7014929056167603,-0.4101177752017975
0.8276060223579407,0.22452323138713837,0.07624838501214981,0.8381622433662415,0.2031872421503067,0.08219921588897705,0.8440876007080078,0.20236676931381226,0.08213131874799728,0.8500844836235046,0.20121438801288605,0.08198080956935883,0.8268892168998718,0.2041817307472229,0.10444140434265137,0.8240640759468079,0.20427246391773224,0.10448465496301651,0.8215810656547546,0.2046290785074234,0.10442806780338287,0.8688918948173523,0.21018044650554657,0.12826193869113922,0.8314211964607239,0.21740280091762543,0.23448026180267334,0.8392276763916016,0.24732695519924164,0.09246138483285904,0.8264039754867554,0.2487846165895462,0.12365611642599106,0.9167444109916687,0.3308458626270294,0.09032793343067169,0.8108333349227905,0.32616347074508667,0.2780567705631256,0.9384588003158569,0.48755472898483276,-0.005135062150657177,0.77752286195755,0.44833123683929443,0.2502160668373108,0.8534339070320129,0.4552420675754547,-0.07853177189826965,0.7387326955795288,0.4439578950405121,0.05143338441848755,0.8229693174362183,0.46657562255859375,-0.10652686655521393,0.7236747145652771,0.4470336437225342,0.007594960276037455,0.8176671862602234,0.44516491889953613,-0.10010602325201035,0.7264014482498169,0.43439221382141113,-0.012071364559233189,0.8231536746025085,0.4423847198486328,-0.07302723824977875,0.7349151372909546,0.435610830783844,0.035254690796136856,0.8232213258743286,0.55702143907547,-0.07647288590669632,0.7662894129753113,0.5276878476142883,0.07666279375553131,0.692182719707489,0.626922070980072,-0.2811281979084015,0.6537671685218811,0.583113968372345,-0.09307623654603958,0.5221869945526123,0.7897694706916809,-0.4969119131565094,0.5080251693725586,0.7510403394699097,-0.33607029914855957,0.5061432719230652,0.8529146909713745,-0.5163295865058899,0.4931325912475586,0.820378303527832,-0.3636404871940613,0.42995062470436096,0.7409228682518005,-0.6006038784980774,0.41863375902175903,0.7025060653686523,-0.431428998708725
0.8147570490837097,0.21036580204963684,0.05902870371937752,0.8238627314567566,0.18723498284816742,0.06724480539560318,0.8301979303359985,0.18601107597351074,0.06716222316026688,0.8360939025878906,0.18448874354362488,0.06702501326799393,0.8119139671325684,0.18884527683258057,0.08617229014635086,0.8086158633232117,0.18879730999469757,0.08619958162307739,0.8062124252319336,0.18911883234977722,0.08615889400243759,0.8543661236763,0.18999098241329193,0.11696020513772964,0.8158766031265259,0.20028173923492432,0.20876745879650116,0.8274283409118652,0.23289912939071655,0.0759020745754242,0.8138290643692017,0.23891057074069977,0.10301826149225235,0.9063690304756165,0.3112098276615143,0.07467563450336456,0.7974600195884705,0.32539138197898865,0.2483082264661789,0.9110752940177917,0.48532867431640625,-0.010847870260477066,0.7565940618515015,0.44979768991470337,0.20583942532539368,0.8186972737312317,0.4711114764213562,-0.10842902958393097,0.7082754969596863,0.4525012671947479,-0.0167270265519619,0.7886221408843994,0.4909057915210724,-0.14303284883499146,0.6879648566246033,0.45931828022003174,-0.0656687468290329,0.7821372151374817,0.47404903173446655,-0.1453661024570465,0.6878842115402222,0.4447380602359772,-0.09050426632165909,0.7867009043693542,0.46701955795288086,-0.10826720297336578,0.6957137584686279,0.4449536204338074,-0.035796571522951126,0.8220947980880737,0.567889392375946,-0.07818693667650223,0.7620521783828735,0.5449259877204895,0.07844027131795883,0.6991549730300903,0.6195918321609497,-0.2860390841960907,0.6460021734237671,0.5785800218582153,-0.08732514828443527,0.52292400598526,0.786370575428009,-0.4938075542449951,0.5031667351722717,0.7531217932701111,-0.3346877992153168,0.5080405473709106,0.8520492315292358,-0.5121031999588013,0.4869871139526367,0.8246909379959106,-0.3617832064628601,0.43084415793418884,0.7362152338027954,-0.5969127416610718,0.41371315717697144,0.7075943946838379,-0.4312988817691803
0.7980542778968811,0.1971001774072647,0.009997016750276089,0.8076820373535156,0.1761516034603119,0.013229139149188995,0.8137776255607605,0.17450833320617676,0.013164435513317585,0.8188708424568176,0.17243459820747375,0.013090121559798717,0.7971099019050598,0.1782020628452301,0.03289549797773361,0.7939347624778748,0.17787909507751465,0.03289533406496048,0.7910506725311279,0.17761379480361938,0.032854557037353516,0.8387260437011719,0.17891794443130493,0.05162078142166138,0.8001731634140015,0.18736477196216583,0.14444826543331146,0.8101637959480286,0.2197125107049942,0.024626802653074265,0.7978495359420776,0.21988217532634735,0.05203435942530632,0.8875335454940796,0.2945384383201599,-0.002419306430965662,0.7849854230880737,0.30951496958732605,0.20551864802837372,0.8822102546691895,0.46510565280914307,-0.08400723338127136,0.728792130947113,0.42846786975860596,0.19656378030776978,0.7841638326644897,0.48226264119148254,-0.1667364537715912,0.670210063457489,0.45398056507110596,-0.0024366548750549555,0.75630784034729,0.5114247798919678,-0.2010115683078766,0.6526895761489868,0.4710468649864197,-0.048793382942676544,0.7499433159828186,0.4938041567802429,-0.20677414536476135,0.6526803970336914,0.461761474609375,-0.06679265946149826,0.7546179294586182,0.48488858342170715,-0.16779926419258118,0.660476565361023,0.4593569040298462,-0.01618443801999092,0.8185059428215027,0.5722024440765381,-0.07907450199127197,0.7598003149032593,0.5476925373077393,0.07938764244318008,0.6923843622207642,0.6269639730453491,-0.26936089992523193,0.6406362056732178,0.5827683210372925,-0.10486996173858643,0.522591233253479,0.7872461676597595,-0.44372859597206116,0.49723929166793823,0.759560227394104,-0.31117939949035645,0.5067774057388306,0.853114902973175,-0.45885080099105835,0.47811946272850037,0.8276814818382263,-0.3332185745239258,0.4342586100101471,0.765492856502533,-0.5480962991714478,0.4094172418117523,0.7155547142028809,-0.41044601798057556
0.7784145474433899,0.1821906864643097,-0.0454571470618248,0.7885421514511108,0.1581810563802719,-0.04027624428272247,0.7939128875732422,0.15666460990905762,-0.04034201055765152,0.7993213534355164,0.15491649508476257,-0.04038600996136665,0.7787817716598511,0.1612628549337387,-0.02352936938405037,0.7766960263252258,0.1618695706129074,-0.02356230653822422,0.774600088596344,0.162440225481987,-0.023631196469068527,0.8197337985038757,0.1607252061367035,0.0016598738729953766,0.7857933044433594,0.17063847184181213,0.07811316847801208,0.7899051308631897,0.20490919053554535,-0.02999499998986721,0.7792423367500305,0.20464476943016052,-0.007311457302421331,0.8663076162338257,0.27698665857315063,-0.07140570878982544,0.7679940462112427,0.29693666100502014,0.15817835927009583,0.8453523516654968,0.44394275546073914,-0.1576547920703888,0.7066553831100464,0.4158065915107727,0.1146400198340416,0.7465612888336182,0.49393054842948914,-0.22460946440696716,0.6398107409477234,0.46227195858955383,-0.08092235028743744,0.7184082269668579,0.5284259915351868,-0.25716346502304077,0.6237878799438477,0.4858061969280243,-0.12301146984100342,0.7090191841125488,0.5079725980758667,-0.26269668340682983,0.6257269978523254,0.4796178638935089,-0.14680857956409454,0.7141252160072327,0.4990679919719696,-0.2253686636686325,0.6326950192451477,0.4739532768726349,-0.09951071441173553,0.8165766596794128,0.571989893913269,-0.08287174999713898,0.7583240270614624,0.5473381280899048,0.08327151834964752,0.6862622499465942,0.6222465634346008,-0.25046518445014954,0.6400159597396851,0.5868667364120483,-0.11570513248443604,0.5211097002029419,0.7869709730148315,-0.39124777913093567,0.4956594407558441,0.7603960037231445,-0.3030385971069336,0.5063571929931641,0.8502141237258911,-0.40462881326675415,0.47761446237564087,0.8161583542823792,-0.32450759410858154,0.43843522667884827,0.7510313987731934,-0.499594509601593,0.41400790214538574,0.712786853313446,-0.40427571535110474
0.757700502872467,0.17300164699554443,-0.06352836638689041,0.7673920392990112,0.1500282734632492,-0.05966698005795479,0.7724946737289429,0.14840063452720642,-0.0597287192940712,0.7786203622817993,0.14652952551841736,-0.05976910516619682,0.7572203874588013,0.1518096625804901,-0.042527198791503906,0.7552915811538696,0.15209698677062988,-0.04256180673837662,0.7535222768783569,0.15225107967853546,-0.042630258947610855,0.7983823418617249,0.15273384749889374,-0.019504737108945847,0.7647531032562256,0.15868210792541504,0.05809817463159561,0.769244909286499,0.19665884971618652,-0.04828573018312454,0.7591842412948608,0.1997063159942627,-0.025301959365606308,0.8470304608345032,0.2701214551925659,-0.09946219623088837,0.747042179107666,0.2945692241191864,0.1493762880563736,0.8141101002693176,0.43352338671684265,-0.1925935596227646,0.6776572465896606,0.41283929347991943,0.10211680829524994,0.7149065136909485,0.5019724369049072,-0.25393208861351013,0.6162296533584595,0.4654342532157898,-0.09465569257736206,0.6913956999778748,0.5392136573791504,-0.28564220666885376,0.5990660786628723,0.49215635657310486,-0.1351410150527954,0.6842126250267029,0.5240074396133423,-0.29000547528266907,0.6012493371963501,0.4856564700603485,-0.1581982523202896,0.689228355884552,0.5113909244537354,-0.2541981041431427,0.6089414954185486,0.47971463203430176,-0.11281045526266098,0.8134236335754395,0.5823490023612976,-0.0862676352262497,0.7569103837013245,0.5608192086219788,0.08672861754894257,0.6764739155769348,0.608030378818512,-0.25228747725486755,0.6361612677574158,0.5849848985671997,-0.13283120095729828,0.5211121439933777,0.7870339155197144,-0.4007141590118408,0.49673065543174744,0.7593345046043396,-0.3230222165584564,0.5092946290969849,0.8571863174438477,-0.41465577483177185,0.48451194167137146,0.8089566826820374,-0.3417195975780487,0.4399370551109314,0.7650270462036133,-0.5152719020843506,0.42391496896743774,0.7092971205711365,-0.42832112312316895
0.7343028783798218,0.16601458191871643,-0.053677964955568314,0.743904709815979,0.14271332323551178,-0.04878842458128929,0.749567985534668,0.14091351628303528,-0.048822276294231415,0.7555075883865356,0.13916145265102386,-0.04884570837020874,0.7340949177742004,0.14526107907295227,-0.03163393959403038,0.7319366335868835,0.14564281702041626,-0.03169644996523857,0.730224072933197,0.14590312540531158,-0.031773366034030914,0.7763587236404419,0.1469138264656067,-0.004904193338006735,0.7427797317504883,0.1519550383090973,0.0715106874704361,0.7460622787475586,0.1903364360332489,-0.037454016506671906,0.7365354299545288,0.19476646184921265,-0.014983448199927807,0.8278865814208984,0.2641455829143524,-0.09938158839941025,0.7288318872451782,0.29082971811294556,0.1629669964313507,0.7885554432868958,0.41991907358169556,-0.20428045094013214,0.6613991260528564,0.40708059072494507,0.10333622992038727,0.6889775991439819,0.5056818127632141,-0.2561681866645813,0.594323456287384,0.46705836057662964,-0.11489437520503998,0.661895751953125,0.547154426574707,-0.2866227328777313,0.5754268169403076,0.49310103058815,-0.15696892142295837,0.6503068804740906,0.5317163467407227,-0.28989177942276,0.5768179297447205,0.4894545376300812,-0.1787320077419281,0.6535200476646423,0.519794762134552,-0.2552753984928131,0.5851220488548279,0.48456352949142456,-0.13310277462005615,0.8107698559761047,0.5807580351829529,-0.09160277247428894,0.7531986832618713,0.563393235206604,0.0920197069644928,0.6661145687103271,0.5822213292121887,-0.233225017786026,0.6324938535690308,0.5684270858764648,-0.1317758560180664,0.5198487639427185,0.7838679552078247,-0.37589722871780396,0.4978960454463959,0.7497988939285278,-0.31073811650276184,0.5079156160354614,0.8499460816383362,-0.3890615403652191,0.4899044930934906,0.7956596612930298,-0.32800495624542236,0.4367658197879791,0.7626840472221375,-0.4869896471500397,0.42513972520828247,0.7073771953582764,-0.4114171862602234
0.7098249197006226,0.16784989833831787,-0.07243717461824417,0.7191326022148132,0.1438569873571396,-0.07186554372310638,0.7247796654701233,0.141996368765831,-0.07188966870307922,0.7306183576583862,0.14023572206497192,-0.0718904435634613,0.7099944949150085,0.14656402170658112,-0.053207945078611374,0.7084459066390991,0.14701774716377258,-0.05328407883644104,0.7069795727729797,0.14741508662700653,-0.05336422845721245,0.752548098564148,0.14714232087135315,-0.03595876693725586,0.7206534743309021,0.152930349111557,0.048218514770269394,0.7227323651313782,0.1919032633304596,-0.057801730930805206,0.71342933177948,0.1960262507200241,-0.033312126994132996,0.805681586265564,0.2578411400318146,-0.12801922857761383,0.707248330116272,0.2870541214942932,0.1455860286951065,0.7596454620361328,0.4115893542766571,-0.24247579276561737,0.6358283758163452,0.40669509768486023,0.09828721731901169,0.6596616506576538,0.5142868161201477,-0.2895880341529846,0.5659075975418091,0.4730193316936493,-0.10170652717351913,0.6317299604415894,0.5511754155158997,-0.3209890127182007,0.5478631854057312,0.5013087391853333,-0.14072485268115997,0.6220175623893738,0.5365753769874573,-0.3210367262363434,0.5481369495391846,0.4996510446071625,-0.16562668979167938,0.6257273554801941,0.525839626789093,-0.28779667615890503,0.5552841424942017,0.49316126108169556,-0.12049271911382675,0.8058563470840454,0.5840296149253845,-0.09225323796272278,0.7501980066299438,0.5733473896980286,0.09266915917396545,0.6590995788574219,0.5544298887252808,-0.24323220551013947,0.6145621538162231,0.5403346419334412,-0.14802560210227966,0.5290895700454712,0.7683017253875732,-0.3779660761356354,0.5030895471572876,0.7501382827758789,-0.3380257785320282,0.5226608514785767,0.8455834984779358,-0.3885266184806824,0.4995960593223572,0.8005183935165405,-0.35613590478897095,0.4575263559818268,0.7815412878990173,-0.460066556930542,0.42609840631484985,0.7155320644378662,-0.43683719635009766
0.6863145232200623,0.16838227212429047,-0.07004442065954208,0.6953464150428772,0.14420048892498016,-0.06887777894735336,0.70070481300354,0.14234218001365662,-0.06889400631189346,0.7062944173812866,0.14067357778549194,-0.06886636465787888,0.6868891716003418,0.1470218002796173,-0.05060315877199173,0.6854251027107239,0.14748138189315796,-0.05069134384393692,0.684147298336029,0.14793692529201508,-0.05078437179327011,0.7281047105789185,0.14725711941719055,-0.03415033593773842,0.6982475519180298,0.15342813730239868,0.04954946041107178,0.7002372145652771,0.1924608200788498,-0.055621735751628876,0.6911426782608032,0.19658046960830688,-0.03125036507844925,0.7848643660545349,0.25671425461769104,-0.12328840792179108,0.6851285696029663,0.28767940402030945,0.14557136595249176,0.7275770902633667,0.40809813141822815,-0.23519690334796906,0.60887610912323,0.4108409881591797,0.12903828918933868,0.6293912529945374,0.5193081498146057,-0.2892986536026001,0.5321922898292542,0.48672643303871155,-0.004474279936403036,0.6030172109603882,0.5537236928939819,-0.3203168213367462,0.5144459009170532,0.5156513452529907,-0.0314972922205925,0.5940624475479126,0.5439367890357971,-0.31965675950050354,0.5143042206764221,0.5156912207603455,-0.05988635495305061,0.600068986415863,0.5289700627326965,-0.28798553347587585,0.5211665034294128,0.5089707374572754,-0.022613568231463432,0.7903304696083069,0.5884696245193481,-0.09372498095035553,0.7348712682723999,0.5754967331886292,0.09402590245008469,0.6492884755134583,0.530639111995697,-0.28929585218429565,0.6000143885612488,0.5243595242500305,-0.14581139385700226,0.5308033227920532,0.7638710141181946,-0.4354274868965149,0.4982967972755432,0.7510345578193665,-0.3483411967754364,0.5242128968238831,0.8445456624031067,-0.44813528656959534,0.493987500667572,0.8052298426628113,-0.3689028024673462,0.45623937249183655,0.7857101559638977,-0.5384561419487,0.42146986722946167,0.7219820618629456,-0.44878578186035156
0.66102135181427,0.16876345872879028,-0.02086430974304676,0.6706763505935669,0.14426229894161224,-0.019410699605941772,0.6758488416671753,0.14241379499435425,-0.01937338337302208,0.6813042163848877,0.14078469574451447,-0.01926477812230587,0.6618093848228455,0.14703328907489777,0.0015529758529737592,0.660336434841156,0.14742355048656464,0.0014358947519212961,0.6591008305549622,0.14780715107917786,0.0013125494588166475,0.7034399509429932,0.14688421785831451,0.011876941658556461,0.6734718084335327,0.15294137597084045,0.10721198469400406,0.675456702709198,0.19239185750484467,-0.008832045830786228,0.666056752204895,0.19667048752307892,0.01881176233291626,0.7609390020370483,0.25761160254478455,-0.08655385673046112,0.6637600660324097,0.28811442852020264,0.19969560205936432,0.6856867074966431,0.40924781560897827,-0.1965450495481491,0.5810784697532654,0.4121605455875397,0.1880573332309723,0.5922530293464661,0.5215485692024231,-0.23570692539215088,0.5009933710098267,0.4875025451183319,0.04340257868170738,0.5686081647872925,0.5635330080986023,-0.26514649391174316,0.48049503564834595,0.5216268301010132,0.0198148675262928,0.5591490864753723,0.5569611191749573,-0.26540201902389526,0.4806557595729828,0.5226017236709595,-0.006563892122358084,0.5663630366325378,0.5407211184501648,-0.23434261977672577,0.48904865980148315,0.5136184096336365,0.02630433812737465,0.7706422805786133,0.593051016330719,-0.094637431204319,0.714766263961792,0.5775298476219177,0.09478124231100082,0.636481523513794,0.5083231329917908,-0.3154584765434265,0.5838108658790588,0.4883398413658142,-0.14440418779850006,0.5255851149559021,0.7615104913711548,-0.47390836477279663,0.49480050802230835,0.7531507611274719,-0.3687397837638855,0.5252601504325867,0.840800404548645,-0.4874998927116394,0.49294620752334595,0.8169851303100586,-0.39177048206329346,0.4486680030822754,0.7804234623908997,-0.5864512920379639,0.4214298725128174,0.7273474931716919,-0.480008065700531
0.6349877119064331,0.16852127015590668,-0.06291142106056213,0.6438179612159729,0.14292281866073608,-0.06258709728717804,0.64875328540802,0.14094974100589752,-0.06253211200237274,0.6538854837417603,0.1393938809633255,-0.06240410357713699,0.63618004322052,0.14559754729270935,-0.04237708821892738,0.6350694298744202,0.14566779136657715,-0.042521629482507706,0.6341310739517212,0.14561226963996887,-0.042664043605327606,0.676561713218689,0.14629828929901123,-0.03363955765962601,0.6480668783187866,0.15102456510066986,0.05837950110435486,0.6485309600830078,0.19123438000679016,-0.051511358469724655,0.6392396092414856,0.19429953396320343,-0.024681974202394485,0.7327417135238647,0.26057055592536926,-0.12373709678649902,0.6381064057350159,0.2881973385810852,0.1517021507024765,0.6531006097793579,0.41317304968833923,-0.21286740899085999,0.5554157495498657,0.4121120572090149,0.18334020674228668,0.5529288053512573,0.5078254342079163,-0.23625247180461884,0.46824294328689575,0.49941226840019226,0.09131141006946564,0.528852105140686,0.5574105381965637,-0.26434868574142456,0.44733303785324097,0.5299255847930908,0.07762937247753143,0.5215304493904114,0.5518115162849426,-0.26336103677749634,0.4473690390586853,0.532263457775116,0.04719876870512962,0.5277164578437805,0.5378780961036682,-0.23492667078971863,0.4558181166648865,0.5260643362998962,0.07384355366230011,0.7474061250686646,0.5937117338180542,-0.09745083749294281,0.6930109262466431,0.5790921449661255,0.09723135828971863,0.6151183247566223,0.4977320730686188,-0.30828723311424255,0.5592676401138306,0.4762696921825409,-0.06255967915058136,0.5167033672332764,0.7628093957901001,-0.4248688817024231,0.48426881432533264,0.7429627180099487,-0.24589450657367706,0.5231409072875977,0.8435449600219727,-0.4336167871952057,0.4884657859802246,0.8031948804855347,-0.26576849818229675,0.4431583881378174,0.7756586670875549,-0.5215771794319153,0.4117254316806793,0.7323319315910339,-0.33723920583724976
0.6064661741256714,0.1687513291835785,-0.10429823398590088,0.6152499318122864,0.14248795807361603,-0.10504259914159775,0.6202460527420044,0.1405332237482071,-0.10499157011508942,0.6261225342750549,0.13897450268268585,-0.10488452762365341,0.6065656542778015,0.1450313776731491,-0.0834602564573288,0.6052646040916443,0.14492863416671753,-0.08358900249004364,0.6041430234909058,0.14467307925224304,-0.08370284736156464,0.6495565176010132,0.14616766571998596,-0.07579199224710464,0.6170867681503296,0.15048174560070038,0.020932521671056747,0.6199419498443604,0.19154272973537445,-0.0928143635392189,0.6094628572463989,0.19393585622310638,-0.064226433634758,0.6991349458694458,0.26533445715904236,-0.16319699585437775,0.6050774455070496,0.2891146242618561,0.11864553391933441,0.6110087633132935,0.4224189817905426,-0.24480564892292023,0.5208727717399597,0.41165393590927124,0.13138075172901154,0.5016186833381653,0.514955997467041,-0.23032371699810028,0.4375426769256592,0.5081068873405457,0.05479026958346367,0.47268563508987427,0.5576775074005127,-0.25695210695266724,0.41683778166770935,0.5391771793365479,0.0431712344288826,0.46381431818008423,0.5520954728126526,-0.2538667321205139,0.4169316291809082,0.5418243408203125,0.006375723984092474,0.4755348563194275,0.5380383729934692,-0.22815187275409698,0.4274665415287018,0.5362103581428528,0.03465487062931061,0.7216008901596069,0.5964890122413635,-0.10192588716745377,0.6634623408317566,0.5865721106529236,0.1015205830335617,0.5905623435974121,0.472627729177475,-0.29943007230758667,0.5344601273536682,0.45907339453697205,-0.02582048811018467,0.511806070804596,0.7628924250602722,-0.3786104917526245,0.48360675573349,0.7469329237937927,-0.18414156138896942,0.520968496799469,0.8472195267677307,-0.38660070300102234,0.4928439259529114,0.7957507371902466,-0.20188653469085693,0.4396405816078186,0.7985661029815674,-0.471080482006073,0.4100724756717682,0.7604748010635376,-0.2707001566886902
0.5731689929962158,0.16953913867473602,-0.14082877337932587,0.5827121138572693,0.14269015192985535,-0.1481143981218338,0.5882052183151245,0.14062556624412537,-0.1480780690908432,0.594231903553009,0.13886922597885132,-0.14798101782798767,0.574073851108551,0.14556919038295746,-0.11901810020208359,0.5726916790008545,0.14568616449832916,-0.11912012100219727,0.5715606212615967,0.1456809639930725,-0.11923956871032715,0.6188309788703918,0.14602917432785034,-0.132395401597023,0.5880555510520935,0.15107059478759766,-0.0012970422394573689,0.5872779488563538,0.1938748061656952,-0.1334405243396759,0.5767764449119568,0.1968017965555191,-0.09509769827127457,0.6668909192085266,0.2667544186115265,-0.21709544956684113,0.5827982425689697,0.28664299845695496,0.10615948587656021,0.5678085088729858,0.41488006711006165,-0.3001443147659302,0.49145254492759705,0.4035836458206177,0.10336200892925262,0.44741249084472656,0.5152894854545593,-0.2895711064338684,0.4049176275730133,0.5061280727386475,0.04871499910950661,0.41640347242355347,0.5547151565551758,-0.32111021876335144,0.3797330856323242,0.538203239440918,0.035931654274463654,0.40859657526016235,0.5507574677467346,-0.31450900435447693,0.3807446360588074,0.5431211590766907,-0.004813749343156815,0.4163998067378998,0.5375634431838989,-0.285990446805954,0.3914002478122711,0.5370396375656128,0.025400850921869278,0.6936181783676147,0.5998879075050354,-0.10666034370660782,0.6396825313568115,0.5941330194473267,0.10626596212387085,0.5757588148117065,0.45712143182754517,-0.31759345531463623,0.5101049542427063,0.44255179166793823,0.025631258264183998,0.506548285484314,0.7606388330459595,-0.38942983746528625,0.4862895905971527,0.7473325133323669,-0.10875707864761353,0.5149737596511841,0.837704062461853,-0.3948097825050354,0.4961387515068054,0.7914209365844727,-0.12416666746139526,0.41748490929603577,0.769966185092926,-0.484626442193985,0.41031140089035034,0.7624036073684692,-0.18756912648677826
0.5449362397193909,0.17449699342250824,-0.10117360204458237,0.5545114874839783,0.1465008556842804,-0.11976977437734604,0.5599769353866577,0.14408908784389496,-0.11982356011867523,0.565876305103302,0.14171551167964935,-0.11971825361251831,0.5456737279891968,0.14971116185188293,-0.08045928180217743,0.5442604422569275,0.14994201064109802,-0.0805317834019661,0.5430737733840942,0.15001431107521057,-0.0806599110364914,0.5902870893478394,0.14794479310512543,-0.10666416585445404,0.5606697201728821,0.1533316969871521,0.03731600195169449,0.5598068833351135,0.20009493827819824,-0.10436642169952393,0.549519419670105,0.2042170912027359,-0.0545811727643013,0.6367470026016235,0.26677510142326355,-0.20261959731578827,0.5594671368598938,0.28808116912841797,0.16289792954921722,0.5323686599731445,0.40461647510528564,-0.294046014547348,0.4614698886871338,0.39626961946487427,0.20907506346702576,0.39912596344947815,0.4924217760562897,-0.2906785309314728,0.36569732427597046,0.49649879336357117,0.12842227518558502,0.36486390233039856,0.5358815789222717,-0.3225722908973694,0.3382274806499481,0.5310285091400146,0.1213831901550293,0.35566550493240356,0.5311695337295532,-0.3114333152770996,0.33997008204460144,0.5372925400733948,0.0813104584813118,0.36973199248313904,0.515488862991333,-0.2850435674190521,0.3497545123100281,0.5288540124893188,0.10549106448888779,0.673559308052063,0.6089083552360535,-0.11086468398571014,0.6257976293563843,0.6063508987426758,0.11042879521846771,0.5575025677680969,0.44985339045524597,-0.3069877028465271,0.5028177499771118,0.4563238322734833,0.1372612714767456,0.4938470423221588,0.7619207501411438,-0.3603484034538269,0.4951055943965912,0.7230100631713867,0.06330597400665283,0.5088729858398438,0.8383355140686035,-0.36483436822891235,0.5083395838737488,0.7688571214675903,0.05377564951777458,0.4169362187385559,0.7675843238830566,-0.45651277899742126,0.4276488423347473,0.7584353089332581,0.001716414699330926
0.5167757868766785,0.1838001310825348,-0.10992387682199478,0.5252448916435242,0.1531529277563095,-0.13270387053489685,0.5295475721359253,0.15089841187000275,-0.13273514807224274,0.5346834659576416,0.14824829995632172,-0.13264387845993042,0.5183274149894714,0.15519432723522186,-0.09297197312116623,0.5177100300788879,0.15483887493610382,-0.09306418150663376,0.5172189474105835,0.15441349148750305,-0.0931834727525711,0.5603442788124084,0.15212048590183258,-0.15185832977294922,0.5357837080955505,0.155482679605484,0.018804552033543587,0.5320711731910706,0.20977020263671875,-0.11712074279785156,0.5230887532234192,0.2112317681312561,-0.0645984634757042,0.6072909235954285,0.26899638772010803,-0.24631831049919128,0.5400530099868774,0.2882697284221649,0.14912846684455872,0.48296743631362915,0.40542158484458923,-0.3470301330089569,0.4365805983543396,0.39102888107299805,0.16901181638240814,0.3467475473880768,0.4891132414340973,-0.3509954810142517,0.32290154695510864,0.4854610860347748,0.06209344416856766,0.3147200345993042,0.528730571269989,-0.39432770013809204,0.2971876263618469,0.5131306648254395,0.049859996885061264,0.30736076831817627,0.5249967575073242,-0.3760285973548889,0.2991351783275604,0.5246748328208923,-0.00031791412038728595,0.316139280796051,0.511364758014679,-0.34440726041793823,0.3082994818687439,0.5164604783058167,0.03368733078241348,0.6547939777374268,0.6179656386375427,-0.11635104566812515,0.6111047863960266,0.6193754076957703,0.11592284590005875,0.5369076132774353,0.4402417540550232,-0.30596786737442017,0.4801788926124573,0.44892945885658264,0.12545686960220337,0.4939456582069397,0.7571300268173218,-0.3308737874031067,0.49455681443214417,0.7231723070144653,0.03690192475914955,0.5038477182388306,0.8332643508911133,-0.335031121969223,0.5101984739303589,0.7620046734809875,0.025913875550031662,0.4026448726654053,0.7714323401451111,-0.41737064719200134,0.42885899543762207,0.752270519733429,-0.033221784979104996
0.49923205375671387,0.18708814680576324,-0.14020788669586182,0.5063804984092712,0.15604044497013092,-0.16521479189395905,0.5101034045219421,0.1539846658706665,-0.16526760160923004,0.513949990272522,0.1516154408454895,-0.16521666944026947,0.5012785196304321,0.15745702385902405,-0.12394589185714722,0.5011515021324158,0.15672622621059418,-0.12404422461986542,0.5012072324752808,0.15592078864574432,-0.12414541095495224,0.5391656756401062,0.15348529815673828,-0.2005724012851715,0.5227593183517456,0.15596787631511688,-0.016635430976748466,0.5125036835670471,0.2118416726589203,-0.14979228377342224,0.5062054395675659,0.2135644108057022,-0.09587756544351578,0.583917498588562,0.27143460512161255,-0.2965971827507019,0.5326202511787415,0.2883554995059967,0.1345471441745758,0.4528260827064514,0.40293872356414795,-0.37481576204299927,0.4194260239601135,0.3907497525215149,0.1684170961380005,0.31727662682533264,0.4850488305091858,-0.3802652955055237,0.29698166251182556,0.48370790481567383,0.08118788152933121,0.2795270085334778,0.5230464339256287,-0.4291720390319824,0.2710990905761719,0.5130924582481384,0.07777756452560425,0.27314651012420654,0.5220604538917542,-0.4052305817604065,0.2689831256866455,0.521213173866272,0.030130993574857712,0.2813350558280945,0.5084076523780823,-0.37150344252586365,0.2764228880405426,0.5111046433448792,0.053838830441236496,0.6437508463859558,0.61741703748703,-0.1253519058227539,0.60612952709198,0.6227092146873474,0.12481218576431274,0.5135964155197144,0.4236811399459839,-0.24202518165111542,0.47341957688331604,0.4322010576725006,0.23225624859333038,0.4884633421897888,0.7424987554550171,-0.16581901907920837,0.49503225088119507,0.7073401808738708,0.22428373992443085,0.5058383345603943,0.821349024772644,-0.15720054507255554,0.5101429224014282,0.7585662007331848,0.22222276031970978,0.40805259346961975,0.7465207576751709,-0.20284652709960938,0.4270833432674408,0.7412891983985901,0.19716808199882507
0.49423152208328247,0.18772806227207184,-0.15401332080364227,0.5016996264457703,0.15707668662071228,-0.17328238487243652,0.5055586099624634,0.1552053838968277,-0.1733178198337555,0.5101680159568787,0.15302175283432007,-0.1732596606016159,0.4959990978240967,0.1580902338027954,-0.13604481518268585,0.49561095237731934,0.15717625617980957,-0.1361307054758072,0.4952276349067688,0.15624785423278809,-0.1362232267856598,0.536817193031311,0.1551835834980011,-0.18852172791957855,0.5162529945373535,0.15635772049427032,-0.021254846826195717,0.5060998201370239,0.21189981698989868,-0.15611304342746735,0.4986833930015564,0.2136092483997345,-0.10752115398645401,0.5750774145126343,0.27304378151893616,-0.2843794822692871,0.5277726054191589,0.28982457518577576,0.12362958490848541,0.4478018879890442,0.3933369219303131,-0.36840295791625977,0.4117068350315094,0.393091082572937,0.152806356549263,0.31043320894241333,0.4597393572330475,-0.370009183883667,0.2880450487136841,0.48489388823509216,0.05961167812347412,0.2712327241897583,0.5096234679222107,-0.4147714078426361,0.26039576530456543,0.5142178535461426,0.05424577742815018,0.2643119990825653,0.5072368383407593,-0.39300620555877686,0.2577342689037323,0.5209923982620239,0.006522199604660273,0.27397358417510986,0.49262726306915283,-0.36180800199508667,0.26540645956993103,0.5116374492645264,0.033410582691431046,0.639961838722229,0.6184355616569519,-0.12327065318822861,0.6027923822402954,0.6279202103614807,0.12274928390979767,0.5107877254486084,0.42413097620010376,-0.25164318084716797,0.46603769063949585,0.4438064992427826,0.20979802310466766,0.49118033051490784,0.7415412664413452,-0.17678317427635193,0.4882441461086273,0.7052227854728699,0.16851511597633362,0.5091801285743713,0.8116956949234009,-0.16778148710727692,0.5092712044715881,0.7575417160987854,0.16288281977176666,0.41927558183670044,0.7479866743087769,-0.2079891413450241,0.4217149317264557,0.7408824563026428,0.13500627875328064
0.5011345148086548,0.1866910755634308,-0.09537284821271896,0.5088768005371094,0.1569715291261673,-0.11469410359859467,0.5129387974739075,0.1551913321018219,-0.1147499829530716,0.5175930261611938,0.15310941636562347,-0.11471714079380035,0.5029386281967163,0.15751305222511292,-0.07585927844047546,0.5025348663330078,0.15643589198589325,-0.07593530416488647,0.5021897554397583,0.15535947680473328,-0.0760224461555481,0.5437548756599426,0.1556595414876938,-0.13710279762744904,0.5229920744895935,0.1558934897184372,0.036647722125053406,0.5135354399681091,0.21173325181007385,-0.10088463127613068,0.5061434507369995,0.21232038736343384,-0.05041136592626572,0.5837308168411255,0.2728632390499115,-0.24792763590812683,0.5348263382911682,0.2877918779850006,0.18073812127113342,0.45779985189437866,0.3829478323459625,-0.3303470015525818,0.4251914620399475,0.3933672606945038,0.21132691204547882,0.32219192385673523,0.44886255264282227,-0.3235110342502594,0.3025713860988617,0.47736409306526184,0.12649545073509216,0.2834815979003906,0.4951890707015991,-0.36514097452163696,0.27397221326828003,0.5017300844192505,0.12575677037239075,0.2753639221191406,0.491291880607605,-0.34058085083961487,0.27196580171585083,0.5069577097892761,0.08048494160175323,0.2845693528652191,0.4794226884841919,-0.31368231773376465,0.2799190878868103,0.498493492603302,0.10130760818719864,0.642708420753479,0.6181805729866028,-0.12399884313344955,0.6053892374038696,0.6273982524871826,0.12350352108478546,0.5123575329780579,0.42146825790405273,-0.22507035732269287,0.469050794839859,0.4352177083492279,0.19345082342624664,0.4964492917060852,0.7382538914680481,-0.1463538408279419,0.4906232953071594,0.6985543966293335,0.14750203490257263,0.5127891302108765,0.8104113936424255,-0.13705125451087952,0.5089389085769653,0.7613992691040039,0.14149919152259827,0.4216006398200989,0.7576689720153809,-0.17697010934352875,0.4256340563297272,0.7541640996932983,0.11000249534845352
0.5342813730239868,0.18471287190914154,-0.08047829568386078,0.5426517724990845,0.15462510287761688,-0.09932474046945572,0.5475903749465942,0.15273630619049072,-0.09936358779668808,0.5533322095870972,0.15047882497310638,-0.0993003100156784,0.5353198051452637,0.1555858999490738,-0.06066751480102539,0.5346082448959351,0.15457551181316376,-0.06074540689587593,0.5339239835739136,0.1534547060728073,-0.06082531809806824,0.5776249766349792,0.15351051092147827,-0.11301761865615845,0.5578517913818359,0.15339988470077515,0.05287008360028267,0.5464359521865845,0.21098443865776062,-0.08488244563341141,0.5387240648269653,0.2112833708524704,-0.03537655621767044,0.6182533502578735,0.266755610704422,-0.21794243156909943,0.5562251210212708,0.2836495637893677,0.19245843589305878,0.5040134787559509,0.3715130388736725,-0.30821362137794495,0.4531840682029724,0.38209882378578186,0.2287970334291458,0.36949795484542847,0.4347148835659027,-0.3109506368637085,0.3404408395290375,0.4504278004169464,0.1369340717792511,0.33110639452934265,0.47273534536361694,-0.3483077883720398,0.31562069058418274,0.4782653748989105,0.1329016387462616,0.32647836208343506,0.4730183184146881,-0.33034271001815796,0.31526416540145874,0.48127391934394836,0.08866967260837555,0.33636289834976196,0.46254709362983704,-0.30322155356407166,0.3234078288078308,0.4740317761898041,0.11198483407497406,0.6543396711349487,0.6147406101226807,-0.1267426460981369,0.614319384098053,0.6203339695930481,0.12619662284851074,0.5259909629821777,0.42287346720695496,-0.2649471163749695,0.4817373752593994,0.45411449670791626,0.1660534292459488,0.492095410823822,0.7539588212966919,-0.2671569585800171,0.48965829610824585,0.7232151627540588,0.09477885812520981,0.5042554140090942,0.8332923650741577,-0.26645082235336304,0.5020002126693726,0.7756456732749939,0.08551869541406631,0.4068041443824768,0.76239013671875,-0.34091776609420776,0.41861048340797424,0.7506543397903442,0.038837797939777374
0.5805274248123169,0.17432306706905365,-0.03599332645535469,0.5909591913223267,0.14579972624778748,-0.036973848938941956,0.5967223048210144,0.1441095918416977,-0.03694090247154236,0.6033220887184143,0.14243653416633606,-0.03682352975010872,0.5830636024475098,0.14731843769550323,-0.006812920328229666,0.5820724964141846,0.14687702059745789,-0.006862019654363394,0.5809913873672485,0.14632131159305573,-0.006988452281802893,0.626270055770874,0.1492844969034195,-0.0010722114238888025,0.5980691313743591,0.15058591961860657,0.13749870657920837,0.5921772718429565,0.201266348361969,-0.02258717082440853,0.5832425355911255,0.2021934688091278,0.01753007434308529,0.6695972084999084,0.25872325897216797,-0.10892625898122787,0.5835341215133667,0.2837418019771576,0.24893243610858917,0.5613279938697815,0.37121832370758057,-0.2608163356781006,0.4938966631889343,0.37962108850479126,0.26937490701675415,0.43839913606643677,0.42328381538391113,-0.3026059865951538,0.40021276473999023,0.4430259168148041,0.15038931369781494,0.40388602018356323,0.4516352713108063,-0.34244304895401,0.3760226368904114,0.4594281017780304,0.13556063175201416,0.39761894941329956,0.4471375048160553,-0.32655754685401917,0.3741990923881531,0.4603017270565033,0.10017365217208862,0.4100874960422516,0.4405573010444641,-0.29601871967315674,0.38433510065078735,0.4580303132534027,0.1291126012802124,0.6832553148269653,0.606141984462738,-0.11525236070156097,0.6297739744186401,0.6113475561141968,0.1147661954164505,0.5601169466972351,0.44156062602996826,-0.34908220171928406,0.5084863901138306,0.4652140438556671,-0.021713072434067726,0.5008286237716675,0.758662223815918,-0.4938916563987732,0.48911142349243164,0.7479177117347717,-0.23677857220172882,0.5079284906387329,0.8385440111160278,-0.5068793296813965,0.499713271856308,0.7988073825836182,-0.26064109802246094,0.41147932410240173,0.7746979594230652,-0.6007291078567505,0.41586947441101074,0.7507006525993347,-0.3427731990814209
0.6301578879356384,0.16181005537509918,-0.03791055083274841,0.6412981748580933,0.13490958511829376,-0.03478964418172836,0.6471456289291382,0.13390477001667023,-0.03474044427275658,0.6529200077056885,0.13297909498214722,-0.034642674028873444,0.6321278810501099,0.13539214432239532,-0.00980762206017971,0.6309014558792114,0.13479842245578766,-0.009884709492325783,0.6297493577003479,0.13408054411411285,-0.010016486980021,0.6731778383255005,0.1428736001253128,0.013018663041293621,0.6454001665115356,0.1426602154970169,0.12832941114902496,0.6418775320053101,0.1884671300649643,-0.020611654967069626,0.6313079595565796,0.18877360224723816,0.012914055958390236,0.7155437469482422,0.25143980979919434,-0.09272245317697525,0.6245267987251282,0.2778959572315216,0.23771369457244873,0.6223579049110413,0.360567182302475,-0.24381141364574432,0.5386892557144165,0.3713281452655792,0.2317955046892166,0.5093580484390259,0.40641114115715027,-0.3268619477748871,0.46038609743118286,0.4255712628364563,0.06352768838405609,0.47973760962486267,0.43383678793907166,-0.35828694701194763,0.4348861277103424,0.44499239325523376,0.04107368737459183,0.4743574261665344,0.4274061322212219,-0.3624292314052582,0.43890634179115295,0.44443392753601074,0.012460814788937569,0.4839820861816406,0.4190099835395813,-0.32748985290527344,0.44752851128578186,0.43925076723098755,0.044442445039749146,0.7134285569190979,0.59968501329422,-0.11434514820575714,0.6607087850570679,0.5928345918655396,0.1138753667473793,0.5771597027778625,0.4593715965747833,-0.3124915361404419,0.5274927616119385,0.4637788236141205,0.006422834936529398,0.5050272941589355,0.7608403563499451,-0.420584112405777,0.47740769386291504,0.7463951110839844,-0.17460760474205017,0.5097854137420654,0.840612530708313,-0.4287504255771637,0.4851360321044922,0.8126805424690247,-0.19482940435409546,0.41948676109313965,0.7513868808746338,-0.5079286098480225,0.4075685143470764,0.7572842240333557,-0.2615797817707062
0.6788623332977295,0.15567265450954437,-0.0005723295034840703,0.6906837821006775,0.1294657438993454,0.004370770417153835,0.6966725587844849,0.12840399146080017,0.00441329600289464,0.702714204788208,0.12755133211612701,0.004492044448852539,0.6811379790306091,0.13054384291172028,0.02134724147617817,0.6795340180397034,0.13016138970851898,0.02123328112065792,0.6781519651412964,0.12983977794647217,0.021099109202623367,0.7206610441207886,0.13943320512771606,0.051771990954875946,0.6902077198028564,0.13998807966709137,0.12926872074604034,0.691361129283905,0.1806505024433136,0.016493914648890495,0.6792782545089722,0.18077905476093292,0.03908141702413559,0.7621716260910034,0.24616041779518127,-0.05441081523895264,0.6687436699867249,0.26721447706222534,0.22414210438728333,0.6826744079589844,0.3574528992176056,-0.19420687854290009,0.5885675549507141,0.3628872334957123,0.18252280354499817,0.576050341129303,0.3947053551673889,-0.27242666482925415,0.4989892542362213,0.4086141884326935,0.004710857756435871,0.5469341278076172,0.41507360339164734,-0.2993423640727997,0.4808581471443176,0.4240422546863556,-0.024354245513677597,0.5414979457855225,0.40814608335494995,-0.3001953661441803,0.4817185401916504,0.4229004383087158,-0.04608458653092384,0.5498913526535034,0.403198778629303,-0.2718701660633087,0.49235090613365173,0.4195080101490021,-0.011755368672311306,0.7408362627029419,0.5923882126808167,-0.09971480071544647,0.6904252767562866,0.5748419761657715,0.09942293912172318,0.6048555970191956,0.47488775849342346,-0.2884255647659302,0.5540220737457275,0.4602999687194824,-0.05115662142634392,0.5146685242652893,0.7684818506240845,-0.4292101263999939,0.4753432273864746,0.7384432554244995,-0.25515061616897583,0.5156844854354858,0.8377116918563843,-0.43985480070114136,0.48220929503440857,0.7984591126441956,-0.2772843539714813,0.42176929116249084,0.7663921117782593,-0.5141361951828003,0.4057973027229309,0.7472679018974304,-0.3476353585720062
0.7245085835456848,0.1563168317079544,-0.022348882630467415,0.7355988621711731,0.13053767383098602,-0.0213756300508976,0.7416009306907654,0.12975342571735382,-0.021351978182792664,0.7477521896362305,0.12914003431797028,-0.021280968561768532,0.7262237071990967,0.13147225975990295,0.0003014461253769696,0.724545955657959,0.13099269568920135,0.00019081604841630906,0.7230244874954224,0.1307399570941925,6.780157855246216e-05,0.7656983137130737,0.1406126469373703,0.022144895046949387,0.7344645261764526,0.14068923890590668,0.09420154988765717,0.7364768981933594,0.18167459964752197,-0.008027818985283375,0.7250835299491882,0.18198002874851227,0.01646449789404869,0.8023049235343933,0.24551045894622803,-0.08036798983812332,0.71153724193573,0.2640553116798401,0.1791660636663437,0.7425923943519592,0.36031052470207214,-0.2181958705186844,0.6332653164863586,0.3627532124519348,0.15499642491340637,0.6433950662612915,0.3916546404361725,-0.28822922706604004,0.5506750345230103,0.40104928612709045,-0.004384999163448811,0.610529363155365,0.41489097476005554,-0.3213191628456116,0.5242027044296265,0.41315287351608276,-0.033894091844558716,0.6074135303497314,0.40366727113723755,-0.3136141896247864,0.5235148668289185,0.4113425016403198,-0.05867522209882736,0.6148040294647217,0.39865541458129883,-0.2831427752971649,0.536068320274353,0.4097139537334442,-0.021998489275574684,0.7714252471923828,0.5866270065307617,-0.09585453569889069,0.7228114604949951,0.5679813623428345,0.09585858136415482,0.6302028894424438,0.5193701982498169,-0.2288162261247635,0.5916183590888977,0.4908306896686554,-0.05702409893274307,0.5224674344062805,0.7745835781097412,-0.3503146767616272,0.48599401116371155,0.7478376030921936,-0.22680577635765076,0.5202070474624634,0.8386504054069519,-0.3592289090156555,0.4812101721763611,0.816754937171936,-0.24475595355033875,0.44517946243286133,0.7562910914421082,-0.421670526266098,0.407365620136261,0.7292450666427612,-0.309516578912735
0.7671246528625488,0.1660763919353485,-0.03313586860895157,0.778061032295227,0.1449817270040512,-0.02854372188448906,0.7845157384872437,0.14458152651786804,-0.02853788062930107,0.7920815944671631,0.1445954144001007,-0.02851160801947117,0.7676440477371216,0.14558488130569458,-0.012395752593874931,0.7661091685295105,0.14552940428256989,-0.012504832819104195,0.7646312713623047,0.14570806920528412,-0.012617508880794048,0.8091176748275757,0.1562722772359848,0.019164007157087326,0.7741953134536743,0.15209999680519104,0.08685476332902908,0.778204619884491,0.19444410502910614,-0.015801893547177315,0.7667869329452515,0.19432231783866882,0.004068468231707811,0.8454079627990723,0.26117050647735596,-0.08275529742240906,0.7530887722969055,0.26841893792152405,0.18031273782253265,0.798689603805542,0.3811948001384735,-0.2221139371395111,0.6770719885826111,0.3712818920612335,0.13555221259593964,0.6926191449165344,0.3912884294986725,-0.3056420683860779,0.5980673432350159,0.4009455740451813,-0.05743863433599472,0.6612235307693481,0.4132600426673889,-0.3349844813346863,0.5804126858711243,0.4106611907482147,-0.09331192076206207,0.6565606594085693,0.4033065438270569,-0.33389782905578613,0.5809851288795471,0.4060361981391907,-0.11392553150653839,0.6661668419837952,0.3991222679615021,-0.30346256494522095,0.5899189114570618,0.4046529531478882,-0.07466405630111694,0.8024160265922546,0.587424635887146,-0.0962495282292366,0.7526610493659973,0.5632644891738892,0.09628884494304657,0.6543865203857422,0.5402200818061829,-0.19191399216651917,0.6189260482788086,0.52662193775177,-0.05203972011804581,0.5303012132644653,0.7725783586502075,-0.28872376680374146,0.4934934973716736,0.7477775812149048,-0.18269123136997223,0.5252150893211365,0.8365972638130188,-0.2954851984977722,0.4816233217716217,0.8092352747917175,-0.19802771508693695,0.44586092233657837,0.7516385316848755,-0.3587382733821869,0.41212520003318787,0.7173178195953369,-0.258094847202301
0.8011128306388855,0.19490548968315125,0.06818219274282455,0.8110243678092957,0.1726725846529007,0.07496681809425354,0.8159648776054382,0.1712227761745453,0.07492522895336151,0.8219790458679199,0.17015975713729858,0.07485615462064743,0.8028343319892883,0.17533308267593384,0.09519527852535248,0.8010860681533813,0.1758970469236374,0.09514634311199188,0.799558699131012,0.17628081142902374,0.09504135698080063,0.842448890209198,0.17957141995429993,0.117580845952034,0.8110235333442688,0.18009445071220398,0.20999619364738464,0.8098845481872559,0.21691195666790009,0.0823260173201561,0.8006342053413391,0.2182491570711136,0.10943730920553207,0.8815438151359558,0.2818247377872467,0.03643938526511192,0.7838411331176758,0.2924806475639343,0.26302626729011536,0.856115460395813,0.4205087423324585,-0.05970548465847969,0.7174167633056641,0.40232956409454346,0.21464946866035461,0.7625522017478943,0.3965934216976166,-0.13282868266105652,0.6512405276298523,0.40004730224609375,-0.002153059933334589,0.7330036163330078,0.40844568610191345,-0.15805891156196594,0.6332634687423706,0.4062104821205139,-0.04767974093556404,0.7306699752807617,0.39762377738952637,-0.16122719645500183,0.632721483707428,0.401385635137558,-0.06668976694345474,0.7397505044937134,0.3961421251296997,-0.13200795650482178,0.6410260796546936,0.3990163505077362,-0.02063187025487423,0.8174594044685364,0.5757372379302979,-0.08785491436719894,0.7652339935302734,0.5453574657440186,0.08801358938217163,0.6736048460006714,0.5946725606918335,-0.2240380495786667,0.6368714570999146,0.5476178526878357,-0.07205373048782349,0.5290680527687073,0.7832911014556885,-0.4189363420009613,0.5018303394317627,0.7471421360969543,-0.26913559436798096,0.5165671110153198,0.8507742285728455,-0.4353177547454834,0.4823530614376068,0.8006781935691833,-0.2909061312675476,0.4469149112701416,0.7421212792396545,-0.5274916291236877,0.42074376344680786,0.70942223072052,-0.3608679175376892
0.8241650462150574,0.22405444085597992,0.08527099341154099,0.8332720994949341,0.20447614789009094,0.09198693931102753,0.838950514793396,0.20281681418418884,0.09190939366817474,0.8447489738464355,0.20105482637882233,0.09177129715681076,0.8235319256782532,0.20602817833423615,0.11211991310119629,0.8217223882675171,0.20620416104793549,0.11214800924062729,0.8195998072624207,0.206452414393425,0.11208578199148178,0.8665057420730591,0.20789265632629395,0.1370544582605362,0.8279312252998352,0.21490110456943512,0.23345628380775452,0.8355076909065247,0.2452993392944336,0.10083089023828506,0.8236871957778931,0.25063908100128174,0.1291717290878296,0.9091693758964539,0.3027396500110626,0.07917677611112595,0.8072668313980103,0.31772691011428833,0.27071696519851685,0.9063572883605957,0.46424582600593567,-0.014510750770568848,0.7577254772186279,0.43070900440216064,0.24628372490406036,0.8076387643814087,0.40611428022384644,-0.10034974664449692,0.7040615677833557,0.4145834147930145,0.060478419065475464,0.78168123960495,0.40931829810142517,-0.13023169338703156,0.6891114115715027,0.41026705503463745,0.01663360930979252,0.780785322189331,0.39552298188209534,-0.13080722093582153,0.6890942454338074,0.40100106596946716,-0.010598218068480492,0.7865256071090698,0.39572131633758545,-0.09934134781360626,0.6956377625465393,0.4018903374671936,0.04079703986644745,0.8227981328964233,0.5673790574073792,-0.07898683845996857,0.7678161859512329,0.5321846604347229,0.07923469692468643,0.6930209398269653,0.6136911511421204,-0.2615644037723541,0.6449538469314575,0.5706730484962463,-0.0892004519701004,0.5297368168830872,0.7875813245773315,-0.46450477838516235,0.500356137752533,0.7492846250534058,-0.3160952925682068,0.5134789943695068,0.8536919355392456,-0.48207148909568787,0.48342710733413696,0.8153875470161438,-0.34196752309799194,0.447101354598999,0.7454134821891785,-0.5715631246566772,0.4154592454433441,0.7086126804351807,-0.41937965154647827
0.8349930644035339,0.23833103477954865,0.11303386837244034,0.8451365232467651,0.21713027358055115,0.12224582582712173,0.8506385684013367,0.21710309386253357,0.12219449132680893,0.8566328883171082,0.21674995124340057,0.12200169265270233,0.834107518196106,0.21730627119541168,0.14343172311782837,0.8315994143486023,0.21726025640964508,0.1434958428144455,0.8293818235397339,0.2173696756362915,0.14347000420093536,0.8757532835006714,0.22662243247032166,0.18301212787628174,0.8374716639518738,0.22704440355300903,0.28321823477745056,0.8461900949478149,0.26029226183891296,0.13388650119304657,0.8338448405265808,0.2607361078262329,0.16345329582691193,0.9170535802841187,0.3281547427177429,0.1468237340450287,0.8151577115058899,0.3298387825489044,0.3211992681026459,0.9553040266036987,0.4755965769290924,0.02285531535744667,0.7769454121589661,0.4544004201889038,0.25887125730514526,0.8770917654037476,0.4222967326641083,-0.07039083540439606,0.7540768384933472,0.43077486753463745,0.048130281269550323,0.8514242172241211,0.417683482170105,-0.09755048155784607,0.7456822991371155,0.4232725501060486,-0.0005310190608724952,0.8465938568115234,0.40056902170181274,-0.08496794104576111,0.7474803328514099,0.4114138185977936,-0.008413761854171753,0.8520945310592651,0.4029805064201355,-0.06398911774158478,0.752215564250946,0.4147458076477051,0.03568417206406593,0.8273304104804993,0.5536441802978516,-0.07680453360080719,0.771006166934967,0.5280007123947144,0.07697032392024994,0.6935297250747681,0.6229681372642517,-0.25808241963386536,0.6550625562667847,0.5861485600471497,-0.10294675827026367,0.5279439687728882,0.7872187495231628,-0.46395525336265564,0.5069597959518433,0.7528632879257202,-0.3210892081260681,0.508419930934906,0.8533768653869629,-0.48179927468299866,0.49160289764404297,0.8223525285720825,-0.3457832932472229,0.44094857573509216,0.7283453345298767,-0.5662582516670227,0.42237839102745056,0.7051095962524414,-0.4232272207736969
0.8336421251296997,0.24109289050102234,0.11858763545751572,0.8451265096664429,0.21970753371715546,0.13023123145103455,0.8506234884262085,0.2194211781024933,0.13019616901874542,0.8566423654556274,0.21915586292743683,0.13002151250839233,0.8338910341262817,0.22023020684719086,0.15073731541633606,0.8315848112106323,0.2206057608127594,0.1507929265499115,0.8296486139297485,0.22101536393165588,0.15075130760669708,0.8764351606369019,0.22895702719688416,0.19471271336078644,0.838936448097229,0.23010805249214172,0.2914545238018036,0.8447138071060181,0.2626354396343231,0.14012397825717926,0.8333293795585632,0.2612442672252655,0.16858084499835968,0.9152641296386719,0.33971107006073,0.15533217787742615,0.8207039833068848,0.33005964756011963,0.32633519172668457,0.964066207408905,0.4755476117134094,0.03139447420835495,0.7798432111740112,0.45541122555732727,0.2923681437969208,0.8937338590621948,0.42654427886009216,-0.046854905784130096,0.7636705636978149,0.42987555265426636,0.11539743840694427,0.8713254928588867,0.41957375407218933,-0.07168357819318771,0.7600148916244507,0.42646047472953796,0.07280080020427704,0.8656816482543945,0.40149635076522827,-0.05724087357521057,0.7652205228805542,0.4156718850135803,0.06284617632627487,0.8696945905685425,0.4053766131401062,-0.039730336517095566,0.7671489715576172,0.4195438027381897,0.10362496227025986,0.8238171339035034,0.5555964112281799,-0.07507666200399399,0.7692362070083618,0.5276272892951965,0.07518365979194641,0.6937093138694763,0.6278636455535889,-0.25283411145210266,0.6550521850585938,0.5865081548690796,-0.10516111552715302,0.5231772661209106,0.7894110679626465,-0.4613560736179352,0.5076298713684082,0.750675618648529,-0.3207511603832245,0.5042723417282104,0.8533713221549988,-0.4794899523258209,0.49097147583961487,0.8194039463996887,-0.3452421724796295,0.43395113945007324,0.7337210774421692,-0.5626556873321533,0.4200666546821594,0.7051786780357361,-0.4187278151512146
0.8306444883346558,0.23864902555942535,0.10966368019580841,0.8414724469184875,0.2169267237186432,0.11903510242700577,0.8469043970108032,0.2168656885623932,0.11900420486927032,0.8529649972915649,0.21674443781375885,0.11883418262004852,0.8303899765014648,0.21723446249961853,0.1398392617702484,0.8281572461128235,0.21746061742305756,0.13988278806209564,0.826032817363739,0.2178276926279068,0.139861598610878,0.8726899027824402,0.225920170545578,0.17886485159397125,0.8352063894271851,0.22713921964168549,0.2761838138103485,0.8418452143669128,0.2602405250072479,0.1299106478691101,0.8302434682846069,0.25939518213272095,0.15864035487174988,0.9135920405387878,0.33429038524627686,0.13821780681610107,0.8160573244094849,0.3281865119934082,0.31564971804618835,0.9624985456466675,0.46706825494766235,0.021879496052861214,0.7825929522514343,0.4541437327861786,0.2792571187019348,0.8936259150505066,0.4334297180175781,-0.061639200896024704,0.7614257335662842,0.43543222546577454,0.1056215763092041,0.8708419799804688,0.43051719665527344,-0.08779571950435638,0.7531527876853943,0.43292123079299927,0.06448994576931,0.867851734161377,0.4205705523490906,-0.07883434742689133,0.7575594186782837,0.4231993854045868,0.050802506506443024,0.8681694269180298,0.41448521614074707,-0.05729963630437851,0.7629102468490601,0.42607948184013367,0.09252645075321198,0.8234210014343262,0.5568352341651917,-0.07486522197723389,0.7679545879364014,0.5290125012397766,0.07495437562465668,0.6944409012794495,0.6304497122764587,-0.24867253005504608,0.6555179357528687,0.5847181677818298,-0.10687150806188583,0.5248966813087463,0.7896630167961121,-0.45579925179481506,0.508186936378479,0.75007563829422,-0.3217683434486389,0.5051419734954834,0.8550936579704285,-0.47370845079421997,0.49528011679649353,0.8187571167945862,-0.3457311689853668,0.43610525131225586,0.7352153062820435,-0.5574179291725159,0.42057743668556213,0.7040124535560608,-0.4158102571964264
0.8270020484924316,0.23708558082580566,0.10732372850179672,0.8375509977340698,0.21494756639003754,0.11776584386825562,0.8428961634635925,0.21407558023929596,0.11773423850536346,0.8488095998764038,0.21307985484600067,0.11757922172546387,0.8267362713813782,0.21493378281593323,0.13813596963882446,0.8245365023612976,0.21496352553367615,0.13815200328826904,0.8223181962966919,0.21500714123249054,0.13808086514472961,0.8699498176574707,0.22041776776313782,0.17875172197818756,0.8323763012886047,0.22556032240390778,0.27558624744415283,0.8383610844612122,0.25750231742858887,0.12881514430046082,0.8269392251968384,0.2579309344291687,0.1571216583251953,0.9125329852104187,0.33227330446243286,0.1402498185634613,0.8127427101135254,0.3265989124774933,0.31103211641311646,0.9545156359672546,0.47322824597358704,0.03171487897634506,0.7798614501953125,0.4511737525463104,0.25420624017715454,0.884712815284729,0.4484495520591736,-0.054651081562042236,0.7533060312271118,0.4425869882106781,0.030016425997018814,0.8570243120193481,0.4603389799594879,-0.08479131758213043,0.7456660866737366,0.4451340138912201,-0.021410508081316948,0.855372428894043,0.45262524485588074,-0.07986949384212494,0.7493188977241516,0.4307660758495331,-0.030049335211515427,0.8593255281448364,0.4536251425743103,-0.05209081247448921,0.7538646459579468,0.4350915551185608,0.018129536882042885,0.8233623504638672,0.5549183487892151,-0.07522816956043243,0.7676268815994263,0.5264263153076172,0.07531973719596863,0.6958388686180115,0.6286452412605286,-0.24771356582641602,0.6546562910079956,0.5833306908607483,-0.1001114621758461,0.5244588255882263,0.7881677150726318,-0.4555593430995941,0.5108502507209778,0.7500024437904358,-0.31454959511756897,0.5040289163589478,0.8484388589859009,-0.4737025201320648,0.49528616666793823,0.8197575807571411,-0.3382176160812378,0.43439584970474243,0.7268132567405701,-0.5584669709205627,0.4212877154350281,0.701068639755249,-0.4101335108280182
0.8173478841781616,0.2248721718788147,0.055569879710674286,0.8263298273086548,0.20093366503715515,0.058985672891139984,0.8322490453720093,0.20037958025932312,0.0589151605963707,0.8376669883728027,0.19853365421295166,0.05877562612295151,0.8153098225593567,0.20356585085391998,0.08065817505121231,0.8120719194412231,0.20420078933238983,0.08068470656871796,0.8091217279434204,0.20480000972747803,0.08065757155418396,0.8581506013870239,0.20431889593601227,0.09759587794542313,0.8189976811408997,0.21685896813869476,0.20198354125022888,0.8298419713973999,0.2461363673210144,0.06971628218889236,0.8174182772636414,0.2525826394557953,0.10047708451747894,0.9103328585624695,0.32154422998428345,0.06963789463043213,0.8027783632278442,0.3261430263519287,0.2463567703962326,0.9336550831794739,0.4843899607658386,-0.010296221822500229,0.7682865858078003,0.4507061541080475,0.20873312652111053,0.8399427533149719,0.4629479646682739,-0.09497729688882828,0.7271722555160522,0.4439828097820282,-0.01133538968861103,0.8076666593551636,0.47970589995384216,-0.12533995509147644,0.7151316404342651,0.4476163983345032,-0.0591452419757843,0.8005185127258301,0.45859968662261963,-0.12270009517669678,0.7157090306282043,0.4349006116390228,-0.07670427113771439,0.8068702816963196,0.4548516869544983,-0.09200283885002136,0.722357451915741,0.4361511170864105,-0.02693692408502102,0.8219326138496399,0.5677416920661926,-0.07734723389148712,0.7638077139854431,0.5410968065261841,0.07756834477186203,0.6973496675491333,0.6263929605484009,-0.2852938771247864,0.6502708196640015,0.5816530585289001,-0.09439385682344437,0.5251956582069397,0.7876328229904175,-0.4907495975494385,0.5011585354804993,0.7519062757492065,-0.33525532484054565,0.5092282891273499,0.8524748682975769,-0.5089420080184937,0.4905052185058594,0.8227624893188477,-0.36229631304740906,0.433854877948761,0.7317867875099182,-0.5954912900924683,0.41797399520874023,0.7068646550178528,-0.43194976449012756
0.8024423718452454,0.20723497867584229,0.025234034284949303,0.8113011121749878,0.18649603426456451,0.02888575568795204,0.8171111941337585,0.18502402305603027,0.028842732310295105,0.8229126930236816,0.18342947959899902,0.028758596628904343,0.8003040552139282,0.1876879185438156,0.04885027930140495,0.7974278926849365,0.18718570470809937,0.048854611814022064,0.795369029045105,0.18705177307128906,0.04878755286335945,0.8417495489120483,0.18717166781425476,0.06843962520360947,0.8034378886222839,0.19733306765556335,0.16348007321357727,0.8141281008720398,0.2302672266960144,0.04005056619644165,0.8019450306892395,0.22960402071475983,0.06813346594572067,0.8936749696731567,0.3025971055030823,0.035387858748435974,0.7880004048347473,0.3145569860935211,0.21202535927295685,0.8997087478637695,0.48140236735343933,-0.0368238128721714,0.7444067597389221,0.4419727325439453,0.19753672182559967,0.8073558807373047,0.4789365530014038,-0.12808850407600403,0.6982187032699585,0.45432570576667786,0.0076798563823103905,0.7775881290435791,0.5020465850830078,-0.1603446751832962,0.6784802675247192,0.4685702919960022,-0.03710540384054184,0.7724001407623291,0.48444104194641113,-0.1616903841495514,0.6793145537376404,0.4556296467781067,-0.06240081042051315,0.7768532633781433,0.4770708382129669,-0.12724396586418152,0.6861258745193481,0.45412978529930115,-0.010462097823619843,0.8169493675231934,0.5771381855010986,-0.07753022015094757,0.7567080855369568,0.5491136312484741,0.0777934342622757,0.6939225196838379,0.6287781000137329,-0.2890045940876007,0.639694333076477,0.583577573299408,-0.09161389619112015,0.523420512676239,0.788814127445221,-0.46984410285949707,0.49624547362327576,0.7560909986495972,-0.3145804703235626,0.5087726712226868,0.8529225587844849,-0.4872299134731293,0.48194828629493713,0.8258851170539856,-0.33956378698349,0.4350112974643707,0.7396527528762817,-0.5769288539886475,0.41304874420166016,0.7143711447715759,-0.4067349433898926
0.7855235934257507,0.19630561769008636,-0.01606295071542263,0.7942322492599487,0.17298151552677155,-0.014147432520985603,0.7997040748596191,0.17180533707141876,-0.014195667579770088,0.8052164316177368,0.17012986540794373,-0.014247666113078594,0.7842070460319519,0.17451518774032593,0.00566125800833106,0.7814934253692627,0.1746436506509781,0.0056392718106508255,0.7792314291000366,0.17523345351219177,0.005574463866651058,0.8252399563789368,0.17398184537887573,0.020613616332411766,0.7888538837432861,0.1844400018453598,0.11339415609836578,0.7972580194473267,0.2192366123199463,-0.0023363095242530107,0.7859290838241577,0.21781688928604126,0.02499173767864704,0.8771470189094543,0.28604090213775635,-0.033741969615221024,0.7723197340965271,0.30574390292167664,0.17970487475395203,0.8716744184494019,0.46220752596855164,-0.11299575865268707,0.7130848169326782,0.42648547887802124,0.16726425290107727,0.763191819190979,0.4902736246585846,-0.19296076893806458,0.6573158502578735,0.4606359601020813,-0.013295101933181286,0.7338452935218811,0.5224119424819946,-0.22622482478618622,0.6400046944618225,0.48123443126678467,-0.057859648019075394,0.7234990000724792,0.5031511783599854,-0.23353831470012665,0.6421887874603271,0.4709167778491974,-0.0841025859117508,0.7299484014511108,0.4952296316623688,-0.19430139660835266,0.6495952010154724,0.467215895652771,-0.032435834407806396,0.8157008290290833,0.5764166116714478,-0.07969657331705093,0.756198525428772,0.5482364892959595,0.08003551512956619,0.6919059753417969,0.6294102668762207,-0.2577851414680481,0.63902747631073,0.5838325023651123,-0.10208086669445038,0.5243287086486816,0.7899290323257446,-0.4048087000846863,0.4964332580566406,0.7572293877601624,-0.29954999685287476,0.5098204612731934,0.8533495664596558,-0.4184591770172119,0.47703981399536133,0.8200317621231079,-0.3213343620300293,0.4395512044429779,0.7735975384712219,-0.5133408308029175,0.4126766324043274,0.7163721919059753,-0.39786243438720703
0.7665661573410034,0.18423518538475037,-0.05612318962812424,0.7767543196678162,0.16044141352176666,-0.05214361473917961,0.7816427946090698,0.15917259454727173,-0.052206046879291534,0.7870439291000366,0.15751634538173676,-0.05224643275141716,0.766957700252533,0.16329190135002136,-0.03446279838681221,0.7650779485702515,0.16397303342819214,-0.034508999437093735,0.7632498145103455,0.1645672619342804,-0.03457413613796234,0.807623565196991,0.1618480086326599,-0.01318890880793333,0.7743648290634155,0.17173929512500763,0.06702259182929993,0.7782766819000244,0.20719347894191742,-0.04146767407655716,0.7676498889923096,0.2079419642686844,-0.017748001962900162,0.8569234013557434,0.274696409702301,-0.08975929766893387,0.7556190490722656,0.3000422716140747,0.15574511885643005,0.8346078991889954,0.4448432922363281,-0.17618945240974426,0.691125214099884,0.4175879955291748,0.11431411653757095,0.7322422862052917,0.5001534223556519,-0.23789723217487335,0.6267539858818054,0.4641117453575134,-0.08229286968708038,0.7026830911636353,0.536141037940979,-0.26990601420402527,0.6122931241989136,0.4884636402130127,-0.12339432537555695,0.6971674561500549,0.5167485475540161,-0.2748870849609375,0.6128445863723755,0.4794236421585083,-0.14629259705543518,0.702389121055603,0.5071067214012146,-0.2382066696882248,0.619410514831543,0.4739556610584259,-0.10043840110301971,0.8153109550476074,0.5779902935028076,-0.08551967144012451,0.7568725347518921,0.558391809463501,0.08595883101224899,0.6790693998336792,0.6197472214698792,-0.252352774143219,0.6394679546356201,0.5800438523292542,-0.12543043494224548,0.5212032794952393,0.784940779209137,-0.40552234649658203,0.49990740418434143,0.7565196752548218,-0.30785852670669556,0.510125994682312,0.8519731163978577,-0.4193621575832367,0.4824391007423401,0.8119699954986572,-0.325289249420166,0.4375579357147217,0.7634572982788086,-0.5169367790222168,0.4225389063358307,0.7139274477958679,-0.4129341244697571
0.74644535779953,0.17572657763957977,-0.08018455654382706,0.756338357925415,0.1527925431728363,-0.07861950993537903,0.7616117000579834,0.15080955624580383,-0.07867486774921417,0.7678348422050476,0.14882411062717438,-0.0787120833992958,0.7460518479347229,0.15483860671520233,-0.06034548208117485,0.744158923625946,0.15491336584091187,-0.060380082577466965,0.742557942867279,0.15493778884410858,-0.060444705188274384,0.7883134484291077,0.15483877062797546,-0.044104259461164474,0.7547925114631653,0.15925446152687073,0.03906252235174179,0.7583761215209961,0.1991451531648636,-0.06634682416915894,0.7484230399131775,0.2027849555015564,-0.04178759455680847,0.8405122756958008,0.26895320415496826,-0.12637737393379211,0.7391351461410522,0.29054367542266846,0.1387680470943451,0.8070462942123413,0.43536388874053955,-0.22234706580638885,0.6718230247497559,0.40833884477615356,0.10325262695550919,0.7066235542297363,0.5088428258895874,-0.27503353357315063,0.6062897443771362,0.4651794731616974,-0.0833846852183342,0.6831632852554321,0.5472785830497742,-0.3068142831325531,0.5879564881324768,0.4901924133300781,-0.12181037664413452,0.6735143661499023,0.5279290676116943,-0.30928879976272583,0.5872635841369629,0.4871266782283783,-0.14498628675937653,0.6782954931259155,0.5180199146270752,-0.27424532175064087,0.5965875387191772,0.48242098093032837,-0.10127218067646027,0.8136054277420044,0.5877107977867126,-0.08955491334199905,0.7558005452156067,0.5663946270942688,0.0900430753827095,0.6764487028121948,0.6058918237686157,-0.25115445256233215,0.6358194351196289,0.5775845646858215,-0.12859931588172913,0.5214871168136597,0.7859736680984497,-0.38877782225608826,0.5009117722511292,0.7597357630729675,-0.31094133853912354,0.5106236338615417,0.8509277105331421,-0.4018034338951111,0.4847663342952728,0.8128634095191956,-0.32932355999946594,0.4400857985019684,0.7633598446846008,-0.5009610652923584,0.4245598316192627,0.7141767144203186,-0.41585737466812134
0.7264126539230347,0.17373241484165192,-0.08496241271495819,0.7357766628265381,0.1499791294336319,-0.08027178794145584,0.7414860129356384,0.1484164148569107,-0.08029063045978546,0.7474921941757202,0.14688387513160706,-0.08029050379991531,0.7262816429138184,0.15176521241664886,-0.06467042118310928,0.724444568157196,0.15196797251701355,-0.06473056226968765,0.7227929830551147,0.15214239060878754,-0.06478814780712128,0.7679701447486877,0.15300825238227844,-0.03207956999540329,0.7354519367218018,0.15712128579616547,0.03722251579165459,0.7384642362594604,0.19783824682235718,-0.0663561001420021,0.7288757562637329,0.20125959813594818,-0.046017467975616455,0.8190107345581055,0.2656858563423157,-0.12415425479412079,0.7201598882675171,0.2875700891017914,0.1384361833333969,0.7791372537612915,0.42363297939300537,-0.22919407486915588,0.6517726182937622,0.40377455949783325,0.09117145836353302,0.6785506010055542,0.5169839859008789,-0.2774563729763031,0.5791889429092407,0.46801215410232544,-0.10107053816318512,0.6500283479690552,0.5584052801132202,-0.30885738134384155,0.5624236464500427,0.4943331778049469,-0.13906440138816833,0.6384596228599548,0.5407865047454834,-0.3102490305900574,0.5626988410949707,0.4925009310245514,-0.1616225242614746,0.6413456201553345,0.5310860276222229,-0.27601295709609985,0.5701385140419006,0.48710352182388306,-0.11854658275842667,0.8103491067886353,0.586938202381134,-0.09191635996103287,0.7545707821846008,0.5699104070663452,0.09234321117401123,0.6634116172790527,0.5770079493522644,-0.23294703662395477,0.6226440072059631,0.5817898511886597,-0.12138058990240097,0.5228574872016907,0.7770634889602661,-0.36407503485679626,0.5041881203651428,0.7534518837928772,-0.29112616181373596,0.5137840509414673,0.8492891192436218,-0.3757074475288391,0.49418869614601135,0.8021816611289978,-0.30890530347824097,0.4418916702270508,0.7681562900543213,-0.46240687370300293,0.42609232664108276,0.7157928347587585,-0.3836674392223358
0.703261137008667,0.17064988613128662,-0.08617798238992691,0.7126463651657104,0.14594990015029907,-0.08509821444749832,0.7176289558410645,0.14422957599163055,-0.0851224735379219,0.7231417894363403,0.14277283847332,-0.08509741723537445,0.7034182548522949,0.14878109097480774,-0.067718505859375,0.701994001865387,0.14901387691497803,-0.06779155880212784,0.7008533477783203,0.14921538531780243,-0.0678749531507492,0.745952308177948,0.14996154606342316,-0.048894479870796204,0.7148028016090393,0.15378481149673462,0.029476383700966835,0.7161579132080078,0.19421939551830292,-0.07137274742126465,0.70602947473526,0.198123037815094,-0.04834972694516182,0.7980291247367859,0.26033443212509155,-0.13755953311920166,0.6998568773269653,0.2865943908691406,0.1325386017560959,0.7463362812995911,0.415213406085968,-0.23563213646411896,0.6250693202018738,0.4050661623477936,0.13113126158714294,0.6537923216819763,0.5231735110282898,-0.2753346562385559,0.5504162311553955,0.47778770327568054,0.009934189729392529,0.625099778175354,0.5599283576011658,-0.3048241138458252,0.530193567276001,0.5077815055847168,-0.015544247813522816,0.6155984997749329,0.5456056594848633,-0.30493634939193726,0.5308767557144165,0.5074840188026428,-0.045303747057914734,0.6196714043617249,0.5342370867729187,-0.2739347815513611,0.5379251837730408,0.5004918575286865,-0.008651478216052055,0.8003345727920532,0.590181827545166,-0.09261858463287354,0.7463253140449524,0.5748828649520874,0.09297636896371841,0.6606441736221313,0.5613692998886108,-0.26297229528427124,0.6088978052139282,0.5315428972244263,-0.13986635208129883,0.5331910252571106,0.76478111743927,-0.3924698531627655,0.50074303150177,0.7520982623100281,-0.31802505254745483,0.527286171913147,0.8441896438598633,-0.40377283096313477,0.4969902038574219,0.8073973655700684,-0.33571887016296387,0.4625891149044037,0.7773717045783997,-0.48534339666366577,0.4231444001197815,0.7189165949821472,-0.4109498858451843
0.6789564490318298,0.17013607919216156,-0.03831424191594124,0.689105749130249,0.14459672570228577,-0.033415537327528,0.6950026750564575,0.14268603920936584,-0.03339563310146332,0.700947105884552,0.14129294455051422,-0.03332120180130005,0.6799668669700623,0.14782126247882843,-0.01568460464477539,0.6785275340080261,0.14814700186252594,-0.01578877680003643,0.6773151159286499,0.14846272766590118,-0.0158938467502594,0.7224441766738892,0.1482592225074768,0.010848075151443481,0.6915609240531921,0.15316830575466156,0.09092447906732559,0.6927852034568787,0.1941167414188385,-0.02213774435222149,0.6833166480064392,0.19811499118804932,0.00112967099994421,0.77695232629776,0.25855186581611633,-0.09438583254814148,0.6783965826034546,0.28718042373657227,0.18330949544906616,0.7162516713142395,0.41772210597991943,-0.20548966526985168,0.5997089743614197,0.4078308641910553,0.1749490201473236,0.6197623014450073,0.5331201553344727,-0.24278254806995392,0.5222812294960022,0.482827365398407,0.0374206081032753,0.5950660705566406,0.5681235790252686,-0.26945960521698,0.5051950216293335,0.5130773782730103,0.011268182657659054,0.5842140316963196,0.5586978197097778,-0.26944464445114136,0.5045801401138306,0.514094352722168,-0.01610400155186653,0.5906128287315369,0.5440657138824463,-0.2413540631532669,0.5111597180366516,0.5071857571601868,0.019686587154865265,0.7833519577980042,0.5920203924179077,-0.09440749138593674,0.7296782732009888,0.5776217579841614,0.09450732171535492,0.6391725540161133,0.5231077671051025,-0.2754959762096405,0.5925633311271667,0.5095094442367554,-0.1110013946890831,0.5323561429977417,0.7623335123062134,-0.41495761275291443,0.4958008825778961,0.751537561416626,-0.320453941822052,0.527175784111023,0.8442181944847107,-0.4261173605918884,0.4920867383480072,0.8173070549964905,-0.341545432806015,0.4574907422065735,0.7831839919090271,-0.5121749043464661,0.4222567081451416,0.7306466698646545,-0.42343491315841675
0.6565054655075073,0.16921645402908325,-0.06527005136013031,0.6655293703079224,0.14421118795871735,-0.0653502568602562,0.6706740260124207,0.14238713681697845,-0.0652952790260315,0.6760575771331787,0.140924334526062,-0.06515543162822723,0.6573845148086548,0.14683222770690918,-0.04382549598813057,0.6561652421951294,0.14682793617248535,-0.04396924003958702,0.655161440372467,0.1467157006263733,-0.04411783814430237,0.6988404393196106,0.1476047784090042,-0.038263000547885895,0.66941237449646,0.1516803801059723,0.05799773335456848,0.6700488924980164,0.1922847330570221,-0.05435909703373909,0.6607958078384399,0.19538764655590057,-0.02628852054476738,0.7521960735321045,0.2603273093700409,-0.12699845433235168,0.6588170528411865,0.2864483594894409,0.16117417812347412,0.6730197072029114,0.42151138186454773,-0.21072182059288025,0.5769494771957397,0.4080578684806824,0.18603913486003876,0.5786848068237305,0.5303291082382202,-0.22253477573394775,0.49352654814720154,0.48862528800964355,0.06929701566696167,0.5538949370384216,0.5699303150177002,-0.2482120245695114,0.47591790556907654,0.5213457942008972,0.05231676623225212,0.547255277633667,0.5624301433563232,-0.24244940280914307,0.4766196310520172,0.5232381820678711,0.023517491295933723,0.5541834831237793,0.5470613837242126,-0.21982629597187042,0.48440518975257874,0.514980673789978,0.05254935100674629,0.7625409960746765,0.5916780829429626,-0.09597884118556976,0.7086560130119324,0.5761138796806335,0.09594683349132538,0.6275790333747864,0.5058613419532776,-0.30552053451538086,0.5782483816146851,0.4849916994571686,-0.11225616931915283,0.5215626955032349,0.7607040405273438,-0.4443393647670746,0.4924697279930115,0.7543821334838867,-0.2939921021461487,0.5250787734985352,0.8385654091835022,-0.45806407928466797,0.49253445863723755,0.8212184309959412,-0.3135039806365967,0.44741734862327576,0.7480374574661255,-0.5449119210243225,0.4213889241218567,0.7298480272293091,-0.3946421146392822
0.6312694549560547,0.16787073016166687,-0.034359607845544815,0.6405977010726929,0.14128068089485168,-0.03266727179288864,0.6456316709518433,0.13952022790908813,-0.03261107578873634,0.6510477662086487,0.1382567584514618,-0.03248206526041031,0.632281482219696,0.14373740553855896,-0.012918701395392418,0.6310356855392456,0.14355602860450745,-0.013050781562924385,0.6299640536308289,0.14323623478412628,-0.013194182887673378,0.6735352873802185,0.1464746743440628,-0.0007491083815693855,0.6430339217185974,0.14967972040176392,0.08992747217416763,0.6443328261375427,0.1897585690021515,-0.02235240675508976,0.6346325874328613,0.19204922020435333,0.0038724392652511597,0.7271812558174133,0.26069748401641846,-0.09399381279945374,0.6303936839103699,0.28730395436286926,0.17631737887859344,0.649246871471405,0.4215390384197235,-0.17438411712646484,0.5484809279441833,0.408529669046402,0.1894344985485077,0.5463699698448181,0.5053005814552307,-0.19273242354393005,0.4616246819496155,0.49707451462745667,0.08004581183195114,0.5228223204612732,0.5537745356559753,-0.21659572422504425,0.4398478865623474,0.5276622772216797,0.06131003424525261,0.5121537446975708,0.5504116415977478,-0.21571442484855652,0.440605491399765,0.5293804407119751,0.032988276332616806,0.5220159292221069,0.5329919457435608,-0.19142688810825348,0.44943779706954956,0.5229433178901672,0.06264233589172363,0.7434778213500977,0.5915676355361938,-0.09726723283529282,0.6896134614944458,0.5766040086746216,0.09704212099313736,0.6133822202682495,0.4886547923088074,-0.2978845536708832,0.554090142250061,0.47904786467552185,-0.07525857537984848,0.5139347910881042,0.7611562013626099,-0.41375932097435,0.48631033301353455,0.7452197670936584,-0.25989988446235657,0.5208078622817993,0.8367423415184021,-0.4239063858985901,0.49048805236816406,0.8163337111473083,-0.27976420521736145,0.4371723532676697,0.7577699422836304,-0.5152154564857483,0.4154394567012787,0.7334875464439392,-0.3570159673690796
0.6042495369911194,0.16908428072929382,-0.14537975192070007,0.613014817237854,0.14127741754055023,-0.14783558249473572,0.6179274916648865,0.13953548669815063,-0.14777548611164093,0.6238242387771606,0.13813503086566925,-0.14766715466976166,0.6043310761451721,0.14389902353286743,-0.12572993338108063,0.6029924154281616,0.1438133418560028,-0.12584993243217468,0.6018773317337036,0.1435447335243225,-0.12595166265964508,0.6475173234939575,0.146721750497818,-0.1180560439825058,0.6148740649223328,0.1497238278388977,-0.017029792070388794,0.6177752614021301,0.19118650257587433,-0.1332944929599762,0.6073671579360962,0.1932687908411026,-0.1039867252111435,0.6963225603103638,0.2650284767150879,-0.2014024555683136,0.6038734316825867,0.28755953907966614,0.08864426612854004,0.60759037733078,0.4243839979171753,-0.27631840109825134,0.5206037759780884,0.40814679861068726,0.10284581035375595,0.49778157472610474,0.5086144208908081,-0.2667699158191681,0.43639349937438965,0.5049349665641785,0.027352619916200638,0.4681773781776428,0.554205596446991,-0.2956131100654602,0.41297492384910583,0.5373216867446899,0.009823043830692768,0.4592006206512451,0.5513252019882202,-0.2936265468597412,0.41289544105529785,0.5399385690689087,-0.02541608177125454,0.46734920144081116,0.533635139465332,-0.2651679813861847,0.42363470792770386,0.5338958501815796,0.006989032030105591,0.7205681800842285,0.5949417948722839,-0.10337946563959122,0.664338231086731,0.5813837051391602,0.10299018770456314,0.5922763347625732,0.47223857045173645,-0.2856667637825012,0.5305747985839844,0.45420995354652405,0.011496181599795818,0.5117392539978027,0.7616420984268188,-0.3393222391605377,0.48600396513938904,0.7468360066413879,-0.1236020177602768,0.5202507376670837,0.840692400932312,-0.34413036704063416,0.4928811192512512,0.8126195073127747,-0.1393824964761734,0.43888264894485474,0.7893341183662415,-0.42328697443008423,0.41312628984451294,0.7678742408752441,-0.19881603121757507
0.5732340216636658,0.16980576515197754,-0.09743940085172653,0.5827729105949402,0.14167556166648865,-0.10744722932577133,0.5877087712287903,0.13983453810214996,-0.10743651539087296,0.5930885672569275,0.13824112713336945,-0.10733331739902496,0.5749484300613403,0.144790381193161,-0.07600076496601105,0.5737566351890564,0.14507052302360535,-0.07608284801244736,0.5727893710136414,0.14527101814746857,-0.07622251659631729,0.6172069311141968,0.1466464400291443,-0.08413060754537582,0.5893279314041138,0.15114805102348328,0.04441571235656738,0.5860490202903748,0.1935584545135498,-0.0950038880109787,0.5766603350639343,0.19704626500606537,-0.053671449422836304,0.6651979684829712,0.2662619352340698,-0.17528127133846283,0.579322099685669,0.28789860010147095,0.15581820905208588,0.5707575082778931,0.41083988547325134,-0.26124677062034607,0.4872201979160309,0.3992761969566345,0.18240967392921448,0.4488597810268402,0.5086306929588318,-0.2614106237888336,0.39800578355789185,0.505682647228241,0.09311339259147644,0.4130709171295166,0.5499972701072693,-0.28904131054878235,0.36757132411003113,0.5374787449836731,0.07990952581167221,0.4068540930747986,0.5491968989372253,-0.2886081337928772,0.3737557530403137,0.5410252809524536,0.03911905363202095,0.41691112518310547,0.5331643223762512,-0.26078569889068604,0.3847413659095764,0.5351922512054443,0.0695168524980545,0.6925184726715088,0.6044676303863525,-0.10727401077747345,0.6375483870506287,0.6008630990982056,0.1069023460149765,0.5772258639335632,0.4616108238697052,-0.32916122674942017,0.5113710165023804,0.44455790519714355,0.005324068944901228,0.5063548684120178,0.7596080303192139,-0.4182213842868805,0.49324163794517517,0.7491328716278076,-0.14823368191719055,0.5131937265396118,0.8375736474990845,-0.42581886053085327,0.5033103823661804,0.8041592836380005,-0.16546225547790527,0.4138326644897461,0.7798573970794678,-0.5269829630851746,0.4166322350502014,0.7643705010414124,-0.22824537754058838
0.5440841913223267,0.17018575966358185,-0.05238080769777298,0.5538666248321533,0.142601877450943,-0.059904176741838455,0.5591971278190613,0.1406300812959671,-0.059918902814388275,0.564756453037262,0.1388428956270218,-0.05981827899813652,0.5458106994628906,0.14568333327770233,-0.029402930289506912,0.544623851776123,0.14604739844799042,-0.029489103704690933,0.5437220335006714,0.14629009366035461,-0.0296168215572834,0.5893071293830872,0.14704255759716034,-0.04231025651097298,0.5617572069168091,0.1516672521829605,0.08419349789619446,0.5578832626342773,0.1955728381872177,-0.04994260519742966,0.5481395125389099,0.19911007583141327,-0.009697668254375458,0.6346504092216492,0.2662973701953888,-0.15948300063610077,0.5541054010391235,0.29175472259521484,0.19400335848331451,0.5292888879776001,0.4023522734642029,-0.26151853799819946,0.45658016204833984,0.3965994417667389,0.2290538251399994,0.40145188570022583,0.4818482995033264,-0.25800836086273193,0.3601962625980377,0.49474936723709106,0.1407182365655899,0.3671359121799469,0.5262194871902466,-0.2874687612056732,0.33131885528564453,0.5312902927398682,0.13111138343811035,0.3588104844093323,0.5228448510169983,-0.28149932622909546,0.33339372277259827,0.5349602699279785,0.0923137217760086,0.3765130639076233,0.49360328912734985,-0.2536899149417877,0.3439304232597351,0.526344895362854,0.11794940382242203,0.6706924438476562,0.6133635640144348,-0.10759393125772476,0.62042236328125,0.6137233972549438,0.10724173486232758,0.5536394715309143,0.45364561676979065,-0.3171825110912323,0.5016204118728638,0.4729873239994049,0.050475336611270905,0.4894035756587982,0.7633704543113708,-0.3735721707344055,0.492739200592041,0.7344490885734558,-0.06670384109020233,0.5081684589385986,0.8423090577125549,-0.3787948787212372,0.5058072805404663,0.7825925946235657,-0.08104819804430008,0.40498965978622437,0.7689570188522339,-0.4763055443763733,0.4258549213409424,0.765368640422821,-0.15108487010002136
0.518416702747345,0.17806610465049744,-0.07412921637296677,0.5274364948272705,0.14710107445716858,-0.09304049611091614,0.5320804715156555,0.14509128034114838,-0.09306488931179047,0.5371555685997009,0.14299912750720978,-0.09296657145023346,0.5201970934867859,0.14943571388721466,-0.0569830946624279,0.5193669199943542,0.14918901026248932,-0.05707626789808273,0.5187662243843079,0.14886406064033508,-0.057179175317287445,0.562608540058136,0.1490795761346817,-0.10459534823894501,0.5374019742012024,0.15229208767414093,0.04914965480566025,0.5328012704849243,0.20428024232387543,-0.08010146766901016,0.5235997438430786,0.20538154244422913,-0.031789254397153854,0.606033980846405,0.2673971354961395,-0.20498254895210266,0.5413675308227539,0.2914315164089203,0.17533180117607117,0.4806095063686371,0.40065234899520874,-0.29624539613723755,0.4373745024204254,0.3876740336418152,0.2059117555618286,0.34748274087905884,0.4762861430644989,-0.29608598351478577,0.3202962279319763,0.48445942997932434,0.11578043550252914,0.30813682079315186,0.5221312642097473,-0.3313947319984436,0.2934151291847229,0.5121787786483765,0.11081352084875107,0.30219048261642456,0.5204150080680847,-0.3147858679294586,0.29352959990501404,0.521120011806488,0.06301748007535934,0.31029409170150757,0.5046620965003967,-0.2892264723777771,0.3036920726299286,0.5137401819229126,0.0894995778799057,0.6534887552261353,0.6179677844047546,-0.11280276626348495,0.6096696853637695,0.6241846680641174,0.11238610744476318,0.5312108397483826,0.43956243991851807,-0.28137487173080444,0.4812929034233093,0.46273425221443176,0.1270056664943695,0.4851652681827545,0.7582891583442688,-0.2896686792373657,0.4925146698951721,0.7231231927871704,0.035749927163124084,0.5042627453804016,0.8394514918327332,-0.28969866037368774,0.5062988996505737,0.7692633867263794,0.024152515456080437,0.39893218874931335,0.768776535987854,-0.3661192059516907,0.423980176448822,0.7531296014785767,-0.031049812212586403
0.5020257234573364,0.17896632850170135,-0.22065532207489014,0.5099928379058838,0.14837297797203064,-0.2366188019514084,0.5140466690063477,0.1464034467935562,-0.23664633929729462,0.5188876986503601,0.1444767713546753,-0.23660437762737274,0.5032711625099182,0.15035609900951385,-0.2005179226398468,0.5026033520698547,0.14988872408866882,-0.20058217644691467,0.5020101070404053,0.14938285946846008,-0.20065417885780334,0.5443814992904663,0.14979074895381927,-0.2321680337190628,0.5196616053581238,0.15223607420921326,-0.06894855201244354,0.5146291255950928,0.204315185546875,-0.21531447768211365,0.5065755248069763,0.20524832606315613,-0.1678084433078766,0.5801291465759277,0.2680632770061493,-0.3195410370826721,0.5315388441085815,0.29074597358703613,0.09412617981433868,0.4459823966026306,0.3922438621520996,-0.4142410159111023,0.40549397468566895,0.39843636751174927,0.11295715719461441,0.3089810013771057,0.4679318368434906,-0.4280683100223541,0.295471727848053,0.48075446486473083,0.017009643837809563,0.2756698727607727,0.512601375579834,-0.4751129746437073,0.26701098680496216,0.512543797492981,0.009617707692086697,0.26794061064720154,0.512540340423584,-0.45399633049964905,0.26539260149002075,0.5181635022163391,-0.036932311952114105,0.27644115686416626,0.5000860095024109,-0.4205571711063385,0.2730668783187866,0.5095821022987366,-0.008615315891802311,0.6367753744125366,0.6188328862190247,-0.12520615756511688,0.5948264002799988,0.6278561353683472,0.12465087324380875,0.5082341432571411,0.4193929135799408,-0.2618330717086792,0.45869868993759155,0.4455108642578125,0.187040314078331,0.49631085991859436,0.7470089197158813,-0.18755707144737244,0.4869375228881836,0.714361310005188,0.14963211119174957,0.5085705518722534,0.8202275633811951,-0.17808791995048523,0.5053891539573669,0.7681461572647095,0.14457058906555176,0.4191490709781647,0.7578290104866028,-0.21850013732910156,0.42193159461021423,0.7419036626815796,0.11650022119283676
0.49341312050819397,0.17916633188724518,-0.2374432533979416,0.5014609098434448,0.14871089160442352,-0.25304001569747925,0.5054682493209839,0.1469973921775818,-0.2530796527862549,0.5102275609970093,0.1452479213476181,-0.25302404165267944,0.49547696113586426,0.1503852903842926,-0.21551832556724548,0.49501901865005493,0.14978301525115967,-0.2155875265598297,0.49453601241111755,0.14912453293800354,-0.21563760936260223,0.5368937849998474,0.15035437047481537,-0.24896521866321564,0.515385627746582,0.15165171027183533,-0.08057545870542526,0.5048965215682983,0.20441076159477234,-0.2320847511291504,0.4972837567329407,0.20517955720424652,-0.18317313492298126,0.5706436634063721,0.2688346207141876,-0.33208635449409485,0.5279128551483154,0.28986454010009766,0.08776840567588806,0.4396158754825592,0.38764870166778564,-0.4156044125556946,0.40289372205734253,0.4037995934486389,0.11757999658584595,0.2966551184654236,0.4634949862957001,-0.42780011892318726,0.2829137444496155,0.47974714636802673,0.022218259051442146,0.2614797055721283,0.5042609572410583,-0.4779035449028015,0.2551393508911133,0.5131207704544067,0.01674945093691349,0.2536827325820923,0.5034135580062866,-0.452833890914917,0.2523624300956726,0.5169887542724609,-0.03086533211171627,0.26319292187690735,0.49128881096839905,-0.4185292720794678,0.2582800090312958,0.5090371966362,-0.0030622431077063084,0.6326746940612793,0.6194382309913635,-0.1303628385066986,0.5951703786849976,0.6290026307106018,0.1298547238111496,0.5043996572494507,0.41948768496513367,-0.25028395652770996,0.4549501836299896,0.4419136047363281,0.24655386805534363,0.4983338713645935,0.7440484166145325,-0.14577838778495789,0.4949043393135071,0.7043641209602356,0.276530921459198,0.5129908323287964,0.813349723815918,-0.13300761580467224,0.5185451507568359,0.7481195330619812,0.2800574004650116,0.42622047662734985,0.7499231696128845,-0.15906724333763123,0.4409336447715759,0.7389885187149048,0.2740634083747864
0.49985775351524353,0.17923419177532196,-0.1314571350812912,0.5076147317886353,0.1489247977733612,-0.1489202380180359,0.5116060376167297,0.14720988273620605,-0.14896827936172485,0.5162074565887451,0.14534246921539307,-0.1489291489124298,0.5019259452819824,0.15007710456848145,-0.1098422259092331,0.5015040636062622,0.14931517839431763,-0.10990828275680542,0.5011054277420044,0.1485098898410797,-0.10997219383716583,0.5427635908126831,0.15038321912288666,-0.16223128139972687,0.5213580131530762,0.15013274550437927,0.0141533762216568,0.5114026665687561,0.20445331931114197,-0.13259004056453705,0.5039669871330261,0.20457369089126587,-0.08169737458229065,0.5773900747299194,0.2683168947696686,-0.269835889339447,0.5339016914367676,0.2880549430847168,0.16977035999298096,0.45117220282554626,0.38163408637046814,-0.35511836409568787,0.4213109016418457,0.40204742550849915,0.20603008568286896,0.31209003925323486,0.4528428316116333,-0.35404565930366516,0.3010231852531433,0.48109182715415955,0.11700432002544403,0.2758004069328308,0.49637570977211,-0.397958904504776,0.2697705328464508,0.5047670006752014,0.11826708167791367,0.2684498131275177,0.4930035173892975,-0.37222960591316223,0.26629993319511414,0.5094335079193115,0.07288341224193573,0.2764381170272827,0.4819273352622986,-0.34385931491851807,0.2750253677368164,0.5003244876861572,0.09207028150558472,0.6357332468032837,0.6175563931465149,-0.1312483251094818,0.5986847281455994,0.6277252435684204,0.13072919845581055,0.5070440173149109,0.41919299960136414,-0.24703052639961243,0.4668431878089905,0.43843919038772583,0.2169996052980423,0.48949533700942993,0.7417188286781311,-0.14888116717338562,0.4922364354133606,0.7018788456916809,0.18613001704216003,0.5079249143600464,0.8214417099952698,-0.13601955771446228,0.5118838548660278,0.7663490176200867,0.1827934980392456,0.41493701934814453,0.7482125163078308,-0.16617970168590546,0.4295637011528015,0.7421112656593323,0.1581762433052063
0.5299007296562195,0.17706209421157837,-0.06431581825017929,0.5392190217971802,0.14582553505897522,-0.08058018237352371,0.5442963242530823,0.144034281373024,-0.08061449229717255,0.5500819087028503,0.14212778210639954,-0.08055616170167923,0.5316147208213806,0.14650173485279083,-0.043862976133823395,0.5308679342269897,0.1455012708902359,-0.043920811265707016,0.5302783250808716,0.14457395672798157,-0.044006600975990295,0.5745115876197815,0.14884768426418304,-0.09516621381044388,0.5543657541275024,0.14669249951839447,0.07065722346305847,0.5415093898773193,0.2041519433259964,-0.06777627021074295,0.5336595177650452,0.20413494110107422,-0.01949913427233696,0.615702748298645,0.2651735544204712,-0.20736971497535706,0.5505006909370422,0.28744205832481384,0.20070600509643555,0.5022240281105042,0.36768782138824463,-0.3142208456993103,0.4520217478275299,0.3830251097679138,0.24006441235542297,0.3661206364631653,0.4317527711391449,-0.32257023453712463,0.3425423502922058,0.44838544726371765,0.14067450165748596,0.3307875394821167,0.46656912565231323,-0.36106759309768677,0.3153718113899231,0.4758642315864563,0.13211819529533386,0.3239067792892456,0.4680287539958954,-0.34560877084732056,0.313869833946228,0.47943538427352905,0.08961036056280136,0.3359534442424774,0.45697322487831116,-0.3156641125679016,0.3205128312110901,0.47349998354911804,0.11580158770084381,0.6513363718986511,0.6153894662857056,-0.12566319108009338,0.6072248220443726,0.6237449645996094,0.12519216537475586,0.5223186016082764,0.42033353447914124,-0.279649019241333,0.477032333612442,0.45592859387397766,0.12862975895404816,0.49346718192100525,0.763554036617279,-0.2702081501483917,0.4887167513370514,0.7340196967124939,0.042979080229997635,0.5083354711532593,0.847174346446991,-0.2686701714992523,0.5009161829948425,0.7852247357368469,0.03177725151181221,0.4067229628562927,0.7818021774291992,-0.34024205803871155,0.41351017355918884,0.758990466594696,-0.022126462310552597
0.5770977735519409,0.16768743097782135,-0.0439414456486702,0.5881783366203308,0.13963215053081512,-0.04825012385845184,0.5939580202102661,0.13829678297042847,-0.04822944849729538,0.6004624366760254,0.13692548871040344,-0.04812503606081009,0.5799384117126465,0.14057029783725739,-0.017823921516537666,0.578842282295227,0.14005258679389954,-0.01787797547876835,0.5776324272155762,0.13939371705055237,-0.01799974963068962,0.6227291226387024,0.1453903466463089,-0.018717508763074875,0.5946544408798218,0.14470931887626648,0.11958575248718262,0.5881834030151367,0.19610802829265594,-0.032539598643779755,0.5795174837112427,0.1971289962530136,0.007693401072174311,0.6658817529678345,0.2568815350532532,-0.12436850368976593,0.5778629183769226,0.2860860228538513,0.23336951434612274,0.560630202293396,0.36875075101852417,-0.27781182527542114,0.48597535490989685,0.3799099028110504,0.24004194140434265,0.43158555030822754,0.4238514304161072,-0.3216477930545807,0.3937287926673889,0.4416472911834717,0.09980301558971405,0.39644330739974976,0.45033708214759827,-0.3609161078929901,0.37005627155303955,0.4609830975532532,0.07622268795967102,0.39050260186195374,0.4457637667655945,-0.34295937418937683,0.3681768774986267,0.45928627252578735,0.0439961738884449,0.40287089347839355,0.43944409489631653,-0.31313368678092957,0.3784296214580536,0.4567109942436218,0.07931342720985413,0.6770983934402466,0.6099916100502014,-0.1133834570646286,0.6215182542800903,0.6162102222442627,0.11295201629400253,0.5548496246337891,0.4375900328159332,-0.35390758514404297,0.5000205039978027,0.44794437289237976,-0.028588581830263138,0.5021471381187439,0.7649017572402954,-0.47992080450057983,0.48258981108665466,0.7470769286155701,-0.23081135749816895,0.5097303986549377,0.8482460975646973,-0.4898231625556946,0.49403876066207886,0.8032800555229187,-0.25305822491645813,0.4130900800228119,0.777089536190033,-0.5768488645553589,0.4126388132572174,0.7583729028701782,-0.3324600160121918
0.6273853778839111,0.15822304785251617,-0.10832773149013519,0.6388011574745178,0.1318976730108261,-0.1043798178434372,0.6449620723724365,0.13076002895832062,-0.1043180599808693,0.6510147452354431,0.12981778383255005,-0.1042194589972496,0.6289426684379578,0.13312087953090668,-0.08208809047937393,0.6274393200874329,0.1328667253255844,-0.08216144144535065,0.6259486675262451,0.1325080543756485,-0.08226486295461655,0.670375406742096,0.13950110971927643,-0.04953198507428169,0.6381450295448303,0.14019820094108582,0.05924283713102341,0.6395654082298279,0.18555569648742676,-0.08512961864471436,0.6280758380889893,0.18643885850906372,-0.05523822456598282,0.7109531164169312,0.2506704330444336,-0.15377408266067505,0.6206254959106445,0.2747337520122528,0.18146413564682007,0.6153906583786011,0.3625090718269348,-0.2992907166481018,0.5336157083511353,0.3638957440853119,0.16629090905189514,0.5052298307418823,0.41311392188072205,-0.39036646485328674,0.4464530050754547,0.4198068082332611,-0.005608220584690571,0.4753994345664978,0.43870866298675537,-0.42819181084632874,0.41728121042251587,0.439545214176178,-0.030570637434720993,0.4700661599636078,0.4316420555114746,-0.4233522415161133,0.42207494378089905,0.4382098317146301,-0.060922302305698395,0.479794979095459,0.4231697618961334,-0.3887678384780884,0.431378036737442,0.4338827431201935,-0.025791307911276817,0.7053461074829102,0.6022773385047913,-0.11389795690774918,0.6522706747055054,0.592197597026825,0.11348313093185425,0.5766922831535339,0.45100682973861694,-0.3462070822715759,0.5234072804450989,0.44911903142929077,-0.006531096063554287,0.5095304846763611,0.7639675736427307,-0.44028228521347046,0.4784928262233734,0.7405385971069336,-0.17307354509830475,0.5131429433822632,0.8421668410301208,-0.4469701647758484,0.49309200048446655,0.8019698262214661,-0.19166447222232819,0.4266577363014221,0.7642136216163635,-0.5221396088600159,0.4093698561191559,0.7572653293609619,-0.25300735235214233
0.6747336983680725,0.15480084717273712,-0.007138088345527649,0.6868146657943726,0.12816599011421204,-0.0017549557378515601,0.6931228041648865,0.12712441384792328,-0.001711907098069787,0.6992493867874146,0.12636426091194153,-0.0016348231583833694,0.6766066551208496,0.12935501337051392,0.01480229664593935,0.6747472882270813,0.12900659441947937,0.014699727296829224,0.6731783151626587,0.1287497729063034,0.014576556161046028,0.71709144115448,0.13796041905879974,0.0490419939160347,0.6850336790084839,0.13893292844295502,0.12445418536663055,0.6873900890350342,0.179952934384346,0.011507082730531693,0.6748205423355103,0.18041759729385376,0.03336258977651596,0.7569888830184937,0.2467546910047531,-0.05962864309549332,0.6645623445510864,0.2654317319393158,0.21733799576759338,0.6825081706047058,0.36113691329956055,-0.20115859806537628,0.5847498178482056,0.36043599247932434,0.17950236797332764,0.5759143829345703,0.40531009435653687,-0.27701038122177124,0.4985199570655823,0.4042148292064667,0.004789349623024464,0.5486177802085876,0.423371285200119,-0.3042896091938019,0.47659850120544434,0.4188961088657379,-0.02145790122449398,0.5402237176895142,0.4160449504852295,-0.3045765161514282,0.48106926679611206,0.4180578887462616,-0.04539231210947037,0.5488957166671753,0.41118940711021423,-0.27607524394989014,0.4879533648490906,0.41603419184684753,-0.012665078043937683,0.735226035118103,0.594291627407074,-0.1009729877114296,0.6867645382881165,0.579991340637207,0.10068558156490326,0.5981449484825134,0.46452218294143677,-0.2950162887573242,0.5528895854949951,0.4549095928668976,-0.06366075575351715,0.5129984617233276,0.767840564250946,-0.4401732087135315,0.4765588641166687,0.7404807806015015,-0.2750716209411621,0.51637202501297,0.8417209982872009,-0.4514926075935364,0.4852256774902344,0.8153630495071411,-0.29782378673553467,0.4265480041503906,0.7679625749588013,-0.5275042653083801,0.40850552916526794,0.7493382692337036,-0.37310436367988586
0.7200629711151123,0.15412090718746185,-0.024220027029514313,0.7314870953559875,0.12836208939552307,-0.008181500248610973,0.737836480140686,0.12748505175113678,-0.008267109282314777,0.7446687817573547,0.12691348791122437,-0.008374935016036034,0.7213498950004578,0.12942129373550415,-0.008830998092889786,0.71956866979599,0.12916353344917297,-0.008953679352998734,0.7182244658470154,0.12901781499385834,-0.009060828015208244,0.762427568435669,0.1386387050151825,0.020901145413517952,0.7289780378341675,0.13955289125442505,0.08273488283157349,0.7324655652046204,0.17914451658725739,0.0019413875415921211,0.720023512840271,0.17965567111968994,0.006062003318220377,0.8003553152084351,0.2453009933233261,-0.08541890978813171,0.7068087458610535,0.2653571665287018,0.17588330805301666,0.7449253797531128,0.36282411217689514,-0.2215736210346222,0.6309190988540649,0.3626059293746948,0.1589583158493042,0.6446580290794373,0.3969472646713257,-0.2926722764968872,0.552741527557373,0.4003385007381439,0.0017650468507781625,0.6120051145553589,0.41731804609298706,-0.3234071433544159,0.525079607963562,0.41184765100479126,-0.026441309601068497,0.6052765846252441,0.40602269768714905,-0.3208932876586914,0.527892529964447,0.40965011715888977,-0.051905930042266846,0.6132811903953552,0.4011777639389038,-0.29046565294265747,0.5378937721252441,0.40824344754219055,-0.01612560637295246,0.7686565518379211,0.5882490277290344,-0.09769298136234283,0.7192834615707397,0.5704387426376343,0.09766437858343124,0.6269034147262573,0.5080729722976685,-0.23474273085594177,0.5853333473205566,0.48309066891670227,-0.04890085756778717,0.5222045183181763,0.7739310264587402,-0.3520628809928894,0.48406165838241577,0.742668092250824,-0.21822905540466309,0.5211126208305359,0.8411632776260376,-0.3608289957046509,0.48298269510269165,0.8095803260803223,-0.23640243709087372,0.4379414916038513,0.7593265771865845,-0.42535704374313354,0.4085314869880676,0.7337105870246887,-0.3004651367664337
0.7615620493888855,0.1593562215566635,-0.04253003001213074,0.7734693884849548,0.13888350129127502,-0.03600884974002838,0.7797723412513733,0.1389029324054718,-0.03603074327111244,0.7865775227546692,0.13911551237106323,-0.03607289493083954,0.7632890939712524,0.13918912410736084,-0.024928797036409378,0.7616556286811829,0.13956961035728455,-0.025028761476278305,0.7604433298110962,0.14034557342529297,-0.02512313984334469,0.8041531443595886,0.15161515772342682,0.002750139683485031,0.7717297673225403,0.1509869396686554,0.07088744640350342,0.7736626863479614,0.18733897805213928,-0.02530721202492714,0.761864185333252,0.1870800405740738,-0.008957680314779282,0.8412739038467407,0.26486194133758545,-0.0953197032213211,0.7497807741165161,0.27010810375213623,0.1609996110200882,0.7937788963317871,0.3846900165081024,-0.22900621592998505,0.6705251932144165,0.3698124885559082,0.13086390495300293,0.6889158487319946,0.3958733379840851,-0.3040890395641327,0.5939239263534546,0.395006388425827,-0.043193746358156204,0.6605902910232544,0.41748929023742676,-0.3322486877441406,0.576933741569519,0.40774714946746826,-0.0770411565899849,0.6568843722343445,0.40615782141685486,-0.33268970251083374,0.579499363899231,0.40361642837524414,-0.09823960065841675,0.6658116579055786,0.4014388620853424,-0.30301037430763245,0.5870293378829956,0.40194734930992126,-0.059831373393535614,0.7980419397354126,0.5889881253242493,-0.09558309614658356,0.7493178248405457,0.5648396015167236,0.09564388543367386,0.6539505124092102,0.5340731739997864,-0.20355267822742462,0.6146405339241028,0.5078456401824951,-0.041078247129917145,0.5324141383171082,0.7740753889083862,-0.2964704632759094,0.4997118413448334,0.7401975989341736,-0.1842445284128189,0.5276483297348022,0.8383538126945496,-0.302991658449173,0.48487815260887146,0.8074025511741638,-0.20025451481342316,0.4569677710533142,0.7543078064918518,-0.36415746808052063,0.41218310594558716,0.7155479192733765,-0.2560758590698242
0.8008356094360352,0.1929490864276886,0.07010336220264435,0.8112003207206726,0.1700083166360855,0.07901979982852936,0.8168720006942749,0.16915620863437653,0.07898861169815063,0.8230055570602417,0.16891351342201233,0.07892415672540665,0.8029165267944336,0.17306937277317047,0.09752719104290009,0.801249623298645,0.17369627952575684,0.09747687727212906,0.7994714975357056,0.17420026659965515,0.09736306965351105,0.8428465127944946,0.1790137141942978,0.12913966178894043,0.809820294380188,0.17929278314113617,0.21342992782592773,0.8098499178886414,0.21683727204799652,0.08662886917591095,0.7996416687965393,0.21798214316368103,0.11136519908905029,0.8798848390579224,0.2821486294269562,0.04690271243453026,0.7855866551399231,0.29218199849128723,0.26550212502479553,0.8544988632202148,0.41727858781814575,-0.04395156353712082,0.7160632014274597,0.3986985981464386,0.20396891236305237,0.76337730884552,0.4008115530014038,-0.11653158813714981,0.6495934724807739,0.3969208598136902,-0.028065895661711693,0.7348735332489014,0.4138372540473938,-0.1409432590007782,0.6306865215301514,0.40539589524269104,-0.08350209891796112,0.7298767566680908,0.40300852060317993,-0.14644755423069,0.6311280131340027,0.39895692467689514,-0.0955539345741272,0.740466296672821,0.3998088836669922,-0.11647286266088486,0.6385372877120972,0.3989458680152893,-0.04540161415934563,0.81819087266922,0.5744208097457886,-0.0868736207485199,0.7667170763015747,0.5438217520713806,0.08699476718902588,0.6698611378669739,0.5856560468673706,-0.21976736187934875,0.6339061856269836,0.539204478263855,-0.05947049707174301,0.5318154096603394,0.7820240259170532,-0.395579993724823,0.5010911226272583,0.7470014095306396,-0.25097018480300903,0.5208548307418823,0.8455105423927307,-0.41089606285095215,0.48577484488487244,0.7998548746109009,-0.27242547273635864,0.45211297273635864,0.7379480004310608,-0.4985958933830261,0.41936689615249634,0.713881254196167,-0.3418567180633545
0.8251667022705078,0.2271089106798172,0.08626032620668411,0.8348392248153687,0.20699264109134674,0.0956900417804718,0.8407929539680481,0.20514732599258423,0.09561601281166077,0.8468233942985535,0.20370547473430634,0.09546615928411484,0.8245194554328918,0.20853257179260254,0.1143726110458374,0.8223636746406555,0.2084740549325943,0.11441534757614136,0.8199977874755859,0.20848757028579712,0.11435940116643906,0.867477536201477,0.21170976758003235,0.14969615638256073,0.8285824656486511,0.2170950323343277,0.23955580592155457,0.8367420434951782,0.24921126663684845,0.10433288663625717,0.8241481781005859,0.2531089186668396,0.13077312707901,0.9088441729545593,0.30863192677497864,0.08797156810760498,0.8080814480781555,0.3199651837348938,0.2747037410736084,0.8994154930114746,0.469588041305542,-0.002541318768635392,0.7590544819831848,0.4360169768333435,0.22674238681793213,0.8012477159500122,0.4152519702911377,-0.07986773550510406,0.7034285664558411,0.41874080896377563,0.010777772404253483,0.7758997678756714,0.4170513153076172,-0.10872866958379745,0.6866060495376587,0.4151105284690857,-0.036847781389951706,0.7747350931167603,0.4016483724117279,-0.11041612923145294,0.6856120824813843,0.40472412109375,-0.059551846235990524,0.7816044092178345,0.40240707993507385,-0.07890091836452484,0.692790150642395,0.4079205095767975,-0.009591423906385899,0.823283851146698,0.5676802396774292,-0.077412910759449,0.7677600979804993,0.5356245040893555,0.07763079553842545,0.68961501121521,0.6151614785194397,-0.2521173357963562,0.6408661603927612,0.5734352469444275,-0.07760657370090485,0.5304729342460632,0.7875254154205322,-0.4540565013885498,0.5000511407852173,0.7505066990852356,-0.29854902625083923,0.5126026272773743,0.8522272109985352,-0.4715997576713562,0.4802951216697693,0.8126545548439026,-0.32383695244789124,0.44403719902038574,0.7489514946937561,-0.5602384805679321,0.4143785536289215,0.7107132077217102,-0.3990582823753357
0.8359779119491577,0.2431355118751526,0.12492885440587997,0.8462358713150024,0.2215118408203125,0.1342359334230423,0.8514092564582825,0.22107937932014465,0.13419564068317413,0.8579332232475281,0.22068063914775848,0.13403326272964478,0.8350462913513184,0.2227686196565628,0.15669551491737366,0.8327210545539856,0.2232561707496643,0.15674740076065063,0.8307286500930786,0.22391486167907715,0.15670190751552582,0.8786354064941406,0.2307022362947464,0.191447451710701,0.8398486971855164,0.23226286470890045,0.298122763633728,0.8470414280891418,0.2643612027168274,0.14428266882896423,0.8350971937179565,0.26524868607521057,0.1755346804857254,0.9204904437065125,0.3341122269630432,0.14674298465251923,0.8199536204338074,0.3324803411960602,0.33186575770378113,0.9487186670303345,0.4979003965854645,0.008863436989486217,0.7830750942230225,0.45547759532928467,0.2710669934749603,0.8740354776382446,0.42747044563293457,-0.09636209905147552,0.752444863319397,0.4350447654724121,0.06060437113046646,0.846418559551239,0.4218575060367584,-0.12515975534915924,0.7437666058540344,0.42959603667259216,0.012772463262081146,0.8422045707702637,0.40403786301612854,-0.11223957687616348,0.744651198387146,0.4157649576663971,0.0035556412767618895,0.8481940031051636,0.4063448905944824,-0.09009816497564316,0.7494935989379883,0.4193091094493866,0.04735202342271805,0.8292896151542664,0.560078501701355,-0.0775800570845604,0.7712396383285522,0.5322441458702087,0.07775334268808365,0.695929765701294,0.6171083450317383,-0.27113813161849976,0.6570866107940674,0.5796427130699158,-0.11413004249334335,0.5292350053787231,0.7865010499954224,-0.4842545986175537,0.5054289102554321,0.7506085634231567,-0.3416203260421753,0.5102438926696777,0.8522735834121704,-0.5026819109916687,0.49037107825279236,0.8187783360481262,-0.36744675040245056,0.44025683403015137,0.7397109866142273,-0.5901060700416565,0.4171389937400818,0.7056624293327332,-0.4463028311729431
0.8402423858642578,0.24011777341365814,0.1160755604505539,0.8501604795455933,0.22152219712734222,0.12804347276687622,0.8553606271743774,0.2214137762784958,0.128011092543602,0.8610336184501648,0.22131012380123138,0.12781023979187012,0.8397825360298157,0.2217814326286316,0.14779341220855713,0.8375312685966492,0.2217749059200287,0.14784494042396545,0.835253894329071,0.2219562530517578,0.1477993130683899,0.8785589933395386,0.2301318645477295,0.19597382843494415,0.8427454829216003,0.23031440377235413,0.289836585521698,0.8502740859985352,0.2604963183403015,0.1387019008398056,0.8386252522468567,0.25893470644950867,0.16632504761219025,0.9172202348709106,0.340265691280365,0.16385416686534882,0.8246871829032898,0.33150142431259155,0.31906574964523315,0.9650126695632935,0.47740235924720764,0.0262127872556448,0.7890468835830688,0.45179659128189087,0.2765507996082306,0.9121004939079285,0.43481704592704773,-0.07250835001468658,0.769184947013855,0.43281200528144836,0.10262247174978256,0.8934391736984253,0.422282338142395,-0.09965808689594269,0.7599931955337524,0.42921707034111023,0.06050886958837509,0.8848422169685364,0.4054014980792999,-0.08941861242055893,0.7635246515274048,0.4173133373260498,0.04994582384824753,0.8897322416305542,0.4102434515953064,-0.06865574419498444,0.769819438457489,0.42058032751083374,0.0903688594698906,0.8266129493713379,0.5498600602149963,-0.07352101802825928,0.772666335105896,0.5226271748542786,0.0736408680677414,0.6918196082115173,0.6277405023574829,-0.2509905695915222,0.6561400294303894,0.5849584937095642,-0.10696431249380112,0.5234858393669128,0.7868093848228455,-0.4576290547847748,0.5083882808685303,0.7515055537223816,-0.3194916844367981,0.5062550902366638,0.8508926630020142,-0.47466737031936646,0.49501100182533264,0.8214070796966553,-0.3440645933151245,0.4338759481906891,0.7348833680152893,-0.5592005848884583,0.4195643365383148,0.7062329053878784,-0.4214407801628113
0.8348709940910339,0.24090681970119476,0.11320388317108154,0.84620600938797,0.22061984241008759,0.12765391170978546,0.8516222834587097,0.22046256065368652,0.12761418521404266,0.8577105402946472,0.2204693704843521,0.12744516134262085,0.8351747393608093,0.22051575779914856,0.14596834778785706,0.832851231098175,0.2204383909702301,0.14601118862628937,0.830690860748291,0.22058166563510895,0.14594124257564545,0.8771206140518188,0.23102141916751862,0.20297475159168243,0.839198887348175,0.22983495891094208,0.28987210988998413,0.845349133014679,0.26130327582359314,0.13813386857509613,0.8337981104850769,0.2596624195575714,0.1638709306716919,0.914505660533905,0.33902907371520996,0.16416683793067932,0.8201186060905457,0.33116841316223145,0.32662874460220337,0.9642694592475891,0.47613903880119324,0.03272758051753044,0.7835901975631714,0.45638033747673035,0.2929553687572479,0.8928442001342773,0.4327761232852936,-0.04673491418361664,0.7646322846412659,0.43174514174461365,0.10086719691753387,0.8700922727584839,0.41883397102355957,-0.07082031667232513,0.7593448162078857,0.4279440641403198,0.056245725601911545,0.8640826344490051,0.4037308096885681,-0.053780727088451385,0.7634575963020325,0.42025357484817505,0.049318261444568634,0.869118869304657,0.4089811146259308,-0.03891497105360031,0.7660725116729736,0.42213931679725647,0.09073337912559509,0.8249956369400024,0.5557647943496704,-0.07318831980228424,0.7700673341751099,0.5260056853294373,0.07327231019735336,0.6923193335533142,0.6308319568634033,-0.24883809685707092,0.6547908186912537,0.5860372185707092,-0.10535453259944916,0.5221372842788696,0.7927276492118835,-0.46163883805274963,0.5082058906555176,0.7517699599266052,-0.3284263014793396,0.5052603483200073,0.8543537855148315,-0.48055583238601685,0.4934552311897278,0.8194471001625061,-0.3540460467338562,0.4353131651878357,0.7399488687515259,-0.5631232857704163,0.42170530557632446,0.7035343050956726,-0.4281241297721863
0.8313411474227905,0.2358800619840622,0.1125219315290451,0.8426246643066406,0.21466782689094543,0.12197524309158325,0.847913920879364,0.2140747308731079,0.12194950878620148,0.8540437817573547,0.21327921748161316,0.12180481851100922,0.8320210576057434,0.2160743921995163,0.14193733036518097,0.8298664093017578,0.2163006216287613,0.1419498324394226,0.8277324438095093,0.21669037640094757,0.14184881746768951,0.8737713098526001,0.221822589635849,0.1860049068927765,0.8365752100944519,0.22618985176086426,0.28124505281448364,0.841799259185791,0.2567928731441498,0.1326422095298767,0.8304142951965332,0.25589489936828613,0.1606254279613495,0.916063666343689,0.33690640330314636,0.14735627174377441,0.8156815767288208,0.3284299671649933,0.31902414560317993,0.9605401158332825,0.4764811098575592,0.041230134665966034,0.7814834713935852,0.45315247774124146,0.2852303385734558,0.890179455280304,0.4594877362251282,-0.043923817574977875,0.7558874487876892,0.4451301693916321,0.06527090072631836,0.8808646202087402,0.4873063862323761,-0.07186880707740784,0.7464744448661804,0.44278156757354736,0.014350851997733116,0.8744525909423828,0.4665074348449707,-0.0654892772436142,0.7530918717384338,0.4344143271446228,0.001244005630724132,0.8790000677108765,0.4667857587337494,-0.04065391793847084,0.7566558718681335,0.43477413058280945,0.05164641886949539,0.8245161771774292,0.5568056106567383,-0.07367844879627228,0.7692613005638123,0.5252986550331116,0.07373977452516556,0.6988746523857117,0.6294618844985962,-0.2531633973121643,0.6573141813278198,0.5838578939437866,-0.0936630591750145,0.523033857345581,0.7913364768028259,-0.47185826301574707,0.5091535449028015,0.7509908080101013,-0.32418954372406006,0.5056153535842896,0.8539078831672668,-0.49136513471603394,0.49315935373306274,0.8194246292114258,-0.3502998352050781,0.4315992295742035,0.7356055974960327,-0.5736128091812134,0.41972094774246216,0.7039384841918945,-0.4221073091030121
0.8213883638381958,0.22538214921951294,0.07644941657781601,0.8311808705329895,0.201232448220253,0.07943226397037506,0.8371305465698242,0.20053285360336304,0.07937272638082504,0.8427243232727051,0.1994561105966568,0.07923425734043121,0.8201940655708313,0.2036864459514618,0.10341037809848785,0.8171119689941406,0.20393222570419312,0.10343688726425171,0.8145030736923218,0.20426765084266663,0.10340391099452972,0.8636220693588257,0.20680345594882965,0.10962086915969849,0.8247286081314087,0.21632537245750427,0.22559881210327148,0.8321223258972168,0.2489076405763626,0.08807362616062164,0.8199896812438965,0.25273653864860535,0.12175879627466202,0.91468745470047,0.32608845829963684,0.07361423224210739,0.8060157895088196,0.327860951423645,0.2674584984779358,0.9379926919937134,0.48750364780426025,-0.01301102340221405,0.7696126699447632,0.4520126283168793,0.2504141926765442,0.8422784805297852,0.46418312191963196,-0.08669303357601166,0.7357651591300964,0.4488789141178131,0.05540544539690018,0.8107343912124634,0.4788112938404083,-0.11580397188663483,0.7200931310653687,0.4518313407897949,0.011867541819810867,0.803238570690155,0.4579145312309265,-0.1096886545419693,0.7217880487442017,0.4417368173599243,-0.007485481910407543,0.8094760775566101,0.45568645000457764,-0.0809401422739029,0.7297361493110657,0.44268688559532166,0.03966260701417923,0.8221738934516907,0.5643178224563599,-0.07916373759508133,0.7625027298927307,0.5359792113304138,0.07942026108503342,0.6975694894790649,0.6253684759140015,-0.28158003091812134,0.6508371829986572,0.5800563097000122,-0.08992578089237213,0.5225046277046204,0.7847481369972229,-0.4863189160823822,0.5071884393692017,0.7504751682281494,-0.3293105959892273,0.5064234733581543,0.8483413457870483,-0.5045744776725769,0.4931487441062927,0.8245142698287964,-0.35633957386016846,0.42776256799697876,0.7312082052230835,-0.5892093777656555,0.41892844438552856,0.7099924683570862,-0.4259873032569885
0.8077830076217651,0.2112717479467392,0.025598343461751938,0.8169139623641968,0.19055992364883423,0.02799290418624878,0.8224805593490601,0.18912993371486664,0.027935314923524857,0.8287035822868347,0.18698342144489288,0.027835583314299583,0.8064841032028198,0.19034205377101898,0.04847133159637451,0.8039471507072449,0.19022026658058167,0.04847240075469017,0.8019901514053345,0.19071803987026215,0.04843791574239731,0.8477147221565247,0.1909787952899933,0.06268451362848282,0.8121145367622375,0.20236791670322418,0.16069090366363525,0.8199301958084106,0.2344340831041336,0.038671188056468964,0.8080245852470398,0.23790480196475983,0.06765744835138321,0.8995265960693359,0.3125402331352234,0.02634507790207863,0.7936240434646606,0.3241070806980133,0.2110925167798996,0.9000447392463684,0.48594051599502563,-0.04860498011112213,0.7478570938110352,0.45019522309303284,0.19188056886196136,0.8050507307052612,0.4803757965564728,-0.1388540267944336,0.702621340751648,0.45348984003067017,-0.005888883490115404,0.7713025808334351,0.4962286353111267,-0.17345163226127625,0.6842857003211975,0.4614189565181732,-0.052688878029584885,0.7669246792793274,0.4798615872859955,-0.17702358961105347,0.6843727231025696,0.44840601086616516,-0.07791093736886978,0.7728652358055115,0.473796546459198,-0.1394098699092865,0.6903952360153198,0.447797954082489,-0.024699201807379723,0.8185247182846069,0.5788717269897461,-0.07896067202091217,0.7579115629196167,0.5506967306137085,0.07924550026655197,0.6939240097999573,0.6252221465110779,-0.29417502880096436,0.640373945236206,0.5752257108688354,-0.10269339382648468,0.5221903920173645,0.78914475440979,-0.48438483476638794,0.4997974932193756,0.756558895111084,-0.33559268712997437,0.5071514248847961,0.8514454960823059,-0.502328097820282,0.4886237680912018,0.8307268619537354,-0.3621349036693573,0.4300197660923004,0.7605394721031189,-0.5922207832336426,0.414936363697052,0.7132354974746704,-0.4362012445926666
0.7903051972389221,0.20152924954891205,-0.00017104586004279554,0.799479067325592,0.17894914746284485,0.004028155002743006,0.8050948977470398,0.17776134610176086,0.0039833225309848785,0.8104379773139954,0.17628206312656403,0.003921858035027981,0.7899490594863892,0.1806577891111374,0.02329748123884201,0.787168025970459,0.18067675828933716,0.023281848058104515,0.7847925424575806,0.18107658624649048,0.023225395008921623,0.8311175107955933,0.18187613785266876,0.04513288289308548,0.7951478362083435,0.19115939736366272,0.13580113649368286,0.8016974329948425,0.22475062310695648,0.015477204695343971,0.7905734777450562,0.22328540682792664,0.042123209685087204,0.8791632652282715,0.29564133286476135,-0.010791221633553505,0.7776562571525574,0.3128811717033386,0.2015155553817749,0.8686701655387878,0.4691868722438812,-0.08927693963050842,0.720003604888916,0.4389709532260895,0.18201670050621033,0.7637887597084045,0.4864751696586609,-0.16430523991584778,0.6635047197341919,0.4581884741783142,-0.007343272212892771,0.7322081327438354,0.5125192999839783,-0.19596092402935028,0.6462143659591675,0.47020381689071655,-0.05262889340519905,0.7251431941986084,0.49658143520355225,-0.20230087637901306,0.6458839774131775,0.4567263722419739,-0.077800452709198,0.7328683137893677,0.4881659150123596,-0.16512636840343475,0.6543087363243103,0.4562837779521942,-0.026438068598508835,0.8171040415763855,0.578028678894043,-0.08024080842733383,0.7572842240333557,0.5501871109008789,0.08053754270076752,0.6912468671798706,0.6253460049629211,-0.27601468563079834,0.6383197903633118,0.5721590518951416,-0.11960908025503159,0.5236982107162476,0.7886111736297607,-0.45128902792930603,0.4949440062046051,0.7568347454071045,-0.334776371717453,0.5084043741226196,0.8533810377120972,-0.4674001634120941,0.47593551874160767,0.8198487758636475,-0.3584887385368347,0.4362002909183502,0.771073043346405,-0.5620633959770203,0.4108291268348694,0.7163238525390625,-0.4404543936252594
0.7721945643424988,0.1890469640493393,-0.04982525855302811,0.7831125259399414,0.16545143723487854,-0.043949760496616364,0.7881318926811218,0.16424085199832916,-0.04400916025042534,0.7937811613082886,0.16266261041164398,-0.04405117779970169,0.7727543711662292,0.16848915815353394,-0.026830127462744713,0.7707259058952332,0.16925732791423798,-0.026873985305428505,0.7689405679702759,0.16995395720005035,-0.026929553598165512,0.8136264085769653,0.1682080626487732,0.0006404136074706912,0.7790611386299133,0.17776358127593994,0.0785837471485138,0.7834160923957825,0.21237966418266296,-0.03373560309410095,0.7729619741439819,0.21262936294078827,-0.010705248452723026,0.8607552647590637,0.28694742918014526,-0.07615691423416138,0.7606608867645264,0.3062286078929901,0.16443690657615662,0.8310826420783997,0.45678648352622986,-0.16726790368556976,0.695492148399353,0.42339393496513367,0.11390666663646698,0.723353385925293,0.4932757019996643,-0.22999735176563263,0.6317992210388184,0.45742976665496826,-0.09245248883962631,0.6931005716323853,0.5206826329231262,-0.25937217473983765,0.6184647083282471,0.47040069103240967,-0.13448582589626312,0.6891666054725647,0.5037845373153687,-0.2629442512989044,0.6189368367195129,0.45873409509658813,-0.15400917828083038,0.6966066956520081,0.4947967231273651,-0.2295512706041336,0.6246451139450073,0.45727992057800293,-0.10955359041690826,0.8130806088447571,0.5832850933074951,-0.08529093861579895,0.7571552991867065,0.5621674060821533,0.08566562831401825,0.6795206069946289,0.5923966765403748,-0.2640715539455414,0.6373447179794312,0.5643335580825806,-0.1169353574514389,0.5245154500007629,0.7863225936889648,-0.42478328943252563,0.49750885367393494,0.7509391903877258,-0.31566673517227173,0.51139235496521,0.8531903028488159,-0.43971148133277893,0.4778633117675781,0.8050636053085327,-0.33777862787246704,0.4427640438079834,0.7640737891197205,-0.5359185934066772,0.41732311248779297,0.7071373462677002,-0.41598010063171387
0.7488992810249329,0.1799677312374115,-0.06112555414438248,0.7590529918670654,0.15742984414100647,-0.05728558823466301,0.7635277509689331,0.15619392693042755,-0.05729897692799568,0.7691056132316589,0.1547814905643463,-0.05729873850941658,0.7497648000717163,0.15904104709625244,-0.03948148339986801,0.7484337091445923,0.15915653109550476,-0.039556898176670074,0.7471545338630676,0.15921883285045624,-0.0396328940987587,0.790517270565033,0.1611158847808838,-0.01703513413667679,0.7598632574081421,0.16563096642494202,0.06247738003730774,0.7605746984481812,0.20521095395088196,-0.04628054052591324,0.7510513067245483,0.2078285813331604,-0.022944865748286247,0.8415738940238953,0.27881181240081787,-0.10228276252746582,0.7424952983856201,0.2976590394973755,0.15393197536468506,0.806391716003418,0.4459010660648346,-0.20014767348766327,0.6728124022483826,0.41622865200042725,0.10821670293807983,0.7003282904624939,0.49977633357048035,-0.2577122151851654,0.6096130609512329,0.45645391941070557,-0.09668438881635666,0.6690599322319031,0.5269742608070374,-0.2874484658241272,0.593286395072937,0.47256627678871155,-0.13701865077018738,0.662784218788147,0.5118451118469238,-0.29089677333831787,0.5945028066635132,0.4643712341785431,-0.15586094558238983,0.6722744703292847,0.5031880140304565,-0.25682276487350464,0.6024602651596069,0.4609871804714203,-0.11299638450145721,0.810327410697937,0.5916127562522888,-0.0907868891954422,0.7568187117576599,0.5703839659690857,0.09107451885938644,0.6688381433486938,0.568759560585022,-0.22801503539085388,0.6265944838523865,0.5448895692825317,-0.08196143060922623,0.5288594961166382,0.7854985594749451,-0.3393166959285736,0.5012140870094299,0.7464908361434937,-0.23955026268959045,0.5193439722061157,0.8524026870727539,-0.3491758704185486,0.48481664061546326,0.8041779398918152,-0.25665098428726196,0.4515097737312317,0.7636011838912964,-0.4317573010921478,0.4206047058105469,0.7073233723640442,-0.3247678577899933
0.7257291674613953,0.17541027069091797,-0.06983402371406555,0.7363576889038086,0.15268798172473907,-0.06765644252300262,0.7418352365493774,0.15127898752689362,-0.06766661256551743,0.7477346658706665,0.15001599490642548,-0.06766115128993988,0.7272210121154785,0.1545122116804123,-0.04930829629302025,0.7255628705024719,0.15463405847549438,-0.04938915744423866,0.7241661548614502,0.15473811328411102,-0.04946330934762955,0.7690019607543945,0.1587287336587906,-0.030355194583535194,0.7381328344345093,0.16113649308681488,0.05143382400274277,0.7383987903594971,0.20046761631965637,-0.05555795878171921,0.7289703488349915,0.20306672155857086,-0.031626444309949875,0.8190451860427856,0.27459171414375305,-0.1189761757850647,0.7215210795402527,0.2882869839668274,0.14390845596790314,0.7750847935676575,0.4322543740272522,-0.22750070691108704,0.6491602063179016,0.403946191072464,0.09307797253131866,0.6660248637199402,0.5071285963058472,-0.27836185693740845,0.5812645554542542,0.45542654395103455,-0.11746474355459213,0.6352773904800415,0.5328750014305115,-0.30917197465896606,0.5604276657104492,0.47362229228019714,-0.15769845247268677,0.6282247304916382,0.5176534056663513,-0.3110869526863098,0.5635384321212769,0.4688459038734436,-0.17975662648677826,0.6329871416091919,0.5098299384117126,-0.2772199511528015,0.5715966820716858,0.46398335695266724,-0.1352953016757965,0.8006376028060913,0.5914016366004944,-0.09072180837392807,0.7479724884033203,0.5681378841400146,0.09101636707782745,0.6614967584609985,0.5616080164909363,-0.2297959327697754,0.6140808463096619,0.5234490036964417,-0.11388950049877167,0.5313863158226013,0.777825653553009,-0.3461562693119049,0.5011824369430542,0.7454448938369751,-0.27924397587776184,0.5248875021934509,0.846301257610321,-0.3565009832382202,0.4877658486366272,0.8046810626983643,-0.295620858669281,0.461810439825058,0.7779519557952881,-0.4389289915561676,0.420229971408844,0.7187066078186035,-0.3721749186515808
0.7022563219070435,0.17557796835899353,-0.06443776935338974,0.7111901044845581,0.15236642956733704,-0.0637955516576767,0.7164689898490906,0.1508404165506363,-0.06379782408475876,0.7218220829963684,0.14944878220558167,-0.06377331167459488,0.7032694220542908,0.1544438749551773,-0.04504304751753807,0.7019164562225342,0.15462730824947357,-0.04514745622873306,0.7007052898406982,0.15472674369812012,-0.04523799940943718,0.7444359660148621,0.15739446878433228,-0.03030937910079956,0.7145667672157288,0.16005080938339233,0.05495201796293259,0.7148874998092651,0.2004283219575882,-0.050755519419908524,0.7061988115310669,0.20317122340202332,-0.026044035330414772,0.7970319986343384,0.26812368631362915,-0.11584128439426422,0.6968046426773071,0.28857797384262085,0.144244983792305,0.7455967664718628,0.41671574115753174,-0.22995007038116455,0.6223709583282471,0.4048227071762085,0.09722284972667694,0.6429857015609741,0.5102680325508118,-0.2828167974948883,0.5535286664962769,0.4632277488708496,-0.09982756525278091,0.6158467531204224,0.5433523654937744,-0.31384775042533875,0.5362015962600708,0.48670560121536255,-0.13807427883148193,0.6072391271591187,0.5278341174125671,-0.31545019149780273,0.5384150147438049,0.4836810231208801,-0.1608455926179886,0.6117106080055237,0.5150274038314819,-0.28214842081069946,0.5462465286254883,0.4777318239212036,-0.11747759580612183,0.7890013456344604,0.5904557704925537,-0.09163087606430054,0.7346891164779663,0.571197509765625,0.09191061556339264,0.6541452407836914,0.5239564180374146,-0.2589848041534424,0.5990906953811646,0.5156863927841187,-0.13472267985343933,0.5325037240982056,0.7668565511703491,-0.38691797852516174,0.49969443678855896,0.761003851890564,-0.32321897149086,0.5281513929367065,0.8390288352966309,-0.3979337513446808,0.4936421811580658,0.8257210850715637,-0.34292182326316833,0.4612232744693756,0.7685117125511169,-0.48317742347717285,0.4222126007080078,0.73139888048172,-0.42622995376586914
0.6752666234970093,0.17308706045150757,-0.016858693212270737,0.686022937297821,0.1486930549144745,-0.015978969633579254,0.6910675764083862,0.14727751910686493,-0.01594294048845768,0.6965269446372986,0.14613623917102814,-0.015869926661252975,0.6776864528656006,0.15084156394004822,0.005432839971035719,0.6764250993728638,0.15094704926013947,0.005294641945511103,0.6754268407821655,0.15112313628196716,0.005173427984118462,0.7190833687782288,0.15465694665908813,0.015214307233691216,0.6904262900352478,0.15647703409194946,0.1108044981956482,0.6891881823539734,0.19787661731243134,-0.005488034803420305,0.6799352169036865,0.2009996473789215,0.02236265502870083,0.7732419967651367,0.2675222158432007,-0.08659705519676208,0.6750437021255493,0.28918924927711487,0.1939426213502884,0.7043042182922363,0.4183575510978699,-0.2125416100025177,0.5933886766433716,0.4058896005153656,0.14746353030204773,0.6040014028549194,0.5074655413627625,-0.26949915289878845,0.5223703384399414,0.4681377708911896,-0.038170553743839264,0.5789140462875366,0.5391708016395569,-0.2993766665458679,0.5037574172019958,0.4941587746143341,-0.06991715729236603,0.569542407989502,0.5261308550834656,-0.30095523595809937,0.5053877234458923,0.49345409870147705,-0.09117402136325836,0.5774900913238525,0.5121710300445557,-0.26902419328689575,0.5126021504402161,0.48767292499542236,-0.05473347380757332,0.7719976305961609,0.5927560329437256,-0.09641265124082565,0.7176792621612549,0.5737020969390869,0.09638339281082153,0.6285120248794556,0.5071598887443542,-0.2816145122051239,0.5826841592788696,0.4914194643497467,-0.11918377876281738,0.5184116959571838,0.7629320621490479,-0.4261798858642578,0.492600679397583,0.7633762955665588,-0.3351658582687378,0.5219457745552063,0.8362767696380615,-0.43793025612831116,0.49250560998916626,0.8302254676818848,-0.36010733246803284,0.43350282311439514,0.7666095495223999,-0.5253650546073914,0.41935673356056213,0.7320472598075867,-0.44912615418434143
0.6519206762313843,0.17177261412143707,-0.04658342897891998,0.6609385013580322,0.14654238522052765,-0.04598557576537132,0.6659500002861023,0.14489327371120453,-0.04592430591583252,0.6713234186172485,0.14350196719169617,-0.04580649733543396,0.6528990268707275,0.14853128790855408,-0.026712829247117043,0.6514809727668762,0.14834608137607574,-0.026834765449166298,0.6502927541732788,0.14811965823173523,-0.02697574719786644,0.6946014165878296,0.1520000845193863,-0.013597607612609863,0.6642438173294067,0.1542832851409912,0.07428093254566193,0.6654008030891418,0.1948501318693161,-0.03372621163725853,0.6551936864852905,0.19698753952980042,-0.008180975914001465,0.7463568449020386,0.26815155148506165,-0.10111178457736969,0.6512902975082397,0.2887839078903198,0.16450722515583038,0.6644368767738342,0.4188762605190277,-0.18847349286079407,0.5691770315170288,0.4063968360424042,0.1617807298898697,0.5683326125144958,0.49995002150535583,-0.21680772304534912,0.49191468954086304,0.4746670722961426,0.00820833072066307,0.5371020436286926,0.5404137372970581,-0.24319136142730713,0.47420915961265564,0.5047335624694824,-0.017121687531471252,0.530401349067688,0.5301129817962646,-0.24294698238372803,0.47486934065818787,0.5035881400108337,-0.03950255364179611,0.5396049618721008,0.5165760517120361,-0.21549801528453827,0.4822905957698822,0.49717992544174194,-0.007422673050314188,0.7479148507118225,0.5948633551597595,-0.09600146114826202,0.6946371793746948,0.578501284122467,0.09594031423330307,0.621120035648346,0.4974637031555176,-0.2819250226020813,0.5671032071113586,0.4778083264827728,-0.07946760952472687,0.5139825344085693,0.7593550086021423,-0.3941167891025543,0.49127164483070374,0.7576964497566223,-0.25509247183799744,0.5181797742843628,0.8338789939880371,-0.40344637632369995,0.49273037910461426,0.8249111771583557,-0.27383729815483093,0.4296610355377197,0.7394102215766907,-0.4878074526786804,0.4192272126674652,0.7350863218307495,-0.34917759895324707
0.6255177855491638,0.1719246804714203,-0.04742985591292381,0.6349503993988037,0.1465420424938202,-0.04413066431879997,0.6406185030937195,0.1447395384311676,-0.04407184198498726,0.6468161940574646,0.14306640625,-0.04395138472318649,0.6259652972221375,0.14858569204807281,-0.025030111894011497,0.6242960095405579,0.14847412705421448,-0.02514304593205452,0.6228125691413879,0.14832466840744019,-0.02529917098581791,0.6691029667854309,0.15114425122737885,-0.006271221674978733,0.6349755525588989,0.15457044541835785,0.0828171819448471,0.6388938426971436,0.19510239362716675,-0.03172572702169418,0.6281641721725464,0.19725951552391052,-0.0059411367401480675,0.7187823057174683,0.26810482144355774,-0.09510480612516403,0.6212841272354126,0.2911539375782013,0.17408332228660583,0.6369098424911499,0.41770249605178833,-0.18548116087913513,0.5354428887367249,0.4072091281414032,0.19872456789016724,0.5296886563301086,0.49428820610046387,-0.21900904178619385,0.4482216238975525,0.4844459593296051,0.11841624975204468,0.5030981302261353,0.5355700850486755,-0.2427830994129181,0.43024736642837524,0.5135918855667114,0.10384323447942734,0.49624738097190857,0.529207170009613,-0.24429261684417725,0.430382639169693,0.5154836177825928,0.07408265769481659,0.5071976184844971,0.5123787522315979,-0.2188805341720581,0.4369892179965973,0.5095471143722534,0.10082240402698517,0.7228845357894897,0.59918612241745,-0.0973237082362175,0.667598307132721,0.5909454822540283,0.09703699499368668,0.6007984280586243,0.48360922932624817,-0.30938786268234253,0.5413398742675781,0.4651094973087311,-0.06112544611096382,0.5112375020980835,0.7616873979568481,-0.4291154742240906,0.48822084069252014,0.7521390914916992,-0.24627116322517395,0.5145401954650879,0.8328043818473816,-0.43857306241989136,0.49204927682876587,0.8146514892578125,-0.2655539810657501,0.4271062910556793,0.7643266320228577,-0.5231717824935913,0.4130977988243103,0.737209677696228,-0.33674028515815735
0.5926822423934937,0.17257195711135864,-0.05393586307764053,0.6022974252700806,0.1465580314397812,-0.054601460695266724,0.6075490117073059,0.14467790722846985,-0.0545564703643322,0.6137722730636597,0.14282935857772827,-0.05448393151164055,0.5933976769447327,0.14881767332553864,-0.02629338763654232,0.5919719934463501,0.14879663288593292,-0.02634817361831665,0.5907602310180664,0.14874732494354248,-0.026504451408982277,0.6384628415107727,0.15024834871292114,-0.01865376904606819,0.6067600250244141,0.15479537844657898,0.10466422885656357,0.6069273352622986,0.1957704722881317,-0.04183446615934372,0.5963392853736877,0.19794544577598572,-0.0062053934670984745,0.6903620362281799,0.26792511343955994,-0.11943531036376953,0.5962348580360413,0.2916925549507141,0.2147798091173172,0.6002529859542847,0.4115055799484253,-0.2066548764705658,0.505712628364563,0.40708786249160767,0.2545413374900818,0.48628371953964233,0.5077756643295288,-0.21567869186401367,0.41300439834594727,0.48715823888778687,0.16708001494407654,0.4563341736793518,0.5494542717933655,-0.2412993162870407,0.3908867835998535,0.5171091556549072,0.15545251965522766,0.4475852847099304,0.541926383972168,-0.23961547017097473,0.39157557487487793,0.5198473334312439,0.12021622806787491,0.4533948004245758,0.5251203775405884,-0.21375906467437744,0.4012942910194397,0.5145455002784729,0.14656683802604675,0.7001968622207642,0.6064830422401428,-0.10579290241003036,0.6440305709838867,0.6024283766746521,0.10534559190273285,0.5839284658432007,0.45438122749328613,-0.32402151823043823,0.522091805934906,0.4540853202342987,-0.015299929305911064,0.5105356574058533,0.7661159038543701,-0.43250909447669983,0.48624318838119507,0.7486828565597534,-0.18541835248470306,0.5147502422332764,0.8476399779319763,-0.44342732429504395,0.4933165907859802,0.8056083917617798,-0.203800231218338,0.4229891896247864,0.7893834710121155,-0.5282319188117981,0.412268728017807,0.7467414140701294,-0.2730312943458557
0.5627224445343018,0.17269322276115417,-0.05839289352297783,0.5733501315116882,0.14668352901935577,-0.06546489149332047,0.5789967775344849,0.14472340047359467,-0.06549595296382904,0.5852409601211548,0.14278490841388702,-0.06536922603845596,0.564028263092041,0.14915013313293457,-0.02975252829492092,0.5625702738761902,0.1492859423160553,-0.029797563329339027,0.5613279342651367,0.14945438504219055,-0.029952481389045715,0.6097933053970337,0.1501455456018448,-0.03466711565852165,0.5775233507156372,0.15513597428798676,0.10489147901535034,0.5765125155448914,0.19748888909816742,-0.05255354195833206,0.5660156011581421,0.20072400569915771,-0.007052674889564514,0.6568950414657593,0.26724773645401,-0.13773903250694275,0.5698561668395996,0.2913307547569275,0.21663348376750946,0.556167483329773,0.4080948829650879,-0.2391854226589203,0.4740768373012543,0.39990317821502686,0.2407110035419464,0.43222880363464355,0.5134647488594055,-0.24300165474414825,0.37878698110580444,0.48820024728775024,0.1427757889032364,0.3991355299949646,0.5496645569801331,-0.27482178807258606,0.3515195846557617,0.5201523900032043,0.1285129338502884,0.39343249797821045,0.5431287288665771,-0.26912403106689453,0.35353848338127136,0.5248497128486633,0.09165641665458679,0.40256214141845703,0.5291638374328613,-0.23959653079509735,0.3649161756038666,0.518764853477478,0.12092471122741699,0.6818844079971313,0.611697793006897,-0.10873275995254517,0.6273812651634216,0.6132230758666992,0.10827711969614029,0.5697689056396484,0.45321401953697205,-0.35426849126815796,0.5136187076568604,0.4488910734653473,-0.015937374904751778,0.5039488077163696,0.7651919722557068,-0.4814739227294922,0.49369436502456665,0.7481809258460999,-0.2315705269575119,0.5100099444389343,0.8467796444892883,-0.4932471811771393,0.5023674368858337,0.8081337213516235,-0.2550698518753052,0.410257488489151,0.7833160161972046,-0.6018255352973938,0.41915616393089294,0.7571421265602112,-0.3469894528388977
0.5366654396057129,0.1809374988079071,-0.11562349647283554,0.5456877946853638,0.1510152667760849,-0.1267634630203247,0.550799548625946,0.14863260090351105,-0.12677419185638428,0.5565062761306763,0.14627674221992493,-0.12668409943580627,0.53745037317276,0.1540096551179886,-0.09425482898950577,0.5362658500671387,0.15400227904319763,-0.09436151385307312,0.5352734327316284,0.15396341681480408,-0.09451860934495926,0.5817675590515137,0.1520737260580063,-0.1180264800786972,0.5537468194961548,0.15696637332439423,0.029157420620322227,0.5514551401138306,0.20619218051433563,-0.11042779684066772,0.5415629148483276,0.20950700342655182,-0.06737832725048065,0.6273742318153381,0.26657554507255554,-0.21586313843727112,0.549726665019989,0.2955513298511505,0.15207989513874054,0.5182777643203735,0.4066552519798279,-0.32386165857315063,0.448854923248291,0.3991195261478424,0.17628000676631927,0.38409775495529175,0.4928746819496155,-0.3221135437488556,0.3477818965911865,0.49169009923934937,0.08441531658172607,0.3490540683269501,0.5340932011604309,-0.3544810116291046,0.31734251976013184,0.5222347974777222,0.07174883037805557,0.3418372571468353,0.5304649472236633,-0.3421648144721985,0.3188435733318329,0.5292533040046692,0.032892849296331406,0.35489365458488464,0.5179605484008789,-0.316915363073349,0.3303906321525574,0.5221143364906311,0.060807328671216965,0.664819061756134,0.6183002591133118,-0.11076711118221283,0.6148731708526611,0.6213738918304443,0.11034641414880753,0.5490400791168213,0.44887974858283997,-0.3232874274253845,0.49003276228904724,0.4427195191383362,0.07477614283561707,0.49993401765823364,0.7572227716445923,-0.36821725964546204,0.4852226674556732,0.7232714295387268,-0.03125140815973282,0.5068264603614807,0.845505952835083,-0.37205833196640015,0.5001536011695862,0.7701319456100464,-0.04429824650287628,0.4073854982852936,0.7724183201789856,-0.4654894769191742,0.41814476251602173,0.7495478391647339,-0.10637495666742325
0.510666012763977,0.1885322779417038,-0.1291574239730835,0.5193098783493042,0.15617309510707855,-0.14511975646018982,0.5238804221153259,0.15380440652370453,-0.14513878524303436,0.5290177464485168,0.15131691098213196,-0.14505574107170105,0.5119807124137878,0.1585165411233902,-0.1110130101442337,0.5112200379371643,0.1580868661403656,-0.11111892759799957,0.5106489658355713,0.15756577253341675,-0.11125445365905762,0.5540632605552673,0.15560083091259003,-0.1547381579875946,0.5289221405982971,0.15843838453292847,0.0006254095933400095,0.5253098607063293,0.21400894224643707,-0.12885698676109314,0.5161211490631104,0.21619074046611786,-0.08430779725313187,0.5972359776496887,0.26717665791511536,-0.24882511794567108,0.5341822504997253,0.2952313721179962,0.12879729270935059,0.47632426023483276,0.4067092537879944,-0.3389786183834076,0.42518138885498047,0.3952949047088623,0.14464926719665527,0.34473639726638794,0.4886070191860199,-0.3367706537246704,0.3147704005241394,0.4903155565261841,0.053624726831912994,0.3044854700565338,0.5286349654197693,-0.3736661374568939,0.28558215498924255,0.5196884870529175,0.04680828005075455,0.298056036233902,0.52610182762146,-0.35739365220069885,0.2840743362903595,0.5255576372146606,-0.00026024525868706405,0.3079347014427185,0.5153928399085999,-0.3306345045566559,0.2938002347946167,0.5196247696876526,0.026111507788300514,0.6510096192359924,0.6180091500282288,-0.11291833966970444,0.6093171834945679,0.6235141158103943,0.11242444813251495,0.5272502303123474,0.4376262128353119,-0.27688711881637573,0.4734707474708557,0.4438124895095825,0.13777081668376923,0.48831239342689514,0.7520394921302795,-0.25301283597946167,0.48379239439964294,0.7150154113769531,0.053855448961257935,0.5062775015830994,0.8288959264755249,-0.2496962547302246,0.5073950290679932,0.7627228498458862,0.04309985786676407,0.4045131802558899,0.770097017288208,-0.3162185251712799,0.4231605529785156,0.7463503479957581,-0.006216729991137981
0.49523791670799255,0.1914646327495575,-0.2161974161863327,0.5021483898162842,0.15919694304466248,-0.2376377135515213,0.5059865117073059,0.15710821747779846,-0.23767578601837158,0.5103752613067627,0.1550147831439972,-0.2376215010881424,0.4961303174495697,0.16099883615970612,-0.19953791797161102,0.4955836832523346,0.16022369265556335,-0.19961324334144592,0.4951357841491699,0.159428209066391,-0.19969916343688965,0.5361242890357971,0.1576807200908661,-0.24985118210315704,0.515787661075592,0.15912573039531708,-0.07889609783887863,0.5078428983688354,0.21608231961727142,-0.21611714363098145,0.5004826784133911,0.21752029657363892,-0.16626249253749847,0.5734719038009644,0.2720945477485657,-0.3357067108154297,0.5274643301963806,0.29198548197746277,0.08382940292358398,0.44653600454330444,0.4054838716983795,-0.4155952036380768,0.41266459226608276,0.39341381192207336,0.11347858607769012,0.31232982873916626,0.4869036376476288,-0.42302602529525757,0.29214805364608765,0.49240756034851074,0.02310367301106453,0.2743770480155945,0.5284016728401184,-0.47183531522750854,0.2641656994819641,0.5223750472068787,0.018864722922444344,0.26802554726600647,0.5262731909751892,-0.44856077432632446,0.26186078786849976,0.5274786949157715,-0.031084343791007996,0.2775288224220276,0.5161402225494385,-0.4144764840602875,0.2694191634654999,0.5204761028289795,-0.003426402108743787,0.6367114782333374,0.6197654008865356,-0.1250634491443634,0.5986529588699341,0.6247864365577698,0.1245044469833374,0.5061083436012268,0.42344656586647034,-0.2506088614463806,0.45034003257751465,0.4415830373764038,0.21725532412528992,0.4918847680091858,0.7427506446838379,-0.15900208055973053,0.4896181523799896,0.7059004902839661,0.2276778668165207,0.5099092125892639,0.8084178566932678,-0.1463148444890976,0.5173782110214233,0.7522376775741577,0.2283618003129959,0.41926226019859314,0.7477598190307617,-0.16790148615837097,0.43030768632888794,0.7532534003257751,0.21898972988128662
0.48982009291648865,0.19388963282108307,-0.23363912105560303,0.4972328245639801,0.1619700789451599,-0.2535906434059143,0.5008143186569214,0.16023027896881104,-0.2536279857158661,0.5052483677864075,0.15821704268455505,-0.2535783350467682,0.4915745258331299,0.16288241744041443,-0.2156587541103363,0.49129384756088257,0.16189418733119965,-0.21575582027435303,0.49093204736709595,0.16082832217216492,-0.2158261239528656,0.5319338440895081,0.15979017317295074,-0.25983649492263794,0.5127606391906738,0.1597534567117691,-0.08983960002660751,0.5018035173416138,0.21831709146499634,-0.2308274805545807,0.4948168694972992,0.21965429186820984,-0.18133114278316498,0.565075695514679,0.2731761932373047,-0.3441101312637329,0.5284742116928101,0.29051387310028076,0.08857505768537521,0.4375309944152832,0.4015201926231384,-0.41441208124160767,0.4094095230102539,0.3939881920814514,0.12282079458236694,0.2993917465209961,0.47345614433288574,-0.4130406975746155,0.2902689576148987,0.4860786497592926,0.03749648854136467,0.2631029188632965,0.5158067345619202,-0.46354132890701294,0.2574653923511505,0.5188924074172974,0.03325558453798294,0.25613996386528015,0.5138925909996033,-0.435724675655365,0.25397875905036926,0.5238221287727356,-0.014404107816517353,0.2661595046520233,0.5020467638969421,-0.40284600853919983,0.2595672011375427,0.5147066116333008,0.011331411078572273,0.6349416971206665,0.6204843521118164,-0.12834618985652924,0.6008391380310059,0.6254293918609619,0.12782526016235352,0.5024203062057495,0.4221954047679901,-0.21858720481395721,0.4617864191532135,0.4383559823036194,0.20209269225597382,0.4952891767024994,0.7400782108306885,-0.08043165504932404,0.48983892798423767,0.7011069655418396,0.24231135845184326,0.514288067817688,0.8011472821235657,-0.06553827226161957,0.5146974325180054,0.7520852088928223,0.24635286629199982,0.42485857009887695,0.7483791708946228,-0.0751163512468338,0.42780694365501404,0.7419479489326477,0.24848857522010803
0.49609890580177307,0.19062483310699463,-0.1923658549785614,0.5020807385444641,0.1601371318101883,-0.20609140396118164,0.5067777037620544,0.15839122235774994,-0.2061092108488083,0.5121340155601501,0.15644493699073792,-0.20605285465717316,0.4976862967014313,0.1610567718744278,-0.17148742079734802,0.4976483881473541,0.1601051241159439,-0.17155781388282776,0.49763765931129456,0.15914809703826904,-0.17161276936531067,0.5372189283370972,0.15961413085460663,-0.20881350338459015,0.5190561413764954,0.15924319624900818,-0.043036896735429764,0.508327305316925,0.21652141213417053,-0.1849740445613861,0.5014163255691528,0.21664077043533325,-0.13971281051635742,0.5731905698776245,0.2725962698459625,-0.3056785464286804,0.5318149328231812,0.29022088646888733,0.1196562796831131,0.44699740409851074,0.3885314166545868,-0.37663668394088745,0.41713547706604004,0.3983317017555237,0.1484457552433014,0.31143030524253845,0.45728805661201477,-0.36863869428634644,0.2999844551086426,0.4762134253978729,0.061782896518707275,0.27395445108413696,0.4965288043022156,-0.4126574397087097,0.26754269003868103,0.5040807127952576,0.06058808043599129,0.268016517162323,0.49352243542671204,-0.3861549496650696,0.2635396420955658,0.5084176659584045,0.013557575643062592,0.27655133605003357,0.48277774453163147,-0.35823002457618713,0.27187827229499817,0.5019924640655518,0.03669173642992973,0.6381477117538452,0.618422269821167,-0.1263391673564911,0.6029136776924133,0.6258817911148071,0.12582877278327942,0.5078354477882385,0.4224560260772705,-0.23062798380851746,0.46580201387405396,0.44263866543769836,0.2004481852054596,0.4938206076622009,0.735005795955658,-0.1471162885427475,0.48961034417152405,0.6962162256240845,0.18491315841674805,0.5144985914230347,0.8043763041496277,-0.1378256380558014,0.5102662444114685,0.7550680637359619,0.1880158931016922,0.42341169714927673,0.750390350818634,-0.17181815207004547,0.4213132858276367,0.737481951713562,0.1664939820766449
0.5299899578094482,0.18994460999965668,-0.15540757775306702,0.5397785305976868,0.1580365151166916,-0.1589554250240326,0.5457204580307007,0.15577389299869537,-0.15891675651073456,0.5523850321769714,0.15338477492332458,-0.15879406034946442,0.530580997467041,0.15965907275676727,-0.12911613285541534,0.5290083289146423,0.15889251232147217,-0.12919190526008606,0.5273917317390442,0.15792931616306305,-0.12926676869392395,0.5736280083656311,0.1574416160583496,-0.12314970791339874,0.5441135168075562,0.15820594131946564,0.015859074890613556,0.5431109666824341,0.21636848151683807,-0.13705065846443176,0.5328418612480164,0.21628394722938538,-0.09727846086025238,0.6065728068351746,0.2687625586986542,-0.20651309192180634,0.5523929595947266,0.28647109866142273,0.16554567217826843,0.4907693862915039,0.37342149019241333,-0.28961706161499023,0.4452107846736908,0.3853089511394501,0.2016872614622116,0.3593566119670868,0.4406830668449402,-0.2952229082584381,0.3342836797237396,0.4536116421222687,0.10514046251773834,0.32284480333328247,0.4766688048839569,-0.329992413520813,0.3044378161430359,0.47857484221458435,0.09867245703935623,0.3159964680671692,0.4735925793647766,-0.31373220682144165,0.306155264377594,0.48063817620277405,0.05584445595741272,0.3261769413948059,0.4631798565387726,-0.2882596552371979,0.31364089250564575,0.47533005475997925,0.08154471218585968,0.6533771753311157,0.6147385835647583,-0.12237230688333511,0.6142818331718445,0.6226269006729126,0.12176524102687836,0.5263606309890747,0.4248294532299042,-0.28523820638656616,0.48240914940834045,0.4550097584724426,0.13848070800304413,0.48453181982040405,0.7577596306800842,-0.33094140887260437,0.4931921064853668,0.7311974167823792,0.04110019654035568,0.506316065788269,0.8369811177253723,-0.33370015025138855,0.5040261745452881,0.775799036026001,0.029306644573807716,0.39973360300064087,0.7740982174873352,-0.410006582736969,0.42255181074142456,0.7478004693984985,-0.022383350878953934
0.5813400149345398,0.17419733107089996,-0.1544531136751175,0.5921247601509094,0.14452272653579712,-0.15542921423912048,0.5982716679573059,0.1421748846769333,-0.15537014603614807,0.6045459508895874,0.13987979292869568,-0.1552261859178543,0.5798882246017456,0.14776571094989777,-0.12974034249782562,0.5775240659713745,0.14783747494220734,-0.12982407212257385,0.5752732157707214,0.1479063183069229,-0.12992709875106812,0.6232954859733582,0.14632883667945862,-0.0934147760272026,0.5871310830116272,0.15249237418174744,0.015089143998920918,0.5954647064208984,0.19870731234550476,-0.13452212512493134,0.581848680973053,0.20229263603687286,-0.10003751516342163,0.6615347266197205,0.25906604528427124,-0.18073143064975739,0.5782466530799866,0.2827686369419098,0.15215353667736053,0.5558826327323914,0.3727499544620514,-0.2952304482460022,0.48388534784317017,0.3709442615509033,0.19116947054862976,0.4354647696018219,0.4287213087081909,-0.3200531601905823,0.3856084644794464,0.42909595370292664,0.09376692026853561,0.4003678858280182,0.45909470319747925,-0.3444022238254547,0.3561578691005707,0.44882553815841675,0.07915051281452179,0.39208102226257324,0.4542236626148224,-0.34480756521224976,0.35879549384117126,0.4526780843734741,0.04064425826072693,0.40543675422668457,0.4447602927684784,-0.3182542324066162,0.3681211769580841,0.45008164644241333,0.07052168250083923,0.6792113184928894,0.6100261211395264,-0.11276914924383163,0.6265134811401367,0.6118550300598145,0.11216986179351807,0.5536094903945923,0.43775418400764465,-0.3348791003227234,0.500796914100647,0.46449342370033264,0.04214690253138542,0.5024314522743225,0.7664592266082764,-0.42313846945762634,0.48868948221206665,0.745180606842041,-0.11112765967845917,0.5092109441757202,0.8479171991348267,-0.42961257696151733,0.49662742018699646,0.7898743748664856,-0.12807241082191467,0.41306161880493164,0.7897463440895081,-0.5065364837646484,0.4167703688144684,0.7513214945793152,-0.1850259155035019
0.6399713158607483,0.15971477329730988,-0.13153836131095886,0.6490272879600525,0.13366754353046417,-0.12138010561466217,0.6540794372558594,0.131877601146698,-0.1213386058807373,0.6596440672874451,0.13021260499954224,-0.12122730165719986,0.6350113749504089,0.13729119300842285,-0.09903492033481598,0.630962610244751,0.13818004727363586,-0.09913904964923859,0.6275217533111572,0.1391078382730484,-0.09923327714204788,0.6753107309341431,0.13850246369838715,-0.04435060918331146,0.6312021613121033,0.14823584258556366,0.04331642761826515,0.6526709198951721,0.18312765657901764,-0.10131467878818512,0.6356828212738037,0.18684564530849457,-0.07427138835191727,0.7084080576896667,0.2515299618244171,-0.13680607080459595,0.6182270646095276,0.27252185344696045,0.1770302802324295,0.6100759506225586,0.36460986733436584,-0.26779836416244507,0.5325527787208557,0.35750019550323486,0.14406386017799377,0.49969831109046936,0.42006269097328186,-0.31925833225250244,0.4480050206184387,0.4155423045158386,-0.04097532480955124,0.4704548716545105,0.44769978523254395,-0.3499595820903778,0.42394399642944336,0.4379798471927643,-0.06709153950214386,0.46324220299720764,0.4410046339035034,-0.34954890608787537,0.4242703914642334,0.4373195767402649,-0.09308543056249619,0.47390836477279663,0.43072399497032166,-0.31847694516181946,0.4348846971988678,0.432689368724823,-0.05907098576426506,0.7075384259223938,0.6019372344017029,-0.11155803501605988,0.6532831192016602,0.5918393731117249,0.11100679636001587,0.5780042409896851,0.4581858217716217,-0.32088565826416016,0.5212537050247192,0.4546944499015808,-0.003989673685282469,0.5056147575378418,0.7653014063835144,-0.4208943247795105,0.47634878754615784,0.7448173761367798,-0.17448367178440094,0.5112178325653076,0.8447267413139343,-0.4287431836128235,0.48801088333129883,0.7959480285644531,-0.19382408261299133,0.422985702753067,0.7588862180709839,-0.4985333979129791,0.4096684455871582,0.7512213587760925,-0.2524823546409607
0.6921860575675964,0.15403032302856445,-0.059801261872053146,0.7006649971008301,0.12925571203231812,-0.046286266297101974,0.7053595185279846,0.12807565927505493,-0.04620678722858429,0.7106004953384399,0.12668435275554657,-0.046099238097667694,0.6851624250411987,0.13291747868061066,-0.035233207046985626,0.6802796125411987,0.13402137160301208,-0.035361893475055695,0.6765140295028687,0.13529862463474274,-0.035449448972940445,0.723761796951294,0.1371743232011795,0.0360320620238781,0.6755001544952393,0.1478348672389984,0.08627016097307205,0.7043795585632324,0.1759072095155716,-0.029714617878198624,0.6860364079475403,0.1800088882446289,-0.015220235101878643,0.7549682855606079,0.24869480729103088,-0.05635474994778633,0.6606441140174866,0.2670247256755829,0.1793716847896576,0.6736562848091125,0.3605203330516815,-0.1949470043182373,0.5793679356575012,0.35651659965515137,0.08745912462472916,0.5641957521438599,0.4074290096759796,-0.27189871668815613,0.49573230743408203,0.40524208545684814,-0.1412225067615509,0.538038969039917,0.4288276731967926,-0.3030877411365509,0.4769449234008789,0.42268654704093933,-0.17958006262779236,0.5288445353507996,0.42114877700805664,-0.3040141463279724,0.4802529811859131,0.4227508008480072,-0.1974218338727951,0.5385454297065735,0.41567298769950867,-0.27215126156806946,0.4874722361564636,0.4199036955833435,-0.15670758485794067,0.7358862161636353,0.5914319157600403,-0.10027319192886353,0.6828914880752563,0.5767195224761963,0.09989522397518158,0.6034142374992371,0.4661247730255127,-0.30041539669036865,0.5495924353599548,0.45253854990005493,-0.0696202963590622,0.5131446123123169,0.7690893411636353,-0.44051870703697205,0.4734326899051666,0.7486178278923035,-0.26391270756721497,0.5150865316390991,0.8431370258331299,-0.45136362314224243,0.48260703682899475,0.794571578502655,-0.28519466519355774,0.42391037940979004,0.7731096148490906,-0.5268997550010681,0.40534037351608276,0.7522403001785278,-0.3607257902622223
0.740059494972229,0.15336093306541443,-0.04031255468726158,0.7488543391227722,0.1292087584733963,-0.028962377458810806,0.753456711769104,0.12802477180957794,-0.028948131948709488,0.7584389448165894,0.1267479658126831,-0.028899025171995163,0.732909083366394,0.13277268409729004,-0.01834285631775856,0.7276617884635925,0.13402186334133148,-0.018439972773194313,0.7236159443855286,0.13545703887939453,-0.018521077930927277,0.7697857618331909,0.1373620182275772,0.043225087225437164,0.7215798497200012,0.14845570921897888,0.09218502789735794,0.7515605092048645,0.17522777616977692,-0.013837206177413464,0.7337404489517212,0.17855137586593628,0.0002000882086576894,0.7969081401824951,0.24761806428432465,-0.06291036307811737,0.7032469511032104,0.26502037048339844,0.1868048757314682,0.7282211780548096,0.3616410493850708,-0.21378572285175323,0.6231081485748291,0.35832679271698,0.1199900284409523,0.6245520710945129,0.3990473747253418,-0.28900688886642456,0.5425937175750732,0.39415788650512695,-0.06440024077892303,0.592239499092102,0.41959312558174133,-0.3243594169616699,0.5199800729751587,0.4091881215572357,-0.10101703554391861,0.5878188014030457,0.408173143863678,-0.3219163715839386,0.5208366513252258,0.40889209508895874,-0.11527520418167114,0.5942266583442688,0.40392857789993286,-0.287380188703537,0.5292590260505676,0.40683045983314514,-0.07866790145635605,0.7664873003959656,0.5869934558868408,-0.09720786660909653,0.7157334089279175,0.5688744187355042,0.09702367335557938,0.6257665157318115,0.5081669092178345,-0.25017327070236206,0.5831852555274963,0.4818413257598877,-0.06491606682538986,0.5208970308303833,0.7724342346191406,-0.38643303513526917,0.48634248971939087,0.7508561611175537,-0.24011166393756866,0.5193132162094116,0.8420610427856445,-0.3977849781513214,0.4822141230106354,0.8141915798187256,-0.2588915228843689,0.43701329827308655,0.763496994972229,-0.47419506311416626,0.40596431493759155,0.7268434166908264,-0.33046478033065796
0.7817689180374146,0.16043579578399658,-0.035978831350803375,0.791463315486908,0.1413692682981491,-0.02376200258731842,0.7970669269561768,0.14065836369991302,-0.023742463439702988,0.8008489608764648,0.14010794460773468,-0.023714693263173103,0.7746552228927612,0.14292338490486145,-0.01432027667760849,0.7701755166053772,0.14381040632724762,-0.014405302703380585,0.7655519247055054,0.1452835649251938,-0.014481917023658752,0.8119133114814758,0.14948058128356934,0.05025823786854744,0.7645535469055176,0.15801849961280823,0.0921650230884552,0.7937977910041809,0.18314456939697266,-0.009495936334133148,0.7743045687675476,0.18616560101509094,0.0026835808530449867,0.8378083109855652,0.25868916511535645,-0.05025473237037659,0.7477403283119202,0.2678634822368622,0.17532978951931,0.7863076329231262,0.37415313720703125,-0.18319377303123474,0.6720434427261353,0.3659539520740509,0.10792174190282822,0.683097779750824,0.39539477229118347,-0.26669782400131226,0.5977063775062561,0.3940640687942505,-0.09141552448272705,0.6495264172554016,0.41773521900177,-0.2956189811229706,0.5790038108825684,0.40555593371391296,-0.1313624083995819,0.641744077205658,0.40717166662216187,-0.2974894642829895,0.5833548307418823,0.4011322855949402,-0.14856287837028503,0.6492580771446228,0.40295493602752686,-0.2661871314048767,0.5910648107528687,0.40039652585983276,-0.10705214738845825,0.796455442905426,0.5871762633323669,-0.09384466707706451,0.7480477094650269,0.5623929500579834,0.0937696248292923,0.6511257290840149,0.5334990620613098,-0.19665281474590302,0.6154571175575256,0.5053545236587524,-0.04606185108423233,0.529511034488678,0.7743982672691345,-0.30445656180381775,0.49856385588645935,0.7424800395965576,-0.19086894392967224,0.5254437923431396,0.8394208550453186,-0.31223151087760925,0.48821282386779785,0.811358630657196,-0.2069043219089508,0.4454456865787506,0.7471094131469727,-0.37800663709640503,0.413656622171402,0.719185471534729,-0.27161145210266113
0.8205579519271851,0.184486985206604,0.04823598265647888,0.8289915323257446,0.16532489657402039,0.06201014667749405,0.8345543146133423,0.16539236903190613,0.06198293715715408,0.8400769233703613,0.16598278284072876,0.06196172907948494,0.8136144876480103,0.16748005151748657,0.0743027776479721,0.8089736700057983,0.16848143935203552,0.0742499977350235,0.8054620623588562,0.16952000558376312,0.07417812943458557,0.8487911224365234,0.17578622698783875,0.1284569650888443,0.8041949272155762,0.17827677726745605,0.18484410643577576,0.8328703045845032,0.20936869084835052,0.07070144265890121,0.8133929371833801,0.21349160373210907,0.08728263527154922,0.8766335248947144,0.27984219789505005,0.024271216243505478,0.7783035039901733,0.2923005223274231,0.2525162100791931,0.8432480096817017,0.39439037442207336,-0.1099095493555069,0.7131567001342773,0.3903905749320984,0.2215123474597931,0.7463511228561401,0.39412933588027954,-0.2239263504743576,0.6366616487503052,0.3949335813522339,0.05571190267801285,0.7155935168266296,0.40830570459365845,-0.2533665597438812,0.6215485334396362,0.40262871980667114,0.02149192802608013,0.7086713910102844,0.3994660973548889,-0.25559327006340027,0.622787594795227,0.3973465859889984,-0.002054020296782255,0.7170649766921997,0.39647239446640015,-0.22402259707450867,0.6299647688865662,0.39739587903022766,0.03728730231523514,0.81153404712677,0.581385612487793,-0.08962557464838028,0.7599579691886902,0.546754002571106,0.0896349623799324,0.668474555015564,0.5843798518180847,-0.2147386074066162,0.6342405080795288,0.5387452244758606,-0.07074865698814392,0.5265899896621704,0.7823388576507568,-0.4064929485321045,0.5050492882728577,0.7428862452507019,-0.25652897357940674,0.5198832154273987,0.8469077348709106,-0.42157554626464844,0.49152588844299316,0.803282618522644,-0.2772654592990875,0.44147634506225586,0.7398595213890076,-0.5165549516677856,0.4191358983516693,0.7128674983978271,-0.3511277735233307
0.8411163091659546,0.21183240413665771,0.08119706064462662,0.8496831059455872,0.19418813288211823,0.0972108244895935,0.855695903301239,0.19288794696331024,0.09713847935199738,0.8618128895759583,0.19190789759159088,0.09700487554073334,0.836847186088562,0.19638654589653015,0.11177096515893936,0.8321303129196167,0.19809025526046753,0.11181654781103134,0.828016459941864,0.2004445642232895,0.11175487190485,0.8736382722854614,0.20160214602947235,0.17058463394641876,0.8281369209289551,0.21071790158748627,0.24117310345172882,0.8544580340385437,0.23407581448554993,0.10526528209447861,0.8346482515335083,0.2361343801021576,0.1259947419166565,0.9071344137191772,0.305107057094574,0.10118430852890015,0.8065374493598938,0.31485775113105774,0.27644193172454834,0.8919957876205444,0.4550444185733795,0.007641127798706293,0.7515650987625122,0.42082637548446655,0.21456995606422424,0.7944322824478149,0.4019908607006073,-0.08205276727676392,0.6980032920837402,0.40578794479370117,-0.0015211531426757574,0.7674552202224731,0.409225732088089,-0.10992106050252914,0.6817222237586975,0.40360498428344727,-0.043806590139865875,0.7666782736778259,0.39758220314979553,-0.11307622492313385,0.6821012496948242,0.3981735110282898,-0.0661502256989479,0.773104190826416,0.39622214436531067,-0.0818430483341217,0.689012885093689,0.3974148631095886,-0.0201558955013752,0.8217868804931641,0.5648119449615479,-0.0740140825510025,0.7660125494003296,0.5294939279556274,0.07413304597139359,0.6922315359115601,0.6195403933525085,-0.23827703297138214,0.6430246829986572,0.5758479237556458,-0.08244062215089798,0.5300593972206116,0.789546012878418,-0.4435617923736572,0.5025588274002075,0.7472245693206787,-0.29350078105926514,0.5125756859779358,0.8500344157218933,-0.4612733721733093,0.4838629364967346,0.8051615357398987,-0.3175695538520813,0.4551559090614319,0.7390400171279907,-0.5541200041770935,0.4218434691429138,0.7061024308204651,-0.39631831645965576
0.8541154861450195,0.24201951920986176,0.0939159244298935,0.8636752367019653,0.22396981716156006,0.1106947660446167,0.8695069551467896,0.22493979334831238,0.11064620316028595,0.8755548596382141,0.22546322643756866,0.1104796752333641,0.8486626744270325,0.22424127161502838,0.1256529837846756,0.8446089625358582,0.22531045973300934,0.12573057413101196,0.841088593006134,0.22630320489406586,0.1257246434688568,0.8882297277450562,0.2343064397573471,0.1939905732870102,0.8404814600944519,0.23694059252738953,0.2673631012439728,0.8665803670883179,0.2641898989677429,0.12227676063776016,0.8481408357620239,0.26560673117637634,0.14380580186843872,0.9209690093994141,0.3354775309562683,0.14486615359783173,0.8172726631164551,0.3344610035419464,0.31160077452659607,0.9416670799255371,0.4947068393230438,0.004696298856288195,0.777885913848877,0.45118048787117004,0.20987951755523682,0.8611359596252441,0.4152332842350006,-0.11939126253128052,0.7457041144371033,0.42903590202331543,-0.03791363909840584,0.8349296450614929,0.4118150472640991,-0.14966683089733124,0.732122540473938,0.4210215210914612,-0.09091812372207642,0.8310788869857788,0.39705124497413635,-0.13861814141273499,0.7323137521743774,0.4105819761753082,-0.09588832408189774,0.8364135026931763,0.3989672362804413,-0.11425039917230606,0.7403734922409058,0.4157758057117462,-0.05098159238696098,0.8287712931632996,0.5591915249824524,-0.0739240050315857,0.7720300555229187,0.5284141302108765,0.07404542714357376,0.7009308934211731,0.616569459438324,-0.27087563276290894,0.6598894000053406,0.5842868089675903,-0.11739896237850189,0.5311439037322998,0.7886137366294861,-0.4825730323791504,0.5066107511520386,0.7506629228591919,-0.3374246060848236,0.5127273797988892,0.8498069643974304,-0.5013421773910522,0.4904371201992035,0.8160415887832642,-0.3624427616596222,0.4509860575199127,0.7292686700820923,-0.5976471304893494,0.4227382242679596,0.7037940621376038,-0.44398459792137146
0.8581584095954895,0.24657295644283295,0.10458091646432877,0.8663606643676758,0.22804707288742065,0.12297499179840088,0.8719735145568848,0.22834065556526184,0.12294242531061172,0.8774845004081726,0.22853504121303558,0.12273987382650375,0.8523339033126831,0.22750858962535858,0.13828518986701965,0.8474749326705933,0.22749894857406616,0.13838031888008118,0.8431918025016785,0.22818292677402496,0.13839121162891388,0.8887407183647156,0.23907414078712463,0.21081030368804932,0.8415395617485046,0.2389424592256546,0.2845941185951233,0.8682664632797241,0.2695440649986267,0.13393452763557434,0.8514096140861511,0.2687433362007141,0.155686616897583,0.9188039898872375,0.3453008532524109,0.17528066039085388,0.8216145634651184,0.3360651433467865,0.31912970542907715,0.9639062881469727,0.4998159110546112,0.03943481668829918,0.7781844735145569,0.4546985328197479,0.2404392510652542,0.8980435132980347,0.4242766201496124,-0.06724891811609268,0.7671536207199097,0.43211373686790466,0.03505447134375572,0.8743698000907898,0.41473498940467834,-0.09475784003734589,0.7597736120223999,0.42835885286331177,-0.012564107775688171,0.8723804354667664,0.3964141309261322,-0.08012282103300095,0.7630664706230164,0.41806119680404663,-0.012017177417874336,0.875627338886261,0.403922438621521,-0.06116442754864693,0.7684916853904724,0.4215833842754364,0.026776950806379318,0.8271288871765137,0.553832471370697,-0.07147116214036942,0.7731936573982239,0.5259884595870972,0.07152421772480011,0.6917842030525208,0.6249684691429138,-0.2606099247932434,0.6582587957382202,0.5870441198348999,-0.11076829582452774,0.5200437307357788,0.7912814021110535,-0.4642888009548187,0.5089602470397949,0.7547693252563477,-0.318994402885437,0.5026039481163025,0.8513659834861755,-0.4829882085323334,0.4930226802825928,0.8212082982063293,-0.34312883019447327,0.43546444177627563,0.7296895384788513,-0.5768259763717651,0.4239329695701599,0.704197108745575,-0.4266379475593567
0.8558212518692017,0.24290892481803894,0.10670188814401627,0.8641549944877625,0.22454629838466644,0.1264127939939499,0.8693092465400696,0.225031316280365,0.12638968229293823,0.8746919631958008,0.22516076266765594,0.1261921525001526,0.8493598103523254,0.22444508969783783,0.14115555584430695,0.8448561429977417,0.22472883760929108,0.14122465252876282,0.8410396575927734,0.22506070137023926,0.14122095704078674,0.8855351209640503,0.23401710391044617,0.21705833077430725,0.839381217956543,0.235849529504776,0.28850969672203064,0.8657712936401367,0.2648400068283081,0.13642942905426025,0.8494653701782227,0.26457780599594116,0.15764327347278595,0.91644686460495,0.34192973375320435,0.18300044536590576,0.8195390701293945,0.3335905373096466,0.3209042251110077,0.9638049006462097,0.48603299260139465,0.035914793610572815,0.7800134420394897,0.4506114423274994,0.2447851002216339,0.9072613716125488,0.4252558946609497,-0.07467594742774963,0.7698806524276733,0.43346327543258667,0.04260742664337158,0.8878668546676636,0.4124712646007538,-0.10363094508647919,0.7616241574287415,0.4303409457206726,-0.004156486131250858,0.881057620048523,0.39657795429229736,-0.0913715809583664,0.7673336863517761,0.42092546820640564,-0.008615594357252121,0.8853025436401367,0.40470266342163086,-0.0702536478638649,0.7711485028266907,0.42336905002593994,0.03219747170805931,0.8286887407302856,0.5527364015579224,-0.07042945176362991,0.772736668586731,0.5256715416908264,0.07049193978309631,0.6910039782524109,0.6257973909378052,-0.257668673992157,0.6558539867401123,0.5876148343086243,-0.11553691327571869,0.5205883979797363,0.7936418056488037,-0.4621499478816986,0.5079994201660156,0.7546499371528625,-0.32617029547691345,0.5042107105255127,0.8537490963935852,-0.4811728596687317,0.49379777908325195,0.8244761228561401,-0.35092493891716003,0.43699225783348083,0.740301251411438,-0.5769066214561462,0.4219883978366852,0.7049233913421631,-0.436274915933609
0.852344810962677,0.24075685441493988,0.10683678090572357,0.8606384992599487,0.22196178138256073,0.12620624899864197,0.8659693002700806,0.22225861251354218,0.126170352101326,0.8714548349380493,0.22250917553901672,0.1259809285402298,0.8459283113479614,0.22247815132141113,0.14067520201206207,0.8413153886795044,0.22282972931861877,0.14073756337165833,0.8375155329704285,0.22297944128513336,0.14071644842624664,0.8829997181892395,0.2305486649274826,0.2147357016801834,0.8364529609680176,0.23389621078968048,0.2853504419326782,0.8629587888717651,0.2623627483844757,0.13597699999809265,0.8461660146713257,0.26245635747909546,0.15698333084583282,0.9166252017021179,0.338834673166275,0.1779782474040985,0.8168010711669922,0.33224400877952576,0.31801170110702515,0.9600361585617065,0.4817134439945221,0.04445474222302437,0.7779824137687683,0.45050281286239624,0.2467776983976364,0.8876070976257324,0.43782833218574524,-0.064847432076931,0.7608910799026489,0.4373931884765625,0.053778816014528275,0.8641330003738403,0.4374321699142456,-0.09632895886898041,0.7517675161361694,0.43465283513069153,0.00420777965337038,0.8578864932060242,0.42152053117752075,-0.08679182827472687,0.7547016739845276,0.4247572124004364,-0.0013426935765892267,0.8638831973075867,0.4236030578613281,-0.06166135147213936,0.7606878280639648,0.4280022978782654,0.0434509739279747,0.8273099660873413,0.5529716610908508,-0.06960984319448471,0.7720643281936646,0.5217587947845459,0.06971728801727295,0.6903117895126343,0.633093535900116,-0.24749329686164856,0.6549242734909058,0.5878639221191406,-0.10958276689052582,0.5195609331130981,0.7939943075180054,-0.45510607957839966,0.5062635540962219,0.7553208470344543,-0.31894221901893616,0.5035176873207092,0.85419762134552,-0.4748997092247009,0.49248242378234863,0.8236527442932129,-0.3436976969242096,0.4350069463253021,0.7423350214958191,-0.5681156516075134,0.41909846663475037,0.7051617503166199,-0.42607706785202026
0.8447497487068176,0.2340145707130432,0.06929953396320343,0.8533364534378052,0.21165864169597626,0.08436834812164307,0.8597468137741089,0.21043166518211365,0.08430088311433792,0.8656732439994812,0.2096550464630127,0.08412207663059235,0.8381941914558411,0.21550355851650238,0.10106326639652252,0.8333406448364258,0.21636882424354553,0.1011337861418724,0.8293169140815735,0.2175564467906952,0.1011081337928772,0.8791838884353638,0.21940702199935913,0.16278643906116486,0.8311654329299927,0.2295125275850296,0.24429436028003693,0.8570544123649597,0.25650399923324585,0.09625553339719772,0.8387836217880249,0.25929611921310425,0.1202169880270958,0.9164473414421082,0.3335816562175751,0.12864309549331665,0.8108013272285461,0.3313550055027008,0.29164817929267883,0.9538037180900574,0.49267345666885376,0.03493829071521759,0.7747805118560791,0.44993889331817627,0.23770102858543396,0.8569390177726746,0.45750269293785095,-0.056136250495910645,0.7422832250595093,0.44256770610809326,0.00883125513792038,0.8315478563308716,0.4677056670188904,-0.08633649349212646,0.7305355668067932,0.4443907141685486,-0.04040750116109848,0.82806396484375,0.44801750779151917,-0.07611875236034393,0.7328185439109802,0.4331749379634857,-0.04968532919883728,0.8345206379890442,0.44489768147468567,-0.0515204593539238,0.7405957579612732,0.43556323647499084,-0.0033331657759845257,0.8252509236335754,0.5587974190711975,-0.07306423783302307,0.7681470513343811,0.5273348689079285,0.07320500165224075,0.6980991959571838,0.6281344294548035,-0.26487064361572266,0.6543924808502197,0.5808191895484924,-0.09530884027481079,0.5240381360054016,0.7867514491081238,-0.4771423935890198,0.5079280734062195,0.7547276616096497,-0.32665812969207764,0.5039022564888,0.8486884832382202,-0.49552121758461,0.49107345938682556,0.8242906928062439,-0.35296517610549927,0.4337924122810364,0.7252657413482666,-0.5826799869537354,0.4198076128959656,0.7039316892623901,-0.429548978805542
0.8346573114395142,0.21762806177139282,0.07925431430339813,0.8411798477172852,0.19697022438049316,0.09589548408985138,0.847020149230957,0.19595400989055634,0.09583194553852081,0.8526251912117004,0.19501394033432007,0.09565772116184235,0.8262525796890259,0.19938689470291138,0.11157330125570297,0.8214606046676636,0.20053169131278992,0.11164043098688126,0.8171288371086121,0.20207957923412323,0.11161080747842789,0.8660846948623657,0.20369784533977509,0.1756429374217987,0.8172381520271301,0.21546578407287598,0.25169625878334045,0.8475407361984253,0.24012401700019836,0.10589072853326797,0.8295475840568542,0.2474384903907776,0.12891601026058197,0.9110410809516907,0.31572282314300537,0.13045237958431244,0.7984582185745239,0.3303443193435669,0.2890414893627167,0.917168140411377,0.491016685962677,0.03761051595211029,0.7581815123558044,0.4497937560081482,0.22337587177753448,0.8233799934387207,0.4631469249725342,-0.06565643846988678,0.712247371673584,0.4473564028739929,-0.007763408124446869,0.7921757698059082,0.48197391629219055,-0.09788587689399719,0.6917058229446411,0.4543960988521576,-0.05468543618917465,0.7856186628341675,0.4639681577682495,-0.10059275478124619,0.6918219923973083,0.44127315282821655,-0.09076113998889923,0.7911350131034851,0.4574223756790161,-0.06582191586494446,0.6997740864753723,0.4419521391391754,-0.030347421765327454,0.8235390782356262,0.5682487487792969,-0.07593021541833878,0.7617091536521912,0.5409078598022461,0.07613159716129303,0.7004200220108032,0.6191849112510681,-0.2849082350730896,0.6503534317016602,0.5767870545387268,-0.08659039437770844,0.5256040096282959,0.7848624587059021,-0.4976700246334076,0.5029826164245605,0.7527058124542236,-0.3382803201675415,0.508831262588501,0.849212646484375,-0.5168511867523193,0.48812490701675415,0.8239678144454956,-0.36590415239334106,0.4322097897529602,0.7372338771820068,-0.6107214689254761,0.41680797934532166,0.70902419090271,-0.4311310350894928
0.8205888867378235,0.20778973400592804,0.019918492063879967,0.8281186819076538,0.18514899909496307,0.03388324752449989,0.8336056470870972,0.18299123644828796,0.033823754638433456,0.8391315340995789,0.18061567842960358,0.0337648019194603,0.8140645027160645,0.18957222998142242,0.046507466584444046,0.8089946508407593,0.19068071246147156,0.04650445282459259,0.8043931126594543,0.19212324917316437,0.0464618019759655,0.8531532287597656,0.18932248651981354,0.10572173446416855,0.804743766784668,0.20163574814796448,0.166222482919693,0.8332351446151733,0.23038624227046967,0.0448949970304966,0.8164085149765015,0.23561327159404755,0.06281931698322296,0.891163170337677,0.3025275468826294,0.03975459188222885,0.7897000312805176,0.3164155185222626,0.22489777207374573,0.8828532099723816,0.4706399142742157,-0.04971250519156456,0.7301775217056274,0.426210880279541,0.17826905846595764,0.7821266055107117,0.47494715452194214,-0.14980214834213257,0.673967182636261,0.45177319645881653,-0.02371896430850029,0.7554742097854614,0.49969401955604553,-0.1859661489725113,0.6573702096939087,0.46973538398742676,-0.06977711617946625,0.7487505674362183,0.485188364982605,-0.19427385926246643,0.6584419012069702,0.46166878938674927,-0.09441806375980377,0.7551974058151245,0.47736918926239014,-0.15220139920711517,0.6661523580551147,0.45805099606513977,-0.04235702008008957,0.8208678364753723,0.5732544660568237,-0.07793619483709335,0.7607443928718567,0.5429894328117371,0.07817667722702026,0.694599449634552,0.6224926114082336,-0.25765061378479004,0.643621027469635,0.5778346657752991,-0.0801268070936203,0.5244566202163696,0.7860749959945679,-0.4306979179382324,0.4981840252876282,0.7560356259346008,-0.3019172251224518,0.5070505142211914,0.8510832786560059,-0.44582390785217285,0.48174944519996643,0.8281093835830688,-0.3265079855918884,0.43374699354171753,0.7418392896652222,-0.5356884598731995,0.41093987226486206,0.7157637476921082,-0.4002610146999359
0.8065950274467468,0.1904360055923462,-0.05694888159632683,0.8145041465759277,0.16765329241752625,-0.04305298253893852,0.8199370503425598,0.16504740715026855,-0.04310094565153122,0.8256096839904785,0.16347520053386688,-0.04313097521662712,0.8003965616226196,0.1744423508644104,-0.0335143581032753,0.7954147458076477,0.17686985433101654,-0.03353918716311455,0.7903268933296204,0.17964622378349304,-0.033572036772966385,0.8382891416549683,0.17375494539737701,0.031710363924503326,0.7901747822761536,0.1892583668231964,0.07635538280010223,0.8193718194961548,0.21190321445465088,-0.029872629791498184,0.8020097017288208,0.21541418135166168,-0.01653767004609108,0.8733517527580261,0.287585973739624,-0.040820419788360596,0.7744930386543274,0.3073592782020569,0.15657806396484375,0.8500572443008423,0.45201772451400757,-0.13045811653137207,0.7079674005508423,0.4114033579826355,0.10133250057697296,0.7461515665054321,0.4867005944252014,-0.21298377215862274,0.6405959725379944,0.4557701647281647,-0.10330753028392792,0.7166060209274292,0.5194174647331238,-0.24596551060676575,0.6259125471115112,0.47778841853141785,-0.14802294969558716,0.7091028690338135,0.499271422624588,-0.25306272506713867,0.6274493336677551,0.4695295989513397,-0.16999614238739014,0.7152438759803772,0.49075204133987427,-0.21473225951194763,0.6338615417480469,0.46600040793418884,-0.12135902792215347,0.8203808665275574,0.5729256272315979,-0.08028291910886765,0.7609436511993408,0.5426706075668335,0.08050959557294846,0.6922972202301025,0.6183618903160095,-0.24213798344135284,0.6431252360343933,0.5689226388931274,-0.1119726300239563,0.5247763991355896,0.786510705947876,-0.40284761786460876,0.4988535940647125,0.7559254765510559,-0.29826390743255615,0.5114598274230957,0.8512212038040161,-0.4170752167701721,0.47904616594314575,0.8191042542457581,-0.31750139594078064,0.43660205602645874,0.7749735713005066,-0.5165994167327881,0.4147282540798187,0.7156372666358948,-0.4046541154384613
0.7908404469490051,0.17530813813209534,-0.06557884067296982,0.7975543737411499,0.15436412394046783,-0.05252378061413765,0.8028210401535034,0.15330028533935547,-0.05256891995668411,0.8080900311470032,0.15222063660621643,-0.052589643746614456,0.7837638854980469,0.15783552825450897,-0.04278019443154335,0.77935391664505,0.16040727496147156,-0.042827799916267395,0.7753337025642395,0.16316482424736023,-0.04288140684366226,0.8194276690483093,0.15954050421714783,0.021186258643865585,0.7737576365470886,0.17610181868076324,0.06572768837213516,0.8034363985061646,0.19793802499771118,-0.03916577994823456,0.7852240800857544,0.20360694825649261,-0.025925803929567337,0.8566853404045105,0.2782696485519409,-0.06802748888731003,0.756645917892456,0.3032596707344055,0.15432825684547424,0.821182906627655,0.4346744418144226,-0.17981873452663422,0.6809272170066833,0.4083268940448761,0.09265623241662979,0.7162709832191467,0.4913822114467621,-0.265193372964859,0.6172696352005005,0.45638424158096313,-0.10745523869991302,0.6885477304458618,0.5222418308258057,-0.29677772521972656,0.6010814905166626,0.48075637221336365,-0.14968739449977875,0.6813853979110718,0.5096044540405273,-0.3023380637168884,0.6024510264396667,0.4738411009311676,-0.17112819850444794,0.6893520951271057,0.49826207756996155,-0.2666360139846802,0.6105097532272339,0.46927976608276367,-0.12521596252918243,0.81700199842453,0.589332103729248,-0.08550787717103958,0.7608178853988647,0.5668457746505737,0.08577076345682144,0.6768989562988281,0.5941994786262512,-0.24905607104301453,0.632462739944458,0.5653010010719299,-0.11280320584774017,0.5238077640533447,0.781532347202301,-0.401516854763031,0.4967885911464691,0.7520533800125122,-0.2986637055873871,0.5114584565162659,0.8544905185699463,-0.41494566202163696,0.48228782415390015,0.7988954186439514,-0.31847506761550903,0.4365605413913727,0.7577908635139465,-0.5182632207870483,0.4220350384712219,0.7088273167610168,-0.40133237838745117
0.7693678140640259,0.16557730734348297,-0.07027571648359299,0.7768910527229309,0.14399650692939758,-0.057890377938747406,0.7828647494316101,0.1430731862783432,-0.05792130157351494,0.788795530796051,0.14251968264579773,-0.0579228475689888,0.7620298862457275,0.1483864188194275,-0.04820115119218826,0.7580024600028992,0.15049900114536285,-0.0482586994767189,0.7540279626846313,0.1525236815214157,-0.04831891506910324,0.801031768321991,0.14983217418193817,0.012241740711033344,0.7545901536941528,0.1626622974872589,0.055757708847522736,0.7818651795387268,0.188394695520401,-0.04505857452750206,0.7641428709030151,0.1962812840938568,-0.032099638134241104,0.8378334045410156,0.2713289260864258,-0.0834139958024025,0.7377762794494629,0.29455476999282837,0.14934560656547546,0.7920635938644409,0.4164196848869324,-0.18449558317661285,0.6607540845870972,0.4041022062301636,0.09864193201065063,0.691534161567688,0.49244317412376404,-0.24798956513404846,0.5934138894081116,0.4580986797809601,-0.06829049438238144,0.6539520025253296,0.5261751413345337,-0.27852392196655273,0.5726355314254761,0.4833075702190399,-0.10190143436193466,0.646269679069519,0.5129509568214417,-0.2830587923526764,0.5728191137313843,0.48078253865242004,-0.1259516328573227,0.6524508595466614,0.5031922459602356,-0.24869751930236816,0.582639217376709,0.4758698046207428,-0.0856933444738388,0.8074573278427124,0.5904222130775452,-0.0883903056383133,0.7517658472061157,0.5662802457809448,0.0886303037405014,0.6692546606063843,0.581088662147522,-0.22585277259349823,0.6230217218399048,0.5572567582130432,-0.10047002881765366,0.5251531600952148,0.7798827886581421,-0.35538843274116516,0.4970284402370453,0.7533870935440063,-0.26615291833877563,0.5177550911903381,0.8459584712982178,-0.36741989850997925,0.4835032820701599,0.8037657141685486,-0.2840978503227234,0.439142644405365,0.7630499005317688,-0.4623798429965973,0.42215245962142944,0.7151533961296082,-0.3660431206226349
0.7498436570167542,0.1633600890636444,-0.07921160757541656,0.7573362588882446,0.14056439697742462,-0.06678489595651627,0.7638688683509827,0.13863888382911682,-0.06679600477218628,0.7700220346450806,0.1372368484735489,-0.06678257882595062,0.7422806024551392,0.14607153832912445,-0.058294110000133514,0.7372226119041443,0.1484273225069046,-0.05836004763841629,0.7336756587028503,0.15053026378154755,-0.05840552970767021,0.7811349034309387,0.14357388019561768,0.009475255385041237,0.7341917753219604,0.1586456447839737,0.04729769378900528,0.7644635438919067,0.18601444363594055,-0.0512222945690155,0.7455004453659058,0.19494864344596863,-0.040011294186115265,0.8188529014587402,0.26201751828193665,-0.0864008441567421,0.7176381349563599,0.287103533744812,0.13987448811531067,0.7693907618522644,0.4059899151325226,-0.20764851570129395,0.6409338712692261,0.3998805582523346,0.07141880691051483,0.6631008982658386,0.49743974208831787,-0.27531859278678894,0.5694094896316528,0.4565180540084839,-0.12701548635959625,0.6310744285583496,0.5335838794708252,-0.3064514994621277,0.5512145757675171,0.48263728618621826,-0.1680741161108017,0.6238373517990112,0.5212638974189758,-0.3094014525413513,0.5529776811599731,0.48080116510391235,-0.19010688364505768,0.6275073885917664,0.5103305578231812,-0.2752869725227356,0.5600648522377014,0.4762194752693176,-0.14458948373794556,0.800553023815155,0.5890929102897644,-0.08887432515621185,0.744482159614563,0.5696028470993042,0.08909298479557037,0.6558660268783569,0.5538565516471863,-0.21936634182929993,0.614956259727478,0.5337454676628113,-0.10837458074092865,0.5283172726631165,0.7720254063606262,-0.34626927971839905,0.49694496393203735,0.7480509281158447,-0.27430233359336853,0.5196319818496704,0.8449954390525818,-0.3572103977203369,0.48236122727394104,0.8044592142105103,-0.2916877567768097,0.44899535179138184,0.7779816389083862,-0.44252172112464905,0.4206908643245697,0.7203460931777954,-0.3715427815914154
0.725732684135437,0.1623987853527069,-0.06538364291191101,0.7337444424629211,0.13744641840457916,-0.052347332239151,0.7406731247901917,0.13546156883239746,-0.052340876311063766,0.7470691204071045,0.1337929517030716,-0.052295565605163574,0.717677891254425,0.144607812166214,-0.04349628835916519,0.7123931050300598,0.1476282775402069,-0.04358983784914017,0.7089285850524902,0.15048058331012726,-0.04364591836929321,0.7583594918251038,0.13952164351940155,0.022894902154803276,0.7090312838554382,0.15837140381336212,0.0624862015247345,0.7412275671958923,0.184254452586174,-0.03774826601147652,0.7215069532394409,0.19445036351680756,-0.026029130443930626,0.7980098128318787,0.2588315010070801,-0.07200939208269119,0.6954549551010132,0.2872309982776642,0.1567411720752716,0.7441812753677368,0.40128093957901,-0.19705569744110107,0.6169151067733765,0.4002296030521393,0.10055069625377655,0.6367313861846924,0.5076655745506287,-0.2528836727142334,0.5444349050521851,0.4588634967803955,-0.08727303147315979,0.6099815368652344,0.5387325882911682,-0.281974732875824,0.5272611975669861,0.48577964305877686,-0.1236053928732872,0.6026374697685242,0.5244697332382202,-0.2861834168434143,0.5287767052650452,0.48402899503707886,-0.14662757515907288,0.6073836088180542,0.5124238729476929,-0.2530474066734314,0.5349312424659729,0.4781089425086975,-0.10409237444400787,0.7874009013175964,0.5907936692237854,-0.09041176736354828,0.7307769060134888,0.5780748724937439,0.09054683893918991,0.6497781276702881,0.5259274840354919,-0.2586504817008972,0.5937826037406921,0.5145353674888611,-0.12075966596603394,0.5309963226318359,0.7666018009185791,-0.4037301540374756,0.4946654736995697,0.7514750361442566,-0.32580921053886414,0.5272018909454346,0.8365452885627747,-0.4149499535560608,0.4842868745326996,0.8148719072341919,-0.3467729687690735,0.4592278003692627,0.7898549437522888,-0.4924972951412201,0.4205009937286377,0.7237251400947571,-0.4333992600440979
0.7035742998123169,0.16156624257564545,-0.03812091797590256,0.7117088437080383,0.1336754411458969,-0.02343399077653885,0.7181435823440552,0.13024060428142548,-0.023439671844244003,0.7237029075622559,0.1277986466884613,-0.023417146876454353,0.6963651776313782,0.14309176802635193,-0.014198864810168743,0.6910315155982971,0.14624923467636108,-0.014295090921223164,0.6868131160736084,0.14902395009994507,-0.0143688740208745,0.7345203161239624,0.1366090178489685,0.05468598008155823,0.686305820941925,0.15748143196105957,0.09766902029514313,0.7197907567024231,0.18109236657619476,-0.009799735620617867,0.698867678642273,0.19306106865406036,0.0023073654156178236,0.775081992149353,0.2590630352497101,-0.05501878261566162,0.6758546233177185,0.287591814994812,0.18565258383750916,0.7047169208526611,0.4036298096179962,-0.1656060814857483,0.592229962348938,0.4010799825191498,0.1571609079837799,0.5989364385604858,0.5065853595733643,-0.2140103131532669,0.5139102339744568,0.46418654918670654,0.01441724132746458,0.5722116827964783,0.5395686030387878,-0.23990289866924286,0.4971145689487457,0.49054545164108276,-0.011223340407013893,0.5661526918411255,0.5330310463905334,-0.24176296591758728,0.49812155961990356,0.49070030450820923,-0.0326424166560173,0.5738078355789185,0.518044114112854,-0.21355310082435608,0.5046128630638123,0.4851815104484558,-0.00040525197982788086,0.7694639563560486,0.5935840606689453,-0.09289562702178955,0.7161263823509216,0.5795174837112427,0.09279321879148483,0.6322322487831116,0.5010162591934204,-0.2734488248825073,0.583728015422821,0.4924725294113159,-0.10551544278860092,0.5244026184082031,0.760441780090332,-0.41542696952819824,0.4937604069709778,0.7560123801231384,-0.3024537265300751,0.5243803262710571,0.8349157571792603,-0.42787981033325195,0.4879843294620514,0.8230118751525879,-0.3233427405357361,0.449293315410614,0.7342343926429749,-0.5193803906440735,0.42175358533859253,0.7301927208900452,-0.41086703538894653
0.6784018278121948,0.15910394489765167,-0.05677017569541931,0.6850355863571167,0.13092383742332458,-0.04610674828290939,0.6914640069007874,0.12757240235805511,-0.04608006030321121,0.6970954537391663,0.12530627846717834,-0.04599485173821449,0.6710091829299927,0.13966554403305054,-0.034169040620326996,0.6662448644638062,0.1427660584449768,-0.03426505625247955,0.6629562973976135,0.1454632580280304,-0.034376926720142365,0.7097344994544983,0.13507187366485596,0.01957755908370018,0.6626800298690796,0.15660279989242554,0.07413138449192047,0.6937069296836853,0.17877866327762604,-0.032660115510225296,0.6746202707290649,0.18827007710933685,-0.01674724370241165,0.7495535612106323,0.25873228907585144,-0.07698938250541687,0.6522303819656372,0.2872757911682129,0.1774110049009323,0.6735935807228088,0.40508371591567993,-0.16409550607204437,0.5692991614341736,0.400928795337677,0.16670626401901245,0.567372739315033,0.4984540343284607,-0.18762782216072083,0.48605284094810486,0.46840739250183105,0.05205395817756653,0.5423361659049988,0.5411509871482849,-0.21040531992912292,0.46482253074645996,0.49809718132019043,0.03021675907075405,0.5330551862716675,0.5361611247062683,-0.21329434216022491,0.4662795066833496,0.49783626198768616,0.007200972642749548,0.5413886308670044,0.5202004313468933,-0.18738745152950287,0.47382694482803345,0.4914175570011139,0.03708156943321228,0.7457000017166138,0.5947298407554626,-0.09361559897661209,0.6942015290260315,0.5804674029350281,0.09345433115959167,0.6162846088409424,0.4901353716850281,-0.2839501202106476,0.5694000720977783,0.47279495000839233,-0.10192616283893585,0.518002450466156,0.7560819983482361,-0.41334986686706543,0.4923006594181061,0.7554697394371033,-0.29508116841316223,0.5204044580459595,0.8320289850234985,-0.42469921708106995,0.49130234122276306,0.8207200765609741,-0.3156687915325165,0.4406442642211914,0.7335118651390076,-0.5125131011009216,0.421135812997818,0.7291199564933777,-0.4014933705329895
0.6506192684173584,0.15785346925258636,-0.12537552416324615,0.6583285927772522,0.1285119652748108,-0.11502833664417267,0.6647986173629761,0.12530842423439026,-0.11497211456298828,0.6705655455589294,0.12316548824310303,-0.11487002670764923,0.6434242725372314,0.13829289376735687,-0.10117039829492569,0.6387551426887512,0.14155973494052887,-0.1012827530503273,0.6350286602973938,0.14448069036006927,-0.10139038413763046,0.6826630234718323,0.13349740207195282,-0.045694537460803986,0.6360693573951721,0.15571273863315582,0.018601994961500168,0.6665863990783691,0.17814119160175323,-0.09957174211740494,0.647264838218689,0.18736669421195984,-0.08086304366588593,0.7211923599243164,0.2580854296684265,-0.12842877209186554,0.6250777244567871,0.2879970669746399,0.1250227391719818,0.6380161643028259,0.40594762563705444,-0.2018207609653473,0.5394600629806519,0.40477997064590454,0.13415765762329102,0.5321043729782104,0.4860801696777344,-0.22126004099845886,0.452753484249115,0.4812626242637634,0.054970018565654755,0.49772247672080994,0.5275506377220154,-0.24357585608959198,0.43176203966140747,0.5109637975692749,0.0382557176053524,0.4919359087944031,0.5220513343811035,-0.24350717663764954,0.431954950094223,0.5128624439239502,0.00970434583723545,0.5005441904067993,0.4997561573982239,-0.22059312462806702,0.4407270848751068,0.5067080855369568,0.03818663954734802,0.7228595018386841,0.5967262983322144,-0.09794263541698456,0.6683069467544556,0.5857870578765869,0.0975244790315628,0.5950118899345398,0.47506850957870483,-0.282905638217926,0.543100893497467,0.4642055630683899,-0.01744363270699978,0.5160422921180725,0.7567183375358582,-0.376487672328949,0.4822329878807068,0.7327433824539185,-0.18148069083690643,0.5181179046630859,0.8334864974021912,-0.3832290768623352,0.4861474931240082,0.8079123497009277,-0.19893823564052582,0.4384995400905609,0.7590408325195312,-0.4523577094078064,0.4107990860939026,0.7295750975608826,-0.25827017426490784
0.6194345951080322,0.15791846811771393,-0.1343453973531723,0.6267490983009338,0.12879158556461334,-0.12275353819131851,0.6336530447006226,0.12561820447444916,-0.12268010526895523,0.6400212049484253,0.12336163222789764,-0.12255498021841049,0.6122122406959534,0.13836859166622162,-0.10400116443634033,0.6076443791389465,0.14159707725048065,-0.10409963130950928,0.6044492125511169,0.14455176889896393,-0.10421773046255112,0.6536499261856079,0.13328854739665985,-0.04701075330376625,0.6067825555801392,0.1555352807044983,0.03381266072392464,0.6361100077629089,0.17833462357521057,-0.10683814436197281,0.6171044111251831,0.18748809397220612,-0.08213440328836441,0.6910604238510132,0.25895628333091736,-0.1367112100124359,0.5998431444168091,0.28815963864326477,0.14618319272994995,0.6008291840553284,0.4072016775608063,-0.22831308841705322,0.5092535614967346,0.4045928418636322,0.15202516317367554,0.4863148629665375,0.49954676628112793,-0.23713433742523193,0.4210631847381592,0.48178428411483765,0.02043124847114086,0.4497876763343811,0.5451847314834595,-0.2646585702896118,0.39751410484313965,0.5138309597969055,0.0003428664058446884,0.442572683095932,0.5379601120948792,-0.26138025522232056,0.40095439553260803,0.5164326429367065,-0.03122270479798317,0.45267921686172485,0.5208345651626587,-0.23486387729644775,0.4094691276550293,0.510238528251648,0.00066998356487602,0.7029331922531128,0.5980143547058105,-0.10185806453227997,0.6466220617294312,0.5888445377349854,0.10133637487888336,0.5852679014205933,0.45860520005226135,-0.3206549882888794,0.5215958952903748,0.44827428460121155,-0.04576287046074867,0.5097783803939819,0.7613667845726013,-0.4177244305610657,0.482623815536499,0.7368031740188599,-0.21624401211738586,0.5165917873382568,0.840105414390564,-0.42516931891441345,0.4892117381095886,0.790557861328125,-0.23471388220787048,0.4268287718296051,0.7870969772338867,-0.5066579580307007,0.4120638966560364,0.7385213971138,-0.3075067102909088
0.5895617008209229,0.15910285711288452,-0.13790056109428406,0.5977837443351746,0.1305297613143921,-0.1274838149547577,0.6050273776054382,0.12724196910858154,-0.12742282450199127,0.6114780902862549,0.12502849102020264,-0.12731030583381653,0.5825210213661194,0.13924367725849152,-0.11120782047510147,0.5779978632926941,0.1422637701034546,-0.11131133884191513,0.574499249458313,0.1450420618057251,-0.11142685264348984,0.6248854398727417,0.13455964624881744,-0.0559525191783905,0.5773712396621704,0.15620765089988708,0.029824327677488327,0.6063641309738159,0.18017318844795227,-0.11125834286212921,0.5867826342582703,0.18933455646038055,-0.08979000151157379,0.660056471824646,0.26086002588272095,-0.14414072036743164,0.5730143785476685,0.2888321280479431,0.14376594126224518,0.5635063052177429,0.40358343720436096,-0.23148390650749207,0.47811198234558105,0.40149229764938354,0.13737769424915314,0.44256505370140076,0.5042263269424438,-0.23953790962696075,0.38627901673316956,0.4821309745311737,0.029278045520186424,0.4051951766014099,0.5461505055427551,-0.2669636607170105,0.35675233602523804,0.5173794627189636,0.009760284796357155,0.3966297507286072,0.5383594632148743,-0.26182103157043457,0.359069287776947,0.522823691368103,-0.023168319836258888,0.40808314085006714,0.524856686592102,-0.23688292503356934,0.3706018328666687,0.5170784592628479,0.008902584202587605,0.6818774938583374,0.601768434047699,-0.09947143495082855,0.6244834661483765,0.5997033715248108,0.09884849935770035,0.5693147778511047,0.44952714443206787,-0.3138889968395233,0.5026582479476929,0.44156956672668457,-0.030735153704881668,0.5056977868080139,0.7601312398910522,-0.4093998968601227,0.489976167678833,0.7468830347061157,-0.19874709844589233,0.5123216509819031,0.83742356300354,-0.4159412384033203,0.5028164386749268,0.8049928545951843,-0.2173011302947998,0.4177044928073883,0.7811293005943298,-0.5018322467803955,0.41429299116134644,0.7652594447135925,-0.2915099263191223
0.559939444065094,0.16838018596172333,-0.23983097076416016,0.5674905180931091,0.13884517550468445,-0.2343132048845291,0.5746052265167236,0.13417737185955048,-0.23426449298858643,0.5818177461624146,0.13039973378181458,-0.2341286838054657,0.5532292723655701,0.14725057780742645,-0.2117677628993988,0.5493944883346558,0.1499212086200714,-0.21186622977256775,0.546484112739563,0.1520351618528366,-0.21196770668029785,0.5974229574203491,0.1386672705411911,-0.16063210368156433,0.5509434938430786,0.1609780490398407,-0.056923311203718185,0.5763656497001648,0.19163714349269867,-0.21148844063282013,0.5590699315071106,0.19991633296012878,-0.18140605092048645,0.6326073408126831,0.2625994384288788,-0.23562708497047424,0.5551521182060242,0.2904956340789795,0.0845145434141159,0.5183872580528259,0.40174344182014465,-0.3224871754646301,0.45621490478515625,0.39656105637550354,0.10678432881832123,0.39019066095352173,0.48843222856521606,-0.3216557800769806,0.35865652561187744,0.4836520850658417,0.024009712040424347,0.3538356423377991,0.5320899486541748,-0.35284361243247986,0.32907822728157043,0.5196274518966675,0.01185699738562107,0.34606900811195374,0.5254805088043213,-0.34080609679222107,0.3306894898414612,0.5254172682762146,-0.03312268108129501,0.35839083790779114,0.5130376815795898,-0.3169915974140167,0.34207695722579956,0.525779664516449,-0.0011653407709673047,0.6639605760574341,0.6120322942733765,-0.10301065444946289,0.6124933958053589,0.6122179627418518,0.10240648686885834,0.5472864508628845,0.4518659710884094,-0.32345032691955566,0.4890270233154297,0.4553159475326538,0.040097564458847046,0.5022045373916626,0.7567884922027588,-0.36023610830307007,0.48666054010391235,0.7311360836029053,-0.08204635977745056,0.5090739130973816,0.8368728756904602,-0.36325448751449585,0.5018532276153564,0.7791792154312134,-0.09684710949659348,0.4109078347682953,0.78078293800354,-0.44221553206443787,0.4153673052787781,0.7612588405609131,-0.15617623925209045
0.5369223356246948,0.1737738996744156,-0.28663378953933716,0.544308066368103,0.14370065927505493,-0.2855990529060364,0.551001787185669,0.13872013986110687,-0.28557726740837097,0.5580586194992065,0.134231299161911,-0.2854573130607605,0.5303431749343872,0.1521863043308258,-0.26107877492904663,0.5266352891921997,0.15451282262802124,-0.26117807626724243,0.5231295824050903,0.1565113216638565,-0.2612386643886566,0.573346734046936,0.1411425918340683,-0.21970300376415253,0.5277938842773438,0.1639314591884613,-0.10884620249271393,0.5539085865020752,0.1984744817018509,-0.2594946622848511,0.5370960831642151,0.2069493681192398,-0.22725167870521545,0.6039315462112427,0.26567763090133667,-0.2898631691932678,0.5414109826087952,0.28526571393013,0.0586271770298481,0.4803546369075775,0.40343543887138367,-0.3561181426048279,0.4344407021999359,0.389665424823761,0.09066053479909897,0.35017722845077515,0.48279258608818054,-0.3611879348754883,0.326362669467926,0.4809281527996063,0.011765779927372932,0.31425854563713074,0.5249679088592529,-0.39559122920036316,0.2990657687187195,0.5133985877037048,0.011200178414583206,0.3075963258743286,0.5182900428771973,-0.37745732069015503,0.29985517263412476,0.5232031345367432,-0.03927728533744812,0.31745052337646484,0.5063507556915283,-0.3539449870586395,0.307918518781662,0.5192328691482544,-0.011677203699946404,0.6507017016410828,0.6180875301361084,-0.11600848287343979,0.6053358316421509,0.61771559715271,0.1153317540884018,0.5283949971199036,0.4445306062698364,-0.251017689704895,0.4692881107330322,0.4567790925502777,0.19295969605445862,0.5000565648078918,0.7507810592651367,-0.2025296986103058,0.4932635426521301,0.7074899673461914,0.17465215921401978,0.5070161819458008,0.8298612236976624,-0.19593289494514465,0.5102547407150269,0.7553269863128662,0.1716928482055664,0.4076135754585266,0.7702182531356812,-0.23746085166931152,0.4238385260105133,0.7509685158729553,0.15585669875144958
0.5197306871414185,0.174409881234169,-0.331428587436676,0.5286269783973694,0.1434495598077774,-0.3295638859272003,0.5357815027236938,0.13859981298446655,-0.32957661151885986,0.5429818034172058,0.13429196178913116,-0.3294907808303833,0.5137315392494202,0.1525634080171585,-0.30311521887779236,0.5106538534164429,0.15494714677333832,-0.3032204806804657,0.5076636672019958,0.1572464555501938,-0.3032633662223816,0.5566160082817078,0.14125293493270874,-0.2577058672904968,0.5124569535255432,0.16440430283546448,-0.13803765177726746,0.5371869802474976,0.19817624986171722,-0.301766574382782,0.5198623538017273,0.20774872601032257,-0.2670539617538452,0.5826960206031799,0.2674720883369446,-0.3284311592578888,0.5275240540504456,0.2809526324272156,0.050759416073560715,0.45572543144226074,0.4009456932544708,-0.40412741899490356,0.41481590270996094,0.384562224149704,0.08166897296905518,0.3235006034374237,0.475090354681015,-0.4277592599391937,0.29952070116996765,0.4770011603832245,-0.010708452202379704,0.28308314085006714,0.5197451710700989,-0.4713211953639984,0.26999956369400024,0.5093697309494019,-0.024698441848158836,0.2763441801071167,0.5165647268295288,-0.45048823952674866,0.2680385708808899,0.5171917080879211,-0.06453008949756622,0.2853449881076813,0.5043849349021912,-0.42002683877944946,0.2761783301830292,0.5095285773277283,-0.03527437895536423,0.6372675895690918,0.6207885146141052,-0.12812595069408417,0.5932399034500122,0.6234000325202942,0.12739981710910797,0.5100885033607483,0.4264211058616638,-0.2752666771411896,0.45870113372802734,0.4553697407245636,0.20523372292518616,0.4998118281364441,0.7498573064804077,-0.18873432278633118,0.49528226256370544,0.7041293382644653,0.224663645029068,0.5081192255020142,0.8219807744026184,-0.179142564535141,0.5120569467544556,0.7507448196411133,0.22561946511268616,0.41788387298583984,0.7581884860992432,-0.21032002568244934,0.4275270104408264,0.7413448691368103,0.2212977111339569
0.512690007686615,0.17454823851585388,-0.32001715898513794,0.5222083926200867,0.14380702376365662,-0.31835100054740906,0.5295296311378479,0.1392003744840622,-0.3183489739894867,0.5365564823150635,0.13512840867042542,-0.3182562589645386,0.5069422125816345,0.15244419872760773,-0.2917099893093109,0.5037274360656738,0.15423272550106049,-0.2918036878108978,0.501280665397644,0.15584780275821686,-0.2918490767478943,0.5506062507629395,0.1415531486272812,-0.24609601497650146,0.5068032145500183,0.16201409697532654,-0.12543097138404846,0.5295352339744568,0.1985825151205063,-0.29023250937461853,0.5124222040176392,0.20787157118320465,-0.25514063239097595,0.5744099617004395,0.26608872413635254,-0.311351478099823,0.5256396532058716,0.2825327217578888,0.0570036955177784,0.44430917501449585,0.39159294962882996,-0.3886408507823944,0.41307616233825684,0.3917316496372223,0.07866544276475906,0.3082372844219208,0.4653704762458801,-0.41228896379470825,0.286833256483078,0.4843725860118866,-0.004802989773452282,0.2694259285926819,0.5109787583351135,-0.4547406733036041,0.25710102915763855,0.5166928768157959,-0.005674502346664667,0.26188749074935913,0.5104154944419861,-0.432020366191864,0.2544704079627991,0.5199375748634338,-0.05332678556442261,0.2710985541343689,0.49911871552467346,-0.40435004234313965,0.2624787390232086,0.5120964050292969,-0.029096651822328568,0.6322015523910522,0.6183415055274963,-0.1275096833705902,0.5916239023208618,0.6254825592041016,0.126827672123909,0.503941535949707,0.41899412870407104,-0.25501549243927,0.45607003569602966,0.4323274791240692,0.18988028168678284,0.4901590347290039,0.7471989989280701,-0.18630053102970123,0.49395841360092163,0.7034763693809509,0.18181678652763367,0.5098861455917358,0.8185978531837463,-0.1775646060705185,0.5145155787467957,0.7494604587554932,0.18000146746635437,0.419149786233902,0.7575634717941284,-0.2109616994857788,0.426052987575531,0.7418249249458313,0.16325697302818298
0.519426703453064,0.17486795783042908,-0.31741246581077576,0.5284215211868286,0.14420074224472046,-0.31534600257873535,0.5350207090377808,0.14011648297309875,-0.31535834074020386,0.5412651300430298,0.13639938831329346,-0.31530195474624634,0.5137798190116882,0.15225136280059814,-0.2882870137691498,0.5101151466369629,0.15395531058311462,-0.28839120268821716,0.5071187019348145,0.15554401278495789,-0.28843438625335693,0.5555161237716675,0.14186498522758484,-0.2453434020280838,0.5136050581932068,0.16061484813690186,-0.12545152008533478,0.5354141592979431,0.1983768194913864,-0.28835999965667725,0.518686830997467,0.2080049067735672,-0.25340041518211365,0.5809692144393921,0.2651834189891815,-0.30930691957473755,0.5295977592468262,0.2822776436805725,0.05882614850997925,0.45512253046035767,0.3862033784389496,-0.38226577639579773,0.42039114236831665,0.39098304510116577,0.0863063856959343,0.31820589303970337,0.4551751911640167,-0.40538495779037476,0.29769355058670044,0.4764951169490814,0.005778923165053129,0.27750587463378906,0.5012158751487732,-0.44463926553726196,0.2678167223930359,0.5086573362350464,0.008287793025374413,0.2701871991157532,0.4993961751461029,-0.4206169545650482,0.2641560435295105,0.513023853302002,-0.040636226534843445,0.27860161662101746,0.4879750907421112,-0.3999032974243164,0.272505521774292,0.5038622617721558,-0.01899534836411476,0.6348702311515808,0.6156126260757446,-0.12482848018407822,0.5959296226501465,0.6268541812896729,0.12411202490329742,0.507946789264679,0.4190569221973419,-0.24503366649150848,0.4589725136756897,0.4345261752605438,0.18827885389328003,0.49241262674331665,0.745789110660553,-0.18357893824577332,0.4836209714412689,0.7054345607757568,0.13043615221977234,0.5105706453323364,0.8215911984443665,-0.17705082893371582,0.5032009482383728,0.7576287984848022,0.1233435645699501,0.4192100167274475,0.7605260014533997,-0.21574580669403076,0.41540732979774475,0.7377334833145142,0.09783841669559479
0.5518417358398438,0.17326807975769043,-0.2327081263065338,0.5610051155090332,0.14321395754814148,-0.22481504082679749,0.5671058893203735,0.1394433081150055,-0.2247650921344757,0.5722106695175171,0.13621918857097626,-0.22461514174938202,0.5442572236061096,0.15132950246334076,-0.2029607743024826,0.5397728085517883,0.15330356359481812,-0.20304465293884277,0.5360519886016846,0.1550748646259308,-0.20313911139965057,0.5852952599525452,0.14101040363311768,-0.14213301241397858,0.5402247905731201,0.16067759692668915,-0.0414988212287426,0.567984938621521,0.19565331935882568,-0.20118975639343262,0.5478984117507935,0.20535147190093994,-0.17187049984931946,0.6154186725616455,0.25881126523017883,-0.21731218695640564,0.5493506789207458,0.2786502242088318,0.10778306424617767,0.5010983943939209,0.3695536255836487,-0.3114049434661865,0.445636510848999,0.37979987263679504,0.132442906498909,0.36269038915634155,0.4347638487815857,-0.33100414276123047,0.33406105637550354,0.4420289695262909,0.03405458852648735,0.3269169330596924,0.4712819755077362,-0.3652840256690979,0.3046348989009857,0.470549613237381,0.03487589955329895,0.31959182024002075,0.4721173644065857,-0.35246267914772034,0.30292877554893494,0.47489243745803833,-0.010458020493388176,0.33164262771606445,0.461290568113327,-0.32629817724227905,0.31300240755081177,0.46912306547164917,0.009871884249150753,0.6529329419136047,0.6121278405189514,-0.11531539261341095,0.6061182022094727,0.624022364616394,0.11464222520589828,0.5288149118423462,0.41872113943099976,-0.3133719563484192,0.47931772470474243,0.4366065263748169,0.04649662971496582,0.501884400844574,0.7539975643157959,-0.3699621558189392,0.4885250926017761,0.7321205139160156,-0.0870451033115387,0.5100540518760681,0.8340295553207397,-0.3741343021392822,0.5031423568725586,0.7797302007675171,-0.10288818180561066,0.41630640625953674,0.7908053994178772,-0.4514320492744446,0.41714730858802795,0.7476232051849365,-0.16578435897827148
0.6035524606704712,0.16292276978492737,-0.12494979053735733,0.6114357113838196,0.1359097957611084,-0.11318112909793854,0.6168193817138672,0.13375039398670197,-0.11314184963703156,0.6223805546760559,0.13140077888965607,-0.11299300193786621,0.5951187610626221,0.14314007759094238,-0.0939335748553276,0.5893282294273376,0.14562159776687622,-0.09401393681764603,0.5847331285476685,0.14791680872440338,-0.09408875554800034,0.6357302665710449,0.13749340176582336,-0.0253172367811203,0.5849241018295288,0.1591179221868515,0.06310836225748062,0.6169596910476685,0.18547028303146362,-0.09256751835346222,0.5978391170501709,0.19264663755893707,-0.0669943168759346,0.6671967506408691,0.2507243752479553,-0.12038010358810425,0.5779536962509155,0.29013878107070923,0.19269844889640808,0.559984564781189,0.36430248618125916,-0.2504759132862091,0.48845118284225464,0.38055598735809326,0.1711559295654297,0.4355104863643646,0.42165517807006836,-0.2996246814727783,0.393487811088562,0.4368613660335541,0.00394406309351325,0.39648208022117615,0.4535650908946991,-0.332442969083786,0.36952152848243713,0.4546568691730499,-0.02277166023850441,0.38960522413253784,0.45047727227211,-0.3205415606498718,0.36775273084640503,0.45718684792518616,-0.05274673178792,0.401803195476532,0.4418197274208069,-0.2949647307395935,0.37746667861938477,0.454025000333786,-0.015778588131070137,0.680208683013916,0.6103969812393188,-0.11211415380239487,0.6262595653533936,0.6210445165634155,0.11148659884929657,0.5586177706718445,0.4366845488548279,-0.33978956937789917,0.502108097076416,0.46117067337036133,-0.00368276285007596,0.5045191049575806,0.7642078995704651,-0.44121938943862915,0.48523083329200745,0.7471374273300171,-0.18165069818496704,0.5109055042266846,0.8439198732376099,-0.448585569858551,0.49386659264564514,0.8045549392700195,-0.20113208889961243,0.41599851846694946,0.7954480648040771,-0.5268086194992065,0.41328030824661255,0.7554842829704285,-0.27132800221443176
0.6490834951400757,0.15359146893024445,-0.11330342292785645,0.6568881273269653,0.12767988443374634,-0.09931393712759018,0.6617752313613892,0.12605947256088257,-0.09926138073205948,0.6673167943954468,0.12456215918064117,-0.09914784878492355,0.6415811777114868,0.13402202725410461,-0.08296870440244675,0.6361937522888184,0.1365123838186264,-0.08306986093521118,0.6317468881607056,0.1391415148973465,-0.0831630527973175,0.6803828477859497,0.1340123564004898,-0.007573818322271109,0.6315241456031799,0.1532508283853531,0.0673879086971283,0.6614178419113159,0.1772729605436325,-0.07971102744340897,0.643337607383728,0.18318626284599304,-0.05813979357481003,0.7125102281570435,0.246988907456398,-0.10250721126794815,0.6172559261322021,0.28481730818748474,0.1866464912891388,0.6162720918655396,0.3580821454524994,-0.25356683135032654,0.5335285663604736,0.372117817401886,0.10883226245641708,0.5048028230667114,0.41237208247184753,-0.3322358727455139,0.4503557085990906,0.4191000759601593,-0.15677626430988312,0.4739476144313812,0.43934500217437744,-0.36857467889785767,0.42584294080734253,0.4394851624965668,-0.1966787874698639,0.4673428535461426,0.434552937746048,-0.3708641231060028,0.42599719762802124,0.4383450448513031,-0.2202167958021164,0.477987676858902,0.4245867133140564,-0.3324642479419708,0.43770766258239746,0.43397238850593567,-0.17604559659957886,0.7078710198402405,0.6029858589172363,-0.11130300909280777,0.6509907841682434,0.598751962184906,0.11080026626586914,0.5804120898246765,0.45906737446784973,-0.32900291681289673,0.522399365901947,0.463806688785553,-0.029590904712677002,0.507966160774231,0.7639278769493103,-0.4428118169307709,0.4799886643886566,0.74627286195755,-0.21228349208831787,0.5117930173873901,0.8431817889213562,-0.45226025581359863,0.491763174533844,0.8098673224449158,-0.23274211585521698,0.42289242148399353,0.7580419778823853,-0.5315881371498108,0.4089335799217224,0.7541787028312683,-0.30329862236976624
0.697358250617981,0.152372345328331,-0.0445697158575058,0.704074501991272,0.12746047973632812,-0.02940010465681553,0.7088879942893982,0.1259286105632782,-0.029364189133048058,0.7145386338233948,0.1245647445321083,-0.029274478554725647,0.689131498336792,0.13291162252426147,-0.019983109086751938,0.6831361651420593,0.13491159677505493,-0.020114298909902573,0.6778205633163452,0.13713638484477997,-0.020209480077028275,0.7251341938972473,0.13408824801445007,0.05947675183415413,0.6746299266815186,0.15067967772483826,0.10295158624649048,0.7090192437171936,0.1753319799900055,-0.0123139638453722,0.6904823184013367,0.18044210970401764,0.0002066889137495309,0.7558982372283936,0.24251826107501984,-0.0355660580098629,0.6560087203979492,0.27256861329078674,0.19143801927566528,0.6734619140625,0.35437843203544617,-0.1891515702009201,0.5783470273017883,0.3674076199531555,0.09074781835079193,0.5624778866767883,0.4004063904285431,-0.28692978620529175,0.5018278956413269,0.4090558886528015,-0.15138208866119385,0.5368048548698425,0.4208589196205139,-0.3200664520263672,0.4732770025730133,0.42309388518333435,-0.19561754167079926,0.5304995179176331,0.4128340780735016,-0.32266584038734436,0.4778537154197693,0.422452837228775,-0.21365900337696075,0.5390223860740662,0.4077240526676178,-0.2881181240081787,0.48770269751548767,0.4202589690685272,-0.16772767901420593,0.7355954051017761,0.5945600271224976,-0.09673993289470673,0.6799584627151489,0.5803425908088684,0.09644868969917297,0.6049618124961853,0.4705905020236969,-0.29981014132499695,0.5472153425216675,0.4585060477256775,-0.09371446073055267,0.5150015354156494,0.7696288824081421,-0.48177844285964966,0.4750838875770569,0.7430628538131714,-0.329647958278656,0.5158439874649048,0.8426209092140198,-0.49719905853271484,0.48536714911460876,0.8091155290603638,-0.356130987405777,0.42210230231285095,0.771393358707428,-0.5833650231361389,0.40569448471069336,0.7512016296386719,-0.44406551122665405
0.7438042163848877,0.152677983045578,-0.031685031950473785,0.7501789331436157,0.12980923056602478,-0.01860879175364971,0.7554164528846741,0.1287541389465332,-0.018586620688438416,0.7606927752494812,0.12806366384029388,-0.018535807728767395,0.7354152202606201,0.13432970643043518,-0.009551962837576866,0.7297484278678894,0.1361628621816635,-0.009669002145528793,0.7241576910018921,0.13816413283348083,-0.009753742255270481,0.7694827318191528,0.13831263780593872,0.061303090304136276,0.7193641066551208,0.1507859081029892,0.10323735326528549,0.754324734210968,0.175297349691391,-0.0026112732011824846,0.7363888025283813,0.18055619299411774,0.009392937645316124,0.797374963760376,0.2436281442642212,-0.04421594738960266,0.6986305117607117,0.27153149247169495,0.19231444597244263,0.7224682569503784,0.35683220624923706,-0.20170335471630096,0.6223408579826355,0.36778542399406433,0.10254905372858047,0.6196423768997192,0.3995383679866791,-0.29856225848197937,0.5418443083763123,0.39982783794403076,-0.11447145789861679,0.5884867906570435,0.41899940371513367,-0.32608023285865784,0.518936276435852,0.4113457500934601,-0.1534838229417801,0.583045482635498,0.4086054563522339,-0.3296385109424591,0.5199834108352661,0.4097295105457306,-0.17228056490421295,0.5902268290519714,0.40426674485206604,-0.29927879571914673,0.5317940711975098,0.407776415348053,-0.13108713924884796,0.7671641707420349,0.5879114270210266,-0.0951048880815506,0.7157036662101746,0.5733789801597595,0.09487404674291611,0.6261146664619446,0.5044595003128052,-0.25443217158317566,0.579260528087616,0.47559982538223267,-0.07341152429580688,0.5193843245506287,0.773595929145813,-0.4019094407558441,0.4756034016609192,0.7380263209342957,-0.2630125880241394,0.5191861391067505,0.840790331363678,-0.41329318284988403,0.477790504693985,0.8136811256408691,-0.2833337187767029,0.44397100806236267,0.7567492723464966,-0.49020227789878845,0.4072861075401306,0.7279176712036133,-0.36231714487075806
0.7822228670120239,0.15891297161579132,-0.028099704533815384,0.7913356423377991,0.1388140618801117,-0.014873959124088287,0.7963536381721497,0.13891196250915527,-0.01485233474522829,0.8001651763916016,0.1392131745815277,-0.014826245605945587,0.7749932408332825,0.14115279912948608,-0.00587695324793458,0.770297110080719,0.14304712414741516,-0.005969575606286526,0.766046941280365,0.1452421098947525,-0.006035348866134882,0.8102853894233704,0.15078647434711456,0.061687905341386795,0.7635834813117981,0.1557692438364029,0.10258754342794418,0.7935899496078491,0.18347030878067017,-0.0012820072006434202,0.7749642133712769,0.18687894940376282,0.010310893878340721,0.8367159962654114,0.2568255066871643,-0.04368787258863449,0.7453836798667908,0.2732948362827301,0.1864611655473709,0.7897163033485413,0.3694683909416199,-0.18170399963855743,0.6703757047653198,0.3684508800506592,0.11076684296131134,0.6875039935112,0.39003339409828186,-0.2730332911014557,0.5999373197555542,0.3939429819583893,-0.09052079170942307,0.6534502506256104,0.41318240761756897,-0.3025605082511902,0.582240104675293,0.4041568338871002,-0.13364100456237793,0.6465209722518921,0.4033106565475464,-0.305808961391449,0.5824251174926758,0.4001538157463074,-0.14817193150520325,0.6554232239723206,0.398804634809494,-0.27331745624542236,0.5904398560523987,0.3994723856449127,-0.10510385036468506,0.7941365242004395,0.5872568488121033,-0.09453457593917847,0.7467824220657349,0.5656646490097046,0.09440018236637115,0.6501342058181763,0.5344995856285095,-0.1986570656299591,0.6108460426330566,0.49992379546165466,-0.026430916041135788,0.5273851156234741,0.7774655818939209,-0.3146057724952698,0.49555858969688416,0.7414109706878662,-0.17965856194496155,0.5224987268447876,0.8426294326782227,-0.3230553865432739,0.4787070155143738,0.8101304173469543,-0.19684316217899323,0.4427267014980316,0.75614333152771,-0.38934704661369324,0.4096943438053131,0.7158153057098389,-0.25797536969184875
0.816899299621582,0.17972001433372498,0.06675150990486145,0.8257699012756348,0.1609988659620285,0.08356957137584686,0.8314383625984192,0.16161571443080902,0.08353502303361893,0.8360947370529175,0.16240723431110382,0.0835021361708641,0.8103426694869995,0.16097016632556915,0.09517611563205719,0.805750846862793,0.1619022935628891,0.09512048959732056,0.8012048602104187,0.1632131189107895,0.09503308683633804,0.8453091382980347,0.17278915643692017,0.15678463876247406,0.799493134021759,0.17256373167037964,0.2086818665266037,0.8288311958312988,0.20515477657318115,0.09059443324804306,0.8090754747390747,0.2090563178062439,0.10584618151187897,0.8729987144470215,0.27742698788642883,0.04744171351194382,0.7750343084335327,0.2885495126247406,0.2691097855567932,0.8413224220275879,0.39715999364852905,-0.08203773945569992,0.7077559232711792,0.3902781307697296,0.18342825770378113,0.7422714829444885,0.39230644702911377,-0.18389111757278442,0.6377749443054199,0.39642003178596497,-0.04799100384116173,0.7133448123931885,0.4111156761646271,-0.2136075794696808,0.6247371435165405,0.40327051281929016,-0.09383459389209747,0.707570493221283,0.40214240550994873,-0.2160063534975052,0.6271474957466125,0.39695149660110474,-0.11138905584812164,0.7158030271530151,0.39831945300102234,-0.183622345328331,0.6329278945922852,0.3980320394039154,-0.06573760509490967,0.8115202784538269,0.5825515985488892,-0.08808209002017975,0.7591109275817871,0.551019549369812,0.088136225938797,0.6652076840400696,0.5835098028182983,-0.22368356585502625,0.6303163170814514,0.5397982001304626,-0.08473163098096848,0.5292684435844421,0.7862300276756287,-0.4126254916191101,0.49676623940467834,0.7435479164123535,-0.280906617641449,0.5156545042991638,0.8521477580070496,-0.4288007318973541,0.4803618788719177,0.7866166830062866,-0.30225497484207153,0.44701337814331055,0.7456413507461548,-0.5349512100219727,0.4194549024105072,0.7115683555603027,-0.37968960404396057
0.8375970721244812,0.20333445072174072,0.08170998096466064,0.8459637761116028,0.18439267575740814,0.0989694744348526,0.8521248698234558,0.1838291585445404,0.09889347106218338,0.8579922914505005,0.18246982991695404,0.09875520318746567,0.8315674662590027,0.1879713535308838,0.1128232479095459,0.8277783393859863,0.19091688096523285,0.11286379396915436,0.8233078718185425,0.1929970681667328,0.11281392723321915,0.8698406219482422,0.19116391241550446,0.17517490684986115,0.8228866457939148,0.202227383852005,0.24316146969795227,0.8513363599777222,0.22481003403663635,0.10671480000019073,0.8307088613510132,0.2292315661907196,0.12673209607601166,0.9029487371444702,0.29484325647354126,0.09914225339889526,0.8007815480232239,0.3109622001647949,0.28807705640792847,0.891751766204834,0.4477537274360657,0.001635622582398355,0.747734546661377,0.42867693305015564,0.21764859557151794,0.7893975377082825,0.4036167860031128,-0.08675358444452286,0.6913548707962036,0.41198471188545227,-0.010647043585777283,0.7615984082221985,0.41228848695755005,-0.11507433652877808,0.673568844795227,0.4071035087108612,-0.05733848735690117,0.7605255842208862,0.39809033274650574,-0.11692376434803009,0.6743765473365784,0.398833692073822,-0.07725254446268082,0.7671993970870972,0.39745956659317017,-0.08592671900987625,0.6813861727714539,0.3998185992240906,-0.029121819883584976,0.8246528506278992,0.5639253258705139,-0.07890971004962921,0.7677798867225647,0.5303062796592712,0.07907458394765854,0.6947113871574402,0.6121348142623901,-0.2684556841850281,0.6442703604698181,0.5714935064315796,-0.09789280593395233,0.5303992629051208,0.7888076901435852,-0.48362651467323303,0.4968635141849518,0.7533789873123169,-0.33198946714401245,0.5138822197914124,0.8567157983779907,-0.5023579001426697,0.48413199186325073,0.8143519759178162,-0.3582974672317505,0.45087963342666626,0.7807970643043518,-0.6011020541191101,0.4172123968601227,0.7132058143615723,-0.44321537017822266
0.848842442035675,0.2309293895959854,0.09608432650566101,0.859434962272644,0.2115497589111328,0.11349264532327652,0.8657439947128296,0.21192067861557007,0.1134362444281578,0.8718240857124329,0.21280112862586975,0.11326124519109726,0.8445928692817688,0.21214601397514343,0.12878480553627014,0.8406664729118347,0.21218760311603546,0.12885916233062744,0.8372710347175598,0.2130817025899887,0.1288309544324875,0.88575679063797,0.22252388298511505,0.19830450415611267,0.8367542028427124,0.22351767122745514,0.2724708914756775,0.8590222597122192,0.25446951389312744,0.12453746795654297,0.8413701057434082,0.25516068935394287,0.14626473188400269,0.9205441474914551,0.32454535365104675,0.14932778477668762,0.8122528195381165,0.32772430777549744,0.3142247796058655,0.9442287683486938,0.49508777260780334,0.010134926065802574,0.7697714567184448,0.4536973834037781,0.2131759375333786,0.8616926074028015,0.41726505756378174,-0.10920999199151993,0.7429820895195007,0.4345071017742157,-0.052429430186748505,0.834266185760498,0.4172089397907257,-0.1396922767162323,0.7281998991966248,0.4249091148376465,-0.10768131911754608,0.8292237520217896,0.39947500824928284,-0.12913207709789276,0.7279506325721741,0.4124913215637207,-0.11430694162845612,0.8365770578384399,0.40025779604911804,-0.10397858917713165,0.7372161149978638,0.41773876547813416,-0.0655495673418045,0.8317646980285645,0.5593727827072144,-0.07569842040538788,0.7716823816299438,0.5285319089889526,0.07585564255714417,0.6999827027320862,0.6243746280670166,-0.2720125913619995,0.6568492650985718,0.5872337222099304,-0.11400109529495239,0.5293898582458496,0.7870880365371704,-0.49269264936447144,0.5039186477661133,0.7558782696723938,-0.34432828426361084,0.5086954236030579,0.8566974997520447,-0.5120182633399963,0.48689836263656616,0.8271022439002991,-0.3701247572898865,0.44362521171569824,0.7417333126068115,-0.60761559009552,0.41824474930763245,0.7084348201751709,-0.45113855600357056
0.8540976643562317,0.24126574397087097,0.10678604990243912,0.8650292158126831,0.2234654724597931,0.12559691071510315,0.8705827593803406,0.2232983112335205,0.125545471906662,0.8767420053482056,0.2238311767578125,0.12535807490348816,0.8508532643318176,0.22384096682071686,0.14152947068214417,0.8465676307678223,0.22453951835632324,0.14161525666713715,0.8419187664985657,0.2249312549829483,0.1416076123714447,0.889119029045105,0.23491890728473663,0.21225836873054504,0.8428437113761902,0.2343750149011612,0.2876182794570923,0.8638378381729126,0.26418522000312805,0.13518312573432922,0.8480997085571289,0.2620810866355896,0.15741458535194397,0.9171081781387329,0.34171023964881897,0.16645777225494385,0.8229344487190247,0.33511802554130554,0.3285590410232544,0.9635862112045288,0.4893718659877777,0.032053392380476,0.7814702391624451,0.4570125937461853,0.2388424426317215,0.8952145576477051,0.4226173758506775,-0.0634668692946434,0.7655540704727173,0.43162426352500916,0.005347726866602898,0.8702753782272339,0.41740208864212036,-0.09124583005905151,0.7594914436340332,0.4273422658443451,-0.03978869318962097,0.8648133277893066,0.3994738757610321,-0.07491056621074677,0.7622502446174622,0.41934531927108765,-0.047695450484752655,0.8696643710136414,0.40187376737594604,-0.05609814077615738,0.7673062086105347,0.4231964945793152,-0.006228957790881395,0.8285328149795532,0.5549038648605347,-0.07318343222141266,0.7734702825546265,0.5256961584091187,0.07328319549560547,0.6943328976631165,0.6285258531570435,-0.25543445348739624,0.6608778834342957,0.589052677154541,-0.10548462718725204,0.5267930626869202,0.7897552251815796,-0.47139954566955566,0.5117453336715698,0.7543500065803528,-0.3220658004283905,0.5065900683403015,0.8549227118492126,-0.48773112893104553,0.49448099732398987,0.8247299194335938,-0.3462771773338318,0.4349535405635834,0.7325534224510193,-0.5773665308952332,0.421628475189209,0.705578088760376,-0.42263859510421753
0.855197548866272,0.24332518875598907,0.1113109141588211,0.8661044239997864,0.22381241619586945,0.13137827813625336,0.8712707757949829,0.2242492288351059,0.1313401758670807,0.8765362501144409,0.22489969432353973,0.1311575025320053,0.8512059450149536,0.22533024847507477,0.14664408564567566,0.8464987874031067,0.2253659963607788,0.14673122763633728,0.8419826626777649,0.22512060403823853,0.14672543108463287,0.8884832262992859,0.2349306046962738,0.2214438021183014,0.841301441192627,0.23502279818058014,0.29467180371284485,0.8647958040237427,0.26556649804115295,0.14072653651237488,0.8492262959480286,0.26200634241104126,0.16226176917552948,0.9154292345046997,0.34295177459716797,0.18415185809135437,0.8194114565849304,0.3322698771953583,0.32792460918426514,0.9659684896469116,0.48638665676116943,0.04459270089864731,0.7792655229568481,0.44915300607681274,0.24603751301765442,0.9056841731071472,0.4233749806880951,-0.055714476853609085,0.7669722437858582,0.43211644887924194,0.031300149857997894,0.8825416564941406,0.4138261079788208,-0.08307105302810669,0.7591738700866699,0.4291609823703766,-0.016102712601423264,0.8765261769294739,0.39799177646636963,-0.06513365358114243,0.7640656232833862,0.42082783579826355,-0.019156500697135925,0.8807827234268188,0.40128791332244873,-0.04801729694008827,0.7699514031410217,0.42425915598869324,0.021362334489822388,0.827569842338562,0.5526372194290161,-0.07105567306280136,0.7725012302398682,0.5239390134811401,0.07116145640611649,0.6918609142303467,0.63604336977005,-0.24810560047626495,0.6570721864700317,0.5908811092376709,-0.11116579920053482,0.5225986838340759,0.790191650390625,-0.4678945541381836,0.5074742436408997,0.7559847235679626,-0.3328341245651245,0.5045243501663208,0.8529815673828125,-0.48636072874069214,0.4930928349494934,0.8228546380996704,-0.35858258605003357,0.43765464425086975,0.735555112361908,-0.5786224007606506,0.4250120520591736,0.7060479521751404,-0.44118446111679077
0.8507387042045593,0.242051362991333,0.11328407377004623,0.861114501953125,0.22314588725566864,0.13161522150039673,0.8665356636047363,0.2232254445552826,0.1315733939409256,0.8720017671585083,0.22369185090065002,0.1313786804676056,0.846774697303772,0.22399023175239563,0.1474228948354721,0.8424598574638367,0.22388030588626862,0.14749033749103546,0.8385124206542969,0.22374750673770905,0.14746937155723572,0.8850007057189941,0.23430413007736206,0.21778985857963562,0.8396547436714172,0.2336215376853943,0.29382872581481934,0.8606292009353638,0.264171302318573,0.14152248203754425,0.8454866409301758,0.2600053548812866,0.16407865285873413,0.915998101234436,0.34048473834991455,0.1763925999403,0.8177738189697266,0.3315541744232178,0.32844477891921997,0.962722659111023,0.4712481200695038,0.04222350940108299,0.7777960896492004,0.4488960802555084,0.26150041818618774,0.8930550813674927,0.4429059624671936,-0.045353155583143234,0.7595371007919312,0.43348777294158936,0.051647402346134186,0.867686927318573,0.44475191831588745,-0.08773083984851837,0.7503257393836975,0.4314403533935547,-0.00674369465559721,0.8611973524093628,0.4241359233856201,-0.08096010982990265,0.7525464296340942,0.42681875824928284,-0.014306267723441124,0.8692096471786499,0.42648255825042725,-0.04718629643321037,0.7588678598403931,0.4303566813468933,0.03928273171186447,0.8272970914840698,0.5484727621078491,-0.07123592495918274,0.7728920578956604,0.5207499861717224,0.07133573293685913,0.6914861798286438,0.6320276856422424,-0.24672265350818634,0.6556158065795898,0.5899971127510071,-0.10531575977802277,0.5209754705429077,0.790465772151947,-0.455920547246933,0.5071792006492615,0.7567648887634277,-0.31894445419311523,0.5047820806503296,0.8529669642448425,-0.473968505859375,0.49304261803627014,0.8236380815505981,-0.34427696466445923,0.43483060598373413,0.743010938167572,-0.5650418400764465,0.42051777243614197,0.7065654993057251,-0.4244052767753601
0.8462435007095337,0.23669417202472687,0.11286561191082001,0.8559430837631226,0.21556057035923004,0.13271410763263702,0.8616695404052734,0.21496286988258362,0.13264599442481995,0.8678995370864868,0.21430476009845734,0.1324339210987091,0.8412984013557434,0.21854239702224731,0.14833463728427887,0.8370679020881653,0.21914784610271454,0.14840862154960632,0.833448052406311,0.21952855587005615,0.14838850498199463,0.8810524940490723,0.22340600192546844,0.21794967353343964,0.8366464376449585,0.23040871322155,0.29612118005752563,0.8574696779251099,0.25815850496292114,0.14215226471424103,0.8413859605789185,0.25820767879486084,0.16456367075443268,0.9168511629104614,0.33454445004463196,0.17107398808002472,0.812821090221405,0.3309449851512909,0.3300045132637024,0.9560369253158569,0.4742317497730255,0.04618478938937187,0.7733845710754395,0.4466754198074341,0.2636759877204895,0.8607975840568542,0.4460209012031555,-0.053011566400527954,0.7437073588371277,0.43752649426460266,0.04512561112642288,0.8351708650588989,0.45916295051574707,-0.08488880097866058,0.7315359115600586,0.44051241874694824,-0.004074918106198311,0.8282178640365601,0.4385112226009369,-0.07761970162391663,0.7350154519081116,0.43077537417411804,-0.015325397253036499,0.8358101844787598,0.4354630410671234,-0.0491238497197628,0.7420775294303894,0.4332472085952759,0.0324086919426918,0.8250001072883606,0.5496598482131958,-0.07211978733539581,0.7687348127365112,0.5214715600013733,0.07222095876932144,0.6924583315849304,0.6307006478309631,-0.25797238945961,0.6530758142471313,0.5827025771141052,-0.10222683846950531,0.5218620896339417,0.7868874669075012,-0.46582135558128357,0.5071951746940613,0.7568245530128479,-0.3248899579048157,0.5046849250793457,0.8498406410217285,-0.4841296076774597,0.49184662103652954,0.8241167068481445,-0.3506254553794861,0.43178802728652954,0.733301043510437,-0.5701632499694824,0.4187808632850647,0.7057946920394897,-0.4285736680030823
0.8323363065719604,0.22154685854911804,0.07488913834095001,0.8397916555404663,0.20064912736415863,0.08947520703077316,0.8447428941726685,0.20063775777816772,0.08940143883228302,0.8513205647468567,0.19996751844882965,0.08924523741006851,0.825434684753418,0.2015833556652069,0.1056118831038475,0.8214628100395203,0.20331473648548126,0.10567237436771393,0.8177263140678406,0.20431014895439148,0.10564366728067398,0.8672052621841431,0.2077559530735016,0.1626419574022293,0.8209354281425476,0.21668508648872375,0.24355816841125488,0.8452678918838501,0.24341624975204468,0.10049603134393692,0.8281040191650391,0.25021427869796753,0.12391878664493561,0.9122085571289062,0.3169776201248169,0.11765269935131073,0.7994836568832397,0.3288380801677704,0.28445369005203247,0.9192530512809753,0.4833776354789734,0.03043939732015133,0.7591056227684021,0.4436292350292206,0.2327747642993927,0.8251393437385559,0.4571572542190552,-0.062324412167072296,0.7164007425308228,0.44167831540107727,0.0131294634193182,0.7954407930374146,0.47813618183135986,-0.09277768433094025,0.6967998147010803,0.4466879069805145,-0.03343992680311203,0.7858777642250061,0.4560360908508301,-0.0963318794965744,0.6979507207870483,0.43286794424057007,-0.05518798902630806,0.7918657064437866,0.4496653974056244,-0.061952851712703705,0.7058513164520264,0.43452927470207214,-0.0042215981520712376,0.8189656138420105,0.561559796333313,-0.07495660334825516,0.7600423097610474,0.5310755372047424,0.07512962818145752,0.7023009657859802,0.6222734451293945,-0.2823041081428528,0.6509954333305359,0.5714418292045593,-0.097563236951828,0.5225059390068054,0.7824243903160095,-0.499519020318985,0.5058673620223999,0.7533702254295349,-0.33947187662124634,0.5057347416877747,0.8445219397544861,-0.5184306502342224,0.4891360402107239,0.8210596442222595,-0.3664395213127136,0.4320538640022278,0.7260845899581909,-0.6062297224998474,0.41794443130493164,0.705324113368988,-0.4378877282142639
0.8184407949447632,0.21097058057785034,0.05180160328745842,0.8262726664543152,0.1896468698978424,0.06586724519729614,0.8321849703788757,0.18803289532661438,0.06582283228635788,0.837929904460907,0.18587324023246765,0.06573303043842316,0.8122348785400391,0.19165284931659698,0.0801757425069809,0.8079342842102051,0.1924249678850174,0.08019927144050598,0.8044751882553101,0.19363820552825928,0.08015263080596924,0.8529776334762573,0.19344694912433624,0.1369774341583252,0.8056338429450989,0.20277707278728485,0.20642931759357452,0.8311902284622192,0.23315776884555817,0.07621641457080841,0.8147003054618835,0.23827436566352844,0.09666727483272552,0.8939732313156128,0.3010057210922241,0.08200185000896454,0.7879358530044556,0.31717386841773987,0.25351831316947937,0.8876339793205261,0.475808322429657,-0.004224035888910294,0.7329679727554321,0.4318810701370239,0.20791251957416534,0.791359543800354,0.4746934771537781,-0.10668208450078964,0.6824201345443726,0.447142630815506,0.00035994575591757894,0.7619987726211548,0.4959830939769745,-0.13996919989585876,0.6627699136734009,0.46219342947006226,-0.04579934477806091,0.756534218788147,0.48070263862609863,-0.14666278660297394,0.6659892201423645,0.450827419757843,-0.07144904136657715,0.7619382739067078,0.4727058410644531,-0.10846912860870361,0.6736620664596558,0.4464513063430786,-0.018548669293522835,0.8172575831413269,0.5703608393669128,-0.075649693608284,0.7573398351669312,0.5386680960655212,0.07584269344806671,0.6961945295333862,0.6225419044494629,-0.2634548544883728,0.6422162652015686,0.5726246237754822,-0.08110227435827255,0.5236266255378723,0.7846101522445679,-0.4424296021461487,0.500247597694397,0.7541178464889526,-0.30185070633888245,0.5061992406845093,0.846476674079895,-0.45801544189453125,0.48488640785217285,0.8276810646057129,-0.3265343904495239,0.4345637857913971,0.7612150311470032,-0.546973466873169,0.41275128722190857,0.713146448135376,-0.3989008367061615
0.8006464242935181,0.19624778628349304,-0.029524007812142372,0.8096550703048706,0.17374220490455627,-0.016478097066283226,0.8155869245529175,0.17176973819732666,-0.01651987060904503,0.8214988708496094,0.17003005743026733,-0.01657211408019066,0.7966285347938538,0.17936255037784576,-0.004565129056572914,0.7926675081253052,0.1801781803369522,-0.004587561823427677,0.7889517545700073,0.18109402060508728,-0.004623881541192532,0.8372693061828613,0.17969217896461487,0.054838020354509354,0.7913717031478882,0.18825210630893707,0.11038976907730103,0.8126766085624695,0.21869659423828125,-0.00407369202002883,0.7976874709129333,0.22011446952819824,0.012391882948577404,0.8750187754631042,0.2869672477245331,-0.016407448798418045,0.7744747400283813,0.30628058314323425,0.18764714896678925,0.8592721819877625,0.45334064960479736,-0.10671044886112213,0.7085164785385132,0.418861985206604,0.1366293877363205,0.7547756433486938,0.4792782962322235,-0.19058795273303986,0.6475899815559387,0.4511238932609558,-0.06812901794910431,0.7229570150375366,0.508022665977478,-0.22318169474601746,0.6312961578369141,0.471748948097229,-0.11307934671640396,0.7158508896827698,0.49175241589546204,-0.22878587245941162,0.6331911683082581,0.46197065711021423,-0.13525235652923584,0.7221174240112305,0.4844079315662384,-0.1914370059967041,0.6401425004005432,0.4581602215766907,-0.0861220583319664,0.8165400624275208,0.5717551708221436,-0.08222946524620056,0.7577799558639526,0.5429683923721313,0.08249596506357193,0.6876595616340637,0.613536536693573,-0.24873605370521545,0.6408822536468506,0.5587011575698853,-0.0996115580201149,0.5227097272872925,0.7853650450706482,-0.41830921173095703,0.4958849549293518,0.7549041509628296,-0.3033532500267029,0.5075000524520874,0.8510962724685669,-0.43449169397354126,0.47825685143470764,0.8166093826293945,-0.3254219889640808,0.43631720542907715,0.7501815557479858,-0.5239347219467163,0.4110446572303772,0.7160748243331909,-0.4075263440608978
0.7800102829933167,0.1827928125858307,-0.058310817927122116,0.7909643054008484,0.16095222532749176,-0.04741673916578293,0.7970193028450012,0.159781813621521,-0.047451622784137726,0.8036554455757141,0.15921880304813385,-0.04746813699603081,0.7781212329864502,0.16375946998596191,-0.03455747663974762,0.7751350998878479,0.1647893339395523,-0.034614212810993195,0.7715527415275574,0.1657124012708664,-0.034688569605350494,0.8185350298881531,0.1695587933063507,0.01780501753091812,0.7750340700149536,0.17627862095832825,0.07606048882007599,0.7903751134872437,0.20865164697170258,-0.034921757876873016,0.7758299112319946,0.20984001457691193,-0.01784004457294941,0.855950653553009,0.28185757994651794,-0.07431519031524658,0.7534685134887695,0.3015005588531494,0.17007434368133545,0.8245891332626343,0.43774303793907166,-0.19349880516529083,0.6834861636161804,0.4111420810222626,0.1181202158331871,0.7206493616104126,0.4861285388469696,-0.27685481309890747,0.6210130453109741,0.45336470007896423,-0.08650492876768112,0.6917307376861572,0.51795893907547,-0.30827969312667847,0.6056694388389587,0.4760618507862091,-0.1278902143239975,0.6859457492828369,0.5041695237159729,-0.31135281920433044,0.6081491112709045,0.4696789085865021,-0.1492697298526764,0.6912023425102234,0.49464166164398193,-0.27691715955734253,0.6152163743972778,0.4649239778518677,-0.10421059280633926,0.8139586448669434,0.5926774144172668,-0.09064944833517075,0.7583082914352417,0.5717869997024536,0.09091892838478088,0.6731020212173462,0.5832998752593994,-0.23376993834972382,0.633017897605896,0.5577563643455505,-0.09720464050769806,0.5235506296157837,0.7822094559669495,-0.3687675893306732,0.5030924081802368,0.7520406246185303,-0.27079683542251587,0.5114880204200745,0.8514173030853271,-0.3808937072753906,0.48673105239868164,0.8088082075119019,-0.2899734675884247,0.4334191381931305,0.7404673099517822,-0.47718802094459534,0.42400431632995605,0.7137829065322876,-0.3682224154472351
0.7565189003944397,0.17712299525737762,-0.09418512880802155,0.7664519548416138,0.1547430455684662,-0.08488241583108902,0.7721492648124695,0.15365375578403473,-0.08488873392343521,0.7787128686904907,0.15295818448066711,-0.08488468080759048,0.7539997100830078,0.15659260749816895,-0.07314614951610565,0.7510125041007996,0.15710987150669098,-0.07320253551006317,0.7475959658622742,0.15779553353786469,-0.07326100766658783,0.7954752445220947,0.16131402552127838,-0.020134393125772476,0.7540225386619568,0.16515295207500458,0.03242291137576103,0.7670019865036011,0.20225344598293304,-0.07004101574420929,0.7539610862731934,0.20509161055088043,-0.0545763298869133,0.8357722163200378,0.2748141586780548,-0.10627937316894531,0.7363244295120239,0.28826162219047546,0.1322205513715744,0.7957476377487183,0.42662513256073,-0.2115277498960495,0.6619220972061157,0.40047532320022583,0.09304656088352203,0.692353367805481,0.4872153401374817,-0.2717781364917755,0.5962599515914917,0.45340293645858765,-0.0848412960767746,0.6569973230361938,0.5205739140510559,-0.30224913358688354,0.575694739818573,0.4771426022052765,-0.1245390772819519,0.6504189372062683,0.5066348910331726,-0.30323463678359985,0.577975332736969,0.4741469919681549,-0.14557227492332458,0.6564080715179443,0.4975889325141907,-0.2706656754016876,0.5865550637245178,0.47006818652153015,-0.10157177597284317,0.8065341114997864,0.5895467400550842,-0.08964461088180542,0.7531797289848328,0.5665296912193298,0.08988553285598755,0.6680430173873901,0.5573235154151917,-0.2249041050672531,0.6240691542625427,0.5424428582191467,-0.10013947635889053,0.5309295654296875,0.7783966064453125,-0.33985695242881775,0.5037657618522644,0.7470322251319885,-0.25268805027008057,0.5196956992149353,0.847389280796051,-0.35036447644233704,0.48705893754959106,0.8073441386222839,-0.26895707845687866,0.453716903924942,0.7573138475418091,-0.43827396631240845,0.4236031174659729,0.71376633644104,-0.34480801224708557
0.734496533870697,0.17471270263195038,-0.07716359943151474,0.7436947226524353,0.15210464596748352,-0.06745052337646484,0.7500652074813843,0.15044790506362915,-0.0674712210893631,0.7567764520645142,0.1489722579717636,-0.06747980415821075,0.7307155728340149,0.1545168161392212,-0.055503446608781815,0.7276992201805115,0.1549171507358551,-0.055554114282131195,0.7243489027023315,0.15562640130519867,-0.05561497062444687,0.7734135985374451,0.1557072252035141,-0.0012977470178157091,0.7312268614768982,0.160576730966568,0.052667856216430664,0.7466378808021545,0.19831417500972748,-0.05256450176239014,0.7323233485221863,0.20249739289283752,-0.03661113232374191,0.8154096603393555,0.26844146847724915,-0.09307180345058441,0.7133466005325317,0.2838729918003082,0.14635464549064636,0.7651472687721252,0.4091687798500061,-0.21579568088054657,0.6374098062515259,0.3992069363594055,0.0957978144288063,0.6626645922660828,0.4940232038497925,-0.2903667688369751,0.5665429830551147,0.45405054092407227,-0.08449502289295197,0.6287145018577576,0.5300309062004089,-0.32170718908309937,0.5496326088905334,0.47778984904289246,-0.12224501371383667,0.6221595406532288,0.5174384713172913,-0.3239598572254181,0.5509196519851685,0.47660204768180847,-0.14440688490867615,0.6255127191543579,0.5082443952560425,-0.2901664972305298,0.5580216646194458,0.472810834646225,-0.10151740163564682,0.7926004528999329,0.5880884528160095,-0.08992751687765121,0.7384598851203918,0.5655006766319275,0.09016026556491852,0.6539983153343201,0.557328462600708,-0.2367165982723236,0.6089044809341431,0.5242408514022827,-0.12319840490818024,0.5285517573356628,0.7712211608886719,-0.358311265707016,0.49702343344688416,0.7456082701683044,-0.31035614013671875,0.5198460817337036,0.8400938510894775,-0.36727264523506165,0.47965964674949646,0.8052529096603394,-0.3292352259159088,0.45294180512428284,0.769690215587616,-0.4664522707462311,0.4183711111545563,0.7139645218849182,-0.4106903672218323
0.710085391998291,0.175861194729805,-0.06686589866876602,0.7190601229667664,0.1523357629776001,-0.05845806747674942,0.725175142288208,0.15042872726917267,-0.05842560529708862,0.7319992780685425,0.14869484305381775,-0.05836033076047897,0.7055350542068481,0.15546847879886627,-0.04697612673044205,0.7019230127334595,0.15602779388427734,-0.04708879813551903,0.6980506777763367,0.15687023103237152,-0.04718562588095665,0.7486389875411987,0.15322624146938324,0.007315868977457285,0.7038911581039429,0.16184109449386597,0.059896547347307205,0.7232068181037903,0.19937220215797424,-0.04169158264994621,0.7089522480964661,0.20375151932239532,-0.026424463838338852,0.7919648885726929,0.26140493154525757,-0.09087009727954865,0.6910924315452576,0.2845253646373749,0.15146459639072418,0.7345808148384094,0.39999762177467346,-0.21061405539512634,0.6143196225166321,0.3994431793689728,0.11498911678791046,0.6278274655342102,0.5065523982048035,-0.2666262686252594,0.5392932891845703,0.45954301953315735,-0.04303084313869476,0.6035729050636292,0.5372177958488464,-0.2951437532901764,0.5228490829467773,0.4844791889190674,-0.07486926764249802,0.5948222279548645,0.5235645174980164,-0.29908955097198486,0.5252224802970886,0.48169055581092834,-0.09704788029193878,0.5996612310409546,0.512112021446228,-0.26729029417037964,0.531741201877594,0.4764676094055176,-0.058643508702516556,0.7783899903297424,0.5877458453178406,-0.08994154632091522,0.7238641381263733,0.5681599974632263,0.09012345969676971,0.6430481672286987,0.5220191478729248,-0.25331661105155945,0.5884397625923157,0.5083574652671814,-0.12591326236724854,0.5301263928413391,0.7645094394683838,-0.3929665982723236,0.4930497109889984,0.7493894100189209,-0.3246777057647705,0.5260262489318848,0.8351731896400452,-0.40378308296203613,0.484072208404541,0.8076298236846924,-0.34457942843437195,0.4581926763057709,0.788602352142334,-0.4828377366065979,0.4185523986816406,0.7291934490203857,-0.41797375679016113
0.686194658279419,0.17616714537143707,-0.0218643918633461,0.6935272812843323,0.15198659896850586,-0.011477126739919186,0.699651837348938,0.1494177281856537,-0.011421317234635353,0.705930233001709,0.14695364236831665,-0.01134699396789074,0.6803211569786072,0.15597695112228394,0.0011688392842188478,0.6769492030143738,0.15656135976314545,0.0010710643837228417,0.6728950142860413,0.1575309932231903,0.0009604293736629188,0.7213908433914185,0.1518629640340805,0.05679497867822647,0.6764315366744995,0.16243891417980194,0.11415620893239975,0.6997721791267395,0.19903041422367096,0.003273227484896779,0.6843883395195007,0.2042711228132248,0.01991160586476326,0.7649377584457397,0.2619946599006653,-0.04227299243211746,0.6659248471260071,0.2854510545730591,0.20203860104084015,0.6949334740638733,0.40408334136009216,-0.15186741948127747,0.5856927633285522,0.4005105793476105,0.16253620386123657,0.5947819948196411,0.5054305791854858,-0.21263718605041504,0.5121126770973206,0.46737852692604065,-0.0028069873806089163,0.5679499506950378,0.5383018255233765,-0.23811757564544678,0.49516695737838745,0.4940181374549866,-0.033184152096509933,0.5610212683677673,0.526311457157135,-0.24257341027259827,0.4957040846347809,0.494363009929657,-0.052499573677778244,0.5682960748672485,0.5116699934005737,-0.21324774622917175,0.5028800964355469,0.48790472745895386,-0.017436038702726364,0.7591370344161987,0.5934184789657593,-0.09255178272724152,0.7056397199630737,0.5786314010620117,0.09244982153177261,0.6223686933517456,0.4926837980747223,-0.2801435589790344,0.5759415030479431,0.47760358452796936,-0.10940279811620712,0.5205942392349243,0.7603309750556946,-0.4295850694179535,0.4925452768802643,0.7565785646438599,-0.3190290927886963,0.5222131013870239,0.8357270956039429,-0.4406875669956207,0.489238440990448,0.8181898593902588,-0.33983737230300903,0.439209520816803,0.7476839423179626,-0.5222035646438599,0.420483261346817,0.7340204119682312,-0.4212847650051117
0.6590414047241211,0.1753997951745987,-0.05824010819196701,0.6662653684616089,0.1482909768819809,-0.0500013530254364,0.6724220514297485,0.145171120762825,-0.0499572828412056,0.6785675287246704,0.14249113202095032,-0.04985443875193596,0.6533219814300537,0.15428663790225983,-0.03550069034099579,0.6505183577537537,0.1555076539516449,-0.03557620197534561,0.6470474600791931,0.1570161134004593,-0.03569595888257027,0.6944398283958435,0.14940454065799713,0.0114121213555336,0.6507343053817749,0.16285920143127441,0.07630759477615356,0.6721612811088562,0.1967267096042633,-0.03520425781607628,0.6571394205093384,0.20314812660217285,-0.015527020208537579,0.7380140423774719,0.26094576716423035,-0.08146878331899643,0.642114520072937,0.2882324457168579,0.17983171343803406,0.6639209985733032,0.4048672616481781,-0.18551914393901825,0.5579274296760559,0.403176486492157,0.18688248097896576,0.5601504445075989,0.49224284291267395,-0.24889452755451202,0.4797053933143616,0.47531309723854065,0.08492658287286758,0.5340185165405273,0.5366405844688416,-0.27590686082839966,0.4613991379737854,0.5055745840072632,0.06659932434558868,0.5244359970092773,0.5269131064414978,-0.27746647596359253,0.4630231261253357,0.5070623755455017,0.04320544749498367,0.534666895866394,0.5123147368431091,-0.24916259944438934,0.4707565903663635,0.5001370906829834,0.07045014202594757,0.732215940952301,0.6003216505050659,-0.09522821009159088,0.6798213720321655,0.5864408612251282,0.09492440521717072,0.6034216284751892,0.4807754456996918,-0.2867916226387024,0.5583740472793579,0.4599788784980774,-0.05949981138110161,0.5157377123832703,0.7580103278160095,-0.4138737618923187,0.4925265312194824,0.7528508305549622,-0.25002002716064453,0.517388641834259,0.8321561813354492,-0.42253047227859497,0.4926207959651947,0.8136516213417053,-0.2702403664588928,0.4352557063102722,0.7362088561058044,-0.5023084282875061,0.42028337717056274,0.7334098219871521,-0.34133681654930115
0.6259182095527649,0.1759999394416809,-0.06540130823850632,0.6336565017700195,0.14855101704597473,-0.0566469207406044,0.6396418809890747,0.14549802243709564,-0.05659622699022293,0.6461173295974731,0.1426927000284195,-0.056495748460292816,0.6217914819717407,0.15446268022060394,-0.03960828483104706,0.6191383004188538,0.15570417046546936,-0.039703622460365295,0.6159259676933289,0.15720468759536743,-0.03985422104597092,0.663316011428833,0.1491941660642624,0.00795624777674675,0.621376633644104,0.1636098474264145,0.09505920857191086,0.6396315693855286,0.19704927504062653,-0.040759727358818054,0.6261628866195679,0.2032340168952942,-0.016266558319330215,0.7077375054359436,0.2605457603931427,-0.08251064270734787,0.6120586395263672,0.2902960181236267,0.20023591816425323,0.6245538592338562,0.4037124216556549,-0.194110706448555,0.5223432779312134,0.40429604053497314,0.21229708194732666,0.5206655263900757,0.48879435658454895,-0.2234518975019455,0.43893375992774963,0.48308098316192627,0.10360847413539886,0.4944034516811371,0.5329214930534363,-0.24727237224578857,0.4184858798980713,0.5143433213233948,0.08725538104772568,0.4837704300880432,0.533673882484436,-0.24884013831615448,0.4190882742404938,0.5162192583084106,0.060548413544893265,0.4948573708534241,0.5151286125183105,-0.22302591800689697,0.4264741539955139,0.50975501537323,0.08709447830915451,0.7098721265792847,0.6021420955657959,-0.10011333227157593,0.6542677879333496,0.5925077795982361,0.09963995218276978,0.5905677080154419,0.4796748757362366,-0.3205510079860687,0.5322154760360718,0.4617651700973511,-0.06052897498011589,0.5094664692878723,0.7615628838539124,-0.4535680413246155,0.4824345111846924,0.7446327805519104,-0.25839877128601074,0.5151909589767456,0.8332750201225281,-0.4643971920013428,0.49044591188430786,0.8131455183029175,-0.2796490788459778,0.4201658368110657,0.7627177834510803,-0.5503875613212585,0.413411945104599,0.7336648106575012,-0.3512217104434967
0.5848830938339233,0.17911770939826965,-0.07383846491575241,0.5917844176292419,0.15144987404346466,-0.0718303844332695,0.5972676873207092,0.14826905727386475,-0.07177437096834183,0.6035266518592834,0.1449856013059616,-0.07164277881383896,0.5824912786483765,0.15620753169059753,-0.04488304257392883,0.5806260108947754,0.15716178715229034,-0.04495130106806755,0.5788543820381165,0.15822161734104156,-0.04510090872645378,0.6267818808555603,0.14999604225158691,-0.0302214864641428,0.5917634963989258,0.1638782024383545,0.09599464386701584,0.5996845960617065,0.20031677186489105,-0.05740073323249817,0.5886164903640747,0.20443303883075714,-0.02134818397462368,0.6738843321800232,0.26133859157562256,-0.1269335299730301,0.5850783586502075,0.2908399999141693,0.21384546160697937,0.5816602110862732,0.4053956866264343,-0.21671228110790253,0.4920484125614166,0.4037347435951233,0.23159365355968475,0.47025614976882935,0.5083466172218323,-0.21368631720542908,0.40467390418052673,0.4842917025089264,0.13941147923469543,0.43581050634384155,0.5515291690826416,-0.24173490703105927,0.38213375210762024,0.5169374942779541,0.1259869635105133,0.4282798767089844,0.5441680550575256,-0.23922255635261536,0.38322097063064575,0.5213773250579834,0.09223629534244537,0.43779271841049194,0.5278819799423218,-0.21062465012073517,0.39223501086235046,0.5158909559249878,0.11958947032690048,0.691564679145813,0.605585515499115,-0.10583294928073883,0.6339999437332153,0.6004369258880615,0.10534872114658356,0.5757368206977844,0.45394814014434814,-0.3344112038612366,0.5097400546073914,0.44751307368278503,-0.04125308617949486,0.5066022276878357,0.7579925656318665,-0.46922340989112854,0.48539742827415466,0.7430480122566223,-0.22197678685188293,0.5142787098884583,0.8382720947265625,-0.47585853934288025,0.4971124231815338,0.7981932759284973,-0.24134576320648193,0.41999220848083496,0.7905504107475281,-0.5761064291000366,0.4148343503475189,0.7389580011367798,-0.3149508833885193
0.5479540824890137,0.1896723061800003,-0.049051690846681595,0.5553874969482422,0.16037577390670776,-0.057824086397886276,0.5600154995918274,0.15759624540805817,-0.057816844433546066,0.5658494234085083,0.15416498482227325,-0.05769032984972,0.5467898845672607,0.16377857327461243,-0.024940842762589455,0.5453540682792664,0.16393119096755981,-0.025014275684952736,0.5441604852676392,0.16401347517967224,-0.02518080174922943,0.5913652777671814,0.155837744474411,-0.03967014700174332,0.5608420372009277,0.16611029207706451,0.10155018419027328,0.5634511709213257,0.21178342401981354,-0.04403300955891609,0.5533037185668945,0.21396510303020477,-0.000589624629355967,0.6416707634925842,0.2624889612197876,-0.13645502924919128,0.5585845112800598,0.2975124716758728,0.21417438983917236,0.5407131910324097,0.40298956632614136,-0.2378641664981842,0.46359214186668396,0.3961088955402374,0.24101562798023224,0.4176909029483795,0.5041746497154236,-0.24432170391082764,0.37054339051246643,0.49242690205574036,0.15346916019916534,0.3861216902732849,0.5410572290420532,-0.27398234605789185,0.34050172567367554,0.5232747197151184,0.13980485498905182,0.3803855776786804,0.5407516956329346,-0.27025049924850464,0.34314268827438354,0.5289967060089111,0.10324178636074066,0.3905993103981018,0.526075541973114,-0.24143724143505096,0.35691511631011963,0.5219602584838867,0.13137513399124146,0.6752635836601257,0.6105236411094666,-0.10651320219039917,0.6202657222747803,0.6161869764328003,0.10608138889074326,0.560752272605896,0.4516998827457428,-0.343739777803421,0.5046555399894714,0.44143766164779663,-0.035942353308200836,0.49376243352890015,0.7632656693458557,-0.4693940281867981,0.4892360270023346,0.7340087890625,-0.22769145667552948,0.5075721144676208,0.8405837416648865,-0.4806612432003021,0.5035573244094849,0.8013576865196228,-0.24840214848518372,0.4129701256752014,0.7835707664489746,-0.585898220539093,0.41993647813796997,0.758448600769043,-0.32213443517684937
0.518351674079895,0.2114393413066864,-0.08485983312129974,0.5240810513496399,0.18035443127155304,-0.10474264621734619,0.5282101631164551,0.1777636855840683,-0.10474910587072372,0.532427191734314,0.17449918389320374,-0.10462886095046997,0.5175971388816833,0.18176373839378357,-0.06903789937496185,0.5169132947921753,0.18063011765480042,-0.06914357095956802,0.5164527893066406,0.17936374247074127,-0.06926825642585754,0.5588446855545044,0.16693337261676788,-0.11772781610488892,0.5370451211929321,0.17408695816993713,0.03962278366088867,0.5338417291641235,0.23227550089359283,-0.08721645176410675,0.5257021188735962,0.23341825604438782,-0.04031068831682205,0.6085572242736816,0.2653454542160034,-0.20821256935596466,0.5444592833518982,0.30131202936172485,0.16589772701263428,0.48991331458091736,0.40417543053627014,-0.2978498339653015,0.4393179416656494,0.3941851854324341,0.1911381185054779,0.3634471297264099,0.49034953117370605,-0.29377880692481995,0.32964473962783813,0.49218058586120605,0.09972505271434784,0.32767409086227417,0.5290990471839905,-0.32877835631370544,0.3039180338382721,0.5204830169677734,0.09277614206075668,0.32323455810546875,0.5266819596290588,-0.3113839030265808,0.3041593134403229,0.5273034572601318,0.04612349346280098,0.3318093717098236,0.5167554020881653,-0.28640711307525635,0.3152522146701813,0.5218663811683655,0.07376345247030258,0.6577198505401611,0.6152253746986389,-0.10738231986761093,0.6140041351318359,0.6223324537277222,0.1069817766547203,0.5384224057197571,0.44794341921806335,-0.3042823374271393,0.48780733346939087,0.4567772448062897,0.08099933713674545,0.49605217576026917,0.7585881352424622,-0.35348939895629883,0.4935856759548187,0.73280930519104,-0.034838419407606125,0.5059027075767517,0.8390172123908997,-0.35709065198898315,0.5068719983100891,0.7860157489776611,-0.048337750136852264,0.4015365540981293,0.7809017896652222,-0.4441355764865875,0.43043360114097595,0.7676905989646912,-0.11320724338293076
0.4956947863101959,0.2207324504852295,-0.10986532270908356,0.5004104375839233,0.18888376653194427,-0.1361975520849228,0.5038576722145081,0.18592287600040436,-0.13625648617744446,0.5078872442245483,0.18217338621616364,-0.13621649146080017,0.49508175253868103,0.19132819771766663,-0.09554122388362885,0.4948456287384033,0.19033370912075043,-0.0956103578209877,0.4947819113731384,0.18929214775562286,-0.0957048237323761,0.5331875085830688,0.1717948615550995,-0.171781525015831,0.515572190284729,0.18017704784870148,0.00950545072555542,0.5117377638816833,0.23990997672080994,-0.1181405559182167,0.5051182508468628,0.24154514074325562,-0.06516977399587631,0.5737935900688171,0.26690834760665894,-0.2812427580356598,0.5413474440574646,0.30358654260635376,0.17451253533363342,0.44689908623695374,0.3933491110801697,-0.3493666350841522,0.4262850284576416,0.3948502838611603,0.20769307017326355,0.32169944047927856,0.4762081503868103,-0.34512144327163696,0.3124602437019348,0.49410611391067505,0.1420501172542572,0.28858035802841187,0.519781768321991,-0.39099758863449097,0.28472062945365906,0.5222836136817932,0.1337379366159439,0.28283217549324036,0.5228058099746704,-0.3657234311103821,0.28193068504333496,0.5286610722541809,0.09379830211400986,0.291220486164093,0.5129687786102295,-0.3349209427833557,0.2892143130302429,0.5229797959327698,0.11934453248977661,0.6345641016960144,0.6185256242752075,-0.13077619671821594,0.6069338321685791,0.6278148889541626,0.1302904486656189,0.5039322972297668,0.420004665851593,-0.19584642350673676,0.4700724482536316,0.43862685561180115,0.2309090793132782,0.4857448935508728,0.7520237565040588,-0.09058492630720139,0.4917355477809906,0.7121854424476624,0.2761608958244324,0.5050727128982544,0.8286688923835754,-0.0796649381518364,0.5076278448104858,0.7628802061080933,0.2793295681476593,0.40256017446517944,0.7602086663246155,-0.11980388313531876,0.42156320810317993,0.7552067041397095,0.2556132376194
0.479983389377594,0.21968095004558563,-0.13416455686092377,0.4843188226222992,0.18892382085323334,-0.15780699253082275,0.48784956336021423,0.18610045313835144,-0.15786197781562805,0.49133414030075073,0.18297354876995087,-0.1578233391046524,0.47925543785095215,0.19091495871543884,-0.1165321096777916,0.47916895151138306,0.1897752732038498,-0.11658419668674469,0.47925156354904175,0.18858501315116882,-0.11666344106197357,0.5167738795280457,0.17271359264850616,-0.2046525776386261,0.5013607144355774,0.17989736795425415,-0.004141027573496103,0.4955102801322937,0.2387610375881195,-0.14096102118492126,0.4890662133693695,0.24070464074611664,-0.08638311177492142,0.5587371587753296,0.26608118414878845,-0.32234007120132446,0.5337517857551575,0.29908448457717896,0.1613791584968567,0.4330523908138275,0.38997527956962585,-0.39659231901168823,0.416130006313324,0.401336133480072,0.20128700137138367,0.2965809106826782,0.46629732847213745,-0.3902556896209717,0.2885870337486267,0.4902630150318146,0.12674733996391296,0.26386451721191406,0.5137036442756653,-0.4406973719596863,0.2625429332256317,0.5228950381278992,0.1336577981710434,0.2574482262134552,0.5137361288070679,-0.41226720809936523,0.258983314037323,0.5278388261795044,0.08469990640878677,0.2643999457359314,0.5021101236343384,-0.37900081276893616,0.26519712805747986,0.5208930373191833,0.10058049857616425,0.6221802830696106,0.6250854730606079,-0.14431914687156677,0.5967413187026978,0.6328494548797607,0.1439022272825241,0.49129852652549744,0.41476109623908997,-0.20077386498451233,0.45595788955688477,0.43199917674064636,0.2358585149049759,0.48766088485717773,0.7405588030815125,-0.01906561106443405,0.49253901839256287,0.7060566544532776,0.27125319838523865,0.5029114484786987,0.8003720045089722,0.0017697954317554832,0.5138944387435913,0.7556037306785583,0.2740069329738617,0.4089411795139313,0.7496463060379028,0.003944893833249807,0.42697852849960327,0.7514108419418335,0.26558488607406616
0.4784114360809326,0.21820981800556183,-0.09184850752353668,0.48334169387817383,0.18760083615779877,-0.1191260814666748,0.4868045449256897,0.18474991619586945,-0.119198277592659,0.49075421690940857,0.1815883070230484,-0.11916451156139374,0.47831693291664124,0.18996484577655792,-0.07588895410299301,0.4782346785068512,0.18880392611026764,-0.07593274861574173,0.4783078730106354,0.18744562566280365,-0.07601552456617355,0.5166465044021606,0.1721087098121643,-0.1786612570285797,0.5010446906089783,0.1776803582906723,0.026448214426636696,0.49325627088546753,0.23756392300128937,-0.10425116121768951,0.4866827428340912,0.23960770666599274,-0.04802749678492546,0.5570772886276245,0.2658292055130005,-0.2893364727497101,0.5318115949630737,0.29616039991378784,0.18706728518009186,0.4345634877681732,0.3875115215778351,-0.35114115476608276,0.41285833716392517,0.404499888420105,0.22802183032035828,0.29623714089393616,0.46537497639656067,-0.3408508002758026,0.2903333306312561,0.48513904213905334,0.15110579133033752,0.2624061703681946,0.5079522132873535,-0.38625144958496094,0.2572914958000183,0.5199411511421204,0.15433582663536072,0.2550596594810486,0.5057355165481567,-0.35835808515548706,0.25412607192993164,0.523250937461853,0.11110196262598038,0.2651751637458801,0.4933703541755676,-0.3293381333351135,0.2626948356628418,0.5147732496261597,0.127028226852417,0.6265643835067749,0.6254095435142517,-0.1440581977367401,0.6003453135490417,0.6323930025100708,0.1436012089252472,0.4943544864654541,0.41473209857940674,-0.21554188430309296,0.4636595845222473,0.42815953493118286,0.26825740933418274,0.4916859269142151,0.7391263246536255,-0.08547371625900269,0.49553871154785156,0.705588698387146,0.2896410822868347,0.5059182643890381,0.7986310124397278,-0.07481291145086288,0.5262719392776489,0.752135694026947,0.29150155186653137,0.41898036003112793,0.7498196959495544,-0.10433989763259888,0.4475986063480377,0.7515624761581421,0.2808622717857361
0.49321943521499634,0.21454571187496185,-0.10845988988876343,0.49823588132858276,0.18468740582466125,-0.128835991024971,0.5021528005599976,0.1821114420890808,-0.12885330617427826,0.5066854953765869,0.17906661331653595,-0.1287735402584076,0.49265584349632263,0.18623170256614685,-0.0912107527256012,0.4921180307865143,0.18515822291374207,-0.09129095822572708,0.4916450083255768,0.1840512603521347,-0.09137097746133804,0.5333648324012756,0.172007218003273,-0.14669854938983917,0.5129995942115784,0.1769491732120514,0.022577788680791855,0.5057552456855774,0.2353687435388565,-0.1105247363448143,0.4987178444862366,0.2370738536119461,-0.06157652288675308,0.573136031627655,0.2669774293899536,-0.2506929039955139,0.5347089767456055,0.2916562259197235,0.1752687394618988,0.4541906416416168,0.3801792562007904,-0.3287025988101959,0.42502397298812866,0.39735856652259827,0.21798308193683624,0.312926322221756,0.4550926685333252,-0.3177604079246521,0.3055416941642761,0.4744652211666107,0.139230877161026,0.27361059188842773,0.4990038573741913,-0.35627827048301697,0.2736870050430298,0.5047853589057922,0.14156323671340942,0.2662985026836395,0.49449649453163147,-0.3321264982223511,0.27022796869277954,0.5091400742530823,0.09664542973041534,0.2751135528087616,0.4842866361141205,-0.30740588903427124,0.2780196964740753,0.5028555393218994,0.11447553336620331,0.6366820335388184,0.6179124712944031,-0.1321856677532196,0.6042435169219971,0.6226609945297241,0.13161292672157288,0.5049933791160583,0.41745856404304504,-0.21812215447425842,0.47753748297691345,0.4296996295452118,0.212018683552742,0.49293002486228943,0.7413281798362732,-0.1481648087501526,0.497356653213501,0.7137921452522278,0.14729173481464386,0.5149149298667908,0.8217489719390869,-0.13959093391895294,0.5224663019180298,0.7620054483413696,0.14010116457939148,0.4242595136165619,0.7648859620094299,-0.17840176820755005,0.43640002608299255,0.7657472491264343,0.1082187071442604
0.5416154265403748,0.20420721173286438,-0.06417834013700485,0.5477309226989746,0.17438773810863495,-0.0748133510351181,0.5525986552238464,0.17165778577327728,-0.07479718327522278,0.5583144426345825,0.16808515787124634,-0.07467876374721527,0.5402818322181702,0.17665211856365204,-0.04386218637228012,0.5393966436386108,0.1760619431734085,-0.04393209517002106,0.538544774055481,0.17545445263385773,-0.04402743652462959,0.5823634266853333,0.16625750064849854,-0.0602366104722023,0.5559528470039368,0.17373082041740417,0.07829366624355316,0.5538966655731201,0.22765079140663147,-0.056498121470212936,0.5451985597610474,0.22885313630104065,-0.01571023464202881,0.6240581274032593,0.2630840539932251,-0.15856236219406128,0.5571697950363159,0.2924007773399353,0.21476027369499207,0.5142276287078857,0.3679269552230835,-0.24565033614635468,0.4608108401298523,0.38198423385620117,0.2545958459377289,0.3816840946674347,0.4373666048049927,-0.2503565549850464,0.3574754595756531,0.44770991802215576,0.16834738850593567,0.34815090894699097,0.4721364676952362,-0.28201261162757874,0.33353719115257263,0.473684698343277,0.15072862803936005,0.34273821115493774,0.47201967239379883,-0.2685721218585968,0.33272844552993774,0.4779195189476013,0.11370088160037994,0.35246342420578003,0.46166661381721497,-0.2442048341035843,0.34074634313583374,0.47063133120536804,0.14708514511585236,0.6632993221282959,0.6085242033004761,-0.11577822268009186,0.6197781562805176,0.6201643943786621,0.11520664393901825,0.5345712304115295,0.4259440004825592,-0.28425952792167664,0.48814764618873596,0.4708811342716217,0.08018897473812103,0.49091076850891113,0.766907811164856,-0.34595948457717896,0.4812629222869873,0.7408291101455688,-0.05238298699259758,0.511093258857727,0.8436381220817566,-0.35031938552856445,0.4962618947029114,0.7871731519699097,-0.06777879595756531,0.4001220166683197,0.7887998223304749,-0.4326167702674866,0.41349124908447266,0.7572234272956848,-0.13060760498046875
0.5931175947189331,0.18699736893177032,-0.07385529577732086,0.6024017930030823,0.15699903666973114,-0.07826153934001923,0.6085537075996399,0.15427500009536743,-0.0782335102558136,0.6147374510765076,0.15163105726242065,-0.07810523360967636,0.5928260087966919,0.15981797873973846,-0.049274563789367676,0.5912868976593018,0.15958991646766663,-0.04931589215993881,0.5897754430770874,0.15927982330322266,-0.049410149455070496,0.6349536776542664,0.15738150477409363,-0.043284982442855835,0.6032053232192993,0.16238117218017578,0.08485393971204758,0.606724202632904,0.2102518081665039,-0.06033848598599434,0.5952163934707642,0.21299594640731812,-0.021322282031178474,0.6750454902648926,0.257700651884079,-0.14288344979286194,0.5960601568222046,0.2897971570491791,0.22206787765026093,0.5701850652694702,0.3693705201148987,-0.25320345163345337,0.5038815140724182,0.37402772903442383,0.2699509561061859,0.4537588953971863,0.428486704826355,-0.29357171058654785,0.40358966588974,0.4316597282886505,0.18370383977890015,0.42175936698913574,0.45859748125076294,-0.3199833333492279,0.3807985186576843,0.4516814351081848,0.17519162595272064,0.41306763887405396,0.4529282748699188,-0.31616276502609253,0.38132259249687195,0.4538615345954895,0.1418735682964325,0.4248684346675873,0.4437752962112427,-0.2905441224575043,0.3904876112937927,0.45054036378860474,0.16468825936317444,0.6933054327964783,0.6046652793884277,-0.11415855586528778,0.6436630487442017,0.6087296605110168,0.11359791457653046,0.5630878210067749,0.4593631327152252,-0.3051772117614746,0.5164238214492798,0.4949139952659607,0.02220938540995121,0.49974948167800903,0.7713617086410522,-0.39438506960868835,0.4824662208557129,0.7574898600578308,-0.1391928791999817,0.5105339884757996,0.8421467542648315,-0.401040643453598,0.48769569396972656,0.7928299903869629,-0.1567627191543579,0.4110254645347595,0.7585509419441223,-0.48571762442588806,0.41350483894348145,0.7504391074180603,-0.22459153831005096
0.6409712433815002,0.1707170158624649,-0.07052071392536163,0.6512538194656372,0.14169900119304657,-0.06933178007602692,0.6571945548057556,0.13995078206062317,-0.06935687363147736,0.663142740726471,0.13833770155906677,-0.0692635029554367,0.6413941383361816,0.14385488629341125,-0.047153290361166,0.6398824453353882,0.14365684986114502,-0.0472484715282917,0.6384608149528503,0.14347800612449646,-0.04738326743245125,0.682172954082489,0.14671151340007782,-0.027787331491708755,0.6510623693466187,0.14977647364139557,0.08695541322231293,0.6540387868881226,0.1939372569322586,-0.0532524399459362,0.6423887610435486,0.19662202894687653,-0.021426107734441757,0.7224000692367554,0.2513282299041748,-0.1272554099559784,0.6355459094047546,0.2746759057044983,0.20614147186279297,0.6280316114425659,0.36249682307243347,-0.2564203441143036,0.5522482395172119,0.36618632078170776,0.2127802073955536,0.5264107584953308,0.42616572976112366,-0.33797401189804077,0.47277235984802246,0.41896852850914,0.05309266597032547,0.49749064445495605,0.4529523551464081,-0.37097102403640747,0.44797858595848083,0.44139984250068665,0.03155786171555519,0.48893871903419495,0.44544410705566406,-0.3694441318511963,0.45232734084129333,0.4404986500740051,0.006044038571417332,0.4984123110771179,0.4361470639705658,-0.3365081250667572,0.46124011278152466,0.43513941764831543,0.03646814078092575,0.7210441827774048,0.6004456281661987,-0.1152576431632042,0.6700419187545776,0.5880805253982544,0.11473190784454346,0.5830285549163818,0.4690978229045868,-0.29558077454566956,0.5388695001602173,0.46776753664016724,0.004728852771222591,0.505584716796875,0.7677066326141357,-0.3998507559299469,0.4734545648097992,0.749586820602417,-0.16875624656677246,0.5117708444595337,0.8402429223060608,-0.4079902768135071,0.48231062293052673,0.7929179668426514,-0.18740211427211761,0.4232088029384613,0.7443574070930481,-0.48072224855422974,0.40603747963905334,0.7475336790084839,-0.2479260414838791
0.6899207830429077,0.15844883024692535,-0.035925671458244324,0.7015019059181213,0.13247491419315338,-0.02978486940264702,0.707423210144043,0.13104581832885742,-0.029729699715971947,0.713464617729187,0.12982137501239777,-0.02964577078819275,0.6901236772537231,0.13459430634975433,-0.015139979310333729,0.688231885433197,0.13444341719150543,-0.015251943841576576,0.6863377094268799,0.13427883386611938,-0.015363996848464012,0.7299334406852722,0.14035692811012268,0.027074307203292847,0.6968737840652466,0.1433500200510025,0.09362431615591049,0.7030481100082397,0.1818908452987671,-0.014788433909416199,0.68968266248703,0.18385475873947144,0.004410271067172289,0.7683343887329102,0.24233537912368774,-0.07596264779567719,0.6771689653396606,0.26175054907798767,0.19177140295505524,0.6914002895355225,0.3603687584400177,-0.21317610144615173,0.5992529988288879,0.3609510660171509,0.12425259500741959,0.5865651369094849,0.41398942470550537,-0.2871878743171692,0.523459792137146,0.4071575999259949,-0.08116066455841064,0.5570676922798157,0.43231233954429626,-0.31438297033309937,0.5011181831359863,0.4239482879638672,-0.1155770793557167,0.550766110420227,0.42322081327438354,-0.3175791800022125,0.5055826902389526,0.42314809560775757,-0.12997525930404663,0.5595238208770752,0.4189814329147339,-0.2878915071487427,0.515450656414032,0.4200635254383087,-0.09482491761445999,0.7527627944946289,0.588425874710083,-0.10063453018665314,0.7046376466751099,0.570404052734375,0.10035578161478043,0.6092601418495178,0.4812018871307373,-0.27138108015060425,0.5644518136978149,0.4644567370414734,-0.049424123018980026,0.516798198223114,0.768555760383606,-0.3949994742870331,0.4755170941352844,0.7427017092704773,-0.23355738818645477,0.5213168859481812,0.839490532875061,-0.4037567675113678,0.48325783014297485,0.8140677809715271,-0.25408241152763367,0.4276951849460602,0.762479305267334,-0.47340211272239685,0.4074450135231018,0.7455829381942749,-0.3241937756538391
0.734758198261261,0.1593421995639801,-0.037227191030979156,0.745439887046814,0.1346352994441986,-0.03285020962357521,0.7518725991249084,0.13317720592021942,-0.03282840549945831,0.75826096534729,0.13176460564136505,-0.032782018184661865,0.734909176826477,0.1363517940044403,-0.01671144738793373,0.7328286170959473,0.1361907571554184,-0.016803132370114326,0.7312199473381042,0.13600577414035797,-0.01691022887825966,0.7756925821304321,0.1406378149986267,0.018958210945129395,0.7423244714736938,0.14330071210861206,0.09681117534637451,0.7471277713775635,0.18351468443870544,-0.018141312524676323,0.7342247366905212,0.18490613996982574,0.003913217224180698,0.8105159997940063,0.24324582517147064,-0.08175355195999146,0.7224780917167664,0.26021072268486023,0.17696763575077057,0.7498655319213867,0.3620273470878601,-0.21635690331459045,0.6484869718551636,0.3614705801010132,0.12349025905132294,0.6463788747787476,0.4055157005786896,-0.2911628186702728,0.5669974684715271,0.398716002702713,-0.07140634208917618,0.6170783042907715,0.429246723651886,-0.31797361373901367,0.5435299277305603,0.4132186770439148,-0.10764223337173462,0.6130346059799194,0.41706374287605286,-0.3195347487926483,0.5443121194839478,0.41052719950675964,-0.1281699240207672,0.619181752204895,0.41167622804641724,-0.29088592529296875,0.555994987487793,0.40826985239982605,-0.08809484541416168,0.7810476422309875,0.5846216082572937,-0.09562108665704727,0.7329331636428833,0.5613373517990112,0.09560026228427887,0.6383845210075378,0.520288348197937,-0.20854084193706512,0.596961498260498,0.49175041913986206,-0.04445799067616463,0.5257050395011902,0.7706502079963684,-0.31848597526550293,0.4875210225582123,0.7432682514190674,-0.19904197752475739,0.5232980847358704,0.840078592300415,-0.32657524943351746,0.47951650619506836,0.8114112019538879,-0.21563610434532166,0.4484184682369232,0.7537747621536255,-0.3894564211368561,0.4126574993133545,0.7251461744308472,-0.2784513533115387
0.7784852385520935,0.173194020986557,0.003971198108047247,0.7898904085159302,0.15178455412387848,0.010881390422582626,0.796328067779541,0.1520717889070511,0.010870606638491154,0.8034437298774719,0.15226827561855316,0.010867379605770111,0.7781950831413269,0.1511022001504898,0.026914021000266075,0.7762845158576965,0.15151117742061615,0.026838749647140503,0.7747108340263367,0.15188755095005035,0.026716697961091995,0.8194540143013,0.16204173862934113,0.06417291611433029,0.7829004526138306,0.15762484073638916,0.1355346143245697,0.7893390655517578,0.20166721940040588,0.02299497090280056,0.7766979932785034,0.20181725919246674,0.043849583715200424,0.8518387675285339,0.2580235004425049,-0.04037580266594887,0.7627643346786499,0.2680056691169739,0.2137187421321869,0.8117497563362122,0.3677501976490021,-0.18015217781066895,0.6917666792869568,0.3731338381767273,0.13789871335029602,0.7104547023773193,0.3981429934501648,-0.2697840631008148,0.6127026677131653,0.39869225025177,-0.0653589516878128,0.6824422478675842,0.4210042655467987,-0.29855257272720337,0.5980030298233032,0.4079413414001465,-0.10420896112918854,0.6765105128288269,0.41060400009155273,-0.29949307441711426,0.5990688800811768,0.40242433547973633,-0.12225665152072906,0.6824191808700562,0.4058248698711395,-0.26877012848854065,0.6061980128288269,0.40231552720069885,-0.08186940848827362,0.8129215240478516,0.5838041305541992,-0.09451080858707428,0.7619590759277344,0.5614081621170044,0.09455446898937225,0.662222146987915,0.5614560842514038,-0.1953359991312027,0.6293481588363647,0.5476447343826294,-0.06908093392848969,0.5254278779029846,0.7790679335594177,-0.34857386350631714,0.4944174885749817,0.7507367730140686,-0.24860377609729767,0.5216483473777771,0.8433093428611755,-0.36259299516677856,0.48094624280929565,0.7947423458099365,-0.2672486901283264,0.44229117035865784,0.7469007968902588,-0.45167917013168335,0.41542235016822815,0.7133128643035889,-0.3402859568595886
0.8114079236984253,0.2065839171409607,0.08347964286804199,0.8214179277420044,0.1847638636827469,0.09391579031944275,0.8274950981140137,0.18345612287521362,0.09385599195957184,0.8338127136230469,0.18213322758674622,0.09376560896635056,0.8120614290237427,0.1867656260728836,0.1124802827835083,0.8096405267715454,0.18684121966362,0.11245124042034149,0.8073670268058777,0.18689264357089996,0.11234275251626968,0.8525452613830566,0.19202353060245514,0.14916476607322693,0.8169889450073242,0.19124402105808258,0.23526683449745178,0.821587860584259,0.22824940085411072,0.10186614841222763,0.8095158338546753,0.22926627099514008,0.12713390588760376,0.8882473707199097,0.29134461283683777,0.06908468157052994,0.790920615196228,0.2962796688079834,0.2832413911819458,0.8647221326828003,0.4249933063983917,-0.023543719202280045,0.7282772660255432,0.4074081480503082,0.23403599858283997,0.7711718082427979,0.4017825126647949,-0.09220634400844574,0.664086103439331,0.40111520886421204,0.018848752602934837,0.7426727414131165,0.41814354062080383,-0.11640006303787231,0.642002522945404,0.41060999035835266,-0.026550719514489174,0.7391262054443359,0.40628546476364136,-0.119387686252594,0.6418733596801758,0.4044148623943329,-0.04849885776638985,0.7483593821525574,0.40341731905937195,-0.091311015188694,0.6507852673530579,0.40519705414772034,-0.00035462231608107686,0.822507381439209,0.5678262710571289,-0.08197081834077835,0.7649011611938477,0.5381088852882385,0.08214549720287323,0.6849843263626099,0.6134662628173828,-0.2523353397846222,0.6404302716255188,0.571009635925293,-0.11143086850643158,0.5277706980705261,0.7863559126853943,-0.46431785821914673,0.4980180263519287,0.7507314682006836,-0.3343588709831238,0.5146503448486328,0.8528684973716736,-0.48178830742836,0.479449599981308,0.7959474921226501,-0.3587267994880676,0.45513716340065,0.7422479391098022,-0.5778228044509888,0.41938668489456177,0.7063907384872437,-0.44199150800704956
0.8273100852966309,0.23009254038333893,0.10556815564632416,0.8380109071731567,0.20940645039081573,0.11737439781427383,0.8427707552909851,0.20926162600517273,0.11730685085058212,0.8485218286514282,0.2094346433877945,0.11714637279510498,0.8273316621780396,0.210254967212677,0.13560904562473297,0.8255780339241028,0.21105411648750305,0.13564404845237732,0.8237619400024414,0.21182455122470856,0.13556399941444397,0.8698462247848511,0.22080658376216888,0.17539428174495697,0.8325493931770325,0.2219228595495224,0.2630687952041626,0.8362293243408203,0.2535879909992218,0.12431768327951431,0.8257333636283875,0.25658735632896423,0.15009759366512299,0.9109076261520386,0.3105872571468353,0.11364338546991348,0.8063982129096985,0.325811505317688,0.2931467890739441,0.9127694368362427,0.46974483132362366,0.01069473847746849,0.7625442743301392,0.43821749091148376,0.22990873456001282,0.8082297444343567,0.4098862409591675,-0.07084065675735474,0.7175241112709045,0.419599324464798,0.028412651270627975,0.7825788259506226,0.4173344373703003,-0.09909632056951523,0.6993943452835083,0.4156736135482788,-0.04664428532123566,0.7812816500663757,0.404978483915329,-0.09710773825645447,0.697931170463562,0.4063662588596344,-0.06711205840110779,0.7880934476852417,0.40275073051452637,-0.06838947534561157,0.7059770822525024,0.4070715606212616,0.0038032918237149715,0.8284119367599487,0.5618023872375488,-0.07598565518856049,0.7707227468490601,0.5342003107070923,0.07621478289365768,0.701518177986145,0.6204859614372253,-0.2565811276435852,0.6482831239700317,0.5843535661697388,-0.08695654571056366,0.5288881063461304,0.7883398532867432,-0.4503410756587982,0.4965633749961853,0.7563148736953735,-0.30855679512023926,0.5133363604545593,0.8568017482757568,-0.46723851561546326,0.48228105902671814,0.8233903050422668,-0.334245502948761,0.4500334858894348,0.752935528755188,-0.551845908164978,0.41107431054115295,0.7085519433021545,-0.4116039276123047
0.836643397808075,0.24461379647254944,0.11232495307922363,0.8463298678398132,0.22277988493442535,0.12363646179437637,0.8522919416427612,0.22264453768730164,0.12358783185482025,0.858879566192627,0.22254376113414764,0.12340791523456573,0.8355535268783569,0.22334134578704834,0.14383843541145325,0.8326924443244934,0.2231675237417221,0.1439003050327301,0.8301787376403809,0.22341503202915192,0.14386169612407684,0.8780549168586731,0.2342272251844406,0.18942375481128693,0.8379735946655273,0.232914537191391,0.28541630506515503,0.8473623394966125,0.26685193181037903,0.13485845923423767,0.8345608711242676,0.2664022147655487,0.16303840279579163,0.9172444343566895,0.33206722140312195,0.1474536806344986,0.8157960176467896,0.33389177918434143,0.32354140281677246,0.9550045728683472,0.481998473405838,0.01860065385699272,0.7795276641845703,0.4585408568382263,0.25442594289779663,0.8756257891654968,0.42244526743888855,-0.08115597069263458,0.7500830292701721,0.4293784201145172,0.03150869533419609,0.8502349853515625,0.41945356130599976,-0.1087101548910141,0.7397012710571289,0.42114880681037903,-0.018387652933597565,0.8459747433662415,0.404348760843277,-0.09651421010494232,0.7422212362289429,0.40971511602401733,-0.024289973080158234,0.8511924743652344,0.4036716818809509,-0.07488106191158295,0.7496401071548462,0.4133799374103546,0.019155561923980713,0.8277854919433594,0.5615221261978149,-0.07577705383300781,0.7703462243080139,0.5335306525230408,0.07589668780565262,0.6966434717178345,0.6239564418792725,-0.2619647979736328,0.656805694103241,0.5887836217880249,-0.10835274308919907,0.5283557176589966,0.7884684801101685,-0.4766063690185547,0.5046136379241943,0.7554847598075867,-0.33435916900634766,0.5077346563339233,0.8548168540000916,-0.49495768547058105,0.4862419068813324,0.8201310038566589,-0.3595373332500458,0.44503775238990784,0.7339133620262146,-0.5805659294128418,0.4195651113986969,0.7027432918548584,-0.43722662329673767
0.8339053392410278,0.24736568331718445,0.10432658344507217,0.8436552286148071,0.22508865594863892,0.1176292896270752,0.8492072224617004,0.22433528304100037,0.11757822334766388,0.8556395769119263,0.22361816465854645,0.11740599572658539,0.8319262266159058,0.22591325640678406,0.13602633774280548,0.8291658163070679,0.22612425684928894,0.1360803097486496,0.8267920613288879,0.2266663908958435,0.13603143393993378,0.8748343586921692,0.23320698738098145,0.19168446958065033,0.8339017033576965,0.2350921630859375,0.2780229449272156,0.8455083966255188,0.26693156361579895,0.1293216496706009,0.8328709602355957,0.266943097114563,0.15484215319156647,0.9146734476089478,0.33398789167404175,0.1546536386013031,0.8142536878585815,0.334343284368515,0.3176282048225403,0.9603074789047241,0.47393494844436646,0.030812423676252365,0.7736345529556274,0.4570452868938446,0.24906015396118164,0.894639790058136,0.43141165375709534,-0.062034569680690765,0.7623034715652466,0.43193456530570984,0.02807607688009739,0.8722370266914368,0.42452752590179443,-0.08793787658214569,0.756837785243988,0.42827075719833374,-0.01945207454264164,0.8664571642875671,0.4088546335697174,-0.07421810925006866,0.7618621587753296,0.4189218282699585,-0.02310853824019432,0.8727520704269409,0.41090160608291626,-0.05562414973974228,0.7646361589431763,0.42217060923576355,0.018167836591601372,0.8239130973815918,0.5613136291503906,-0.07432197779417038,0.7683058977127075,0.5343719720840454,0.07436535507440567,0.6914091110229492,0.6292773485183716,-0.24850182235240936,0.6558951139450073,0.5876173973083496,-0.10256602615118027,0.527680516242981,0.7893000245094299,-0.4567318856716156,0.5113968253135681,0.7530027627944946,-0.31808236241340637,0.5075110793113708,0.8538810014724731,-0.4747079908847809,0.4949460029602051,0.8193143010139465,-0.3416731357574463,0.44181719422340393,0.7342392802238464,-0.556766927242279,0.42914900183677673,0.7017300724983215,-0.4136848449707031
0.8280452489852905,0.24778883159160614,0.11324284970760345,0.8378472328186035,0.22520853579044342,0.12501591444015503,0.8432788848876953,0.2243509292602539,0.12497062981128693,0.8495457768440247,0.22342155873775482,0.12480242550373077,0.8266185522079468,0.22595813870429993,0.1444462686777115,0.8241124153137207,0.22619281709194183,0.14447686076164246,0.8219441175460815,0.2266750931739807,0.1444215029478073,0.8690228462219238,0.23177027702331543,0.19186976552009583,0.8303921818733215,0.23425494134426117,0.2849455177783966,0.8398016691207886,0.2684740424156189,0.1362493336200714,0.8278974294662476,0.26799505949020386,0.16367653012275696,0.9120770692825317,0.33316299319267273,0.15296605229377747,0.8119925260543823,0.3330624997615814,0.3199225962162018,0.9607949256896973,0.4672832190990448,0.029155906289815903,0.7737362384796143,0.4561923146247864,0.2638191282749176,0.8825193643569946,0.4311226010322571,-0.06398135423660278,0.758067786693573,0.43656280636787415,0.06244794279336929,0.8571807146072388,0.4264874756336212,-0.09245036542415619,0.751304566860199,0.43627962470054626,0.01473610382527113,0.8492850065231323,0.4071336090564728,-0.0832822248339653,0.7553181648254395,0.4257654547691345,0.007104668766260147,0.8565765619277954,0.41128993034362793,-0.05983179807662964,0.7603071928024292,0.4284946322441101,0.051180340349674225,0.8228316307067871,0.5608051419258118,-0.07478457689285278,0.7677196264266968,0.5335598587989807,0.07483580708503723,0.6930299401283264,0.6306725144386292,-0.24749071896076202,0.6557265520095825,0.5856514573097229,-0.10369203239679337,0.527499794960022,0.7874842286109924,-0.45832619071006775,0.5101283192634583,0.7524526715278625,-0.32014086842536926,0.5055211782455444,0.8508303165435791,-0.47625741362571716,0.49662381410598755,0.8211111426353455,-0.3441488742828369,0.43882817029953003,0.7277798056602478,-0.5597754120826721,0.4273377060890198,0.7018654942512512,-0.41914719343185425
0.8241286277770996,0.24936038255691528,0.08577289432287216,0.8299899101257324,0.2256445735692978,0.0908302292227745,0.8350354433059692,0.22419919073581696,0.09075025469064713,0.8405705690383911,0.22261042892932892,0.09057849645614624,0.8207526206970215,0.22765113413333893,0.11355976015329361,0.8188154101371765,0.22790832817554474,0.11361084133386612,0.8170895576477051,0.22842438519001007,0.11356638371944427,0.8605130314826965,0.22890646755695343,0.13129964470863342,0.8273264765739441,0.23369091749191284,0.24400094151496887,0.837441623210907,0.2691234052181244,0.1024346724152565,0.8263897895812988,0.26981115341186523,0.13415393233299255,0.9115036129951477,0.329213410615921,0.09632351994514465,0.8074698448181152,0.33367908000946045,0.290679931640625,0.954311192035675,0.4734637439250946,-0.011173401027917862,0.7690999507904053,0.4552758038043976,0.24297089874744415,0.8622984886169434,0.435574471950531,-0.09116153419017792,0.7506806254386902,0.44000622630119324,0.03786545246839523,0.835016131401062,0.44308510422706604,-0.11880616843700409,0.737754225730896,0.4405754506587982,-0.006442721001803875,0.8300685882568359,0.42094340920448303,-0.10865545272827148,0.7422068119049072,0.4281904995441437,-0.019692078232765198,0.8352222442626953,0.4188362956047058,-0.0851198211312294,0.7484795451164246,0.43113961815834045,0.023979652673006058,0.8215664625167847,0.5586036443710327,-0.07664889842271805,0.7662851810455322,0.5300961136817932,0.07676081359386444,0.6930550932884216,0.6298335790634155,-0.2755901515483856,0.6548558473587036,0.5841413140296936,-0.10718430578708649,0.5257369875907898,0.7857987880706787,-0.4926580786705017,0.5101701021194458,0.7520900964736938,-0.3453769087791443,0.505362331867218,0.8472426533699036,-0.5117465257644653,0.4965798854827881,0.8215560913085938,-0.3720149099826813,0.4369269013404846,0.736754834651947,-0.5926790237426758,0.42484545707702637,0.7014890313148499,-0.4454517364501953
0.817001223564148,0.24861113727092743,0.06240927055478096,0.822300136089325,0.2246183156967163,0.06804610043764114,0.8277819752693176,0.2227802872657776,0.06795419007539749,0.8331031799316406,0.22006215155124664,0.06780384480953217,0.8099650144577026,0.22700203955173492,0.08609525859355927,0.8068715333938599,0.2273809015750885,0.08614106476306915,0.8043484687805176,0.22785188257694244,0.08612433075904846,0.8498924374580383,0.22074608504772186,0.1205512061715126,0.8118208050727844,0.23311705887317657,0.2100193202495575,0.8328917622566223,0.267272025346756,0.08277835696935654,0.818579375743866,0.26951661705970764,0.10919372737407684,0.9045807123184204,0.3100837171077728,0.08429132401943207,0.7974694967269897,0.3314431607723236,0.26167231798171997,0.9164801836013794,0.47789084911346436,-0.006350709591060877,0.7562223076820374,0.4516834616661072,0.24357347190380096,0.8220381736755371,0.4492521584033966,-0.08393646031618118,0.7123122811317444,0.4403056204319,0.057308368384838104,0.7913773655891418,0.46658235788345337,-0.11100946366786957,0.6973906755447388,0.4443916380405426,0.015357892028987408,0.7856239676475525,0.4467470347881317,-0.11094389110803604,0.6963135600090027,0.43256309628486633,-0.004321457352489233,0.7911069989204407,0.44179826974868774,-0.08120861649513245,0.7040978670120239,0.43251320719718933,0.04127637296915054,0.818442165851593,0.5704195499420166,-0.07907549291849136,0.7626574635505676,0.5404248237609863,0.07931675016880035,0.6932847499847412,0.6276116967201233,-0.2889244258403778,0.6436883211135864,0.5787365436553955,-0.10655397176742554,0.5248211026191711,0.7867849469184875,-0.5035309195518494,0.49977198243141174,0.7535169720649719,-0.35564714670181274,0.5086060762405396,0.8494496941566467,-0.5221671462059021,0.48505741357803345,0.8254022598266602,-0.38296905159950256,0.43787628412246704,0.7603883743286133,-0.6057868599891663,0.41291290521621704,0.7052040696144104,-0.45416146516799927
0.8023158311843872,0.24674244225025177,0.04157620295882225,0.8066975474357605,0.22261282801628113,0.04667491465806961,0.81166011095047,0.22052274644374847,0.04661925882101059,0.816746711730957,0.21725553274154663,0.04651699215173721,0.795104444026947,0.22590240836143494,0.06352618336677551,0.7920766472816467,0.22642959654331207,0.06354771554470062,0.7892000675201416,0.22694191336631775,0.06348644196987152,0.8336367607116699,0.21189945936203003,0.09969759732484818,0.7962286472320557,0.22845613956451416,0.18145881593227386,0.8178597688674927,0.2615979015827179,0.06291855871677399,0.80384761095047,0.2687464952468872,0.08688943833112717,0.8887008428573608,0.2978889048099518,0.05548713356256485,0.7850207090377808,0.3195614814758301,0.24005043506622314,0.8848828077316284,0.4666500389575958,-0.017426975071430206,0.7317402958869934,0.43623656034469604,0.21148455142974854,0.7862592935562134,0.47161662578582764,-0.10953368246555328,0.6758703589439392,0.4444642663002014,0.017755385488271713,0.7579935789108276,0.4973933696746826,-0.14179137349128723,0.659417450428009,0.4602261483669281,-0.02664189413189888,0.7527475357055664,0.4822274446487427,-0.15117083489894867,0.6598788499832153,0.44981062412261963,-0.05124202370643616,0.7584301233291626,0.47318336367607117,-0.11198510229587555,0.6681801676750183,0.44529393315315247,-0.0006670599104836583,0.8170418739318848,0.5727559328079224,-0.07883922755718231,0.759766161441803,0.5419740080833435,0.07906603068113327,0.6916494369506836,0.6267789006233215,-0.2734462022781372,0.6389464735984802,0.5775236487388611,-0.10163817554712296,0.5231069922447205,0.7876410484313965,-0.4687677323818207,0.4954662322998047,0.759522020816803,-0.330496221780777,0.5077062845230103,0.8533612489700317,-0.4856483042240143,0.48087701201438904,0.8294677138328552,-0.35475096106529236,0.4357132017612457,0.7634152173995972,-0.5728549957275391,0.4100527763366699,0.7143033146858215,-0.4255748689174652
0.7822591066360474,0.23639903962612152,-0.006955672055482864,0.7866438627243042,0.2127823531627655,-0.00855410285294056,0.7916359305381775,0.20910519361495972,-0.00861041434109211,0.7963970899581909,0.20501047372817993,-0.008669011294841766,0.777718186378479,0.21743036806583405,0.01200923416763544,0.775780200958252,0.21749551594257355,0.011990921571850777,0.7740187644958496,0.2176012247800827,0.011904210783541203,0.8142272233963013,0.19547156989574432,0.017894385382533073,0.7835026383399963,0.21629534661769867,0.1133134588599205,0.7969878911972046,0.25035548210144043,0.004935272503644228,0.7863409519195557,0.25643932819366455,0.03298062086105347,0.8717985153198242,0.2845444679260254,-0.04637325927615166,0.7721322774887085,0.3055836856365204,0.18413427472114563,0.8546807169914246,0.44485124945640564,-0.1295498162508011,0.7076882123947144,0.4158755838871002,0.14292879402637482,0.7536117434501648,0.4872700273990631,-0.20541229844093323,0.6457752585411072,0.45051100850105286,-0.06071401759982109,0.7233161926269531,0.5200083255767822,-0.23675107955932617,0.6299718022346497,0.4711911976337433,-0.10365347564220428,0.7157984972000122,0.5009660720825195,-0.24710556864738464,0.631104052066803,0.4638059437274933,-0.12635661661624908,0.7211767435073853,0.4928741157054901,-0.20755083858966827,0.6382617950439453,0.45828089118003845,-0.07940130680799484,0.8171097040176392,0.5733198523521423,-0.08251283317804337,0.760249137878418,0.5448707342147827,0.08291052281856537,0.6851896643638611,0.6187212467193604,-0.24992862343788147,0.640090823173523,0.5764320492744446,-0.10596346855163574,0.5252720713615417,0.7847510576248169,-0.4097678065299988,0.5021735429763794,0.7578275203704834,-0.301922470331192,0.5127324461936951,0.8518391847610474,-0.4236469864845276,0.47725215554237366,0.8153166770935059,-0.3236369788646698,0.45179373025894165,0.735115110874176,-0.5136483907699585,0.421633243560791,0.7139170169830322,-0.39879703521728516
0.7672740817070007,0.22651121020317078,-0.05312086269259453,0.7718032002449036,0.2002469003200531,-0.048737116158008575,0.7769433259963989,0.19534684717655182,-0.04879339039325714,0.7826632261276245,0.1896495223045349,-0.04884251207113266,0.7611048817634583,0.20688652992248535,-0.0337616503238678,0.75858074426651,0.20750293135643005,-0.03379952162504196,0.7562702894210815,0.20817561447620392,-0.03388457000255585,0.7997258901596069,0.1814395934343338,0.004913735669106245,0.763358473777771,0.2056172639131546,0.07438117265701294,0.7817170023918152,0.2403540462255478,-0.031484901905059814,0.7693164944648743,0.24510124325752258,-0.011038850992918015,0.85277259349823,0.27252721786499023,-0.06863068044185638,0.7522030472755432,0.29892396926879883,0.16281114518642426,0.823263943195343,0.43330028653144836,-0.1612437516450882,0.683364987373352,0.413190633058548,0.09465660154819489,0.7171244025230408,0.4982961416244507,-0.23131707310676575,0.621257483959198,0.45331600308418274,-0.1202690452337265,0.6913187503814697,0.5317679643630981,-0.26212114095687866,0.6057981252670288,0.47775939106941223,-0.16363422572612762,0.685735285282135,0.5154626369476318,-0.2689442038536072,0.6075489521026611,0.47001636028289795,-0.18416456878185272,0.6913363933563232,0.5044342279434204,-0.23244352638721466,0.6144396066665649,0.4647694528102875,-0.13788262009620667,0.8140716552734375,0.5816584825515747,-0.08513355255126953,0.7587683200836182,0.5607579350471497,0.08555930852890015,0.6772925853729248,0.594931960105896,-0.24331548810005188,0.6354920864105225,0.5738999843597412,-0.10677912086248398,0.5266668200492859,0.7865715026855469,-0.4112700819969177,0.49721425771713257,0.7565618753433228,-0.2990087568759918,0.5158300399780273,0.8531584739685059,-0.4256272315979004,0.48024076223373413,0.8028669357299805,-0.32237687706947327,0.4500557482242584,0.7557318210601807,-0.5167828798294067,0.4224516451358795,0.709631621837616,-0.39571279287338257
0.7454756498336792,0.2221725732088089,-0.06494983285665512,0.7498164176940918,0.1926831305027008,-0.06297019124031067,0.7547131776809692,0.18731176853179932,-0.0630050078034401,0.7603315711021423,0.18143793940544128,-0.06304009258747101,0.7388344407081604,0.20174790918827057,-0.047694094479084015,0.736272931098938,0.20294083654880524,-0.04773527383804321,0.7341119050979614,0.20401667058467865,-0.047822173684835434,0.7793065905570984,0.17239519953727722,-0.0134627940133214,0.7422447800636292,0.19980868697166443,0.05761365219950676,0.7598055601119995,0.2352779656648636,-0.044168464839458466,0.7481563091278076,0.24056147038936615,-0.023251520469784737,0.8361760973930359,0.26655933260917664,-0.08889667689800262,0.7335723638534546,0.29375261068344116,0.1479606181383133,0.7988712191581726,0.42035695910453796,-0.20103061199188232,0.6640588641166687,0.4062804877758026,0.08439089357852936,0.7039265036582947,0.4993848502635956,-0.27867943048477173,0.5996259450912476,0.46027886867523193,-0.11928808689117432,0.6734052896499634,0.5377750992774963,-0.30952784419059753,0.5809842348098755,0.48600488901138306,-0.16006235778331757,0.6641987562179565,0.5240944623947144,-0.313904345035553,0.583709716796875,0.48310500383377075,-0.17980921268463135,0.6717633008956909,0.5133718848228455,-0.27906057238578796,0.591628909111023,0.4788146913051605,-0.13606765866279602,0.8103273510932922,0.586843729019165,-0.08783925324678421,0.7547913789749146,0.568846583366394,0.08826093375682831,0.6725018620491028,0.588821291923523,-0.2376076877117157,0.6239649057388306,0.585563600063324,-0.1197461262345314,0.5255427360534668,0.7838082313537598,-0.3977512717247009,0.4999570846557617,0.7568957805633545,-0.3184632360935211,0.5150810480117798,0.8496406674385071,-0.4117720127105713,0.4866318702697754,0.8076706528663635,-0.3379954695701599,0.4467838406562805,0.7634283304214478,-0.5030712485313416,0.42607370018959045,0.7113152146339417,-0.41357699036598206
0.7208321690559387,0.2212599366903305,-0.08081788569688797,0.7246462106704712,0.1914897859096527,-0.08024255186319351,0.7295246124267578,0.18588759005069733,-0.08026643842458725,0.7352365255355835,0.1798669546842575,-0.08028233051300049,0.7145583033561707,0.1998438537120819,-0.06459696590900421,0.7124307751655579,0.20070452988147736,-0.06465162336826324,0.7106921672821045,0.2014446258544922,-0.06472696363925934,0.755588948726654,0.16975614428520203,-0.0329943522810936,0.7218524813652039,0.19393570721149445,0.03902936726808548,0.7365286946296692,0.23387287557125092,-0.06049848347902298,0.7253513932228088,0.23874013125896454,-0.0393504798412323,0.8136962056159973,0.2609345018863678,-0.11457494646310806,0.7121213674545288,0.2899593710899353,0.13208261132240295,0.7730711698532104,0.41455763578414917,-0.23416011035442352,0.6426073908805847,0.4041275382041931,0.07493649423122406,0.671130359172821,0.509997546672821,-0.29855841398239136,0.5732044577598572,0.4646010994911194,-0.12599413096904755,0.6380270719528198,0.5475927591323853,-0.3295572102069855,0.5546760559082031,0.4895210266113281,-0.165180042386055,0.6309210062026978,0.5345883965492249,-0.33077284693717957,0.5573479533195496,0.4877295196056366,-0.18727102875709534,0.6334507465362549,0.5256986021995544,-0.29734891653060913,0.5652776956558228,0.48306384682655334,-0.14373838901519775,0.8045641779899597,0.5847552418708801,-0.08811403810977936,0.7502411603927612,0.5696969032287598,0.08853941410779953,0.6652685403823853,0.5662233829498291,-0.23157259821891785,0.6190970540046692,0.5577945113182068,-0.13436010479927063,0.5307786464691162,0.7709426283836365,-0.3895459771156311,0.5039806962013245,0.7535511255264282,-0.326997846364975,0.521968424320221,0.8417221307754517,-0.40232008695602417,0.49365001916885376,0.8129197955131531,-0.3457757234573364,0.45341095328330994,0.7782942652702332,-0.48601406812667847,0.4290752410888672,0.7205209732055664,-0.421358197927475
0.6991363763809204,0.22157035768032074,-0.07473862171173096,0.7021883726119995,0.19065982103347778,-0.07595179975032806,0.706694483757019,0.18442128598690033,-0.07597312331199646,0.7121156454086304,0.17787636816501617,-0.07597298920154572,0.6923792958259583,0.19998787343502045,-0.05891299247741699,0.6902581453323364,0.20097759366035461,-0.058985233306884766,0.6885212659835815,0.20178499817848206,-0.0590866282582283,0.7334216833114624,0.1666971892118454,-0.033106062561273575,0.6990743279457092,0.19409450888633728,0.046220310032367706,0.7145956754684448,0.2336055338382721,-0.05525701493024826,0.7042350172996521,0.23920632898807526,-0.03224734216928482,0.794152557849884,0.25404834747314453,-0.10976152122020721,0.6914200782775879,0.2887890040874481,0.1365222930908203,0.7450708150863647,0.40217089653015137,-0.22844091057777405,0.6160846948623657,0.40396296977996826,0.08292102813720703,0.642735481262207,0.5135748982429504,-0.3011484742164612,0.5474203824996948,0.472391813993454,-0.08988543599843979,0.615830659866333,0.547561764717102,-0.3335595726966858,0.5305534601211548,0.4987863302230835,-0.12482931464910507,0.6080099940299988,0.5345290303230286,-0.3357239067554474,0.53025883436203,0.4975076913833618,-0.14888867735862732,0.6120026111602783,0.5227310657501221,-0.30059948563575745,0.5374669432640076,0.49139583110809326,-0.1072223037481308,0.7914718389511108,0.5849040746688843,-0.08785548061132431,0.7362805008888245,0.5727723240852356,0.08825521171092987,0.6524273157119751,0.5349302291870117,-0.2772558629512787,0.5953250527381897,0.527784526348114,-0.14414793252944946,0.5333390235900879,0.7647743225097656,-0.4449099898338318,0.4974575936794281,0.7577110528945923,-0.3721590042114258,0.5296422839164734,0.8371301293373108,-0.4582427442073822,0.49068212509155273,0.8203166723251343,-0.3945119082927704,0.4623897075653076,0.7558029294013977,-0.5400853157043457,0.42333728075027466,0.732149600982666,-0.47312575578689575
0.6778112649917603,0.22244612872600555,-0.015173561871051788,0.6801539659500122,0.19097177684307098,-0.01500951498746872,0.6845172643661499,0.18481771647930145,-0.01496450137346983,0.6899309158325195,0.1783750355243683,-0.014898285269737244,0.6702616214752197,0.20017261803150177,0.004150704480707645,0.6679064631462097,0.20111452043056488,0.004073220770806074,0.6657661199569702,0.20182353258132935,0.003945652395486832,0.7096517086029053,0.16706499457359314,0.03002134896814823,0.6754642128944397,0.19362962245941162,0.11901910603046417,0.6934877038002014,0.23410564661026,0.004440079443156719,0.6833293437957764,0.2398095726966858,0.030277322977781296,0.7702649235725403,0.2555736005306244,-0.06175171583890915,0.6720978021621704,0.2888910472393036,0.21078982949256897,0.6991406679153442,0.4057413637638092,-0.18573153018951416,0.5923241376876831,0.40457481145858765,0.18767528235912323,0.599600613117218,0.5122833251953125,-0.2566682994365692,0.5147155523300171,0.47903358936309814,0.04399070516228676,0.5752078294754028,0.5461269021034241,-0.2848759889602661,0.49785423278808594,0.5082037448883057,0.018354136496782303,0.5684331059455872,0.5369762182235718,-0.284781277179718,0.4993734359741211,0.5096063613891602,-0.0034734313376247883,0.5752431154251099,0.5222748517990112,-0.25579309463500977,0.5057271718978882,0.5032220482826233,0.02835775353014469,0.771932065486908,0.5896012783050537,-0.0940251499414444,0.7182950973510742,0.5746792554855347,0.09408518671989441,0.6290194988250732,0.5119034051895142,-0.2948809266090393,0.5860570669174194,0.4937118589878082,-0.12491657584905624,0.5256186723709106,0.7608140707015991,-0.4720521569252014,0.4932785928249359,0.7556604146957397,-0.3679545819759369,0.5264396667480469,0.8366982340812683,-0.4859270453453064,0.4895196557044983,0.8216482400894165,-0.3925367593765259,0.45084720849990845,0.7542043924331665,-0.5719934105873108,0.4197477400302887,0.7324921488761902,-0.4723277986049652
0.6510888338088989,0.22153963148593903,-0.041172292083501816,0.6542036533355713,0.1900394856929779,-0.04136642813682556,0.6587096452713013,0.18457072973251343,-0.04127127677202225,0.664290726184845,0.17846634984016418,-0.04114644229412079,0.643799364566803,0.19866934418678284,-0.023610878735780716,0.6412649154663086,0.19962088763713837,-0.02370717003941536,0.6389726400375366,0.20043906569480896,-0.023848336189985275,0.6838306188583374,0.16724537312984467,0.006241681985557079,0.6477848887443542,0.19323766231536865,0.08911075443029404,0.6673668622970581,0.2338118702173233,-0.020080097019672394,0.6572449803352356,0.2402435690164566,0.0039176614955067635,0.7418144941329956,0.25600215792655945,-0.07424519211053848,0.6478629112243652,0.2894169092178345,0.18137548863887787,0.6652324795722961,0.41018497943878174,-0.18220743536949158,0.5635706186294556,0.4092729389667511,0.13871797919273376,0.5643919110298157,0.5025327205657959,-0.24053356051445007,0.48551279306411743,0.4852977693080902,-0.0024833171628415585,0.5401397943496704,0.5486504435539246,-0.2677515745162964,0.4681907296180725,0.5150818824768066,-0.022100765258073807,0.5294073820114136,0.5396521091461182,-0.26723307371139526,0.4698048233985901,0.514965832233429,-0.04306087642908096,0.5380978584289551,0.5233195424079895,-0.23967990279197693,0.477717787027359,0.5084144473075867,-0.017349205911159515,0.7475139498710632,0.5916812419891357,-0.09390100091695786,0.6964930295944214,0.5793964266777039,0.09391430765390396,0.6227952837944031,0.49845069646835327,-0.2937599718570709,0.5676300525665283,0.47843223810195923,-0.10379507392644882,0.5168551206588745,0.7607297301292419,-0.47415128350257874,0.4928927421569824,0.7529751062393188,-0.3261733651161194,0.520865797996521,0.8353335857391357,-0.48719483613967896,0.4904348850250244,0.8172820806503296,-0.3483927845954895,0.4325944483280182,0.756217360496521,-0.5710902214050293,0.41648727655410767,0.733704686164856,-0.424142062664032
0.6209540963172913,0.21982347965240479,-0.06261871755123138,0.6243290901184082,0.18941010534763336,-0.062457792460918427,0.6284220218658447,0.18439266085624695,-0.06235896795988083,0.6338443756103516,0.17862163484096527,-0.06223694607615471,0.6149729490280151,0.1968703418970108,-0.03957105055451393,0.61297607421875,0.19749683141708374,-0.03968466818332672,0.6111131906509399,0.19795867800712585,-0.03982999920845032,0.6554203629493713,0.16796956956386566,-0.01875459961593151,0.6210752129554749,0.19145138561725616,0.0905953124165535,0.6376262903213501,0.23311136662960052,-0.04385928437113762,0.6273752450942993,0.2397059053182602,-0.012736378237605095,0.7120132446289062,0.25879424810409546,-0.10190409421920776,0.6202901601791382,0.2900666892528534,0.18539629876613617,0.6250888109207153,0.41984036564826965,-0.200221985578537,0.5336511731147766,0.4104650318622589,0.1923149973154068,0.5183507204055786,0.49564841389656067,-0.2265452891588211,0.4487070143222809,0.497589647769928,0.09033653885126114,0.4914223551750183,0.5360100865364075,-0.25358226895332336,0.4269610345363617,0.5256977677345276,0.07393825799226761,0.4848189353942871,0.52839595079422,-0.2516552209854126,0.4283961355686188,0.5280218124389648,0.042039334774017334,0.4955102801322937,0.5124382376670837,-0.2251311093568802,0.43673714995384216,0.522165834903717,0.07109653204679489,0.7236713171005249,0.5957693457603455,-0.10228496789932251,0.669869065284729,0.5865144729614258,0.10187537968158722,0.5910065770149231,0.4776805341243744,-0.3298144042491913,0.5388983488082886,0.4666517972946167,-0.05838799476623535,0.5140213966369629,0.7624879479408264,-0.47183680534362793,0.4795289635658264,0.745884358882904,-0.27127206325531006,0.5192795991897583,0.8368545770645142,-0.4829963147640228,0.4851245880126953,0.810850203037262,-0.29303330183029175,0.4359589219093323,0.7870429158210754,-0.5651340484619141,0.40785279870033264,0.7408761978149414,-0.3612581193447113
0.586851954460144,0.21408197283744812,-0.037418752908706665,0.5913304090499878,0.18538595736026764,-0.041048359125852585,0.5958831310272217,0.18057025969028473,-0.04100080206990242,0.6003720164299011,0.175241619348526,-0.04090898111462593,0.5829817056655884,0.1916010081768036,-0.015313742682337761,0.581369936466217,0.19178280234336853,-0.01537774782627821,0.5800614356994629,0.1919689029455185,-0.015520122833549976,0.6225547790527344,0.16650834679603577,-0.027144070714712143,0.5938249826431274,0.18538425862789154,0.11092396825551987,0.6038137078285217,0.22942642867565155,-0.02763144113123417,0.5932501554489136,0.23527374863624573,0.007771102245897055,0.6775128245353699,0.2602953314781189,-0.11571486294269562,0.594847559928894,0.29168128967285156,0.22119887173175812,0.5846868753433228,0.41094154119491577,-0.20232951641082764,0.5020753145217896,0.4100825786590576,0.246113583445549,0.4742251932621002,0.5067247748374939,-0.2050248384475708,0.41077128052711487,0.4967593848705292,0.15976181626319885,0.437267005443573,0.5473220944404602,-0.23324653506278992,0.38702866435050964,0.5267537832260132,0.14764665067195892,0.4303274154663086,0.5423393845558167,-0.22953471541404724,0.38668322563171387,0.5297139883041382,0.11370066553354263,0.4414061903953552,0.5276946425437927,-0.2024574726819992,0.39662155508995056,0.5241240859031677,0.13960182666778564,0.6977968811988831,0.6012381911277771,-0.10377174615859985,0.6433320045471191,0.599316418170929,0.10334867238998413,0.5793813467025757,0.46480220556259155,-0.33250701427459717,0.5164431929588318,0.4502824544906616,-0.03938433155417442,0.5071240663528442,0.7619465589523315,-0.455481618642807,0.4803445339202881,0.7428355813026428,-0.2370024025440216,0.5148190259933472,0.8410899043083191,-0.4665948450565338,0.4923795163631439,0.7923118472099304,-0.2580888271331787,0.41947728395462036,0.7918364405632019,-0.5651749968528748,0.41089510917663574,0.7529825568199158,-0.3306781053543091
0.5549011826515198,0.21286144852638245,-0.0494353249669075,0.5595501661300659,0.1843615174293518,-0.0570979006588459,0.564225435256958,0.18023735284805298,-0.05708165094256401,0.5689910650253296,0.1753021776676178,-0.056959368288517,0.5518767833709717,0.18818113207817078,-0.022554002702236176,0.5506161451339722,0.18757830560207367,-0.022586902603507042,0.5496755838394165,0.1869979202747345,-0.02272784151136875,0.5928817391395569,0.1666710376739502,-0.03825921565294266,0.5670468211174011,0.18170979619026184,0.11292213201522827,0.5712943077087402,0.22923514246940613,-0.04149121418595314,0.5617305040359497,0.23375219106674194,0.004988330416381359,0.643695592880249,0.2630087435245514,-0.13681168854236603,0.5709025859832764,0.29859140515327454,0.22941546142101288,0.5412545800209045,0.40183326601982117,-0.23611152172088623,0.471238911151886,0.4064883291721344,0.2568075358867645,0.41183266043663025,0.4982479512691498,-0.2266119420528412,0.37727564573287964,0.49945390224456787,0.17078173160552979,0.37971627712249756,0.5374956727027893,-0.25738295912742615,0.34732747077941895,0.5316480994224548,0.16057990491390228,0.37299644947052,0.5354945063591003,-0.24690790474414825,0.348078191280365,0.5370962023735046,0.12184460461139679,0.38587865233421326,0.524389922618866,-0.22260236740112305,0.3598725199699402,0.5329139828681946,0.14792987704277039,0.6775694489479065,0.6087400317192078,-0.10773048549890518,0.628466010093689,0.6144759058952332,0.10728752613067627,0.5624605417251587,0.45165833830833435,-0.37103113532066345,0.5091566443443298,0.4489423632621765,-0.032812707126140594,0.5060654282569885,0.7638664245605469,-0.5070269107818604,0.49461111426353455,0.7469128370285034,-0.2390139102935791,0.5138198137283325,0.8477022051811218,-0.5184062719345093,0.5067674517631531,0.7933855056762695,-0.2622000277042389,0.41738924384117126,0.7847500443458557,-0.6179758310317993,0.42109155654907227,0.7660406231880188,-0.34340929985046387
0.5250757336616516,0.21423515677452087,-0.0851544663310051,0.5297726392745972,0.1850331425666809,-0.09567511826753616,0.53382408618927,0.18164704740047455,-0.09566888958215714,0.5378493070602417,0.17754584550857544,-0.09555875509977341,0.5231260061264038,0.18804965913295746,-0.06283380836248398,0.5223425626754761,0.1875022053718567,-0.0629117339849472,0.5218093991279602,0.18689541518688202,-0.06303491443395615,0.563460111618042,0.16849850118160248,-0.09765012562274933,0.5414156317710876,0.18115955591201782,0.061208970844745636,0.5409806966781616,0.23210662603378296,-0.07767342776060104,0.5327068567276001,0.23496973514556885,-0.0346246100962162,0.6139601469039917,0.2642638087272644,-0.19369246065616608,0.5525067448616028,0.30105966329574585,0.18947909772396088,0.49413853883743286,0.4009830355644226,-0.2885580062866211,0.4479352831840515,0.4012523293495178,0.2177669256925583,0.36851125955581665,0.4857659935951233,-0.28579798340797424,0.3424990177154541,0.5002266764640808,0.1272478848695755,0.33503472805023193,0.5257750153541565,-0.32094481587409973,0.3171849846839905,0.5293766260147095,0.12177230417728424,0.32748547196388245,0.5233422517776489,-0.30346930027008057,0.31757140159606934,0.5350702404975891,0.07103893905878067,0.33922022581100464,0.512581467628479,-0.2785119414329529,0.3278588652610779,0.5303158164024353,0.09719128161668777,0.6590881943702698,0.6166718602180481,-0.10990647971630096,0.6138714551925659,0.6244967579841614,0.109505295753479,0.5418294072151184,0.4440130889415741,-0.31383854150772095,0.4869287610054016,0.4537757933139801,0.05409547686576843,0.49757957458496094,0.755573034286499,-0.37578827142715454,0.49004846811294556,0.7333199977874756,-0.08637763559818268,0.5060001611709595,0.8377615213394165,-0.38005125522613525,0.5068891644477844,0.7765481472015381,-0.10238782316446304,0.40434178709983826,0.786297619342804,-0.46647804975509644,0.4236760139465332,0.7589396238327026,-0.16936668753623962
0.5017091035842896,0.21572093665599823,-0.13670608401298523,0.5062789916992188,0.18586674332618713,-0.162091463804245,0.5100846290588379,0.1829480230808258,-0.16215309500694275,0.5137830972671509,0.17963600158691406,-0.1621083915233612,0.5004994869232178,0.18816861510276794,-0.1223195418715477,0.500028669834137,0.18766342103481293,-0.12240581214427948,0.4997677803039551,0.18695645034313202,-0.12248776853084564,0.5394195914268494,0.1694728583097458,-0.19349312782287598,0.5208911895751953,0.1791725754737854,-0.01656269282102585,0.517092227935791,0.23496341705322266,-0.1433323472738266,0.510102391242981,0.23649084568023682,-0.09156578034162521,0.5824693441390991,0.26667848229408264,-0.29600125551223755,0.543007493019104,0.30087152123451233,0.15112096071243286,0.4548184871673584,0.3973817229270935,-0.36240214109420776,0.4301353991031647,0.3977060914039612,0.1878797858953476,0.32569995522499084,0.48092544078826904,-0.3625560998916626,0.312017023563385,0.4900176227092743,0.11341995000839233,0.2911923825740814,0.5227578282356262,-0.4096270203590393,0.2845202088356018,0.5215426087379456,0.12284151464700699,0.28583356738090515,0.5229721665382385,-0.3862228989601135,0.2830412983894348,0.5278047919273376,0.07275386154651642,0.29463404417037964,0.5111678838729858,-0.3531189560890198,0.29164618253707886,0.5202188491821289,0.08806811273097992,0.6395739316940308,0.6181877255439758,-0.12933552265167236,0.6107036471366882,0.6239708662033081,0.12883926928043365,0.5140525698661804,0.4214911162853241,-0.1907636672258377,0.48128819465637207,0.43410518765449524,0.24427631497383118,0.47867125272750854,0.7422804832458496,-0.08941391855478287,0.49311012029647827,0.7021679878234863,0.28172099590301514,0.5032134056091309,0.8222011923789978,-0.07902584969997406,0.5094708204269409,0.7561262249946594,0.28401416540145874,0.3984317183494568,0.7363740801811218,-0.12360402196645737,0.42483824491500854,0.7391672730445862,0.26024192571640015
0.48893672227859497,0.21627643704414368,-0.16301453113555908,0.4941512644290924,0.1857847422361374,-0.18861854076385498,0.4972158968448639,0.1830090582370758,-0.18867100775241852,0.5011405944824219,0.17971326410770416,-0.1886315494775772,0.48924264311790466,0.18794335424900055,-0.14768502116203308,0.4891902804374695,0.18714286386966705,-0.1477513462305069,0.489316463470459,0.18604739010334015,-0.14782314002513885,0.5257474780082703,0.169772207736969,-0.22244711220264435,0.5106350779533386,0.17681987583637238,-0.03816090524196625,0.503238320350647,0.23575948178768158,-0.16952848434448242,0.49712198972702026,0.2369842529296875,-0.11625629663467407,0.562441349029541,0.2683333158493042,-0.3238796889781952,0.5417332053184509,0.29556432366371155,0.13612322509288788,0.4302660822868347,0.3931356966495514,-0.3908447027206421,0.4217901825904846,0.3996109962463379,0.16532248258590698,0.2942069172859192,0.4748994708061218,-0.3880903720855713,0.29370275139808655,0.488275945186615,0.0742080956697464,0.26459652185440063,0.5142310857772827,-0.43629732728004456,0.2663312554359436,0.5204203128814697,0.07589582353830338,0.2582162916660309,0.5120242834091187,-0.41002923250198364,0.26239845156669617,0.524357259273529,0.02501785382628441,0.26507681608200073,0.5007829666137695,-0.3776714503765106,0.2706283926963806,0.516217827796936,0.049306709319353104,0.6308285593986511,0.6208925247192383,-0.13753950595855713,0.6057029962539673,0.6252890825271606,0.13711944222450256,0.5008472800254822,0.41540494561195374,-0.19043320417404175,0.4718472361564636,0.4273689389228821,0.25135281682014465,0.4782141149044037,0.7321409583091736,-0.045136552304029465,0.493877112865448,0.697408139705658,0.3100249171257019,0.4955258369445801,0.8034542798995972,-0.029389208182692528,0.5101233720779419,0.7494341731071472,0.3152211904525757,0.4008932113647461,0.7271132469177246,-0.05102478712797165,0.4260841906070709,0.7346179485321045,0.30440855026245117
0.4876596927642822,0.2134110927581787,-0.09048323333263397,0.49253329634666443,0.18252572417259216,-0.1173369288444519,0.49605077505111694,0.17984481155872345,-0.11740536987781525,0.49957436323165894,0.17702919244766235,-0.11738801002502441,0.4879862666130066,0.18432483077049255,-0.07413766533136368,0.4879525601863861,0.18334634602069855,-0.07417125999927521,0.48808279633522034,0.1821201741695404,-0.07425955682992935,0.5249823927879333,0.16937880218029022,-0.169072687625885,0.5099353790283203,0.17427599430084229,0.027538994327187538,0.5009061098098755,0.23373955488204956,-0.10409766435623169,0.4950060248374939,0.23530542850494385,-0.0479046106338501,0.5655409693717957,0.2683551013469696,-0.2829914689064026,0.5363324880599976,0.2956743538379669,0.17420421540737152,0.43776431679725647,0.3871974050998688,-0.356787770986557,0.41893482208251953,0.40179070830345154,0.20430397987365723,0.2950928509235382,0.46684807538986206,-0.3487463593482971,0.2864427864551544,0.5030730366706848,0.12439769506454468,0.2612556219100952,0.506794810295105,-0.3943651020526886,0.2566536068916321,0.5165473222732544,0.1257512867450714,0.25469857454299927,0.5017843842506409,-0.36212852597236633,0.25185686349868774,0.5177605748176575,0.07992732524871826,0.263399600982666,0.4913085103034973,-0.33535733819007874,0.2614051103591919,0.507042646408081,0.09958066046237946,0.6337419152259827,0.6197027564048767,-0.1331464648246765,0.6004361510276794,0.6269229054450989,0.13259832561016083,0.4988982677459717,0.417910635471344,-0.21136002242565155,0.4627002775669098,0.42861366271972656,0.2277309149503708,0.48977357149124146,0.7303574681282043,-0.1314546912908554,0.4938723146915436,0.6994073987007141,0.20973360538482666,0.5116268396377563,0.7967337965965271,-0.11963964998722076,0.5180884599685669,0.7518136501312256,0.20780138671398163,0.4184478223323822,0.7478541135787964,-0.1442091166973114,0.43334007263183594,0.7481898665428162,0.18973954021930695
0.49838584661483765,0.21112488210201263,-0.11298128217458725,0.5038874745368958,0.1805984079837799,-0.13949738442897797,0.5073153972625732,0.17825056612491608,-0.13953718543052673,0.5116835832595825,0.1757449507713318,-0.13946856558322906,0.4986917972564697,0.1821506917476654,-0.09878239035606384,0.4983339309692383,0.18104898929595947,-0.09884949028491974,0.4980342388153076,0.17991401255130768,-0.09891726821660995,0.5379089117050171,0.16937102377414703,-0.17724624276161194,0.5194329023361206,0.1730445921421051,0.005292502697557211,0.5107839703559875,0.23212745785713196,-0.12111475318670273,0.504192054271698,0.2336042821407318,-0.06851101666688919,0.5765877962112427,0.26769909262657166,-0.2810014486312866,0.5401057004928589,0.28844699263572693,0.1690834015607834,0.4571623206138611,0.3807254731655121,-0.35070642828941345,0.4317464232444763,0.3987928032875061,0.21193715929985046,0.3132098317146301,0.453933447599411,-0.33592489361763,0.30891484022140503,0.4825144112110138,0.1308574378490448,0.2724778950214386,0.49920985102653503,-0.37935543060302734,0.27347761392593384,0.5033796429634094,0.13177445530891418,0.26515382528305054,0.4936974048614502,-0.3512600362300873,0.26914212107658386,0.5075293779373169,0.08755171298980713,0.2741498053073883,0.4826718270778656,-0.32355552911758423,0.2772490382194519,0.4984384775161743,0.10650371015071869,0.6385393738746643,0.6194989085197449,-0.1317589282989502,0.6032163500785828,0.6245809197425842,0.13119566440582275,0.5075709223747253,0.41947734355926514,-0.20331743359565735,0.4742615222930908,0.4306734800338745,0.21793849766254425,0.4970850944519043,0.7375326156616211,-0.1042911559343338,0.501594603061676,0.7027285099029541,0.17498764395713806,0.5116128325462341,0.8101152181625366,-0.09301882237195969,0.5300281643867493,0.7568260431289673,0.1687227338552475,0.41868311166763306,0.7559263706207275,-0.11264415085315704,0.45266634225845337,0.7736577987670898,0.14210842549800873
0.5418018102645874,0.20774446427822113,-0.03341522812843323,0.5471608638763428,0.1770874410867691,-0.04986152425408363,0.5517125725746155,0.17444561421871185,-0.0498599074780941,0.5571492314338684,0.1714121252298355,-0.04975523054599762,0.541064977645874,0.1782406121492386,-0.015281793661415577,0.5402793884277344,0.17714114487171173,-0.015338311903178692,0.5395500063896179,0.17607225477695465,-0.015431346371769905,0.5813305377960205,0.16679181158542633,-0.057987652719020844,0.5574011206626892,0.1716376692056656,0.09804122149944305,0.5548745393753052,0.22887049615383148,-0.03274035081267357,0.546423077583313,0.2295995056629181,0.012727528810501099,0.6247549057006836,0.26143163442611694,-0.16593176126480103,0.5653866529464722,0.2880793511867523,0.2368171513080597,0.5160893201828003,0.369281142950058,-0.24970808625221252,0.47153395414352417,0.3793657124042511,0.27899840474128723,0.38953080773353577,0.43569496273994446,-0.24219152331352234,0.3698960542678833,0.4461367726325989,0.18981648981571198,0.35158663988113403,0.47146639227867126,-0.2735459804534912,0.340900719165802,0.4717878997325897,0.18791528046131134,0.34575122594833374,0.46922263503074646,-0.2553402781486511,0.3390851616859436,0.47452718019485474,0.14828556776046753,0.35585030913352966,0.4598701000213623,-0.23351652920246124,0.34905892610549927,0.46920886635780334,0.16689199209213257,0.6617758274078369,0.6117697954177856,-0.12459758669137955,0.6196473836898804,0.6220583319664001,0.12404824793338776,0.5325098037719727,0.4248766303062439,-0.29274529218673706,0.4903047978878021,0.4666808247566223,0.12752306461334229,0.4966510236263275,0.763270914554596,-0.33325034379959106,0.4880145490169525,0.7343406677246094,0.01253443956375122,0.508538007736206,0.840782105922699,-0.33607569336891174,0.5019434094429016,0.7846264243125916,-0.0009862534934654832,0.4057198464870453,0.7746248245239258,-0.414841890335083,0.4158715307712555,0.7683175206184387,-0.05288930609822273
0.5898774266242981,0.2045954167842865,-0.004297476727515459,0.5942221879959106,0.17489038407802582,-0.013849492184817791,0.5985275506973267,0.17205213010311127,-0.013818630948662758,0.6036937832832336,0.16893915832042694,-0.013708293437957764,0.5886674523353577,0.17658136785030365,0.01845342107117176,0.5878989696502686,0.17557482421398163,0.018408607691526413,0.5871588587760925,0.1746329516172409,0.018288278952240944,0.6281193494796753,0.1654360592365265,-0.001060121227055788,0.6040812730789185,0.17147792875766754,0.14700117707252502,0.6025350093841553,0.22462572157382965,0.0032277298159897327,0.5943704843521118,0.22596634924411774,0.04607030376791954,0.6763177514076233,0.2562495172023773,-0.11280697584152222,0.5981561541557312,0.2937508523464203,0.26352453231811523,0.5735989809036255,0.3696534335613251,-0.26052290201187134,0.5063633322715759,0.37698477506637573,0.285918653011322,0.45408710837364197,0.42515310645103455,-0.3107036352157593,0.4151833653450012,0.4410102069377899,0.18133726716041565,0.41822710633277893,0.45402419567108154,-0.34488534927368164,0.39379727840423584,0.46266433596611023,0.15986081957817078,0.411898136138916,0.4478709399700165,-0.3391328454017639,0.3922668397426605,0.45944976806640625,0.1362561732530594,0.4229484498500824,0.4401983916759491,-0.3076976239681244,0.40093010663986206,0.4564714729785919,0.1562575399875641,0.6888169050216675,0.6088308095932007,-0.11826702207326889,0.6389578580856323,0.6177302002906799,0.11786208301782608,0.5610708594322205,0.4504452049732208,-0.34863021969795227,0.5107079744338989,0.4820703864097595,-0.007654835935682058,0.5027833580970764,0.7663301825523376,-0.4777640700340271,0.47741323709487915,0.752317488193512,-0.21327713131904602,0.5108224153518677,0.848810076713562,-0.48884740471839905,0.494799941778183,0.818601667881012,-0.23558492958545685,0.4150097966194153,0.7877113223075867,-0.5798877477645874,0.4115838408470154,0.7741528749465942,-0.3125587999820709
0.6374572515487671,0.20166651904582977,-0.03517581894993782,0.6419347524642944,0.17332510650157928,-0.0363650843501091,0.6463295817375183,0.17012570798397064,-0.03612221032381058,0.6511174440383911,0.16664162278175354,-0.035954419523477554,0.6357922554016113,0.17541266977787018,-0.020490285009145737,0.6349698901176453,0.1744026094675064,-0.02059119939804077,0.6341541409492493,0.17346680164337158,-0.020749177783727646,0.6736553907394409,0.16303053498268127,-0.03724976256489754,0.6487862467765808,0.16914846003055573,0.09448856860399246,0.6511937379837036,0.22222550213336945,-0.01926189474761486,0.6415221095085144,0.22401303052902222,0.01072907168418169,0.7244075536727905,0.2508986294269562,-0.1331149786710739,0.6380162835121155,0.27085646986961365,0.20879724621772766,0.6381067037582397,0.3647480309009552,-0.2658757269382477,0.5504289269447327,0.35626956820487976,0.22019772231578827,0.5310667157173157,0.4258503317832947,-0.32812371850013733,0.4695517122745514,0.4226534962654114,0.0714404433965683,0.5020486116409302,0.4517815113067627,-0.36153846979141235,0.4439984858036041,0.4419384002685547,0.05064290761947632,0.4926346242427826,0.444350928068161,-0.3585597574710846,0.44709914922714233,0.4416242241859436,0.022772636264562607,0.5028660893440247,0.4364832043647766,-0.3257449269294739,0.4568690359592438,0.4376347064971924,0.053303785622119904,0.7174432277679443,0.6003945469856262,-0.11620263010263443,0.6686170101165771,0.5886873602867126,0.11587904393672943,0.5816149711608887,0.463628351688385,-0.3230118155479431,0.5358468890190125,0.4661810100078583,-0.007784485816955566,0.5106044411659241,0.7647101283073425,-0.4347322881221771,0.47537827491760254,0.7458071112632751,-0.19854016602039337,0.514204204082489,0.8424002528190613,-0.44353121519088745,0.4892435669898987,0.8158087134361267,-0.2187204360961914,0.4304409921169281,0.7572051882743835,-0.5189993381500244,0.40870729088783264,0.7610740661621094,-0.2796759009361267
0.6867525577545166,0.19781765341758728,-0.008221843279898167,0.6926061511039734,0.17020300030708313,-0.009270832873880863,0.6974247694015503,0.1672450602054596,-0.009237697347998619,0.7030808329582214,0.1637156754732132,-0.009174879640340805,0.684686541557312,0.17218655347824097,0.010224363766610622,0.6834628582000732,0.17138399183750153,0.01014154963195324,0.682083249092102,0.17061671614646912,0.010025488212704659,0.7229932546615601,0.16051900386810303,0.030115952715277672,0.6939564347267151,0.166865736246109,0.12023849785327911,0.7014235258102417,0.21792377531528473,0.00906840804964304,0.6895262002944946,0.21959850192070007,0.03516699746251106,0.7688458561897278,0.24730762839317322,-0.06777287274599075,0.6812719106674194,0.2638404071331024,0.20752373337745667,0.692658007144928,0.3671051561832428,-0.20252028107643127,0.6009055972099304,0.3585485816001892,0.19713613390922546,0.584818959236145,0.4202916920185089,-0.28136417269706726,0.5236545205116272,0.4089198112487793,0.045925721526145935,0.5565853714942932,0.4448806643486023,-0.3083740770816803,0.49938488006591797,0.42747926712036133,0.023714981973171234,0.5503483414649963,0.4329772889614105,-0.31117767095565796,0.4986814558506012,0.42592954635620117,-0.002087142551317811,0.5588973760604858,0.4253573417663574,-0.28085857629776,0.5091549158096313,0.4232623279094696,0.028201768174767494,0.74652498960495,0.5919449329376221,-0.09912633895874023,0.6986981630325317,0.5766468048095703,0.09900321066379547,0.6102033853530884,0.48379042744636536,-0.3078773617744446,0.5642765760421753,0.4674800932407379,-0.09354518353939056,0.5156351327896118,0.7702909111976624,-0.47039684653282166,0.47453275322914124,0.7434954047203064,-0.32155466079711914,0.51695716381073,0.8427278399467468,-0.4836043417453766,0.47889381647109985,0.8151801228523254,-0.34533271193504333,0.42655277252197266,0.7680569887161255,-0.5640966296195984,0.40676355361938477,0.7387464642524719,-0.42352157831192017
0.7314860224723816,0.19759099185466766,-0.028595497831702232,0.7393335700035095,0.17007514834403992,-0.02226860076189041,0.7443936467170715,0.16745790839195251,-0.02227901481091976,0.7505158185958862,0.1642456352710724,-0.022278962656855583,0.7296448945999146,0.17217086255550385,-0.011654539033770561,0.7281709909439087,0.17155472934246063,-0.011740492656826973,0.7269051671028137,0.1709313839673996,-0.011838177219033241,0.7690088748931885,0.1618860810995102,0.01465020515024662,0.7377647161483765,0.1673314869403839,0.09147744625806808,0.745490550994873,0.2175622582435608,-0.004060587380081415,0.733393669128418,0.21941742300987244,0.010131608694791794,0.8119654655456543,0.24862566590309143,-0.0780327171087265,0.7230159640312195,0.2648200988769531,0.18073680996894836,0.7528820037841797,0.37119260430336,-0.21835222840309143,0.6453045606613159,0.36009979248046875,0.12671872973442078,0.6483827829360962,0.40792959928512573,-0.2960965633392334,0.5648887157440186,0.4003858268260956,-0.07472094893455505,0.6167353987693787,0.4347054064273834,-0.3225848376750946,0.5408228039741516,0.41433367133140564,-0.1116209626197815,0.6128073930740356,0.41994041204452515,-0.32814937829971313,0.5409036874771118,0.4116699993610382,-0.13369697332382202,0.6194061040878296,0.4126700162887573,-0.29680654406547546,0.5527165532112122,0.40987950563430786,-0.09246218949556351,0.7795587182044983,0.5888888239860535,-0.09546871483325958,0.7318454384803772,0.5700744390487671,0.09556139260530472,0.6366640329360962,0.5247961282730103,-0.22960643470287323,0.594389021396637,0.49174681305885315,-0.061009328812360764,0.5205386281013489,0.7767824530601501,-0.37074682116508484,0.48810291290283203,0.7466837763786316,-0.24697120487689972,0.5189781188964844,0.8440049886703491,-0.38123542070388794,0.4799281060695648,0.8108178973197937,-0.26638370752334595,0.44433754682540894,0.7535804510116577,-0.45048612356185913,0.40788084268569946,0.7211787104606628,-0.33166658878326416
0.7702301740646362,0.20229293406009674,-0.004377701319754124,0.7783974409103394,0.1752810925245285,-0.004875953774899244,0.7835131883621216,0.17308178544044495,-0.004890885204076767,0.7889668345451355,0.17097792029380798,-0.004906252957880497,0.7707393169403076,0.17906565964221954,0.01582758128643036,0.7695380449295044,0.17950408160686493,0.01576165482401848,0.7683060765266418,0.1799468845129013,0.01565747708082199,0.8087442517280579,0.17209696769714355,0.02913002111017704,0.7796078324317932,0.17823627591133118,0.12207776308059692,0.7823790311813354,0.22141887247562408,0.009552670642733574,0.7715969085693359,0.22404569387435913,0.036336787045001984,0.8535579442977905,0.265378475189209,-0.062113285064697266,0.7596737742424011,0.27003228664398193,0.19802100956439972,0.8156377077102661,0.3873775601387024,-0.19572141766548157,0.6802568435668945,0.36367979645729065,0.14491836726665497,0.7100487947463989,0.4046834409236908,-0.2790799140930176,0.6065740585327148,0.39774560928344727,-0.06699948757886887,0.6818408966064453,0.4262396991252899,-0.3103950023651123,0.5868290662765503,0.41045302152633667,-0.1074148565530777,0.6728463768959045,0.41365179419517517,-0.3124985098838806,0.5921897888183594,0.4055030345916748,-0.1277499943971634,0.681833803653717,0.4089655578136444,-0.2782706618309021,0.6005810499191284,0.40394455194473267,-0.08488123118877411,0.8101288676261902,0.5885337591171265,-0.09488852322101593,0.7602782249450684,0.563201367855072,0.09503845870494843,0.6609484553337097,0.5569686889648438,-0.21473857760429382,0.6293500661849976,0.5347168445587158,-0.0593259260058403,0.5241068601608276,0.7783823013305664,-0.34971022605895996,0.4995289742946625,0.7471732497215271,-0.24428705871105194,0.5205139517784119,0.8451025485992432,-0.3561576306819916,0.4827752113342285,0.7960686683654785,-0.2634964883327484,0.44523993134498596,0.738067090511322,-0.4260683059692383,0.4152974486351013,0.7101240754127502,-0.3321509063243866
0.7996145486831665,0.21711379289627075,0.07572268694639206,0.8065036535263062,0.1939690113067627,0.0799640566110611,0.8115676045417786,0.19079716503620148,0.07991184294223785,0.8170540928840637,0.18664777278900146,0.07982262969017029,0.7984229922294617,0.19684866070747375,0.10117282718420029,0.7971332669258118,0.19698284566402435,0.10117467492818832,0.7958407402038574,0.1972578912973404,0.10108520090579987,0.8388584852218628,0.18480779230594635,0.11811903864145279,0.8068162202835083,0.19645637273788452,0.21723926067352295,0.8127748370170593,0.23377302289009094,0.08949211984872818,0.8032734990119934,0.23672541975975037,0.11853890120983124,0.8894625902175903,0.2777872383594513,0.0469047948718071,0.7906825542449951,0.28951969742774963,0.2633057236671448,0.8684970140457153,0.42972898483276367,-0.036900296807289124,0.724674642086029,0.39110252261161804,0.23865735530853271,0.7700440883636475,0.4054509401321411,-0.1040617823600769,0.6535570025444031,0.39667126536369324,0.04695012792944908,0.7425218820571899,0.4184153378009796,-0.1300598531961441,0.6342589259147644,0.4067540466785431,0.00617885310202837,0.7383244633674622,0.4024275839328766,-0.13408677279949188,0.6355080008506775,0.4014977812767029,-0.0193629153072834,0.7473792433738708,0.40182316303253174,-0.1033584251999855,0.6439146399497986,0.40119048953056335,0.0271395705640316,0.8226121664047241,0.5688313245773315,-0.0866178348660469,0.7686383128166199,0.5353302359580994,0.08687250316143036,0.6859712600708008,0.604886531829834,-0.23546361923217773,0.6387609243392944,0.5578950047492981,-0.07228578627109528,0.5328351855278015,0.7880764603614807,-0.4269043803215027,0.49990734457969666,0.7491047382354736,-0.27997225522994995,0.5189311504364014,0.8535091876983643,-0.44269242882728577,0.482372522354126,0.8031668663024902,-0.302950918674469,0.4552486538887024,0.7500851154327393,-0.5285963416099548,0.41635918617248535,0.7087822556495667,-0.37537580728530884
0.8190153241157532,0.2339291274547577,0.08623529970645905,0.8266488909721375,0.2101621776819229,0.09331139177083969,0.8323047757148743,0.20823855698108673,0.09325116872787476,0.8381341695785522,0.20593827962875366,0.09309626370668411,0.8156735301017761,0.21307815611362457,0.11283490806818008,0.8127244114875793,0.2131718099117279,0.11288102716207504,0.8102930784225464,0.213638037443161,0.11282376945018768,0.8592076301574707,0.20723633468151093,0.1467350870370865,0.8195195198059082,0.21880215406417847,0.2408623993396759,0.8316450119018555,0.25263214111328125,0.10566148906946182,0.8188241720199585,0.2589687407016754,0.13328474760055542,0.9069366455078125,0.2933068871498108,0.09998446702957153,0.8005374670028687,0.3120634853839874,0.28540724515914917,0.9210993647575378,0.4652250111103058,0.005906798876821995,0.7590060234069824,0.4268745481967926,0.2500169277191162,0.8234399557113647,0.4090077579021454,-0.06953094154596329,0.7141357660293579,0.4069080352783203,0.05255972594022751,0.7954736948013306,0.41835179924964905,-0.09373815357685089,0.6986148953437805,0.40820854902267456,0.00881180725991726,0.7934908270835876,0.4025898277759552,-0.08860886842012405,0.6970547437667847,0.40101978182792664,-0.008640259504318237,0.7967270016670227,0.4017093777656555,-0.06507173925638199,0.7027310729026794,0.40128257870674133,0.03657495230436325,0.8242975473403931,0.5611546635627747,-0.0808592140674591,0.7663357257843018,0.5338465571403503,0.08105036616325378,0.6974013447761536,0.6119428277015686,-0.2656276822090149,0.645346999168396,0.5741068720817566,-0.10396476835012436,0.5304471254348755,0.7898762822151184,-0.4839218556880951,0.49992331862449646,0.7549314498901367,-0.3417927920818329,0.5141042470932007,0.8560206294059753,-0.5021712183952332,0.4804460108280182,0.822005569934845,-0.36781254410743713,0.4514278471469879,0.7601808905601501,-0.5881839990615845,0.41376709938049316,0.7081242799758911,-0.44419628381729126
0.822503387928009,0.23656854033470154,0.08822497725486755,0.8295964002609253,0.2124306559562683,0.08966217935085297,0.8346866369247437,0.21074756979942322,0.08959627896547318,0.8402179479598999,0.20886853337287903,0.08943986147642136,0.819555938243866,0.2142925262451172,0.11411421000957489,0.8173230886459351,0.2143314778804779,0.11415670812129974,0.8151532411575317,0.21478897333145142,0.11409851163625717,0.8610044717788696,0.21225768327713013,0.12586139142513275,0.8249711990356445,0.2206430286169052,0.2383478432893753,0.835732102394104,0.2563920319080353,0.1002916693687439,0.8241693377494812,0.26033326983451843,0.13426990807056427,0.9129961133003235,0.3048461079597473,0.08843116462230682,0.8099278211593628,0.31522852182388306,0.27925950288772583,0.9546439051628113,0.459734171628952,-0.01375252939760685,0.770797610282898,0.44673508405685425,0.2781888246536255,0.8721259236335754,0.40947210788726807,-0.09090020507574081,0.7438747882843018,0.41254866123199463,0.11388985067605972,0.8490545153617859,0.4133357107639313,-0.11582127958536148,0.7331727743148804,0.40901365876197815,0.07375191152095795,0.8426615595817566,0.3932185769081116,-0.10777048021554947,0.7344459295272827,0.3995271325111389,0.05574887990951538,0.8472632169723511,0.3949982821941376,-0.08541709929704666,0.7400029897689819,0.4007408916950226,0.09890864789485931,0.8192518353462219,0.5685932636260986,-0.08142246305942535,0.7628207802772522,0.534178614616394,0.08157574385404587,0.6939604878425598,0.6159947514533997,-0.2738293707370758,0.6452468633651733,0.5717783570289612,-0.11223852634429932,0.5279020071029663,0.7872707843780518,-0.488454669713974,0.499519407749176,0.7542022466659546,-0.3501400649547577,0.5091401934623718,0.8531056046485901,-0.5066235065460205,0.48115605115890503,0.8240530490875244,-0.37634164094924927,0.44335269927978516,0.7291408777236938,-0.5905108451843262,0.4162833094596863,0.7053490281105042,-0.4529387354850769
0.8202956318855286,0.23562411963939667,0.08105894178152084,0.8281168937683105,0.2114410549402237,0.08826319873332977,0.8333824276924133,0.20976600050926208,0.08821998536586761,0.8390640020370483,0.2077716886997223,0.08806683868169785,0.8167620897293091,0.21339598298072815,0.10811600834131241,0.8141819834709167,0.21335794031620026,0.1081460565328598,0.8118548393249512,0.2136850357055664,0.10807511955499649,0.8587747812271118,0.21028487384319305,0.1533554494380951,0.8207780718803406,0.21891620755195618,0.24516451358795166,0.8333871960639954,0.25443562865257263,0.10211686044931412,0.8207069635391235,0.2583043575286865,0.13007712364196777,0.9078469276428223,0.30672165751457214,0.1284690648317337,0.8058775663375854,0.315317839384079,0.2866951823234558,0.964350700378418,0.44564366340637207,0.03054255247116089,0.7702676057815552,0.44197705388069153,0.26082301139831543,0.8982798457145691,0.44454386830329895,-0.04373873397707939,0.7549535632133484,0.41528037190437317,0.06262652575969696,0.8779839277267456,0.44696253538131714,-0.06599265336990356,0.7468351125717163,0.4155387580394745,0.01671791449189186,0.8689466714859009,0.42412248253822327,-0.059755921363830566,0.751228928565979,0.4053340554237366,0.008349482901394367,0.873945415019989,0.4272623360157013,-0.03962140902876854,0.7561475038528442,0.4057636260986328,0.052887629717588425,0.8172169923782349,0.5752256512641907,-0.07870565354824066,0.7605211734771729,0.5343848466873169,0.07875806838274002,0.6923984885215759,0.6187883019447327,-0.24897125363349915,0.6452802419662476,0.5703710913658142,-0.10116424411535263,0.5258337259292603,0.7843884229660034,-0.4702985882759094,0.5022445917129517,0.7531200647354126,-0.32860371470451355,0.5075277090072632,0.85200035572052,-0.4897560477256775,0.4879227578639984,0.8300418257713318,-0.3535308539867401,0.4379059374332428,0.7293881177902222,-0.569773256778717,0.4206327497959137,0.7053991556167603,-0.4255608022212982
0.8170523643493652,0.23391637206077576,0.08612088859081268,0.8247686624526978,0.20945917069911957,0.09725096076726913,0.8300715684890747,0.207389697432518,0.09720729291439056,0.8357372283935547,0.20551541447639465,0.09704951196908951,0.8134667277336121,0.21202602982521057,0.11519227176904678,0.8109660148620605,0.21230879426002502,0.11524498462677002,0.8087348937988281,0.2127636820077896,0.11519329249858856,0.8549569249153137,0.20880021154880524,0.16891592741012573,0.818315327167511,0.2178204208612442,0.2533119320869446,0.830994725227356,0.25328949093818665,0.11029553413391113,0.8182681798934937,0.25722506642341614,0.13592621684074402,0.9048735499382019,0.30440008640289307,0.13518698513507843,0.8029940724372864,0.3122493624687195,0.2916392683982849,0.9552008509635925,0.4354419708251953,0.0412115640938282,0.765487790107727,0.4371841549873352,0.2501867413520813,0.8765401840209961,0.44212403893470764,-0.0318305566906929,0.7483175992965698,0.416288286447525,0.03916526585817337,0.8524680137634277,0.438235342502594,-0.055632151663303375,0.7410292029380798,0.4176963269710541,-0.008306791074573994,0.8448615074157715,0.4160754382610321,-0.048760998994112015,0.7457996606826782,0.4059143364429474,-0.016526641324162483,0.8499019742012024,0.4158301055431366,-0.02676226571202278,0.7510015964508057,0.40716424584388733,0.028915327042341232,0.8171094059944153,0.565401017665863,-0.07839061319828033,0.7608026266098022,0.5304317474365234,0.07844103872776031,0.6941002607345581,0.6181957125663757,-0.24992692470550537,0.6461634635925293,0.5694642663002014,-0.0958753377199173,0.5257101058959961,0.7849646806716919,-0.4790271818637848,0.5046578645706177,0.7506340742111206,-0.3337736129760742,0.5073058009147644,0.8528839349746704,-0.49827462434768677,0.4935832619667053,0.8258236646652222,-0.35973089933395386,0.438007116317749,0.7430624961853027,-0.578052818775177,0.4217836260795593,0.7074480056762695,-0.429100900888443
0.8127851486206055,0.23319761455059052,0.0734512060880661,0.8190542459487915,0.2085447907447815,0.08287002146244049,0.824233889579773,0.20655806362628937,0.08280634880065918,0.8294746279716492,0.20447827875614166,0.08264387398958206,0.8075612783432007,0.2115633189678192,0.10122354328632355,0.8046234250068665,0.21183393895626068,0.1012679934501648,0.8018600344657898,0.21232835948467255,0.10124508291482925,0.8483482599258423,0.20451787114143372,0.14870968461036682,0.8100519180297852,0.21728013455867767,0.2358260601758957,0.8276314735412598,0.2521522641181946,0.09698614478111267,0.8144213557243347,0.25655612349510193,0.12301275879144669,0.9015897512435913,0.29567840695381165,0.1252756416797638,0.7986090183258057,0.3112304210662842,0.28435373306274414,0.9512686729431152,0.4375816285610199,0.02890218235552311,0.7628589272499084,0.4429594576358795,0.24492964148521423,0.8706613779067993,0.4356003701686859,-0.044036753475666046,0.741094708442688,0.41587120294570923,0.03466465696692467,0.8463411331176758,0.43952682614326477,-0.0678550973534584,0.7324725389480591,0.4153825044631958,-0.010989943519234657,0.8373473882675171,0.4195820689201355,-0.06268537044525146,0.7356383800506592,0.40144872665405273,-0.022021042183041573,0.842392086982727,0.4169650971889496,-0.03867412358522415,0.7408878207206726,0.40242907404899597,0.022541066631674767,0.8174347877502441,0.5662244558334351,-0.07898399978876114,0.7606406807899475,0.5347528457641602,0.07904235273599625,0.691922128200531,0.621292769908905,-0.26065176725387573,0.6435225605964661,0.5730209946632385,-0.1021978110074997,0.5239689350128174,0.7862606644630432,-0.4754411280155182,0.5003039836883545,0.7530969977378845,-0.3393474221229553,0.5070416331291199,0.8539941310882568,-0.4932405352592468,0.48752111196517944,0.8284044861793518,-0.3649595379829407,0.4370567798614502,0.7436071634292603,-0.5732728242874146,0.41248053312301636,0.7077394723892212,-0.43889889121055603
0.8016931414604187,0.2326507717370987,0.05445141717791557,0.8073927760124207,0.20758172869682312,0.061972517520189285,0.8117548823356628,0.20567446947097778,0.06189476698637009,0.8175323605537415,0.2029268890619278,0.0617138147354126,0.7951251864433289,0.2110084593296051,0.08008389174938202,0.7919623255729675,0.21156316995620728,0.08013410866260529,0.7886600494384766,0.21209916472434998,0.08011599630117416,0.8364030718803406,0.1993660181760788,0.1215469017624855,0.7957832217216492,0.21617825329303741,0.2109905481338501,0.8159112930297852,0.25105956196784973,0.07698743790388107,0.8022699356079102,0.25618740916252136,0.10324615240097046,0.8923789262771606,0.2865082919597626,0.10136830806732178,0.7870282530784607,0.3110996186733246,0.26631057262420654,0.9407913088798523,0.4409163296222687,0.023041054606437683,0.7520037889480591,0.44378721714019775,0.23092249035835266,0.8377453088760376,0.43541213870048523,-0.05706607550382614,0.7224021553993225,0.41764211654663086,0.019679643213748932,0.8096694946289062,0.44954654574394226,-0.08041208237409592,0.7097376585006714,0.41578713059425354,-0.0258428156375885,0.8022266626358032,0.42840462923049927,-0.0750255435705185,0.7118875980377197,0.40061044692993164,-0.03712793067097664,0.807500958442688,0.42549464106559753,-0.05177184194326401,0.7184902429580688,0.4025372862815857,0.007315739057958126,0.817874550819397,0.5645639896392822,-0.08095984905958176,0.7601332068443298,0.5393073558807373,0.08102139830589294,0.6912940740585327,0.6209411025047302,-0.2794044017791748,0.6388110518455505,0.5739383101463318,-0.10440629720687866,0.5235705375671387,0.7904080748558044,-0.4944237172603607,0.4967525899410248,0.7610406875610352,-0.35064762830734253,0.5067368745803833,0.8595558404922485,-0.5116806626319885,0.4778803288936615,0.832228422164917,-0.37649407982826233,0.4376908242702484,0.7459297776222229,-0.5922311544418335,0.4111475944519043,0.7122789025306702,-0.44655776023864746
0.7925927042961121,0.23042121529579163,0.0361052080988884,0.7967116236686707,0.20477856695652008,0.040342412889003754,0.8012576103210449,0.20255376398563385,0.04026402160525322,0.8062575459480286,0.19945695996284485,0.04013877734541893,0.7853342294692993,0.20923173427581787,0.05778886750340462,0.7823585271835327,0.21001163125038147,0.05779389292001724,0.779295802116394,0.2108229547739029,0.057746522128582,0.8226369023323059,0.1951412856578827,0.09362044185400009,0.7856992483139038,0.21472866833209991,0.17900441586971283,0.8074324727058411,0.24722258746623993,0.058123327791690826,0.7941014170646667,0.255186527967453,0.08319298923015594,0.8801018595695496,0.28342291712760925,0.05871667340397835,0.7776444554328918,0.3095378577709198,0.24270331859588623,0.8967577219009399,0.4520910084247589,-0.021630652248859406,0.72935950756073,0.43169987201690674,0.21060769259929657,0.8022469282150269,0.4451432228088379,-0.11014796793460846,0.6901088953018188,0.4230334460735321,0.006644732318818569,0.7726844549179077,0.46588706970214844,-0.1377834677696228,0.6739787459373474,0.4319192171096802,-0.03803011029958725,0.7679821848869324,0.4476933777332306,-0.1381412148475647,0.6767498254776001,0.4186701774597168,-0.054447103291749954,0.7722105383872986,0.44042709469795227,-0.10813741385936737,0.6836455464363098,0.41785699129104614,-0.008436508476734161,0.8146814107894897,0.568619430065155,-0.0814872607588768,0.7553178668022156,0.5447959303855896,0.08165967464447021,0.6876628994941711,0.6237683892250061,-0.28375858068466187,0.6361278295516968,0.5745067000389099,-0.12226156145334244,0.5238279104232788,0.791645884513855,-0.4953109323978424,0.4927096366882324,0.7627562880516052,-0.365902304649353,0.5068546533584595,0.8577247858047485,-0.5128141641616821,0.47206196188926697,0.8282235264778137,-0.3913067877292633,0.4393039345741272,0.7520862221717834,-0.5987803339958191,0.41056156158447266,0.7130428552627563,-0.46463078260421753
0.7780426740646362,0.2225269377231598,-0.021106773987412453,0.7831992506980896,0.19798804819583893,-0.017269764095544815,0.7876290678977966,0.19512245059013367,-0.017317116260528564,0.792803943157196,0.19119121134281158,-0.01737237349152565,0.772373378276825,0.20347684621810913,-0.0005151782534085214,0.7697577476501465,0.20423872768878937,-0.0005348788108676672,0.7674568891525269,0.20501740276813507,-0.0006049463408999145,0.8096240758895874,0.18413853645324707,0.03228338062763214,0.774573802947998,0.20560035109519958,0.11208982765674591,0.7918356657028198,0.23760433495044708,-0.0010232474887743592,0.7802220582962036,0.24575142562389374,0.022523950785398483,0.8667566180229187,0.2676205337047577,-0.021819304674863815,0.7638561129570007,0.30409467220306396,0.19329726696014404,0.868547797203064,0.44322311878204346,-0.10361398756504059,0.6989766359329224,0.41815730929374695,0.13510987162590027,0.7579039335250854,0.46659305691719055,-0.18836142122745514,0.6490534543991089,0.43160390853881836,-0.09250931441783905,0.7249251008033752,0.5014373064041138,-0.21899303793907166,0.6349314451217651,0.45068180561065674,-0.13941505551338196,0.7172901034355164,0.482157438993454,-0.2256423681974411,0.6362788081169128,0.4427649974822998,-0.15649017691612244,0.7237895727157593,0.47354215383529663,-0.1885475218296051,0.6429972648620605,0.4395640194416046,-0.10890904814004898,0.8145304918289185,0.5686016082763672,-0.08413907885551453,0.7564590573310852,0.5472962856292725,0.08444719016551971,0.6879082918167114,0.6038565039634705,-0.24887895584106445,0.6368688941001892,0.576884925365448,-0.11202862113714218,0.5237528085708618,0.7884101867675781,-0.41195282340049744,0.493906170129776,0.7580841779708862,-0.31252142786979675,0.5102753043174744,0.8555249571800232,-0.4262417256832123,0.4732864797115326,0.8069518208503723,-0.33413711190223694,0.4429400563240051,0.7572610378265381,-0.5185074210166931,0.41464537382125854,0.7076338529586792,-0.40658101439476013
0.7635127902030945,0.21739181876182556,-0.05177770182490349,0.768297553062439,0.19012871384620667,-0.046732984483242035,0.7737592458724976,0.18477290868759155,-0.0467640683054924,0.7794703841209412,0.17902514338493347,-0.04679889231920242,0.7573631405830383,0.19859112799167633,-0.03144076466560364,0.7547025084495544,0.1996665596961975,-0.03148505836725235,0.7524718046188354,0.20074614882469177,-0.03157370537519455,0.7963902354240417,0.17416924238204956,0.008150126785039902,0.7596390843391418,0.1987566202878952,0.07903175055980682,0.7782973051071167,0.231815904378891,-0.029927197843790054,0.7655931711196899,0.23686601221561432,-0.009107904508709908,0.8504894971847534,0.2657231390476227,-0.06429857760667801,0.750628650188446,0.2995600998401642,0.16760137677192688,0.8282195329666138,0.43893495202064514,-0.16968470811843872,0.6825028657913208,0.4094051718711853,0.11180076748132706,0.723789632320404,0.48024940490722656,-0.24491462111473083,0.6217318177223206,0.4435054659843445,-0.09825009852647781,0.6949483156204224,0.5133591890335083,-0.27503541111946106,0.607016921043396,0.46461257338523865,-0.14048074185848236,0.6884024739265442,0.4976333677768707,-0.2763507664203644,0.6110652685165405,0.4575783312320709,-0.15883085131645203,0.694961428642273,0.4858251214027405,-0.2436310350894928,0.6175900101661682,0.45390287041664124,-0.11481038480997086,0.8145636320114136,0.5813676714897156,-0.08735615015029907,0.7595542669296265,0.5619688034057617,0.087724968791008,0.6758722066879272,0.5928018093109131,-0.19671496748924255,0.6356909275054932,0.578548789024353,-0.06950341910123825,0.5248149633407593,0.7871406674385071,-0.31533703207969666,0.4979599118232727,0.7584092617034912,-0.22923412919044495,0.5133156776428223,0.8548405170440674,-0.3253440260887146,0.48051008582115173,0.804060697555542,-0.2463006228208542,0.44057369232177734,0.7724517583847046,-0.40976935625076294,0.42080649733543396,0.7078554630279541,-0.31473052501678467
0.7445012927055359,0.21585263311862946,-0.05672180652618408,0.7482794523239136,0.1876019835472107,-0.053728263825178146,0.753492534160614,0.18181097507476807,-0.053749363869428635,0.7596325278282166,0.17522554099559784,-0.05376390367746353,0.7375921607017517,0.19704538583755493,-0.03768163174390793,0.7351199388504028,0.1984277367591858,-0.037739671766757965,0.7330934405326843,0.19973042607307434,-0.03781478479504585,0.7784863710403442,0.16895192861557007,-0.004791887477040291,0.7406181693077087,0.1963343769311905,0.06855051219463348,0.7596268653869629,0.2303151935338974,-0.03674338385462761,0.747397243976593,0.2345319390296936,-0.015229853801429272,0.8352246284484863,0.2655866742134094,-0.08993593603372574,0.7366137504577637,0.2928074300289154,0.1595492660999298,0.7984308004379272,0.42556217312812805,-0.1967667043209076,0.6678842902183533,0.4005882740020752,0.09210331737995148,0.6934142708778381,0.48724737763404846,-0.25285810232162476,0.6019078493118286,0.4455856680870056,-0.12812501192092896,0.6583690643310547,0.5208673477172852,-0.2827168107032776,0.5832056403160095,0.4681742489337921,-0.17022821307182312,0.6503309607505798,0.5076482892036438,-0.2842734456062317,0.5850025415420532,0.46507611870765686,-0.18897698819637299,0.6571475863456726,0.49809345602989197,-0.251154363155365,0.5940019488334656,0.4616408944129944,-0.14519676566123962,0.8143057823181152,0.579628586769104,-0.08954332023859024,0.760075032711029,0.5618948936462402,0.08990740031003952,0.6722482442855835,0.5786144733428955,-0.22335262596607208,0.6288126707077026,0.5743898749351501,-0.09770619124174118,0.5320305228233337,0.7754789590835571,-0.36993664503097534,0.5007573366165161,0.7539096474647522,-0.2679964005947113,0.520821213722229,0.8485322594642639,-0.3827349543571472,0.4903841018676758,0.8025173544883728,-0.2830531597137451,0.4513770043849945,0.76994389295578,-0.47008076310157776,0.42518872022628784,0.7141608595848083,-0.3596203029155731
0.7244722247123718,0.2158215045928955,-0.07267498224973679,0.7279430627822876,0.18735326826572418,-0.07134148478507996,0.7334708571434021,0.18126969039440155,-0.07135681807994843,0.7395305633544922,0.1746194064617157,-0.0713694617152214,0.7168338894844055,0.1967131346464157,-0.05539960786700249,0.7141393423080444,0.19808262586593628,-0.05546509474515915,0.7119706869125366,0.19941800832748413,-0.05554821342229843,0.7590925693511963,0.16646115481853485,-0.019661366939544678,0.7208493947982788,0.19468045234680176,0.05359969660639763,0.7398657202720642,0.22983983159065247,-0.05090099573135376,0.7273421883583069,0.23460833728313446,-0.029472816735506058,0.8147552609443665,0.2615394592285156,-0.10365466773509979,0.7143409252166748,0.28760358691215515,0.14619997143745422,0.7730252742767334,0.4153991639614105,-0.22795648872852325,0.6442475318908691,0.3994355797767639,0.07926831394433975,0.664355456829071,0.4992236793041229,-0.29733115434646606,0.5764089822769165,0.45161470770835876,-0.13894519209861755,0.6355904936790466,0.5342122316360474,-0.3294880986213684,0.5585139393806458,0.4762662649154663,-0.18203303217887878,0.6271376609802246,0.5194767117500305,-0.33234938979148865,0.5597054958343506,0.4740053713321686,-0.20298060774803162,0.6307703852653503,0.5088071823120117,-0.2966821789741516,0.5678554177284241,0.4687292277812958,-0.15649354457855225,0.8040879368782043,0.5846244096755981,-0.09008060395717621,0.7500029802322388,0.568355917930603,0.09044831246137619,0.6635650396347046,0.5513012409210205,-0.2443232238292694,0.6108570694923401,0.5284082889556885,-0.13133397698402405,0.534821093082428,0.7654730081558228,-0.39857345819473267,0.5007718205451965,0.753322958946228,-0.33706480264663696,0.5268787145614624,0.8373399376869202,-0.4108515679836273,0.49127665162086487,0.8131551146507263,-0.3574513792991638,0.4533456265926361,0.7764315009117126,-0.49198928475379944,0.4245080351829529,0.7223161458969116,-0.4355737566947937
0.7049680948257446,0.21801437437534332,-0.08058729767799377,0.7079121470451355,0.18784739077091217,-0.07958727329969406,0.7131262421607971,0.1817779541015625,-0.07960013300180435,0.718841552734375,0.17513081431388855,-0.07959936559200287,0.6972454190254211,0.19690318405628204,-0.06438757479190826,0.6941325664520264,0.19810627400875092,-0.06445155292749405,0.6914593577384949,0.19924122095108032,-0.06454132497310638,0.738240659236908,0.16639909148216248,-0.028871962800621986,0.7007917165756226,0.193551167845726,0.041685428470373154,0.7201014161109924,0.2314973771572113,-0.05861283466219902,0.7080484628677368,0.23667381703853607,-0.03780164569616318,0.7928542494773865,0.2607969045639038,-0.10451729595661163,0.6942095756530762,0.28687575459480286,0.1345311552286148,0.7357387542724609,0.4105245769023895,-0.21846814453601837,0.6170799732208252,0.399200439453125,0.10641495138406754,0.6330649852752686,0.5044882297515869,-0.2903464138507843,0.5436545014381409,0.46417367458343506,-0.028752928599715233,0.6063233613967896,0.5372427701950073,-0.32166463136672974,0.5264290571212769,0.48935872316360474,-0.056669436395168304,0.5994726419448853,0.5250701308250427,-0.32338017225265503,0.5275049805641174,0.4863320291042328,-0.08051743358373642,0.6059865355491638,0.5122885704040527,-0.28938204050064087,0.5339547395706177,0.48141589760780334,-0.0449848398566246,0.7897306084632874,0.5876085162162781,-0.0894194096326828,0.7373489737510681,0.5699314475059509,0.08972574770450592,0.6485664248466492,0.5302896499633789,-0.26657772064208984,0.5985949039459229,0.5130689740180969,-0.10670988261699677,0.5357128381729126,0.7638563513755798,-0.4191175103187561,0.49838367104530334,0.7541367411613464,-0.3179626166820526,0.5296305418014526,0.8366121649742126,-0.43164563179016113,0.4946817457675934,0.8137423396110535,-0.33909720182418823,0.4618373513221741,0.7844730019569397,-0.5165271162986755,0.42198067903518677,0.7312303185462952,-0.40464287996292114
0.6784185171127319,0.21745385229587555,-0.028715649619698524,0.6820617318153381,0.18717415630817413,-0.025746619328856468,0.6865721344947815,0.18145163357257843,-0.025710273534059525,0.6923609972000122,0.1751006692647934,-0.025656376034021378,0.6715705990791321,0.1955868899822235,-0.008350202813744545,0.6690701246261597,0.1966736614704132,-0.008438172750175,0.6667335033416748,0.19746609032154083,-0.008569215424358845,0.7128840088844299,0.16556239128112793,0.025747764855623245,0.6763737797737122,0.19091485440731049,0.10651031881570816,0.6936160922050476,0.23131650686264038,-0.007638557814061642,0.6833831667900085,0.23715005815029144,0.015858080238103867,0.7693046927452087,0.2609619200229645,-0.06901505589485168,0.6715472340583801,0.2873712182044983,0.19433212280273438,0.6989765167236328,0.41079339385032654,-0.18866953253746033,0.5854694843292236,0.4005897045135498,0.16457590460777283,0.5950902700424194,0.5039510726928711,-0.25296616554260254,0.5151572227478027,0.4679368734359741,0.015787307173013687,0.5692840814590454,0.5359397530555725,-0.281006783246994,0.49840712547302246,0.4950113892555237,-0.01180163212120533,0.5603981018066406,0.5272782444953918,-0.28219732642173767,0.4975977838039398,0.4955537021160126,-0.03232689946889877,0.5686659812927246,0.5143361687660217,-0.25259360671043396,0.5044690370559692,0.48982101678848267,0.0004536428605206311,0.7711744904518127,0.5907787084579468,-0.09412093460559845,0.7174072861671448,0.5735179781913757,0.09407748281955719,0.6287918090820312,0.5069499015808105,-0.2889723479747772,0.5839633941650391,0.48957255482673645,-0.1060233935713768,0.5258039236068726,0.7615754008293152,-0.4562336504459381,0.4951917231082916,0.7573015093803406,-0.33641207218170166,0.5263243317604065,0.8381004929542542,-0.4692862629890442,0.49392375349998474,0.8186104893684387,-0.35943228006362915,0.43773317337036133,0.7713950872421265,-0.5543863773345947,0.41850748658180237,0.7302932739257812,-0.43820738792419434
0.6490468978881836,0.2134457528591156,-0.07385970652103424,0.6537339091300964,0.18394510447978973,-0.07372720539569855,0.6583679914474487,0.1792527139186859,-0.0736459419131279,0.664249062538147,0.17340776324272156,-0.07353456318378448,0.6433988809585571,0.19026494026184082,-0.05536853149533272,0.6411746144294739,0.19085611402988434,-0.05547531694173813,0.6391199827194214,0.1912834197282791,-0.055616140365600586,0.68470299243927,0.16424210369586945,-0.030401859432458878,0.6484161615371704,0.18575537204742432,0.05448192358016968,0.6642739772796631,0.2289474904537201,-0.055488862097263336,0.6544544100761414,0.23579995334148407,-0.030747268348932266,0.7423913478851318,0.2613429129123688,-0.10876189172267914,0.6460384130477905,0.2878526449203491,0.15187190473079681,0.6638442277908325,0.41268640756607056,-0.20182576775550842,0.5592900514602661,0.40565910935401917,0.1650998294353485,0.5640734434127808,0.4905349612236023,-0.24038927257061005,0.4815293252468109,0.47593820095062256,0.06634779274463654,0.5369744896888733,0.5289750695228577,-0.2688738703727722,0.463470458984375,0.5046044588088989,0.04911864548921585,0.5305007100105286,0.522380530834198,-0.26928645372390747,0.462745726108551,0.5060446262359619,0.024313248693943024,0.5416377186775208,0.5076137185096741,-0.24042406678199768,0.471520334482193,0.5009399056434631,0.051556311547756195,0.7456464171409607,0.5946827530860901,-0.09644211828708649,0.6941292881965637,0.5806562900543213,0.09617368131875992,0.610903263092041,0.4813650846481323,-0.28150674700737,0.5620811581611633,0.47538959980010986,-0.018026946112513542,0.5176523923873901,0.7573063969612122,-0.3812146782875061,0.48927515745162964,0.7430779933929443,-0.19279679656028748,0.5224181413650513,0.8339692950248718,-0.3894612491130829,0.4932231307029724,0.8184041976928711,-0.2116282433271408,0.4345259666442871,0.7452940940856934,-0.459423303604126,0.4148339629173279,0.7338076233863831,-0.2692546248435974
0.6158770322799683,0.20653554797172546,-0.03586357831954956,0.6213710308074951,0.17849065363407135,-0.035704027861356735,0.6253628730773926,0.17475415766239166,-0.03563471883535385,0.6301525235176086,0.16986265778541565,-0.03552844375371933,0.6129978895187378,0.1837845742702484,-0.015356163494288921,0.611538290977478,0.18385496735572815,-0.01545741967856884,0.6102644801139832,0.18397752940654755,-0.015601368620991707,0.6516655683517456,0.16333433985710144,-0.003721523331478238,0.6242132186889648,0.1789105236530304,0.09874966740608215,0.6321165561676025,0.22335992753505707,-0.02412271685898304,0.6221166849136353,0.23013757169246674,0.006223786156624556,0.7101648449897766,0.26340174674987793,-0.09857411682605743,0.617078423500061,0.2901265323162079,0.19318348169326782,0.6259146332740784,0.41818076372146606,-0.1844961941242218,0.5296992063522339,0.4061761200428009,0.21855318546295166,0.5186792612075806,0.4958341419696808,-0.2109237164258957,0.4415678083896637,0.48702940344810486,0.13066622614860535,0.4898771643638611,0.5339455008506775,-0.23662009835243225,0.42284446954727173,0.5160688161849976,0.11610592901706696,0.48188701272010803,0.530175507068634,-0.23678934574127197,0.42218366265296936,0.5177693367004395,0.08491024374961853,0.4896925389766693,0.5145342350006104,-0.20979905128479004,0.4306100010871887,0.511951208114624,0.11174635589122772,0.722030520439148,0.5975169539451599,-0.10190914571285248,0.6688482165336609,0.5890989303588867,0.101417675614357,0.5862833261489868,0.4681072235107422,-0.30149972438812256,0.5349959135055542,0.4666443169116974,-0.010189437307417393,0.5130345821380615,0.7631121277809143,-0.41911935806274414,0.47703099250793457,0.7400237917900085,-0.19297802448272705,0.5190929770469666,0.8433092832565308,-0.42843395471572876,0.4877089858055115,0.8116463422775269,-0.21227321028709412,0.43241602182388306,0.7764794230461121,-0.508080244064331,0.40989255905151367,0.7413008809089661,-0.27107030153274536
0.5833171606063843,0.20540177822113037,-0.07776898145675659,0.588864803314209,0.1773383915424347,-0.081859290599823,0.5934990048408508,0.1736743003129959,-0.08179785311222076,0.598106861114502,0.16924349963665009,-0.0816851481795311,0.5809801816940308,0.18184399604797363,-0.05542585998773575,0.5796377658843994,0.18162892758846283,-0.055512361228466034,0.5785388946533203,0.18140317499637604,-0.05565197020769119,0.6220625638961792,0.1633831262588501,-0.057396672666072845,0.5943773984909058,0.17726844549179077,0.06473051011562347,0.5983770489692688,0.22201921045780182,-0.06678754836320877,0.5880516767501831,0.22704042494297028,-0.0314737930893898,0.67808997631073,0.2654322683811188,-0.14400537312030792,0.5902997851371765,0.2904380261898041,0.17330871522426605,0.5858895182609558,0.4123679995536804,-0.22269394993782043,0.49951881170272827,0.4026264250278473,0.20466439425945282,0.4697110652923584,0.5022250413894653,-0.22094210982322693,0.408646821975708,0.4865773022174835,0.11608387529850006,0.4347328543663025,0.5356013774871826,-0.24924735724925995,0.38066381216049194,0.5155519247055054,0.10251448303461075,0.42587152123451233,0.5314299464225769,-0.2449599951505661,0.38561174273490906,0.51839679479599,0.06855614483356476,0.43569454550743103,0.5184158682823181,-0.2176811397075653,0.39568209648132324,0.5134975910186768,0.09616886079311371,0.6962047815322876,0.6033753752708435,-0.10234396159648895,0.6409310102462769,0.599327027797699,0.10190504789352417,0.575543999671936,0.4641334116458893,-0.3039568364620209,0.5199616551399231,0.4468502402305603,-0.01844683662056923,0.5081402063369751,0.7588772177696228,-0.3975828289985657,0.483828067779541,0.7469972372055054,-0.18404679000377655,0.5154023170471191,0.8411880731582642,-0.4055963158607483,0.49483251571655273,0.8005670309066772,-0.2017851322889328,0.4229286313056946,0.7699823379516602,-0.49307137727737427,0.41263547539711,0.7470118403434753,-0.272688627243042
0.5517578125,0.2051972895860672,-0.07190698385238647,0.5576051473617554,0.17710140347480774,-0.08170869946479797,0.562451183795929,0.1738729178905487,-0.0817301794886589,0.5675473213195801,0.16983066499233246,-0.0816592127084732,0.5488414764404297,0.18114244937896729,-0.047248467803001404,0.5474363565444946,0.1807911992073059,-0.04726652055978775,0.5464207530021667,0.1804017871618271,-0.04738851636648178,0.5927314162254333,0.16420477628707886,-0.07084639370441437,0.5639850497245789,0.17689667642116547,0.08749538660049438,0.5683926343917847,0.22267934679985046,-0.0660824254155159,0.5581685304641724,0.22663788497447968,-0.020039936527609825,0.6437959671020508,0.26580873131752014,-0.1708267480134964,0.5688437223434448,0.29827195405960083,0.23930521309375763,0.5428729057312012,0.40327703952789307,-0.2721276879310608,0.4669089913368225,0.3950596749782562,0.2444113940000534,0.41558265686035156,0.49482429027557373,-0.27281826734542847,0.3696296811103821,0.4854714274406433,0.1484430581331253,0.37894514203071594,0.5330955982208252,-0.30453258752822876,0.3360004425048828,0.5146167874336243,0.13602302968502045,0.3722904920578003,0.5309979319572449,-0.293401300907135,0.3422478139400482,0.5196958184242249,0.10052712261676788,0.38451340794563293,0.5186169743537903,-0.2675132155418396,0.3542613387107849,0.513927161693573,0.12737098336219788,0.6783885955810547,0.6108625531196594,-0.1072264313697815,0.6270882487297058,0.6128371953964233,0.1068645566701889,0.5634185075759888,0.46698206663131714,-0.3494928777217865,0.510407567024231,0.4490490257740021,0.01811971887946129,0.502825140953064,0.7657649517059326,-0.45157361030578613,0.4924306273460388,0.7462261915206909,-0.13602402806282043,0.5099264979362488,0.8473794460296631,-0.4580231308937073,0.505906343460083,0.8046600222587585,-0.15351662039756775,0.41523662209510803,0.7668852210044861,-0.5695737600326538,0.4217408299446106,0.7609756588935852,-0.2260686457157135
0.5206023454666138,0.21031953394412994,-0.10012869536876678,0.5258464217185974,0.18151207268238068,-0.11864183843135834,0.529999315738678,0.1792023479938507,-0.11864084005355835,0.5340250730514526,0.17632447183132172,-0.1185409277677536,0.5196185111999512,0.18320654332637787,-0.08384718000888824,0.5190771818161011,0.18230098485946655,-0.08395640552043915,0.5188149213790894,0.18136224150657654,-0.08408336341381073,0.5593558549880981,0.17031081020832062,-0.13608595728874207,0.539598286151886,0.177279531955719,0.02301524393260479,0.536411702632904,0.23132315278053284,-0.10234054177999496,0.5283541679382324,0.23214896023273468,-0.05644482374191284,0.6129263639450073,0.26816612482070923,-0.2250923216342926,0.5479756593704224,0.299909770488739,0.13768413662910461,0.5004691481590271,0.4038906991481781,-0.31921446323394775,0.43818846344947815,0.3911827504634857,0.1490403562784195,0.36654573678970337,0.4853816628456116,-0.3147209584712982,0.32761484384536743,0.47934040427207947,0.05253032594919205,0.327250599861145,0.5219027400016785,-0.3520948886871338,0.2997068464756012,0.5092640519142151,0.03945625573396683,0.3234868347644806,0.5165088176727295,-0.3352131247520447,0.30062514543533325,0.5167163014411926,-0.005317135713994503,0.33257046341896057,0.509663999080658,-0.3083136975765228,0.31141290068626404,0.5112212300300598,0.026336979120969772,0.6610287427902222,0.6147725582122803,-0.10730139911174774,0.617057740688324,0.6180504560470581,0.10691259801387787,0.5421149730682373,0.45605066418647766,-0.2960629463195801,0.4914289116859436,0.4590685963630676,0.06122329831123352,0.4920470118522644,0.7675522565841675,-0.3465458154678345,0.49334806203842163,0.7374023199081421,-0.06159542128443718,0.5052343010902405,0.8437614440917969,-0.3502520024776459,0.5077804923057556,0.7849225401878357,-0.07609961926937103,0.4079882502555847,0.7704993486404419,-0.4397270083427429,0.42570561170578003,0.7626175880432129,-0.1454707235097885
0.4997357428073883,0.21615129709243774,-0.13504397869110107,0.5047779083251953,0.1849665492773056,-0.1604679971933365,0.5079732537269592,0.18265491724014282,-0.1605195701122284,0.5116695165634155,0.17955844104290009,-0.16047808527946472,0.4995500445365906,0.18606342375278473,-0.12163891643285751,0.4993879795074463,0.184674471616745,-0.12172584235668182,0.499422162771225,0.18317899107933044,-0.12182613462209702,0.5367075204849243,0.17131522297859192,-0.1994362622499466,0.5197694301605225,0.17730869352817535,-0.017112761735916138,0.514599084854126,0.23591509461402893,-0.14415964484214783,0.5082496404647827,0.23647552728652954,-0.0920756533741951,0.5811730623245239,0.2704736590385437,-0.29986199736595154,0.5438826084136963,0.2972009479999542,0.14145617187023163,0.4558536112308502,0.4021483063697815,-0.3720230162143707,0.4266456067562103,0.38976746797561646,0.17178530991077423,0.32111066579818726,0.48040854930877686,-0.3739345371723175,0.3016180694103241,0.4821600914001465,0.093844473361969,0.2831515669822693,0.5200889110565186,-0.4211327135562897,0.27494102716445923,0.5121011137962341,0.09717024117708206,0.27946677803993225,0.5164511203765869,-0.39681220054626465,0.2739953100681305,0.5192089676856995,0.049649037420749664,0.2867720425128937,0.5080558061599731,-0.3644719123840332,0.28166747093200684,0.5101542472839355,0.06680085510015488,0.6428783535957336,0.6167000532150269,-0.12553727626800537,0.6113183498382568,0.6229858994483948,0.12502965331077576,0.5148163437843323,0.4235968589782715,-0.20997078716754913,0.47099176049232483,0.44581323862075806,0.20969374477863312,0.4854288697242737,0.7520896792411804,-0.10195250809192657,0.49196186661720276,0.7155964374542236,0.2099430114030838,0.5042944550514221,0.829404354095459,-0.09032219648361206,0.5106965899467468,0.7635501623153687,0.20866262912750244,0.40317583084106445,0.755649983882904,-0.1277112066745758,0.4245869219303131,0.7463007569313049,0.18325047194957733
0.4843215048313141,0.21400116384029388,-0.1260089874267578,0.490492582321167,0.1820623129606247,-0.1649799644947052,0.4940315783023834,0.17945870757102966,-0.1651359498500824,0.49812984466552734,0.17621251940727234,-0.16516810655593872,0.48538488149642944,0.183440700173378,-0.11190187931060791,0.48533758521080017,0.1821795403957367,-0.11192771047353745,0.48543792963027954,0.1807035207748413,-0.1119903177022934,0.5228704810142517,0.1700064241886139,-0.18796518445014954,0.5062962770462036,0.17398136854171753,-0.021321482956409454,0.4988032877445221,0.23437565565109253,-0.15643739700317383,0.49261417984962463,0.23539970815181732,-0.08513445407152176,0.5631389021873474,0.27032214403152466,-0.28795817494392395,0.5350098609924316,0.2975962460041046,0.15982961654663086,0.43279609084129333,0.39241501688957214,-0.35966089367866516,0.416229248046875,0.3981721103191376,0.19769206643104553,0.29629793763160706,0.46540549397468567,-0.36360234022140503,0.28779393434524536,0.5111066102981567,0.12200246006250381,0.26001083850860596,0.5051350593566895,-0.4087424874305725,0.25680193305015564,0.5152097344398499,0.12608598172664642,0.2552087903022766,0.5031560063362122,-0.38457444310188293,0.2533102333545685,0.5202575922012329,0.08116810768842697,0.26407262682914734,0.4915899634361267,-0.3544110655784607,0.2592790126800537,0.5099948644638062,0.0975356325507164,0.6329975128173828,0.6190983057022095,-0.1290501356124878,0.6040340662002563,0.6284882426261902,0.1285559982061386,0.505375862121582,0.42069143056869507,-0.24239318072795868,0.46737080812454224,0.4443920850753784,0.2654304504394531,0.48879772424697876,0.7454368472099304,-0.1544855535030365,0.4948763847351074,0.7076258659362793,0.28254181146621704,0.5076790452003479,0.8115836381912231,-0.14356505870819092,0.5161261558532715,0.7570947408676147,0.28363925218582153,0.4124264121055603,0.7422009110450745,-0.17595943808555603,0.4300827383995056,0.7391658425331116,0.2691055238246918
0.4846382737159729,0.20236578583717346,-0.12237267196178436,0.4913850724697113,0.17131221294403076,-0.14820630848407745,0.4948757290840149,0.16914384067058563,-0.1482894867658615,0.49890175461769104,0.1668989658355713,-0.14825931191444397,0.48611387610435486,0.17248232662677765,-0.10608671605587006,0.4859638810157776,0.17154596745967865,-0.10615168511867523,0.48584938049316406,0.17049631476402283,-0.10625191032886505,0.525244951248169,0.1668381541967392,-0.18236345052719116,0.5081978440284729,0.1676265448331833,0.0048063164576888084,0.497305691242218,0.2250668853521347,-0.1305137276649475,0.49059462547302246,0.2269265353679657,-0.07598932832479477,0.562014639377594,0.26933982968330383,-0.28917890787124634,0.5307341814041138,0.29565075039863586,0.16950584948062897,0.43146127462387085,0.38420477509498596,-0.36144113540649414,0.40840020775794983,0.3988649547100067,0.20048722624778748,0.28848791122436523,0.4542280435562134,-0.3681993782520294,0.2760465145111084,0.4853121042251587,0.11670047044754028,0.2538256049156189,0.4940052926540375,-0.4108150005340576,0.24729213118553162,0.5084530115127563,0.11556290090084076,0.2460813969373703,0.4917510151863098,-0.3931312561035156,0.24328923225402832,0.5093234181404114,0.0713038221001625,0.2562110722064972,0.4808371365070343,-0.3591822683811188,0.2517598867416382,0.5015979409217834,0.09214062988758087,0.6318899989128113,0.6200873255729675,-0.12786661088466644,0.6035792827606201,0.6298067569732666,0.12735506892204285,0.4979727268218994,0.4194393455982208,-0.18979361653327942,0.4641035199165344,0.4403166174888611,0.23968860507011414,0.48744264245033264,0.7429219484329224,-0.1342654824256897,0.49372440576553345,0.7025355696678162,0.24289241433143616,0.5095990896224976,0.8136618733406067,-0.1255931556224823,0.5173050761222839,0.755509614944458,0.24264216423034668,0.4143429398536682,0.7453743815422058,-0.1666123867034912,0.4266272187232971,0.7453612685203552,0.22199729084968567
0.49323058128356934,0.1979108452796936,-0.12299685180187225,0.5004144906997681,0.1677304357290268,-0.14351442456245422,0.504257082939148,0.165811225771904,-0.1435403674840927,0.5089389681816101,0.1636410355567932,-0.14347442984580994,0.49489083886146545,0.16870468854904175,-0.10400746762752533,0.4944072663784027,0.1678476780653,-0.10405220836400986,0.49382027983665466,0.16699330508708954,-0.10409951210021973,0.5347827672958374,0.16477729380130768,-0.16162660717964172,0.5156061053276062,0.1656164973974228,0.01683981716632843,0.5045129656791687,0.22197331488132477,-0.12554007768630981,0.4974212050437927,0.22359174489974976,-0.07405003160238266,0.5683593153953552,0.2675609588623047,-0.26494523882865906,0.534855842590332,0.29346227645874023,0.17382380366325378,0.4421871304512024,0.3770821988582611,-0.34848693013191223,0.42059212923049927,0.39780187606811523,0.2187577188014984,0.3042329251766205,0.44877883791923523,-0.3401208221912384,0.2997462749481201,0.4652545154094696,0.13138902187347412,0.2681562304496765,0.4919925332069397,-0.3799613416194916,0.26179948449134827,0.5001369714736938,0.13403227925300598,0.26208800077438354,0.48798975348472595,-0.3559091091156006,0.25658005475997925,0.5042592883110046,0.08947307616472244,0.27099448442459106,0.47671979665756226,-0.3293694257736206,0.2686603367328644,0.49319756031036377,0.10751457512378693,0.6352501511573792,0.6192132830619812,-0.12606719136238098,0.603765606880188,0.6311687231063843,0.1255103200674057,0.5032634139060974,0.420947402715683,-0.26921766996383667,0.4613446295261383,0.46349024772644043,0.2213781774044037,0.49482694268226624,0.7534587383270264,-0.2168559581041336,0.48601776361465454,0.7078604698181152,0.16383519768714905,0.5097604990005493,0.8184068202972412,-0.20894472301006317,0.5078970789909363,0.7664680480957031,0.15719516575336456,0.4175063669681549,0.7668212652206421,-0.25134342908859253,0.4193556308746338,0.7504231929779053,0.1315794438123703
0.5313895344734192,0.19045323133468628,-0.06517232954502106,0.5402390956878662,0.15925724804401398,-0.09164299815893173,0.5455579161643982,0.15693563222885132,-0.0916893482208252,0.5516515970230103,0.1545284539461136,-0.09162761270999908,0.5320121049880981,0.1613527536392212,-0.051648013293743134,0.5307503342628479,0.16071635484695435,-0.05171935632824898,0.529633641242981,0.15982696413993835,-0.0517989881336689,0.57430499792099,0.15874361991882324,-0.09232814610004425,0.5485451221466064,0.1600029468536377,0.06612568348646164,0.543667733669281,0.2167617380619049,-0.07625298947095871,0.5347996950149536,0.21727710962295532,-0.025376707315444946,0.6117957234382629,0.26425495743751526,-0.1948557198047638,0.5531734228134155,0.2876630425453186,0.21158342063426971,0.49850162863731384,0.3669716715812683,-0.2840978801250458,0.447907030582428,0.38572022318840027,0.25340184569358826,0.36437171697616577,0.43867090344429016,-0.28667765855789185,0.3382057845592499,0.45279133319854736,0.1637471318244934,0.3278343677520752,0.4758051931858063,-0.3211035132408142,0.3114373981952667,0.48170509934425354,0.1600981503725052,0.3212267756462097,0.4775978922843933,-0.3047880232334137,0.31107208132743835,0.487744003534317,0.11907263100147247,0.3333435654640198,0.4665520489215851,-0.279234379529953,0.32040631771087646,0.47965481877326965,0.1404731124639511,0.6549476385116577,0.6141153573989868,-0.12542133033275604,0.6140793561935425,0.6198362708091736,0.12481927871704102,0.5283664464950562,0.42639338970184326,-0.27691125869750977,0.4827952980995178,0.4662790894508362,0.1452072411775589,0.48708876967430115,0.7586284875869751,-0.28673309087753296,0.48777905106544495,0.7237470149993896,0.060187071561813354,0.5052676796913147,0.8340780735015869,-0.28705549240112305,0.4998742938041687,0.7767119407653809,0.04984448850154877,0.3962527811527252,0.7718788385391235,-0.3632068634033203,0.4141213297843933,0.747218906879425,-0.0022551941219717264
0.5769274234771729,0.18074800074100494,-0.04040691256523132,0.5858966112136841,0.15125823020935059,-0.042353492230176926,0.591205358505249,0.14908841252326965,-0.04231710359454155,0.5977293252944946,0.1467900574207306,-0.04217846319079399,0.5779523849487305,0.1535680741071701,-0.01236757356673479,0.5770009756088257,0.15309593081474304,-0.01241990178823471,0.5761278867721558,0.15264219045639038,-0.012548280879855156,0.6208712458610535,0.15245790779590607,-0.00529935909435153,0.5933035612106323,0.15504080057144165,0.1328219324350357,0.5892680883407593,0.20645378530025482,-0.025612112134695053,0.5796761512756348,0.20781591534614563,0.01430752594023943,0.6624770760536194,0.25780171155929565,-0.11288613080978394,0.5814678072929382,0.28467461466789246,0.25367188453674316,0.5575311779975891,0.3691015839576721,-0.26016730070114136,0.49121078848838806,0.37652066349983215,0.2937683165073395,0.4348738193511963,0.43059036135673523,-0.2819642424583435,0.39491450786590576,0.44142383337020874,0.194906085729599,0.39681583642959595,0.46034905314445496,-0.32806769013404846,0.37241119146347046,0.46219322085380554,0.18101350963115692,0.3898993134498596,0.45599472522735596,-0.30437201261520386,0.37150973081588745,0.46408408880233765,0.14660432934761047,0.4018382132053375,0.4488530457019806,-0.2797927260398865,0.38006049394607544,0.45929017663002014,0.17419567704200745,0.6806966066360474,0.6093367338180542,-0.11612112820148468,0.6277502775192261,0.615774929523468,0.11564004421234131,0.5568444728851318,0.4446013271808624,-0.359524667263031,0.5039901733398438,0.4625905454158783,-0.030347492545843124,0.5001137256622314,0.7637415528297424,-0.4984601140022278,0.48288488388061523,0.742851197719574,-0.2473507821559906,0.5099811553955078,0.8467560410499573,-0.5104550719261169,0.4947689175605774,0.7874842286109924,-0.2711181938648224,0.415863037109375,0.7744865417480469,-0.6008070707321167,0.4147489070892334,0.7493581771850586,-0.351200670003891
0.6241405010223389,0.17242169380187988,-0.15170447528362274,0.6339455842971802,0.14330624043941498,-0.15622521936893463,0.6396306753158569,0.14146451652050018,-0.15616212785243988,0.6458944082260132,0.1396375596523285,-0.15605345368385315,0.625201940536499,0.145182803273201,-0.130708247423172,0.6239098310470581,0.14468400180339813,-0.13078680634498596,0.6227997541427612,0.14422258734703064,-0.13090120255947113,0.6662300825119019,0.14793936908245087,-0.11315411329269409,0.6367629766464233,0.14918537437915802,-2.5057481252588332e-05,0.6377922892570496,0.19530226290225983,-0.13467004895210266,0.6263397932052612,0.19685959815979004,-0.1004287451505661,0.7084506750106812,0.2526412010192871,-0.20007109642028809,0.6219927668571472,0.2710350751876831,0.13566884398460388,0.6135681867599487,0.36784425377845764,-0.3402141034603119,0.5376604795455933,0.35997530817985535,0.16033197939395905,0.5011253356933594,0.4218532145023346,-0.4005607068538666,0.4500691294670105,0.4275495409965515,0.035067118704319,0.47316211462020874,0.44657227396965027,-0.43731269240379333,0.42204728722572327,0.44800183176994324,0.01547784823924303,0.4666981101036072,0.44043460488319397,-0.4337984621524811,0.42639273405075073,0.4473542869091034,-0.01783657632768154,0.47455182671546936,0.4319365918636322,-0.3989896774291992,0.43572887778282166,0.44287627935409546,0.015066842548549175,0.7085415720939636,0.6011467576026917,-0.11479449272155762,0.6555683612823486,0.5899420380592346,0.11437851190567017,0.5819017887115479,0.45608168840408325,-0.34294968843460083,0.5221904516220093,0.4547940194606781,-0.015991702675819397,0.5102757215499878,0.763271152973175,-0.4328978657722473,0.4843234419822693,0.750264048576355,-0.1783839911222458,0.5141363739967346,0.8429487347602844,-0.4391712546348572,0.4946104884147644,0.8109335899353027,-0.1964264214038849,0.4282708168029785,0.7616579532623291,-0.5138920545578003,0.4111844599246979,0.7516419291496277,-0.2559759020805359
0.6685034036636353,0.17172697186470032,-0.007489791605621576,0.6781461238861084,0.14283061027526855,-0.0024837045930325985,0.684260904788971,0.1403697282075882,-0.002431063912808895,0.6905706524848938,0.13816259801387787,-0.0023483424447476864,0.6685448884963989,0.14529569447040558,0.014158171601593494,0.666903018951416,0.14469584822654724,0.01405132096260786,0.6656113862991333,0.1441015601158142,0.013919979333877563,0.7089642286300659,0.14634905755519867,0.05059674382209778,0.6785541772842407,0.1486981213092804,0.12678790092468262,0.6826352477073669,0.19420935213565826,0.012736965902149677,0.6703370809555054,0.19584886729717255,0.03472971171140671,0.7529734373092651,0.24970009922981262,-0.051925402134656906,0.6596282124519348,0.2647750973701477,0.21375040709972382,0.6758843660354614,0.36909186840057373,-0.19256004691123962,0.5810208916664124,0.3587445020675659,0.1674661487340927,0.5672308206558228,0.41606488823890686,-0.2745932638645172,0.5011083483695984,0.41692352294921875,-0.009883839637041092,0.5381215214729309,0.433798223733902,-0.30271708965301514,0.47667965292930603,0.43190625309944153,-0.03904199227690697,0.5313937067985535,0.4258033335208893,-0.3043992817401886,0.47986263036727905,0.4320094585418701,-0.06104627251625061,0.540082573890686,0.4209602475166321,-0.2743459939956665,0.48801201581954956,0.4292539060115814,-0.026512693613767624,0.7347723841667175,0.593211829662323,-0.09873650968074799,0.684013307094574,0.5786160826683044,0.09846487641334534,0.6016436219215393,0.4631858468055725,-0.3218447268009186,0.5506471395492554,0.45389363169670105,-0.09060205519199371,0.5155259370803833,0.7656984925270081,-0.4721185266971588,0.4759800434112549,0.7463956475257874,-0.3121413588523865,0.5183185338973999,0.8367658853530884,-0.48407214879989624,0.4867641031742096,0.8053920269012451,-0.3357391953468323,0.4294465482234955,0.7789065837860107,-0.564219057559967,0.4065031409263611,0.7480312585830688,-0.4152991771697998
0.7118703126907349,0.172888845205307,-0.03180934488773346,0.7201865911483765,0.14664648473262787,-0.03026900254189968,0.7254022359848022,0.14450137317180634,-0.030252626165747643,0.7315555810928345,0.14259658753871918,-0.03020857647061348,0.7113469243049622,0.14839062094688416,-0.012226804159581661,0.7101096510887146,0.14773590862751007,-0.012322816997766495,0.7089535593986511,0.1470983773469925,-0.012439526617527008,0.7504838705062866,0.14701692759990692,0.012731201946735382,0.7196400165557861,0.1496831178665161,0.10356918722391129,0.725241482257843,0.19570395350456238,-0.014986658468842506,0.7132695913314819,0.19702881574630737,0.009088648483157158,0.794901967048645,0.24683550000190735,-0.0875968188047409,0.7013840675354004,0.26229456067085266,0.18984770774841309,0.7349120378494263,0.37704116106033325,-0.2163354605436325,0.6260737180709839,0.360472708940506,0.17181380093097687,0.6285593509674072,0.4143361449241638,-0.27911102771759033,0.5489813685417175,0.40284207463264465,0.01755824312567711,0.5973847508430481,0.4364887773990631,-0.3088649809360504,0.521356463432312,0.4156239926815033,-0.009284964762628078,0.593153178691864,0.42493128776550293,-0.3062726855278015,0.5247529745101929,0.4136769473552704,-0.03533245250582695,0.6002963185310364,0.41841769218444824,-0.2766989767551422,0.5346450805664062,0.41209012269973755,-0.0005013747722841799,0.7660068273544312,0.5868486762046814,-0.09755655378103256,0.7190122008323669,0.570935070514679,0.09749510139226913,0.6232591867446899,0.5013299584388733,-0.24025599658489227,0.5832381844520569,0.47422462701797485,-0.05528031662106514,0.5218489766120911,0.7667537331581116,-0.36457741260528564,0.4834093451499939,0.7447172999382019,-0.23235651850700378,0.5220524072647095,0.8362890481948853,-0.3738382160663605,0.48408135771751404,0.8157452344894409,-0.25131651759147644,0.43901389837265015,0.7627045512199402,-0.4374732971191406,0.4079212248325348,0.7344809770584106,-0.3173958659172058
0.752769947052002,0.18231743574142456,-0.04179370775818825,0.762563169002533,0.1566011756658554,-0.038370877504348755,0.7681697607040405,0.15523584187030792,-0.038362227380275726,0.7747882604598999,0.1538386344909668,-0.03836044669151306,0.7514438629150391,0.15882481634616852,-0.022183828055858612,0.7497871518135071,0.1590403914451599,-0.02228795364499092,0.7484459280967712,0.15917563438415527,-0.022391483187675476,0.7916914820671082,0.15637820959091187,0.010210013017058372,0.7578679323196411,0.15868082642555237,0.07928360253572464,0.7663213014602661,0.20628732442855835,-0.02244282141327858,0.7534080743789673,0.20944200456142426,-0.0016345729818567634,0.8343926668167114,0.25756749510765076,-0.08385847508907318,0.7389528751373291,0.2648608982563019,0.16130605340003967,0.7886608839035034,0.39681363105773926,-0.2177092283964157,0.6646484136581421,0.36550474166870117,0.12336021661758423,0.6834762096405029,0.40566855669021606,-0.2964434027671814,0.5891562700271606,0.39880090951919556,-0.07792384922504425,0.6511484384536743,0.4275449216365814,-0.32449012994766235,0.5723785161972046,0.4095447063446045,-0.11550289392471313,0.6416485905647278,0.41587451100349426,-0.32395535707473755,0.5766345262527466,0.40502068400382996,-0.13519640266895294,0.6526748538017273,0.4108448922634125,-0.2947050631046295,0.5834290981292725,0.40399131178855896,-0.09485019743442535,0.7952931523323059,0.5872450470924377,-0.09587635099887848,0.7453619837760925,0.5647425055503845,0.09596601128578186,0.6516894102096558,0.5294831991195679,-0.20468516647815704,0.6100888252258301,0.5036337971687317,-0.0649297833442688,0.5255839824676514,0.7715252637863159,-0.31036919355392456,0.49084052443504333,0.7411695718765259,-0.21054717898368835,0.5230709314346313,0.8380253911018372,-0.31726327538490295,0.4797493815422058,0.8106326460838318,-0.2267920970916748,0.4444080889225006,0.7502192854881287,-0.3770585060119629,0.40832751989364624,0.7150812745094299,-0.28645554184913635
0.7891177535057068,0.19958360493183136,0.048076994717121124,0.7978383302688599,0.17476733028888702,0.055431466549634933,0.8033749461174011,0.1731022298336029,0.055406201630830765,0.8093358278274536,0.17129281163215637,0.05534576624631882,0.7889105677604675,0.17848871648311615,0.07408790290355682,0.786747932434082,0.17909084260463715,0.07403720170259476,0.7843505144119263,0.1798645257949829,0.0739230066537857,0.827711284160614,0.17483192682266235,0.10959671437740326,0.7930611371994019,0.1795651912689209,0.1944246143102646,0.8004887700080872,0.22086088359355927,0.0674816220998764,0.7879601716995239,0.2220291942358017,0.09232471138238907,0.8711137771606445,0.2730468213558197,0.02796461619436741,0.7724338173866272,0.27996450662612915,0.26032689213752747,0.8444444537162781,0.4190368354320526,-0.07210354506969452,0.705499529838562,0.3866899311542511,0.2025272101163864,0.7499171495437622,0.4064452648162842,-0.14512382447719574,0.6331062316894531,0.3959816098213196,-0.017760928720235825,0.7190585732460022,0.42205560207366943,-0.16942588984966278,0.616012454032898,0.405734121799469,-0.06383863091468811,0.7139370441436768,0.4067002236843109,-0.17084680497646332,0.6183547973632812,0.39980122447013855,-0.08011162281036377,0.7235990762710571,0.40421658754348755,-0.14325931668281555,0.6262243390083313,0.39945465326309204,-0.03522903472185135,0.8158839344978333,0.5759119391441345,-0.09045779705047607,0.763475775718689,0.5483917593955994,0.09061004966497421,0.6633266806602478,0.5762811303138733,-0.21333849430084229,0.6301859617233276,0.5444326996803284,-0.061989925801754,0.5250357985496521,0.7858662009239197,-0.37634679675102234,0.49884453415870667,0.7465419173240662,-0.2436285763978958,0.5185335874557495,0.8561632633209229,-0.3944074511528015,0.48429083824157715,0.8021087050437927,-0.26347869634628296,0.4407528042793274,0.7494998574256897,-0.48559150099754333,0.4172830581665039,0.7126231789588928,-0.33057069778442383
0.81005859375,0.22588075697422028,0.10109440982341766,0.817317008972168,0.20290490984916687,0.10505536943674088,0.8222277760505676,0.20156630873680115,0.10500602424144745,0.8277255296707153,0.19864168763160706,0.10489753633737564,0.8081341981887817,0.20377227663993835,0.12711238861083984,0.8061444163322449,0.20413146913051605,0.12712399661540985,0.8040960431098938,0.20469535887241364,0.12706007063388824,0.8506223559379578,0.19717122614383698,0.1409936547279358,0.8141616582870483,0.20842154324054718,0.2459501028060913,0.8226000070571899,0.24463047087192535,0.114068903028965,0.8113622665405273,0.250766396522522,0.14482751488685608,0.900063157081604,0.28725284337997437,0.07928408682346344,0.7973868250846863,0.29499608278274536,0.28620368242263794,0.8958970308303833,0.45071840286254883,-0.0018586425576359034,0.746505081653595,0.4101632535457611,0.26762107014656067,0.7926480174064636,0.4083450436592102,-0.06599006056785583,0.6975188851356506,0.39407315850257874,0.08392377197742462,0.7678235769271851,0.41979077458381653,-0.091070257127285,0.684289813041687,0.39918696880340576,0.04057874530553818,0.7643656730651855,0.40344807505607605,-0.09506534785032272,0.6852447390556335,0.389614999294281,0.021082324907183647,0.7714213132858276,0.4013381600379944,-0.06487856060266495,0.6921935081481934,0.39414528012275696,0.06720521301031113,0.824234664440155,0.5637040734291077,-0.0844334065914154,0.7671940922737122,0.53202223777771,0.08465467393398285,0.6939177513122559,0.6186816096305847,-0.2466411590576172,0.6415176391601562,0.5820068717002869,-0.09370876103639603,0.5291720628738403,0.7940107583999634,-0.45258384943008423,0.49910467863082886,0.7526957988739014,-0.3127288222312927,0.5167368054389954,0.8581461310386658,-0.469521701335907,0.4826588034629822,0.8171027898788452,-0.33709636330604553,0.4481150209903717,0.7621268630027771,-0.5558267831802368,0.4137211740016937,0.7128434777259827,-0.41191282868385315
0.8258386850357056,0.24216781556606293,0.07757480442523956,0.8333173990249634,0.21834173798561096,0.08060845732688904,0.8379833102226257,0.2176683396100998,0.08055967092514038,0.8439990878105164,0.21613265573978424,0.08040682226419449,0.8222967386245728,0.22065122425556183,0.10263296216726303,0.8198688626289368,0.2213214933872223,0.10268925130367279,0.8176887631416321,0.2219601273536682,0.10265018790960312,0.8657017946243286,0.21861635148525238,0.12302176654338837,0.8269192576408386,0.2272619605064392,0.22893524169921875,0.8390081524848938,0.26283347606658936,0.0940774530172348,0.8265334963798523,0.2670001685619354,0.12502266466617584,0.913305938243866,0.31048399209976196,0.09094429761171341,0.8103253245353699,0.31921786069869995,0.2773537039756775,0.9460131525993347,0.4672420024871826,0.0032309014350175858,0.7709028124809265,0.43600136041641235,0.2557440996170044,0.8585159182548523,0.41033968329429626,-0.0657491534948349,0.738107442855835,0.4141814410686493,0.07189106941223145,0.831814169883728,0.41389766335487366,-0.08784982562065125,0.7262222170829773,0.40798860788345337,0.029747119173407555,0.8266638517379761,0.3959650695323944,-0.08097027242183685,0.726382851600647,0.39548900723457336,0.016361961141228676,0.8323370218276978,0.39689117670059204,-0.060243863612413406,0.7333323955535889,0.39971891045570374,0.05835668370127678,0.824988842010498,0.565495491027832,-0.08029874414205551,0.768616795539856,0.5339211225509644,0.0804663673043251,0.6977063417434692,0.6196886897087097,-0.26670897006988525,0.6505041122436523,0.582486629486084,-0.1009233221411705,0.5255393981933594,0.792790412902832,-0.4814445376396179,0.49967679381370544,0.7569671869277954,-0.3313311040401459,0.5105491876602173,0.8568900227546692,-0.49921292066574097,0.4847288131713867,0.8219906091690063,-0.3564334213733673,0.4413564205169678,0.7425116896629333,-0.5802556276321411,0.41485172510147095,0.7067466378211975,-0.4271828532218933
0.8277267217636108,0.2476341277360916,0.08102412521839142,0.836371123790741,0.22378171980381012,0.08627939969301224,0.8416329622268677,0.22262397408485413,0.08623351901769638,0.8472239375114441,0.22122523188591003,0.08606772869825363,0.825481116771698,0.2255137711763382,0.10912331193685532,0.8231074213981628,0.22552543878555298,0.10917747020721436,0.8208702802658081,0.2255822867155075,0.10914746671915054,0.8666044473648071,0.2261384278535843,0.13645707070827484,0.8302611112594604,0.23155981302261353,0.24470727145671844,0.8403028249740601,0.2676983177661896,0.09932509064674377,0.8285368084907532,0.27006083726882935,0.13086917996406555,0.9158896207809448,0.32510292530059814,0.10798309743404388,0.8157258033752441,0.32656824588775635,0.29255515336990356,0.9699358940124512,0.474749892950058,0.0023553292267024517,0.7729681134223938,0.4504619240760803,0.2640589475631714,0.8884599804878235,0.4196217358112335,-0.06782271713018417,0.7583093047142029,0.42487287521362305,0.04491770267486572,0.8634421229362488,0.4139661192893982,-0.09049864113330841,0.7542394399642944,0.42302244901657104,-0.0016772050876170397,0.8566595911979675,0.396620512008667,-0.07624729722738266,0.7590188980102539,0.4101067781448364,0.002896584803238511,0.8630142211914062,0.39914897084236145,-0.059304483234882355,0.7634098529815674,0.41365742683410645,0.03926637023687363,0.8246150016784668,0.5654794573783875,-0.07859836518764496,0.76885586977005,0.5343266129493713,0.07869293540716171,0.6987976431846619,0.6281570792198181,-0.261033296585083,0.6547208428382874,0.5868477821350098,-0.10281530767679214,0.5245321393013,0.792637288570404,-0.46509894728660583,0.5038104057312012,0.7571003437042236,-0.32750260829925537,0.5085334181785583,0.8576081395149231,-0.48264560103416443,0.48473086953163147,0.8200530409812927,-0.35183581709861755,0.44294530153274536,0.738153338432312,-0.5635387897491455,0.424403578042984,0.6992508769035339,-0.4241274893283844
0.8246380686759949,0.24505560100078583,0.09139364212751389,0.8329448699951172,0.22249723970890045,0.09893795847892761,0.838237464427948,0.22148853540420532,0.09889707714319229,0.8436981439590454,0.21994321048259735,0.09872773289680481,0.822715163230896,0.2238095998764038,0.12025465071201324,0.8205825090408325,0.22373326122760773,0.12030696868896484,0.8185333013534546,0.2237548679113388,0.12028105556964874,0.8635616302490234,0.22543881833553314,0.15442624688148499,0.8289204835891724,0.23052752017974854,0.25573164224624634,0.8375175595283508,0.2654713988304138,0.11077956855297089,0.8260582089424133,0.26748040318489075,0.1404878795146942,0.911603569984436,0.3263992667198181,0.1226118803024292,0.812190055847168,0.32469797134399414,0.29654666781425476,0.9692475199699402,0.46768879890441895,0.017810506746172905,0.7753229141235352,0.45062920451164246,0.26089879870414734,0.8919663429260254,0.4212600290775299,-0.05150569602847099,0.7602740526199341,0.42659682035446167,0.059861261397600174,0.8705952763557434,0.4176967144012451,-0.0751364678144455,0.7544556260108948,0.42542511224746704,0.011310982517898083,0.8644307851791382,0.3985557556152344,-0.0636754184961319,0.7603092789649963,0.4133811593055725,0.00704450998455286,0.8681207895278931,0.40084725618362427,-0.0445280484855175,0.7635930776596069,0.41524502635002136,0.05099155753850937,0.8219375610351562,0.5680781602859497,-0.07768917828798294,0.7669700384140015,0.5363004207611084,0.07774384319782257,0.6978434324264526,0.6304708123207092,-0.2493751049041748,0.6558607816696167,0.5862939953804016,-0.09961225092411041,0.5243954658508301,0.7938651442527771,-0.46242839097976685,0.5102835893630981,0.7514735460281372,-0.3193160593509674,0.5065709948539734,0.8581163287162781,-0.48048773407936096,0.4951784610748291,0.8201338052749634,-0.34326687455177307,0.44042372703552246,0.7371589541435242,-0.5605860352516174,0.4257497787475586,0.700245201587677,-0.41158628463745117
0.8244217038154602,0.24490460753440857,0.08520127832889557,0.8318526148796082,0.22203288972377777,0.09128670394420624,0.8373530507087708,0.2207385003566742,0.09124219417572021,0.8428648710250854,0.2191300243139267,0.09108118712902069,0.8209153413772583,0.22407521307468414,0.11253700405359268,0.8185262680053711,0.22417445480823517,0.11257952451705933,0.8162485957145691,0.22435669600963593,0.1125413328409195,0.8620817065238953,0.22398212552070618,0.15107318758964539,0.8260090947151184,0.2305309772491455,0.24749064445495605,0.8387755155563354,0.2642837166786194,0.10424473136663437,0.8256991505622864,0.2674456834793091,0.13350097835063934,0.9111069440841675,0.3235633969306946,0.1202346459031105,0.8098775744438171,0.324728399515152,0.294655978679657,0.9598627090454102,0.4606211483478546,0.02353104203939438,0.7719436883926392,0.45558807253837585,0.24944791197776794,0.8800915479660034,0.43477490544319153,-0.05755997821688652,0.7525310516357422,0.43407750129699707,0.03853544592857361,0.8555824160575867,0.4377451539039612,-0.083244688808918,0.7462591528892517,0.4352944791316986,-0.007856415584683418,0.8490716814994812,0.41756749153137207,-0.07448331266641617,0.7498348355293274,0.4234992265701294,-0.01693236641585827,0.8549367189407349,0.4167987108230591,-0.051747389137744904,0.7547981142997742,0.4250839352607727,0.027193527668714523,0.8223984837532043,0.5629599094390869,-0.07778026908636093,0.7670372724533081,0.5310520529747009,0.077845998108387,0.7004435062408447,0.6278339624404907,-0.26144227385520935,0.6556692123413086,0.5847249031066895,-0.1047317385673523,0.5252569913864136,0.790064811706543,-0.4827309548854828,0.5090024471282959,0.7530791163444519,-0.3388445973396301,0.5043890476226807,0.856249213218689,-0.5010412931442261,0.49350374937057495,0.826698362827301,-0.3642880320549011,0.4395808279514313,0.7417638897895813,-0.58176189661026,0.4253852963447571,0.7024519443511963,-0.4376142621040344
0.8216433525085449,0.24433566629886627,0.07017466425895691,0.8282955288887024,0.220391184091568,0.07846526801586151,0.8336876034736633,0.2183111608028412,0.07840488851070404,0.8391005396842957,0.2153310924768448,0.07824258506298065,0.8168851733207703,0.22361533343791962,0.09825243055820465,0.8141857981681824,0.2237418293952942,0.09829926490783691,0.8119131922721863,0.22372442483901978,0.09830274432897568,0.8570865392684937,0.21707698702812195,0.13969643414020538,0.8202447891235352,0.2297218292951584,0.23478972911834717,0.83555668592453,0.2630104422569275,0.09219955652952194,0.8229721784591675,0.26639583706855774,0.1203053742647171,0.9097183346748352,0.31950822472572327,0.11243478208780289,0.8045094609260559,0.3246392011642456,0.28254082798957825,0.9549596905708313,0.45253443717956543,0.0173349566757679,0.765198290348053,0.4480637311935425,0.2502111792564392,0.8673018217086792,0.43898308277130127,-0.05450907349586487,0.7375733852386475,0.43372082710266113,0.047116704285144806,0.8375767469406128,0.45095211267471313,-0.07954490929841995,0.731066107749939,0.4353753924369812,-6.442911399062723e-05,0.8294516801834106,0.4273073375225067,-0.0721157044172287,0.7344226837158203,0.4241866171360016,-0.009249242022633553,0.836460292339325,0.42406731843948364,-0.04894239827990532,0.7379027605056763,0.4251801669597626,0.03546367958188057,0.8211968541145325,0.5653343796730042,-0.07814927399158478,0.7652534246444702,0.5319222211837769,0.07823466509580612,0.6996375322341919,0.6283197402954102,-0.26630911231040955,0.6545310020446777,0.5808936357498169,-0.10704571008682251,0.5250128507614136,0.7888602614402771,-0.481823593378067,0.5085212588310242,0.75184166431427,-0.3409665822982788,0.5044224262237549,0.8556956648826599,-0.5001174807548523,0.4931780695915222,0.8268148899078369,-0.3664679229259491,0.43528813123703003,0.7493541240692139,-0.5839074850082397,0.4250025749206543,0.7033306360244751,-0.438839852809906
0.8129158020019531,0.23925098776817322,0.05225526541471481,0.8182379603385925,0.21562285721302032,0.05890446901321411,0.8236076235771179,0.2137790471315384,0.058848459273576736,0.8286598324775696,0.2102602869272232,0.05870755761861801,0.8067036867141724,0.21726316213607788,0.07698653638362885,0.8034242391586304,0.21759428083896637,0.07701859623193741,0.8003996014595032,0.2181282639503479,0.07698167115449905,0.8449456095695496,0.20732688903808594,0.11138822883367538,0.8068890571594238,0.22386379539966583,0.20197129249572754,0.8277863264083862,0.25736334919929504,0.07267521321773529,0.8137238621711731,0.2646864652633667,0.0991421714425087,0.9021437764167786,0.30874165892601013,0.08519230782985687,0.7933671474456787,0.3235953748226166,0.24568553268909454,0.9236084818840027,0.46803683042526245,1.862612771219574e-05,0.7455459237098694,0.44617441296577454,0.2077403962612152,0.8287655115127563,0.4512842297554016,-0.09093081951141357,0.7068062424659729,0.4350031614303589,-0.005421733018010855,0.7968468070030212,0.47066789865493774,-0.12128396332263947,0.6924962401390076,0.4436381757259369,-0.05376159027218819,0.7888846397399902,0.44805479049682617,-0.12195972353219986,0.6945334672927856,0.4292362928390503,-0.07260601222515106,0.793260395526886,0.4425410330295563,-0.08976872265338898,0.6997003555297852,0.42875581979751587,-0.021453605964779854,0.8203476667404175,0.572058916091919,-0.07664763927459717,0.7612559199333191,0.5427722334861755,0.0768095925450325,0.6999508142471313,0.6272377371788025,-0.2758956849575043,0.6428461074829102,0.5796656012535095,-0.1038728803396225,0.5240436792373657,0.7871413230895996,-0.47569552063941956,0.49707460403442383,0.7565286159515381,-0.34201177954673767,0.5059909820556641,0.8531712889671326,-0.49319320917129517,0.47847288846969604,0.8286231756210327,-0.36802586913108826,0.4302353262901306,0.7361167073249817,-0.5836992263793945,0.4118683934211731,0.7089875340461731,-0.4419412612915039
0.7981396913528442,0.22489096224308014,0.013501418754458427,0.8046904802322388,0.20304885506629944,0.013609337620437145,0.8101097941398621,0.20134469866752625,0.013564812019467354,0.8149812817573547,0.1975405365228653,0.013471217826008797,0.7944101095199585,0.2047688364982605,0.03322724997997284,0.7914020419120789,0.2047107070684433,0.033223848789930344,0.7885380983352661,0.2047828882932663,0.03315883129835129,0.8321296572685242,0.1924140304327011,0.04777912795543671,0.7958710193634033,0.20937903225421906,0.14110329747200012,0.8114720582962036,0.24421682953834534,0.02795785665512085,0.8002238273620605,0.24972695112228394,0.05559641867876053,0.8884617686271667,0.29246973991394043,0.01200093887746334,0.7814537286758423,0.3101896047592163,0.19935038685798645,0.8929749727249146,0.46419742703437805,-0.06314568966627121,0.7247970104217529,0.42371267080307007,0.17733123898506165,0.7947534322738647,0.46775156259536743,-0.15396253764629364,0.6767592430114746,0.4370170533657074,-0.01412530429661274,0.7651376724243164,0.49318763613700867,-0.18691840767860413,0.6583212614059448,0.45246946811676025,-0.0588693805038929,0.7584633827209473,0.47707757353782654,-0.19272230565547943,0.6600990891456604,0.4429771304130554,-0.08339579403400421,0.7634028196334839,0.4677310883998871,-0.15505144000053406,0.6683446168899536,0.43974724411964417,-0.03265366703271866,0.8188650012016296,0.5738411545753479,-0.07686585932970047,0.7573007345199585,0.5441101789474487,0.0770394504070282,0.6959728002548218,0.6264650821685791,-0.27703556418418884,0.6398550271987915,0.5806101560592651,-0.1033787876367569,0.5239601731300354,0.7900062799453735,-0.4565420150756836,0.496157169342041,0.7603089213371277,-0.32211512327194214,0.5082695484161377,0.857210636138916,-0.47288650274276733,0.4778916835784912,0.830702543258667,-0.3463441729545593,0.4407024383544922,0.778735876083374,-0.5625962018966675,0.4112354815006256,0.7194079756736755,-0.418558269739151
0.7913613319396973,0.20977526903152466,-0.028106937184929848,0.7975203990936279,0.18564414978027344,-0.01695116236805916,0.8028802871704102,0.18181610107421875,-0.01697145588696003,0.808792233467102,0.17737819254398346,-0.017009291797876358,0.7853311896324158,0.19221451878547668,-0.0038764365017414093,0.7822516560554504,0.19390049576759338,-0.0039124684408307076,0.7794793844223022,0.19514501094818115,-0.003984337672591209,0.8244818449020386,0.17734871804714203,0.05145660787820816,0.7829114198684692,0.19879668951034546,0.11387743800878525,0.8046461343765259,0.22830231487751007,-0.002449838677421212,0.7915977239608765,0.23251833021640778,0.015719830989837646,0.8731145858764648,0.28183096647262573,-0.011061168275773525,0.7691819071769714,0.3051312267780304,0.19202746450901031,0.8642188310623169,0.45414412021636963,-0.09733987599611282,0.6994198560714722,0.4131651222705841,0.13004983961582184,0.7587097883224487,0.4772323668003082,-0.18362382054328918,0.6437908411026001,0.4416992664337158,-0.08821557462215424,0.7271764874458313,0.5105605721473694,-0.2130550891160965,0.6290121078491211,0.46345165371894836,-0.13264107704162598,0.7189865708351135,0.4925117790699005,-0.2182861864566803,0.6312319040298462,0.45422253012657166,-0.14971210062503815,0.7250605225563049,0.4833715260028839,-0.18360933661460876,0.6376612186431885,0.4511713683605194,-0.1042010560631752,0.8187865018844604,0.5736657977104187,-0.08066307008266449,0.7582569718360901,0.5467027425765991,0.08084726333618164,0.6925961971282959,0.6105102300643921,-0.2602490782737732,0.6398108005523682,0.5721005201339722,-0.10700668394565582,0.527737557888031,0.7868080735206604,-0.42346078157424927,0.49698567390441895,0.7536938190460205,-0.3101317882537842,0.5138997435569763,0.8530228734016418,-0.43804365396499634,0.47632282972335815,0.8049027919769287,-0.3322972357273102,0.4413062632083893,0.7753654718399048,-0.538291871547699,0.4146665930747986,0.7162705063819885,-0.40869006514549255
0.7795995473861694,0.1959993839263916,-0.07835131138563156,0.7870182394981384,0.17045363783836365,-0.06892400234937668,0.7923780679702759,0.1668521910905838,-0.0689457505941391,0.7982838749885559,0.16348062455654144,-0.06896388530731201,0.774356484413147,0.17701874673366547,-0.05672257021069527,0.770133376121521,0.17878428101539612,-0.05676593631505966,0.7660295963287354,0.18080194294452667,-0.056825943291187286,0.8119970560073853,0.16461053490638733,-0.0018001043936237693,0.767737865447998,0.1876453161239624,0.053831178694963455,0.7915695905685425,0.2164009064435959,-0.05315684154629707,0.7767972350120544,0.22122858464717865,-0.0366915687918663,0.8572515249252319,0.2775603234767914,-0.08045389503240585,0.7563815116882324,0.29899007081985474,0.14929385483264923,0.8314272165298462,0.4427005648612976,-0.19532182812690735,0.6851567625999451,0.40524575114250183,0.09179787337779999,0.7260531187057495,0.48688605427742004,-0.282200425863266,0.623223602771759,0.4433392286300659,-0.1094275563955307,0.6981397271156311,0.517044186592102,-0.31450673937797546,0.6066338419914246,0.46569475531578064,-0.15016669034957886,0.6925223469734192,0.4998607337474823,-0.31435030698776245,0.6110700964927673,0.45920610427856445,-0.16869963705539703,0.6976577639579773,0.4906705617904663,-0.28109318017959595,0.6181923151016235,0.45559459924697876,-0.12570473551750183,0.8180545568466187,0.5877850651741028,-0.08688723295927048,0.7618258595466614,0.5624290704727173,0.08712340891361237,0.6760828495025635,0.5953728556632996,-0.22455890476703644,0.6368411183357239,0.5696344375610352,-0.08332620561122894,0.5275429487228394,0.785735547542572,-0.35658878087997437,0.50303715467453,0.7495205998420715,-0.25200456380844116,0.5152618288993835,0.8571809530258179,-0.3684176802635193,0.4841618537902832,0.7954683303833008,-0.2702628970146179,0.43851885199546814,0.7693583369255066,-0.46465620398521423,0.4212186336517334,0.7139211297035217,-0.3457050025463104
0.7621905207633972,0.18609675765037537,-0.08731134235858917,0.769868016242981,0.1606486588716507,-0.07830929756164551,0.7756308317184448,0.15884064137935638,-0.07830429822206497,0.781841516494751,0.156683087348938,-0.0783054381608963,0.7565506100654602,0.16593070328235626,-0.06648434698581696,0.7520778179168701,0.1674795150756836,-0.06653802841901779,0.7477563619613647,0.16911530494689941,-0.06658028066158295,0.796303391456604,0.15975461900234222,-0.009135923348367214,0.7515273094177246,0.1761097013950348,0.04454521834850311,0.7744433283805847,0.20809872448444366,-0.06117615848779678,0.7593460083007812,0.2149483561515808,-0.045432012528181076,0.8413274884223938,0.2754722833633423,-0.09259779006242752,0.7400451898574829,0.2933478057384491,0.1413276046514511,0.8005533218383789,0.4313874840736389,-0.1999756544828415,0.6651497483253479,0.39744535088539124,0.08301843702793121,0.6936323046684265,0.49226582050323486,-0.25756365060806274,0.6002265214920044,0.44351136684417725,-0.11820243299007416,0.6596061587333679,0.5230220556259155,-0.28663116693496704,0.5797692537307739,0.46635544300079346,-0.15891507267951965,0.6526976823806763,0.5089123249053955,-0.28659385442733765,0.5815426111221313,0.4624098539352417,-0.17811152338981628,0.6586970090866089,0.500291109085083,-0.25554752349853516,0.590844988822937,0.4580811858177185,-0.13472548127174377,0.8108640909194946,0.5947736501693726,-0.08925677090883255,0.7571983337402344,0.569786012172699,0.08944709599018097,0.6713076829910278,0.5560190081596375,-0.21937990188598633,0.6240280866622925,0.5387805700302124,-0.06440404802560806,0.530619740486145,0.7793605327606201,-0.3442029356956482,0.5040503740310669,0.7474704384803772,-0.24840101599693298,0.5227950215339661,0.8510160446166992,-0.35498443245887756,0.48767223954200745,0.799884557723999,-0.267139732837677,0.4500656723976135,0.7730323076248169,-0.44116130471229553,0.42163315415382385,0.7150301337242126,-0.3396628797054291
0.7433266639709473,0.18140406906604767,-0.0837162435054779,0.7503141164779663,0.15679675340652466,-0.07496549189090729,0.7563632130622864,0.15499980747699738,-0.07497937232255936,0.7623094916343689,0.15313714742660522,-0.07498608529567719,0.7365461587905884,0.1603589951992035,-0.06337636709213257,0.7326483726501465,0.16185392439365387,-0.06342904269695282,0.7282231450080872,0.16361159086227417,-0.06347616761922836,0.7767724394798279,0.15607118606567383,-0.007099221460521221,0.7317070364952087,0.17061524093151093,0.04605678468942642,0.7558075189590454,0.20371031761169434,-0.057659439742565155,0.7401527762413025,0.2108195573091507,-0.04204263165593147,0.8195063471794128,0.2701084017753601,-0.09438127279281616,0.7199004888534546,0.2881667912006378,0.14016760885715485,0.7707737684249878,0.41800999641418457,-0.21122702956199646,0.6446744203567505,0.3949490785598755,0.0841585099697113,0.6622962355613708,0.4978376030921936,-0.2763879895210266,0.5740159749984741,0.44549915194511414,-0.10806071758270264,0.6347535252571106,0.5325673222541809,-0.30801427364349365,0.5556254386901855,0.4686318337917328,-0.1503923088312149,0.6264676451683044,0.5174280405044556,-0.31053227186203003,0.5589073300361633,0.46760860085487366,-0.1687639057636261,0.6291576623916626,0.5083686709403992,-0.27599307894706726,0.5663884878158569,0.4631747007369995,-0.1244988813996315,0.7964913845062256,0.5929830074310303,-0.08925981819629669,0.7437214851379395,0.5698077082633972,0.08948659151792526,0.6590253114700317,0.5560964345932007,-0.23673638701438904,0.6132326722145081,0.5234084129333496,-0.1239120215177536,0.5303171873092651,0.7682136297225952,-0.37562721967697144,0.5019392371177673,0.7477478981018066,-0.3161378502845764,0.5227159261703491,0.8412916660308838,-0.3873087465763092,0.4858165383338928,0.8074362874031067,-0.3357674479484558,0.45033565163612366,0.7755444645881653,-0.47770625352859497,0.4213699400424957,0.7172536253929138,-0.4191919267177582
0.7207981944084167,0.18200014531612396,-0.07298307120800018,0.7275394797325134,0.15687045454978943,-0.06346875429153442,0.7336116433143616,0.1545972228050232,-0.06346329301595688,0.7398133277893066,0.15239408612251282,-0.06344050914049149,0.7136281728744507,0.16091345250606537,-0.05322297662496567,0.7100390791893005,0.1623462736606598,-0.05331031605601311,0.7064138650894165,0.1640956848859787,-0.053374845534563065,0.7543502449989319,0.15488989651203156,0.00933262798935175,0.7092016935348511,0.170192152261734,0.056211214512586594,0.7330887317657471,0.20454011857509613,-0.04473248869180679,0.7177947163581848,0.21178779006004333,-0.031030362471938133,0.7972261309623718,0.2656736671924591,-0.08300834894180298,0.69550621509552,0.28692296147346497,0.14941741526126862,0.7411008477210999,0.410648375749588,-0.19625236093997955,0.6166247129440308,0.3960212171077728,0.09647669643163681,0.6363678574562073,0.50942462682724,-0.2641969323158264,0.5462619662284851,0.45409902930259705,-0.06736660748720169,0.612503170967102,0.5409457683563232,-0.2952721416950226,0.5304437875747681,0.4790712893009186,-0.10224758088588715,0.6040180325508118,0.5263994336128235,-0.29866841435432434,0.5317510962486267,0.47723811864852905,-0.1251123994588852,0.6079757213592529,0.515630304813385,-0.2644771933555603,0.5383297204971313,0.472017377614975,-0.08364611864089966,0.7836347818374634,0.5891148447990417,-0.0891847312450409,0.7290806770324707,0.5712473392486572,0.08939118683338165,0.6486986875534058,0.5341339707374573,-0.27278250455856323,0.5932413339614868,0.5071242451667786,-0.14916904270648956,0.5292681455612183,0.7643448114395142,-0.43106746673583984,0.49329885840415955,0.7523285746574402,-0.36286836862564087,0.5248105525970459,0.8368391990661621,-0.44372448325157166,0.48470741510391235,0.8122714757919312,-0.38457709550857544,0.45279979705810547,0.7815873622894287,-0.5307077169418335,0.4205014705657959,0.7267003655433655,-0.47306305170059204
0.6899901628494263,0.18214711546897888,-0.022099308669567108,0.697542667388916,0.1566394865512848,-0.012392227537930012,0.7033435106277466,0.1538250595331192,-0.012348895892500877,0.7098409533500671,0.15095120668411255,-0.012288828380405903,0.6839728355407715,0.16169248521327972,0.0011503702262416482,0.6798990368843079,0.16312476992607117,0.0010478859767317772,0.6758556962013245,0.16482166945934296,0.0009364110301248729,0.7260621786117554,0.15334860980510712,0.05374578759074211,0.6807128190994263,0.1694439947605133,0.11571158468723297,0.7041422128677368,0.2041976898908615,0.0024422926362603903,0.6893962621688843,0.21137411892414093,0.020456191152334213,0.7727010250091553,0.26561567187309265,-0.04881047457456589,0.6739586591720581,0.2880622148513794,0.20470976829528809,0.7020352482795715,0.408844530582428,-0.16628168523311615,0.5878292918205261,0.3984047770500183,0.1789773404598236,0.600749135017395,0.5042657852172852,-0.22620293498039246,0.5157451629638672,0.46427473425865173,0.03938398137688637,0.5729855298995972,0.5368154644966125,-0.25196000933647156,0.49882107973098755,0.4896276295185089,0.013669525273144245,0.5668185949325562,0.5286918878555298,-0.2542547583580017,0.500558614730835,0.4899360239505768,-0.007877165451645851,0.5744216442108154,0.5147415995597839,-0.22627966105937958,0.5069762468338013,0.48437559604644775,0.02408357337117195,0.7662335634231567,0.5918769836425781,-0.09434716403484344,0.7129591703414917,0.5786588788032532,0.09419814497232437,0.6280458569526672,0.5034193396568298,-0.2843574583530426,0.5764945149421692,0.4952003061771393,-0.1117188110947609,0.519778311252594,0.7631504535675049,-0.4405929148197174,0.4909272789955139,0.7580271363258362,-0.3283376693725586,0.5199941396713257,0.8342313170433044,-0.4523162841796875,0.48908501863479614,0.8272042274475098,-0.3508504629135132,0.4386652112007141,0.7377575635910034,-0.5367324352264404,0.42117419838905334,0.73285311460495,-0.43642154335975647
0.6576229929924011,0.18420976400375366,-0.02969644032418728,0.6652111411094666,0.1578308492898941,-0.01944747008383274,0.6707866191864014,0.15438884496688843,-0.019361324608325958,0.6769067049026489,0.15139351785182953,-0.01919357106089592,0.6533783674240112,0.16342884302139282,-0.0058274706825613976,0.6501761674880981,0.1647418886423111,-0.005897128023207188,0.6470809578895569,0.1662360578775406,-0.005967167671769857,0.6953034996986389,0.15423239767551422,0.029221531003713608,0.654835045337677,0.1697327047586441,0.1036318689584732,0.6720819473266602,0.20474649965763092,-0.006164459511637688,0.6593784093856812,0.21182115375995636,0.013082938268780708,0.7444387674331665,0.26594409346580505,-0.06773948669433594,0.6481338739395142,0.2924116849899292,0.19727769494056702,0.6690633296966553,0.40893545746803284,-0.1761036068201065,0.5649008750915527,0.4022442698478699,0.16551028192043304,0.5714521408081055,0.48997801542282104,-0.22782358527183533,0.4903760850429535,0.4692799150943756,0.02158184163272381,0.543042004108429,0.5312606692314148,-0.25399166345596313,0.47319918870925903,0.4991861879825592,-0.0018172869458794594,0.5352195501327515,0.5261320471763611,-0.25559645891189575,0.4727904200553894,0.49949926137924194,-0.021149074658751488,0.5454133749008179,0.5110520124435425,-0.2277822047472,0.47967463731765747,0.4932533800601959,0.007506524678319693,0.7444512248039246,0.5957003235816956,-0.09484022855758667,0.6927909255027771,0.5882076025009155,0.09462897479534149,0.6127444505691528,0.4861445128917694,-0.272165447473526,0.5652835369110107,0.4738485515117645,-0.07142408937215805,0.5141009092330933,0.7595129013061523,-0.3977959156036377,0.49005478620529175,0.7535028457641602,-0.26176148653030396,0.5173137784004211,0.8313048481941223,-0.40774035453796387,0.489732563495636,0.8213310837745667,-0.28207457065582275,0.43167170882225037,0.7363804578781128,-0.48772162199020386,0.4175497591495514,0.7379224896430969,-0.35721808671951294
0.6221904754638672,0.18738868832588196,-0.05531395226716995,0.629307210445404,0.15965746343135834,-0.050033845007419586,0.634530782699585,0.15661196410655975,-0.04998050630092621,0.6405961513519287,0.15379568934440613,-0.04986731708049774,0.6203337907791138,0.16418352723121643,-0.031316857784986496,0.6186181902885437,0.1648968756198883,-0.031391095370054245,0.6171305179595947,0.16648058593273163,-0.03150857985019684,0.6625054478645325,0.15638850629329681,-0.011691839434206486,0.6292859315872192,0.16969601809978485,0.08732287585735321,0.637067973613739,0.2068922221660614,-0.03559616208076477,0.6264563798904419,0.2121267467737198,-0.009828310459852219,0.7151714563369751,0.2661050260066986,-0.10092109441757202,0.619041919708252,0.2944410443305969,0.18665190041065216,0.6307202577590942,0.41000908613204956,-0.2047213613986969,0.5345994830131531,0.40486234426498413,0.2034044712781906,0.5274041891098022,0.4923979341983795,-0.22956673800945282,0.4506157338619232,0.4861306846141815,0.12037316709756851,0.5005592107772827,0.5317452549934387,-0.2530915141105652,0.434004545211792,0.512807309627533,0.1051146388053894,0.4936904013156891,0.5253715515136719,-0.2528519034385681,0.43405160307884216,0.5144439935684204,0.07576759904623032,0.5012644529342651,0.5133025646209717,-0.22889594733715057,0.4421587586402893,0.5096167922019958,0.10249241441488266,0.7223119139671326,0.6033646464347839,-0.10018917173147202,0.6666399240493774,0.5951263308525085,0.09983120858669281,0.5913788080215454,0.47987428307533264,-0.3091338574886322,0.5413888692855835,0.4691299498081207,-0.0488140769302845,0.5119880437850952,0.7586077451705933,-0.4314451217651367,0.4837116301059723,0.7341706156730652,-0.2369799166917801,0.5162122249603271,0.8332383036613464,-0.44158729910850525,0.4885767102241516,0.816585898399353,-0.2567335367202759,0.4313419461250305,0.7387647032737732,-0.5275168418884277,0.4120853841304779,0.7365046143531799,-0.3281347155570984
0.5905583500862122,0.19441914558410645,-0.09514116495847702,0.5970333814620972,0.16658316552639008,-0.09666577726602554,0.601193904876709,0.1640893667936325,-0.09660352021455765,0.6067265272140503,0.16060525178909302,-0.09648991376161575,0.5885881185531616,0.1699555367231369,-0.07280798256397247,0.5871766209602356,0.16974212229251862,-0.07290594279766083,0.5860010385513306,0.17004041373729706,-0.07303113490343094,0.6311035752296448,0.15968583524227142,-0.06655461341142654,0.6009941697120667,0.17066913843154907,0.04654397442936897,0.6053966283798218,0.2121286243200302,-0.08128567039966583,0.5950179100036621,0.21529588103294373,-0.04945668205618858,0.6844037771224976,0.26652589440345764,-0.15202811360359192,0.5939592123031616,0.2941804528236389,0.14490865170955658,0.5926084518432617,0.41030579805374146,-0.2352723628282547,0.5043482184410095,0.4034036099910736,0.17772044241428375,0.4824606478214264,0.5051939487457275,-0.23274299502372742,0.4144671559333801,0.4850093722343445,0.08534760773181915,0.4454900324344635,0.5384990572929382,-0.260707825422287,0.39340487122535706,0.5133862495422363,0.0687938705086708,0.43864551186561584,0.5322189927101135,-0.257477343082428,0.39323195815086365,0.5151481628417969,0.036901891231536865,0.44967952370643616,0.5211372375488281,-0.22977955639362335,0.40163421630859375,0.5104842782020569,0.06624994426965714,0.6974014043807983,0.6063387393951416,-0.10074280202388763,0.6407437920570374,0.5994635224342346,0.10034473240375519,0.5797777771949768,0.45938143134117126,-0.31653672456741333,0.5181248784065247,0.4500899016857147,-0.026124652475118637,0.5090722441673279,0.7588927149772644,-0.40611904859542847,0.4857044219970703,0.745607316493988,-0.19633075594902039,0.5160070657730103,0.8337486386299133,-0.41148924827575684,0.4935547411441803,0.8066745400428772,-0.21484951674938202,0.4272182583808899,0.7874446511268616,-0.5009814500808716,0.41426053643226624,0.7440073490142822,-0.28314074873924255
0.5567194819450378,0.20012310147285461,-0.054921917617321014,0.5632669925689697,0.1719783991575241,-0.06286857277154922,0.5674560070037842,0.1697094887495041,-0.06283687055110931,0.5729470252990723,0.16611745953559875,-0.06269849836826324,0.5552639365196228,0.1742718666791916,-0.03086930513381958,0.5541443824768066,0.17374086380004883,-0.030916523188352585,0.5532738566398621,0.17338739335536957,-0.03105957806110382,0.6003028154373169,0.1637013703584671,-0.0481015220284462,0.5702300071716309,0.17200706899166107,0.09512549638748169,0.572456955909729,0.21858136355876923,-0.04800472408533096,0.5628437399864197,0.2204836755990982,-0.006075381767004728,0.6504493355751038,0.26718297600746155,-0.14565721154212952,0.5699923038482666,0.2944786548614502,0.21350935101509094,0.5546817183494568,0.4061552584171295,-0.23676852881908417,0.4743788242340088,0.39529427886009216,0.25225985050201416,0.4355386197566986,0.5059301853179932,-0.23460149765014648,0.3823701739311218,0.4836413860321045,0.16392289102077484,0.4004509449005127,0.5401623249053955,-0.26483154296875,0.3510339856147766,0.5133418440818787,0.15345165133476257,0.3949041962623596,0.5345591902732849,-0.26085278391838074,0.35648640990257263,0.5178573131561279,0.11596506834030151,0.4034840166568756,0.5224118828773499,-0.23154807090759277,0.3672448694705963,0.5131593346595764,0.14190086722373962,0.678595781326294,0.6095626354217529,-0.10527431964874268,0.6280943155288696,0.6087014079093933,0.1048300638794899,0.5646418333053589,0.45170021057128906,-0.3602467477321625,0.5069591999053955,0.4446021318435669,-0.01404312439262867,0.5043056011199951,0.7637842893600464,-0.4860471785068512,0.49571579694747925,0.7505063414573669,-0.2009405791759491,0.5118149518966675,0.8474298119544983,-0.497135728597641,0.5082086324691772,0.802336573600769,-0.2218923568725586,0.4186515212059021,0.7856935858726501,-0.6013320684432983,0.42654699087142944,0.7690919041633606,-0.30112403631210327
0.5276137590408325,0.2109634131193161,-0.10679866373538971,0.5332947969436646,0.1808498650789261,-0.12062094360589981,0.5372360944747925,0.1786017268896103,-0.12061436474323273,0.541419506072998,0.17541274428367615,-0.12051621824502945,0.526880145072937,0.18187768757343292,-0.0883612111210823,0.5263001322746277,0.1807110607624054,-0.08846227079629898,0.525976300239563,0.17954596877098083,-0.08859564363956451,0.5677136182785034,0.17026570439338684,-0.13320884108543396,0.5459654331207275,0.1754433810710907,0.02131124772131443,0.5433073043823242,0.2317665070295334,-0.10339417308568954,0.5352851152420044,0.23231244087219238,-0.06129484251141548,0.6193698048591614,0.26839107275009155,-0.22023844718933105,0.5509713888168335,0.2946076989173889,0.13920104503631592,0.5075293779373169,0.4055492877960205,-0.3121642768383026,0.4497896134853363,0.39017245173454285,0.16330848634243011,0.3809463679790497,0.4874646067619324,-0.3105253279209137,0.3455303907394409,0.47986191511154175,0.07498528063297272,0.3438027501106262,0.5279748439788818,-0.3457297086715698,0.3184719681739807,0.5115649104118347,0.0654706135392189,0.33634522557258606,0.5228118300437927,-0.3315025866031647,0.3190614581108093,0.5192500948905945,0.01718488708138466,0.34812185168266296,0.5114324688911438,-0.3046874403953552,0.32905447483062744,0.5132020115852356,0.04869287088513374,0.662781298160553,0.6159237027168274,-0.10746415704488754,0.6168903708457947,0.6168943047523499,0.10706426203250885,0.5438967943191528,0.4489375650882721,-0.2909660041332245,0.4925324022769928,0.45757484436035156,0.08407934755086899,0.4990704655647278,0.7569290399551392,-0.3297128677368164,0.494438111782074,0.7380692958831787,-0.03038344718515873,0.506766140460968,0.8400276899337769,-0.33258056640625,0.5106565952301025,0.7769737243652344,-0.04375115782022476,0.4141158163547516,0.7662018537521362,-0.41549843549728394,0.4270644187927246,0.7583234310150146,-0.10578493028879166
0.503877580165863,0.21970431506633759,-0.16898144781589508,0.5090512037277222,0.18797291815280914,-0.19191589951515198,0.5127812623977661,0.1852724701166153,-0.1919630765914917,0.5172907114028931,0.18192340433597565,-0.19190391898155212,0.5030308365821838,0.18964068591594696,-0.1544247567653656,0.502435564994812,0.18836843967437744,-0.1545196920633316,0.5019914507865906,0.18703047931194305,-0.15461233258247375,0.5423158407211304,0.17371685802936554,-0.21144267916679382,0.5216809511184692,0.17873872816562653,-0.04357822984457016,0.5195170640945435,0.23989954590797424,-0.171299010515213,0.5121787786483765,0.24101358652114868,-0.12231697887182236,0.5833423137664795,0.26942625641822815,-0.30484461784362793,0.5405494570732117,0.2987532615661621,0.11369571834802628,0.4577952027320862,0.4013654887676239,-0.38831034302711487,0.42680758237838745,0.3891604542732239,0.13685163855552673,0.3280714154243469,0.48177605867385864,-0.3960868716239929,0.3067505359649658,0.5113933086395264,0.04900309816002846,0.29317209124565125,0.5223453044891357,-0.4421873688697815,0.2818049192428589,0.5145403742790222,0.04860622063279152,0.2882283926010132,0.5198741555213928,-0.4208694398403168,0.2802214026451111,0.5216666460037231,0.00030116731068119407,0.2967018485069275,0.5091885328292847,-0.387864887714386,0.2883066236972809,0.5141407251358032,0.022236626595258713,0.6412760019302368,0.6180371046066284,-0.12222082912921906,0.6068410277366638,0.6241545677185059,0.12168339639902115,0.5152385234832764,0.43393799662590027,-0.229814812541008,0.4740118086338043,0.45380470156669617,0.20189042389392853,0.4787096381187439,0.7511462569236755,-0.16047902405261993,0.4967621862888336,0.7163230180740356,0.19227293133735657,0.5018930435180664,0.8290819525718689,-0.15302111208438873,0.5110162496566772,0.7617257833480835,0.18971988558769226,0.4026362895965576,0.751905083656311,-0.2042921483516693,0.4289166331291199,0.7515395283699036,0.16149523854255676
0.48608189821243286,0.22063115239143372,-0.1665257215499878,0.4904631972312927,0.18869581818580627,-0.1917702704668045,0.4934115409851074,0.18601246178150177,-0.19182375073432922,0.4971635341644287,0.1826068013906479,-0.19179195165634155,0.4861406683921814,0.1903219074010849,-0.15100686252117157,0.48622840642929077,0.18908123672008514,-0.15107382833957672,0.4864260256290436,0.187743678689003,-0.15115466713905334,0.5219858288764954,0.1737194061279297,-0.23128052055835724,0.507479727268219,0.17833150923252106,-0.04070695489645004,0.5003469586372375,0.2396516352891922,-0.1735837161540985,0.4947289824485779,0.24088461697101593,-0.12017184495925903,0.5605834722518921,0.26879623532295227,-0.3433763384819031,0.5376213788986206,0.29597732424736023,0.13526102900505066,0.4319058954715729,0.3929905295372009,-0.4171026647090912,0.4176538586616516,0.40081965923309326,0.17347218096256256,0.2937977612018585,0.4679226875305176,-0.4168627858161926,0.28732162714004517,0.5058847069740295,0.09710545092821121,0.2604646682739258,0.5158119797706604,-0.470513254404068,0.2586923837661743,0.5184625387191772,0.10006733983755112,0.25340354442596436,0.5143862962722778,-0.4424684941768646,0.25479692220687866,0.5222398042678833,0.05229451507329941,0.26061320304870605,0.5029079914093018,-0.4062284827232361,0.2608916759490967,0.5149992108345032,0.0710471048951149,0.6284665465354919,0.6210806965827942,-0.14179562032222748,0.6022410988807678,0.6274083256721497,0.1414276361465454,0.4932970106601715,0.4143945872783661,-0.17661799490451813,0.4640909731388092,0.429531067609787,0.26182594895362854,0.4858233332633972,0.7446433305740356,-0.005285053513944149,0.493161678314209,0.6983724236488342,0.36422207951545715,0.5028089284896851,0.8091376423835754,0.012626071460545063,0.51673823595047,0.754290759563446,0.37327414751052856,0.4023412764072418,0.7431791424751282,-0.006173481233417988,0.43160682916641235,0.7512622475624084,0.3598653972148895
0.47953739762306213,0.21922090649604797,-0.1385205239057541,0.4843412935733795,0.1868888884782791,-0.16676749289035797,0.4875904619693756,0.18421277403831482,-0.16682860255241394,0.4915095269680023,0.1809108704328537,-0.16679693758487701,0.47990113496780396,0.18829576671123505,-0.12400834262371063,0.48007553815841675,0.1870911419391632,-0.12406227737665176,0.4803691804409027,0.18558059632778168,-0.12412440776824951,0.5162554383277893,0.17243006825447083,-0.21111878752708435,0.502088189125061,0.17606090009212494,-0.017902391031384468,0.4947734475135803,0.23844698071479797,-0.14820685982704163,0.4889276623725891,0.2399408519268036,-0.09260323643684387,0.5549415349960327,0.26601874828338623,-0.3188500702381134,0.5344083309173584,0.29290664196014404,0.1607045978307724,0.42714548110961914,0.3861004412174225,-0.39069244265556335,0.41399946808815,0.401522696018219,0.19586394727230072,0.2877189517021179,0.46052390336990356,-0.37634795904159546,0.2828548550605774,0.48332345485687256,0.12300215661525726,0.25277942419052124,0.5026471614837646,-0.42812687158584595,0.25068938732147217,0.5107330083847046,0.12534573674201965,0.24676957726478577,0.4986637830734253,-0.39532604813575745,0.246988445520401,0.5104770064353943,0.08133068680763245,0.25602686405181885,0.4871011972427368,-0.36337292194366455,0.25577300786972046,0.5025626420974731,0.09866677224636078,0.6258317232131958,0.6215541362762451,-0.13890019059181213,0.6041064858436584,0.6271330714225769,0.1385214626789093,0.4889105260372162,0.41604864597320557,-0.17032983899116516,0.471992164850235,0.42767566442489624,0.28603529930114746,0.48050814867019653,0.7399731874465942,-0.013226496055722237,0.49557575583457947,0.6960096955299377,0.40028199553489685,0.4970512390136719,0.808758556842804,0.003436765167862177,0.5168128609657288,0.7514966130256653,0.4110877513885498,0.4043458104133606,0.7402109503746033,-0.013125954195857048,0.4355049133300781,0.7552605271339417,0.404926598072052
0.48729103803634644,0.2170262634754181,-0.06924169510602951,0.4919700622558594,0.18437010049819946,-0.0988662913441658,0.49559473991394043,0.18155895173549652,-0.09892425686120987,0.49957433342933655,0.17842574417591095,-0.09892508387565613,0.4871406555175781,0.1856684386730194,-0.054593153297901154,0.48696500062942505,0.18440689146518707,-0.05465584993362427,0.48694664239883423,0.18286673724651337,-0.054742343723773956,0.5234479308128357,0.1715453416109085,-0.16141727566719055,0.5095196962356567,0.1740754246711731,0.0387907512485981,0.5018110871315002,0.23637038469314575,-0.0872993916273117,0.4958273768424988,0.23843559622764587,-0.029768431559205055,0.5619220733642578,0.2665580213069916,-0.277757465839386,0.5375929474830627,0.2921465039253235,0.1867091953754425,0.4380277991294861,0.37984344363212585,-0.3420405089855194,0.4187195897102356,0.39866986870765686,0.21583163738250732,0.3003382086753845,0.4521021544933319,-0.33076420426368713,0.2913619875907898,0.4759681820869446,0.1450391411781311,0.2662378251552582,0.49441248178482056,-0.3776591718196869,0.2603151202201843,0.4990657866001129,0.14710818231105804,0.2605524957180023,0.4891742169857025,-0.3492390513420105,0.25506114959716797,0.5001447200775146,0.10316874086856842,0.2691558003425598,0.4791593849658966,-0.3197529911994934,0.26539209485054016,0.4936354458332062,0.12055573612451553,0.6307232975959778,0.6205170750617981,-0.1358071267604828,0.606876015663147,0.6272816061973572,0.13542553782463074,0.49672189354896545,0.41315168142318726,-0.19002887606620789,0.4692319929599762,0.42493823170661926,0.2251574546098709,0.4866158366203308,0.7358542680740356,-0.04524175450205803,0.4940439760684967,0.7057163715362549,0.26509660482406616,0.504030704498291,0.8049900531768799,-0.03160853311419487,0.5146911144256592,0.7529805302619934,0.26447105407714844,0.41122350096702576,0.7509385943412781,-0.06062738224864006,0.42540621757507324,0.7490034103393555,0.24379344284534454
0.5284741520881653,0.20948775112628937,-0.025635043159127235,0.5341116189956665,0.17917323112487793,-0.044361528009176254,0.5384400486946106,0.17664705216884613,-0.04438035935163498,0.5435991287231445,0.1736694574356079,-0.04429325461387634,0.528279185295105,0.18028514087200165,-0.007725466974079609,0.5276613831520081,0.17912796139717102,-0.007790952920913696,0.526986300945282,0.17790864408016205,-0.007891113869845867,0.568946361541748,0.16959615051746368,-0.05989542603492737,0.5480627417564392,0.17259538173675537,0.10385279357433319,0.5410155653953552,0.2312214970588684,-0.02800014615058899,0.5332525372505188,0.23240771889686584,0.019866762682795525,0.610752284526825,0.26372119784355164,-0.17378199100494385,0.5575590133666992,0.29264798760414124,0.24357132613658905,0.49682703614234924,0.3659435212612152,-0.25949907302856445,0.45309144258499146,0.3913070261478424,0.2844298481941223,0.3646211624145508,0.43743884563446045,-0.25961118936538696,0.34283968806266785,0.45708203315734863,0.19999244809150696,0.32965177297592163,0.4746178090572357,-0.29449641704559326,0.31879696249961853,0.481962114572525,0.19856634736061096,0.3237815201282501,0.47390449047088623,-0.2770020663738251,0.31715527176856995,0.48608237504959106,0.15874525904655457,0.3331047296524048,0.4632861614227295,-0.2516999840736389,0.32353678345680237,0.4808076322078705,0.17686983942985535,0.657669723033905,0.6140912771224976,-0.129847913980484,0.6195319890975952,0.6239513158798218,0.12933379411697388,0.5289897918701172,0.4241950213909149,-0.27146559953689575,0.4855877757072449,0.4455012381076813,0.14600059390068054,0.48917222023010254,0.7612900733947754,-0.29814326763153076,0.48834580183029175,0.7330161929130554,0.037501174956560135,0.5052368640899658,0.8464103937149048,-0.2990226745605469,0.49727001786231995,0.7795349955558777,0.024592731148004532,0.3963477313518524,0.7846771478652954,-0.37522825598716736,0.411984920501709,0.7512702941894531,-0.02999437227845192
0.5773705840110779,0.1888779252767563,-0.03469619154930115,0.5852603912353516,0.15965209901332855,-0.04382112994790077,0.5900318026542664,0.15726856887340546,-0.0438050776720047,0.5960211753845215,0.15474718809127808,-0.04369630664587021,0.5785377025604248,0.16186003386974335,-0.01223249826580286,0.5778994560241699,0.1612771600484848,-0.012283744290471077,0.5773128867149353,0.16074219346046448,-0.0123984320089221,0.6202428340911865,0.1599053591489792,-0.032318100333213806,0.5953063368797302,0.1637459546327591,0.11154545843601227,0.5893906950950623,0.21348527073860168,-0.028713801875710487,0.5807898044586182,0.21507063508033752,0.01326747052371502,0.6618337035179138,0.26241540908813477,-0.13773241639137268,0.5884639024734497,0.2919723689556122,0.23760898411273956,0.5554637908935547,0.36827632784843445,-0.24319827556610107,0.4955982565879822,0.38185620307922363,0.29616236686706543,0.4360300600528717,0.4351772665977478,-0.26291754841804504,0.39775165915489197,0.43924957513809204,0.21275082230567932,0.39763766527175903,0.46586620807647705,-0.2967138886451721,0.37258589267730713,0.4599713087081909,0.2083131968975067,0.39120596647262573,0.461384117603302,-0.28026720881462097,0.3705712556838989,0.4611089825630188,0.1710779070854187,0.40263479948043823,0.453186959028244,-0.25497230887413025,0.3801000714302063,0.4574480652809143,0.19184303283691406,0.6841768622398376,0.6076609492301941,-0.11760155856609344,0.6356021165847778,0.6142699718475342,0.11710111796855927,0.5551689863204956,0.4419327676296234,-0.31425362825393677,0.5091325044631958,0.4842953681945801,0.06128517538309097,0.500003457069397,0.7684882283210754,-0.39963486790657043,0.4884282648563385,0.7499500513076782,-0.0836229920387268,0.5090005993843079,0.8480642437934875,-0.40612322092056274,0.4968745708465576,0.7872653603553772,-0.09944423288106918,0.4128393530845642,0.7684203386306763,-0.4932094216346741,0.41455894708633423,0.7510331869125366,-0.16472354531288147
0.6271554231643677,0.1755310595035553,-0.16286461055278778,0.6384750008583069,0.14714914560317993,-0.16447268426418304,0.6442819237709045,0.14569620788097382,-0.16439834237098694,0.6502148509025574,0.1443420797586441,-0.16430270671844482,0.6287662982940674,0.14826293289661407,-0.1417873650789261,0.6274410486221313,0.14748647809028625,-0.14189499616622925,0.6262819766998291,0.14666306972503662,-0.1420310139656067,0.6695237755775452,0.1551540344953537,-0.11765476316213608,0.6425117254257202,0.15407517552375793,-0.015669556334614754,0.6396127343177795,0.20032139122486115,-0.14423395693302155,0.628809928894043,0.2007775902748108,-0.11375391483306885,0.7053802013397217,0.2627080976963043,-0.19821330904960632,0.6254972815513611,0.27634966373443604,0.11399926990270615,0.60172438621521,0.37037625908851624,-0.2824276089668274,0.5389143824577332,0.36443889141082764,0.15012288093566895,0.493490993976593,0.4328570067882538,-0.2815307378768921,0.4475683569908142,0.4299468696117401,0.05810098722577095,0.46176576614379883,0.46367722749710083,-0.2996514141559601,0.421438992023468,0.44941088557243347,0.0441579632461071,0.4555286765098572,0.4568280875682831,-0.306205689907074,0.4209063649177551,0.4486267566680908,0.009901884943246841,0.4658154845237732,0.4476656913757324,-0.28075963258743286,0.4328693449497223,0.44509443640708923,0.03836473450064659,0.7102591395378113,0.6046079993247986,-0.11295740306377411,0.6594474911689758,0.589977502822876,0.1124953180551529,0.5785176157951355,0.45913854241371155,-0.3025200664997101,0.5268160104751587,0.4566529095172882,0.026354119181632996,0.5059290528297424,0.7669061422348022,-0.3736189305782318,0.48089107871055603,0.7553313374519348,-0.12018467485904694,0.5115393400192261,0.8453884720802307,-0.37825846672058105,0.48552554845809937,0.7980796694755554,-0.13644179701805115,0.42177802324295044,0.7577731609344482,-0.445117712020874,0.4077819287776947,0.7504104375839233,-0.18935605883598328
0.6734234094619751,0.16870608925819397,-0.14042754471302032,0.6845706701278687,0.14104682207107544,-0.12832233309745789,0.6901568174362183,0.13977009057998657,-0.12820355594158173,0.6957839727401733,0.13893815875053406,-0.12811483442783356,0.6745927333831787,0.14258024096488953,-0.11637655645608902,0.6730734705924988,0.14191335439682007,-0.1164989098906517,0.671627938747406,0.141198068857193,-0.11661817878484726,0.7138429880142212,0.15125569701194763,-0.0721283107995987,0.6859556436538696,0.1502498984336853,0.0053198873065412045,0.6857367157936096,0.1926380842924118,-0.10807200521230698,0.674045205116272,0.1938066929578781,-0.0855526328086853,0.751620888710022,0.2603473663330078,-0.14659182727336884,0.6673508286476135,0.2665914297103882,0.1238112673163414,0.6585546731948853,0.37188720703125,-0.23493292927742004,0.5859881639480591,0.36282747983932495,0.12067434936761856,0.5517757534980774,0.4313085675239563,-0.26182013750076294,0.501990020275116,0.42256036400794983,-0.002817420521751046,0.5227460861206055,0.449699729681015,-0.28801819682121277,0.4806136190891266,0.4390064775943756,-0.02491585910320282,0.5175174474716187,0.44205212593078613,-0.2859460711479187,0.4800468385219574,0.43750491738319397,-0.0504215732216835,0.5265777707099915,0.4369422197341919,-0.26031774282455444,0.48942074179649353,0.4354007840156555,-0.018849872052669525,0.7407302856445312,0.5973125100135803,-0.1040026918053627,0.6939829587936401,0.5744807124137878,0.1036667600274086,0.6027837991714478,0.47545379400253296,-0.283224880695343,0.5557714700698853,0.4568977355957031,-0.005087153986096382,0.5145918130874634,0.7693274617195129,-0.3707469403743744,0.4754657745361328,0.7466415166854858,-0.17243339121341705,0.5172132253646851,0.8425602316856384,-0.3771439492702484,0.48416146636009216,0.7963801026344299,-0.1906312257051468,0.43371790647506714,0.7714402675628662,-0.4357960820198059,0.40633535385131836,0.7461425065994263,-0.2449457198381424
0.7176303863525391,0.16713348031044006,-0.032327886670827866,0.7285543084144592,0.14258088171482086,-0.028679702430963516,0.7348436117172241,0.1416434794664383,-0.028651688247919083,0.7411657571792603,0.1408878117799759,-0.02860799990594387,0.7186105251312256,0.14329509437084198,-0.013295252807438374,0.7167491316795349,0.14277847111225128,-0.013382035307586193,0.7151185274124146,0.14225660264492035,-0.013494526967406273,0.7588434219360352,0.1513565629720688,0.020412737503647804,0.7268402576446533,0.15009266138076782,0.08994466066360474,0.7300841212272644,0.1928211897611618,-0.01314485352486372,0.7178183197975159,0.19296400249004364,0.006974020507186651,0.7940238118171692,0.254878968000412,-0.07890011370182037,0.7075337171554565,0.2617657482624054,0.18425597250461578,0.7228550314903259,0.37786751985549927,-0.21098116040229797,0.6333678960800171,0.3620952069759369,0.1271982192993164,0.6202723383903503,0.4196394681930542,-0.26527559757232666,0.5509118437767029,0.4000374972820282,-0.06596161425113678,0.5907357931137085,0.44221580028533936,-0.2865191102027893,0.5280512571334839,0.417697936296463,-0.10011757910251617,0.5835033655166626,0.4287635385990143,-0.292422354221344,0.5278576016426086,0.414381742477417,-0.1192304715514183,0.5903375744819641,0.42368218302726746,-0.2658390998840332,0.536993145942688,0.4117819368839264,-0.08190049231052399,0.7714137434959412,0.5867767333984375,-0.0960342064499855,0.7240004539489746,0.5643789172172546,0.09595929086208344,0.6292221546173096,0.5132988691329956,-0.23297104239463806,0.5908561944961548,0.4836970567703247,-0.0718705803155899,0.5195291042327881,0.7717185020446777,-0.36829787492752075,0.48607999086380005,0.75002121925354,-0.2409413754940033,0.5214554071426392,0.8394714593887329,-0.37127429246902466,0.4830920100212097,0.8150296807289124,-0.25867003202438354,0.437462717294693,0.7693532109260559,-0.4328993856906891,0.4099086821079254,0.7358067631721497,-0.32827967405319214
0.7606571912765503,0.1720937341451645,-0.018946314230561256,0.7718955874443054,0.15144269168376923,-0.011748164892196655,0.7789346575737,0.15102733671665192,-0.011712725274264812,0.7863996624946594,0.15094402432441711,-0.01168661005795002,0.7607529759407043,0.15179654955863953,0.0027451328933238983,0.7586772441864014,0.15182670950889587,0.002661719685420394,0.7571517825126648,0.15181110799312592,0.0025556408800184727,0.8028308749198914,0.16014978289604187,0.04486941546201706,0.7679569721221924,0.15727870166301727,0.10879562050104141,0.773316502571106,0.19939382374286652,0.0012521680910140276,0.7606016993522644,0.1995275467634201,0.019892172887921333,0.8373817205429077,0.2591283917427063,-0.058731384575366974,0.7482765913009644,0.26758331060409546,0.1922536939382553,0.7866877913475037,0.3775886595249176,-0.18951234221458435,0.674809992313385,0.36701491475105286,0.12993085384368896,0.6812219619750977,0.4089188575744629,-0.27033597230911255,0.5986926555633545,0.3986600637435913,-0.0776737779378891,0.6486164331436157,0.4327963590621948,-0.29872485995292664,0.5814288854598999,0.4110148847103119,-0.11714854091405869,0.6420321464538574,0.41961365938186646,-0.3026990294456482,0.5816565752029419,0.4061189293861389,-0.13421249389648438,0.6510807871818542,0.4149509370326996,-0.26995137333869934,0.5899382829666138,0.40471529960632324,-0.09336119890213013,0.7986512780189514,0.5868410468101501,-0.09527596831321716,0.7509552836418152,0.563717246055603,0.09523841738700867,0.6465702652931213,0.5333629846572876,-0.1913982480764389,0.6158615350723267,0.5119491219520569,-0.02542721852660179,0.5256718397140503,0.7779791951179504,-0.30178743600845337,0.4896271228790283,0.7487762570381165,-0.17782342433929443,0.523775577545166,0.844350278377533,-0.3092021346092224,0.4796667695045471,0.7988618016242981,-0.1941235363483429,0.4432693123817444,0.767044723033905,-0.37003716826438904,0.411386638879776,0.7193427085876465,-0.25244981050491333
0.7980103492736816,0.19233468174934387,0.04439301788806915,0.808907687664032,0.17002643644809723,0.05085147172212601,0.8149301409721375,0.16965267062187195,0.05080782249569893,0.8214680552482605,0.1695433259010315,0.05077071115374565,0.7992870807647705,0.1718636155128479,0.06970243155956268,0.7974522709846497,0.17246493697166443,0.06963933259248734,0.7954636216163635,0.17298229038715363,0.06953483074903488,0.8398130536079407,0.1787193864583969,0.0963013544678688,0.8052635192871094,0.17791922390460968,0.18102136254310608,0.8079878687858582,0.21736371517181396,0.060013990849256516,0.7957674264907837,0.2183203399181366,0.08486193418502808,0.8733589053153992,0.28033655881881714,0.0022304821759462357,0.782504141330719,0.2873660624027252,0.24730554223060608,0.837070107460022,0.4006921947002411,-0.12199797481298447,0.716216504573822,0.38796451687812805,0.17938169836997986,0.7394052147865295,0.4032691419124603,-0.20932185649871826,0.6356986165046692,0.3969319760799408,-0.07655035704374313,0.7136296629905701,0.4170677661895752,-0.23938436806201935,0.6202740669250488,0.40619489550590515,-0.09788547456264496,0.7083430290222168,0.4046251177787781,-0.24074344336986542,0.6257181763648987,0.4004348814487457,-0.11875710636377335,0.7164340615272522,0.40141525864601135,-0.20831067860126495,0.6310412883758545,0.4002493917942047,-0.08834242820739746,0.8142902255058289,0.5826429724693298,-0.09058331698179245,0.7626125812530518,0.552742600440979,0.09073653072118759,0.6706684827804565,0.5865297317504883,-0.22101855278015137,0.6358436346054077,0.546646237373352,-0.07651978731155396,0.5250388979911804,0.7835848331451416,-0.4177846312522888,0.49995946884155273,0.7472885847091675,-0.27939116954803467,0.5174795389175415,0.84984290599823,-0.4339675307273865,0.48335862159729004,0.7941337823867798,-0.3014633357524872,0.4425090253353119,0.7395525574684143,-0.5246722102165222,0.42107534408569336,0.7066100239753723,-0.37063518166542053
0.8194729685783386,0.21889489889144897,0.0837237611413002,0.8282907605171204,0.19825337827205658,0.08855588734149933,0.8337176442146301,0.19702184200286865,0.08849721401929855,0.8391183018684387,0.19508638978004456,0.08837798982858658,0.8192875981330872,0.20060688257217407,0.10953527688980103,0.8176437616348267,0.20132219791412354,0.10955198854207993,0.8159899711608887,0.20216305553913116,0.10947011411190033,0.8606137037277222,0.20001046359539032,0.12630316615104675,0.8267263174057007,0.2083386927843094,0.22491808235645294,0.8300696611404419,0.2402651011943817,0.09642859548330307,0.819938063621521,0.24375000596046448,0.12550216913223267,0.9059842824935913,0.2957215905189514,0.061131589114665985,0.8063217997550964,0.3069184720516205,0.2633165121078491,0.8908974528312683,0.44945386052131653,-0.02120424434542656,0.7496582269668579,0.4196414649486542,0.22178217768669128,0.792696475982666,0.4052848517894745,-0.09493232518434525,0.6896462440490723,0.40443870425224304,0.008380369283258915,0.7686649560928345,0.4159247577190399,-0.12328990548849106,0.6716293692588806,0.40848812460899353,-0.03873652219772339,0.7666944265365601,0.39933717250823975,-0.12851060926914215,0.6715434193611145,0.40345463156700134,-0.06394072622060776,0.7746084332466125,0.3997957110404968,-0.09534884244203568,0.6799553632736206,0.4021184742450714,-0.012138256803154945,0.8281251192092896,0.5640884041786194,-0.07766745984554291,0.7719916701316833,0.5319230556488037,0.0778592899441719,0.6979494094848633,0.6125090718269348,-0.23193594813346863,0.6443491578102112,0.583099901676178,-0.07008495181798935,0.530941367149353,0.7900152206420898,-0.4253280758857727,0.5020474791526794,0.7504020929336548,-0.2711640000343323,0.517732560634613,0.8559192419052124,-0.4418211579322815,0.4834167957305908,0.8083896040916443,-0.2943436801433563,0.45356374979019165,0.7629141807556152,-0.5283616185188293,0.4209933280944824,0.7075192332267761,-0.3659745454788208
0.8342348337173462,0.24117465317249298,0.10130475461483002,0.8435036540031433,0.21867285668849945,0.10707040876150131,0.849694550037384,0.21909427642822266,0.10703088343143463,0.855980396270752,0.2193530797958374,0.10688228905200958,0.8321049809455872,0.22049041092395782,0.13000816106796265,0.8291066884994507,0.22055760025978088,0.13005921244621277,0.8269740343093872,0.22100640833377838,0.13002367317676544,0.8763831257820129,0.22829842567443848,0.15359404683113098,0.8357664346694946,0.23057721555233002,0.2631652057170868,0.8449954986572266,0.26445651054382324,0.11783766746520996,0.8323550224304199,0.2659592032432556,0.14987808465957642,0.9189423322677612,0.32542920112609863,0.11147455871105194,0.8136412501335144,0.3270814120769501,0.30118197202682495,0.9419072270393372,0.4847705066204071,-0.005937332287430763,0.7754584550857544,0.44704005122184753,0.24284198880195618,0.8541237115859985,0.411062628030777,-0.09785964339971542,0.7421969771385193,0.4238876402378082,0.021538812667131424,0.8268277049064636,0.41524505615234375,-0.12582701444625854,0.7279701232910156,0.4154824912548065,-0.02687409147620201,0.8234127759933472,0.39935511350631714,-0.1180030107498169,0.7279437780380249,0.40648406744003296,-0.03979377821087837,0.8300976753234863,0.40094947814941406,-0.09297220408916473,0.736000657081604,0.4083007872104645,0.006810695864260197,0.8265289068222046,0.5632941126823425,-0.07743824273347855,0.76924729347229,0.531850278377533,0.07757867127656937,0.698922336101532,0.6197217702865601,-0.2618745267391205,0.6532210111618042,0.5873857140541077,-0.10979141294956207,0.5299203395843506,0.7894506454467773,-0.47188568115234375,0.49974265694618225,0.75346839427948,-0.33436307311058044,0.5108081698417664,0.8552685379981995,-0.4900977611541748,0.47878360748291016,0.8090607523918152,-0.3592223525047302,0.4507138729095459,0.7414586544036865,-0.582005500793457,0.4180503785610199,0.7011901140213013,-0.4394320547580719
0.8358907699584961,0.245903879404068,0.1119132786989212,0.8461028933525085,0.2243443876504898,0.12505164742469788,0.8518832921981812,0.2240264117717743,0.12500828504562378,0.85789555311203,0.2234337478876114,0.12481065094470978,0.8344079852104187,0.22480225563049316,0.14427219331264496,0.8316583633422852,0.22478851675987244,0.14435483515262604,0.8291879892349243,0.2248360514640808,0.14435023069381714,0.8760088682174683,0.2312987595796585,0.2002093344926834,0.8361110687255859,0.23254328966140747,0.2914237678050995,0.8478395342826843,0.26710045337677,0.13779881596565247,0.8349586725234985,0.26643675565719604,0.16473975777626038,0.9187737703323364,0.3353605568408966,0.16681770980358124,0.818017303943634,0.32881391048431396,0.33123844861984253,0.9657220840454102,0.4810776114463806,0.05050448328256607,0.776628315448761,0.4495443105697632,0.2712135910987854,0.895998477935791,0.42765840888023376,-0.03492017835378647,0.762877881526947,0.4292767345905304,0.05667368322610855,0.8704580068588257,0.4205774664878845,-0.061854638159275055,0.7563972473144531,0.42679592967033386,0.0074987770058214664,0.8647242784500122,0.40417420864105225,-0.04947314038872719,0.7604918479919434,0.41664010286331177,0.001251995679922402,0.8690745234489441,0.40705978870391846,-0.02874930575489998,0.7654532194137573,0.4189707934856415,0.045696038752794266,0.82542884349823,0.5593736171722412,-0.07579739391803741,0.7703951001167297,0.527409017086029,0.07587075978517532,0.69395512342453,0.6290339231491089,-0.25824615359306335,0.6565097570419312,0.5897309184074402,-0.10256588459014893,0.5233715772628784,0.7904175519943237,-0.46272221207618713,0.5059735178947449,0.7540438175201416,-0.3180829584598541,0.5027852058410645,0.8530648350715637,-0.4809725880622864,0.48921409249305725,0.8178054094314575,-0.3423781991004944,0.43674153089523315,0.7334640622138977,-0.5659193396568298,0.4204375743865967,0.7027830481529236,-0.4168698191642761
0.8338550329208374,0.24815599620342255,0.09894971549510956,0.843854546546936,0.22517263889312744,0.10986240953207016,0.8494480848312378,0.2243226170539856,0.10982464253902435,0.8555319905281067,0.2235172837972641,0.1096535325050354,0.831996738910675,0.22614307701587677,0.1294134557247162,0.8292468786239624,0.22643321752548218,0.12947209179401398,0.826956570148468,0.2269238382577896,0.12945003807544708,0.8742650747299194,0.23033639788627625,0.18045195937156677,0.8341876864433289,0.23406270146369934,0.26896265149116516,0.845851719379425,0.26875972747802734,0.12230384349822998,0.8333051800727844,0.2677503228187561,0.14921627938747406,0.9168569445610046,0.33668848872184753,0.14997240900993347,0.815621018409729,0.32826653122901917,0.316159188747406,0.9637444615364075,0.4660816192626953,0.04643566533923149,0.7766222357749939,0.449068546295166,0.27062422037124634,0.8989270329475403,0.42928433418273926,-0.03435073047876358,0.7662573456764221,0.4298146069049835,0.1048375815153122,0.8762629628181458,0.4230807423591614,-0.05865250155329704,0.7593987584114075,0.4308394193649292,0.06356814503669739,0.8678344488143921,0.4076393246650696,-0.051202744245529175,0.7659755349159241,0.424172967672348,0.05605130270123482,0.8730427622795105,0.4106394350528717,-0.030851120129227638,0.7687256336212158,0.4236621558666229,0.0952228456735611,0.8249199986457825,0.5591065287590027,-0.07473887503147125,0.769934892654419,0.5281609892845154,0.07477769255638123,0.6942707300186157,0.6274310350418091,-0.23944500088691711,0.6566129922866821,0.5870216488838196,-0.10121192783117294,0.5256880521774292,0.7894917130470276,-0.45161038637161255,0.5120706558227539,0.7521195411682129,-0.312632292509079,0.5022435784339905,0.8522226214408875,-0.4685664176940918,0.49542880058288574,0.816975474357605,-0.33597296476364136,0.4383969306945801,0.7439799904823303,-0.5505890846252441,0.42330074310302734,0.7001566886901855,-0.40835094451904297
0.8300412893295288,0.24498121440410614,0.11192009598016739,0.8399076461791992,0.22200995683670044,0.1227094978094101,0.845410168170929,0.22095318138599396,0.12267421185970306,0.8514569401741028,0.21949662268161774,0.12250733375549316,0.8285540342330933,0.22343355417251587,0.142624631524086,0.8259380459785461,0.22389934957027435,0.14266358315944672,0.8237557411193848,0.224548801779747,0.14261548221111298,0.8707695007324219,0.22740042209625244,0.18938222527503967,0.8319202661514282,0.23198454082012177,0.282945454120636,0.8419262766838074,0.2668311297893524,0.1345573365688324,0.8297561407089233,0.2664996087551117,0.16250059008598328,0.9151261448860168,0.33415505290031433,0.14869819581508636,0.8132699728012085,0.32738038897514343,0.31894609332084656,0.9604406356811523,0.45744583010673523,0.03411111980676651,0.7784518003463745,0.4494393765926361,0.2746005654335022,0.8899459838867188,0.4384708106517792,-0.04510786011815071,0.757189929485321,0.43885400891304016,0.0821494460105896,0.8645240068435669,0.4414268136024475,-0.06935210525989532,0.7486875057220459,0.4374290108680725,0.03594057261943817,0.8578141331672668,0.425137460231781,-0.06500782817602158,0.7522056698799133,0.42834579944610596,0.025941669940948486,0.8623029589653015,0.4228193163871765,-0.03823878616094589,0.7578511238098145,0.43019211292266846,0.06998825818300247,0.8246947526931763,0.5584978461265564,-0.07508539408445358,0.7691769599914551,0.5280641913414001,0.07511193305253983,0.6941847801208496,0.6303615570068359,-0.24516808986663818,0.6564441919326782,0.5864550471305847,-0.10122785717248917,0.525108277797699,0.7903494834899902,-0.45877084136009216,0.51180499792099,0.7490459680557251,-0.3156307637691498,0.5039094686508179,0.8547279238700867,-0.4771939814090729,0.4969971179962158,0.8183696269989014,-0.33956125378608704,0.4382055401802063,0.7426283359527588,-0.561754047870636,0.42301541566848755,0.7009537220001221,-0.41183939576148987
0.8236783742904663,0.2380434274673462,0.07769446820020676,0.8328112363815308,0.21579204499721527,0.08552609384059906,0.8385718464851379,0.2145531177520752,0.08546648919582367,0.8444823026657104,0.21176819503307343,0.08529042452573776,0.82145756483078,0.21843108534812927,0.10700249671936035,0.8189334869384766,0.21907691657543182,0.10704604536294937,0.8167659044265747,0.21963897347450256,0.10702621936798096,0.8645049333572388,0.21859300136566162,0.13918639719486237,0.8257367014884949,0.22848665714263916,0.24168482422828674,0.8361662030220032,0.2602878212928772,0.09664325416088104,0.8241877555847168,0.2638693153858185,0.12686306238174438,0.913691520690918,0.33062461018562317,0.10769059509038925,0.804673969745636,0.3274308145046234,0.28602057695388794,0.9556616544723511,0.4694817364215851,0.010388104245066643,0.7660945653915405,0.44785773754119873,0.24890434741973877,0.866424560546875,0.44479700922966003,-0.08107977360486984,0.7408946752548218,0.4427112638950348,0.03796125948429108,0.8367186784744263,0.4556993246078491,-0.1118699163198471,0.7320855855941772,0.4450659155845642,-0.011542788706719875,0.8307091593742371,0.4331870973110199,-0.10522067546844482,0.7340142130851746,0.4347775876522064,-0.022889019921422005,0.838342010974884,0.43170487880706787,-0.07691168040037155,0.7402423024177551,0.4364932179450989,0.024880867451429367,0.823922336101532,0.5591472387313843,-0.07651038467884064,0.7672375440597534,0.5291246771812439,0.07663066685199738,0.6971328854560852,0.6281710267066956,-0.2668650150299072,0.6546933650970459,0.5833231210708618,-0.10489072650671005,0.5239454507827759,0.7880957126617432,-0.4760654866695404,0.5087729692459106,0.7506048679351807,-0.33586397767066956,0.5056323409080505,0.852391242980957,-0.4943196177482605,0.493767112493515,0.8214934468269348,-0.3615586757659912,0.4342462420463562,0.7365410923957825,-0.5830053091049194,0.4209511876106262,0.7024855017662048,-0.4389432370662689
0.8131793737411499,0.23362132906913757,0.042189471423625946,0.8202263712882996,0.20925156772136688,0.04843543469905853,0.8254376649856567,0.2079307585954666,0.04836222901940346,0.8312079310417175,0.20590801537036896,0.048216983675956726,0.8089238405227661,0.21280816197395325,0.06682084500789642,0.8060041666030884,0.21369798481464386,0.06684767454862595,0.8036373853683472,0.21463164687156677,0.06683244556188583,0.850202202796936,0.20705318450927734,0.09893307089805603,0.8120258450508118,0.22223129868507385,0.1897028088569641,0.8268928527832031,0.2537460923194885,0.06096796318888664,0.8142609596252441,0.2607170641422272,0.08779219537973404,0.9046561121940613,0.3138691484928131,0.07223283499479294,0.7950769662857056,0.3276028633117676,0.23762384057044983,0.926770031452179,0.48016637563705444,-0.0073221949860453606,0.7585009932518005,0.44685009121894836,0.19470076262950897,0.8280091285705566,0.4516071677207947,-0.09133139997720718,0.7157465219497681,0.44308599829673767,-0.02404133975505829,0.7973976731300354,0.4683999717235565,-0.1217021569609642,0.6988648772239685,0.4492257535457611,-0.07309398800134659,0.7917463779449463,0.44733279943466187,-0.11966437101364136,0.699173092842102,0.43675312399864197,-0.09107975661754608,0.7973507642745972,0.4431970417499542,-0.08898478746414185,0.7068127393722534,0.4371029734611511,-0.03985311836004257,0.8209242820739746,0.5676889419555664,-0.07711058109998703,0.7624452114105225,0.5391916036605835,0.0772475078701973,0.7021557092666626,0.6182523369789124,-0.2923354208469391,0.6499384641647339,0.5730159878730774,-0.10917390882968903,0.5254336595535278,0.7838455438613892,-0.5015655755996704,0.5043216347694397,0.7539453506469727,-0.3615941107273102,0.5091811418533325,0.8490379452705383,-0.5200090408325195,0.4877975881099701,0.8250356912612915,-0.3891354501247406,0.4382115304470062,0.735503613948822,-0.6111956238746643,0.4167851507663727,0.7075319886207581,-0.46572285890579224
0.7990673184394836,0.224503755569458,0.008896674029529095,0.8068947792053223,0.20296356081962585,0.009002639912068844,0.8125251531600952,0.20158521831035614,0.008961227722465992,0.8177605867385864,0.1989532858133316,0.008878165856003761,0.7965347170829773,0.20423105359077454,0.02827303484082222,0.7934896349906921,0.20393754541873932,0.028270453214645386,0.7909544110298157,0.20408441126346588,0.028213482350111008,0.8362457156181335,0.19742733240127563,0.043235644698143005,0.7998329997062683,0.21007154881954193,0.13526132702827454,0.8120342493057251,0.24499407410621643,0.023291949182748795,0.8004242777824402,0.24953068792819977,0.05050642415881157,0.8892233967781067,0.2996616065502167,0.008717772550880909,0.7829526662826538,0.3149254620075226,0.19455589354038239,0.8934709429740906,0.47540825605392456,-0.0631941705942154,0.7305446267127991,0.4349711537361145,0.1835826188325882,0.7956982851028442,0.47236114740371704,-0.15313513576984406,0.6774868369102478,0.45217573642730713,-0.000278509221971035,0.7644684314727783,0.4933205842971802,-0.1869238317012787,0.6606181859970093,0.46738603711128235,-0.04517973214387894,0.7595325708389282,0.47699740529060364,-0.19122201204299927,0.6620278358459473,0.45816776156425476,-0.06912515312433243,0.7657302021980286,0.4684259593486786,-0.1537814885377884,0.6708239912986755,0.45309630036354065,-0.0178819727152586,0.8169151544570923,0.57486891746521,-0.07704709470272064,0.7573122382164001,0.5458011627197266,0.07728808373212814,0.6971939206123352,0.6218897104263306,-0.2807426452636719,0.6386119723320007,0.5753316879272461,-0.10041143745183945,0.5247060656547546,0.7876492142677307,-0.46060165762901306,0.49591389298439026,0.7578564286231995,-0.32569068670272827,0.5092856884002686,0.8521080017089844,-0.4761869013309479,0.4813230037689209,0.8298421502113342,-0.350681871175766,0.43507665395736694,0.7597768902778625,-0.5627354383468628,0.41015544533729553,0.7128620743751526,-0.4198695719242096
0.7826277017593384,0.21353667974472046,-0.020992737263441086,0.7896970510482788,0.1914473921060562,-0.017809581011533737,0.7953240275382996,0.1883678436279297,-0.017847800627350807,0.8005260229110718,0.18469774723052979,-0.017898498103022575,0.780321478843689,0.19428342580795288,0.0009803592693060637,0.7777427434921265,0.1940864622592926,0.0009583709761500359,0.77525794506073,0.19405511021614075,0.0008912901394069195,0.8206989169120789,0.18399974703788757,0.024306517094373703,0.7845288515090942,0.19854766130447388,0.11169399321079254,0.7954513430595398,0.23277594149112701,-0.0043987492099404335,0.7847753167152405,0.2353801280260086,0.021285025402903557,0.8728218078613281,0.28586676716804504,-0.034119050949811935,0.7701147794723511,0.3061428666114807,0.1861966848373413,0.8623447418212891,0.46074116230010986,-0.12023341655731201,0.706656813621521,0.42246076464653015,0.1512780487537384,0.7571054697036743,0.4831499755382538,-0.19843757152557373,0.6462098956108093,0.4552341103553772,-0.05030507594347,0.724040687084198,0.5155443549156189,-0.2294122874736786,0.6317808032035828,0.47588488459587097,-0.09463495016098022,0.7170201539993286,0.49625876545906067,-0.23546817898750305,0.6332311034202576,0.4666742980480194,-0.1167227029800415,0.7232387661933899,0.487615168094635,-0.19887641072273254,0.6402328610420227,0.45945772528648376,-0.06831339001655579,0.8162261247634888,0.5743795037269592,-0.08203206956386566,0.7575711607933044,0.5461925864219666,0.08236681669950485,0.6894996166229248,0.6149505376815796,-0.25191113352775574,0.6382287740707397,0.5676828026771545,-0.10940712690353394,0.5250040888786316,0.7868796586990356,-0.4050467610359192,0.49771180748939514,0.7538174986839294,-0.30230385065078735,0.5110267400741577,0.8501671552658081,-0.41867685317993164,0.4761521816253662,0.8131790161132812,-0.3235287368297577,0.4407869875431061,0.7680754661560059,-0.511480450630188,0.41653212904930115,0.7118862867355347,-0.4012835621833801
0.7676905989646912,0.2053702175617218,-0.06721539795398712,0.7751868963241577,0.17974060773849487,-0.06448438763618469,0.7803366184234619,0.1766965389251709,-0.06450827419757843,0.7862833142280579,0.17371588945388794,-0.0645291730761528,0.7648634314537048,0.18430328369140625,-0.047550998628139496,0.7625133991241455,0.18502230942249298,-0.047605179250240326,0.7606391310691833,0.18559278547763824,-0.04769107699394226,0.8052689433097839,0.17505893111228943,-0.019288748502731323,0.7693666815757751,0.18821881711483002,0.057622529566287994,0.7794663906097412,0.2244107723236084,-0.0490327849984169,0.7687168717384338,0.22784294188022614,-0.026434535160660744,0.8546212315559387,0.28096240758895874,-0.09205019474029541,0.7517972588539124,0.2997223436832428,0.15324631333351135,0.8302680850028992,0.45120006799697876,-0.19410587847232819,0.6826413869857788,0.4145471453666687,0.110625721514225,0.7256830334663391,0.49281132221221924,-0.270921528339386,0.6220144033432007,0.4548863172531128,-0.08463500440120697,0.6945627331733704,0.5234320163726807,-0.3013957440853119,0.606865406036377,0.4761020541191101,-0.12478446960449219,0.6893972158432007,0.5050880908966064,-0.3038437068462372,0.6096605062484741,0.4686243236064911,-0.14370498061180115,0.6965302228927612,0.49677717685699463,-0.2700463831424713,0.6168683767318726,0.46305957436561584,-0.10076303780078888,0.8138012886047363,0.5950107574462891,-0.08951695263385773,0.7575976252555847,0.5744564533233643,0.0898413360118866,0.6723569631576538,0.5856137871742249,-0.23034290969371796,0.6323145627975464,0.5651339888572693,-0.08069674670696259,0.5254082083702087,0.7861059308052063,-0.3561725318431854,0.49933165311813354,0.7504320740699768,-0.24839189648628235,0.5142412185668945,0.8534862995147705,-0.367231547832489,0.48043984174728394,0.8066866397857666,-0.26669615507125854,0.44090238213539124,0.7615416646003723,-0.4536422789096832,0.4195689558982849,0.7101461887359619,-0.3348148465156555
0.7452558875083923,0.20003673434257507,-0.0769694447517395,0.753304123878479,0.17531174421310425,-0.07318942248821259,0.7587146759033203,0.1729297786951065,-0.07319848984479904,0.7647369503974915,0.17033815383911133,-0.07319582998752594,0.743319571018219,0.17828825116157532,-0.0574631504714489,0.7409377694129944,0.17861562967300415,-0.057519037276506424,0.7390803098678589,0.1786765158176422,-0.057590335607528687,0.7846428155899048,0.17117877304553986,-0.025646323338150978,0.7494840025901794,0.17997241020202637,0.045334137976169586,0.7571797370910645,0.22130142152309418,-0.05818216875195503,0.7466965913772583,0.22511722147464752,-0.03732464462518692,0.8346242904663086,0.2769753038883209,-0.1073291152715683,0.7348794341087341,0.2917543947696686,0.14219194650650024,0.7940033674240112,0.43400245904922485,-0.2051711082458496,0.6645649075508118,0.40474388003349304,0.11436516046524048,0.6901115775108337,0.500974714756012,-0.25755178928375244,0.5994930267333984,0.4546031057834625,-0.06496184319257736,0.6585603356361389,0.5343053936958313,-0.28658589720726013,0.5787938833236694,0.4750647246837616,-0.09414003789424896,0.6511374711990356,0.5206114649772644,-0.2883014678955078,0.5823781490325928,0.47019118070602417,-0.11554001271724701,0.6571242809295654,0.5116090774536133,-0.25641533732414246,0.5911970138549805,0.46638306975364685,-0.08069627732038498,0.8086158633232117,0.5929859280586243,-0.09010889381170273,0.7560960054397583,0.5697855949401855,0.09039318561553955,0.6663216948509216,0.558290958404541,-0.2217416763305664,0.623820960521698,0.533517599105835,-0.08224450051784515,0.5279655456542969,0.7827922105789185,-0.33623093366622925,0.5010882616043091,0.7432307004928589,-0.2424737960100174,0.5187286734580994,0.8480395078659058,-0.34650203585624695,0.4879330098628998,0.8050053715705872,-0.25958240032196045,0.44994544982910156,0.7621927857398987,-0.4304685592651367,0.42046022415161133,0.7179482579231262,-0.32853925228118896
0.7226229906082153,0.1974310576915741,-0.08606001734733582,0.7299402952194214,0.17240841686725616,-0.08360058069229126,0.7357192635536194,0.1699991226196289,-0.08362526446580887,0.7420322895050049,0.1673387736082077,-0.08363614976406097,0.7200530171394348,0.17601054906845093,-0.06782286614179611,0.7176045179367065,0.176460862159729,-0.06788806617259979,0.7156206369400024,0.17672482132911682,-0.06796739995479584,0.763008177280426,0.16715054214000702,-0.03479660302400589,0.7273024916648865,0.1770041286945343,0.03713426738977432,0.7359064817428589,0.2190120667219162,-0.06602896004915237,0.7249376773834229,0.22359055280685425,-0.04495399445295334,0.8141058683395386,0.2715972363948822,-0.11687113344669342,0.7115493416786194,0.2898320257663727,0.13317297399044037,0.7688464522361755,0.41879385709762573,-0.23648472130298615,0.6397062540054321,0.4050807058811188,0.08884047716856003,0.666298508644104,0.5075297355651855,-0.3043951094150543,0.5675162076950073,0.46160203218460083,-0.09354743361473083,0.6357846260070801,0.5400343537330627,-0.33569711446762085,0.5509525537490845,0.4839448630809784,-0.13020385801792145,0.626850962638855,0.5265900492668152,-0.33725571632385254,0.5537879467010498,0.4818043112754822,-0.15196548402309418,0.6287041902542114,0.5177993178367615,-0.30380406975746155,0.5608952045440674,0.47724705934524536,-0.1103600412607193,0.797162652015686,0.591727614402771,-0.08995535224676132,0.7440630197525024,0.5704987049102783,0.0902620255947113,0.6588220000267029,0.5413122177124023,-0.24298694729804993,0.6113938093185425,0.5286531448364258,-0.1321001946926117,0.534667432308197,0.7601994276046753,-0.36897656321525574,0.4939063489437103,0.7515009641647339,-0.3256019055843353,0.52605140209198,0.8367241024971008,-0.3772892653942108,0.48693281412124634,0.8093430399894714,-0.3450370728969574,0.4599629342556,0.76969975233078,-0.4741690158843994,0.4182867109775543,0.7205206155776978,-0.423999547958374
0.6997678875923157,0.19738246500492096,-0.03328176215291023,0.7062762975692749,0.1714041829109192,-0.03139646351337433,0.7121086120605469,0.16856712102890015,-0.03136720508337021,0.7183997631072998,0.1653839498758316,-0.031338855624198914,0.6963181495666504,0.17556552588939667,-0.013783137314021587,0.6937673687934875,0.17608247697353363,-0.013881022110581398,0.6916124820709229,0.1763807237148285,-0.013974699191749096,0.7388061285018921,0.16433343291282654,0.01983460783958435,0.7035132646560669,0.17666922509670258,0.09867432713508606,0.7139294147491455,0.21906666457653046,-0.012978593818843365,0.7028495669364929,0.2236228734254837,0.010185720399022102,0.7912610769271851,0.2683046758174896,-0.07754264771938324,0.6899686455726624,0.28949081897735596,0.18897956609725952,0.7384724020957947,0.41118118166923523,-0.20740588009357452,0.6148990988731384,0.4044199287891388,0.14219297468662262,0.6380163431167603,0.5099755525588989,-0.2706823945045471,0.5476366877555847,0.4653318226337433,-0.041930191218853,0.6110028624534607,0.5471500158309937,-0.2996540367603302,0.5276967287063599,0.4901137053966522,-0.0774863138794899,0.6019865274429321,0.5311780571937561,-0.3046143054962158,0.5292938947677612,0.4886852204799652,-0.10012002289295197,0.6057942509651184,0.5174927115440369,-0.271358847618103,0.5397343039512634,0.4825175702571869,-0.059153962880373,0.7807356715202332,0.5922173261642456,-0.09415564686059952,0.7251085042953491,0.5754108428955078,0.09434035420417786,0.6426461338996887,0.5242434144020081,-0.2752506136894226,0.5896733403205872,0.5089248418807983,-0.1375676840543747,0.5253063440322876,0.7588973045349121,-0.4409843385219574,0.4955143928527832,0.7616890668869019,-0.35641610622406006,0.5235848426818848,0.8332582116127014,-0.4536634087562561,0.49163922667503357,0.8335878252983093,-0.3788839876651764,0.4480726718902588,0.741094708442688,-0.5381149053573608,0.4219903349876404,0.7335643172264099,-0.46530231833457947
0.6714907884597778,0.20273113250732422,-0.020433956757187843,0.6778715252876282,0.17435669898986816,-0.018277758732438087,0.6822234988212585,0.1714663803577423,-0.018261631950736046,0.6878713369369507,0.1675357222557068,-0.018251510336995125,0.6679283380508423,0.17848743498325348,-0.00034949491964653134,0.6660014986991882,0.17855654656887054,-0.00042803207179531455,0.6641173362731934,0.17847660183906555,-0.0005162649904377759,0.7097717523574829,0.16498172283172607,0.03384855017066002,0.6769095659255981,0.1771506369113922,0.11172215640544891,0.6860371828079224,0.2218465954065323,-0.00123131787404418,0.6763184666633606,0.2273537963628769,0.022569581866264343,0.7654553055763245,0.2683837413787842,-0.05688454583287239,0.6694206595420837,0.28885799646377563,0.1990283876657486,0.6915292143821716,0.4128526449203491,-0.18178856372833252,0.5860930681228638,0.4041861593723297,0.16173630952835083,0.5972661972045898,0.5123799443244934,-0.24619030952453613,0.5144360065460205,0.4706125855445862,0.008633529767394066,0.570700466632843,0.5478576421737671,-0.2734628915786743,0.4979780316352844,0.4955371916294098,-0.01665324904024601,0.5629045963287354,0.5363824367523193,-0.2754124701023102,0.499875545501709,0.4969698488712311,-0.037064168602228165,0.5678271651268005,0.523783802986145,-0.24614068865776062,0.5071653127670288,0.4915648102760315,-0.006180006079375744,0.7615634799003601,0.5926421880722046,-0.09505967050790787,0.7082597017288208,0.5763094425201416,0.0951664000749588,0.6247018575668335,0.5027167201042175,-0.29272013902664185,0.5781280994415283,0.48783621191978455,-0.1286030411720276,0.5176330208778381,0.7593136429786682,-0.45541009306907654,0.49244970083236694,0.7610838413238525,-0.3576895594596863,0.5184807181358337,0.8324016332626343,-0.46828025579452515,0.49281153082847595,0.8321466445922852,-0.38201904296875,0.43320998549461365,0.7597305178642273,-0.5535118579864502,0.42041850090026855,0.7345395684242249,-0.4636538028717041
0.6421564817428589,0.20275089144706726,0.0006147857056930661,0.6485912203788757,0.1746920794248581,0.0003153615107294172,0.6526912450790405,0.17158548533916473,0.00037497220910154283,0.6579760313034058,0.16741050779819489,0.000473072926979512,0.6394436359405518,0.17902399599552155,0.02021409012377262,0.6378198266029358,0.17911751568317413,0.020109720528125763,0.6363950967788696,0.1791398972272873,0.019969599321484566,0.6783506870269775,0.16446344554424286,0.035471875220537186,0.6494669914245605,0.17711608111858368,0.1262032836675644,0.6583735942840576,0.22060182690620422,0.015117873437702656,0.6484309434890747,0.22667723894119263,0.041570886969566345,0.737251877784729,0.2674432098865509,-0.051552869379520416,0.6419245004653931,0.29253989458084106,0.20953328907489777,0.6591373085975647,0.4141384959220886,-0.15868334472179413,0.5586966276168823,0.4075135886669159,0.17873287200927734,0.5655921697616577,0.5058596134185791,-0.21211235225200653,0.4842611849308014,0.47836291790008545,0.02679876610636711,0.539860188961029,0.5524486303329468,-0.2374950647354126,0.4653111398220062,0.5104564428329468,0.0008353447774425149,0.5291684865951538,0.5458956360816956,-0.24057333171367645,0.4663519859313965,0.5117946863174438,-0.01966984197497368,0.5386673212051392,0.5293563604354858,-0.21233335137367249,0.4732297956943512,0.5033407211303711,0.011713344603776932,0.7382563948631287,0.5972794890403748,-0.09473799169063568,0.6861482858657837,0.5897161960601807,0.09478668868541718,0.6104377508163452,0.47928839921951294,-0.31122565269470215,0.5614719986915588,0.47845712304115295,-0.12416817247867584,0.5151909589767456,0.756447434425354,-0.477243572473526,0.49207693338394165,0.7518210411071777,-0.3581218421459198,0.5169832706451416,0.8341885209083557,-0.4903310239315033,0.49440306425094604,0.8303821086883545,-0.3820534646511078,0.43115490674972534,0.7513086199760437,-0.5785665512084961,0.41966789960861206,0.7328005433082581,-0.4611435830593109
0.6152685880661011,0.20354236662387848,-0.034546393901109695,0.6204957962036133,0.17553496360778809,-0.033118877559900284,0.6248897314071655,0.17202019691467285,-0.03304164856672287,0.6304064989089966,0.16752447187900543,-0.03291887417435646,0.6121604442596436,0.1800621598958969,-0.010065548121929169,0.6105390787124634,0.1801234632730484,-0.010157139971852303,0.6090909838676453,0.18011805415153503,-0.01033375971019268,0.6513748168945312,0.16449502110481262,0.009331314824521542,0.6216739416122437,0.17773744463920593,0.12010111659765244,0.6318087577819824,0.22073505818843842,-0.017720479518175125,0.6213081479072571,0.22660693526268005,0.012900072149932384,0.7085596919059753,0.26780766248703003,-0.08133329451084137,0.6137970685958862,0.29486730694770813,0.21734586358070374,0.6217851638793945,0.41745293140411377,-0.17330922186374664,0.5281885862350464,0.40746942162513733,0.23130159080028534,0.5183219313621521,0.5111371874809265,-0.19336286187171936,0.4428034722805023,0.49225494265556335,0.12244228273630142,0.49070101976394653,0.5554512739181519,-0.21775873005390167,0.4258531630039215,0.5219628214836121,0.10583336651325226,0.4828030467033386,0.5479608178138733,-0.2186259776353836,0.42802292108535767,0.52482008934021,0.07768626511096954,0.4935155510902405,0.5320452451705933,-0.19271838665008545,0.43488630652427673,0.517852783203125,0.10491453111171722,0.714408278465271,0.6036821007728577,-0.10331455618143082,0.6602562069892883,0.595116138458252,0.1028888002038002,0.5867855548858643,0.4716442823410034,-0.31974342465400696,0.5333205461502075,0.46678707003593445,-0.05049380660057068,0.5115691423416138,0.7673651576042175,-0.45701664686203003,0.4806581437587738,0.7441456317901611,-0.25753435492515564,0.51658034324646,0.846809983253479,-0.4695853292942047,0.4893253743648529,0.8017831444740295,-0.2790500223636627,0.42899760603904724,0.7987841367721558,-0.5546659827232361,0.4110422730445862,0.7485979795455933,-0.3485909104347229
0.5840672254562378,0.20428483188152313,-0.034990716725587845,0.589225172996521,0.17573347687721252,-0.030858168378472328,0.5934951901435852,0.17213132977485657,-0.03080127015709877,0.5986432433128357,0.16756702959537506,-0.03066379949450493,0.5809392929077148,0.1807095855474472,-0.004340097773820162,0.5795022249221802,0.1808222085237503,-0.00440469104796648,0.5783484578132629,0.18087829649448395,-0.004558216314762831,0.6217285394668579,0.1642749309539795,0.013731041923165321,0.5923525094985962,0.17813743650913239,0.13661840558052063,0.6002278923988342,0.22077903151512146,-0.01768716797232628,0.5898116827011108,0.2265336513519287,0.01792055182158947,0.6769015192985535,0.26718297600746155,-0.08162304759025574,0.5885314345359802,0.2982321083545685,0.24360814690589905,0.5906091928482056,0.41083699464797974,-0.17720286548137665,0.49767670035362244,0.40936166048049927,0.2728266716003418,0.47744861245155334,0.5138523578643799,-0.20053668320178986,0.4081239104270935,0.49405431747436523,0.17919184267520905,0.4458313584327698,0.5573331713676453,-0.22720003128051758,0.3856601119041443,0.5242445468902588,0.16491611301898956,0.43913745880126953,0.5489745736122131,-0.2271837294101715,0.3863217830657959,0.5276482105255127,0.1330442577600479,0.4527629315853119,0.5333855152130127,-0.19922497868537903,0.39770179986953735,0.5230998396873474,0.15985992550849915,0.6896364092826843,0.6061272025108337,-0.10589005053043365,0.6339977383613586,0.6037112474441528,0.10543550550937653,0.5718482732772827,0.4567888081073761,-0.34316882491111755,0.5106914639472961,0.4481053948402405,-0.04493822529911995,0.5110653042793274,0.7651300430297852,-0.49159154295921326,0.4886777400970459,0.7471142411231995,-0.25161227583885193,0.5167053937911987,0.8499653339385986,-0.5052013993263245,0.4970296025276184,0.7952475547790527,-0.2705349624156952,0.42343124747276306,0.7746544480323792,-0.6015682220458984,0.41690579056739807,0.7477810978889465,-0.3269083797931671
0.5536612272262573,0.206545889377594,-0.056885428726673126,0.5590828657150269,0.17673388123512268,-0.05933801457285881,0.5633898377418518,0.17311091721057892,-0.05929896980524063,0.5686153173446655,0.16847315430641174,-0.05915921926498413,0.5506779551506042,0.1816231608390808,-0.029810164123773575,0.5492385625839233,0.18157829344272614,-0.029857659712433815,0.5481124520301819,0.1815815567970276,-0.030007243156433105,0.5937055349349976,0.16400063037872314,-0.023105084896087646,0.5638081431388855,0.17826694250106812,0.11653389781713486,0.5691894888877869,0.22272366285324097,-0.041465647518634796,0.5595581531524658,0.2278466373682022,-0.0024661875795572996,0.6452275514602661,0.2674568295478821,-0.11648406088352203,0.5654206275939941,0.2988434135913849,0.23305439949035645,0.5485597848892212,0.4111354947090149,-0.21881353855133057,0.46718961000442505,0.4037403166294098,0.24798719584941864,0.4309196472167969,0.5156376957893372,-0.22673818469047546,0.3728145956993103,0.4937960207462311,0.14091697335243225,0.3955443203449249,0.5568504929542542,-0.2592863142490387,0.3440944254398346,0.5258736610412598,0.1245797872543335,0.38827183842658997,0.5488302111625671,-0.2565256655216217,0.34552377462387085,0.5300625562667847,0.09093091636896133,0.3980697989463806,0.5343987345695496,-0.22427554428577423,0.35669663548469543,0.5246061682701111,0.12057487666606903,0.6714856624603271,0.6128055453300476,-0.10563652217388153,0.6173027753829956,0.6184191703796387,0.10518012195825577,0.5616477727890015,0.4481937885284424,-0.3895634114742279,0.5019359588623047,0.43534138798713684,-0.07720143347978592,0.5049821138381958,0.7571885585784912,-0.5616448521614075,0.4888364374637604,0.7316559553146362,-0.324912965297699,0.5113121271133423,0.8430365920066833,-0.57671058177948,0.5025073289871216,0.7972891926765442,-0.3511442244052887,0.41719189286231995,0.7878285050392151,-0.6806164979934692,0.4219435751438141,0.7575345635414124,-0.43585747480392456
0.5285695791244507,0.21370959281921387,-0.13003525137901306,0.5322978496551514,0.18263782560825348,-0.14249473810195923,0.5367963910102844,0.17927630245685577,-0.14248022437095642,0.5414422750473022,0.17526660859584808,-0.14237788319587708,0.5244064927101135,0.1861792951822281,-0.10915426164865494,0.5228945016860962,0.18552593886852264,-0.1092289462685585,0.521641194820404,0.1849401295185089,-0.10937664657831192,0.5658246874809265,0.16713984310626984,-0.12783175706863403,0.537796676158905,0.1794274002313614,0.023967374116182327,0.5446566343307495,0.2305506020784378,-0.12067729234695435,0.5350731611251831,0.23397772014141083,-0.07675690203905106,0.6142507791519165,0.26722556352615356,-0.2204124480485916,0.5484310388565063,0.29866471886634827,0.16501735150814056,0.5111115574836731,0.40915647149086,-0.30088967084884644,0.44603219628334045,0.40006229281425476,0.19506420195102692,0.38126808404922485,0.4927992820739746,-0.30284634232521057,0.3426962196826935,0.49338674545288086,0.09581845253705978,0.3463875651359558,0.5318605899810791,-0.3354552984237671,0.31410902738571167,0.5253013968467712,0.09171763807535172,0.339585542678833,0.5272104740142822,-0.3245648741722107,0.313495397567749,0.5312063097953796,0.04426651448011398,0.3529817461967468,0.508285641670227,-0.29775166511535645,0.325194388628006,0.5254807472229004,0.07579745352268219,0.6543130278587341,0.6232213973999023,-0.11595632135868073,0.6077091693878174,0.6232455372810364,0.11538747698068619,0.5297921895980835,0.43888038396835327,-0.2685491144657135,0.47614556550979614,0.42355215549468994,0.18321482837200165,0.49412575364112854,0.7528423070907593,-0.25081291794776917,0.49456754326820374,0.7120639085769653,0.09302137792110443,0.5111485719680786,0.8388585448265076,-0.24660930037498474,0.508531391620636,0.7723553776741028,0.08201303333044052,0.40527018904685974,0.7872672080993652,-0.3094891905784607,0.42147746682167053,0.7512804865837097,0.04164518043398857
0.5054541826248169,0.2237626612186432,-0.24313752353191376,0.5095316171646118,0.19150085747241974,-0.26107892394065857,0.5133592486381531,0.18828146159648895,-0.2611071467399597,0.5178961157798767,0.18412530422210693,-0.26103702187538147,0.5021110773086548,0.1939617097377777,-0.2245577871799469,0.5009567737579346,0.19293636083602905,-0.22464606165885925,0.5000098347663879,0.1919289529323578,-0.22472555935382843,0.5430368185043335,0.17321783304214478,-0.25678831338882446,0.5169585347175598,0.18267248570919037,-0.09273524582386017,0.5219051837921143,0.2410995215177536,-0.2362901270389557,0.5134800672531128,0.24297849833965302,-0.1885586529970169,0.5865802764892578,0.2677363455295563,-0.3455808758735657,0.5388315916061401,0.2982594966888428,0.08484981209039688,0.4677238464355469,0.41011640429496765,-0.42943286895751953,0.42013412714004517,0.39693281054496765,0.106814444065094,0.3371947705745697,0.4896567165851593,-0.43865910172462463,0.31457656621932983,0.48928096890449524,0.014605844393372536,0.30036288499832153,0.5280514359474182,-0.4864746928215027,0.284378319978714,0.5164204835891724,0.010667210444808006,0.2943284213542938,0.5240694284439087,-0.46482712030410767,0.2794632315635681,0.5252860188484192,-0.036808643490076065,0.30440863966941833,0.5101616382598877,-0.4306407868862152,0.28979700803756714,0.5181553959846497,-0.011525451205670834,0.6399601697921753,0.6248833537101746,-0.13034027814865112,0.6040278077125549,0.6302499771118164,0.12982293963432312,0.5129634737968445,0.4346046447753906,-0.210642009973526,0.47155651450157166,0.45033442974090576,0.21571402251720428,0.49100860953330994,0.7494542598724365,-0.0808974951505661,0.49538135528564453,0.7088472843170166,0.21199044585227966,0.4936007857322693,0.8120851516723633,-0.06718221306800842,0.5082331895828247,0.7682816386222839,0.21041131019592285,0.4005030691623688,0.7469994425773621,-0.10247524082660675,0.42674970626831055,0.7587563991546631,0.1879153549671173
0.4884610176086426,0.22708110511302948,-0.22689490020275116,0.49213337898254395,0.19421909749507904,-0.2516493499279022,0.4951692521572113,0.19135144352912903,-0.25169962644577026,0.4990440309047699,0.18746662139892578,-0.25167781114578247,0.48695501685142517,0.1961449235677719,-0.21114404499530792,0.48670631647109985,0.19506683945655823,-0.21122828125953674,0.48647943139076233,0.19372600317001343,-0.21129748225212097,0.5241504311561584,0.17545495927333832,-0.2784925103187561,0.506391167640686,0.1826474666595459,-0.09381207078695297,0.5034705400466919,0.24459491670131683,-0.22926397621631622,0.49722152948379517,0.24579881131649017,-0.17620164155960083,0.5640300512313843,0.2711474299430847,-0.3777199983596802,0.5338197946548462,0.2887893319129944,0.09450538456439972,0.4344155788421631,0.40264472365379333,-0.45184558629989624,0.4114242494106293,0.391069233417511,0.12670369446277618,0.302019327878952,0.48195335268974304,-0.451587051153183,0.29603561758995056,0.48418718576431274,0.03530524671077728,0.26864534616470337,0.5213396549224854,-0.509580135345459,0.2655797600746155,0.5144408941268921,0.030076244845986366,0.2629384994506836,0.5208590030670166,-0.480368047952652,0.2612197995185852,0.5224496722221375,-0.017166437581181526,0.2700856328010559,0.5092394948005676,-0.4411936402320862,0.26777663826942444,0.5146357417106628,0.008983153849840164,0.6275730133056641,0.6268495917320251,-0.14296992123126984,0.6046211123466492,0.6287065148353577,0.14256970584392548,0.4953208565711975,0.4216521382331848,-0.16763176023960114,0.4712609350681305,0.4181281328201294,0.23546092212200165,0.4905737340450287,0.7322978377342224,0.026900729164481163,0.4957965314388275,0.6898751854896545,0.3412621021270752,0.5003419518470764,0.8000220656394958,0.04681834205985069,0.5148473381996155,0.7475122809410095,0.3511374890804291,0.41411417722702026,0.7365140914916992,0.04709086939692497,0.43403419852256775,0.7439625859260559,0.35370925068855286
0.48416584730148315,0.22625713050365448,-0.17062395811080933,0.4880766272544861,0.19315999746322632,-0.20185251533985138,0.4915931224822998,0.19030164182186127,-0.20192785561084747,0.49571555852890015,0.18664373457431793,-0.20189988613128662,0.4834493100643158,0.19475065171718597,-0.15832574665546417,0.483316570520401,0.19355148077011108,-0.15838150680065155,0.4833114743232727,0.19211097061634064,-0.15846388041973114,0.520842969417572,0.1752939373254776,-0.2399687021970749,0.5035602450370789,0.18119165301322937,-0.0666561871767044,0.4981473982334137,0.24371695518493652,-0.18359632790088654,0.4921577572822571,0.24527746438980103,-0.12691186368465424,0.5578827261924744,0.27126345038414,-0.3343850076198578,0.5333212614059448,0.28836119174957275,0.11187394708395004,0.4275732934474945,0.39742958545684814,-0.40644845366477966,0.4120306968688965,0.3997790813446045,0.14552149176597595,0.29204991459846497,0.47065848112106323,-0.41828519105911255,0.2874348759651184,0.48452818393707275,0.0664086863398552,0.25862497091293335,0.5136668086051941,-0.46383365988731384,0.25463613867759705,0.5152122974395752,0.06721339374780655,0.2516205906867981,0.5126464366912842,-0.4376775324344635,0.2494930773973465,0.5226262807846069,0.018342528492212296,0.261687308549881,0.49850624799728394,-0.4036955237388611,0.25699567794799805,0.5143226385116577,0.040230490267276764,0.6242777109146118,0.6278035640716553,-0.13712728023529053,0.6000800132751465,0.629391074180603,0.13667874038219452,0.48977765440940857,0.4178053140640259,-0.18353955447673798,0.45830535888671875,0.42479485273361206,0.23786309361457825,0.48655956983566284,0.7333745360374451,-0.020992394536733627,0.5029784440994263,0.6966848373413086,0.3100196421146393,0.5071035623550415,0.7995171546936035,-0.0023807224351912737,0.5273245573043823,0.7434951066970825,0.3169993758201599,0.4193781912326813,0.743900716304779,-0.0016832982655614614,0.45054417848587036,0.7487771511077881,0.3161852955818176
0.4909343123435974,0.2210274636745453,-0.17406615614891052,0.49419188499450684,0.18902719020843506,-0.20468242466449738,0.4978307783603668,0.1865963190793991,-0.20475229620933533,0.5020263195037842,0.1840495467185974,-0.20473060011863708,0.48920097947120667,0.18995609879493713,-0.16017121076583862,0.4889325201511383,0.18858790397644043,-0.1602364331483841,0.48881620168685913,0.18703418970108032,-0.16029421985149384,0.5257827043533325,0.17497536540031433,-0.2465226948261261,0.5090888738632202,0.17778241634368896,-0.06263857334852219,0.5049923658370972,0.2409493625164032,-0.18750442564487457,0.4987368583679199,0.24182014167308807,-0.12902022898197174,0.5653297305107117,0.2719631493091583,-0.34332314133644104,0.5363346338272095,0.283394992351532,0.11885029077529907,0.44039422273635864,0.3893640637397766,-0.418461412191391,0.4182252883911133,0.3959096372127533,0.15424209833145142,0.30553001165390015,0.4582313597202301,-0.4267100393772125,0.2986554503440857,0.4705021381378174,0.0701708197593689,0.2704067826271057,0.5024440288543701,-0.47595953941345215,0.26533761620521545,0.5053414702415466,0.07172428071498871,0.26351502537727356,0.4983155131340027,-0.44911208748817444,0.2604823410511017,0.5108737349510193,0.02426712028682232,0.2728089988231659,0.48479121923446655,-0.41517654061317444,0.26879173517227173,0.5016905069351196,0.044337086379528046,0.6278768181800842,0.6249099373817444,-0.13911347091197968,0.6013725399971008,0.6267483830451965,0.13872672617435455,0.49476686120033264,0.41866034269332886,-0.20804469287395477,0.4654412865638733,0.426908016204834,0.2391316443681717,0.49234169721603394,0.7392795085906982,-0.08570002019405365,0.49664291739463806,0.6987908482551575,0.27254346013069153,0.5059810876846313,0.7988014817237854,-0.07344531267881393,0.5213004350662231,0.7462707757949829,0.27592217922210693,0.4148746132850647,0.741865873336792,-0.10999491065740585,0.4281015992164612,0.7408312559127808,0.26544100046157837
0.522639811038971,0.2127562165260315,-0.10162012279033661,0.5280247926712036,0.1819257140159607,-0.12126414477825165,0.5326932072639465,0.17953826487064362,-0.12126950919628143,0.5381950736045837,0.17678339779376984,-0.12117534875869751,0.5216155052185059,0.18276847898960114,-0.08610755950212479,0.520641028881073,0.18158093094825745,-0.08616982400417328,0.5196303725242615,0.18037234246730804,-0.08626386523246765,0.5630295872688293,0.1711408644914627,-0.12903033196926117,0.5379657745361328,0.1738157868385315,0.029009010642766953,0.5359208583831787,0.23400355875492096,-0.0993700698018074,0.5269942879676819,0.23404638469219208,-0.053397201001644135,0.6022357940673828,0.26536843180656433,-0.22734899818897247,0.5515957474708557,0.2810758650302887,0.17963562905788422,0.48992976546287537,0.37193602323532104,-0.31073907017707825,0.4477607309818268,0.3838579058647156,0.2145373523235321,0.35345375537872314,0.44116953015327454,-0.3112139105796814,0.33617860078811646,0.45100724697113037,0.11731968075037003,0.3148958384990692,0.47972047328948975,-0.3481723666191101,0.30371981859207153,0.4819243550300598,0.11289926618337631,0.30808013677597046,0.47658297419548035,-0.32925906777381897,0.3015668988227844,0.4845835268497467,0.06918703764677048,0.3185010850429535,0.46551772952079773,-0.3027402460575104,0.3083961009979248,0.47703230381011963,0.09247474372386932,0.6501143574714661,0.6176108717918396,-0.1263727843761444,0.6114341020584106,0.6225782036781311,0.12578657269477844,0.5231890678405762,0.4215439260005951,-0.2549296021461487,0.481697142124176,0.45321083068847656,0.15907694399356842,0.4910237789154053,0.7528531551361084,-0.2361973077058792,0.49511241912841797,0.71894371509552,0.04957783222198486,0.5073856711387634,0.8321953415870667,-0.2324213981628418,0.5129278898239136,0.7786864638328552,0.03736282140016556,0.4071144163608551,0.7709706425666809,-0.2969604730606079,0.4251786172389984,0.7548686265945435,-0.011079573072493076
0.5670070052146912,0.1997590959072113,-0.03129982203245163,0.5725654363632202,0.16951718926429749,-0.04077692702412605,0.5774532556533813,0.16709688305854797,-0.04076937586069107,0.5830317735671997,0.16431985795497894,-0.040659841150045395,0.5661314129829407,0.17086823284626007,-0.00800362043082714,0.5652673244476318,0.17012491822242737,-0.008039616048336029,0.564391016960144,0.1694452315568924,-0.008139058016240597,0.6072815656661987,0.1624523252248764,-0.02668384276330471,0.5810174942016602,0.1670789271593094,0.12381496280431747,0.5796269774436951,0.22121046483516693,-0.023530811071395874,0.5709679126739502,0.2219361811876297,0.020213579759001732,0.6524553298950195,0.2564820945262909,-0.13291290402412415,0.579670786857605,0.28474119305610657,0.2479734867811203,0.5471070408821106,0.3700225353240967,-0.2644597887992859,0.48274025321006775,0.3740957975387573,0.28525155782699585,0.42643675208091736,0.42743179202079773,-0.2982552647590637,0.38652828335762024,0.4363449513912201,0.1737922579050064,0.38910865783691406,0.4575131833553314,-0.33658966422080994,0.3616582751274109,0.4552716016769409,0.16119647026062012,0.3824865221977234,0.4544735848903656,-0.31934815645217896,0.3600134253501892,0.45842358469963074,0.12422087043523788,0.39198511838912964,0.44618555903434753,-0.29096704721450806,0.3694944679737091,0.4542713463306427,0.15194395184516907,0.6751130819320679,0.6108353137969971,-0.117722287774086,0.6275704503059387,0.619824230670929,0.11725649982690811,0.5505210161209106,0.4397716820240021,-0.3552510738372803,0.50242018699646,0.4706558287143707,-0.0043066260404884815,0.49986642599105835,0.7651517391204834,-0.47353190183639526,0.4907413125038147,0.7496047019958496,-0.20146998763084412,0.508048951625824,0.846870481967926,-0.483816534280777,0.5008078813552856,0.8060445785522461,-0.22277405858039856,0.40527695417404175,0.7839241623878479,-0.5812691450119019,0.41521525382995605,0.7521913051605225,-0.3022570312023163
0.6132947206497192,0.1930166631937027,-0.05055767297744751,0.6194252371788025,0.16348963975906372,-0.05974134802818298,0.6245929002761841,0.16032367944717407,-0.05971788242459297,0.6304347515106201,0.1570788323879242,-0.05961686372756958,0.6120721101760864,0.16593308746814728,-0.028522834181785583,0.6111668348312378,0.16506706178188324,-0.028576884418725967,0.6102917194366455,0.16430948674678802,-0.028691958636045456,0.6524339318275452,0.1579880565404892,-0.03769725561141968,0.6253403425216675,0.16335313022136688,0.10197047889232635,0.6269466280937195,0.21368162333965302,-0.040720757097005844,0.616895318031311,0.21508820354938507,0.0012804365251213312,0.6994634866714478,0.25245603919029236,-0.1402188241481781,0.6150360703468323,0.28038057684898376,0.24232980608940125,0.6030513048171997,0.37027502059936523,-0.2730048894882202,0.5272014141082764,0.3662107288837433,0.27568867802619934,0.4895884096622467,0.42476657032966614,-0.31518805027008057,0.43997707962989807,0.4315720498561859,0.13508431613445282,0.4579845070838928,0.45289161801338196,-0.3556096851825714,0.4143233895301819,0.45170530676841736,0.1123916506767273,0.45045870542526245,0.44684097170829773,-0.3422851860523224,0.4139443337917328,0.4500606656074524,0.08993665874004364,0.4605708122253418,0.4380863904953003,-0.31215760111808777,0.4232610762119293,0.4455590546131134,0.1141045093536377,0.6993522644042969,0.6067326068878174,-0.11669085919857025,0.6471072435379028,0.6014556884765625,0.11633165180683136,0.5709570646286011,0.4567551612854004,-0.3455423414707184,0.5183469653129578,0.46007028222084045,-0.018140068277716637,0.5041471719741821,0.7651623487472534,-0.45924752950668335,0.48761624097824097,0.7464167475700378,-0.20813670754432678,0.5097551345825195,0.8456904888153076,-0.468477338552475,0.4939243197441101,0.8113176226615906,-0.22901563346385956,0.4229523241519928,0.769268274307251,-0.5527209043502808,0.41178956627845764,0.7542334794998169,-0.2967614531517029
0.65630042552948,0.1863548755645752,-0.031536996364593506,0.6636441349983215,0.15945696830749512,-0.033927470445632935,0.6684564352035522,0.15682567656040192,-0.03385448083281517,0.6744182705879211,0.15376903116703033,-0.033745668828487396,0.6558629274368286,0.1616213619709015,-0.012848660349845886,0.6549288630485535,0.16073136031627655,-0.012957485392689705,0.6540838479995728,0.1599283367395401,-0.013076812028884888,0.6952866911888123,0.15467984974384308,0.004137877374887466,0.6680105328559875,0.15939736366271973,0.10008957237005234,0.6700145602226257,0.20838111639022827,-0.015510733239352703,0.659487247467041,0.20975102484226227,0.012541612610220909,0.7426007986068726,0.24847832322120667,-0.08703979849815369,0.6524684429168701,0.2632184624671936,0.19749760627746582,0.6622558236122131,0.3701624274253845,-0.2318635880947113,0.5727258920669556,0.358805388212204,0.13802950084209442,0.5543375015258789,0.41767218708992004,-0.3120599389076233,0.488532692193985,0.4199303984642029,-0.05666777491569519,0.5273489952087402,0.4384251832962036,-0.3436813950538635,0.46870607137680054,0.4369679391384125,-0.08778880536556244,0.517589807510376,0.4305412769317627,-0.34526124596595764,0.472255140542984,0.4367937743663788,-0.10853232443332672,0.5275248289108276,0.42435070872306824,-0.31179946660995483,0.48038220405578613,0.43320074677467346,-0.07255139201879501,0.7274842858314514,0.5936872363090515,-0.10424916446208954,0.6780717372894287,0.5784009695053101,0.10399267822504044,0.593139111995697,0.4645770490169525,-0.3263006806373596,0.5427649021148682,0.462812215089798,-0.06592307239770889,0.5152634382247925,0.7650979161262512,-0.4603128433227539,0.4751928448677063,0.7436913251876831,-0.27399271726608276,0.5173019170761108,0.8418394923210144,-0.47084078192710876,0.48497575521469116,0.8051369786262512,-0.29596850275993347,0.42682695388793945,0.7741862535476685,-0.5475934743881226,0.4036872982978821,0.7518587112426758,-0.3658900856971741
0.7003222107887268,0.1813690960407257,-0.021962212398648262,0.708260178565979,0.154537633061409,-0.020733889192342758,0.7133859395980835,0.15233363211154938,-0.02070717141032219,0.7198566794395447,0.14995324611663818,-0.020650401711463928,0.6991962790489197,0.15678302943706512,-0.0025594111066311598,0.6978864669799805,0.15615156292915344,-0.002656543394550681,0.6967298984527588,0.1556660383939743,-0.0027718108613044024,0.7391812205314636,0.1513880342245102,0.02352295070886612,0.7083569169044495,0.15591418743133545,0.10551490634679794,0.7142415046691895,0.20400889217853546,-0.004827788099646568,0.7022427916526794,0.20561553537845612,0.019357018172740936,0.7838107943534851,0.24586008489131927,-0.0781370997428894,0.6929835677146912,0.2618137001991272,0.20193831622600555,0.7201768159866333,0.375125914812088,-0.20672401785850525,0.6208731532096863,0.3608610928058624,0.1748569756746292,0.6145416498184204,0.4170732796192169,-0.2773146629333496,0.5485993027687073,0.40767407417297363,0.004953548777848482,0.584812343120575,0.43879255652427673,-0.3034227788448334,0.5243444442749023,0.4214228689670563,-0.021144306287169456,0.5771632790565491,0.42701879143714905,-0.30476564168930054,0.5241366624832153,0.41924819350242615,-0.04354232922196388,0.5850566625595093,0.4217241406440735,-0.27628618478775024,0.5349842309951782,0.4171487092971802,-0.01232338696718216,0.7605435252189636,0.5909131765365601,-0.10007624328136444,0.7168434858322144,0.5745377540588379,0.09997548907995224,0.6204785704612732,0.49600082635879517,-0.2499428540468216,0.5776095390319824,0.47034183144569397,-0.04361032694578171,0.519428551197052,0.7693496942520142,-0.38492757081985474,0.48167628049850464,0.7464742064476013,-0.227885439991951,0.520754337310791,0.8402884602546692,-0.392910361289978,0.4857080578804016,0.8067783117294312,-0.24762602150440216,0.4323218762874603,0.7649385333061218,-0.458834171295166,0.40762147307395935,0.7403540015220642,-0.31139105558395386
0.7420142889022827,0.18265211582183838,-0.04121721163392067,0.7511181831359863,0.156450092792511,-0.035883281379938126,0.7564783692359924,0.15507565438747406,-0.03586455062031746,0.7630289196968079,0.1534157395362854,-0.03591855242848396,0.7410454154014587,0.15824010968208313,-0.024343105033040047,0.7396619319915771,0.15795525908470154,-0.02445145696401596,0.738366425037384,0.15773767232894897,-0.024561909958720207,0.7814779281616211,0.1560693383216858,0.007378240115940571,0.7494837045669556,0.1581994742155075,0.07761050015687943,0.755082905292511,0.20601776242256165,-0.019480537623167038,0.7432960271835327,0.2082401067018509,-0.0029117686208337545,0.8253976702690125,0.2538900673389435,-0.08584773540496826,0.7312519550323486,0.2651592195034027,0.16388455033302307,0.7806403040885925,0.3941305875778198,-0.2223106324672699,0.656251072883606,0.3690324127674103,0.11931870132684708,0.6732944846153259,0.40655338764190674,-0.30165696144104004,0.5829606652259827,0.4012906849384308,-0.07005496323108673,0.6414603590965271,0.42941156029701233,-0.33001723885536194,0.564971923828125,0.4150409698486328,-0.10675337165594101,0.6353685259819031,0.41489991545677185,-0.32939186692237854,0.5690506100654602,0.4111775755882263,-0.1263365000486374,0.6452656388282776,0.4103054106235504,-0.3006031811237335,0.5776607990264893,0.4089508354663849,-0.08631744235754013,0.7864586114883423,0.5918702483177185,-0.09543011337518692,0.7378943562507629,0.5703306198120117,0.09549956023693085,0.6453543901443481,0.5235075354576111,-0.2089456021785736,0.6041061878204346,0.49749553203582764,-0.04225093871355057,0.5227218866348267,0.7768840193748474,-0.3166472315788269,0.4887983798980713,0.7528221011161804,-0.21614155173301697,0.5218642354011536,0.844649612903595,-0.3233790993690491,0.47908926010131836,0.8114497065544128,-0.23111602663993835,0.4433249831199646,0.7633335590362549,-0.38107529282569885,0.41085466742515564,0.7247267961502075,-0.28670182824134827
0.78004390001297,0.1906082183122635,0.010187948122620583,0.7893092632293701,0.1659878045320511,0.011111980304121971,0.7949209809303284,0.16458523273468018,0.011096719652414322,0.8008710741996765,0.16334176063537598,0.01105411071330309,0.7805845737457275,0.16838058829307556,0.03144358471035957,0.7791322469711304,0.16873130202293396,0.03140810504555702,0.7773633599281311,0.1689411997795105,0.03129684925079346,0.8203017115592957,0.16873519122600555,0.04534381628036499,0.7881252765655518,0.1701861321926117,0.13801957666873932,0.7913245558738708,0.21486499905586243,0.023692572489380836,0.7793247699737549,0.21725304424762726,0.05073779821395874,0.863479733467102,0.2691441774368286,-0.03465351089835167,0.7675380110740662,0.27264735102653503,0.21164849400520325,0.8360360860824585,0.4081757068634033,-0.14223942160606384,0.7000418305397034,0.3860902190208435,0.1354873776435852,0.7311697602272034,0.4055009186267853,-0.2095671445131302,0.629483163356781,0.40178439021110535,-0.07631538063287735,0.7025362253189087,0.4223223030567169,-0.2362203598022461,0.6153391599655151,0.4090108275413513,-0.11925195157527924,0.697023868560791,0.40997114777565,-0.23748698830604553,0.6197229623794556,0.4027613401412964,-0.1357135772705078,0.7049731612205505,0.4061153829097748,-0.20757298171520233,0.625257670879364,0.4031273424625397,-0.0928405374288559,0.8128541111946106,0.5840465426445007,-0.09276958554983139,0.7601354122161865,0.5519759058952332,0.09298034012317657,0.6631897687911987,0.5717644095420837,-0.20488984882831573,0.628974199295044,0.5430033802986145,-0.06209408491849899,0.523673415184021,0.7862536311149597,-0.34959524869918823,0.5009033679962158,0.7517426609992981,-0.23827442526817322,0.5194991827011108,0.8545733690261841,-0.3656197190284729,0.48552101850509644,0.8086214661598206,-0.2572711408138275,0.4410780072212219,0.7499590516090393,-0.46172699332237244,0.4192061424255371,0.7165761590003967,-0.3257196247577667
0.8081289529800415,0.20953154563903809,0.08665602654218674,0.8170033693313599,0.18702362477779388,0.09005250036716461,0.8215657472610474,0.18487796187400818,0.08999896794557571,0.827496349811554,0.182259663939476,0.08989979326725006,0.8074826002120972,0.18899434804916382,0.11259327828884125,0.8057190179824829,0.18933051824569702,0.11258134990930557,0.8042594790458679,0.18998368084430695,0.11250485479831696,0.848629355430603,0.18657682836055756,0.12316210567951202,0.8152368664741516,0.1944582462310791,0.2299887239933014,0.8185640573501587,0.22822938859462738,0.098333939909935,0.8084848523139954,0.23257265985012054,0.12964090704917908,0.8960925936698914,0.2831633985042572,0.05769384652376175,0.7929790019989014,0.29461926221847534,0.2717936635017395,0.8835999369621277,0.44393402338027954,-0.024714995175600052,0.7377991676330566,0.41531580686569214,0.24259836971759796,0.7803064584732056,0.4085475504398346,-0.08567684888839722,0.6811882257461548,0.40110015869140625,0.037095360457897186,0.7527996301651001,0.42318665981292725,-0.11065113544464111,0.6638829112052917,0.4053649604320526,-0.009543350897729397,0.7494665384292603,0.40638652443885803,-0.11541837453842163,0.665417492389679,0.3960881233215332,-0.03031395934522152,0.7568522691726685,0.40504151582717896,-0.08504343032836914,0.6737532019615173,0.397531121969223,0.018906861543655396,0.8200722932815552,0.5685452818870544,-0.08356502652168274,0.7643569707870483,0.539932906627655,0.08377790451049805,0.6846920251846313,0.6162351369857788,-0.24584320187568665,0.6392258405685425,0.5785502791404724,-0.09158643335103989,0.5278512239456177,0.7908617854118347,-0.45063987374305725,0.49833446741104126,0.7523462176322937,-0.3095327317714691,0.5183565020561218,0.8578751683235168,-0.46811652183532715,0.47753971815109253,0.8110746741294861,-0.33366674184799194,0.4476584792137146,0.7745110988616943,-0.562286913394928,0.41718927025794983,0.7116461992263794,-0.4106040894985199
0.8271321058273315,0.23285184800624847,0.09731383621692657,0.8353196382522583,0.20998598635196686,0.10157276690006256,0.8411775827407837,0.2098265141248703,0.10151459276676178,0.8474099040031433,0.20935581624507904,0.10135109722614288,0.824520468711853,0.21267583966255188,0.12416692078113556,0.8216689229011536,0.2132902294397354,0.12421905994415283,0.8194669485092163,0.21399447321891785,0.12415571510791779,0.8696779012680054,0.21654680371284485,0.14244040846824646,0.8298152089118958,0.22292748093605042,0.2500733733177185,0.8390539884567261,0.25465837121009827,0.11192871630191803,0.8269519805908203,0.25826123356819153,0.14342324435710907,0.9153411984443665,0.3099704086780548,0.09615487605333328,0.8097899556159973,0.31932613253593445,0.28568899631500244,0.9331649541854858,0.471922904253006,-0.009075058624148369,0.7727451920509338,0.4379183053970337,0.24288935959339142,0.8409485816955566,0.41309213638305664,-0.09216959774494171,0.7348390817642212,0.41529664397239685,0.04089254513382912,0.8143643140792847,0.42127832770347595,-0.11767139285802841,0.7191761136054993,0.4087669849395752,0.004920153878629208,0.8110617399215698,0.4035071134567261,-0.11203888803720474,0.7189880609512329,0.3991367220878601,-0.022716600447893143,0.8145447969436646,0.403551310300827,-0.0876782089471817,0.7273639440536499,0.399762898683548,0.022541791200637817,0.8263392448425293,0.5630591511726379,-0.08004214614629745,0.7691530585289001,0.532854437828064,0.08022897690534592,0.70079505443573,0.6190828084945679,-0.2607297897338867,0.6510700583457947,0.5789378881454468,-0.10020554065704346,0.5282583236694336,0.7894707322120667,-0.46502095460891724,0.49766501784324646,0.7560946941375732,-0.33045265078544617,0.5116119980812073,0.8567045331001282,-0.48242872953414917,0.47919100522994995,0.8245331645011902,-0.35628727078437805,0.4470340311527252,0.7603169083595276,-0.5647982954978943,0.41344523429870605,0.7100538015365601,-0.43233346939086914
0.8323582410812378,0.2387884557247162,0.09457902610301971,0.8428497314453125,0.2163165658712387,0.10366994142532349,0.848271369934082,0.21536344289779663,0.10362283885478973,0.8543862104415894,0.2142883539199829,0.1034439355134964,0.8315268754959106,0.21842791140079498,0.12555794417858124,0.8291856050491333,0.21904096007347107,0.1256365031003952,0.8268467783927917,0.21944957971572876,0.12563085556030273,0.8738220930099487,0.22310325503349304,0.16361644864082336,0.8359786868095398,0.22687681019306183,0.26630908250808716,0.8449141383171082,0.25999388098716736,0.11526602506637573,0.8324050903320312,0.26251524686813354,0.1454363614320755,0.9160019755363464,0.33060768246650696,0.13104692101478577,0.818198561668396,0.32557567954063416,0.31136220693588257,0.9628368616104126,0.47908923029899597,0.02674369141459465,0.7739776968955994,0.4527565836906433,0.269316166639328,0.8885749578475952,0.4282839000225067,-0.04895526543259621,0.759539783000946,0.42819395661354065,0.06419704854488373,0.8633279800415039,0.4274839758872986,-0.07262492924928665,0.7539916038513184,0.4243992567062378,0.018568377941846848,0.8580657243728638,0.40956932306289673,-0.05827998369932175,0.7576796412467957,0.41344505548477173,0.012833766639232635,0.8625466227531433,0.40993988513946533,-0.04075612872838974,0.7622147798538208,0.41692641377449036,0.053855232894420624,0.8238743543624878,0.5592037439346313,-0.07802646607160568,0.7713118195533752,0.530340850353241,0.07809273898601532,0.6921237707138062,0.6332076787948608,-0.2638790011405945,0.6560420989990234,0.5910974740982056,-0.1057659387588501,0.524655282497406,0.7912350296974182,-0.4639114439487457,0.5089598894119263,0.7549424171447754,-0.319083034992218,0.5028761029243469,0.8558950424194336,-0.48146533966064453,0.4892546534538269,0.8228119611740112,-0.3423691689968109,0.4428327679634094,0.7284321188926697,-0.563309371471405,0.421989381313324,0.7029745578765869,-0.4139325022697449
0.8318454623222351,0.23905642330646515,0.09813304990530014,0.8418816328048706,0.2172871083021164,0.10633622109889984,0.8475311398506165,0.21617494523525238,0.10629637539386749,0.8536451458930969,0.21487492322921753,0.10612013190984726,0.830686092376709,0.2189013957977295,0.12792697548866272,0.8284064531326294,0.21926042437553406,0.12797293066978455,0.8261496424674988,0.21960259974002838,0.12793484330177307,0.873409628868103,0.22336794435977936,0.16327519714832306,0.8352416157722473,0.22677406668663025,0.26468461751937866,0.844284176826477,0.26005488634109497,0.11812595278024673,0.8318456411361694,0.2622676491737366,0.14787551760673523,0.9157258868217468,0.33101654052734375,0.12809328734874725,0.8188126683235168,0.3244529068470001,0.3073734641075134,0.9638625979423523,0.4720573425292969,0.018900468945503235,0.7824289798736572,0.4530447721481323,0.2927980422973633,0.8978345990180969,0.43157801032066345,-0.06697085499763489,0.763453483581543,0.4338182806968689,0.15150605142116547,0.8764532804489136,0.4297780692577362,-0.09107980877161026,0.7568159699440002,0.4340897798538208,0.11482256650924683,0.8696225881576538,0.41116946935653687,-0.08153866976499557,0.762997031211853,0.4257587790489197,0.10720504820346832,0.8745409250259399,0.4140758216381073,-0.06158103793859482,0.7659143805503845,0.4262911379337311,0.14210659265518188,0.8244492411613464,0.5566974878311157,-0.07746075093746185,0.7697961926460266,0.5303715467453003,0.07752551138401031,0.693516731262207,0.629420280456543,-0.2518356442451477,0.6570517420768738,0.5883914232254028,-0.10693234205245972,0.5237390398979187,0.7900899052619934,-0.4587331712245941,0.5103042721748352,0.7570957541465759,-0.31772851943969727,0.5031354427337646,0.8532068729400635,-0.47567009925842285,0.4959641993045807,0.8276748061180115,-0.3409999907016754,0.4379819333553314,0.7254871129989624,-0.5534822940826416,0.423720121383667,0.7042629718780518,-0.4148205816745758
0.8298505544662476,0.2335241734981537,0.09427832067012787,0.8398691415786743,0.21353690326213837,0.10346200317144394,0.8456039428710938,0.21219564974308014,0.10342323780059814,0.8515565991401672,0.21112403273582458,0.10326538234949112,0.828582763671875,0.215361088514328,0.12479318678379059,0.8263179063796997,0.215947687625885,0.12483924627304077,0.8240470886230469,0.21654416620731354,0.12479889392852783,0.8708711862564087,0.22095194458961487,0.16323049366474152,0.8330995440483093,0.22444942593574524,0.26403504610061646,0.8422836065292358,0.25475209951400757,0.11437013000249863,0.829814612865448,0.2577093839645386,0.1442442089319229,0.9141643643379211,0.32873260974884033,0.12965425848960876,0.8155145645141602,0.32313790917396545,0.3015722334384918,0.9591689109802246,0.46807339787483215,0.02227967604994774,0.781578779220581,0.4504792392253876,0.2743132710456848,0.8902312517166138,0.4387296438217163,-0.06342491507530212,0.7584021091461182,0.43741267919540405,0.0684589296579361,0.8619431257247925,0.4406353831291199,-0.08618554472923279,0.7500628232955933,0.43744656443595886,0.01779588684439659,0.8546050190925598,0.42102310061454773,-0.07701769471168518,0.7536875009536743,0.428182989358902,0.005464229267090559,0.8613063097000122,0.4312823414802551,-0.05855516344308853,0.7595597505569458,0.4300841987133026,0.05525108054280281,0.8243260383605957,0.556348443031311,-0.0767357274889946,0.7694671154022217,0.5272439122200012,0.07680079340934753,0.6951385140419006,0.6318245530128479,-0.255186527967453,0.6569342017173767,0.587785542011261,-0.10540907084941864,0.526840090751648,0.7923061847686768,-0.4661041796207428,0.5117049813270569,0.7498043775558472,-0.31915467977523804,0.5064295530319214,0.8565503358840942,-0.4850499629974365,0.4969650208950043,0.8185117244720459,-0.3431520164012909,0.4418816566467285,0.7580878138542175,-0.5745764970779419,0.4236200451850891,0.7034673094749451,-0.41502317786216736
0.8265875577926636,0.22577841579914093,0.07513173669576645,0.8365532755851746,0.20513464510440826,0.08083201944828033,0.8422781825065613,0.2042531818151474,0.08076309412717819,0.8478377461433411,0.20346371829509735,0.08060202747583389,0.8256880640983582,0.20719142258167267,0.10355252027511597,0.823399543762207,0.20707035064697266,0.10357850790023804,0.8206173181533813,0.20689602196216583,0.10354878753423691,0.8685150146484375,0.21455520391464233,0.12530112266540527,0.8298918604850769,0.2191876471042633,0.23330482840538025,0.8376483917236328,0.24850304424762726,0.09099359810352325,0.8258343935012817,0.25290754437446594,0.12279681116342545,0.9123579263687134,0.3256291151046753,0.0959312915802002,0.8081286549568176,0.32301002740859985,0.27721136808395386,0.9563491940498352,0.47030210494995117,0.002085577230900526,0.7670315504074097,0.44947123527526855,0.24220427870750427,0.8706361055374146,0.4452793002128601,-0.08188378810882568,0.7447696924209595,0.43716302514076233,0.02640923485159874,0.8415152430534363,0.4548189342021942,-0.1110709086060524,0.7354422807693481,0.4374595284461975,-0.022801456972956657,0.8350623846054077,0.4342433512210846,-0.10414787381887436,0.7396828532218933,0.42783674597740173,-0.033999666571617126,0.8401986360549927,0.43400514125823975,-0.07720218598842621,0.7461175322532654,0.42941993474960327,0.013424915261566639,0.8240945935249329,0.5565680861473083,-0.07817022502422333,0.7677949666976929,0.5284578204154968,0.07828909903764725,0.6957815289497375,0.6312938332557678,-0.2670136094093323,0.6561266183853149,0.586685299873352,-0.10523275285959244,0.5249351263046265,0.7916288375854492,-0.47581973671913147,0.5093703866004944,0.7504266500473022,-0.329900860786438,0.507449746131897,0.8560872673988342,-0.49440526962280273,0.4952678084373474,0.8218401670455933,-0.3552265763282776,0.43673238158226013,0.7396027445793152,-0.5829346776008606,0.42365050315856934,0.7038849592208862,-0.4291382431983948
0.8171319961547852,0.2201920449733734,0.05235718563199043,0.8251978754997253,0.19813376665115356,0.05505102127790451,0.8307393789291382,0.196940079331398,0.05498027801513672,0.8368766903877258,0.19523997604846954,0.05484386160969734,0.8141603469848633,0.19858497381210327,0.07781326025724411,0.8112371563911438,0.19858887791633606,0.07781622558832169,0.8089315295219421,0.19951362907886505,0.0777905061841011,0.8556769490242004,0.19957639276981354,0.0912281721830368,0.8176784515380859,0.2119249403476715,0.2009652853012085,0.829360842704773,0.24234600365161896,0.06575019657611847,0.8169164657592773,0.24856412410736084,0.09812997281551361,0.9079732894897461,0.31743404269218445,0.06130407378077507,0.8009507060050964,0.32298269867897034,0.24868826568126678,0.9329395294189453,0.4758601188659668,-0.025557029992341995,0.7597559690475464,0.4470200836658478,0.20874789357185364,0.8383196592330933,0.44889742136001587,-0.10630066692829132,0.7226868867874146,0.43729016184806824,-0.013170244172215462,0.8080112338066101,0.4635118246078491,-0.13611489534378052,0.7094089984893799,0.44002029299736023,-0.06318818032741547,0.800854504108429,0.44275110960006714,-0.13322776556015015,0.709844708442688,0.4284878075122833,-0.08117063343524933,0.8078920245170593,0.4395206868648529,-0.10340708494186401,0.7165509462356567,0.4297919273376465,-0.029361438006162643,0.8208501935005188,0.5660386085510254,-0.07961307466030121,0.7615866661071777,0.5364656448364258,0.07985620200634003,0.7013794183731079,0.6185693144798279,-0.303181529045105,0.6520470976829529,0.5745353102684021,-0.12286430597305298,0.524466872215271,0.7853257656097412,-0.5133110284805298,0.5054334998130798,0.7524542212486267,-0.3763221204280853,0.5062641501426697,0.8494100570678711,-0.5322381258010864,0.49053114652633667,0.82635498046875,-0.4044124186038971,0.43623724579811096,0.7480533123016357,-0.6267609596252441,0.4224444031715393,0.7058658003807068,-0.4853731095790863
0.803318977355957,0.21037110686302185,0.011654162779450417,0.8119502067565918,0.18853655457496643,0.010711640119552612,0.8171280026435852,0.1874304860830307,0.010649553500115871,0.8230530023574829,0.1857696771621704,0.010561368428170681,0.801164448261261,0.18980789184570312,0.032593853771686554,0.7984620928764343,0.18998165428638458,0.03257673606276512,0.7964887619018555,0.1906745880842209,0.03250652179121971,0.8425846099853516,0.1870773881673813,0.03682227060198784,0.8054644465446472,0.19976617395877838,0.14088664948940277,0.815113365650177,0.23391036689281464,0.022919606417417526,0.8037182092666626,0.23350520431995392,0.05355880782008171,0.8958508372306824,0.3007492423057556,0.0003687259741127491,0.7872747182846069,0.3143044710159302,0.19636815786361694,0.9004116058349609,0.4764915406703949,-0.07643552869558334,0.7360780835151672,0.4373120963573456,0.1848088800907135,0.8005357980728149,0.47344788908958435,-0.16458766162395477,0.6865712404251099,0.45103099942207336,-0.003334496635943651,0.7694940567016602,0.4966415464878082,-0.1995628923177719,0.6711640357971191,0.4663306474685669,-0.04984007030725479,0.7640936374664307,0.48011109232902527,-0.20387987792491913,0.673087477684021,0.4531329572200775,-0.07250150293111801,0.7688769102096558,0.47175145149230957,-0.16551139950752258,0.6796834468841553,0.4518168568611145,-0.020753059536218643,0.8158484697341919,0.5781214833259583,-0.07851693779230118,0.7541981339454651,0.5489388108253479,0.07880650460720062,0.6918383240699768,0.6250097751617432,-0.29559674859046936,0.6379959583282471,0.5767744779586792,-0.11829867213964462,0.5214254856109619,0.7856343388557434,-0.47552579641342163,0.49706560373306274,0.7556077837944031,-0.3434562385082245,0.5050054788589478,0.8500182032585144,-0.4923115670681,0.47806698083877563,0.8278517723083496,-0.36869144439697266,0.43324384093284607,0.7372509241104126,-0.5897813439369202,0.412140429019928,0.7077664732933044,-0.44677066802978516
0.7878755927085876,0.19957983493804932,-0.029934030026197433,0.796984851360321,0.1760052740573883,-0.028890341520309448,0.8023521304130554,0.17449751496315002,-0.028931668028235435,0.8079522848129272,0.17211706936359406,-0.028983473777770996,0.7879898548126221,0.17807252705097198,-0.00907227024435997,0.7858017683029175,0.1783352941274643,-0.009094992652535439,0.7837416529655457,0.17877238988876343,-0.009157535620033741,0.8288482427597046,0.17535115778446198,0.005292478017508984,0.7950152158737183,0.18624542653560638,0.09736555814743042,0.7995537519454956,0.2217036932706833,-0.01597820781171322,0.7891098856925964,0.2203826904296875,0.011128638871014118,0.878922164440155,0.2874639630317688,-0.050202399492263794,0.7749742269515991,0.30480942130088806,0.17222502827644348,0.8695152997970581,0.4645323157310486,-0.13340915739536285,0.712831974029541,0.4215669333934784,0.15324567258358002,0.7628360986709595,0.4839620888233185,-0.21240782737731934,0.652492344379425,0.45709317922592163,-0.029819851741194725,0.7301526069641113,0.5150638818740845,-0.24502888321876526,0.6359151601791382,0.4775920510292053,-0.07246565073728561,0.7222952246665955,0.4971735179424286,-0.2511175870895386,0.6373279690742493,0.46839362382888794,-0.09773722290992737,0.7298325300216675,0.4888576567173004,-0.2132396399974823,0.6446267366409302,0.46444272994995117,-0.04888216778635979,0.8158674240112305,0.5778554677963257,-0.08325675129890442,0.7558777928352356,0.5481851696968079,0.08359970897436142,0.6900690793991089,0.6181301474571228,-0.2783105969429016,0.6368117928504944,0.5754148960113525,-0.11484934389591217,0.5234692096710205,0.7858675718307495,-0.44044312834739685,0.4954349398612976,0.7553713321685791,-0.322238564491272,0.5088741183280945,0.8534237146377563,-0.45571717619895935,0.478257954120636,0.8206455707550049,-0.34520599246025085,0.43807873129844666,0.7592568397521973,-0.5503955483436584,0.41242918372154236,0.7113193273544312,-0.42492443323135376
0.7729088068008423,0.18774297833442688,-0.06286291778087616,0.7826136350631714,0.16520404815673828,-0.06137687712907791,0.787402868270874,0.16418130695819855,-0.061416469514369965,0.7928374409675598,0.16273577511310577,-0.06143764778971672,0.7733410000801086,0.16618822515010834,-0.042068175971508026,0.7713903784751892,0.1662888377904892,-0.042131099849939346,0.7693051099777222,0.16627804934978485,-0.042213644832372665,0.8128870725631714,0.16806086897850037,-0.027624836191534996,0.7809816598892212,0.17363320291042328,0.059159912168979645,0.7834950089454651,0.21145111322402954,-0.04957745224237442,0.772953987121582,0.2135264128446579,-0.02402094379067421,0.8616511225700378,0.28210586309432983,-0.10191424936056137,0.7592129111289978,0.3004198372364044,0.15495949983596802,0.8378510475158691,0.45582228899002075,-0.18767692148685455,0.687968909740448,0.41513556241989136,0.12634697556495667,0.7292465567588806,0.493317574262619,-0.24400313198566437,0.6267547011375427,0.4584445655345917,-0.06449724733829498,0.6987267732620239,0.5249857306480408,-0.2730560898780823,0.6102414131164551,0.48249468207359314,-0.10383732616901398,0.6945317983627319,0.5075480937957764,-0.27726009488105774,0.612995445728302,0.4748682975769043,-0.1253056526184082,0.700790524482727,0.4990306794643402,-0.2434835135936737,0.6201978325843811,0.4702683389186859,-0.08172963559627533,0.8150748014450073,0.5917074084281921,-0.08945701271295547,0.7579309940338135,0.5676302313804626,0.08976371586322784,0.6767653822898865,0.5887706279754639,-0.2489049732685089,0.6330435276031494,0.5640217661857605,-0.0950499027967453,0.525688111782074,0.7822988629341125,-0.37798088788986206,0.5058256387710571,0.7505885362625122,-0.26292654871940613,0.5143340229988098,0.851596474647522,-0.3902184069156647,0.4908269941806793,0.8044677972793579,-0.28180646896362305,0.44251957535743713,0.7463924884796143,-0.48360395431518555,0.42436766624450684,0.7133322954177856,-0.3551173806190491
0.751294732093811,0.17967809736728668,-0.06453254073858261,0.7619672417640686,0.15776188671588898,-0.06187780946493149,0.7665088772773743,0.15673299133777618,-0.06188730150461197,0.7723685503005981,0.15545780956745148,-0.06187823414802551,0.7523742318153381,0.1588042825460434,-0.04333444684743881,0.7509424090385437,0.15869805216789246,-0.04341096431016922,0.7497075796127319,0.15864095091819763,-0.04349387064576149,0.7926387190818787,0.1623268723487854,-0.026182785630226135,0.7623623609542847,0.16459859907627106,0.05661601945757866,0.7630026340484619,0.2042524814605713,-0.05129364877939224,0.7534815073013306,0.20724040269851685,-0.027021821588277817,0.8441888093948364,0.27941855788230896,-0.11218322813510895,0.7420355081558228,0.29453325271606445,0.1487450748682022,0.8056777715682983,0.4417634606361389,-0.21627838909626007,0.6686187982559204,0.4086701571941376,0.1129666119813919,0.6980072259902954,0.49717509746551514,-0.2761916220188141,0.6039833426475525,0.45859938859939575,-0.07620129734277725,0.6656734347343445,0.5300710201263428,-0.30627769231796265,0.5848899483680725,0.4834725558757782,-0.11324407905340195,0.657575249671936,0.514769434928894,-0.30933958292007446,0.5865448713302612,0.478276789188385,-0.13432583212852478,0.6634133458137512,0.5053541660308838,-0.275414377450943,0.5944777727127075,0.47339779138565063,-0.09299708157777786,0.811346173286438,0.5937115550041199,-0.09164790064096451,0.7565203309059143,0.5717315673828125,0.09188157320022583,0.6725136041641235,0.5609421133995056,-0.22364600002765656,0.6279045343399048,0.5505199432373047,-0.07475190609693527,0.5330623388290405,0.7772126197814941,-0.32557815313339233,0.5027889609336853,0.7533385157585144,-0.22997191548347473,0.5229374170303345,0.8485689759254456,-0.33496540784835815,0.48978391289711,0.803717315196991,-0.24710388481616974,0.4536198079586029,0.7553428411483765,-0.4191688895225525,0.42447906732559204,0.714701771736145,-0.317852646112442
0.7276560068130493,0.17587736248970032,-0.05908812955021858,0.7388848662376404,0.15361683070659637,-0.056366629898548126,0.7440710067749023,0.15236058831214905,-0.05639240890741348,0.75011146068573,0.15126822888851166,-0.056402016431093216,0.7286609411239624,0.15523838996887207,-0.03723258525133133,0.7268415689468384,0.1552613079547882,-0.037271179258823395,0.7253617644309998,0.15538547933101654,-0.037334881722927094,0.7711018323898315,0.16026821732521057,-0.02433796226978302,0.738913893699646,0.16160042583942413,0.06476235389709473,0.7403496503829956,0.2004687637090683,-0.04619195684790611,0.7298436760902405,0.20385758578777313,-0.02093728445470333,0.821492075920105,0.27700358629226685,-0.10738831758499146,0.7204078435897827,0.2942564785480499,0.1569783240556717,0.7697113156318665,0.4313024878501892,-0.22238263487815857,0.643160343170166,0.4084470570087433,0.11897395551204681,0.6621704697608948,0.5078761577606201,-0.2863789200782776,0.5725510716438293,0.4618321359157562,-0.07746390253305435,0.6329797506332397,0.5415360927581787,-0.31828489899635315,0.5559380054473877,0.48730435967445374,-0.11641861498355865,0.6252442598342896,0.5283429026603699,-0.3213842213153839,0.5570887923240662,0.4869036078453064,-0.13961735367774963,0.6281879544258118,0.5182712078094482,-0.28600677847862244,0.5643943548202515,0.48236674070358276,-0.09540019184350967,0.7975824475288391,0.5933294892311096,-0.09248469769954681,0.7443629503250122,0.5744615793228149,0.09269366413354874,0.6607881784439087,0.5585591793060303,-0.23992577195167542,0.6103206872940063,0.5267993211746216,-0.10437141358852386,0.5341827273368835,0.77067631483078,-0.35908588767051697,0.4973577558994293,0.7378714084625244,-0.2779276967048645,0.527891218662262,0.8399182558059692,-0.37038707733154297,0.48721012473106384,0.7992297410964966,-0.2963317930698395,0.4589182436466217,0.7713263630867004,-0.4417569041252136,0.4213048815727234,0.7175668478012085,-0.37977179884910583
0.7022689580917358,0.17774485051631927,-0.0424141027033329,0.7114344835281372,0.15543726086616516,-0.04490376263856888,0.7159554362297058,0.15418821573257446,-0.044881366193294525,0.7208611369132996,0.15298594534397125,-0.044805627316236496,0.7043941020965576,0.15699483454227448,-0.02408464625477791,0.7034612894058228,0.1569981873035431,-0.024181555956602097,0.7027655243873596,0.15707571804523468,-0.02429172396659851,0.7428569793701172,0.16117538511753082,-0.026057908311486244,0.7181893587112427,0.16328127682209015,0.06864545494318008,0.7148455381393433,0.20199725031852722,-0.0335581935942173,0.707013726234436,0.2051428109407425,-0.0063792504370212555,0.7963199615478516,0.276560515165329,-0.12030452489852905,0.6980193853378296,0.2944689393043518,0.15287452936172485,0.7337681651115417,0.4303596615791321,-0.21421630680561066,0.618800163269043,0.4094502031803131,0.14424867928028107,0.6296234726905823,0.5196291208267212,-0.26751452684402466,0.5466300249099731,0.4709731340408325,0.014053906314074993,0.6065001487731934,0.5508204698562622,-0.2975766360759735,0.5296909213066101,0.49684053659439087,-0.007685770746320486,0.5968068242073059,0.5360972285270691,-0.30000758171081543,0.5310674905776978,0.4963231086730957,-0.032280728220939636,0.6017283201217651,0.5246996879577637,-0.26693201065063477,0.5383211374282837,0.4907166361808777,-0.0024162721820175648,0.7802125811576843,0.5959575772285461,-0.09222201257944107,0.7277254462242126,0.5745614171028137,0.09244924783706665,0.6464561223983765,0.5368396043777466,-0.2932153344154358,0.590377926826477,0.5161087512969971,-0.12508274614810944,0.534486711025238,0.7666613459587097,-0.43879833817481995,0.48901471495628357,0.7426095008850098,-0.3343537747859955,0.5298489332199097,0.8370698094367981,-0.45070353150367737,0.4850655198097229,0.806989312171936,-0.3556531071662903,0.4623233675956726,0.783051073551178,-0.5378212332725525,0.4188162684440613,0.7303715944290161,-0.43558940291404724
0.6770984530448914,0.17196308076381683,-0.031908027827739716,0.6873382329940796,0.14762650430202484,-0.0320325568318367,0.6921039819717407,0.14629670977592468,-0.03200860694050789,0.6975775361061096,0.14504027366638184,-0.031943004578351974,0.6786114573478699,0.1493878811597824,-0.011806059628725052,0.6770328283309937,0.1491943597793579,-0.011896265670657158,0.6756725311279297,0.14907531440258026,-0.011993685737252235,0.7201647758483887,0.15514104068279266,-0.00342784752137959,0.6905390620231628,0.15643826127052307,0.08532549440860748,0.6908103823661804,0.19645585119724274,-0.021908435970544815,0.6804183721542358,0.19853390753269196,0.00458765123039484,0.7711933255195618,0.2732214033603668,-0.10073971748352051,0.6791950464248657,0.29143381118774414,0.17215488851070404,0.6945077180862427,0.4239822328090668,-0.20328769087791443,0.5927150249481201,0.40595296025276184,0.14752671122550964,0.5942628979682922,0.5108097791671753,-0.23733174800872803,0.5203989744186401,0.4706733226776123,-0.004719710908830166,0.5713435411453247,0.539982795715332,-0.26294535398483276,0.5020186305046082,0.4955311119556427,-0.030219275504350662,0.5616231560707092,0.5300999879837036,-0.26167047023773193,0.5026823282241821,0.49571606516838074,-0.05089704319834709,0.568622350692749,0.5175708532333374,-0.2359454184770584,0.5123993158340454,0.4904932677745819,-0.01990380510687828,0.7666494846343994,0.5952425003051758,-0.09365333616733551,0.7156957983970642,0.5727510452270508,0.0936257392168045,0.6269413232803345,0.5122969150543213,-0.2830890119075775,0.5791214108467102,0.4860938489437103,-0.09252844750881195,0.5212753415107727,0.7629460096359253,-0.41428980231285095,0.4910382330417633,0.742544412612915,-0.2726390063762665,0.5243700742721558,0.832950234413147,-0.421658992767334,0.4905550479888916,0.8079382181167603,-0.29204261302948,0.4373375475406647,0.7576128840446472,-0.5022805333137512,0.4186221659183502,0.7360126972198486,-0.3701406419277191
0.6519481539726257,0.17071115970611572,-0.03844698145985603,0.6611934304237366,0.14619384706020355,-0.03733263164758682,0.6662167906761169,0.14476288855075836,-0.03726670891046524,0.6714361906051636,0.1433437317609787,-0.03715018182992935,0.6535893678665161,0.14784015715122223,-0.018339278176426888,0.6523796916007996,0.1475096344947815,-0.018470661714673042,0.651380181312561,0.14719758927822113,-0.018620749935507774,0.6940121650695801,0.15298950672149658,-0.0038770579267293215,0.6650612950325012,0.15494388341903687,0.08221330493688583,0.6649062633514404,0.19368037581443787,-0.025489311665296555,0.6551149487495422,0.19556407630443573,-0.0004328307695686817,0.744902491569519,0.2730458080768585,-0.09520064294338226,0.6503893733024597,0.2913070321083069,0.16998453438282013,0.6630184054374695,0.4236173927783966,-0.18026235699653625,0.5656149387359619,0.40866732597351074,0.14944124221801758,0.5661524534225464,0.5063584446907043,-0.2014928162097931,0.4880940318107605,0.47475284337997437,0.016919497400522232,0.5375499725341797,0.5442336797714233,-0.22622306644916534,0.4702739715576172,0.5050157904624939,-0.00852783303707838,0.5263760685920715,0.5363407135009766,-0.226715087890625,0.47169989347457886,0.5035368800163269,-0.02977275475859642,0.536556601524353,0.5225213766098022,-0.2004949152469635,0.4789659082889557,0.4966866672039032,0.0020861453376710415,0.747398316860199,0.5986714959144592,-0.09441541135311127,0.6948645114898682,0.5827983617782593,0.09431765973567963,0.6161257028579712,0.488103985786438,-0.2862235903739929,0.5656015276908875,0.4763142764568329,-0.07805425673723221,0.5157617330551147,0.757920503616333,-0.40110111236572266,0.4899362623691559,0.7477328181266785,-0.26083967089653015,0.5205202698707581,0.8299155235290527,-0.4095802903175354,0.4898662567138672,0.8146241903305054,-0.2801501154899597,0.43385186791419983,0.7432495951652527,-0.49399566650390625,0.41706475615501404,0.7344970703125,-0.35832613706588745
0.626102864742279,0.17388328909873962,-0.06246303766965866,0.6348515152931213,0.14658494293689728,-0.0658462792634964,0.640507161617279,0.14526376128196716,-0.06577692180871964,0.6466619968414307,0.1439250111579895,-0.06563761085271835,0.6256884336471558,0.14833210408687592,-0.04623734578490257,0.6238558292388916,0.14809949696063995,-0.04635962098836899,0.6221999526023865,0.1480133831501007,-0.04647598788142204,0.6697837114334106,0.15284958481788635,-0.014887606725096703,0.6342241764068604,0.15568436682224274,0.07320364564657211,0.6393450498580933,0.19587771594524384,-0.052545852959156036,0.6282129287719727,0.19741424918174744,-0.026976395398378372,0.7180740833282471,0.2723786234855652,-0.1127539724111557,0.6217453479766846,0.2941076457500458,0.17192357778549194,0.6331010460853577,0.42353537678718567,-0.1969001740217209,0.5377330183982849,0.4100099205970764,0.17399485409259796,0.5257747769355774,0.5055323839187622,-0.21140334010124207,0.4535808563232422,0.4890178143978119,0.06698821485042572,0.49501365423202515,0.549403727054596,-0.23614487051963806,0.43436354398727417,0.5170652866363525,0.04663946479558945,0.4874611496925354,0.5416795015335083,-0.23569774627685547,0.4339868128299713,0.5187792778015137,0.021596821025013924,0.49909693002700806,0.5216977596282959,-0.21029742062091827,0.442945659160614,0.5131402015686035,0.051198311150074005,0.7238894104957581,0.6034287214279175,-0.09906743466854095,0.6679760217666626,0.5948887467384338,0.09872956573963165,0.5935630798339844,0.47786304354667664,-0.31200110912323,0.5403558611869812,0.4690314531326294,-0.05510241538286209,0.5103281140327454,0.7631310224533081,-0.43808144330978394,0.48078203201293945,0.7430605292320251,-0.26102834939956665,0.5165951251983643,0.8420893549919128,-0.4481270909309387,0.4853813052177429,0.8163177371025085,-0.282134473323822,0.4294866919517517,0.7720484137535095,-0.5371042490005493,0.4107169508934021,0.745218813419342,-0.3561074435710907
0.5926157832145691,0.17743799090385437,-0.04837523028254509,0.6014021039009094,0.14895416796207428,-0.04823598638176918,0.6066254377365112,0.14683547616004944,-0.04817336052656174,0.612573504447937,0.14479683339595795,-0.04804049804806709,0.5930482745170593,0.15140391886234283,-0.020559046417474747,0.5917162299156189,0.1514759659767151,-0.020656172186136246,0.5906115770339966,0.15163326263427734,-0.020802905783057213,0.6372043490409851,0.153035968542099,-0.014350379817187786,0.6069016456604004,0.15769553184509277,0.10365396738052368,0.6067609786987305,0.20058465003967285,-0.03879944980144501,0.5964537858963013,0.20206010341644287,-0.0019334300886839628,0.6881765723228455,0.2744826078414917,-0.11397024244070053,0.5967587828636169,0.2982238233089447,0.20098495483398438,0.5929930210113525,0.4234139323234558,-0.19313858449459076,0.5041652321815491,0.411418080329895,0.22383329272270203,0.4838794767856598,0.512930154800415,-0.193459153175354,0.41226276755332947,0.49286210536956787,0.13544254004955292,0.45092225074768066,0.5528421998023987,-0.219038724899292,0.3899715542793274,0.5229066014289856,0.12219735234975815,0.4395918846130371,0.5452339053153992,-0.2159557044506073,0.39032286405563354,0.5258839130401611,0.08678683638572693,0.4510502219200134,0.5317233204841614,-0.1908537745475769,0.4002572000026703,0.520584225654602,0.11466838419437408,0.7001339197158813,0.6076751351356506,-0.10193373262882233,0.6436029076576233,0.6025065183639526,0.10150202363729477,0.5802235007286072,0.4723271131515503,-0.3397462069988251,0.5182625651359558,0.45819592475891113,-0.046196889132261276,0.5067903399467468,0.767635703086853,-0.459661066532135,0.48342838883399963,0.7509440779685974,-0.237773135304451,0.5125936269760132,0.8501576781272888,-0.4701593518257141,0.4905524253845215,0.7901322841644287,-0.25911983847618103,0.420107364654541,0.809397280216217,-0.566910445690155,0.41219234466552734,0.7506268620491028,-0.3368810713291168
0.5612508058547974,0.18036530911922455,-0.042144350707530975,0.5708991289138794,0.15366768836975098,-0.05069780349731445,0.5759512186050415,0.1517592817544937,-0.05068044736981392,0.581530749797821,0.14961281418800354,-0.0505610927939415,0.5627753734588623,0.15629328787326813,-0.01711459457874298,0.5617617964744568,0.1564771682024002,-0.017176859080791473,0.5609192252159119,0.15665075182914734,-0.01732945814728737,0.6065115332603455,0.15536120533943176,-0.04283001273870468,0.579491376876831,0.16039790213108063,0.10389171540737152,0.5754311680793762,0.20587092638015747,-0.04002194479107857,0.5660852193832397,0.20855483412742615,0.004018253181129694,0.653917133808136,0.2753972113132477,-0.14722338318824768,0.5731619596481323,0.2979670763015747,0.22246325016021729,0.5526186227798462,0.41867926716804504,-0.2401815950870514,0.4752199649810791,0.4079841673374176,0.26082032918930054,0.4307623505592346,0.5127730965614319,-0.22954969108104706,0.37849104404449463,0.4927442669868469,0.17450597882270813,0.3956647515296936,0.5512403845787048,-0.2602919936180115,0.35083872079849243,0.5244038105010986,0.16418184340000153,0.38844186067581177,0.545878529548645,-0.25287964940071106,0.3509035110473633,0.5287708044052124,0.12719130516052246,0.3958966135978699,0.5339415073394775,-0.2247505486011505,0.3625968098640442,0.5233516693115234,0.1527734100818634,0.680753767490387,0.6151060461997986,-0.10680260509252548,0.6286325454711914,0.6126912832260132,0.10639617592096329,0.56685870885849,0.46115583181381226,-0.3627033829689026,0.5102630257606506,0.4430757761001587,-0.03412312641739845,0.5021994709968567,0.7654840350151062,-0.4805998206138611,0.49275270104408264,0.7524275779724121,-0.2232298105955124,0.508879542350769,0.8512641191482544,-0.4913089871406555,0.5041285753250122,0.7978712916374207,-0.2444051057100296,0.4079436659812927,0.7769594192504883,-0.5982162952423096,0.42071348428726196,0.7633548378944397,-0.32000401616096497
0.53156977891922,0.19148123264312744,-0.09743419289588928,0.5399681329727173,0.1617249697446823,-0.11007583141326904,0.5441245436668396,0.15967240929603577,-0.11007382720708847,0.5493272542953491,0.15716004371643066,-0.10999023914337158,0.5328284502029419,0.1644798219203949,-0.07742402702569962,0.5320907831192017,0.16426265239715576,-0.0775286927819252,0.5315868854522705,0.1640596091747284,-0.07767651975154877,0.57574063539505,0.16088135540485382,-0.11682377755641937,0.551352858543396,0.16561202704906464,0.03338288515806198,0.5460019707679749,0.21651168167591095,-0.0960320457816124,0.5374614000320435,0.21909493207931519,-0.05371534824371338,0.6220476627349854,0.275060772895813,-0.21479053795337677,0.548765242099762,0.3015139400959015,0.15261530876159668,0.5157685875892639,0.4110449552536011,-0.31804606318473816,0.45070186257362366,0.4042152762413025,0.17885521054267883,0.3862711787223816,0.4883953630924225,-0.31804198026657104,0.3494078516960144,0.48140406608581543,0.08816005289554596,0.3511893153190613,0.5277622938156128,-0.3518083691596985,0.31983432173728943,0.5143219232559204,0.07733135670423508,0.342087984085083,0.5216681361198425,-0.3389686942100525,0.31914812326431274,0.5232598781585693,0.03528241068124771,0.35671746730804443,0.5042650699615479,-0.3124760389328003,0.32675033807754517,0.5164514780044556,0.06337122619152069,0.6598818898200989,0.6205602884292603,-0.10843463242053986,0.6101564764976501,0.623296856880188,0.10802067816257477,0.5407825708389282,0.4469464123249054,-0.31710901856422424,0.4835730195045471,0.4368947744369507,0.10167133808135986,0.49949631094932556,0.7568545937538147,-0.3565274775028229,0.4911957383155823,0.7257754802703857,0.010032801888883114,0.5055839419364929,0.8497177958488464,-0.3597230613231659,0.5068473219871521,0.7741257548332214,-0.001505156746134162,0.41265472769737244,0.7563512921333313,-0.45198193192481995,0.4228823184967041,0.7521384954452515,-0.06023735925555229
0.5051380395889282,0.20158538222312927,-0.1449195146560669,0.5121020078659058,0.1699853539466858,-0.16876329481601715,0.5157117247581482,0.16752108931541443,-0.16881003975868225,0.519666850566864,0.16462825238704681,-0.1687440723180771,0.5071718096733093,0.17167283594608307,-0.13009046018123627,0.5070703625679016,0.17079982161521912,-0.130196675658226,0.5071252584457397,0.1698712706565857,-0.13029877841472626,0.5449937582015991,0.16421307623386383,-0.20223669707775116,0.5265190601348877,0.16761764883995056,-0.029322076588869095,0.5194535255432129,0.2253030389547348,-0.15325383841991425,0.5126761794090271,0.2265355885028839,-0.10298051685094833,0.5915919542312622,0.27680736780166626,-0.2962445616722107,0.53660649061203,0.299020379781723,0.11411742866039276,0.4704814851284027,0.41161102056503296,-0.3711324632167816,0.4230647087097168,0.3969633877277374,0.1457466036081314,0.3383547365665436,0.4861617684364319,-0.3724539577960968,0.31049829721450806,0.4759140908718109,0.05804366618394852,0.2996087372303009,0.523862898349762,-0.41658759117126465,0.2820703387260437,0.5038206577301025,0.04451443627476692,0.2942624092102051,0.5198023915290833,-0.3959985375404358,0.28041085600852966,0.5116864442825317,0.0058195265009999275,0.303112268447876,0.5064635872840881,-0.3644272983074188,0.2871761620044708,0.5060769319534302,0.033750440925359726,0.6450974941253662,0.6247832179069519,-0.12079520523548126,0.6048226952552795,0.6246311068534851,0.12028338760137558,0.5228408575057983,0.4426940381526947,-0.214051753282547,0.4736552834510803,0.44631436467170715,0.20050100982189178,0.4747653007507324,0.7522818446159363,-0.1356460154056549,0.4968689978122711,0.7146993279457092,0.18370221555233002,0.4993770718574524,0.832866907119751,-0.1267623007297516,0.5145024061203003,0.7680527567863464,0.18080659210681915,0.40066584944725037,0.7493380308151245,-0.17817586660385132,0.4388543963432312,0.7654061913490295,0.14867296814918518
0.4854010045528412,0.20940335094928741,-0.20635154843330383,0.4920380115509033,0.17704854905605316,-0.23258180916309357,0.4955886900424957,0.17445121705532074,-0.23263812065124512,0.4998474717140198,0.1711612343788147,-0.23262353241443634,0.4868539273738861,0.1784539818763733,-0.19175487756729126,0.4867947995662689,0.17734332382678986,-0.1918407380580902,0.4868483543395996,0.1760435253381729,-0.19190065562725067,0.5244433879852295,0.1672183722257614,-0.2639918923377991,0.5082079172134399,0.1706075221300125,-0.0813414603471756,0.5001541376113892,0.23179544508457184,-0.212245911359787,0.49349910020828247,0.23282162845134735,-0.1590096652507782,0.5601593852043152,0.2771109342575073,-0.3581058084964752,0.5355167984962463,0.2970881462097168,0.10148365795612335,0.4294049143791199,0.4047122597694397,-0.42275935411453247,0.41435742378234863,0.4002215564250946,0.13310489058494568,0.29128244519233704,0.47927916049957275,-0.4219442903995514,0.28641435503959656,0.48707497119903564,0.05253191664814949,0.25828275084495544,0.5192057490348816,-0.47582095861434937,0.2591108977794647,0.5148605108261108,0.052105776965618134,0.25212204456329346,0.5173490643501282,-0.4461183547973633,0.25414377450942993,0.5196342468261719,0.005233521573245525,0.2612512707710266,0.5061579346656799,-0.41100114583969116,0.2613879442214966,0.5129866600036621,0.027118559926748276,0.6267830729484558,0.6263895630836487,-0.13430312275886536,0.6015303730964661,0.6285964250564575,0.13389264047145844,0.49612006545066833,0.4242303669452667,-0.17569679021835327,0.4701647162437439,0.43098241090774536,0.2233506143093109,0.47848543524742126,0.7358550429344177,-0.0013994522159919143,0.49074918031692505,0.6999524831771851,0.3161817193031311,0.4934963583946228,0.8053833246231079,0.016834989190101624,0.5105053782463074,0.7560368776321411,0.3251378536224365,0.4060429036617279,0.7364662885665894,0.009531736373901367,0.431221067905426,0.7531401515007019,0.3247773349285126
0.4787048399448395,0.20923283696174622,-0.18048831820487976,0.4848765730857849,0.17761553823947906,-0.20749180018901825,0.4884239137172699,0.17490704357624054,-0.2075609713792801,0.49207067489624023,0.17166084051132202,-0.2075539380311966,0.48019567131996155,0.17908157408237457,-0.16522547602653503,0.4802556037902832,0.17790035903453827,-0.16528193652629852,0.48049336671829224,0.17654618620872498,-0.16533997654914856,0.517964780330658,0.1682959496974945,-0.23945847153663635,0.5031524896621704,0.17118994891643524,-0.05114813521504402,0.4916560649871826,0.23150889575481415,-0.18660090863704681,0.485576868057251,0.2330603003501892,-0.13182158768177032,0.5533673167228699,0.276053786277771,-0.33766621351242065,0.531121015548706,0.2997315227985382,0.13392332196235657,0.42101556062698364,0.39837446808815,-0.4048187732696533,0.40419092774391174,0.40293624997138977,0.16444404423236847,0.27926698327064514,0.4660400450229645,-0.3996226191520691,0.2714774012565613,0.49770185351371765,0.08254724740982056,0.24528150260448456,0.5057612061500549,-0.45355796813964844,0.24196894466876984,0.5101702213287354,0.08477181196212769,0.23837916553020477,0.5030757784843445,-0.4224070608615875,0.23603768646717072,0.5146748423576355,0.03470518812537193,0.248782679438591,0.4919530153274536,-0.38809892535209656,0.24549296498298645,0.5086167454719543,0.05591234564781189,0.6228381395339966,0.6277296543121338,-0.13321204483509064,0.6005649566650391,0.6334008574485779,0.13275526463985443,0.4843616485595703,0.4244900941848755,-0.18075445294380188,0.4596583843231201,0.44081056118011475,0.2486037313938141,0.4748661518096924,0.7404084801673889,-0.011928701773285866,0.4947669506072998,0.7064616084098816,0.33106082677841187,0.4994100034236908,0.8097884058952332,0.0070122964680194855,0.5160155892372131,0.7558788657188416,0.3396180272102356,0.41086092591285706,0.7510541081428528,0.004237856715917587,0.4368688464164734,0.760746419429779,0.33825939893722534
0.48489975929260254,0.20683902502059937,-0.1538817584514618,0.49148687720298767,0.17580407857894897,-0.1800982654094696,0.4948224127292633,0.17367145419120789,-0.18014778196811676,0.4984017014503479,0.1712224781513214,-0.18009889125823975,0.48667511343955994,0.17671848833560944,-0.14032764732837677,0.4866947531700134,0.17550134658813477,-0.14039993286132812,0.48683255910873413,0.17425419390201569,-0.14047174155712128,0.5245099067687988,0.1693219244480133,-0.2143324911594391,0.5091969966888428,0.17079868912696838,-0.036379098892211914,0.4970892071723938,0.22931323945522308,-0.16076232492923737,0.49113187193870544,0.23064132034778595,-0.10936343669891357,0.5591585040092468,0.2763383984565735,-0.30947884917259216,0.5342375040054321,0.2963586747646332,0.13170050084590912,0.43057966232299805,0.39341241121292114,-0.3723530173301697,0.4112319350242615,0.4023396372795105,0.15993452072143555,0.2918334901332855,0.45908674597740173,-0.36289912462234497,0.2801204323768616,0.4712284207344055,0.07875417917966843,0.2563118636608124,0.4979059398174286,-0.4083649516105652,0.25082531571388245,0.5033177733421326,0.07833509147167206,0.24918167293071747,0.4944108724594116,-0.38009366393089294,0.24702687561511993,0.5051496028900146,0.03186876326799393,0.2597673237323761,0.4819941222667694,-0.35195204615592957,0.2555820345878601,0.4945964813232422,0.053317926824092865,0.6266514658927917,0.6261206865310669,-0.13125237822532654,0.6011413931846619,0.6332794427871704,0.1307838261127472,0.48850661516189575,0.4212854504585266,-0.1937534064054489,0.4624801278114319,0.43602433800697327,0.23499035835266113,0.4850492477416992,0.7338853478431702,-0.047578103840351105,0.4995694160461426,0.7057508826255798,0.2653830945491791,0.5056906938552856,0.7971827983856201,-0.035212915390729904,0.5237219333648682,0.7518925070762634,0.26820480823516846,0.41975975036621094,0.7527919411659241,-0.05765338987112045,0.44589680433273315,0.7675561904907227,0.2756553292274475
0.5091255903244019,0.20327860116958618,-0.04797237738966942,0.5161842107772827,0.17288903892040253,-0.0667063444852829,0.5204349756240845,0.1707329899072647,-0.0667574405670166,0.5249567031860352,0.16842608153820038,-0.06670380383729935,0.5104079246520996,0.17363005876541138,-0.028782878071069717,0.5100252628326416,0.17241641879081726,-0.028857503086328506,0.5096976161003113,0.17108725011348724,-0.02893376350402832,0.5502218008041382,0.16795548796653748,-0.0849824994802475,0.5313599705696106,0.16938911378383636,0.08414674550294876,0.5208771228790283,0.22757641971111298,-0.051576387137174606,0.5143128037452698,0.22828057408332825,-0.002383087296038866,0.584304928779602,0.27307769656181335,-0.20745432376861572,0.5456387400627136,0.29607608914375305,0.23346824944019318,0.46877193450927734,0.3742719888687134,-0.2931509017944336,0.43454766273498535,0.39556947350502014,0.2706451714038849,0.3338625431060791,0.43977051973342896,-0.2936016023159027,0.3074679672718048,0.46763211488723755,0.18966256082057953,0.29220345616340637,0.4837028980255127,-0.3332166075706482,0.2843833863735199,0.49086228013038635,0.19114884734153748,0.28607138991355896,0.4795100688934326,-0.31086641550064087,0.2803635597229004,0.4948212802410126,0.14876003563404083,0.29455283284187317,0.4701848030090332,-0.2842407822608948,0.2880188822746277,0.48764950037002563,0.1654224991798401,0.6410982608795166,0.6193116307258606,-0.13086074590682983,0.6087079644203186,0.6294088363647461,0.13030710816383362,0.509072482585907,0.4230789542198181,-0.22859732806682587,0.47291022539138794,0.45373445749282837,0.19902673363685608,0.4724785387516022,0.7607964277267456,-0.19793793559074402,0.48500341176986694,0.7238522171974182,0.14317789673805237,0.5010207891464233,0.8383588194847107,-0.19343432784080505,0.5007104277610779,0.782442569732666,0.13636228442192078,0.3902294635772705,0.7649347186088562,-0.2542683780193329,0.4096454679965973,0.7434324622154236,0.09448189288377762
0.555273175239563,0.19167061150074005,-0.07389393448829651,0.5639630556106567,0.1612817943096161,-0.0830400288105011,0.569160521030426,0.1591903120279312,-0.08304692804813385,0.5754855275154114,0.15696707367897034,-0.08295172452926636,0.5561597943305969,0.16298054158687592,-0.05178365111351013,0.5553351640701294,0.16223718225955963,-0.05184953287243843,0.5546655058860779,0.16147039830684662,-0.051964469254016876,0.5996720194816589,0.1615607738494873,-0.06695965677499771,0.5729264616966248,0.16355200111865997,0.07322012633085251,0.5677700042724609,0.218319833278656,-0.06743629276752472,0.5587159395217896,0.2186119556427002,-0.025893962010741234,0.6413004398345947,0.266713410615921,-0.1643543690443039,0.5666857361793518,0.290781170129776,0.197107195854187,0.5326732397079468,0.37378591299057007,-0.2742813229560852,0.467594712972641,0.3843579888343811,0.2424166202545166,0.4034041464328766,0.4334271252155304,-0.28484880924224854,0.3649495244026184,0.44273194670677185,0.10836201906204224,0.36627310514450073,0.46771401166915894,-0.3197428584098816,0.3412798345088959,0.4659711718559265,0.08490218222141266,0.35997602343559265,0.46647414565086365,-0.3079313635826111,0.34136778116226196,0.4697175621986389,0.04704032093286514,0.37056460976600647,0.4573080837726593,-0.27980464696884155,0.34967243671417236,0.4648057222366333,0.08498618006706238,0.6677272319793701,0.6140729784965515,-0.11150388419628143,0.6183843016624451,0.6217150092124939,0.11101559549570084,0.5451409816741943,0.4356427788734436,-0.32909876108169556,0.4932449460029602,0.46538713574409485,0.0003079837770201266,0.49115848541259766,0.7643061876296997,-0.42250537872314453,0.481134831905365,0.7372056841850281,-0.16668057441711426,0.5011321306228638,0.8461222052574158,-0.4300767481327057,0.49675607681274414,0.7876283526420593,-0.18555191159248352,0.39601632952690125,0.7840566039085388,-0.5302046537399292,0.4125750660896301,0.7437459230422974,-0.26838862895965576
0.6052559018135071,0.179759219288826,-0.028894176706671715,0.6155932545661926,0.14992371201515198,-0.048739321529865265,0.6218249201774597,0.14822883903980255,-0.048733361065387726,0.628256618976593,0.14671529829502106,-0.048643339425325394,0.6063865423202515,0.15145587921142578,-0.01487749069929123,0.6049443483352661,0.150960773229599,-0.014937219209969044,0.603638768196106,0.15045887231826782,-0.015048285014927387,0.6490059494972229,0.15689559280872345,-0.0064908890053629875,0.6181692481040955,0.15656974911689758,0.11634805053472519,0.61866694688797,0.20575328171253204,-0.03325716778635979,0.6070970892906189,0.20615872740745544,0.011494174599647522,0.6879007816314697,0.26067131757736206,-0.11285622417926788,0.6023095846176147,0.2861522138118744,0.23550553619861603,0.5857448577880859,0.37344008684158325,-0.25476500391960144,0.5111691355705261,0.3798178434371948,0.2543204426765442,0.46947741508483887,0.4256119132041931,-0.293282151222229,0.4179253578186035,0.44366636872291565,0.0808718279004097,0.4330061078071594,0.4539647400379181,-0.31866592168807983,0.39180615544319153,0.46000853180885315,0.05750681087374687,0.4272109866142273,0.44814208149909973,-0.32452496886253357,0.3957483172416687,0.46075406670570374,0.027162637561559677,0.43784695863723755,0.44073447585105896,-0.293647825717926,0.4046257436275482,0.4576947093009949,0.06064307689666748,0.691065788269043,0.6107478141784668,-0.11291100084781647,0.6373447179794312,0.6086885333061218,0.1124405488371849,0.5673839449882507,0.4579322338104248,-0.34817609190940857,0.5101735591888428,0.4743911325931549,-0.031348880380392075,0.497933954000473,0.7674026489257812,-0.4780280590057373,0.4816611409187317,0.7611464858055115,-0.2335524559020996,0.5055227875709534,0.8455650210380554,-0.4884924292564392,0.49376311898231506,0.820659875869751,-0.25582438707351685,0.4113054871559143,0.7695541381835938,-0.5765694975852966,0.4085637032985687,0.7535601854324341,-0.3346273899078369
0.6508331298828125,0.16993747651576996,-0.0960976630449295,0.6625493764877319,0.14232024550437927,-0.08867581188678741,0.6684935688972473,0.140811026096344,-0.08855605870485306,0.6743587851524353,0.139786958694458,-0.08844175189733505,0.6532875895500183,0.14379537105560303,-0.0778360664844513,0.6519426107406616,0.14310386776924133,-0.077980637550354,0.6506908535957336,0.1424206793308258,-0.07812757790088654,0.6928767561912537,0.15179453790187836,-0.032363660633563995,0.6637824177742004,0.1512690633535385,0.021517304703593254,0.6634440422058105,0.1944185495376587,-0.07048609852790833,0.6518057584762573,0.19524730741977692,-0.05680311843752861,0.7317282557487488,0.259389191865921,-0.11801314353942871,0.645291805267334,0.2677432894706726,0.15296021103858948,0.6373019814491272,0.37252435088157654,-0.2299363613128662,0.5637485384941101,0.3638162314891815,0.13019093871116638,0.5353020429611206,0.41968056559562683,-0.2741207480430603,0.48088303208351135,0.42573314905166626,-0.03700854629278183,0.5060044527053833,0.4404453635215759,-0.30110251903533936,0.46031707525253296,0.44483649730682373,-0.062133800238370895,0.4972924292087555,0.4328092336654663,-0.30044040083885193,0.460735946893692,0.44400256872177124,-0.0855354368686676,0.5067847967147827,0.42672762274742126,-0.27312135696411133,0.47272855043411255,0.4394693076610565,-0.0532597079873085,0.720034658908844,0.6017229557037354,-0.10660624504089355,0.6709522604942322,0.5823769569396973,0.1061902865767479,0.5873006582260132,0.4621484577655792,-0.294045627117157,0.5346006155014038,0.4574994742870331,0.002946730237454176,0.5065168142318726,0.7666240930557251,-0.40142932534217834,0.4685325026512146,0.7477338314056396,-0.16799809038639069,0.509779155254364,0.839177131652832,-0.40801483392715454,0.4788321554660797,0.8050103187561035,-0.1866668164730072,0.42480403184890747,0.7679417133331299,-0.4625784456729889,0.39959198236465454,0.7500998377799988,-0.24576158821582794
0.6942027807235718,0.1669187694787979,-0.023572154343128204,0.704941987991333,0.1411898136138916,-0.019813163205981255,0.7107990980148315,0.1398819386959076,-0.01977160945534706,0.7170928120613098,0.13899768888950348,-0.019707877188920975,0.6962751150131226,0.14244848489761353,-0.0035136877559125423,0.6948403120040894,0.14181967079639435,-0.0036206929944455624,0.693622350692749,0.14118051528930664,-0.0037412613164633512,0.7356241345405579,0.15045219659805298,0.027930935844779015,0.7067366242408752,0.1499454826116562,0.10210686922073364,0.7063859701156616,0.19196616113185883,-0.00530035188421607,0.6953513622283936,0.19269879162311554,0.016065916046500206,0.7740308046340942,0.2556842565536499,-0.07184399664402008,0.6860567331314087,0.26365917921066284,0.19603757560253143,0.6989604234695435,0.37964266538619995,-0.20191927254199982,0.611029863357544,0.36305156350135803,0.1305498629808426,0.5950839519500732,0.41372549533843994,-0.2652791738510132,0.537096381187439,0.407113641500473,-0.06367038190364838,0.5650539398193359,0.43344810605049133,-0.2922826111316681,0.5115038156509399,0.4238954782485962,-0.09754198789596558,0.5586377382278442,0.42199134826660156,-0.29087167978286743,0.5148495435714722,0.4227273762226105,-0.11484650522470474,0.5673270225524902,0.4175601005554199,-0.2637404501438141,0.5252270102500916,0.41961702704429626,-0.07858128845691681,0.7505571842193604,0.5901498198509216,-0.09609262645244598,0.703129231929779,0.5704284310340881,0.09591540694236755,0.6111894845962524,0.49283871054649353,-0.256527841091156,0.5683828592300415,0.4713292419910431,-0.0717983990907669,0.5121644139289856,0.7723301649093628,-0.3986392319202423,0.4755452573299408,0.7485126852989197,-0.2513927221298218,0.511763334274292,0.8411983847618103,-0.4111442565917969,0.47681960463523865,0.8070714473724365,-0.27053526043891907,0.4302821159362793,0.7736635804176331,-0.4740331172943115,0.40237346291542053,0.7425166368484497,-0.34199532866477966
0.7351444363594055,0.16598448157310486,-0.03294811770319939,0.7467488646507263,0.14171501994132996,-0.03164798021316528,0.7523823976516724,0.14076532423496246,-0.031627099961042404,0.7589539885520935,0.1406191736459732,-0.031576693058013916,0.7371814846992493,0.14282217621803284,-0.012515926733613014,0.7357631325721741,0.14226683974266052,-0.012609727680683136,0.7346545457839966,0.1415700912475586,-0.012732627801597118,0.7777158617973328,0.15222658216953278,0.008463360369205475,0.7468888163566589,0.15059208869934082,0.09155944734811783,0.7463523149490356,0.191925048828125,-0.017561908811330795,0.7352199554443359,0.1921296864748001,0.008355339989066124,0.8140280842781067,0.2560405433177948,-0.09231513738632202,0.7213031649589539,0.2658863961696625,0.18057295680046082,0.7606853246688843,0.38078686594963074,-0.23118185997009277,0.6483839154243469,0.36948496103286743,0.1455499827861786,0.65675288438797,0.40668007731437683,-0.3245546817779541,0.5685775279998779,0.40479332208633423,-0.0318814292550087,0.6216744780540466,0.431914359331131,-0.3541721999645233,0.5474837422370911,0.4171375334262848,-0.06507834047079086,0.615419328212738,0.4189384877681732,-0.3540380597114563,0.5471875667572021,0.4125003516674042,-0.08956176787614822,0.623191237449646,0.41303181648254395,-0.3235725462436676,0.5567765831947327,0.41063761711120605,-0.050286054611206055,0.77589350938797,0.5890045762062073,-0.09668879956007004,0.7271387577056885,0.569667398929596,0.09665467590093613,0.6374674439430237,0.5268131494522095,-0.23662300407886505,0.5955482721328735,0.49968448281288147,-0.06442490220069885,0.5196521878242493,0.7761356830596924,-0.35068976879119873,0.4812390208244324,0.7422858476638794,-0.23435935378074646,0.5164279341697693,0.8371224999427795,-0.357918381690979,0.47246116399765015,0.8103818893432617,-0.25227439403533936,0.4420902729034424,0.7584250569343567,-0.42459630966186523,0.4029912054538727,0.7163636684417725,-0.31793203949928284
0.7743006944656372,0.18102823197841644,0.016158297657966614,0.7842965722084045,0.16045816242694855,0.02069917693734169,0.7897082567214966,0.16095329821109772,0.02070346660912037,0.7963256239891052,0.1613347828388214,0.02069493941962719,0.7749508023262024,0.1604277789592743,0.03951612114906311,0.7735450267791748,0.1606200933456421,0.03946862369775772,0.7719094157218933,0.16072821617126465,0.03936740383505821,0.814750075340271,0.17094580829143524,0.0643523558974266,0.7818030714988708,0.166730135679245,0.14930903911590576,0.7850328683853149,0.20948731899261475,0.031817492097616196,0.7735007405281067,0.20914830267429352,0.05660300329327583,0.8532379865646362,0.274125337600708,-0.029602166265249252,0.7585899829864502,0.2796672284603119,0.22246506810188293,0.812789261341095,0.39799636602401733,-0.1547846496105194,0.6923109292984009,0.384323388338089,0.13947485387325287,0.7119513154029846,0.4022168517112732,-0.2394748032093048,0.6197068095207214,0.4007568657398224,-0.07890800386667252,0.6847144961357117,0.4212694764137268,-0.26725518703460693,0.6052992343902588,0.40738242864608765,-0.1231253370642662,0.6781489253044128,0.41007304191589355,-0.2711399793624878,0.6068221926689148,0.40157055854797363,-0.13784563541412354,0.6856454014778137,0.404842346906662,-0.23876264691352844,0.613358736038208,0.4019719362258911,-0.09492045640945435,0.7975206971168518,0.5861820578575134,-0.09400930255651474,0.7464779615402222,0.5611649751663208,0.09411340206861496,0.6524576544761658,0.5586696267127991,-0.22446680068969727,0.6163980960845947,0.5299578905105591,-0.06766579300165176,0.5194573402404785,0.7868365049362183,-0.3825925588607788,0.4878694415092468,0.747454047203064,-0.25712674856185913,0.516202986240387,0.8481822609901428,-0.39800649881362915,0.4739155173301697,0.7987642884254456,-0.27733922004699707,0.43768781423568726,0.7492341995239258,-0.49153241515159607,0.4073305130004883,0.7165143489837646,-0.3452035188674927
0.7968164682388306,0.21074630320072174,0.0765594094991684,0.8054877519607544,0.18863657116889954,0.08226795494556427,0.8101159930229187,0.18663422763347626,0.08222730457782745,0.8160197138786316,0.18452467024326324,0.08211765438318253,0.7967836260795593,0.19026952981948853,0.10359977185726166,0.7950290441513062,0.1904439926147461,0.10360709577798843,0.7936351895332336,0.1908484548330307,0.10352511703968048,0.8364356160163879,0.19018234312534332,0.12522760033607483,0.8044558763504028,0.19474084675312042,0.22513934969902039,0.8071677088737488,0.22958967089653015,0.09137989580631256,0.7968799471855164,0.23294444382190704,0.1205802783370018,0.8793950080871582,0.29270511865615845,0.055254578590393066,0.7829915285110474,0.3004244863986969,0.2728525996208191,0.8602308034896851,0.4473722279071808,-0.021711846813559532,0.7212115526199341,0.41734838485717773,0.2247435748577118,0.7669092416763306,0.4027988910675049,-0.07040886580944061,0.6643850803375244,0.40268102288246155,-0.00567778293043375,0.741008460521698,0.41540268063545227,-0.09277616441249847,0.6462653279304504,0.4068608582019806,-0.05739321559667587,0.7390099763870239,0.39896464347839355,-0.09788049757480621,0.6455212831497192,0.4001432955265045,-0.07568954676389694,0.7464568018913269,0.39792579412460327,-0.06973031908273697,0.6551151871681213,0.40194520354270935,-0.02456282451748848,0.8058925867080688,0.5703245997428894,-0.0842621847987175,0.7507615089416504,0.5393907427787781,0.08440587669610977,0.6727268695831299,0.6122773289680481,-0.23856493830680847,0.6232185363769531,0.5676916837692261,-0.07507585734128952,0.5174688696861267,0.792906641960144,-0.4340619146823883,0.4880979061126709,0.7508763074874878,-0.27977412939071655,0.5054243803024292,0.8564224243164062,-0.4502142369747162,0.47260943055152893,0.808810830116272,-0.30244332551956177,0.43617963790893555,0.7566985487937927,-0.5417974591255188,0.40247026085853577,0.7160448431968689,-0.37593209743499756
0.8142369985580444,0.22506223618984222,0.10375998914241791,0.8228740692138672,0.20423798263072968,0.10824604332447052,0.8284317851066589,0.20353858172893524,0.10816427320241928,0.8345741033554077,0.20223847031593323,0.10801547765731812,0.8134520649909973,0.2051914483308792,0.1313440501689911,0.8111359477043152,0.20551294088363647,0.13138079643249512,0.8091147541999817,0.20644457638263702,0.13130271434783936,0.8566828966140747,0.21295250952243805,0.14359311759471893,0.8194600343704224,0.21766658127307892,0.25292766094207764,0.8255793452262878,0.24730713665485382,0.115789033472538,0.8140016794204712,0.25006911158561707,0.14773280918598175,0.9000713229179382,0.31308281421661377,0.08551635593175888,0.7978983521461487,0.3240083158016205,0.28761500120162964,0.9085699319839478,0.47910672426223755,-0.018577788025140762,0.7589517831802368,0.45208027958869934,0.2787589728832245,0.817685604095459,0.4048868417739868,-0.10020363330841064,0.7188714742660522,0.42256495356559753,0.11291243135929108,0.7912613749504089,0.4075506329536438,-0.12610724568367004,0.7019137144088745,0.41413408517837524,0.07353141903877258,0.7905930876731873,0.3929106295108795,-0.1196594387292862,0.6998296976089478,0.4022667407989502,0.05239378660917282,0.7959412336349487,0.3949299156665802,-0.0955323725938797,0.7069827318191528,0.4049365520477295,0.09540767967700958,0.8134120106697083,0.5708680748939514,-0.0822092667222023,0.7532340288162231,0.5423797369003296,0.0824199989438057,0.6803604364395142,0.6150833964347839,-0.27683860063552856,0.6316449046134949,0.5856496095657349,-0.10537586361169815,0.5138025283813477,0.7900701761245728,-0.4882369935512543,0.48559269309043884,0.7543641924858093,-0.34139156341552734,0.49494248628616333,0.8551414608955383,-0.506196141242981,0.46684759855270386,0.8240412473678589,-0.36785733699798584,0.42556363344192505,0.7311555743217468,-0.592848539352417,0.3975786566734314,0.7090364098548889,-0.44546350836753845
0.8250167965888977,0.24223558604717255,0.1130002960562706,0.8349575996398926,0.22245186567306519,0.12330280244350433,0.840361475944519,0.2218274623155594,0.1232660636305809,0.8466607332229614,0.22174161672592163,0.12311868369579315,0.8237099647521973,0.2227952927350998,0.1442672163248062,0.8213728666305542,0.22303582727909088,0.14430272579193115,0.8192471265792847,0.22361083328723907,0.14426535367965698,0.8654676675796509,0.2343536764383316,0.18103046715259552,0.8265102505683899,0.23411650955677032,0.27993252873420715,0.8361126184463501,0.2641362249851227,0.1317133903503418,0.8235119581222534,0.26397621631622314,0.16098551452159882,0.9033768773078918,0.34513741731643677,0.14093883335590363,0.805359959602356,0.3389189839363098,0.31546759605407715,0.9475315809249878,0.4903262257575989,0.014440628699958324,0.7653858661651611,0.4679068624973297,0.28569015860557556,0.8722184896469116,0.4343860149383545,-0.07698771357536316,0.7454437017440796,0.4259735643863678,0.11530329287052155,0.8459409475326538,0.43178972601890564,-0.1013404130935669,0.741163969039917,0.41810333728790283,0.07419422268867493,0.8410120010375977,0.4141472578048706,-0.08819281309843063,0.7446245551109314,0.40523049235343933,0.06719668954610825,0.8479945063591003,0.41731008887290955,-0.07031671702861786,0.7471027374267578,0.4099913239479065,0.10462699830532074,0.8097996711730957,0.5695172548294067,-0.07871417701244354,0.7517890930175781,0.5424538850784302,0.07884631305932999,0.6769126057624817,0.6417184472084045,-0.27187579870224,0.6382596492767334,0.6045835018157959,-0.11602228879928589,0.5095021724700928,0.7944040298461914,-0.47830480337142944,0.49032339453697205,0.7617675065994263,-0.3372859060764313,0.48941341042518616,0.8562463521957397,-0.4963977336883545,0.47473961114883423,0.8310792446136475,-0.36213231086730957,0.4217577576637268,0.7350590229034424,-0.5840804576873779,0.40619325637817383,0.7080382108688354,-0.44145268201828003
0.8280010223388672,0.24280717968940735,0.11293947696685791,0.8384872674942017,0.22379936277866364,0.12508632242679596,0.8436511754989624,0.22381028532981873,0.1250656098127365,0.8495737910270691,0.22415165603160858,0.12492458522319794,0.826943576335907,0.22383412718772888,0.14490589499473572,0.8246227502822876,0.22406794130802155,0.14491167664527893,0.822489857673645,0.22432316839694977,0.14485356211662292,0.8682509660720825,0.2356787770986557,0.19004055857658386,0.8296699523925781,0.23405495285987854,0.2839234173297882,0.8396337628364563,0.26445913314819336,0.13417162001132965,0.8269630670547485,0.26433995366096497,0.16189321875572205,0.9019982218742371,0.3426487147808075,0.1539292335510254,0.8118135333061218,0.33425411581993103,0.31342142820358276,0.9584214091300964,0.4737344980239868,0.02120632864534855,0.7725420594215393,0.4555875062942505,0.30385345220565796,0.8959972262382507,0.43359366059303284,-0.0769086480140686,0.7572460174560547,0.42489591240882874,0.1696501523256302,0.8767905235290527,0.4299655556678772,-0.10160237550735474,0.7525347471237183,0.417682021856308,0.13344822824001312,0.8721786737442017,0.40998950600624084,-0.09250260889530182,0.7551679015159607,0.40802204608917236,0.126255601644516,0.8748753666877747,0.4148939251899719,-0.07287260890007019,0.7594213485717773,0.4138064384460449,0.1604711264371872,0.8107641339302063,0.5697441101074219,-0.07332620024681091,0.7552794814109802,0.5414820909500122,0.07339456677436829,0.6802424192428589,0.638109564781189,-0.25123509764671326,0.6455753445625305,0.5987869501113892,-0.11203338205814362,0.5109907388687134,0.7938913702964783,-0.4644492566585541,0.4942854046821594,0.7586459517478943,-0.32500019669532776,0.4914356768131256,0.8558140397071838,-0.48459330201148987,0.47700968384742737,0.8208097815513611,-0.34916478395462036,0.43185845017433167,0.7458234429359436,-0.566702663898468,0.4147617220878601,0.7040282487869263,-0.42568936944007874
0.8266077041625977,0.23992012441158295,0.11503954231739044,0.8373993039131165,0.2201647013425827,0.1286766231060028,0.8427942991256714,0.22019846737384796,0.12865087389945984,0.848647952079773,0.22028355300426483,0.12849438190460205,0.8261149525642395,0.22038139402866364,0.14792728424072266,0.8238891363143921,0.22057142853736877,0.14796462655067444,0.8216656446456909,0.2208380401134491,0.14794406294822693,0.8674634099006653,0.23180590569972992,0.1984136402606964,0.8294298052787781,0.23053239285945892,0.2881614565849304,0.8376958966255188,0.26186037063598633,0.13743366301059723,0.8256424069404602,0.2618233263492584,0.1642627716064453,0.9036399722099304,0.33849287033081055,0.1554601490497589,0.8103720545768738,0.3332633972167969,0.32473939657211304,0.9620548486709595,0.45652008056640625,0.04412330314517021,0.7731186151504517,0.4597054421901703,0.32073086500167847,0.8855789303779602,0.43852123618125916,-0.03372461348772049,0.7560352087020874,0.4311355948448181,0.2267601191997528,0.8630426526069641,0.4359467923641205,-0.05769761651754379,0.749990701675415,0.42662107944488525,0.21614785492420197,0.8559132814407349,0.419309139251709,-0.04829750582575798,0.7532538175582886,0.41532790660858154,0.18142199516296387,0.8624844551086426,0.42254260182380676,-0.02838500775396824,0.7574402093887329,0.4220553934574127,0.20832261443138123,0.8144709467887878,0.5638371109962463,-0.07383468747138977,0.7598100900650024,0.5381955504417419,0.07389209419488907,0.6810915470123291,0.6400929093360901,-0.2509923279285431,0.6465872526168823,0.5971852540969849,-0.10823990404605865,0.5116628408432007,0.7938973903656006,-0.46996450424194336,0.49863117933273315,0.7562204003334045,-0.31944602727890015,0.4918295443058014,0.8556727170944214,-0.4882326126098633,0.4818193316459656,0.8208526372909546,-0.3425522446632385,0.4288733899593353,0.7352976202964783,-0.5698305368423462,0.4151962399482727,0.7032634615898132,-0.4126645624637604
0.8251355886459351,0.23726622760295868,0.10562629997730255,0.835644543170929,0.21649934351444244,0.11954616010189056,0.8409698605537415,0.21712705492973328,0.11950613558292389,0.8467932939529419,0.21693600714206696,0.1193595677614212,0.8243070840835571,0.217674121260643,0.14012572169303894,0.8223869204521179,0.21810562908649445,0.14015638828277588,0.8196689486503601,0.21833430230617523,0.14015184342861176,0.8663839101791382,0.22799573838710785,0.18585076928138733,0.8277735710144043,0.22925201058387756,0.28224891424179077,0.8366708755493164,0.25919094681739807,0.1264955699443817,0.8243853449821472,0.2609003186225891,0.1552981734275818,0.9039885401725769,0.3366522192955017,0.1392587572336197,0.8079344034194946,0.33273670077323914,0.31919747591018677,0.955675482749939,0.46224474906921387,0.026233796030282974,0.7675055861473083,0.46203184127807617,0.27838754653930664,0.8773349523544312,0.45085325837135315,-0.05728621408343315,0.7473379373550415,0.44201570749282837,0.06518806517124176,0.8492172956466675,0.4587250053882599,-0.08511923253536224,0.7403121590614319,0.4424625039100647,0.015984635800123215,0.8404114842414856,0.4384916126728058,-0.07652868330478668,0.7430131435394287,0.4322086274623871,0.007576910313218832,0.8479008674621582,0.4363713562488556,-0.05233847349882126,0.7466967701911926,0.4352239966392517,0.05349646881222725,0.8149229884147644,0.5647711157798767,-0.07585255801677704,0.7595810294151306,0.5396233797073364,0.07596568763256073,0.6848403215408325,0.6376355290412903,-0.2603664696216583,0.6457263231277466,0.5894720554351807,-0.10031142085790634,0.5126034021377563,0.793392539024353,-0.4715842306613922,0.5006867051124573,0.7518870234489441,-0.32122981548309326,0.49489888548851013,0.8555945754051208,-0.48951515555381775,0.4864285886287689,0.8216514587402344,-0.3455756902694702,0.4278453290462494,0.7339074015617371,-0.5760236978530884,0.41723746061325073,0.7035203576087952,-0.41852110624313354
0.8165799379348755,0.23030495643615723,0.0744362324476242,0.8248746991157532,0.20884603261947632,0.07918217778205872,0.8309882283210754,0.20867308974266052,0.07912077754735947,0.8367164731025696,0.2070237547159195,0.07897991687059402,0.8140128254890442,0.20978285372257233,0.10181774199008942,0.8107575178146362,0.2097593992948532,0.10184545814990997,0.8080066442489624,0.21046581864356995,0.10182322561740875,0.8556377291679382,0.21291732788085938,0.11874788999557495,0.8171623945236206,0.22350426018238068,0.22698192298412323,0.8289892077445984,0.25245943665504456,0.08833421766757965,0.8160578012466431,0.25769689679145813,0.12025992572307587,0.9030952453613281,0.3268090784549713,0.0787510871887207,0.8003077507019043,0.3323236405849457,0.26980817317962646,0.9281588792800903,0.47879862785339355,-0.008006226271390915,0.7573884725570679,0.4593620002269745,0.2522737383842468,0.8373818397521973,0.45455339550971985,-0.08705734461545944,0.722763180732727,0.4436485171318054,0.06034229323267937,0.8090847730636597,0.46964526176452637,-0.11532376706600189,0.709540605545044,0.4458296597003937,0.015387972816824913,0.8011032342910767,0.44943299889564514,-0.11132834851741791,0.7109313607215881,0.4348287284374237,0.0033466597087681293,0.8083871603012085,0.4455770254135132,-0.08314740657806396,0.7169698476791382,0.43589553236961365,0.047957468777894974,0.8120568990707397,0.5725638270378113,-0.07818697392940521,0.7537232041358948,0.5436434745788574,0.07841689884662628,0.6874647736549377,0.6341781616210938,-0.2926636040210724,0.64476478099823,0.5808960795402527,-0.11277961730957031,0.5137467980384827,0.789640486240387,-0.5055331587791443,0.49584445357322693,0.7527011632919312,-0.3515128493309021,0.49674171209335327,0.8536129593849182,-0.5242025852203369,0.4844319820404053,0.8232335448265076,-0.37865784764289856,0.42485809326171875,0.7315524816513062,-0.6116083860397339,0.41374439001083374,0.7066220045089722,-0.453303724527359
0.8031982183456421,0.2173398733139038,0.04909110069274902,0.8121366500854492,0.19729769229888916,0.0540761835873127,0.8179195523262024,0.19648197293281555,0.05400724336504936,0.8239520788192749,0.1945890486240387,0.05389249324798584,0.8014734983444214,0.19684229791164398,0.07404603064060211,0.7986456155776978,0.19632142782211304,0.0740484744310379,0.7965192794799805,0.19658717513084412,0.07398997247219086,0.8417178988456726,0.19667205214500427,0.09516888856887817,0.8054280281066895,0.2074083685874939,0.1910998821258545,0.8148635625839233,0.2404787242412567,0.06376340985298157,0.8028920888900757,0.24192564189434052,0.09212461113929749,0.8920662999153137,0.31102293729782104,0.05613355711102486,0.7849494814872742,0.3257105052471161,0.23581723868846893,0.8960307836532593,0.48091936111450195,-0.027884528040885925,0.7409964799880981,0.4505852460861206,0.22174367308616638,0.8040081858634949,0.4676066040992737,-0.11486570537090302,0.6941158771514893,0.45225435495376587,0.028832172974944115,0.7729207277297974,0.4893293082714081,-0.1453085094690323,0.6758800148963928,0.4616346061229706,-0.016505766659975052,0.7678385376930237,0.46666276454925537,-0.14384374022483826,0.6772032976150513,0.448538601398468,-0.04220416396856308,0.7726307511329651,0.46109822392463684,-0.11197002232074738,0.6845524907112122,0.4473400413990021,0.010341599583625793,0.8083618879318237,0.5787457227706909,-0.07793815433979034,0.7477890253067017,0.5474334955215454,0.07818558812141418,0.686985433101654,0.6329946517944336,-0.2959306538105011,0.6358317732810974,0.5735570192337036,-0.10870442539453506,0.5142054557800293,0.7888239622116089,-0.4841058850288391,0.49194779992103577,0.7530110478401184,-0.33798035979270935,0.4984191060066223,0.8527570962905884,-0.5014109015464783,0.4769507944583893,0.8241111040115356,-0.3633943498134613,0.4282839894294739,0.7629668116569519,-0.5929921865463257,0.4062490463256836,0.7084440588951111,-0.4358108639717102
0.7872688174247742,0.20222964882850647,-0.003183596534654498,0.7976389527320862,0.17975148558616638,0.0018863169243559241,0.8030853271484375,0.17878791689872742,0.0018488498171791434,0.8087632060050964,0.17707818746566772,0.0017854340840131044,0.7874405980110168,0.18106535077095032,0.019707469269633293,0.7847820520401001,0.18116088211536407,0.019690776243805885,0.7821725010871887,0.18148858845233917,0.019632063806056976,0.8288863301277161,0.18412558734416962,0.046279486268758774,0.7923029065132141,0.19080403447151184,0.13067258894443512,0.7987783551216125,0.22548696398735046,0.013442903757095337,0.7871724367141724,0.22361016273498535,0.03828373923897743,0.8741742372512817,0.295945942401886,-0.007412136998027563,0.7716076970100403,0.31461527943611145,0.19451190531253815,0.8668748736381531,0.47333455085754395,-0.08610008656978607,0.7129337787628174,0.4340009391307831,0.1755741685628891,0.7624229788780212,0.48280271887779236,-0.1642809361219406,0.6560259461402893,0.4579721689224243,-0.010076926089823246,0.732736349105835,0.5107138156890869,-0.19525374472141266,0.6380248069763184,0.47539523243904114,-0.05423175171017647,0.724463939666748,0.4942109286785126,-0.2013789862394333,0.6384516954421997,0.4644617438316345,-0.07940927892923355,0.7312021851539612,0.4847985506057739,-0.1652216911315918,0.6475784778594971,0.45998984575271606,-0.02882685326039791,0.8085446357727051,0.579043984413147,-0.0790114775300026,0.7481133341789246,0.5478174686431885,0.07927647978067398,0.6854979395866394,0.6287758350372314,-0.2562761604785919,0.6304526925086975,0.5752795338630676,-0.09645219147205353,0.5144084692001343,0.7904823422431946,-0.41614753007888794,0.4901410639286041,0.755344033241272,-0.29440194368362427,0.5003677010536194,0.8584179282188416,-0.43051856756210327,0.4712314009666443,0.8226808905601501,-0.3167770504951477,0.4323444366455078,0.7712165117263794,-0.5243391394615173,0.4035050868988037,0.7158209085464478,-0.3922123908996582
0.7730153203010559,0.18766382336616516,-0.04290233924984932,0.7838865518569946,0.16576027870178223,-0.03830398619174957,0.788732647895813,0.16442102193832397,-0.0383540540933609,0.7944263219833374,0.16340620815753937,-0.03838629648089409,0.7739775776863098,0.1671680063009262,-0.02023313008248806,0.7719738483428955,0.16744858026504517,-0.020282357931137085,0.7702438235282898,0.16753357648849487,-0.020343519747257233,0.8132635951042175,0.17074370384216309,0.0004344017361290753,0.7807518839836121,0.1758708953857422,0.08252975344657898,0.7830551266670227,0.2117060124874115,-0.02874196507036686,0.7728965282440186,0.21245437860488892,-0.004590549971908331,0.8553407788276672,0.28673332929611206,-0.08049614727497101,0.7580494284629822,0.3077249526977539,0.16910699009895325,0.8309075236320496,0.45652297139167786,-0.16986218094825745,0.6916439533233643,0.42062488198280334,0.12078394740819931,0.7280706763267517,0.48925068974494934,-0.23146860301494598,0.6282819509506226,0.45874467492103577,-0.08506345003843307,0.694844663143158,0.5191981196403503,-0.2609817683696747,0.6123433113098145,0.47990337014198303,-0.12646733224391937,0.6900672912597656,0.5045740008354187,-0.2665306627750397,0.6138985753059387,0.4689944386482239,-0.1471407115459442,0.6957688331604004,0.4953543245792389,-0.23179078102111816,0.6212749481201172,0.46529650688171387,-0.10275059938430786,0.8063830137252808,0.5843992233276367,-0.08675111830234528,0.7486615777015686,0.5572222471237183,0.08708417415618896,0.6743442416191101,0.5961474180221558,-0.26160696148872375,0.629856526851654,0.5663659572601318,-0.11003343015909195,0.5138875246047974,0.7820303440093994,-0.4177212715148926,0.4940086007118225,0.7520039081573486,-0.30453670024871826,0.5024483799934387,0.8503576517105103,-0.4316699504852295,0.4753618836402893,0.8039184808731079,-0.32675570249557495,0.4261809289455414,0.7429257035255432,-0.5299077033996582,0.4114137291908264,0.7127549648284912,-0.40499868988990784
0.7518759965896606,0.17264148592948914,-0.051811300218105316,0.7626920938491821,0.15249180793762207,-0.04757191985845566,0.7671012282371521,0.15194839239120483,-0.04761155694723129,0.7725010514259338,0.1514611691236496,-0.04760906845331192,0.7537039518356323,0.15313783288002014,-0.028494764119386673,0.7521082162857056,0.1532897651195526,-0.028578106313943863,0.750704824924469,0.15362058579921722,-0.02867080643773079,0.791968822479248,0.16211871802806854,-0.013554203324019909,0.7629523873329163,0.16370059549808502,0.0714707002043724,0.7625852227210999,0.19870200753211975,-0.0404488742351532,0.7534568309783936,0.20165306329727173,-0.015492616221308708,0.8397012948989868,0.2827445864677429,-0.10354514420032501,0.7371822595596313,0.3069142997264862,0.159827321767807,0.8055269122123718,0.4463305175304413,-0.2084433138370514,0.6642809510231018,0.417672723531723,0.13145700097084045,0.6989917755126953,0.4959675371646881,-0.27598652243614197,0.6007360219955444,0.4581974744796753,-0.05406556278467178,0.6703303456306458,0.5257802605628967,-0.3058948218822479,0.5830798745155334,0.4816446602344513,-0.09264153242111206,0.6642953157424927,0.5112678408622742,-0.31084972620010376,0.5840747356414795,0.47596386075019836,-0.11511192470788956,0.672265887260437,0.5026702284812927,-0.2762518525123596,0.5931423902511597,0.4702909588813782,-0.07176302373409271,0.7980379462242126,0.5954962968826294,-0.09048737585544586,0.7436407804489136,0.5731765627861023,0.09075349569320679,0.6621919870376587,0.5736895203590393,-0.2475518435239792,0.6149305701255798,0.558350682258606,-0.09748049825429916,0.5182687044143677,0.780757486820221,-0.368327796459198,0.49171480536460876,0.7523817420005798,-0.2661386728286743,0.5090280771255493,0.8487767577171326,-0.37966445088386536,0.47842517495155334,0.7985396385192871,-0.2852230370044708,0.4411996006965637,0.74657142162323,-0.47253531217575073,0.4130176901817322,0.7085432410240173,-0.36265504360198975
0.7301616668701172,0.16628733277320862,-0.0521848127245903,0.7406583428382874,0.14493444561958313,-0.04871949180960655,0.7458032965660095,0.1442452073097229,-0.04872826859354973,0.7510363459587097,0.14387165009975433,-0.048717088997364044,0.7317505478858948,0.14625628292560577,-0.029862206429243088,0.7301117181777954,0.1464184820652008,-0.029933258891105652,0.7286385297775269,0.14675655961036682,-0.030006762593984604,0.7713879346847534,0.15578818321228027,-0.011227183975279331,0.7418932914733887,0.156280979514122,0.07256713509559631,0.7413961887359619,0.19164809584617615,-0.03854093700647354,0.7324780225753784,0.19493497908115387,-0.014136736281216145,0.8202718496322632,0.2750225365161896,-0.10571563243865967,0.7224584817886353,0.2955813407897949,0.16534847021102905,0.7729207277297974,0.4294741749763489,-0.21309074759483337,0.6470321416854858,0.4073706865310669,0.12149794399738312,0.66437828540802,0.5058583617210388,-0.2642015218734741,0.577629566192627,0.458035409450531,-0.07551516592502594,0.6339477300643921,0.538489043712616,-0.29433733224868774,0.5582785606384277,0.4812871813774109,-0.11421767622232437,0.6273717284202576,0.5226296186447144,-0.2969169020652771,0.5603238344192505,0.47592693567276,-0.13614468276500702,0.630709171295166,0.5128767490386963,-0.2632508873939514,0.5687459707260132,0.47143372893333435,-0.09299103915691376,0.7916401624679565,0.5934756398200989,-0.09119818359613419,0.7412445545196533,0.5700518488883972,0.09142964333295822,0.6512548923492432,0.5599308013916016,-0.2233467400074005,0.6049988865852356,0.5312492251396179,-0.09810154139995575,0.5192750692367554,0.7752439975738525,-0.35086920857429504,0.48848986625671387,0.7470227479934692,-0.25497788190841675,0.5103999376296997,0.844321608543396,-0.3622002601623535,0.4750954210758209,0.8016943335533142,-0.2673294246196747,0.44267183542251587,0.7650652527809143,-0.4527460038661957,0.40724071860313416,0.7114088535308838,-0.353685587644577
0.7064390182495117,0.16420458257198334,-0.05519172549247742,0.7166171669960022,0.1419205516576767,-0.0500977523624897,0.7220532894134521,0.14101409912109375,-0.050124116241931915,0.7276265621185303,0.14044469594955444,-0.05016309767961502,0.7076321840286255,0.14341427385807037,-0.03209719434380531,0.7060824036598206,0.14354538917541504,-0.0321233756840229,0.7046621441841125,0.14374493062496185,-0.032190900295972824,0.748844563961029,0.151841402053833,-0.009308351203799248,0.7175320386886597,0.1519995927810669,0.07178722321987152,0.7181541323661804,0.19020934402942657,-0.040637947618961334,0.7088946104049683,0.19287581741809845,-0.016822567209601402,0.7961355447769165,0.268442839384079,-0.09731850773096085,0.6996502876281738,0.28871849179267883,0.1656729280948639,0.7430611848831177,0.418903648853302,-0.20649436116218567,0.6227739453315735,0.4014151692390442,0.13187699019908905,0.6353663206100464,0.5097038149833679,-0.26310276985168457,0.5528097748756409,0.4577869474887848,-0.04317956045269966,0.6089581251144409,0.5441681146621704,-0.29459938406944275,0.5328748822212219,0.48080968856811523,-0.07514506578445435,0.5998002290725708,0.5281187295913696,-0.29960209131240845,0.5356181263923645,0.4767245948314667,-0.10088914632797241,0.6035172939300537,0.5164704918861389,-0.26297903060913086,0.5438863039016724,0.47224265336990356,-0.06121405214071274,0.7788450121879578,0.5890350341796875,-0.09153397381305695,0.726260781288147,0.5690187811851501,0.09176751226186752,0.6448958516120911,0.5556434392929077,-0.2523430585861206,0.59088534116745,0.5098333358764648,-0.12874066829681396,0.5182230472564697,0.7669689655303955,-0.3927531838417053,0.4856920838356018,0.7458311319351196,-0.3185383975505829,0.5110701322555542,0.8394994139671326,-0.40436381101608276,0.4741272032260895,0.8108901977539062,-0.3383139371871948,0.4409603476524353,0.7697882652282715,-0.4902053475379944,0.40802592039108276,0.7202314734458923,-0.4229273796081543
0.6815723776817322,0.16099028289318085,-0.020044121891260147,0.6921418905258179,0.13816741108894348,-0.017673760652542114,0.6970975399017334,0.13729028403759003,-0.017641481012105942,0.7022006511688232,0.13685022294521332,-0.01758009009063244,0.6841408014297485,0.1393829733133316,0.0029811582062393427,0.6829425096511841,0.1393895298242569,0.002893407130613923,0.6819602251052856,0.1394222527742386,0.002785826101899147,0.7237405180931091,0.1478741466999054,0.01354661863297224,0.6960312128067017,0.14759935438632965,0.10495825856924057,0.693264365196228,0.1868615448474884,-0.009532321244478226,0.6850389242172241,0.1893913894891739,0.01724386401474476,0.771854043006897,0.2656031847000122,-0.0887332409620285,0.6815223693847656,0.28549325466156006,0.20084595680236816,0.706145703792572,0.4172683656215668,-0.19868724048137665,0.5971167683601379,0.39947155117988586,0.21508753299713135,0.6035100221633911,0.5117070078849792,-0.2527027726173401,0.5234345197677612,0.4587278664112091,0.08851791173219681,0.5781877636909485,0.542474091053009,-0.2784350514411926,0.5038000345230103,0.4834710955619812,0.06678388267755508,0.5690427422523499,0.5279803276062012,-0.2796197533607483,0.5048377513885498,0.48259925842285156,0.04041716456413269,0.5751824378967285,0.5160164833068848,-0.2523495554924011,0.513935923576355,0.47736290097236633,0.07175669819116592,0.7617699503898621,0.588873565196991,-0.09501728415489197,0.7106698155403137,0.5689733028411865,0.09499919414520264,0.6254963874816895,0.514654278755188,-0.2640939950942993,0.5739191174507141,0.4871472120285034,-0.08984650671482086,0.5148903727531433,0.7629702091217041,-0.3883792757987976,0.4822137951850891,0.7513558864593506,-0.2704227566719055,0.510745108127594,0.8346290588378906,-0.3983458876609802,0.4759765565395355,0.8157694339752197,-0.2900124788284302,0.4398874342441559,0.7690502405166626,-0.4758021831512451,0.40939515829086304,0.7335392236709595,-0.36710700392723083
0.657023549079895,0.1566726714372635,-0.018877224996685982,0.6672592759132385,0.13152773678302765,-0.018510492518544197,0.6723407506942749,0.13059784471988678,-0.018429068848490715,0.6775992512702942,0.12980467081069946,-0.01828126795589924,0.6594876646995544,0.13262225687503815,0.003652682062238455,0.658197283744812,0.1324763149023056,0.003535951254889369,0.6570833325386047,0.13227742910385132,0.003389254678040743,0.7002025842666626,0.1416468620300293,0.009008971974253654,0.6706875562667847,0.14177803695201874,0.10828374326229095,0.6692529916763306,0.18035829067230225,-0.008495626971125603,0.6595340371131897,0.1820775419473648,0.02060185931622982,0.7476996779441833,0.26488155126571655,-0.08676033467054367,0.6560828685760498,0.28400126099586487,0.21616962552070618,0.6696888208389282,0.41169846057891846,-0.17184627056121826,0.5687618851661682,0.39866477251052856,0.20222949981689453,0.5705888271331787,0.5010843276977539,-0.21101562678813934,0.4931429922580719,0.4630512297153473,0.08108492195606232,0.5447328686714172,0.5382254123687744,-0.23630240559577942,0.4734957218170166,0.49179044365882874,0.06387362629175186,0.5355821251869202,0.5265073776245117,-0.2359178513288498,0.4730373024940491,0.49235641956329346,0.03927529230713844,0.544098436832428,0.5136003494262695,-0.20946530997753143,0.4813917577266693,0.4852571189403534,0.065505251288414,0.7411734461784363,0.5908135175704956,-0.09892012178897858,0.6898906826972961,0.5750246047973633,0.09873335063457489,0.6099055409431458,0.49250590801239014,-0.3043898940086365,0.5619610548019409,0.46419376134872437,-0.0824984684586525,0.5099206566810608,0.7577463984489441,-0.45072752237319946,0.4815824627876282,0.7459235191345215,-0.26191166043281555,0.5100198984146118,0.8315474390983582,-0.4659174382686615,0.4795680642127991,0.8170400857925415,-0.2811654806137085,0.4292033314704895,0.7683655619621277,-0.5547769069671631,0.4105222821235657,0.7328698039054871,-0.3598436713218689
